case,kind,offset,length,outcome,returncode,phase
0,bit_flip,1799973,1,caught,1,decode
1,random_bytes,3916668,11,caught,1,decode
2,zeroed_run,2960149,2888,caught,1,decode
3,truncation,797310,4747676,caught,1,decode
4,header,489,1,caught,1,decode
5,payload,3723968,1,caught,1,decode
6,bit_flip,2178019,1,caught,1,decode
7,random_bytes,2488917,16,caught,1,decode
8,zeroed_run,1108660,3387,caught,1,decode
9,truncation,1477493,4067493,caught,1,decode
10,header,651,1,caught,1,decode
11,payload,4315589,1,caught,1,decode
12,bit_flip,2678082,1,caught,1,decode
13,random_bytes,20974,2,caught,1,decode
14,zeroed_run,4160648,374,caught,1,decode
15,truncation,3872128,1672858,caught,1,decode
16,header,523,1,caught,1,decode
17,payload,2836434,1,caught,1,decode
18,bit_flip,2347822,1,caught,1,decode
19,random_bytes,807929,4,caught,1,decode
20,zeroed_run,450971,151,caught,1,decode
21,truncation,4593183,951803,caught,1,decode
22,header,179,1,caught,1,decode
23,payload,975472,1,caught,1,decode
24,bit_flip,4796126,1,caught,1,decode
25,random_bytes,1571195,15,caught,1,decode
26,zeroed_run,370590,1656,caught,1,decode
27,truncation,1197826,4347160,caught,1,decode
28,header,440,1,caught,1,decode
29,payload,5249325,1,caught,1,decode
30,bit_flip,3345713,1,caught,1,decode
31,random_bytes,1433262,12,caught,1,decode
32,zeroed_run,21626,1080,caught,1,decode
33,truncation,976874,4568112,caught,1,decode
34,header,818,1,caught,1,decode
35,payload,2069651,1,caught,1,decode
36,bit_flip,3960404,1,caught,1,decode
37,random_bytes,4550508,9,caught,1,decode
38,zeroed_run,4400719,1998,caught,1,decode
39,truncation,2612725,2932261,caught,1,decode
40,header,829,1,caught,1,decode
41,payload,2161350,1,caught,1,decode
42,bit_flip,2327892,1,caught,1,decode
43,random_bytes,4114572,14,caught,1,decode
44,zeroed_run,1625550,1736,caught,1,decode
45,truncation,1601396,3943590,caught,1,decode
46,header,725,1,caught,1,decode
47,payload,2384642,1,caught,1,decode
48,bit_flip,1038248,1,caught,1,decode
49,random_bytes,1717803,14,caught,1,decode
50,zeroed_run,5117772,2107,caught,1,decode
51,truncation,837752,4707234,caught,1,decode
52,header,142,1,caught,1,decode
53,payload,2858021,1,caught,1,decode
54,bit_flip,384061,1,caught,1,decode
55,random_bytes,1896262,13,caught,1,decode
56,zeroed_run,2932960,1811,caught,1,decode
57,truncation,5150050,394936,caught,1,decode
58,header,848,1,caught,1,decode
59,payload,1411097,1,caught,1,decode
60,bit_flip,2258307,1,caught,1,decode
61,random_bytes,394840,7,caught,1,decode
62,zeroed_run,2392693,3703,caught,1,decode
63,truncation,1367081,4177905,caught,1,decode
64,header,289,1,caught,1,decode
65,payload,5223726,1,caught,1,decode
66,bit_flip,1113350,1,caught,1,decode
67,random_bytes,2888846,14,caught,1,decode
68,zeroed_run,5511818,1603,caught,1,decode
69,truncation,3887858,1657128,caught,1,decode
70,header,659,1,caught,1,decode
71,payload,2304770,1,caught,1,decode
72,bit_flip,1308276,1,caught,1,decode
73,random_bytes,3185954,2,caught,1,decode
74,zeroed_run,2081408,917,caught,1,decode
75,truncation,308223,5236763,caught,1,decode
76,header,146,1,caught,1,decode
77,payload,1082253,1,caught,1,decode
78,bit_flip,4483301,1,caught,1,decode
79,random_bytes,2602827,15,caught,1,decode
80,zeroed_run,3496157,4044,caught,1,decode
81,truncation,1531720,4013266,caught,1,decode
82,header,837,1,caught,1,decode
83,payload,1824902,1,caught,1,decode
84,bit_flip,1102657,1,caught,1,decode
85,random_bytes,130343,5,caught,1,decode
86,zeroed_run,4442983,2695,caught,1,decode
87,truncation,4282977,1262009,caught,1,decode
88,header,807,1,caught,1,decode
89,payload,741721,1,caught,1,decode
90,bit_flip,4842952,1,caught,1,decode
91,random_bytes,3048413,3,caught,1,decode
92,zeroed_run,931873,3589,caught,1,decode
93,truncation,4407641,1137345,caught,1,decode
94,header,69,1,caught,1,decode
95,payload,3306585,1,caught,1,decode
96,bit_flip,4206298,1,caught,1,decode
97,random_bytes,3717005,4,caught,1,decode
98,zeroed_run,5202754,797,caught,1,decode
99,truncation,3577431,1967555,caught,1,decode
100,header,853,1,caught,1,decode
101,payload,1332498,1,caught,1,decode
102,bit_flip,149586,1,caught,1,decode
103,random_bytes,691472,3,caught,1,decode
104,zeroed_run,396554,1076,caught,1,decode
105,truncation,5079514,465472,caught,1,decode
106,header,597,1,caught,1,decode
107,payload,3925740,1,caught,1,decode
108,bit_flip,5426969,1,caught,1,decode
109,random_bytes,352160,14,caught,1,decode
110,zeroed_run,4262799,2783,caught,1,decode
111,truncation,1205911,4339075,caught,1,decode
112,header,655,1,caught,1,decode
113,payload,4630198,1,caught,1,decode
114,bit_flip,305468,1,caught,1,decode
115,random_bytes,2810459,3,caught,1,decode
116,zeroed_run,210038,1433,caught,1,decode
117,truncation,5274722,270264,caught,1,decode
118,header,622,1,caught,1,decode
119,payload,3223165,1,caught,1,decode
120,bit_flip,4644440,1,caught,1,decode
121,random_bytes,1652281,15,caught,1,decode
122,zeroed_run,4001061,2343,caught,1,decode
123,truncation,1012673,4532313,caught,1,decode
124,header,827,1,caught,1,decode
125,payload,548816,1,caught,1,decode
126,bit_flip,4953271,1,caught,1,decode
127,random_bytes,2196498,14,caught,1,decode
128,zeroed_run,2747856,3887,caught,1,decode
129,truncation,5273452,271534,caught,1,decode
130,header,658,1,caught,1,decode
131,payload,924269,1,caught,1,decode
132,bit_flip,2245368,1,caught,1,decode
133,random_bytes,1761998,3,caught,1,decode
134,zeroed_run,3185420,2203,caught,1,decode
135,truncation,4457727,1087259,caught,1,decode
136,header,790,1,caught,1,decode
137,payload,1267580,1,caught,1,decode
138,bit_flip,508480,1,caught,1,decode
139,random_bytes,3372666,2,caught,1,decode
140,zeroed_run,3006869,3371,caught,1,decode
141,truncation,5431417,113569,caught,1,decode
142,header,501,1,caught,1,decode
143,payload,2688425,1,caught,1,decode
144,bit_flip,3164739,1,caught,1,decode
145,random_bytes,2569906,12,caught,1,decode
146,zeroed_run,1183209,3468,caught,1,decode
147,truncation,18156,5526830,caught,1,decode
148,header,901,1,caught,1,decode
149,payload,1743910,1,caught,1,decode
150,bit_flip,1842798,1,caught,1,decode
151,random_bytes,770719,11,caught,1,decode
152,zeroed_run,1106633,259,caught,1,decode
153,truncation,2494931,3050055,caught,1,decode
154,header,845,1,caught,1,decode
155,payload,601769,1,caught,1,decode
156,bit_flip,1425446,1,caught,1,decode
157,random_bytes,765928,11,caught,1,decode
158,zeroed_run,637947,2961,caught,1,decode
159,truncation,3701652,1843334,caught,1,decode
160,header,305,1,caught,1,decode
161,payload,4305209,1,caught,1,decode
162,bit_flip,4642912,1,caught,1,decode
163,random_bytes,4100974,7,caught,1,decode
164,zeroed_run,3683540,3017,caught,1,decode
165,truncation,4983172,561814,caught,1,decode
166,header,997,1,caught,1,decode
167,payload,5054690,1,caught,1,decode
168,bit_flip,4203955,1,caught,1,decode
169,random_bytes,3387637,16,caught,1,decode
170,zeroed_run,1449449,2038,caught,1,decode
171,truncation,2579865,2965121,caught,1,decode
172,header,974,1,caught,1,decode
173,payload,4663948,1,caught,1,decode
174,bit_flip,1735235,1,caught,1,decode
175,random_bytes,999578,13,caught,1,decode
176,zeroed_run,1401973,65,caught,1,decode
177,truncation,5254313,290673,caught,1,decode
178,header,121,1,caught,1,decode
179,payload,2870169,1,caught,1,decode
180,bit_flip,3162900,1,caught,1,decode
181,random_bytes,1109604,6,caught,1,decode
182,zeroed_run,1857448,1445,caught,1,decode
183,truncation,2907206,2637780,caught,1,decode
184,header,336,1,caught,1,decode
185,payload,1882701,1,caught,1,decode
186,bit_flip,4526573,1,caught,1,decode
187,random_bytes,2649862,1,caught,1,decode
188,zeroed_run,847576,1317,caught,1,decode
189,truncation,1884558,3660428,caught,1,decode
190,header,440,1,caught,1,decode
191,payload,5242833,1,caught,1,decode
192,bit_flip,5458566,1,caught,1,decode
193,random_bytes,3300298,8,caught,1,decode
194,zeroed_run,4489633,3426,caught,1,decode
195,truncation,4156685,1388301,caught,1,decode
196,header,61,1,caught,1,decode
197,payload,4536011,1,caught,1,decode
198,bit_flip,5300014,1,caught,1,decode
199,random_bytes,4150679,13,caught,1,decode
200,zeroed_run,3296652,1914,caught,1,decode
201,truncation,1189867,4355119,caught,1,decode
202,header,205,1,caught,1,decode
203,payload,909669,1,caught,1,decode
204,bit_flip,1425351,1,caught,1,decode
205,random_bytes,2821711,3,caught,1,decode
206,zeroed_run,276305,797,caught,1,decode
207,truncation,4488870,1056116,caught,1,decode
208,header,121,1,caught,1,decode
209,payload,1535083,1,caught,1,decode
210,bit_flip,2485988,1,caught,1,decode
211,random_bytes,2002780,11,caught,1,decode
212,zeroed_run,5023087,3284,caught,1,decode
213,truncation,3442313,2102673,caught,1,decode
214,header,38,1,caught,1,decode
215,payload,2631052,1,caught,1,decode
216,bit_flip,4317382,1,caught,1,decode
217,random_bytes,4573379,16,caught,1,decode
218,zeroed_run,4990020,1064,caught,1,decode
219,truncation,4491343,1053643,caught,1,decode
220,header,436,1,caught,1,decode
221,payload,2705965,1,caught,1,decode
222,bit_flip,4685890,1,caught,1,decode
223,random_bytes,4793542,10,caught,1,decode
224,zeroed_run,2602410,2283,caught,1,decode
225,truncation,1886916,3658070,caught,1,decode
226,header,907,1,caught,1,decode
227,payload,1175857,1,caught,1,decode
228,bit_flip,5050694,1,caught,1,decode
229,random_bytes,2753402,10,caught,1,decode
230,zeroed_run,1598369,3983,caught,1,decode
231,truncation,1011857,4533129,caught,1,decode
232,header,327,1,caught,1,decode
233,payload,178294,1,caught,1,decode
234,bit_flip,2361981,1,caught,1,decode
235,random_bytes,3074878,16,caught,1,decode
236,zeroed_run,1776392,509,caught,1,decode
237,truncation,4936838,608148,caught,1,decode
238,header,434,1,caught,1,decode
239,payload,3533954,1,caught,1,decode
240,bit_flip,3789533,1,caught,1,decode
241,random_bytes,338652,12,caught,1,decode
242,zeroed_run,2878064,3521,caught,1,decode
243,truncation,2503381,3041605,caught,1,decode
244,header,10,1,caught,1,decode
245,payload,2113783,1,caught,1,decode
246,bit_flip,4270045,1,caught,1,decode
247,random_bytes,4748799,12,caught,1,decode
248,zeroed_run,2835079,3179,caught,1,decode
249,truncation,329963,5215023,caught,1,decode
250,header,886,1,caught,1,decode
251,payload,3292151,1,caught,1,decode
252,bit_flip,1736398,1,caught,1,decode
253,random_bytes,5325860,12,caught,1,decode
254,zeroed_run,3999309,663,caught,1,decode
255,truncation,5458026,86960,caught,1,decode
256,header,921,1,caught,1,decode
257,payload,3969213,1,caught,1,decode
258,bit_flip,3597589,1,caught,1,decode
259,random_bytes,599934,2,caught,1,decode
260,zeroed_run,5503885,2966,caught,1,decode
261,truncation,2263431,3281555,caught,1,decode
262,header,101,1,caught,1,decode
263,payload,5346949,1,caught,1,decode
264,bit_flip,838937,1,caught,1,decode
265,random_bytes,2215306,9,caught,1,decode
266,zeroed_run,3400634,1342,caught,1,decode
267,truncation,79027,5465959,caught,1,decode
268,header,611,1,caught,1,decode
269,payload,2286330,1,caught,1,decode
270,bit_flip,5225394,1,caught,1,decode
271,random_bytes,943022,9,caught,1,decode
272,zeroed_run,2801480,286,caught,1,decode
273,truncation,5182205,362781,caught,1,decode
274,header,551,1,caught,1,decode
275,payload,2708437,1,caught,1,decode
276,bit_flip,4263616,1,caught,1,decode
277,random_bytes,1217432,11,caught,1,decode
278,zeroed_run,2865669,4078,caught,1,decode
279,truncation,1799599,3745387,caught,1,decode
280,header,861,1,caught,1,decode
281,payload,566101,1,caught,1,decode
282,bit_flip,882803,1,caught,1,decode
283,random_bytes,3231049,11,caught,1,decode
284,zeroed_run,1474890,3850,caught,1,decode
285,truncation,2525000,3019986,caught,1,decode
286,header,105,1,caught,1,decode
287,payload,2967337,1,caught,1,decode
288,bit_flip,608603,1,caught,1,decode
289,random_bytes,1309412,16,caught,1,decode
290,zeroed_run,216234,91,caught,1,decode
291,truncation,2078035,3466951,caught,1,decode
292,header,412,1,caught,1,decode
293,payload,812541,1,caught,1,decode
294,bit_flip,397720,1,caught,1,decode
295,random_bytes,2767317,8,caught,1,decode
296,zeroed_run,3471821,4033,caught,1,decode
297,truncation,1092191,4452795,caught,1,decode
298,header,69,1,caught,1,decode
299,payload,2570758,1,caught,1,decode
300,bit_flip,134992,1,caught,1,decode
301,random_bytes,1675265,1,caught,1,decode
302,zeroed_run,2491476,1420,caught,1,decode
303,truncation,977057,4567929,caught,1,decode
304,header,784,1,caught,1,decode
305,payload,3971458,1,caught,1,decode
306,bit_flip,1176173,1,caught,1,decode
307,random_bytes,2676251,2,caught,1,decode
308,zeroed_run,3854708,2954,caught,1,decode
309,truncation,3968180,1576806,caught,1,decode
310,header,347,1,caught,1,decode
311,payload,1197047,1,caught,1,decode
312,bit_flip,3575945,1,caught,1,decode
313,random_bytes,625162,16,caught,1,decode
314,zeroed_run,2162529,2199,caught,1,decode
315,truncation,5261948,283038,caught,1,decode
316,header,678,1,caught,1,decode
317,payload,5360531,1,caught,1,decode
318,bit_flip,4841323,1,caught,1,decode
319,random_bytes,5268899,11,caught,1,decode
320,zeroed_run,3364067,3887,caught,1,decode
321,truncation,4260424,1284562,caught,1,decode
322,header,721,1,caught,1,decode
323,payload,1829644,1,caught,1,decode
324,bit_flip,2662803,1,caught,1,decode
325,random_bytes,4284083,12,caught,1,decode
326,zeroed_run,2402835,3344,caught,1,decode
327,truncation,3088256,2456730,caught,1,decode
328,header,152,1,caught,1,decode
329,payload,3152532,1,caught,1,decode
330,bit_flip,5225678,1,caught,1,decode
331,random_bytes,3730259,2,caught,1,decode
332,zeroed_run,3652242,2588,caught,1,decode
333,truncation,4685654,859332,caught,1,decode
334,header,551,1,caught,1,decode
335,payload,3845786,1,caught,1,decode
336,bit_flip,3655293,1,caught,1,decode
337,random_bytes,2182368,12,caught,1,decode
338,zeroed_run,4034613,463,caught,1,decode
339,truncation,694691,4850295,caught,1,decode
340,header,604,1,caught,1,decode
341,payload,3159786,1,caught,1,decode
342,bit_flip,3556481,1,caught,1,decode
343,random_bytes,967959,15,caught,1,decode
344,zeroed_run,4143319,1006,caught,1,decode
345,truncation,2721800,2823186,caught,1,decode
346,header,151,1,caught,1,decode
347,payload,3088379,1,caught,1,decode
348,bit_flip,178595,1,caught,1,decode
349,random_bytes,4997279,5,caught,1,decode
350,zeroed_run,4519018,3006,caught,1,decode
351,truncation,3411399,2133587,caught,1,decode
352,header,692,1,caught,1,decode
353,payload,4068108,1,caught,1,decode
354,bit_flip,1078582,1,caught,1,decode
355,random_bytes,4742180,3,caught,1,decode
356,zeroed_run,4271300,3155,caught,1,decode
357,truncation,3041335,2503651,caught,1,decode
358,header,85,1,caught,1,decode
359,payload,3175200,1,caught,1,decode
360,bit_flip,1640769,1,caught,1,decode
361,random_bytes,1006342,2,caught,1,decode
362,zeroed_run,1102427,47,caught,1,decode
363,truncation,552012,4992974,caught,1,decode
364,header,776,1,caught,1,decode
365,payload,2059264,1,caught,1,decode
366,bit_flip,1696640,1,caught,1,decode
367,random_bytes,2380180,6,caught,1,decode
368,zeroed_run,2920753,3297,caught,1,decode
369,truncation,1616605,3928381,caught,1,decode
370,header,55,1,caught,1,decode
371,payload,3497705,1,caught,1,decode
372,bit_flip,420224,1,caught,1,decode
373,random_bytes,2202397,10,caught,1,decode
374,zeroed_run,210859,3698,caught,1,decode
375,truncation,1652284,3892702,caught,1,decode
376,header,233,1,caught,1,decode
377,payload,4199647,1,caught,1,decode
378,bit_flip,895965,1,caught,1,decode
379,random_bytes,2962046,13,caught,1,decode
380,zeroed_run,4044559,1792,caught,1,decode
381,truncation,409845,5135141,caught,1,decode
382,header,602,1,caught,1,decode
383,payload,2649141,1,caught,1,decode
384,bit_flip,166119,1,caught,1,decode
385,random_bytes,5373048,2,caught,1,decode
386,zeroed_run,2871708,917,caught,1,decode
387,truncation,2394910,3150076,caught,1,decode
388,header,731,1,caught,1,decode
389,payload,2169839,1,caught,1,decode
390,bit_flip,2529735,1,caught,1,decode
391,random_bytes,4044417,9,caught,1,decode
392,zeroed_run,645938,2052,caught,1,decode
393,truncation,2799730,2745256,caught,1,decode
394,header,1019,1,caught,1,decode
395,payload,1948957,1,caught,1,decode
396,bit_flip,1472504,1,caught,1,decode
397,random_bytes,4804117,15,caught,1,decode
398,zeroed_run,365239,2693,caught,1,decode
399,truncation,2438851,3106135,caught,1,decode
400,header,482,1,caught,1,decode
401,payload,2961873,1,caught,1,decode
402,bit_flip,3412832,1,caught,1,decode
403,random_bytes,2330940,13,caught,1,decode
404,zeroed_run,3094880,154,caught,1,decode
405,truncation,3174436,2370550,caught,1,decode
406,header,488,1,caught,1,decode
407,payload,4179469,1,caught,1,decode
408,bit_flip,3800782,1,caught,1,decode
409,random_bytes,1245660,9,caught,1,decode
410,zeroed_run,2978539,2836,caught,1,decode
411,truncation,1140524,4404462,caught,1,decode
412,header,113,1,caught,1,decode
413,payload,4762804,1,caught,1,decode
414,bit_flip,5103531,1,caught,1,decode
415,random_bytes,3937558,6,caught,1,decode
416,zeroed_run,1642029,1680,caught,1,decode
417,truncation,594295,4950691,caught,1,decode
418,header,994,1,caught,1,decode
419,payload,1145898,1,caught,1,decode
420,bit_flip,3302200,1,caught,1,decode
421,random_bytes,4845978,7,caught,1,decode
422,zeroed_run,1764716,3630,caught,1,decode
423,truncation,4548056,996930,caught,1,decode
424,header,905,1,caught,1,decode
425,payload,3670843,1,caught,1,decode
426,bit_flip,1541648,1,caught,1,decode
427,random_bytes,4931254,10,caught,1,decode
428,zeroed_run,2471874,442,caught,1,decode
429,truncation,3568495,1976491,caught,1,decode
430,header,315,1,caught,1,decode
431,payload,1313241,1,caught,1,decode
432,bit_flip,1202891,1,caught,1,decode
433,random_bytes,2463670,5,caught,1,decode
434,zeroed_run,1381013,1030,caught,1,decode
435,truncation,5234811,310175,caught,1,decode
436,header,539,1,caught,1,decode
437,payload,970904,1,caught,1,decode
438,bit_flip,4256913,1,caught,1,decode
439,random_bytes,5284846,2,caught,1,decode
440,zeroed_run,526189,2776,caught,1,decode
441,truncation,4955689,589297,caught,1,decode
442,header,868,1,caught,1,decode
443,payload,2624287,1,caught,1,decode
444,bit_flip,1823303,1,caught,1,decode
445,random_bytes,1566495,6,caught,1,decode
446,zeroed_run,1440610,3792,caught,1,decode
447,truncation,240880,5304106,caught,1,decode
448,header,884,1,caught,1,decode
449,payload,3514498,1,caught,1,decode
450,bit_flip,3074846,1,caught,1,decode
451,random_bytes,1581783,1,caught,1,decode
452,zeroed_run,4941806,1174,caught,1,decode
453,truncation,3428265,2116721,caught,1,decode
454,header,611,1,caught,1,decode
455,payload,1529451,1,caught,1,decode
456,bit_flip,5134600,1,caught,1,decode
457,random_bytes,3196885,3,caught,1,decode
458,zeroed_run,2812365,2781,caught,1,decode
459,truncation,1657379,3887607,caught,1,decode
460,header,447,1,caught,1,decode
461,payload,3218162,1,caught,1,decode
462,bit_flip,4417677,1,caught,1,decode
463,random_bytes,3272913,2,caught,1,decode
464,zeroed_run,4867863,2385,caught,1,decode
465,truncation,848683,4696303,caught,1,decode
466,header,350,1,caught,1,decode
467,payload,228871,1,caught,1,decode
468,bit_flip,2348846,1,caught,1,decode
469,random_bytes,4613188,12,caught,1,decode
470,zeroed_run,2561380,2249,caught,1,decode
471,truncation,1282540,4262446,caught,1,decode
472,header,974,1,caught,1,decode
473,payload,2867186,1,caught,1,decode
474,bit_flip,2908160,1,caught,1,decode
475,random_bytes,3250245,3,caught,1,decode
476,zeroed_run,1704600,72,caught,1,decode
477,truncation,481606,5063380,caught,1,decode
478,header,674,1,caught,1,decode
479,payload,3903689,1,caught,1,decode
480,bit_flip,586773,1,caught,1,decode
481,random_bytes,5374127,1,caught,1,decode
482,zeroed_run,1940832,2464,caught,1,decode
483,truncation,4496227,1048759,caught,1,decode
484,header,201,1,caught,1,decode
485,payload,2811378,1,caught,1,decode
486,bit_flip,1356363,1,caught,1,decode
487,random_bytes,2863656,16,caught,1,decode
488,zeroed_run,46003,2527,caught,1,decode
489,truncation,2968064,2576922,caught,1,decode
490,header,463,1,caught,1,decode
491,payload,4723117,1,caught,1,decode
492,bit_flip,4348135,1,caught,1,decode
493,random_bytes,1235540,4,caught,1,decode
494,zeroed_run,1208335,916,caught,1,decode
495,truncation,1669798,3875188,caught,1,decode
496,header,288,1,caught,1,decode
497,payload,85653,1,caught,1,decode
498,bit_flip,1428179,1,caught,1,decode
499,random_bytes,3327808,9,caught,1,decode
500,zeroed_run,1137888,1942,caught,1,decode
501,truncation,4499086,1045900,caught,1,decode
502,header,741,1,caught,1,decode
503,payload,2173101,1,caught,1,decode
504,bit_flip,1357156,1,caught,1,decode
505,random_bytes,714011,11,caught,1,decode
506,zeroed_run,2756528,2900,caught,1,decode
507,truncation,813985,4731001,caught,1,decode
508,header,883,1,caught,1,decode
509,payload,4046069,1,caught,1,decode
510,bit_flip,5427814,1,caught,1,decode
511,random_bytes,2295529,13,caught,1,decode
512,zeroed_run,5279675,4039,caught,1,decode
513,truncation,1719323,3825663,caught,1,decode
514,header,134,1,caught,1,decode
515,payload,1854877,1,caught,1,decode
516,bit_flip,2320313,1,caught,1,decode
517,random_bytes,3674163,14,caught,1,decode
518,zeroed_run,3039434,2620,caught,1,decode
519,truncation,2800153,2744833,caught,1,decode
520,header,264,1,caught,1,decode
521,payload,882870,1,caught,1,decode
522,bit_flip,4090064,1,caught,1,decode
523,random_bytes,1893126,13,caught,1,decode
524,zeroed_run,4561278,1816,caught,1,decode
525,truncation,2980922,2564064,caught,1,decode
526,header,222,1,caught,1,decode
527,payload,4405817,1,caught,1,decode
528,bit_flip,5123092,1,caught,1,decode
529,random_bytes,5314915,15,caught,1,decode
530,zeroed_run,5460475,2947,caught,1,decode
531,truncation,14020,5530966,caught,1,decode
532,header,172,1,caught,1,decode
533,payload,296875,1,caught,1,decode
534,bit_flip,4488286,1,caught,1,decode
535,random_bytes,4187482,7,caught,1,decode
536,zeroed_run,4688170,272,caught,1,decode
537,truncation,1245049,4299937,caught,1,decode
538,header,654,1,caught,1,decode
539,payload,2346481,1,caught,1,decode
540,bit_flip,2084403,1,caught,1,decode
541,random_bytes,1144630,1,caught,1,decode
542,zeroed_run,3220947,1043,caught,1,decode
543,truncation,1142640,4402346,caught,1,decode
544,header,765,1,caught,1,decode
545,payload,591005,1,caught,1,decode
546,bit_flip,1672601,1,caught,1,decode
547,random_bytes,5029798,2,caught,1,decode
548,zeroed_run,1023384,178,caught,1,decode
549,truncation,3943471,1601515,caught,1,decode
550,header,383,1,caught,1,decode
551,payload,4391424,1,caught,1,decode
552,bit_flip,3824532,1,caught,1,decode
553,random_bytes,4753737,3,caught,1,decode
554,zeroed_run,4660989,3772,caught,1,decode
555,truncation,751621,4793365,caught,1,decode
556,header,36,1,caught,1,decode
557,payload,4719596,1,caught,1,decode
558,bit_flip,727947,1,caught,1,decode
559,random_bytes,3868436,13,caught,1,decode
560,zeroed_run,1363339,1340,caught,1,decode
561,truncation,662914,4882072,caught,1,decode
562,header,209,1,caught,1,decode
563,payload,1595555,1,caught,1,decode
564,bit_flip,3549075,1,caught,1,decode
565,random_bytes,4772968,2,caught,1,decode
566,zeroed_run,1337723,3031,caught,1,decode
567,truncation,3374030,2170956,caught,1,decode
568,header,330,1,caught,1,decode
569,payload,3570815,1,caught,1,decode
570,bit_flip,1822911,1,caught,1,decode
571,random_bytes,3299309,2,caught,1,decode
572,zeroed_run,768797,2046,caught,1,decode
573,truncation,2647223,2897763,caught,1,decode
574,header,490,1,caught,1,decode
575,payload,3785991,1,caught,1,decode
576,bit_flip,1838880,1,caught,1,decode
577,random_bytes,1532920,1,caught,1,decode
578,zeroed_run,3297246,3982,caught,1,decode
579,truncation,2008508,3536478,caught,1,decode
580,header,835,1,caught,1,decode
581,payload,956223,1,caught,1,decode
582,bit_flip,1011812,1,caught,1,decode
583,random_bytes,644079,3,caught,1,decode
584,zeroed_run,865706,2129,caught,1,decode
585,truncation,890729,4654257,caught,1,decode
586,header,771,1,caught,1,decode
587,payload,2488511,1,caught,1,decode
588,bit_flip,5007551,1,caught,1,decode
589,random_bytes,2422554,10,caught,1,decode
590,zeroed_run,921109,132,caught,1,decode
591,truncation,3424175,2120811,caught,1,decode
592,header,681,1,caught,1,decode
593,payload,679262,1,caught,1,decode
594,bit_flip,4458260,1,caught,1,decode
595,random_bytes,1629976,14,caught,1,decode
596,zeroed_run,1662164,294,caught,1,decode
597,truncation,1720190,3824796,caught,1,decode
598,header,792,1,caught,1,decode
599,payload,5210481,1,caught,1,decode
600,bit_flip,639807,1,caught,1,decode
601,random_bytes,534884,2,caught,1,decode
602,zeroed_run,4270481,3855,caught,1,decode
603,truncation,3753067,1791919,caught,1,decode
604,header,670,1,caught,1,decode
605,payload,5159871,1,caught,1,decode
606,bit_flip,796218,1,caught,1,decode
607,random_bytes,4835465,4,caught,1,decode
608,zeroed_run,4616840,2078,caught,1,decode
609,truncation,4352342,1192644,caught,1,decode
610,header,2,1,caught,1,decode
611,payload,1558194,1,caught,1,decode
612,bit_flip,166394,1,caught,1,decode
613,random_bytes,3465838,10,caught,1,decode
614,zeroed_run,2580012,365,caught,1,decode
615,truncation,5486480,58506,caught,1,decode
616,header,413,1,caught,1,decode
617,payload,2623895,1,caught,1,decode
618,bit_flip,2790588,1,caught,1,decode
619,random_bytes,1680446,7,caught,1,decode
620,zeroed_run,4489270,3328,caught,1,decode
621,truncation,246137,5298849,caught,1,decode
622,header,854,1,caught,1,decode
623,payload,5239919,1,caught,1,decode
624,bit_flip,906230,1,caught,1,decode
625,random_bytes,4939426,1,caught,1,decode
626,zeroed_run,3247029,2623,caught,1,decode
627,truncation,4026760,1518226,caught,1,decode
628,header,70,1,caught,1,decode
629,payload,4279802,1,caught,1,decode
630,bit_flip,3426243,1,caught,1,decode
631,random_bytes,510605,8,caught,1,decode
632,zeroed_run,304782,1316,caught,1,decode
633,truncation,3096511,2448475,caught,1,decode
634,header,115,1,caught,1,decode
635,payload,1000037,1,caught,1,decode
636,bit_flip,4216623,1,caught,1,decode
637,random_bytes,3525792,1,caught,1,decode
638,zeroed_run,982803,2285,caught,1,decode
639,truncation,2750684,2794302,caught,1,decode
640,header,492,1,caught,1,decode
641,payload,4580814,1,caught,1,decode
642,bit_flip,1083961,1,caught,1,decode
643,random_bytes,1768629,3,caught,1,decode
644,zeroed_run,2031308,1369,caught,1,decode
645,truncation,1844996,3699990,caught,1,decode
646,header,758,1,caught,1,decode
647,payload,2471195,1,caught,1,decode
648,bit_flip,2143341,1,caught,1,decode
649,random_bytes,973368,3,caught,1,decode
650,zeroed_run,2837854,1194,caught,1,decode
651,truncation,1186308,4358678,caught,1,decode
652,header,725,1,caught,1,decode
653,payload,5133920,1,caught,1,decode
654,bit_flip,2685980,1,caught,1,decode
655,random_bytes,5525839,1,caught,1,decode
656,zeroed_run,262120,632,caught,1,decode
657,truncation,3313693,2231293,caught,1,decode
658,header,563,1,caught,1,decode
659,payload,2429221,1,caught,1,decode
660,bit_flip,3410785,1,caught,1,decode
661,random_bytes,4177830,4,caught,1,decode
662,zeroed_run,3279604,1170,caught,1,decode
663,truncation,4638505,906481,caught,1,decode
664,header,635,1,caught,1,decode
665,payload,4326757,1,caught,1,decode
666,bit_flip,3183344,1,caught,1,decode
667,random_bytes,4108638,5,caught,1,decode
668,zeroed_run,4831637,3939,caught,1,decode
669,truncation,2127181,3417805,caught,1,decode
670,header,96,1,caught,1,decode
671,payload,4709545,1,caught,1,decode
672,bit_flip,5031942,1,caught,1,decode
673,random_bytes,331214,15,caught,1,decode
674,zeroed_run,518193,2547,caught,1,decode
675,truncation,4352792,1192194,caught,1,decode
676,header,806,1,caught,1,decode
677,payload,1395887,1,caught,1,decode
678,bit_flip,4268108,1,caught,1,decode
679,random_bytes,5439617,16,caught,1,decode
680,zeroed_run,2480703,3423,caught,1,decode
681,truncation,1354900,4190086,caught,1,decode
682,header,267,1,caught,1,decode
683,payload,4038361,1,caught,1,decode
684,bit_flip,5024964,1,caught,1,decode
685,random_bytes,973754,8,caught,1,decode
686,zeroed_run,296495,2125,caught,1,decode
687,truncation,3057045,2487941,caught,1,decode
688,header,496,1,caught,1,decode
689,payload,1096032,1,caught,1,decode
690,bit_flip,4153962,1,caught,1,decode
691,random_bytes,3805774,15,caught,1,decode
692,zeroed_run,1613337,215,caught,1,decode
693,truncation,908785,4636201,caught,1,decode
694,header,206,1,caught,1,decode
695,payload,1926661,1,caught,1,decode
696,bit_flip,31084,1,caught,1,decode
697,random_bytes,4730375,15,caught,1,decode
698,zeroed_run,475330,4013,caught,1,decode
699,truncation,4947124,597862,caught,1,decode
700,header,367,1,caught,1,decode
701,payload,4729524,1,caught,1,decode
702,bit_flip,1206561,1,caught,1,decode
703,random_bytes,1698645,10,caught,1,decode
704,zeroed_run,2380533,2303,caught,1,decode
705,truncation,818733,4726253,caught,1,decode
706,header,902,1,caught,1,decode
707,payload,1833443,1,caught,1,decode
708,bit_flip,2404853,1,caught,1,decode
709,random_bytes,4387932,1,caught,1,decode
710,zeroed_run,4771968,405,caught,1,decode
711,truncation,4467631,1077355,caught,1,decode
712,header,822,1,caught,1,decode
713,payload,2949433,1,caught,1,decode
714,bit_flip,3435303,1,caught,1,decode
715,random_bytes,3975483,15,caught,1,decode
716,zeroed_run,396425,3524,caught,1,decode
717,truncation,3374898,2170088,caught,1,decode
718,header,177,1,caught,1,decode
719,payload,4565307,1,caught,1,decode
720,bit_flip,5450618,1,caught,1,decode
721,random_bytes,5442094,12,caught,1,decode
722,zeroed_run,1468156,367,caught,1,decode
723,truncation,3857052,1687934,caught,1,decode
724,header,901,1,caught,1,decode
725,payload,1929290,1,caught,1,decode
726,bit_flip,1497318,1,caught,1,decode
727,random_bytes,684380,12,caught,1,decode
728,zeroed_run,3982603,1172,caught,1,decode
729,truncation,901488,4643498,caught,1,decode
730,header,862,1,caught,1,decode
731,payload,121617,1,caught,1,decode
732,bit_flip,333199,1,caught,1,decode
733,random_bytes,419082,2,caught,1,decode
734,zeroed_run,1738146,3724,caught,1,decode
735,truncation,96031,5448955,caught,1,decode
736,header,97,1,caught,1,decode
737,payload,1636556,1,caught,1,decode
738,bit_flip,1460970,1,caught,1,decode
739,random_bytes,3506302,8,caught,1,decode
740,zeroed_run,1532182,3245,caught,1,decode
741,truncation,399959,5145027,caught,1,decode
742,header,192,1,caught,1,decode
743,payload,4151672,1,caught,1,decode
744,bit_flip,3457265,1,caught,1,decode
745,random_bytes,2987163,12,caught,1,decode
746,zeroed_run,5273948,3075,caught,1,decode
747,truncation,3275274,2269712,caught,1,decode
748,header,645,1,caught,1,decode
749,payload,4948283,1,caught,1,decode
750,bit_flip,964505,1,caught,1,decode
751,random_bytes,4265963,8,caught,1,decode
752,zeroed_run,4169472,2430,caught,1,decode
753,truncation,54623,5490363,caught,1,decode
754,header,142,1,caught,1,decode
755,payload,491442,1,caught,1,decode
756,bit_flip,2451238,1,caught,1,decode
757,random_bytes,1729698,4,caught,1,decode
758,zeroed_run,5312243,2183,caught,1,decode
759,truncation,1265751,4279235,caught,1,decode
760,header,417,1,caught,1,decode
761,payload,3992121,1,caught,1,decode
762,bit_flip,2663466,1,caught,1,decode
763,random_bytes,3993675,7,caught,1,decode
764,zeroed_run,1496455,2797,caught,1,decode
765,truncation,3091152,2453834,caught,1,decode
766,header,467,1,caught,1,decode
767,payload,2835976,1,caught,1,decode
768,bit_flip,5000059,1,caught,1,decode
769,random_bytes,5041192,15,caught,1,decode
770,zeroed_run,3131098,2632,caught,1,decode
771,truncation,2905403,2639583,caught,1,decode
772,header,143,1,caught,1,decode
773,payload,4404192,1,caught,1,decode
774,bit_flip,688940,1,caught,1,decode
775,random_bytes,4112018,8,caught,1,decode
776,zeroed_run,2816163,3908,caught,1,decode
777,truncation,4489926,1055060,caught,1,decode
778,header,609,1,caught,1,decode
779,payload,4836249,1,caught,1,decode
780,bit_flip,3355889,1,caught,1,decode
781,random_bytes,2709066,3,caught,1,decode
782,zeroed_run,3348941,143,caught,1,decode
783,truncation,3696339,1848647,caught,1,decode
784,header,758,1,caught,1,decode
785,payload,3384016,1,caught,1,decode
786,bit_flip,3603616,1,caught,1,decode
787,random_bytes,2354042,15,caught,1,decode
788,zeroed_run,1321689,231,caught,1,decode
789,truncation,3571935,1973051,caught,1,decode
790,header,914,1,caught,1,decode
791,payload,1180344,1,caught,1,decode
792,bit_flip,5181452,1,caught,1,decode
793,random_bytes,2082394,2,caught,1,decode
794,zeroed_run,2553076,1287,caught,1,decode
795,truncation,3378203,2166783,caught,1,decode
796,header,219,1,caught,1,decode
797,payload,4348826,1,caught,1,decode
798,bit_flip,1471573,1,caught,1,decode
799,random_bytes,767314,7,caught,1,decode
800,zeroed_run,3408005,2142,caught,1,decode
801,truncation,584675,4960311,caught,1,decode
802,header,1004,1,caught,1,decode
803,payload,4586836,1,caught,1,decode
804,bit_flip,17113,1,caught,1,decode
805,random_bytes,3301909,10,caught,1,decode
806,zeroed_run,4100073,3211,caught,1,decode
807,truncation,3830825,1714161,caught,1,decode
808,header,427,1,caught,1,decode
809,payload,4351984,1,caught,1,decode
810,bit_flip,2467414,1,caught,1,decode
811,random_bytes,3320540,13,caught,1,decode
812,zeroed_run,3268478,835,caught,1,decode
813,truncation,480123,5064863,caught,1,decode
814,header,677,1,caught,1,decode
815,payload,1602089,1,caught,1,decode
816,bit_flip,2690127,1,caught,1,decode
817,random_bytes,2774576,5,caught,1,decode
818,zeroed_run,4242155,1359,caught,1,decode
819,truncation,2571727,2973259,caught,1,decode
820,header,287,1,caught,1,decode
821,payload,3760396,1,caught,1,decode
822,bit_flip,4278825,1,caught,1,decode
823,random_bytes,4644904,8,caught,1,decode
824,zeroed_run,5354389,2527,caught,1,decode
825,truncation,3933841,1611145,caught,1,decode
826,header,17,1,caught,1,decode
827,payload,2622560,1,caught,1,decode
828,bit_flip,1612813,1,caught,1,decode
829,random_bytes,1687734,2,caught,1,decode
830,zeroed_run,5112069,3812,caught,1,decode
831,truncation,1206667,4338319,caught,1,decode
832,header,552,1,caught,1,decode
833,payload,3280652,1,caught,1,decode
834,bit_flip,1662409,1,caught,1,decode
835,random_bytes,2169678,3,caught,1,decode
836,zeroed_run,167074,3045,caught,1,decode
837,truncation,2405886,3139100,caught,1,decode
838,header,851,1,caught,1,decode
839,payload,2921047,1,caught,1,decode
840,bit_flip,2778272,1,caught,1,decode
841,random_bytes,3525673,12,caught,1,decode
842,zeroed_run,3852464,2275,caught,1,decode
843,truncation,3426428,2118558,caught,1,decode
844,header,355,1,caught,1,decode
845,payload,3724338,1,caught,1,decode
846,bit_flip,1520573,1,caught,1,decode
847,random_bytes,4444166,11,caught,1,decode
848,zeroed_run,4238361,941,caught,1,decode
849,truncation,3233818,2311168,caught,1,decode
850,header,846,1,caught,1,decode
851,payload,2476493,1,caught,1,decode
852,bit_flip,545349,1,caught,1,decode
853,random_bytes,1070120,16,caught,1,decode
854,zeroed_run,4479474,1228,caught,1,decode
855,truncation,3464828,2080158,caught,1,decode
856,header,247,1,caught,1,decode
857,payload,2551256,1,caught,1,decode
858,bit_flip,1106063,1,caught,1,decode
859,random_bytes,2926450,3,caught,1,decode
860,zeroed_run,3237001,1101,caught,1,decode
861,truncation,5501824,43162,caught,1,decode
862,header,551,1,caught,1,decode
863,payload,5152119,1,caught,1,decode
864,bit_flip,4434276,1,caught,1,decode
865,random_bytes,4230557,12,caught,1,decode
866,zeroed_run,1556076,3831,caught,1,decode
867,truncation,602642,4942344,SILENT,0,decode
868,header,752,1,caught,1,decode
869,payload,580545,1,caught,1,decode
870,bit_flip,1673772,1,caught,1,decode
871,random_bytes,381541,7,caught,1,decode
872,zeroed_run,206520,3067,caught,1,decode
873,truncation,2284224,3260762,caught,1,decode
874,header,840,1,caught,1,decode
875,payload,4264374,1,caught,1,decode
876,bit_flip,5193812,1,caught,1,decode
877,random_bytes,4931580,4,caught,1,decode
878,zeroed_run,3153390,948,caught,1,decode
879,truncation,5384383,160603,caught,1,decode
880,header,311,1,caught,1,decode
881,payload,4719636,1,caught,1,decode
882,bit_flip,3408259,1,caught,1,decode
883,random_bytes,1718393,6,caught,1,decode
884,zeroed_run,1674378,119,caught,1,decode
885,truncation,3314637,2230349,caught,1,decode
886,header,934,1,caught,1,decode
887,payload,1051771,1,caught,1,decode
888,bit_flip,5195857,1,caught,1,decode
889,random_bytes,1622487,2,caught,1,decode
890,zeroed_run,1721258,2213,caught,1,decode
891,truncation,640636,4904350,caught,1,decode
892,header,138,1,caught,1,decode
893,payload,4775810,1,caught,1,decode
894,bit_flip,526295,1,caught,1,decode
895,random_bytes,467158,12,caught,1,decode
896,zeroed_run,5029171,3688,caught,1,decode
897,truncation,2384636,3160350,caught,1,decode
898,header,585,1,caught,1,decode
899,payload,2821884,1,caught,1,decode
900,bit_flip,3303667,1,caught,1,decode
901,random_bytes,3458871,4,caught,1,decode
902,zeroed_run,3776801,2573,caught,1,decode
903,truncation,5289288,255698,caught,1,decode
904,header,176,1,caught,1,decode
905,payload,4041200,1,caught,1,decode
906,bit_flip,2097098,1,caught,1,decode
907,random_bytes,2091073,6,caught,1,decode
908,zeroed_run,1218400,1927,caught,1,decode
909,truncation,4817372,727614,caught,1,decode
910,header,924,1,caught,1,decode
911,payload,841087,1,caught,1,decode
912,bit_flip,1547086,1,caught,1,decode
913,random_bytes,2428108,7,caught,1,decode
914,zeroed_run,1857807,1105,caught,1,decode
915,truncation,4052505,1492481,caught,1,decode
916,header,327,1,caught,1,decode
917,payload,198842,1,caught,1,decode
918,bit_flip,2552642,1,caught,1,decode
919,random_bytes,1898809,13,caught,1,decode
920,zeroed_run,2312633,165,caught,1,decode
921,truncation,2052751,3492235,caught,1,decode
922,header,774,1,caught,1,decode
923,payload,1682281,1,caught,1,decode
924,bit_flip,2136341,1,caught,1,decode
925,random_bytes,5246883,15,caught,1,decode
926,zeroed_run,2615073,1345,caught,1,decode
927,truncation,2278655,3266331,caught,1,decode
928,header,660,1,caught,1,decode
929,payload,2856857,1,caught,1,decode
930,bit_flip,2201861,1,caught,1,decode
931,random_bytes,69181,3,caught,1,decode
932,zeroed_run,2823508,2271,caught,1,decode
933,truncation,1532990,4011996,caught,1,decode
934,header,365,1,caught,1,decode
935,payload,2182883,1,caught,1,decode
936,bit_flip,127924,1,caught,1,decode
937,random_bytes,5028201,7,caught,1,decode
938,zeroed_run,3959542,174,caught,1,decode
939,truncation,5031915,513071,caught,1,decode
940,header,188,1,caught,1,decode
941,payload,2082193,1,caught,1,decode
942,bit_flip,2942396,1,caught,1,decode
943,random_bytes,4842904,14,caught,1,decode
944,zeroed_run,168866,2274,caught,1,decode
945,truncation,4074220,1470766,caught,1,decode
946,header,675,1,caught,1,decode
947,payload,3561542,1,caught,1,decode
948,bit_flip,2589518,1,caught,1,decode
949,random_bytes,1894069,10,caught,1,decode
950,zeroed_run,2800206,2606,caught,1,decode
951,truncation,736746,4808240,caught,1,decode
952,header,80,1,caught,1,decode
953,payload,1715572,1,caught,1,decode
954,bit_flip,634188,1,caught,1,decode
955,random_bytes,2007997,7,caught,1,decode
956,zeroed_run,4658561,1294,caught,1,decode
957,truncation,5108087,436899,caught,1,decode
958,header,790,1,caught,1,decode
959,payload,5449428,1,caught,1,decode
960,bit_flip,2241734,1,caught,1,decode
961,random_bytes,1860485,7,caught,1,decode
962,zeroed_run,873579,3112,caught,1,decode
963,truncation,1176015,4368971,caught,1,decode
964,header,974,1,caught,1,decode
965,payload,2039513,1,caught,1,decode
966,bit_flip,5442888,1,caught,1,decode
967,random_bytes,187049,13,caught,1,decode
968,zeroed_run,4434861,904,caught,1,decode
969,truncation,2054067,3490919,caught,1,decode
970,header,375,1,caught,1,decode
971,payload,2289830,1,caught,1,decode
972,bit_flip,2977924,1,caught,1,decode
973,random_bytes,2842835,11,caught,1,decode
974,zeroed_run,582128,2272,caught,1,decode
975,truncation,1754881,3790105,caught,1,decode
976,header,645,1,caught,1,decode
977,payload,468842,1,caught,1,decode
978,bit_flip,4022853,1,caught,1,decode
979,random_bytes,3709797,9,caught,1,decode
980,zeroed_run,3877000,502,caught,1,decode
981,truncation,1141661,4403325,caught,1,decode
982,header,670,1,caught,1,decode
983,payload,4594225,1,caught,1,decode
984,bit_flip,4671979,1,caught,1,decode
985,random_bytes,3174528,7,caught,1,decode
986,zeroed_run,1307525,1509,caught,1,decode
987,truncation,4072474,1472512,caught,1,decode
988,header,220,1,caught,1,decode
989,payload,2444044,1,caught,1,decode
990,bit_flip,2874992,1,caught,1,decode
991,random_bytes,3222,5,caught,1,decode
992,zeroed_run,2889967,3568,caught,1,decode
993,truncation,4812559,732427,caught,1,decode
994,header,639,1,caught,1,decode
995,payload,2943125,1,caught,1,decode
996,bit_flip,3993922,1,caught,1,decode
997,random_bytes,679924,8,caught,1,decode
998,zeroed_run,1216690,2417,caught,1,decode
999,truncation,1318009,4226977,caught,1,decode
1000,header,458,1,caught,1,decode
1001,payload,3713164,1,caught,1,decode
1002,bit_flip,3903025,1,caught,1,decode
1003,random_bytes,4366763,2,caught,1,decode
1004,zeroed_run,2458723,3007,caught,1,decode
1005,truncation,1086969,4458017,caught,1,decode
1006,header,732,1,caught,1,decode
1007,payload,618023,1,caught,1,decode
1008,bit_flip,4792077,1,caught,1,decode
1009,random_bytes,1408920,8,caught,1,decode
1010,zeroed_run,4463930,3259,caught,1,decode
1011,truncation,8826,5536160,caught,1,decode
1012,header,572,1,caught,1,decode
1013,payload,3792578,1,caught,1,decode
1014,bit_flip,1826853,1,caught,1,decode
1015,random_bytes,236347,1,caught,1,decode
1016,zeroed_run,4153401,1083,caught,1,decode
1017,truncation,5328880,216106,caught,1,decode
1018,header,820,1,caught,1,decode
1019,payload,447882,1,caught,1,decode
1020,bit_flip,567175,1,caught,1,decode
1021,random_bytes,5195708,9,caught,1,decode
1022,zeroed_run,2589060,1016,caught,1,decode
1023,truncation,26828,5518158,caught,1,decode
1024,header,834,1,caught,1,decode
1025,payload,2964306,1,caught,1,decode
1026,bit_flip,2977728,1,caught,1,decode
1027,random_bytes,5267721,12,caught,1,decode
1028,zeroed_run,908226,3546,caught,1,decode
1029,truncation,1610157,3934829,caught,1,decode
1030,header,621,1,caught,1,decode
1031,payload,2890496,1,caught,1,decode
1032,bit_flip,1557968,1,caught,1,decode
1033,random_bytes,2050231,16,caught,1,decode
1034,zeroed_run,5153809,2951,caught,1,decode
1035,truncation,1136125,4408861,caught,1,decode
1036,header,47,1,caught,1,decode
1037,payload,1837784,1,caught,1,decode
1038,bit_flip,1667284,1,caught,1,decode
1039,random_bytes,2644896,13,caught,1,decode
1040,zeroed_run,1718313,419,caught,1,decode
1041,truncation,1944687,3600299,caught,1,decode
1042,header,933,1,caught,1,decode
1043,payload,3077491,1,caught,1,decode
1044,bit_flip,2766505,1,caught,1,decode
1045,random_bytes,1046599,3,caught,1,decode
1046,zeroed_run,1954373,803,caught,1,decode
1047,truncation,4744832,800154,caught,1,decode
1048,header,339,1,caught,1,decode
1049,payload,4890174,1,caught,1,decode
1050,bit_flip,5049173,1,caught,1,decode
1051,random_bytes,4727470,10,caught,1,decode
1052,zeroed_run,1520668,2169,caught,1,decode
1053,truncation,4214992,1329994,caught,1,decode
1054,header,74,1,caught,1,decode
1055,payload,2037516,1,caught,1,decode
1056,bit_flip,932282,1,caught,1,decode
1057,random_bytes,2792989,12,caught,1,decode
1058,zeroed_run,704494,3426,caught,1,decode
1059,truncation,2203887,3341099,caught,1,decode
1060,header,100,1,caught,1,decode
1061,payload,929989,1,caught,1,decode
1062,bit_flip,3055311,1,caught,1,decode
1063,random_bytes,709135,13,caught,1,decode
1064,zeroed_run,1309319,3452,caught,1,decode
1065,truncation,5457441,87545,caught,1,decode
1066,header,500,1,caught,1,decode
1067,payload,3560763,1,caught,1,decode
1068,bit_flip,758855,1,caught,1,decode
1069,random_bytes,4462317,2,caught,1,decode
1070,zeroed_run,4584316,1834,caught,1,decode
1071,truncation,3925921,1619065,caught,1,decode
1072,header,559,1,caught,1,decode
1073,payload,3895418,1,caught,1,decode
1074,bit_flip,3266962,1,caught,1,decode
1075,random_bytes,2271634,1,caught,1,decode
1076,zeroed_run,1037121,3270,caught,1,decode
1077,truncation,3806195,1738791,caught,1,decode
1078,header,337,1,caught,1,decode
1079,payload,4303154,1,caught,1,decode
1080,bit_flip,2193282,1,caught,1,decode
1081,random_bytes,5169161,5,caught,1,decode
1082,zeroed_run,5524038,778,caught,1,decode
1083,truncation,5037466,507520,caught,1,decode
1084,header,235,1,caught,1,decode
1085,payload,2939476,1,caught,1,decode
1086,bit_flip,1681939,1,caught,1,decode
1087,random_bytes,5522551,12,caught,1,decode
1088,zeroed_run,4085778,83,caught,1,decode
1089,truncation,4229676,1315310,caught,1,decode
1090,header,747,1,caught,1,decode
1091,payload,4883958,1,caught,1,decode
1092,bit_flip,4545148,1,caught,1,decode
1093,random_bytes,5076940,15,caught,1,decode
1094,zeroed_run,5428708,2301,caught,1,decode
1095,truncation,1878193,3666793,caught,1,decode
1096,header,379,1,caught,1,decode
1097,payload,2886166,1,caught,1,decode
1098,bit_flip,221376,1,caught,1,decode
1099,random_bytes,625379,15,caught,1,decode
1100,zeroed_run,3297804,2479,caught,1,decode
1101,truncation,1959360,3585626,caught,1,decode
1102,header,821,1,caught,1,decode
1103,payload,4598202,1,caught,1,decode
1104,bit_flip,345028,1,caught,1,decode
1105,random_bytes,3026269,16,caught,1,decode
1106,zeroed_run,4503663,1732,caught,1,decode
1107,truncation,4574207,970779,caught,1,decode
1108,header,539,1,caught,1,decode
1109,payload,773364,1,caught,1,decode
1110,bit_flip,5072621,1,caught,1,decode
1111,random_bytes,1118771,8,caught,1,decode
1112,zeroed_run,5104072,3732,caught,1,decode
1113,truncation,4322451,1222535,caught,1,decode
1114,header,761,1,caught,1,decode
1115,payload,2425631,1,caught,1,decode
1116,bit_flip,311035,1,caught,1,decode
1117,random_bytes,4467752,7,caught,1,decode
1118,zeroed_run,664175,1941,caught,1,decode
1119,truncation,1556826,3988160,caught,1,decode
1120,header,162,1,caught,1,decode
1121,payload,4167001,1,caught,1,decode
1122,bit_flip,2196064,1,caught,1,decode
1123,random_bytes,1066206,11,caught,1,decode
1124,zeroed_run,661179,1549,caught,1,decode
1125,truncation,3696905,1848081,caught,1,decode
1126,header,116,1,caught,1,decode
1127,payload,5385583,1,caught,1,decode
1128,bit_flip,1356480,1,caught,1,decode
1129,random_bytes,3468731,3,caught,1,decode
1130,zeroed_run,138271,515,caught,1,decode
1131,truncation,1606446,3938540,caught,1,decode
1132,header,208,1,caught,1,decode
1133,payload,1310847,1,caught,1,decode
1134,bit_flip,3084050,1,caught,1,decode
1135,random_bytes,1055656,7,caught,1,decode
1136,zeroed_run,2119247,842,caught,1,decode
1137,truncation,957777,4587209,caught,1,decode
1138,header,380,1,caught,1,decode
1139,payload,1988137,1,caught,1,decode
1140,bit_flip,5369923,1,caught,1,decode
1141,random_bytes,2081664,5,caught,1,decode
1142,zeroed_run,1727369,487,caught,1,decode
1143,truncation,4168212,1376774,caught,1,decode
1144,header,170,1,caught,1,decode
1145,payload,4643556,1,caught,1,decode
1146,bit_flip,5092658,1,caught,1,decode
1147,random_bytes,5052568,11,caught,1,decode
1148,zeroed_run,2351682,224,caught,1,decode
1149,truncation,1964099,3580887,caught,1,decode
1150,header,247,1,caught,1,decode
1151,payload,3092003,1,caught,1,decode
1152,bit_flip,1736973,1,caught,1,decode
1153,random_bytes,66109,1,caught,1,decode
1154,zeroed_run,5394311,172,caught,1,decode
1155,truncation,4718524,826462,caught,1,decode
1156,header,510,1,caught,1,decode
1157,payload,5073281,1,caught,1,decode
1158,bit_flip,3772079,1,caught,1,decode
1159,random_bytes,2251564,2,caught,1,decode
1160,zeroed_run,2068269,2618,caught,1,decode
1161,truncation,22591,5522395,caught,1,decode
1162,header,5,1,harmless,0,decode
1163,payload,5285415,1,caught,1,decode
1164,bit_flip,4429467,1,caught,1,decode
1165,random_bytes,4816683,14,caught,1,decode
1166,zeroed_run,5065161,3601,caught,1,decode
1167,truncation,2700263,2844723,caught,1,decode
1168,header,178,1,caught,1,decode
1169,payload,4863530,1,caught,1,decode
1170,bit_flip,3273185,1,caught,1,decode
1171,random_bytes,3071302,6,caught,1,decode
1172,zeroed_run,4126348,3566,caught,1,decode
1173,truncation,826264,4718722,caught,1,decode
1174,header,276,1,caught,1,decode
1175,payload,5274561,1,caught,1,decode
1176,bit_flip,5531825,1,caught,1,decode
1177,random_bytes,3488675,11,caught,1,decode
1178,zeroed_run,4382313,2515,caught,1,decode
1179,truncation,3740940,1804046,caught,1,decode
1180,header,940,1,caught,1,decode
1181,payload,2807082,1,caught,1,decode
1182,bit_flip,1752472,1,caught,1,decode
1183,random_bytes,768952,5,caught,1,decode
1184,zeroed_run,3022785,1720,caught,1,decode
1185,truncation,3365482,2179504,caught,1,decode
1186,header,116,1,caught,1,decode
1187,payload,1735050,1,caught,1,decode
1188,bit_flip,4143319,1,caught,1,decode
1189,random_bytes,4429993,8,caught,1,decode
1190,zeroed_run,2031586,2976,caught,1,decode
1191,truncation,2486303,3058683,caught,1,decode
1192,header,859,1,caught,1,decode
1193,payload,1045255,1,caught,1,decode
1194,bit_flip,1159968,1,caught,1,decode
1195,random_bytes,2630439,6,caught,1,decode
1196,zeroed_run,2464221,23,caught,1,decode
1197,truncation,5085354,459632,caught,1,decode
1198,header,640,1,caught,1,decode
1199,payload,1193175,1,caught,1,decode
1200,bit_flip,5326374,1,caught,1,decode
1201,random_bytes,2809655,11,caught,1,decode
1202,zeroed_run,1953787,688,caught,1,decode
1203,truncation,191344,5353642,caught,1,decode
1204,header,66,1,caught,1,decode
1205,payload,1473066,1,caught,1,decode
1206,bit_flip,5440291,1,caught,1,decode
1207,random_bytes,5448835,11,caught,1,decode
1208,zeroed_run,3570766,1753,caught,1,decode
1209,truncation,4589837,955149,caught,1,decode
1210,header,645,1,caught,1,decode
1211,payload,2074203,1,caught,1,decode
1212,bit_flip,5153184,1,caught,1,decode
1213,random_bytes,4099397,8,caught,1,decode
1214,zeroed_run,5094465,627,caught,1,decode
1215,truncation,4666684,878302,caught,1,decode
1216,header,954,1,caught,1,decode
1217,payload,4505622,1,caught,1,decode
1218,bit_flip,4729205,1,caught,1,decode
1219,random_bytes,200041,15,caught,1,decode
1220,zeroed_run,4976088,3516,caught,1,decode
1221,truncation,3279559,2265427,caught,1,decode
1222,header,923,1,caught,1,decode
1223,payload,3699143,1,caught,1,decode
1224,bit_flip,1673666,1,caught,1,decode
1225,random_bytes,2762635,15,caught,1,decode
1226,zeroed_run,446607,1788,caught,1,decode
1227,truncation,5377106,167880,caught,1,decode
1228,header,43,1,caught,1,decode
1229,payload,969771,1,caught,1,decode
1230,bit_flip,2871846,1,caught,1,decode
1231,random_bytes,5474253,16,caught,1,decode
1232,zeroed_run,43485,464,caught,1,decode
1233,truncation,5383885,161101,caught,1,decode
1234,header,60,1,caught,1,decode
1235,payload,1047495,1,caught,1,decode
1236,bit_flip,396038,1,caught,1,decode
1237,random_bytes,621682,12,caught,1,decode
1238,zeroed_run,4751505,2319,caught,1,decode
1239,truncation,5491291,53695,caught,1,decode
1240,header,1019,1,caught,1,decode
1241,payload,3540884,1,caught,1,decode
1242,bit_flip,833130,1,caught,1,decode
1243,random_bytes,4071756,10,caught,1,decode
1244,zeroed_run,1847577,1016,caught,1,decode
1245,truncation,3434849,2110137,caught,1,decode
1246,header,205,1,caught,1,decode
1247,payload,2289742,1,caught,1,decode
1248,bit_flip,1181727,1,caught,1,decode
1249,random_bytes,5482193,13,caught,1,decode
1250,zeroed_run,4109713,2126,caught,1,decode
1251,truncation,2146812,3398174,caught,1,decode
1252,header,2,1,caught,1,decode
1253,payload,2417761,1,caught,1,decode
1254,bit_flip,4584928,1,caught,1,decode
1255,random_bytes,5511564,15,caught,1,decode
1256,zeroed_run,130718,1210,caught,1,decode
1257,truncation,4255431,1289555,caught,1,decode
1258,header,418,1,caught,1,decode
1259,payload,5371039,1,caught,1,decode
1260,bit_flip,4998593,1,caught,1,decode
1261,random_bytes,4361647,8,caught,1,decode
1262,zeroed_run,5400550,1110,caught,1,decode
1263,truncation,5363439,181547,caught,1,decode
1264,header,949,1,caught,1,decode
1265,payload,1266645,1,caught,1,decode
1266,bit_flip,3144607,1,caught,1,decode
1267,random_bytes,425004,7,caught,1,decode
1268,zeroed_run,4401085,1150,caught,1,decode
1269,truncation,786623,4758363,caught,1,decode
1270,header,307,1,caught,1,decode
1271,payload,3448584,1,caught,1,decode
1272,bit_flip,3400574,1,caught,1,decode
1273,random_bytes,3238962,8,caught,1,decode
1274,zeroed_run,231640,1901,caught,1,decode
1275,truncation,562564,4982422,caught,1,decode
1276,header,657,1,caught,1,decode
1277,payload,1927156,1,caught,1,decode
1278,bit_flip,337768,1,caught,1,decode
1279,random_bytes,5114040,4,caught,1,decode
1280,zeroed_run,3086011,1287,caught,1,decode
1281,truncation,3954119,1590867,caught,1,decode
1282,header,907,1,caught,1,decode
1283,payload,3509372,1,caught,1,decode
1284,bit_flip,4015261,1,caught,1,decode
1285,random_bytes,1387033,1,caught,1,decode
1286,zeroed_run,2207356,2521,caught,1,decode
1287,truncation,2646675,2898311,caught,1,decode
1288,header,704,1,caught,1,decode
1289,payload,1834846,1,caught,1,decode
1290,bit_flip,3660277,1,caught,1,decode
1291,random_bytes,2574696,6,caught,1,decode
1292,zeroed_run,1593848,674,caught,1,decode
1293,truncation,2169517,3375469,caught,1,decode
1294,header,420,1,caught,1,decode
1295,payload,3760765,1,caught,1,decode
1296,bit_flip,4887324,1,caught,1,decode
1297,random_bytes,4984393,11,caught,1,decode
1298,zeroed_run,4414469,1089,caught,1,decode
1299,truncation,152782,5392204,caught,1,decode
1300,header,908,1,caught,1,decode
1301,payload,4951814,1,caught,1,decode
1302,bit_flip,1942482,1,caught,1,decode
1303,random_bytes,1093453,4,caught,1,decode
1304,zeroed_run,2096438,389,caught,1,decode
1305,truncation,497205,5047781,caught,1,decode
1306,header,855,1,caught,1,decode
1307,payload,3712170,1,caught,1,decode
1308,bit_flip,4603617,1,caught,1,decode
1309,random_bytes,1344145,15,caught,1,decode
1310,zeroed_run,747502,2625,caught,1,decode
1311,truncation,632979,4912007,caught,1,decode
1312,header,139,1,caught,1,decode
1313,payload,1929077,1,caught,1,decode
1314,bit_flip,1858964,1,caught,1,decode
1315,random_bytes,3924440,6,caught,1,decode
1316,zeroed_run,3833926,910,caught,1,decode
1317,truncation,2799185,2745801,caught,1,decode
1318,header,355,1,caught,1,decode
1319,payload,3529654,1,caught,1,decode
1320,bit_flip,3035810,1,caught,1,decode
1321,random_bytes,5045580,8,caught,1,decode
1322,zeroed_run,4835915,3909,caught,1,decode
1323,truncation,4636202,908784,caught,1,decode
1324,header,170,1,caught,1,decode
1325,payload,1034467,1,caught,1,decode
1326,bit_flip,474879,1,caught,1,decode
1327,random_bytes,5031954,5,caught,1,decode
1328,zeroed_run,1272289,2188,caught,1,decode
1329,truncation,759054,4785932,caught,1,decode
1330,header,41,1,caught,1,decode
1331,payload,5515878,1,caught,1,decode
1332,bit_flip,2667268,1,caught,1,decode
1333,random_bytes,2631572,13,caught,1,decode
1334,zeroed_run,2640424,2994,caught,1,decode
1335,truncation,4366811,1178175,caught,1,decode
1336,header,892,1,caught,1,decode
1337,payload,5302323,1,caught,1,decode
1338,bit_flip,2936215,1,caught,1,decode
1339,random_bytes,2609412,4,caught,1,decode
1340,zeroed_run,1345777,2810,caught,1,decode
1341,truncation,813587,4731399,caught,1,decode
1342,header,494,1,caught,1,decode
1343,payload,1206472,1,caught,1,decode
1344,bit_flip,4122059,1,caught,1,decode
1345,random_bytes,2266022,10,caught,1,decode
1346,zeroed_run,567326,3551,caught,1,decode
1347,truncation,5195554,349432,caught,1,decode
1348,header,103,1,caught,1,decode
1349,payload,2065320,1,caught,1,decode
1350,bit_flip,4859452,1,caught,1,decode
1351,random_bytes,299527,14,caught,1,decode
1352,zeroed_run,1226917,3395,caught,1,decode
1353,truncation,566366,4978620,caught,1,decode
1354,header,82,1,caught,1,decode
1355,payload,1930554,1,caught,1,decode
1356,bit_flip,1851180,1,caught,1,decode
1357,random_bytes,4184875,3,caught,1,decode
1358,zeroed_run,2596450,3357,caught,1,decode
1359,truncation,2223949,3321037,caught,1,decode
1360,header,570,1,caught,1,decode
1361,payload,3321679,1,caught,1,decode
1362,bit_flip,427570,1,caught,1,decode
1363,random_bytes,2965902,8,caught,1,decode
1364,zeroed_run,2728602,2994,caught,1,decode
1365,truncation,4382692,1162294,caught,1,decode
1366,header,312,1,caught,1,decode
1367,payload,919780,1,caught,1,decode
1368,bit_flip,3916202,1,caught,1,decode
1369,random_bytes,2384053,8,caught,1,decode
1370,zeroed_run,3945171,1118,caught,1,decode
1371,truncation,1257457,4287529,caught,1,decode
1372,header,672,1,caught,1,decode
1373,payload,5198572,1,caught,1,decode
1374,bit_flip,359627,1,caught,1,decode
1375,random_bytes,1979258,1,caught,1,decode
1376,zeroed_run,3970509,3004,caught,1,decode
1377,truncation,1760295,3784691,caught,1,decode
1378,header,813,1,caught,1,decode
1379,payload,3304559,1,caught,1,decode
1380,bit_flip,3950875,1,caught,1,decode
1381,random_bytes,4115936,7,caught,1,decode
1382,zeroed_run,3002587,3702,caught,1,decode
1383,truncation,12463,5532523,caught,1,decode
1384,header,997,1,caught,1,decode
1385,payload,2515691,1,caught,1,decode
1386,bit_flip,1335293,1,caught,1,decode
1387,random_bytes,4530032,4,caught,1,decode
1388,zeroed_run,5022016,3286,caught,1,decode
1389,truncation,895251,4649735,caught,1,decode
1390,header,310,1,caught,1,decode
1391,payload,4002890,1,caught,1,decode
1392,bit_flip,133193,1,caught,1,decode
1393,random_bytes,281017,4,caught,1,decode
1394,zeroed_run,3427363,3773,caught,1,decode
1395,truncation,2083490,3461496,caught,1,decode
1396,header,672,1,caught,1,decode
1397,payload,2865633,1,caught,1,decode
1398,bit_flip,1855885,1,caught,1,decode
1399,random_bytes,636094,16,caught,1,decode
1400,zeroed_run,3957518,1510,caught,1,decode
1401,truncation,2787636,2757350,caught,1,decode
1402,header,491,1,caught,1,decode
1403,payload,4376974,1,caught,1,decode
1404,bit_flip,2344437,1,caught,1,decode
1405,random_bytes,1806574,9,caught,1,decode
1406,zeroed_run,3393091,1217,caught,1,decode
1407,truncation,58697,5486289,caught,1,decode
1408,header,446,1,caught,1,decode
1409,payload,1452026,1,caught,1,decode
1410,bit_flip,617948,1,caught,1,decode
1411,random_bytes,3350826,3,caught,1,decode
1412,zeroed_run,4397183,641,caught,1,decode
1413,truncation,4699328,845658,caught,1,decode
1414,header,49,1,caught,1,decode
1415,payload,245272,1,caught,1,decode
1416,bit_flip,467825,1,caught,1,decode
1417,random_bytes,1952195,6,caught,1,decode
1418,zeroed_run,4816670,3195,caught,1,decode
1419,truncation,1010286,4534700,caught,1,decode
1420,header,597,1,caught,1,decode
1421,payload,1359403,1,caught,1,decode
1422,bit_flip,1764605,1,caught,1,decode
1423,random_bytes,4378358,7,caught,1,decode
1424,zeroed_run,5168810,3164,caught,1,decode
1425,truncation,608942,4936044,caught,1,decode
1426,header,917,1,caught,1,decode
1427,payload,1612716,1,caught,1,decode
1428,bit_flip,5484836,1,caught,1,decode
1429,random_bytes,5533532,7,caught,1,decode
1430,zeroed_run,3338765,2162,caught,1,decode
1431,truncation,2976051,2568935,caught,1,decode
1432,header,673,1,caught,1,decode
1433,payload,2295792,1,caught,1,decode
1434,bit_flip,1032022,1,caught,1,decode
1435,random_bytes,2039518,5,caught,1,decode
1436,zeroed_run,4688230,3091,caught,1,decode
1437,truncation,6777,5538209,caught,1,decode
1438,header,771,1,caught,1,decode
1439,payload,4078963,1,caught,1,decode
1440,bit_flip,4967886,1,caught,1,decode
1441,random_bytes,2857223,1,caught,1,decode
1442,zeroed_run,1270151,2496,caught,1,decode
1443,truncation,260646,5284340,caught,1,decode
1444,header,878,1,caught,1,decode
1445,payload,381996,1,caught,1,decode
1446,bit_flip,884636,1,caught,1,decode
1447,random_bytes,157695,9,caught,1,decode
1448,zeroed_run,2437973,3263,caught,1,decode
1449,truncation,1964462,3580524,caught,1,decode
1450,header,373,1,caught,1,decode
1451,payload,541334,1,caught,1,decode
1452,bit_flip,3076818,1,caught,1,decode
1453,random_bytes,3685063,4,caught,1,decode
1454,zeroed_run,253291,2374,caught,1,decode
1455,truncation,2904125,2640861,caught,1,decode
1456,header,152,1,caught,1,decode
1457,payload,1401133,1,caught,1,decode
1458,bit_flip,5449946,1,caught,1,decode
1459,random_bytes,364018,4,caught,1,decode
1460,zeroed_run,3840758,3934,caught,1,decode
1461,truncation,2764626,2780360,caught,1,decode
1462,header,778,1,caught,1,decode
1463,payload,574320,1,caught,1,decode
1464,bit_flip,2433382,1,caught,1,decode
1465,random_bytes,57612,16,caught,1,decode
1466,zeroed_run,2806485,1232,caught,1,decode
1467,truncation,1219739,4325247,caught,1,decode
1468,header,1009,1,caught,1,decode
1469,payload,5384810,1,caught,1,decode
1470,bit_flip,1028836,1,caught,1,decode
1471,random_bytes,3027262,16,caught,1,decode
1472,zeroed_run,2849961,2594,caught,1,decode
1473,truncation,2627213,2917773,caught,1,decode
1474,header,171,1,caught,1,decode
1475,payload,1559018,1,caught,1,decode
1476,bit_flip,4362414,1,caught,1,decode
1477,random_bytes,4167906,5,caught,1,decode
1478,zeroed_run,1991721,543,caught,1,decode
1479,truncation,492245,5052741,caught,1,decode
1480,header,279,1,caught,1,decode
1481,payload,4079638,1,caught,1,decode
1482,bit_flip,3698816,1,caught,1,decode
1483,random_bytes,2728015,8,caught,1,decode
1484,zeroed_run,2000425,2894,caught,1,decode
1485,truncation,2464839,3080147,caught,1,decode
1486,header,377,1,caught,1,decode
1487,payload,3102624,1,caught,1,decode
1488,bit_flip,1582180,1,caught,1,decode
1489,random_bytes,3819258,9,caught,1,decode
1490,zeroed_run,2643635,3308,caught,1,decode
1491,truncation,1037992,4506994,caught,1,decode
1492,header,266,1,caught,1,decode
1493,payload,1415727,1,caught,1,decode
1494,bit_flip,2225358,1,caught,1,decode
1495,random_bytes,1123184,13,caught,1,decode
1496,zeroed_run,5320222,3449,caught,1,decode
1497,truncation,3914660,1630326,caught,1,decode
1498,header,538,1,caught,1,decode
1499,payload,54654,1,caught,1,decode
1500,bit_flip,4209941,1,caught,1,decode
1501,random_bytes,4172746,15,caught,1,decode
1502,zeroed_run,5508602,1841,caught,1,decode
1503,truncation,734415,4810571,caught,1,decode
1504,header,340,1,caught,1,decode
1505,payload,3235051,1,caught,1,decode
1506,bit_flip,2508661,1,caught,1,decode
1507,random_bytes,4890371,8,caught,1,decode
1508,zeroed_run,2203757,1198,caught,1,decode
1509,truncation,5266907,278079,caught,1,decode
1510,header,830,1,caught,1,decode
1511,payload,2382782,1,caught,1,decode
1512,bit_flip,4552445,1,caught,1,decode
1513,random_bytes,31944,14,caught,1,decode
1514,zeroed_run,1384837,136,caught,1,decode
1515,truncation,4690040,854946,caught,1,decode
1516,header,370,1,caught,1,decode
1517,payload,751642,1,caught,1,decode
1518,bit_flip,1630793,1,caught,1,decode
1519,random_bytes,5106342,12,caught,1,decode
1520,zeroed_run,2917526,1770,caught,1,decode
1521,truncation,1969644,3575342,caught,1,decode
1522,header,416,1,caught,1,decode
1523,payload,4749100,1,caught,1,decode
1524,bit_flip,3108149,1,caught,1,decode
1525,random_bytes,4906576,15,caught,1,decode
1526,zeroed_run,968611,415,caught,1,decode
1527,truncation,2323267,3221719,caught,1,decode
1528,header,885,1,caught,1,decode
1529,payload,2436849,1,caught,1,decode
1530,bit_flip,5453080,1,caught,1,decode
1531,random_bytes,2834350,3,caught,1,decode
1532,zeroed_run,1348100,154,caught,1,decode
1533,truncation,4689171,855815,caught,1,decode
1534,header,782,1,caught,1,decode
1535,payload,2052101,1,caught,1,decode
1536,bit_flip,2893118,1,caught,1,decode
1537,random_bytes,2271623,12,caught,1,decode
1538,zeroed_run,1961374,2348,caught,1,decode
1539,truncation,5054624,490362,caught,1,decode
1540,header,105,1,caught,1,decode
1541,payload,846183,1,caught,1,decode
1542,bit_flip,953973,1,caught,1,decode
1543,random_bytes,3228095,16,caught,1,decode
1544,zeroed_run,5188079,560,caught,1,decode
1545,truncation,1229755,4315231,caught,1,decode
1546,header,469,1,caught,1,decode
1547,payload,1764645,1,caught,1,decode
1548,bit_flip,376186,1,caught,1,decode
1549,random_bytes,3695979,6,caught,1,decode
1550,zeroed_run,704230,375,caught,1,decode
1551,truncation,399954,5145032,caught,1,decode
1552,header,259,1,caught,1,decode
1553,payload,106880,1,caught,1,decode
1554,bit_flip,4703943,1,caught,1,decode
1555,random_bytes,2400113,6,caught,1,decode
1556,zeroed_run,962048,1119,caught,1,decode
1557,truncation,181754,5363232,caught,1,decode
1558,header,729,1,caught,1,decode
1559,payload,3083443,1,caught,1,decode
1560,bit_flip,3762155,1,caught,1,decode
1561,random_bytes,1581202,9,caught,1,decode
1562,zeroed_run,1766145,1047,caught,1,decode
1563,truncation,3464105,2080881,caught,1,decode
1564,header,280,1,caught,1,decode
1565,payload,1124081,1,caught,1,decode
1566,bit_flip,3829261,1,caught,1,decode
1567,random_bytes,2796983,5,caught,1,decode
1568,zeroed_run,4298696,758,caught,1,decode
1569,truncation,4578607,966379,caught,1,decode
1570,header,194,1,caught,1,decode
1571,payload,2827277,1,caught,1,decode
1572,bit_flip,2434053,1,caught,1,decode
1573,random_bytes,2492040,10,caught,1,decode
1574,zeroed_run,3886818,1636,caught,1,decode
1575,truncation,1890870,3654116,caught,1,decode
1576,header,910,1,caught,1,decode
1577,payload,3985909,1,caught,1,decode
1578,bit_flip,4841598,1,caught,1,decode
1579,random_bytes,661543,9,caught,1,decode
1580,zeroed_run,2770957,3745,caught,1,decode
1581,truncation,3243596,2301390,caught,1,decode
1582,header,392,1,caught,1,decode
1583,payload,5512678,1,caught,1,decode
1584,bit_flip,3048702,1,caught,1,decode
1585,random_bytes,2098099,7,caught,1,decode
1586,zeroed_run,1080782,2885,caught,1,decode
1587,truncation,2827503,2717483,caught,1,decode
1588,header,42,1,caught,1,decode
1589,payload,301951,1,caught,1,decode
1590,bit_flip,5187662,1,caught,1,decode
1591,random_bytes,4279008,2,caught,1,decode
1592,zeroed_run,867894,2773,caught,1,decode
1593,truncation,784211,4760775,caught,1,decode
1594,header,40,1,caught,1,decode
1595,payload,1155152,1,caught,1,decode
1596,bit_flip,3262821,1,caught,1,decode
1597,random_bytes,4315726,15,caught,1,decode
1598,zeroed_run,4636260,1857,caught,1,decode
1599,truncation,2193339,3351647,caught,1,decode
1600,header,699,1,caught,1,decode
1601,payload,979507,1,caught,1,decode
1602,bit_flip,47153,1,caught,1,decode
1603,random_bytes,3929879,1,caught,1,decode
1604,zeroed_run,1100176,1597,caught,1,decode
1605,truncation,1150419,4394567,caught,1,decode
1606,header,381,1,caught,1,decode
1607,payload,3620173,1,caught,1,decode
1608,bit_flip,637360,1,caught,1,decode
1609,random_bytes,2355039,15,caught,1,decode
1610,zeroed_run,3753153,3131,caught,1,decode
1611,truncation,5427778,117208,caught,1,decode
1612,header,101,1,caught,1,decode
1613,payload,1707709,1,caught,1,decode
1614,bit_flip,2501855,1,caught,1,decode
1615,random_bytes,119301,8,caught,1,decode
1616,zeroed_run,782044,3800,caught,1,decode
1617,truncation,5162715,382271,caught,1,decode
1618,header,531,1,caught,1,decode
1619,payload,94751,1,caught,1,decode
1620,bit_flip,714525,1,caught,1,decode
1621,random_bytes,1039203,6,caught,1,decode
1622,zeroed_run,2235627,2395,caught,1,decode
1623,truncation,5472300,72686,caught,1,decode
1624,header,195,1,caught,1,decode
1625,payload,1888172,1,caught,1,decode
1626,bit_flip,5227601,1,caught,1,decode
1627,random_bytes,3523555,7,caught,1,decode
1628,zeroed_run,5176049,812,caught,1,decode
1629,truncation,77592,5467394,caught,1,decode
1630,header,715,1,caught,1,decode
1631,payload,830539,1,caught,1,decode
1632,bit_flip,4536770,1,caught,1,decode
1633,random_bytes,378820,9,caught,1,decode
1634,zeroed_run,1654571,2595,caught,1,decode
1635,truncation,606591,4938395,caught,1,decode
1636,header,710,1,caught,1,decode
1637,payload,5042238,1,caught,1,decode
1638,bit_flip,1345857,1,caught,1,decode
1639,random_bytes,99773,4,caught,1,decode
1640,zeroed_run,1469555,3308,caught,1,decode
1641,truncation,4352176,1192810,caught,1,decode
1642,header,818,1,caught,1,decode
1643,payload,3278482,1,caught,1,decode
1644,bit_flip,2278421,1,caught,1,decode
1645,random_bytes,3844934,14,caught,1,decode
1646,zeroed_run,65935,3320,caught,1,decode
1647,truncation,4564299,980687,caught,1,decode
1648,header,999,1,caught,1,decode
1649,payload,1059099,1,caught,1,decode
1650,bit_flip,4320166,1,caught,1,decode
1651,random_bytes,2631799,5,caught,1,decode
1652,zeroed_run,995378,2845,caught,1,decode
1653,truncation,4956309,588677,caught,1,decode
1654,header,93,1,caught,1,decode
1655,payload,646590,1,caught,1,decode
1656,bit_flip,4486209,1,caught,1,decode
1657,random_bytes,27373,13,caught,1,decode
1658,zeroed_run,1901955,3383,caught,1,decode
1659,truncation,1762037,3782949,caught,1,decode
1660,header,773,1,caught,1,decode
1661,payload,4681855,1,caught,1,decode
1662,bit_flip,5439163,1,caught,1,decode
1663,random_bytes,1927873,12,caught,1,decode
1664,zeroed_run,2544070,3755,caught,1,decode
1665,truncation,724061,4820925,caught,1,decode
1666,header,452,1,caught,1,decode
1667,payload,5274626,1,caught,1,decode
1668,bit_flip,3080103,1,caught,1,decode
1669,random_bytes,3311668,12,caught,1,decode
1670,zeroed_run,3859895,2682,caught,1,decode
1671,truncation,3382698,2162288,caught,1,decode
1672,header,435,1,caught,1,decode
1673,payload,5173556,1,caught,1,decode
1674,bit_flip,82671,1,caught,1,decode
1675,random_bytes,1700569,8,caught,1,decode
1676,zeroed_run,1227468,19,caught,1,decode
1677,truncation,949266,4595720,caught,1,decode
1678,header,562,1,caught,1,decode
1679,payload,4041123,1,caught,1,decode
1680,bit_flip,4599667,1,caught,1,decode
1681,random_bytes,3592108,8,caught,1,decode
1682,zeroed_run,1726401,1124,caught,1,decode
1683,truncation,2179434,3365552,caught,1,decode
1684,header,639,1,caught,1,decode
1685,payload,641913,1,caught,1,decode
1686,bit_flip,3347280,1,caught,1,decode
1687,random_bytes,3424958,13,caught,1,decode
1688,zeroed_run,3873344,526,caught,1,decode
1689,truncation,2086712,3458274,caught,1,decode
1690,header,66,1,caught,1,decode
1691,payload,824075,1,caught,1,decode
1692,bit_flip,2394102,1,caught,1,decode
1693,random_bytes,2275406,14,caught,1,decode
1694,zeroed_run,733118,3962,caught,1,decode
1695,truncation,4048400,1496586,caught,1,decode
1696,header,903,1,caught,1,decode
1697,payload,3800486,1,caught,1,decode
1698,bit_flip,715836,1,caught,1,decode
1699,random_bytes,522264,7,caught,1,decode
1700,zeroed_run,1509556,1695,caught,1,decode
1701,truncation,1642780,3902206,caught,1,decode
1702,header,104,1,caught,1,decode
1703,payload,3621223,1,caught,1,decode
1704,bit_flip,3061985,1,caught,1,decode
1705,random_bytes,3070223,14,caught,1,decode
1706,zeroed_run,2669404,3453,caught,1,decode
1707,truncation,1872009,3672977,caught,1,decode
1708,header,58,1,caught,1,decode
1709,payload,2663331,1,caught,1,decode
1710,bit_flip,3848725,1,caught,1,decode
1711,random_bytes,2033569,12,caught,1,decode
1712,zeroed_run,1351107,1167,caught,1,decode
1713,truncation,2522239,3022747,caught,1,decode
1714,header,291,1,caught,1,decode
1715,payload,3054059,1,caught,1,decode
1716,bit_flip,4414877,1,caught,1,decode
1717,random_bytes,4777939,13,caught,1,decode
1718,zeroed_run,3439037,1854,caught,1,decode
1719,truncation,465009,5079977,caught,1,decode
1720,header,778,1,caught,1,decode
1721,payload,404855,1,caught,1,decode
1722,bit_flip,845690,1,caught,1,decode
1723,random_bytes,1066743,3,caught,1,decode
1724,zeroed_run,5432070,791,caught,1,decode
1725,truncation,5452188,92798,caught,1,decode
1726,header,151,1,caught,1,decode
1727,payload,1462854,1,caught,1,decode
1728,bit_flip,3160090,1,caught,1,decode
1729,random_bytes,3053799,15,caught,1,decode
1730,zeroed_run,2804246,2779,caught,1,decode
1731,truncation,4114465,1430521,caught,1,decode
1732,header,414,1,caught,1,decode
1733,payload,3843160,1,caught,1,decode
1734,bit_flip,3126280,1,caught,1,decode
1735,random_bytes,5249636,6,caught,1,decode
1736,zeroed_run,1619803,2377,caught,1,decode
1737,truncation,3252759,2292227,caught,1,decode
1738,header,48,1,caught,1,decode
1739,payload,1137832,1,caught,1,decode
1740,bit_flip,4253124,1,caught,1,decode
1741,random_bytes,4807007,5,caught,1,decode
1742,zeroed_run,3911435,652,caught,1,decode
1743,truncation,3569786,1975200,caught,1,decode
1744,header,171,1,caught,1,decode
1745,payload,5163155,1,caught,1,decode
1746,bit_flip,3589680,1,caught,1,decode
1747,random_bytes,2565404,8,caught,1,decode
1748,zeroed_run,4126080,289,caught,1,decode
1749,truncation,1507833,4037153,caught,1,decode
1750,header,309,1,caught,1,decode
1751,payload,2890517,1,caught,1,decode
1752,bit_flip,1660927,1,caught,1,decode
1753,random_bytes,5364398,3,caught,1,decode
1754,zeroed_run,1755215,558,caught,1,decode
1755,truncation,1857542,3687444,caught,1,decode
1756,header,993,1,caught,1,decode
1757,payload,3662084,1,caught,1,decode
1758,bit_flip,1033306,1,caught,1,decode
1759,random_bytes,5370748,1,caught,1,decode
1760,zeroed_run,3390397,3663,caught,1,decode
1761,truncation,1500453,4044533,caught,1,decode
1762,header,114,1,caught,1,decode
1763,payload,3208289,1,caught,1,decode
1764,bit_flip,4760122,1,caught,1,decode
1765,random_bytes,2790483,10,caught,1,decode
1766,zeroed_run,1187266,1806,caught,1,decode
1767,truncation,3048918,2496068,caught,1,decode
1768,header,426,1,caught,1,decode
1769,payload,813965,1,caught,1,decode
1770,bit_flip,3910555,1,caught,1,decode
1771,random_bytes,145200,9,caught,1,decode
1772,zeroed_run,178533,4048,caught,1,decode
1773,truncation,633986,4911000,caught,1,decode
1774,header,741,1,caught,1,decode
1775,payload,2798836,1,caught,1,decode
1776,bit_flip,3419739,1,caught,1,decode
1777,random_bytes,344366,3,caught,1,decode
1778,zeroed_run,2052568,1034,caught,1,decode
1779,truncation,412127,5132859,caught,1,decode
1780,header,998,1,caught,1,decode
1781,payload,4133910,1,caught,1,decode
1782,bit_flip,3670417,1,caught,1,decode
1783,random_bytes,3823103,6,caught,1,decode
1784,zeroed_run,583688,2499,caught,1,decode
1785,truncation,750432,4794554,caught,1,decode
1786,header,982,1,caught,1,decode
1787,payload,634206,1,caught,1,decode
1788,bit_flip,4421404,1,caught,1,decode
1789,random_bytes,2566434,3,caught,1,decode
1790,zeroed_run,4087280,951,caught,1,decode
1791,truncation,1078794,4466192,caught,1,decode
1792,header,817,1,caught,1,decode
1793,payload,4393515,1,caught,1,decode
1794,bit_flip,584674,1,caught,1,decode
1795,random_bytes,233044,14,caught,1,decode
1796,zeroed_run,3792521,1753,caught,1,decode
1797,truncation,5420082,124904,caught,1,decode
1798,header,165,1,caught,1,decode
1799,payload,3238766,1,caught,1,decode
1800,bit_flip,4395937,1,caught,1,decode
1801,random_bytes,276500,3,caught,1,decode
1802,zeroed_run,5017166,1816,caught,1,decode
1803,truncation,3004629,2540357,caught,1,decode
1804,header,110,1,caught,1,decode
1805,payload,967296,1,caught,1,decode
1806,bit_flip,862641,1,caught,1,decode
1807,random_bytes,449723,15,caught,1,decode
1808,zeroed_run,2287200,652,caught,1,decode
1809,truncation,3897285,1647701,caught,1,decode
1810,header,110,1,caught,1,decode
1811,payload,3202273,1,caught,1,decode
1812,bit_flip,484163,1,caught,1,decode
1813,random_bytes,3518119,7,caught,1,decode
1814,zeroed_run,1029972,1638,caught,1,decode
1815,truncation,1771929,3773057,caught,1,decode
1816,header,1000,1,caught,1,decode
1817,payload,4987101,1,caught,1,decode
1818,bit_flip,5510620,1,caught,1,decode
1819,random_bytes,2931425,1,caught,1,decode
1820,zeroed_run,1380835,3569,caught,1,decode
1821,truncation,5095055,449931,caught,1,decode
1822,header,408,1,caught,1,decode
1823,payload,3250632,1,caught,1,decode
1824,bit_flip,123671,1,caught,1,decode
1825,random_bytes,4195180,6,caught,1,decode
1826,zeroed_run,1011961,1517,caught,1,decode
1827,truncation,1479441,4065545,caught,1,decode
1828,header,774,1,caught,1,decode
1829,payload,3460633,1,caught,1,decode
1830,bit_flip,1486061,1,caught,1,decode
1831,random_bytes,3875617,9,caught,1,decode
1832,zeroed_run,1166656,932,caught,1,decode
1833,truncation,4509881,1035105,caught,1,decode
1834,header,821,1,caught,1,decode
1835,payload,732181,1,caught,1,decode
1836,bit_flip,3515938,1,caught,1,decode
1837,random_bytes,2097677,4,caught,1,decode
1838,zeroed_run,5469588,267,caught,1,decode
1839,truncation,1774749,3770237,caught,1,decode
1840,header,75,1,caught,1,decode
1841,payload,669172,1,caught,1,decode
1842,bit_flip,1874283,1,caught,1,decode
1843,random_bytes,3274683,4,caught,1,decode
1844,zeroed_run,5439404,2676,caught,1,decode
1845,truncation,582878,4962108,caught,1,decode
1846,header,28,1,caught,1,decode
1847,payload,2929598,1,caught,1,decode
1848,bit_flip,676081,1,caught,1,decode
1849,random_bytes,2523458,2,caught,1,decode
1850,zeroed_run,4019121,1580,caught,1,decode
1851,truncation,2595831,2949155,caught,1,decode
1852,header,525,1,caught,1,decode
1853,payload,1514887,1,caught,1,decode
1854,bit_flip,2705725,1,caught,1,decode
1855,random_bytes,257839,9,caught,1,decode
1856,zeroed_run,1644537,2135,caught,1,decode
1857,truncation,371119,5173867,caught,1,decode
1858,header,789,1,caught,1,decode
1859,payload,1251442,1,caught,1,decode
1860,bit_flip,4447207,1,caught,1,decode
1861,random_bytes,1371543,12,caught,1,decode
1862,zeroed_run,3910569,3145,caught,1,decode
1863,truncation,4661175,883811,caught,1,decode
1864,header,4,1,harmless,0,decode
1865,payload,5233109,1,caught,1,decode
1866,bit_flip,2388439,1,caught,1,decode
1867,random_bytes,3726621,11,caught,1,decode
1868,zeroed_run,417830,438,caught,1,decode
1869,truncation,366105,5178881,caught,1,decode
1870,header,39,1,caught,1,decode
1871,payload,3344727,1,caught,1,decode
1872,bit_flip,2136990,1,caught,1,decode
1873,random_bytes,1132000,7,caught,1,decode
1874,zeroed_run,2669889,2614,caught,1,decode
1875,truncation,5193640,351346,caught,1,decode
1876,header,168,1,caught,1,decode
1877,payload,1537825,1,caught,1,decode
1878,bit_flip,3617832,1,caught,1,decode
1879,random_bytes,1401303,12,caught,1,decode
1880,zeroed_run,3655355,1971,caught,1,decode
1881,truncation,900990,4643996,caught,1,decode
1882,header,53,1,caught,1,decode
1883,payload,5380304,1,caught,1,decode
1884,bit_flip,2879893,1,caught,1,decode
1885,random_bytes,413756,15,caught,1,decode
1886,zeroed_run,1676817,3736,caught,1,decode
1887,truncation,1119842,4425144,caught,1,decode
1888,header,770,1,caught,1,decode
1889,payload,2710200,1,caught,1,decode
1890,bit_flip,1247074,1,caught,1,decode
1891,random_bytes,1307688,1,caught,1,decode
1892,zeroed_run,1946922,569,caught,1,decode
1893,truncation,157116,5387870,caught,1,decode
1894,header,975,1,caught,1,decode
1895,payload,335793,1,caught,1,decode
1896,bit_flip,1274009,1,caught,1,decode
1897,random_bytes,4099922,10,caught,1,decode
1898,zeroed_run,2085241,966,caught,1,decode
1899,truncation,224371,5320615,caught,1,decode
1900,header,285,1,caught,1,decode
1901,payload,3661849,1,caught,1,decode
1902,bit_flip,5411355,1,caught,1,decode
1903,random_bytes,3473378,15,caught,1,decode
1904,zeroed_run,789422,2786,caught,1,decode
1905,truncation,2550789,2994197,caught,1,decode
1906,header,137,1,caught,1,decode
1907,payload,3196891,1,caught,1,decode
1908,bit_flip,4594401,1,caught,1,decode
1909,random_bytes,2468999,1,caught,1,decode
1910,zeroed_run,2290990,3885,caught,1,decode
1911,truncation,1629283,3915703,caught,1,decode
1912,header,498,1,caught,1,decode
1913,payload,2273785,1,caught,1,decode
1914,bit_flip,4448456,1,caught,1,decode
1915,random_bytes,2050185,6,caught,1,decode
1916,zeroed_run,4728521,498,caught,1,decode
1917,truncation,3031532,2513454,caught,1,decode
1918,header,595,1,caught,1,decode
1919,payload,1789711,1,caught,1,decode
1920,bit_flip,3997476,1,caught,1,decode
1921,random_bytes,4519164,10,caught,1,decode
1922,zeroed_run,187661,2045,caught,1,decode
1923,truncation,1105406,4439580,caught,1,decode
1924,header,59,1,caught,1,decode
1925,payload,4162789,1,caught,1,decode
1926,bit_flip,1213948,1,caught,1,decode
1927,random_bytes,1529385,2,caught,1,decode
1928,zeroed_run,2321111,1874,caught,1,decode
1929,truncation,3315913,2229073,caught,1,decode
1930,header,786,1,caught,1,decode
1931,payload,2720782,1,caught,1,decode
1932,bit_flip,1794148,1,caught,1,decode
1933,random_bytes,2762797,16,caught,1,decode
1934,zeroed_run,5047296,2262,caught,1,decode
1935,truncation,1264013,4280973,caught,1,decode
1936,header,946,1,caught,1,decode
1937,payload,5371284,1,caught,1,decode
1938,bit_flip,1706538,1,caught,1,decode
1939,random_bytes,4455261,9,caught,1,decode
1940,zeroed_run,3439313,1412,caught,1,decode
1941,truncation,3805010,1739976,caught,1,decode
1942,header,676,1,caught,1,decode
1943,payload,1741231,1,caught,1,decode
1944,bit_flip,1754715,1,caught,1,decode
1945,random_bytes,3140018,3,caught,1,decode
1946,zeroed_run,415533,2064,caught,1,decode
1947,truncation,4789423,755563,caught,1,decode
1948,header,19,1,caught,1,decode
1949,payload,2673307,1,caught,1,decode
1950,bit_flip,3171336,1,caught,1,decode
1951,random_bytes,1393631,13,caught,1,decode
1952,zeroed_run,1294093,1149,caught,1,decode
1953,truncation,336817,5208169,caught,1,decode
1954,header,491,1,caught,1,decode
1955,payload,5176770,1,caught,1,decode
1956,bit_flip,2420808,1,caught,1,decode
1957,random_bytes,4871005,16,caught,1,decode
1958,zeroed_run,1852546,519,caught,1,decode
1959,truncation,2513738,3031248,caught,1,decode
1960,header,248,1,caught,1,decode
1961,payload,4251777,1,caught,1,decode
1962,bit_flip,4280287,1,caught,1,decode
1963,random_bytes,1071739,4,caught,1,decode
1964,zeroed_run,2438837,1344,caught,1,decode
1965,truncation,902745,4642241,caught,1,decode
1966,header,307,1,caught,1,decode
1967,payload,2806859,1,caught,1,decode
1968,bit_flip,85970,1,caught,1,decode
1969,random_bytes,1048447,8,caught,1,decode
1970,zeroed_run,5525063,1661,caught,1,decode
1971,truncation,2752301,2792685,caught,1,decode
1972,header,396,1,caught,1,decode
1973,payload,2320764,1,caught,1,decode
1974,bit_flip,1408281,1,caught,1,decode
1975,random_bytes,3686270,3,caught,1,decode
1976,zeroed_run,4020547,3179,caught,1,decode
1977,truncation,4382350,1162636,caught,1,decode
1978,header,892,1,caught,1,decode
1979,payload,3081449,1,caught,1,decode
1980,bit_flip,2235314,1,caught,1,decode
1981,random_bytes,656267,13,caught,1,decode
1982,zeroed_run,4156118,3762,caught,1,decode
1983,truncation,590488,4954498,caught,1,decode
1984,header,240,1,caught,1,decode
1985,payload,2594769,1,caught,1,decode
1986,bit_flip,1553338,1,caught,1,decode
1987,random_bytes,1821976,16,caught,1,decode
1988,zeroed_run,1375473,2443,caught,1,decode
1989,truncation,1065555,4479431,caught,1,decode
1990,header,789,1,caught,1,decode
1991,payload,4025934,1,caught,1,decode
1992,bit_flip,2614358,1,caught,1,decode
1993,random_bytes,997837,1,caught,1,decode
1994,zeroed_run,5340807,428,caught,1,decode
1995,truncation,4812175,732811,caught,1,decode
1996,header,524,1,caught,1,decode
1997,payload,101303,1,caught,1,decode
1998,bit_flip,4112552,1,caught,1,decode
1999,random_bytes,5157839,1,caught,1,decode
2000,zeroed_run,3297921,1433,caught,1,decode
2001,truncation,2677904,2867082,caught,1,decode
2002,header,724,1,caught,1,decode
2003,payload,11457,1,caught,1,decode
2004,bit_flip,3248720,1,caught,1,decode
2005,random_bytes,3837985,10,caught,1,decode
2006,zeroed_run,2335941,918,caught,1,decode
2007,truncation,2391124,3153862,caught,1,decode
2008,header,902,1,caught,1,decode
2009,payload,3336034,1,caught,1,decode
2010,bit_flip,2553351,1,caught,1,decode
2011,random_bytes,4904746,14,caught,1,decode
2012,zeroed_run,2399606,1681,caught,1,decode
2013,truncation,659707,4885279,caught,1,decode
2014,header,29,1,caught,1,decode
2015,payload,2326701,1,caught,1,decode
2016,bit_flip,3737111,1,caught,1,decode
2017,random_bytes,5380795,7,caught,1,decode
2018,zeroed_run,8619,1407,caught,1,decode
2019,truncation,328429,5216557,caught,1,decode
2020,header,535,1,caught,1,decode
2021,payload,212142,1,caught,1,decode
2022,bit_flip,3333057,1,caught,1,decode
2023,random_bytes,1947313,16,caught,1,decode
2024,zeroed_run,758008,2287,caught,1,decode
2025,truncation,3360567,2184419,caught,1,decode
2026,header,800,1,caught,1,decode
2027,payload,984927,1,caught,1,decode
2028,bit_flip,5541316,1,caught,1,decode
2029,random_bytes,573443,9,caught,1,decode
2030,zeroed_run,825354,1967,caught,1,decode
2031,truncation,2559856,2985130,caught,1,decode
2032,header,72,1,caught,1,decode
2033,payload,1594693,1,caught,1,decode
2034,bit_flip,2695265,1,caught,1,decode
2035,random_bytes,4013822,14,caught,1,decode
2036,zeroed_run,1344868,1575,caught,1,decode
2037,truncation,2553004,2991982,caught,1,decode
2038,header,999,1,caught,1,decode
2039,payload,1915934,1,caught,1,decode
2040,bit_flip,3066491,1,caught,1,decode
2041,random_bytes,1351384,5,caught,1,decode
2042,zeroed_run,1241401,979,caught,1,decode
2043,truncation,1537628,4007358,caught,1,decode
2044,header,554,1,caught,1,decode
2045,payload,1240449,1,caught,1,decode
2046,bit_flip,4694407,1,caught,1,decode
2047,random_bytes,4038574,3,caught,1,decode
2048,zeroed_run,3089932,2001,caught,1,decode
2049,truncation,4731371,813615,caught,1,decode
2050,header,202,1,caught,1,decode
2051,payload,3051045,1,caught,1,decode
2052,bit_flip,2280402,1,caught,1,decode
2053,random_bytes,3009418,9,caught,1,decode
2054,zeroed_run,2932185,2393,caught,1,decode
2055,truncation,4052398,1492588,caught,1,decode
2056,header,545,1,caught,1,decode
2057,payload,2152409,1,caught,1,decode
2058,bit_flip,4246446,1,caught,1,decode
2059,random_bytes,4137189,5,caught,1,decode
2060,zeroed_run,4938886,3363,caught,1,decode
2061,truncation,1517484,4027502,caught,1,decode
2062,header,669,1,caught,1,decode
2063,payload,105858,1,caught,1,decode
2064,bit_flip,2331295,1,caught,1,decode
2065,random_bytes,612541,15,caught,1,decode
2066,zeroed_run,3775656,3512,caught,1,decode
2067,truncation,3889236,1655750,caught,1,decode
2068,header,76,1,caught,1,decode
2069,payload,2146747,1,caught,1,decode
2070,bit_flip,5488816,1,caught,1,decode
2071,random_bytes,1129911,7,caught,1,decode
2072,zeroed_run,3102630,913,caught,1,decode
2073,truncation,2689144,2855842,caught,1,decode
2074,header,202,1,caught,1,decode
2075,payload,3093007,1,caught,1,decode
2076,bit_flip,3834506,1,caught,1,decode
2077,random_bytes,1836289,6,caught,1,decode
2078,zeroed_run,1744718,1313,caught,1,decode
2079,truncation,3133965,2411021,caught,1,decode
2080,header,829,1,caught,1,decode
2081,payload,74773,1,caught,1,decode
2082,bit_flip,3448092,1,caught,1,decode
2083,random_bytes,5146319,16,caught,1,decode
2084,zeroed_run,627626,1824,caught,1,decode
2085,truncation,5239239,305747,caught,1,decode
2086,header,291,1,caught,1,decode
2087,payload,4595364,1,caught,1,decode
2088,bit_flip,3893571,1,caught,1,decode
2089,random_bytes,5368761,1,caught,1,decode
2090,zeroed_run,188244,1359,caught,1,decode
2091,truncation,2616689,2928297,caught,1,decode
2092,header,565,1,caught,1,decode
2093,payload,1946712,1,caught,1,decode
2094,bit_flip,1670389,1,caught,1,decode
2095,random_bytes,4211597,1,caught,1,decode
2096,zeroed_run,247518,405,caught,1,decode
2097,truncation,4417122,1127864,caught,1,decode
2098,header,398,1,caught,1,decode
2099,payload,4791345,1,caught,1,decode
2100,bit_flip,1401004,1,caught,1,decode
2101,random_bytes,4395508,16,caught,1,decode
2102,zeroed_run,3049800,1201,caught,1,decode
2103,truncation,2333488,3211498,caught,1,decode
2104,header,1009,1,caught,1,decode
2105,payload,869191,1,caught,1,decode
2106,bit_flip,4201720,1,caught,1,decode
2107,random_bytes,3404538,9,caught,1,decode
2108,zeroed_run,1798170,674,caught,1,decode
2109,truncation,1572045,3972941,caught,1,decode
2110,header,1020,1,caught,1,decode
2111,payload,4021209,1,caught,1,decode
2112,bit_flip,2663591,1,caught,1,decode
2113,random_bytes,3362363,10,caught,1,decode
2114,zeroed_run,1166652,2444,caught,1,decode
2115,truncation,3361104,2183882,caught,1,decode
2116,header,802,1,caught,1,decode
2117,payload,3898565,1,caught,1,decode
2118,bit_flip,2118181,1,caught,1,decode
2119,random_bytes,3802760,11,caught,1,decode
2120,zeroed_run,4639330,3793,caught,1,decode
2121,truncation,1507687,4037299,caught,1,decode
2122,header,419,1,caught,1,decode
2123,payload,2587931,1,caught,1,decode
2124,bit_flip,1753332,1,caught,1,decode
2125,random_bytes,2742134,1,caught,1,decode
2126,zeroed_run,4550168,2646,caught,1,decode
2127,truncation,496521,5048465,caught,1,decode
2128,header,127,1,caught,1,decode
2129,payload,1468541,1,caught,1,decode
2130,bit_flip,88844,1,caught,1,decode
2131,random_bytes,1881173,10,caught,1,decode
2132,zeroed_run,3826023,3646,caught,1,decode
2133,truncation,1131394,4413592,caught,1,decode
2134,header,952,1,caught,1,decode
2135,payload,4890701,1,caught,1,decode
2136,bit_flip,113053,1,caught,1,decode
2137,random_bytes,2985350,11,caught,1,decode
2138,zeroed_run,4430301,281,caught,1,decode
2139,truncation,138386,5406600,caught,1,decode
2140,header,171,1,caught,1,decode
2141,payload,5162031,1,caught,1,decode
2142,bit_flip,1219120,1,caught,1,decode
2143,random_bytes,4601413,14,caught,1,decode
2144,zeroed_run,92995,1425,caught,1,decode
2145,truncation,525302,5019684,caught,1,decode
2146,header,75,1,caught,1,decode
2147,payload,3344537,1,caught,1,decode
2148,bit_flip,2615739,1,caught,1,decode
2149,random_bytes,2812925,10,caught,1,decode
2150,zeroed_run,1271481,1697,caught,1,decode
2151,truncation,2055502,3489484,caught,1,decode
2152,header,184,1,caught,1,decode
2153,payload,135945,1,caught,1,decode
2154,bit_flip,2468775,1,caught,1,decode
2155,random_bytes,4443585,8,caught,1,decode
2156,zeroed_run,440556,3892,caught,1,decode
2157,truncation,656237,4888749,caught,1,decode
2158,header,73,1,caught,1,decode
2159,payload,2710081,1,caught,1,decode
2160,bit_flip,882759,1,caught,1,decode
2161,random_bytes,3637857,10,caught,1,decode
2162,zeroed_run,1125273,2407,caught,1,decode
2163,truncation,1093025,4451961,caught,1,decode
2164,header,421,1,caught,1,decode
2165,payload,3546312,1,caught,1,decode
2166,bit_flip,59348,1,caught,1,decode
2167,random_bytes,4423678,4,caught,1,decode
2168,zeroed_run,3255432,120,caught,1,decode
2169,truncation,4621813,923173,caught,1,decode
2170,header,288,1,caught,1,decode
2171,payload,1367250,1,caught,1,decode
2172,bit_flip,1428039,1,caught,1,decode
2173,random_bytes,4854827,5,caught,1,decode
2174,zeroed_run,3844230,3659,caught,1,decode
2175,truncation,4040192,1504794,caught,1,decode
2176,header,417,1,caught,1,decode
2177,payload,2676326,1,caught,1,decode
2178,bit_flip,4337486,1,caught,1,decode
2179,random_bytes,690465,3,caught,1,decode
2180,zeroed_run,3933541,3396,caught,1,decode
2181,truncation,4341899,1203087,caught,1,decode
2182,header,791,1,caught,1,decode
2183,payload,4943034,1,caught,1,decode
2184,bit_flip,2519153,1,caught,1,decode
2185,random_bytes,107755,10,caught,1,decode
2186,zeroed_run,2658738,2125,caught,1,decode
2187,truncation,892088,4652898,caught,1,decode
2188,header,734,1,caught,1,decode
2189,payload,5502886,1,caught,1,decode
2190,bit_flip,118784,1,caught,1,decode
2191,random_bytes,1231946,5,caught,1,decode
2192,zeroed_run,2170009,194,caught,1,decode
2193,truncation,2032652,3512334,caught,1,decode
2194,header,916,1,caught,1,decode
2195,payload,4296593,1,caught,1,decode
2196,bit_flip,262533,1,caught,1,decode
2197,random_bytes,3694150,15,caught,1,decode
2198,zeroed_run,2174029,78,caught,1,decode
2199,truncation,3976969,1568017,caught,1,decode
2200,header,892,1,caught,1,decode
2201,payload,810397,1,caught,1,decode
2202,bit_flip,4860704,1,caught,1,decode
2203,random_bytes,1270732,10,caught,1,decode
2204,zeroed_run,2020420,1355,caught,1,decode
2205,truncation,2827247,2717739,caught,1,decode
2206,header,944,1,caught,1,decode
2207,payload,4863745,1,caught,1,decode
2208,bit_flip,710706,1,caught,1,decode
2209,random_bytes,4199027,16,caught,1,decode
2210,zeroed_run,3159839,1075,caught,1,decode
2211,truncation,1372122,4172864,caught,1,decode
2212,header,337,1,caught,1,decode
2213,payload,3045154,1,caught,1,decode
2214,bit_flip,2229657,1,caught,1,decode
2215,random_bytes,123366,5,caught,1,decode
2216,zeroed_run,62244,511,caught,1,decode
2217,truncation,3488505,2056481,caught,1,decode
2218,header,348,1,caught,1,decode
2219,payload,999892,1,caught,1,decode
2220,bit_flip,3352202,1,caught,1,decode
2221,random_bytes,679011,14,caught,1,decode
2222,zeroed_run,4806368,416,caught,1,decode
2223,truncation,4487480,1057506,caught,1,decode
2224,header,480,1,caught,1,decode
2225,payload,4724773,1,caught,1,decode
2226,bit_flip,3648861,1,caught,1,decode
2227,random_bytes,1144398,12,caught,1,decode
2228,zeroed_run,2884775,203,caught,1,decode
2229,truncation,3302002,2242984,caught,1,decode
2230,header,954,1,caught,1,decode
2231,payload,1550329,1,caught,1,decode
2232,bit_flip,1925126,1,caught,1,decode
2233,random_bytes,1501290,12,caught,1,decode
2234,zeroed_run,3732042,2258,caught,1,decode
2235,truncation,2212127,3332859,caught,1,decode
2236,header,101,1,caught,1,decode
2237,payload,2327927,1,caught,1,decode
2238,bit_flip,416320,1,caught,1,decode
2239,random_bytes,3934096,9,caught,1,decode
2240,zeroed_run,4901529,838,caught,1,decode
2241,truncation,4148491,1396495,caught,1,decode
2242,header,202,1,caught,1,decode
2243,payload,2774355,1,caught,1,decode
2244,bit_flip,2748834,1,caught,1,decode
2245,random_bytes,2788395,4,caught,1,decode
2246,zeroed_run,1437078,3267,caught,1,decode
2247,truncation,1369121,4175865,caught,1,decode
2248,header,354,1,caught,1,decode
2249,payload,5174004,1,caught,1,decode
2250,bit_flip,4998720,1,caught,1,decode
2251,random_bytes,4804755,10,caught,1,decode
2252,zeroed_run,1282273,3463,caught,1,decode
2253,truncation,2440301,3104685,caught,1,decode
2254,header,33,1,caught,1,decode
2255,payload,1882491,1,caught,1,decode
2256,bit_flip,3389107,1,caught,1,decode
2257,random_bytes,2305467,12,caught,1,decode
2258,zeroed_run,3604101,41,caught,1,decode
2259,truncation,3165582,2379404,caught,1,decode
2260,header,461,1,caught,1,decode
2261,payload,2949308,1,caught,1,decode
2262,bit_flip,4486993,1,caught,1,decode
2263,random_bytes,3314029,16,caught,1,decode
2264,zeroed_run,3301273,3886,caught,1,decode
2265,truncation,5417152,127834,caught,1,decode
2266,header,864,1,caught,1,decode
2267,payload,2191669,1,caught,1,decode
2268,bit_flip,3772259,1,caught,1,decode
2269,random_bytes,4052202,4,caught,1,decode
2270,zeroed_run,2615960,2739,caught,1,decode
2271,truncation,3360930,2184056,caught,1,decode
2272,header,465,1,caught,1,decode
2273,payload,3497830,1,caught,1,decode
2274,bit_flip,2754488,1,caught,1,decode
2275,random_bytes,5410024,7,caught,1,decode
2276,zeroed_run,1501037,1388,caught,1,decode
2277,truncation,2445555,3099431,caught,1,decode
2278,header,72,1,caught,1,decode
2279,payload,647489,1,caught,1,decode
2280,bit_flip,2527199,1,caught,1,decode
2281,random_bytes,3183359,5,caught,1,decode
2282,zeroed_run,1743998,3631,caught,1,decode
2283,truncation,4068063,1476923,caught,1,decode
2284,header,99,1,caught,1,decode
2285,payload,758147,1,caught,1,decode
2286,bit_flip,1088966,1,caught,1,decode
2287,random_bytes,5088888,1,caught,1,decode
2288,zeroed_run,148961,3418,caught,1,decode
2289,truncation,5401167,143819,caught,1,decode
2290,header,603,1,caught,1,decode
2291,payload,3376712,1,caught,1,decode
2292,bit_flip,4772826,1,caught,1,decode
2293,random_bytes,4305495,15,caught,1,decode
2294,zeroed_run,2434079,3205,caught,1,decode
2295,truncation,4925048,619938,caught,1,decode
2296,header,561,1,caught,1,decode
2297,payload,2018988,1,caught,1,decode
2298,bit_flip,3757311,1,caught,1,decode
2299,random_bytes,1630657,4,caught,1,decode
2300,zeroed_run,234891,4038,caught,1,decode
2301,truncation,4253713,1291273,caught,1,decode
2302,header,572,1,caught,1,decode
2303,payload,2114,1,caught,1,decode
2304,bit_flip,3931225,1,caught,1,decode
2305,random_bytes,952105,7,caught,1,decode
2306,zeroed_run,2524226,1980,caught,1,decode
2307,truncation,2241751,3303235,caught,1,decode
2308,header,632,1,caught,1,decode
2309,payload,3915433,1,caught,1,decode
2310,bit_flip,5327832,1,caught,1,decode
2311,random_bytes,47040,8,caught,1,decode
2312,zeroed_run,4223687,3038,caught,1,decode
2313,truncation,3676560,1868426,caught,1,decode
2314,header,330,1,caught,1,decode
2315,payload,4517842,1,caught,1,decode
2316,bit_flip,3254094,1,caught,1,decode
2317,random_bytes,195718,9,caught,1,decode
2318,zeroed_run,4282475,748,caught,1,decode
2319,truncation,3530531,2014455,caught,1,decode
2320,header,21,1,caught,1,decode
2321,payload,3610842,1,caught,1,decode
2322,bit_flip,5032191,1,caught,1,decode
2323,random_bytes,4053364,4,caught,1,decode
2324,zeroed_run,1366993,1703,caught,1,decode
2325,truncation,4764974,780012,caught,1,decode
2326,header,389,1,caught,1,decode
2327,payload,3868712,1,caught,1,decode
2328,bit_flip,5119206,1,caught,1,decode
2329,random_bytes,4107288,5,caught,1,decode
2330,zeroed_run,5055355,665,caught,1,decode
2331,truncation,5162565,382421,caught,1,decode
2332,header,49,1,caught,1,decode
2333,payload,3615051,1,caught,1,decode
2334,bit_flip,1088748,1,caught,1,decode
2335,random_bytes,4045968,4,caught,1,decode
2336,zeroed_run,4215026,2211,caught,1,decode
2337,truncation,1437858,4107128,caught,1,decode
2338,header,848,1,caught,1,decode
2339,payload,4549634,1,caught,1,decode
2340,bit_flip,4979509,1,caught,1,decode
2341,random_bytes,5294686,12,caught,1,decode
2342,zeroed_run,3937140,297,caught,1,decode
2343,truncation,4269209,1275777,caught,1,decode
2344,header,128,1,caught,1,decode
2345,payload,2272209,1,caught,1,decode
2346,bit_flip,3868579,1,caught,1,decode
2347,random_bytes,3497454,7,caught,1,decode
2348,zeroed_run,1755047,584,caught,1,decode
2349,truncation,3835859,1709127,caught,1,decode
2350,header,872,1,caught,1,decode
2351,payload,311200,1,caught,1,decode
2352,bit_flip,5400905,1,caught,1,decode
2353,random_bytes,4673432,11,caught,1,decode
2354,zeroed_run,2680909,2709,caught,1,decode
2355,truncation,576383,4968603,caught,1,decode
2356,header,298,1,caught,1,decode
2357,payload,4302156,1,caught,1,decode
2358,bit_flip,714865,1,caught,1,decode
2359,random_bytes,4015811,12,caught,1,decode
2360,zeroed_run,702195,3044,caught,1,decode
2361,truncation,2220847,3324139,caught,1,decode
2362,header,14,1,harmless,0,decode
2363,payload,3340441,1,caught,1,decode
2364,bit_flip,4459119,1,caught,1,decode
2365,random_bytes,5164808,9,caught,1,decode
2366,zeroed_run,4100129,83,caught,1,decode
2367,truncation,2581209,2963777,caught,1,decode
2368,header,586,1,caught,1,decode
2369,payload,1441269,1,caught,1,decode
2370,bit_flip,5264738,1,caught,1,decode
2371,random_bytes,423296,9,caught,1,decode
2372,zeroed_run,2963052,3463,caught,1,decode
2373,truncation,42524,5502462,caught,1,decode
2374,header,347,1,caught,1,decode
2375,payload,2781122,1,caught,1,decode
2376,bit_flip,4391395,1,caught,1,decode
2377,random_bytes,5223563,2,caught,1,decode
2378,zeroed_run,1429276,2357,caught,1,decode
2379,truncation,4605044,939942,caught,1,decode
2380,header,69,1,caught,1,decode
2381,payload,3644826,1,caught,1,decode
2382,bit_flip,867548,1,caught,1,decode
2383,random_bytes,4322232,6,caught,1,decode
2384,zeroed_run,1426889,501,caught,1,decode
2385,truncation,3906822,1638164,caught,1,decode
2386,header,486,1,caught,1,decode
2387,payload,2922531,1,caught,1,decode
2388,bit_flip,4593625,1,caught,1,decode
2389,random_bytes,2888449,4,caught,1,decode
2390,zeroed_run,3031299,3964,caught,1,decode
2391,truncation,4558204,986782,caught,1,decode
2392,header,181,1,caught,1,decode
2393,payload,2756133,1,caught,1,decode
2394,bit_flip,5215306,1,caught,1,decode
2395,random_bytes,3116102,10,caught,1,decode
2396,zeroed_run,1471305,1968,caught,1,decode
2397,truncation,40089,5504897,caught,1,decode
2398,header,56,1,caught,1,decode
2399,payload,2937246,1,caught,1,decode
2400,bit_flip,360405,1,caught,1,decode
2401,random_bytes,4563510,7,caught,1,decode
2402,zeroed_run,5294018,3201,caught,1,decode
2403,truncation,4085941,1459045,caught,1,decode
2404,header,613,1,caught,1,decode
2405,payload,2220885,1,caught,1,decode
2406,bit_flip,2919402,1,caught,1,decode
2407,random_bytes,4206005,3,caught,1,decode
2408,zeroed_run,2907234,1040,caught,1,decode
2409,truncation,3977153,1567833,caught,1,decode
2410,header,96,1,caught,1,decode
2411,payload,1433366,1,caught,1,decode
2412,bit_flip,3405779,1,caught,1,decode
2413,random_bytes,3629534,4,caught,1,decode
2414,zeroed_run,4107568,3596,caught,1,decode
2415,truncation,608815,4936171,caught,1,decode
2416,header,390,1,caught,1,decode
2417,payload,40365,1,caught,1,decode
2418,bit_flip,1759059,1,caught,1,decode
2419,random_bytes,3078020,11,caught,1,decode
2420,zeroed_run,4172197,1533,caught,1,decode
2421,truncation,2644286,2900700,caught,1,decode
2422,header,420,1,caught,1,decode
2423,payload,5537112,1,caught,1,decode
2424,bit_flip,3616533,1,caught,1,decode
2425,random_bytes,1970910,13,caught,1,decode
2426,zeroed_run,4960569,3909,caught,1,decode
2427,truncation,1350627,4194359,caught,1,decode
2428,header,926,1,caught,1,decode
2429,payload,1656992,1,caught,1,decode
2430,bit_flip,4579750,1,caught,1,decode
2431,random_bytes,4692490,12,caught,1,decode
2432,zeroed_run,3218396,2002,caught,1,decode
2433,truncation,5161016,383970,caught,1,decode
2434,header,449,1,caught,1,decode
2435,payload,3898519,1,caught,1,decode
2436,bit_flip,3522006,1,caught,1,decode
2437,random_bytes,4254177,7,caught,1,decode
2438,zeroed_run,5367655,319,caught,1,decode
2439,truncation,2621697,2923289,caught,1,decode
2440,header,396,1,caught,1,decode
2441,payload,171408,1,caught,1,decode
2442,bit_flip,3819144,1,caught,1,decode
2443,random_bytes,1439102,2,caught,1,decode
2444,zeroed_run,980426,404,caught,1,decode
2445,truncation,449806,5095180,caught,1,decode
2446,header,565,1,caught,1,decode
2447,payload,1777685,1,caught,1,decode
2448,bit_flip,1505293,1,caught,1,decode
2449,random_bytes,4398333,14,caught,1,decode
2450,zeroed_run,4914641,3856,caught,1,decode
2451,truncation,3824402,1720584,caught,1,decode
2452,header,436,1,caught,1,decode
2453,payload,1262007,1,caught,1,decode
2454,bit_flip,940311,1,caught,1,decode
2455,random_bytes,3331884,13,caught,1,decode
2456,zeroed_run,3664117,3331,caught,1,decode
2457,truncation,1995204,3549782,caught,1,decode
2458,header,889,1,caught,1,decode
2459,payload,2254859,1,caught,1,decode
2460,bit_flip,1772196,1,caught,1,decode
2461,random_bytes,1467328,15,caught,1,decode
2462,zeroed_run,2102752,4092,caught,1,decode
2463,truncation,3516661,2028325,caught,1,decode
2464,header,976,1,caught,1,decode
2465,payload,1665143,1,caught,1,decode
2466,bit_flip,3044613,1,caught,1,decode
2467,random_bytes,2351405,15,caught,1,decode
2468,zeroed_run,3990899,41,caught,1,decode
2469,truncation,3616620,1928366,caught,1,decode
2470,header,625,1,caught,1,decode
2471,payload,4691816,1,caught,1,decode
2472,bit_flip,4033030,1,caught,1,decode
2473,random_bytes,2240238,2,caught,1,decode
2474,zeroed_run,1882766,3192,caught,1,decode
2475,truncation,4164610,1380376,caught,1,decode
2476,header,465,1,caught,1,decode
2477,payload,4651580,1,caught,1,decode
2478,bit_flip,5436306,1,caught,1,decode
2479,random_bytes,4153873,10,caught,1,decode
2480,zeroed_run,254589,3242,caught,1,decode
2481,truncation,3285376,2259610,caught,1,decode
2482,header,512,1,caught,1,decode
2483,payload,4304403,1,caught,1,decode
2484,bit_flip,3321836,1,caught,1,decode
2485,random_bytes,1992629,1,caught,1,decode
2486,zeroed_run,2772496,1803,caught,1,decode
2487,truncation,1412724,4132262,caught,1,decode
2488,header,639,1,caught,1,decode
2489,payload,1003329,1,caught,1,decode
2490,bit_flip,1996731,1,caught,1,decode
2491,random_bytes,1193774,13,caught,1,decode
2492,zeroed_run,3003191,807,caught,1,decode
2493,truncation,429331,5115655,caught,1,decode
2494,header,213,1,caught,1,decode
2495,payload,1690072,1,caught,1,decode
2496,bit_flip,3433612,1,caught,1,decode
2497,random_bytes,4008836,11,caught,1,decode
2498,zeroed_run,573663,3599,caught,1,decode
2499,truncation,2561710,2983276,caught,1,decode
2500,header,397,1,caught,1,decode
2501,payload,3869646,1,caught,1,decode
2502,bit_flip,5476983,1,caught,1,decode
2503,random_bytes,1947824,9,caught,1,decode
2504,zeroed_run,2899753,1783,caught,1,decode
2505,truncation,1817616,3727370,caught,1,decode
2506,header,426,1,caught,1,decode
2507,payload,438271,1,caught,1,decode
2508,bit_flip,5185126,1,caught,1,decode
2509,random_bytes,2193318,13,caught,1,decode
2510,zeroed_run,2700253,3851,caught,1,decode
2511,truncation,3010452,2534534,caught,1,decode
2512,header,946,1,caught,1,decode
2513,payload,5323389,1,caught,1,decode
2514,bit_flip,195048,1,caught,1,decode
2515,random_bytes,2722861,15,caught,1,decode
2516,zeroed_run,3124636,2307,caught,1,decode
2517,truncation,5123168,421818,caught,1,decode
2518,header,15,1,harmless,0,decode
2519,payload,3141155,1,caught,1,decode
2520,bit_flip,392120,1,caught,1,decode
2521,random_bytes,660118,10,caught,1,decode
2522,zeroed_run,2420320,3608,caught,1,decode
2523,truncation,1091170,4453816,caught,1,decode
2524,header,19,1,caught,1,decode
2525,payload,1630671,1,caught,1,decode
2526,bit_flip,1906773,1,caught,1,decode
2527,random_bytes,889295,7,caught,1,decode
2528,zeroed_run,871874,1917,caught,1,decode
2529,truncation,2084070,3460916,caught,1,decode
2530,header,72,1,caught,1,decode
2531,payload,4895395,1,caught,1,decode
2532,bit_flip,716674,1,caught,1,decode
2533,random_bytes,1710625,6,caught,1,decode
2534,zeroed_run,3788801,1990,caught,1,decode
2535,truncation,2829871,2715115,caught,1,decode
2536,header,565,1,caught,1,decode
2537,payload,2808540,1,caught,1,decode
2538,bit_flip,130163,1,caught,1,decode
2539,random_bytes,1804304,8,caught,1,decode
2540,zeroed_run,5478046,2984,caught,1,decode
2541,truncation,3758159,1786827,caught,1,decode
2542,header,950,1,caught,1,decode
2543,payload,1386800,1,caught,1,decode
2544,bit_flip,5528964,1,caught,1,decode
2545,random_bytes,4461142,9,caught,1,decode
2546,zeroed_run,4980148,2861,caught,1,decode
2547,truncation,561087,4983899,caught,1,decode
2548,header,78,1,caught,1,decode
2549,payload,3737493,1,caught,1,decode
2550,bit_flip,2046416,1,caught,1,decode
2551,random_bytes,1011771,12,caught,1,decode
2552,zeroed_run,1039637,1060,caught,1,decode
2553,truncation,3625111,1919875,caught,1,decode
2554,header,146,1,caught,1,decode
2555,payload,1798359,1,caught,1,decode
2556,bit_flip,2811654,1,caught,1,decode
2557,random_bytes,4344945,11,caught,1,decode
2558,zeroed_run,2982765,1500,caught,1,decode
2559,truncation,1183495,4361491,caught,1,decode
2560,header,613,1,caught,1,decode
2561,payload,918803,1,caught,1,decode
2562,bit_flip,3082365,1,caught,1,decode
2563,random_bytes,2793045,15,caught,1,decode
2564,zeroed_run,5086273,3766,caught,1,decode
2565,truncation,3008212,2536774,caught,1,decode
2566,header,439,1,caught,1,decode
2567,payload,1250238,1,caught,1,decode
2568,bit_flip,2436641,1,caught,1,decode
2569,random_bytes,3318517,2,caught,1,decode
2570,zeroed_run,4091814,2385,caught,1,decode
2571,truncation,4953010,591976,caught,1,decode
2572,header,432,1,caught,1,decode
2573,payload,1876322,1,caught,1,decode
2574,bit_flip,2247875,1,caught,1,decode
2575,random_bytes,1659636,13,caught,1,decode
2576,zeroed_run,5063654,2022,caught,1,decode
2577,truncation,2602610,2942376,caught,1,decode
2578,header,288,1,caught,1,decode
2579,payload,2063242,1,caught,1,decode
2580,bit_flip,5404161,1,caught,1,decode
2581,random_bytes,2910567,15,caught,1,decode
2582,zeroed_run,101654,1196,caught,1,decode
2583,truncation,4208767,1336219,caught,1,decode
2584,header,109,1,caught,1,decode
2585,payload,788422,1,caught,1,decode
2586,bit_flip,5501208,1,caught,1,decode
2587,random_bytes,3446776,14,caught,1,decode
2588,zeroed_run,5134897,2890,caught,1,decode
2589,truncation,4168450,1376536,caught,1,decode
2590,header,452,1,caught,1,decode
2591,payload,2083637,1,caught,1,decode
2592,bit_flip,1409595,1,caught,1,decode
2593,random_bytes,2604485,2,caught,1,decode
2594,zeroed_run,3596693,3624,caught,1,decode
2595,truncation,181017,5363969,caught,1,decode
2596,header,113,1,caught,1,decode
2597,payload,3382890,1,caught,1,decode
2598,bit_flip,1869428,1,caught,1,decode
2599,random_bytes,1825842,15,caught,1,decode
2600,zeroed_run,1349801,599,caught,1,decode
2601,truncation,2627072,2917914,caught,1,decode
2602,header,943,1,caught,1,decode
2603,payload,1087164,1,caught,1,decode
2604,bit_flip,2091525,1,caught,1,decode
2605,random_bytes,804980,13,caught,1,decode
2606,zeroed_run,1258612,2741,caught,1,decode
2607,truncation,2272305,3272681,caught,1,decode
2608,header,205,1,caught,1,decode
2609,payload,5105850,1,caught,1,decode
2610,bit_flip,5324266,1,caught,1,decode
2611,random_bytes,1354504,10,caught,1,decode
2612,zeroed_run,2900361,668,caught,1,decode
2613,truncation,1704298,3840688,caught,1,decode
2614,header,938,1,caught,1,decode
2615,payload,2589686,1,caught,1,decode
2616,bit_flip,2578952,1,caught,1,decode
2617,random_bytes,4732965,13,caught,1,decode
2618,zeroed_run,84158,729,caught,1,decode
2619,truncation,420753,5124233,caught,1,decode
2620,header,974,1,caught,1,decode
2621,payload,2468371,1,caught,1,decode
2622,bit_flip,4661258,1,caught,1,decode
2623,random_bytes,4293140,2,caught,1,decode
2624,zeroed_run,5541308,2151,caught,1,decode
2625,truncation,206602,5338384,caught,1,decode
2626,header,236,1,caught,1,decode
2627,payload,2524322,1,caught,1,decode
2628,bit_flip,1909727,1,caught,1,decode
2629,random_bytes,2965816,10,caught,1,decode
2630,zeroed_run,5288790,2776,caught,1,decode
2631,truncation,4111211,1433775,caught,1,decode
2632,header,145,1,caught,1,decode
2633,payload,3799908,1,caught,1,decode
2634,bit_flip,912084,1,caught,1,decode
2635,random_bytes,3384935,11,caught,1,decode
2636,zeroed_run,3367337,1754,caught,1,decode
2637,truncation,1696760,3848226,caught,1,decode
2638,header,352,1,caught,1,decode
2639,payload,1959224,1,caught,1,decode
2640,bit_flip,51669,1,caught,1,decode
2641,random_bytes,2758259,9,caught,1,decode
2642,zeroed_run,2231590,874,caught,1,decode
2643,truncation,4082664,1462322,caught,1,decode
2644,header,234,1,caught,1,decode
2645,payload,1806180,1,caught,1,decode
2646,bit_flip,2782681,1,caught,1,decode
2647,random_bytes,4195935,12,caught,1,decode
2648,zeroed_run,2135032,101,caught,1,decode
2649,truncation,4895449,649537,caught,1,decode
2650,header,59,1,caught,1,decode
2651,payload,3304497,1,caught,1,decode
2652,bit_flip,1567007,1,caught,1,decode
2653,random_bytes,4940840,11,caught,1,decode
2654,zeroed_run,2840062,3998,caught,1,decode
2655,truncation,3597094,1947892,caught,1,decode
2656,header,895,1,caught,1,decode
2657,payload,636595,1,caught,1,decode
2658,bit_flip,1372088,1,caught,1,decode
2659,random_bytes,5450344,6,caught,1,decode
2660,zeroed_run,5532889,3248,caught,1,decode
2661,truncation,4817552,727434,caught,1,decode
2662,header,29,1,caught,1,decode
2663,payload,1098735,1,caught,1,decode
2664,bit_flip,3661176,1,caught,1,decode
2665,random_bytes,2807601,1,harmless,0,decode
2666,zeroed_run,1088658,175,caught,1,decode
2667,truncation,3702749,1842237,caught,1,decode
2668,header,909,1,caught,1,decode
2669,payload,1958845,1,caught,1,decode
2670,bit_flip,5114070,1,caught,1,decode
2671,random_bytes,2467431,8,caught,1,decode
2672,zeroed_run,355411,1950,caught,1,decode
2673,truncation,3181284,2363702,caught,1,decode
2674,header,221,1,caught,1,decode
2675,payload,4172537,1,caught,1,decode
2676,bit_flip,5331986,1,caught,1,decode
2677,random_bytes,1964634,3,caught,1,decode
2678,zeroed_run,2517856,3744,caught,1,decode
2679,truncation,3126872,2418114,caught,1,decode
2680,header,767,1,caught,1,decode
2681,payload,3638798,1,caught,1,decode
2682,bit_flip,1893954,1,caught,1,decode
2683,random_bytes,4181496,3,caught,1,decode
2684,zeroed_run,4934093,2317,caught,1,decode
2685,truncation,1665695,3879291,caught,1,decode
2686,header,284,1,caught,1,decode
2687,payload,4696432,1,caught,1,decode
2688,bit_flip,4016536,1,caught,1,decode
2689,random_bytes,284615,16,caught,1,decode
2690,zeroed_run,1795920,3705,caught,1,decode
2691,truncation,547632,4997354,caught,1,decode
2692,header,21,1,caught,1,decode
2693,payload,1617037,1,caught,1,decode
2694,bit_flip,1419249,1,caught,1,decode
2695,random_bytes,5268051,15,caught,1,decode
2696,zeroed_run,1239207,977,caught,1,decode
2697,truncation,1558816,3986170,caught,1,decode
2698,header,480,1,caught,1,decode
2699,payload,4661909,1,caught,1,decode
2700,bit_flip,3509664,1,caught,1,decode
2701,random_bytes,1770252,12,caught,1,decode
2702,zeroed_run,94201,3950,caught,1,decode
2703,truncation,4903391,641595,caught,1,decode
2704,header,577,1,caught,1,decode
2705,payload,4927514,1,caught,1,decode
2706,bit_flip,515458,1,caught,1,decode
2707,random_bytes,1539575,14,caught,1,decode
2708,zeroed_run,2929377,1440,caught,1,decode
2709,truncation,4924389,620597,caught,1,decode
2710,header,293,1,caught,1,decode
2711,payload,3763503,1,caught,1,decode
2712,bit_flip,3209137,1,caught,1,decode
2713,random_bytes,3739209,11,caught,1,decode
2714,zeroed_run,4845868,1674,caught,1,decode
2715,truncation,5017025,527961,caught,1,decode
2716,header,792,1,caught,1,decode
2717,payload,1184229,1,caught,1,decode
2718,bit_flip,1727963,1,caught,1,decode
2719,random_bytes,896042,15,caught,1,decode
2720,zeroed_run,1891831,701,caught,1,decode
2721,truncation,3772313,1772673,caught,1,decode
2722,header,385,1,caught,1,decode
2723,payload,4691719,1,caught,1,decode
2724,bit_flip,4698636,1,caught,1,decode
2725,random_bytes,916122,15,caught,1,decode
2726,zeroed_run,3720717,3147,caught,1,decode
2727,truncation,3157388,2387598,caught,1,decode
2728,header,359,1,caught,1,decode
2729,payload,4318305,1,caught,1,decode
2730,bit_flip,926801,1,caught,1,decode
2731,random_bytes,3548712,11,caught,1,decode
2732,zeroed_run,4305776,3949,caught,1,decode
2733,truncation,3994887,1550099,caught,1,decode
2734,header,372,1,caught,1,decode
2735,payload,954041,1,caught,1,decode
2736,bit_flip,1353862,1,caught,1,decode
2737,random_bytes,2462625,11,caught,1,decode
2738,zeroed_run,2403851,2888,caught,1,decode
2739,truncation,4335688,1209298,caught,1,decode
2740,header,1021,1,caught,1,decode
2741,payload,1462797,1,caught,1,decode
2742,bit_flip,1445845,1,caught,1,decode
2743,random_bytes,4337896,4,caught,1,decode
2744,zeroed_run,4948475,1851,caught,1,decode
2745,truncation,699345,4845641,caught,1,decode
2746,header,2,1,caught,1,decode
2747,payload,4845299,1,caught,1,decode
2748,bit_flip,4664498,1,caught,1,decode
2749,random_bytes,3429017,9,caught,1,decode
2750,zeroed_run,2152001,3101,caught,1,decode
2751,truncation,4837311,707675,caught,1,decode
2752,header,403,1,caught,1,decode
2753,payload,4505631,1,caught,1,decode
2754,bit_flip,1134237,1,caught,1,decode
2755,random_bytes,4758537,5,caught,1,decode
2756,zeroed_run,2048224,780,caught,1,decode
2757,truncation,3338169,2206817,caught,1,decode
2758,header,995,1,caught,1,decode
2759,payload,4845223,1,caught,1,decode
2760,bit_flip,1948658,1,caught,1,decode
2761,random_bytes,3637287,12,caught,1,decode
2762,zeroed_run,2294150,531,caught,1,decode
2763,truncation,4621952,923034,caught,1,decode
2764,header,595,1,caught,1,decode
2765,payload,946534,1,caught,1,decode
2766,bit_flip,3096958,1,caught,1,decode
2767,random_bytes,4413567,6,caught,1,decode
2768,zeroed_run,1171921,1598,caught,1,decode
2769,truncation,647378,4897608,caught,1,decode
2770,header,615,1,caught,1,decode
2771,payload,3543147,1,caught,1,decode
2772,bit_flip,1388706,1,caught,1,decode
2773,random_bytes,1367315,4,caught,1,decode
2774,zeroed_run,1912124,3237,caught,1,decode
2775,truncation,1270111,4274875,caught,1,decode
2776,header,557,1,caught,1,decode
2777,payload,2994140,1,caught,1,decode
2778,bit_flip,685607,1,caught,1,decode
2779,random_bytes,4931454,16,caught,1,decode
2780,zeroed_run,2102143,797,caught,1,decode
2781,truncation,3841023,1703963,caught,1,decode
2782,header,262,1,caught,1,decode
2783,payload,3337711,1,caught,1,decode
2784,bit_flip,4311496,1,caught,1,decode
2785,random_bytes,3931214,13,caught,1,decode
2786,zeroed_run,2190269,4089,caught,1,decode
2787,truncation,2082990,3461996,caught,1,decode
2788,header,331,1,caught,1,decode
2789,payload,3113164,1,caught,1,decode
2790,bit_flip,1145926,1,caught,1,decode
2791,random_bytes,1092524,3,caught,1,decode
2792,zeroed_run,1233036,523,caught,1,decode
2793,truncation,21516,5523470,caught,1,decode
2794,header,194,1,caught,1,decode
2795,payload,966574,1,caught,1,decode
2796,bit_flip,4664152,1,caught,1,decode
2797,random_bytes,5524731,1,caught,1,decode
2798,zeroed_run,1079031,985,caught,1,decode
2799,truncation,5221726,323260,caught,1,decode
2800,header,618,1,caught,1,decode
2801,payload,2649561,1,caught,1,decode
2802,bit_flip,1568448,1,caught,1,decode
2803,random_bytes,4504506,2,caught,1,decode
2804,zeroed_run,3471286,1505,caught,1,decode
2805,truncation,2243189,3301797,caught,1,decode
2806,header,573,1,caught,1,decode
2807,payload,3989728,1,caught,1,decode
2808,bit_flip,4268827,1,caught,1,decode
2809,random_bytes,1605549,13,caught,1,decode
2810,zeroed_run,2305284,1810,caught,1,decode
2811,truncation,287517,5257469,caught,1,decode
2812,header,829,1,caught,1,decode
2813,payload,848590,1,caught,1,decode
2814,bit_flip,2749221,1,caught,1,decode
2815,random_bytes,4380472,11,caught,1,decode
2816,zeroed_run,2546180,1373,caught,1,decode
2817,truncation,2512419,3032567,caught,1,decode
2818,header,828,1,caught,1,decode
2819,payload,269875,1,caught,1,decode
2820,bit_flip,267708,1,caught,1,decode
2821,random_bytes,4724126,7,caught,1,decode
2822,zeroed_run,4759032,2608,caught,1,decode
2823,truncation,1908251,3636735,caught,1,decode
2824,header,927,1,caught,1,decode
2825,payload,4261902,1,caught,1,decode
2826,bit_flip,4558708,1,caught,1,decode
2827,random_bytes,4427823,3,caught,1,decode
2828,zeroed_run,1471669,184,caught,1,decode
2829,truncation,3930012,1614974,caught,1,decode
2830,header,835,1,caught,1,decode
2831,payload,1860644,1,caught,1,decode
2832,bit_flip,649880,1,caught,1,decode
2833,random_bytes,3572394,9,caught,1,decode
2834,zeroed_run,4103457,2574,caught,1,decode
2835,truncation,3086955,2458031,caught,1,decode
2836,header,341,1,caught,1,decode
2837,payload,4202091,1,caught,1,decode
2838,bit_flip,672719,1,caught,1,decode
2839,random_bytes,2099890,16,caught,1,decode
2840,zeroed_run,2171752,2637,caught,1,decode
2841,truncation,2249641,3295345,caught,1,decode
2842,header,833,1,caught,1,decode
2843,payload,752954,1,caught,1,decode
2844,bit_flip,2341121,1,caught,1,decode
2845,random_bytes,3329266,8,caught,1,decode
2846,zeroed_run,1988969,994,caught,1,decode
2847,truncation,936403,4608583,caught,1,decode
2848,header,641,1,caught,1,decode
2849,payload,3727050,1,caught,1,decode
2850,bit_flip,2128961,1,caught,1,decode
2851,random_bytes,5441739,14,caught,1,decode
2852,zeroed_run,3031020,2139,caught,1,decode
2853,truncation,977519,4567467,caught,1,decode
2854,header,569,1,caught,1,decode
2855,payload,5477085,1,caught,1,decode
2856,bit_flip,3287302,1,caught,1,decode
2857,random_bytes,3071456,11,caught,1,decode
2858,zeroed_run,1894366,578,caught,1,decode
2859,truncation,357883,5187103,caught,1,decode
2860,header,473,1,caught,1,decode
2861,payload,958081,1,caught,1,decode
2862,bit_flip,4991037,1,caught,1,decode
2863,random_bytes,5025011,10,caught,1,decode
2864,zeroed_run,4134392,857,caught,1,decode
2865,truncation,1848637,3696349,caught,1,decode
2866,header,466,1,caught,1,decode
2867,payload,1211759,1,caught,1,decode
2868,bit_flip,683568,1,caught,1,decode
2869,random_bytes,5464261,9,caught,1,decode
2870,zeroed_run,2034141,1329,caught,1,decode
2871,truncation,4203277,1341709,caught,1,decode
2872,header,853,1,caught,1,decode
2873,payload,433151,1,caught,1,decode
2874,bit_flip,5448757,1,caught,1,decode
2875,random_bytes,3141509,14,caught,1,decode
2876,zeroed_run,4185651,3187,caught,1,decode
2877,truncation,2212353,3332633,caught,1,decode
2878,header,716,1,caught,1,decode
2879,payload,726979,1,caught,1,decode
2880,bit_flip,5188764,1,caught,1,decode
2881,random_bytes,434878,14,caught,1,decode
2882,zeroed_run,1565540,909,caught,1,decode
2883,truncation,2321206,3223780,caught,1,decode
2884,header,157,1,caught,1,decode
2885,payload,4945800,1,caught,1,decode
2886,bit_flip,181340,1,caught,1,decode
2887,random_bytes,947716,10,caught,1,decode
2888,zeroed_run,5147542,1814,caught,1,decode
2889,truncation,1974314,3570672,caught,1,decode
2890,header,719,1,caught,1,decode
2891,payload,5263569,1,caught,1,decode
2892,bit_flip,4565620,1,caught,1,decode
2893,random_bytes,365013,3,caught,1,decode
2894,zeroed_run,1631887,3263,caught,1,decode
2895,truncation,519783,5025203,caught,1,decode
2896,header,85,1,caught,1,decode
2897,payload,244990,1,caught,1,decode
2898,bit_flip,3445410,1,caught,1,decode
2899,random_bytes,5055544,3,caught,1,decode
2900,zeroed_run,4795410,1698,caught,1,decode
2901,truncation,6678,5538308,caught,1,decode
2902,header,902,1,caught,1,decode
2903,payload,5048079,1,caught,1,decode
2904,bit_flip,3448952,1,caught,1,decode
2905,random_bytes,5077390,15,caught,1,decode
2906,zeroed_run,5139508,909,caught,1,decode
2907,truncation,4580075,964911,caught,1,decode
2908,header,253,1,caught,1,decode
2909,payload,3207461,1,caught,1,decode
2910,bit_flip,1703843,1,caught,1,decode
2911,random_bytes,4680707,4,caught,1,decode
2912,zeroed_run,638636,1454,caught,1,decode
2913,truncation,1800696,3744290,caught,1,decode
2914,header,289,1,caught,1,decode
2915,payload,3771442,1,caught,1,decode
2916,bit_flip,675976,1,caught,1,decode
2917,random_bytes,2594537,3,caught,1,decode
2918,zeroed_run,5106476,866,caught,1,decode
2919,truncation,4254390,1290596,caught,1,decode
2920,header,344,1,caught,1,decode
2921,payload,1433614,1,caught,1,decode
2922,bit_flip,3370604,1,caught,1,decode
2923,random_bytes,2437952,13,caught,1,decode
2924,zeroed_run,869539,3137,caught,1,decode
2925,truncation,3565371,1979615,caught,1,decode
2926,header,138,1,caught,1,decode
2927,payload,3601036,1,caught,1,decode
2928,bit_flip,751128,1,caught,1,decode
2929,random_bytes,1787960,15,caught,1,decode
2930,zeroed_run,1784644,623,caught,1,decode
2931,truncation,2505429,3039557,caught,1,decode
2932,header,321,1,caught,1,decode
2933,payload,4116908,1,caught,1,decode
2934,bit_flip,4136315,1,caught,1,decode
2935,random_bytes,1188658,13,caught,1,decode
2936,zeroed_run,5004124,3829,caught,1,decode
2937,truncation,2606035,2938951,caught,1,decode
2938,header,746,1,caught,1,decode
2939,payload,13878,1,caught,1,decode
2940,bit_flip,1178800,1,caught,1,decode
2941,random_bytes,2815649,6,caught,1,decode
2942,zeroed_run,4815978,50,caught,1,decode
2943,truncation,1788370,3756616,caught,1,decode
2944,header,652,1,caught,1,decode
2945,payload,3138161,1,caught,1,decode
2946,bit_flip,3807767,1,caught,1,decode
2947,random_bytes,4991393,16,caught,1,decode
2948,zeroed_run,4642882,3978,caught,1,decode
2949,truncation,2920411,2624575,caught,1,decode
2950,header,94,1,caught,1,decode
2951,payload,186169,1,caught,1,decode
2952,bit_flip,1577346,1,caught,1,decode
2953,random_bytes,5108420,16,caught,1,decode
2954,zeroed_run,839009,2526,caught,1,decode
2955,truncation,4082956,1462030,caught,1,decode
2956,header,155,1,caught,1,decode
2957,payload,483268,1,caught,1,decode
2958,bit_flip,3371385,1,caught,1,decode
2959,random_bytes,4531914,11,caught,1,decode
2960,zeroed_run,568048,2412,caught,1,decode
2961,truncation,2466700,3078286,caught,1,decode
2962,header,233,1,caught,1,decode
2963,payload,4966706,1,caught,1,decode
2964,bit_flip,1382229,1,caught,1,decode
2965,random_bytes,705558,7,caught,1,decode
2966,zeroed_run,2137300,685,caught,1,decode
2967,truncation,4903317,641669,caught,1,decode
2968,header,814,1,caught,1,decode
2969,payload,1047681,1,caught,1,decode
2970,bit_flip,5529697,1,caught,1,decode
2971,random_bytes,1011768,9,caught,1,decode
2972,zeroed_run,906215,2075,caught,1,decode
2973,truncation,2428238,3116748,caught,1,decode
2974,header,906,1,caught,1,decode
2975,payload,2336601,1,caught,1,decode
2976,bit_flip,2183296,1,caught,1,decode
2977,random_bytes,4403065,6,caught,1,decode
2978,zeroed_run,2850697,2891,caught,1,decode
2979,truncation,4642289,902697,caught,1,decode
2980,header,278,1,caught,1,decode
2981,payload,4381014,1,caught,1,decode
2982,bit_flip,2558538,1,caught,1,decode
2983,random_bytes,3656853,8,caught,1,decode
2984,zeroed_run,4927528,1016,caught,1,decode
2985,truncation,5351288,193698,caught,1,decode
2986,header,358,1,caught,1,decode
2987,payload,4319661,1,caught,1,decode
2988,bit_flip,3417615,1,caught,1,decode
2989,random_bytes,1661635,12,caught,1,decode
2990,zeroed_run,1169240,2885,caught,1,decode
2991,truncation,1442729,4102257,caught,1,decode
2992,header,172,1,caught,1,decode
2993,payload,5502998,1,caught,1,decode
2994,bit_flip,3792105,1,caught,1,decode
2995,random_bytes,4253669,3,caught,1,decode
2996,zeroed_run,885194,180,caught,1,decode
2997,truncation,1183751,4361235,caught,1,decode
2998,header,64,1,caught,1,decode
2999,payload,2315935,1,caught,1,decode
3000,bit_flip,5449391,1,caught,1,decode
3001,random_bytes,2382394,12,caught,1,decode
3002,zeroed_run,3081853,1180,caught,1,decode
3003,truncation,4135072,1409914,caught,1,decode
3004,header,556,1,caught,1,decode
3005,payload,2787095,1,caught,1,decode
3006,bit_flip,2470841,1,caught,1,decode
3007,random_bytes,2135891,15,caught,1,decode
3008,zeroed_run,541253,690,caught,1,decode
3009,truncation,2422951,3122035,caught,1,decode
3010,header,211,1,caught,1,decode
3011,payload,5352089,1,caught,1,decode
3012,bit_flip,3270067,1,caught,1,decode
3013,random_bytes,2163259,13,caught,1,decode
3014,zeroed_run,2786906,2526,caught,1,decode
3015,truncation,1340034,4204952,caught,1,decode
3016,header,6,1,harmless,0,decode
3017,payload,5077686,1,caught,1,decode
3018,bit_flip,3829399,1,caught,1,decode
3019,random_bytes,5489380,5,caught,1,decode
3020,zeroed_run,1074473,1293,caught,1,decode
3021,truncation,2679791,2865195,caught,1,decode
3022,header,674,1,caught,1,decode
3023,payload,3685480,1,caught,1,decode
3024,bit_flip,275754,1,caught,1,decode
3025,random_bytes,1822136,6,caught,1,decode
3026,zeroed_run,5078371,3943,caught,1,decode
3027,truncation,3998376,1546610,caught,1,decode
3028,header,305,1,caught,1,decode
3029,payload,1414778,1,caught,1,decode
3030,bit_flip,3754187,1,caught,1,decode
3031,random_bytes,202080,7,caught,1,decode
3032,zeroed_run,4895782,1493,caught,1,decode
3033,truncation,2379555,3165431,caught,1,decode
3034,header,595,1,caught,1,decode
3035,payload,159938,1,caught,1,decode
3036,bit_flip,1896385,1,caught,1,decode
3037,random_bytes,4252941,14,caught,1,decode
3038,zeroed_run,1313261,2495,caught,1,decode
3039,truncation,3128377,2416609,caught,1,decode
3040,header,731,1,caught,1,decode
3041,payload,2664652,1,caught,1,decode
3042,bit_flip,2753995,1,caught,1,decode
3043,random_bytes,938014,6,caught,1,decode
3044,zeroed_run,2894848,3994,caught,1,decode
3045,truncation,1588302,3956684,caught,1,decode
3046,header,159,1,caught,1,decode
3047,payload,190198,1,caught,1,decode
3048,bit_flip,4915441,1,caught,1,decode
3049,random_bytes,1653486,4,caught,1,decode
3050,zeroed_run,663278,511,caught,1,decode
3051,truncation,747038,4797948,caught,1,decode
3052,header,946,1,caught,1,decode
3053,payload,5313027,1,caught,1,decode
3054,bit_flip,3582196,1,caught,1,decode
3055,random_bytes,234384,13,caught,1,decode
3056,zeroed_run,5396180,2366,caught,1,decode
3057,truncation,1666198,3878788,caught,1,decode
3058,header,429,1,caught,1,decode
3059,payload,585106,1,caught,1,decode
3060,bit_flip,3303374,1,caught,1,decode
3061,random_bytes,3973385,14,caught,1,decode
3062,zeroed_run,3235966,2166,caught,1,decode
3063,truncation,1378680,4166306,caught,1,decode
3064,header,678,1,caught,1,decode
3065,payload,3488403,1,caught,1,decode
3066,bit_flip,3340662,1,caught,1,decode
3067,random_bytes,52009,14,caught,1,decode
3068,zeroed_run,4166209,243,caught,1,decode
3069,truncation,4061165,1483821,caught,1,decode
3070,header,821,1,caught,1,decode
3071,payload,3889579,1,caught,1,decode
3072,bit_flip,4509940,1,caught,1,decode
3073,random_bytes,2879878,13,caught,1,decode
3074,zeroed_run,4421865,3036,caught,1,decode
3075,truncation,1995738,3549248,caught,1,decode
3076,header,958,1,caught,1,decode
3077,payload,3527317,1,caught,1,decode
3078,bit_flip,3114819,1,caught,1,decode
3079,random_bytes,1885722,9,caught,1,decode
3080,zeroed_run,5378507,1376,caught,1,decode
3081,truncation,4331511,1213475,caught,1,decode
3082,header,935,1,caught,1,decode
3083,payload,1677536,1,caught,1,decode
3084,bit_flip,2619927,1,caught,1,decode
3085,random_bytes,565632,1,caught,1,decode
3086,zeroed_run,1243155,1733,caught,1,decode
3087,truncation,2432766,3112220,caught,1,decode
3088,header,31,1,caught,1,decode
3089,payload,5505099,1,caught,1,decode
3090,bit_flip,2862432,1,caught,1,decode
3091,random_bytes,4964362,6,caught,1,decode
3092,zeroed_run,2922758,3892,caught,1,decode
3093,truncation,1544797,4000189,caught,1,decode
3094,header,919,1,caught,1,decode
3095,payload,864712,1,caught,1,decode
3096,bit_flip,1637174,1,caught,1,decode
3097,random_bytes,1140986,8,caught,1,decode
3098,zeroed_run,2551974,4007,caught,1,decode
3099,truncation,1545595,3999391,caught,1,decode
3100,header,648,1,caught,1,decode
3101,payload,5151738,1,caught,1,decode
3102,bit_flip,1803836,1,caught,1,decode
3103,random_bytes,253623,11,caught,1,decode
3104,zeroed_run,1311876,3267,caught,1,decode
3105,truncation,1667678,3877308,caught,1,decode
3106,header,858,1,caught,1,decode
3107,payload,1593400,1,caught,1,decode
3108,bit_flip,5331559,1,caught,1,decode
3109,random_bytes,5219141,10,caught,1,decode
3110,zeroed_run,4307137,1512,caught,1,decode
3111,truncation,120125,5424861,caught,1,decode
3112,header,695,1,caught,1,decode
3113,payload,3502528,1,caught,1,decode
3114,bit_flip,1635894,1,caught,1,decode
3115,random_bytes,2829831,10,caught,1,decode
3116,zeroed_run,573740,1428,caught,1,decode
3117,truncation,726511,4818475,caught,1,decode
3118,header,896,1,caught,1,decode
3119,payload,1969184,1,caught,1,decode
3120,bit_flip,3861751,1,caught,1,decode
3121,random_bytes,3085588,9,caught,1,decode
3122,zeroed_run,4606717,1022,caught,1,decode
3123,truncation,275888,5269098,caught,1,decode
3124,header,379,1,caught,1,decode
3125,payload,3482250,1,caught,1,decode
3126,bit_flip,4827267,1,caught,1,decode
3127,random_bytes,3497484,7,caught,1,decode
3128,zeroed_run,1743083,3483,caught,1,decode
3129,truncation,1832181,3712805,caught,1,decode
3130,header,100,1,caught,1,decode
3131,payload,803275,1,caught,1,decode
3132,bit_flip,2651195,1,caught,1,decode
3133,random_bytes,544496,6,caught,1,decode
3134,zeroed_run,1530498,3264,caught,1,decode
3135,truncation,4846333,698653,caught,1,decode
3136,header,324,1,caught,1,decode
3137,payload,3549593,1,caught,1,decode
3138,bit_flip,747363,1,caught,1,decode
3139,random_bytes,1346228,15,caught,1,decode
3140,zeroed_run,5072298,732,caught,1,decode
3141,truncation,393132,5151854,caught,1,decode
3142,header,735,1,caught,1,decode
3143,payload,1803981,1,caught,1,decode
3144,bit_flip,2038909,1,caught,1,decode
3145,random_bytes,2482312,12,caught,1,decode
3146,zeroed_run,3608536,3761,caught,1,decode
3147,truncation,3971306,1573680,caught,1,decode
3148,header,652,1,caught,1,decode
3149,payload,4040416,1,caught,1,decode
3150,bit_flip,550311,1,caught,1,decode
3151,random_bytes,773571,14,caught,1,decode
3152,zeroed_run,3699153,2879,caught,1,decode
3153,truncation,1083007,4461979,caught,1,decode
3154,header,835,1,caught,1,decode
3155,payload,4342862,1,caught,1,decode
3156,bit_flip,3023660,1,caught,1,decode
3157,random_bytes,2870984,13,caught,1,decode
3158,zeroed_run,1251827,561,caught,1,decode
3159,truncation,614797,4930189,caught,1,decode
3160,header,297,1,caught,1,decode
3161,payload,3616748,1,caught,1,decode
3162,bit_flip,4267312,1,caught,1,decode
3163,random_bytes,4521762,6,caught,1,decode
3164,zeroed_run,979234,277,caught,1,decode
3165,truncation,1990675,3554311,caught,1,decode
3166,header,242,1,caught,1,decode
3167,payload,713065,1,caught,1,decode
3168,bit_flip,1865694,1,caught,1,decode
3169,random_bytes,1342512,11,caught,1,decode
3170,zeroed_run,5097354,1409,caught,1,decode
3171,truncation,338949,5206037,caught,1,decode
3172,header,882,1,caught,1,decode
3173,payload,4368139,1,caught,1,decode
3174,bit_flip,3602965,1,caught,1,decode
3175,random_bytes,581827,10,caught,1,decode
3176,zeroed_run,2549313,1580,caught,1,decode
3177,truncation,4251696,1293290,caught,1,decode
3178,header,783,1,caught,1,decode
3179,payload,5369976,1,caught,1,decode
3180,bit_flip,1231113,1,caught,1,decode
3181,random_bytes,3334527,15,caught,1,decode
3182,zeroed_run,5189412,19,caught,1,decode
3183,truncation,3029912,2515074,caught,1,decode
3184,header,527,1,caught,1,decode
3185,payload,3661640,1,caught,1,decode
3186,bit_flip,2952784,1,caught,1,decode
3187,random_bytes,2720191,5,caught,1,decode
3188,zeroed_run,2234434,3184,caught,1,decode
3189,truncation,1431118,4113868,caught,1,decode
3190,header,536,1,caught,1,decode
3191,payload,617405,1,caught,1,decode
3192,bit_flip,1477666,1,caught,1,decode
3193,random_bytes,1785384,6,caught,1,decode
3194,zeroed_run,5249392,1151,caught,1,decode
3195,truncation,5348441,196545,caught,1,decode
3196,header,780,1,caught,1,decode
3197,payload,457346,1,caught,1,decode
3198,bit_flip,5089838,1,caught,1,decode
3199,random_bytes,3643303,9,caught,1,decode
3200,zeroed_run,2414193,1770,caught,1,decode
3201,truncation,3548501,1996485,caught,1,decode
3202,header,817,1,caught,1,decode
3203,payload,5197663,1,caught,1,decode
3204,bit_flip,4463010,1,caught,1,decode
3205,random_bytes,315911,10,caught,1,decode
3206,zeroed_run,5405239,3251,caught,1,decode
3207,truncation,674782,4870204,caught,1,decode
3208,header,925,1,caught,1,decode
3209,payload,5268834,1,caught,1,decode
3210,bit_flip,3080638,1,caught,1,decode
3211,random_bytes,4193015,7,caught,1,decode
3212,zeroed_run,1279287,3320,caught,1,decode
3213,truncation,61651,5483335,caught,1,decode
3214,header,156,1,caught,1,decode
3215,payload,2435440,1,caught,1,decode
3216,bit_flip,2137830,1,caught,1,decode
3217,random_bytes,4626242,5,caught,1,decode
3218,zeroed_run,3608673,2127,caught,1,decode
3219,truncation,4472127,1072859,caught,1,decode
3220,header,434,1,caught,1,decode
3221,payload,2251,1,caught,1,decode
3222,bit_flip,1447043,1,caught,1,decode
3223,random_bytes,1254483,14,caught,1,decode
3224,zeroed_run,5195225,638,caught,1,decode
3225,truncation,4467507,1077479,caught,1,decode
3226,header,654,1,caught,1,decode
3227,payload,688950,1,caught,1,decode
3228,bit_flip,3050148,1,caught,1,decode
3229,random_bytes,2418335,6,caught,1,decode
3230,zeroed_run,5537017,850,caught,1,decode
3231,truncation,1842700,3702286,caught,1,decode
3232,header,316,1,caught,1,decode
3233,payload,4353900,1,caught,1,decode
3234,bit_flip,1707174,1,caught,1,decode
3235,random_bytes,5533017,6,caught,1,decode
3236,zeroed_run,3022111,634,caught,1,decode
3237,truncation,1052906,4492080,caught,1,decode
3238,header,524,1,caught,1,decode
3239,payload,1193359,1,caught,1,decode
3240,bit_flip,293287,1,caught,1,decode
3241,random_bytes,1725987,13,caught,1,decode
3242,zeroed_run,3451010,1522,caught,1,decode
3243,truncation,5079464,465522,caught,1,decode
3244,header,496,1,caught,1,decode
3245,payload,3660814,1,caught,1,decode
3246,bit_flip,1013472,1,caught,1,decode
3247,random_bytes,2891268,15,caught,1,decode
3248,zeroed_run,3008963,1899,caught,1,decode
3249,truncation,52267,5492719,caught,1,decode
3250,header,822,1,caught,1,decode
3251,payload,2282375,1,caught,1,decode
3252,bit_flip,4402286,1,caught,1,decode
3253,random_bytes,841054,4,caught,1,decode
3254,zeroed_run,714700,2507,caught,1,decode
3255,truncation,5231767,313219,caught,1,decode
3256,header,436,1,caught,1,decode
3257,payload,4553544,1,caught,1,decode
3258,bit_flip,2664048,1,caught,1,decode
3259,random_bytes,151381,8,caught,1,decode
3260,zeroed_run,3938075,1361,caught,1,decode
3261,truncation,3265975,2279011,caught,1,decode
3262,header,934,1,caught,1,decode
3263,payload,3797569,1,caught,1,decode
3264,bit_flip,5501280,1,caught,1,decode
3265,random_bytes,5030555,13,caught,1,decode
3266,zeroed_run,4943147,3222,caught,1,decode
3267,truncation,3257131,2287855,caught,1,decode
3268,header,855,1,caught,1,decode
3269,payload,2983664,1,caught,1,decode
3270,bit_flip,2092871,1,caught,1,decode
3271,random_bytes,3524797,12,caught,1,decode
3272,zeroed_run,5360790,3835,caught,1,decode
3273,truncation,1427866,4117120,caught,1,decode
3274,header,285,1,caught,1,decode
3275,payload,4226679,1,caught,1,decode
3276,bit_flip,4224287,1,caught,1,decode
3277,random_bytes,2033936,4,caught,1,decode
3278,zeroed_run,914679,3179,caught,1,decode
3279,truncation,5489839,55147,caught,1,decode
3280,header,960,1,caught,1,decode
3281,payload,999776,1,caught,1,decode
3282,bit_flip,2865947,1,caught,1,decode
3283,random_bytes,1938069,13,caught,1,decode
3284,zeroed_run,4063305,3150,caught,1,decode
3285,truncation,4934512,610474,caught,1,decode
3286,header,933,1,caught,1,decode
3287,payload,2843032,1,caught,1,decode
3288,bit_flip,4321435,1,caught,1,decode
3289,random_bytes,4447468,4,caught,1,decode
3290,zeroed_run,4510642,1512,caught,1,decode
3291,truncation,4718157,826829,caught,1,decode
3292,header,543,1,caught,1,decode
3293,payload,4101340,1,caught,1,decode
3294,bit_flip,3437580,1,caught,1,decode
3295,random_bytes,3045046,1,caught,1,decode
3296,zeroed_run,1056493,4093,caught,1,decode
3297,truncation,5035652,509334,caught,1,decode
3298,header,14,1,harmless,0,decode
3299,payload,3870876,1,caught,1,decode
3300,bit_flip,1579319,1,caught,1,decode
3301,random_bytes,1840440,2,caught,1,decode
3302,zeroed_run,3300193,1454,caught,1,decode
3303,truncation,5452685,92301,caught,1,decode
3304,header,946,1,caught,1,decode
3305,payload,2334824,1,caught,1,decode
3306,bit_flip,2196792,1,caught,1,decode
3307,random_bytes,1957509,5,caught,1,decode
3308,zeroed_run,4750097,971,caught,1,decode
3309,truncation,117189,5427797,caught,1,decode
3310,header,997,1,caught,1,decode
3311,payload,579591,1,caught,1,decode
3312,bit_flip,2544061,1,caught,1,decode
3313,random_bytes,4730246,3,caught,1,decode
3314,zeroed_run,3330387,1629,caught,1,decode
3315,truncation,2837151,2707835,caught,1,decode
3316,header,62,1,caught,1,decode
3317,payload,659884,1,caught,1,decode
3318,bit_flip,313751,1,caught,1,decode
3319,random_bytes,3924803,11,caught,1,decode
3320,zeroed_run,4581496,3201,caught,1,decode
3321,truncation,2024658,3520328,caught,1,decode
3322,header,412,1,caught,1,decode
3323,payload,1685930,1,caught,1,decode
3324,bit_flip,582622,1,caught,1,decode
3325,random_bytes,4456061,14,caught,1,decode
3326,zeroed_run,2341657,2079,caught,1,decode
3327,truncation,67525,5477461,caught,1,decode
3328,header,242,1,caught,1,decode
3329,payload,1618690,1,caught,1,decode
3330,bit_flip,3691691,1,caught,1,decode
3331,random_bytes,5537113,16,caught,1,decode
3332,zeroed_run,5112495,3890,caught,1,decode
3333,truncation,3207472,2337514,caught,1,decode
3334,header,488,1,caught,1,decode
3335,payload,2088630,1,caught,1,decode
3336,bit_flip,5171890,1,caught,1,decode
3337,random_bytes,4923467,4,caught,1,decode
3338,zeroed_run,4975292,2708,caught,1,decode
3339,truncation,3423872,2121114,caught,1,decode
3340,header,12,1,harmless,0,decode
3341,payload,559593,1,caught,1,decode
3342,bit_flip,5098762,1,caught,1,decode
3343,random_bytes,667759,10,caught,1,decode
3344,zeroed_run,2732583,2789,caught,1,decode
3345,truncation,5524739,20247,caught,1,decode
3346,header,644,1,caught,1,decode
3347,payload,2060627,1,caught,1,decode
3348,bit_flip,785508,1,caught,1,decode
3349,random_bytes,1791106,6,caught,1,decode
3350,zeroed_run,3710591,63,caught,1,decode
3351,truncation,2430221,3114765,caught,1,decode
3352,header,68,1,caught,1,decode
3353,payload,4971195,1,caught,1,decode
3354,bit_flip,2992525,1,caught,1,decode
3355,random_bytes,4384895,7,caught,1,decode
3356,zeroed_run,5407834,522,caught,1,decode
3357,truncation,189765,5355221,caught,1,decode
3358,header,543,1,caught,1,decode
3359,payload,1039878,1,caught,1,decode
3360,bit_flip,621101,1,caught,1,decode
3361,random_bytes,479251,11,caught,1,decode
3362,zeroed_run,1418362,1791,caught,1,decode
3363,truncation,3104066,2440920,caught,1,decode
3364,header,820,1,caught,1,decode
3365,payload,3113508,1,caught,1,decode
3366,bit_flip,2796441,1,caught,1,decode
3367,random_bytes,1517809,11,caught,1,decode
3368,zeroed_run,1910865,2905,caught,1,decode
3369,truncation,2129813,3415173,caught,1,decode
3370,header,100,1,caught,1,decode
3371,payload,2712564,1,caught,1,decode
3372,bit_flip,3654268,1,caught,1,decode
3373,random_bytes,3813314,10,caught,1,decode
3374,zeroed_run,1444272,2790,caught,1,decode
3375,truncation,1172450,4372536,caught,1,decode
3376,header,152,1,caught,1,decode
3377,payload,3350140,1,caught,1,decode
3378,bit_flip,3142589,1,caught,1,decode
3379,random_bytes,5461623,1,caught,1,decode
3380,zeroed_run,5297097,3557,caught,1,decode
3381,truncation,874419,4670567,caught,1,decode
3382,header,214,1,caught,1,decode
3383,payload,4798146,1,caught,1,decode
3384,bit_flip,5292129,1,caught,1,decode
3385,random_bytes,160802,11,caught,1,decode
3386,zeroed_run,2239639,95,caught,1,decode
3387,truncation,2272271,3272715,caught,1,decode
3388,header,198,1,caught,1,decode
3389,payload,1953856,1,caught,1,decode
3390,bit_flip,3924511,1,caught,1,decode
3391,random_bytes,1312143,8,caught,1,decode
3392,zeroed_run,2816462,2078,caught,1,decode
3393,truncation,4412114,1132872,caught,1,decode
3394,header,903,1,caught,1,decode
3395,payload,4060997,1,caught,1,decode
3396,bit_flip,1275418,1,caught,1,decode
3397,random_bytes,3090382,3,caught,1,decode
3398,zeroed_run,3826949,2197,caught,1,decode
3399,truncation,5476639,68347,caught,1,decode
3400,header,412,1,caught,1,decode
3401,payload,3348517,1,caught,1,decode
3402,bit_flip,3136213,1,caught,1,decode
3403,random_bytes,317159,2,caught,1,decode
3404,zeroed_run,414995,2065,caught,1,decode
3405,truncation,1920445,3624541,caught,1,decode
3406,header,423,1,caught,1,decode
3407,payload,2733278,1,caught,1,decode
3408,bit_flip,286043,1,caught,1,decode
3409,random_bytes,5109732,5,caught,1,decode
3410,zeroed_run,956135,2957,caught,1,decode
3411,truncation,4962105,582881,caught,1,decode
3412,header,925,1,caught,1,decode
3413,payload,2484121,1,caught,1,decode
3414,bit_flip,550202,1,caught,1,decode
3415,random_bytes,3646700,2,caught,1,decode
3416,zeroed_run,4056906,3007,caught,1,decode
3417,truncation,4961942,583044,caught,1,decode
3418,header,158,1,caught,1,decode
3419,payload,3110897,1,caught,1,decode
3420,bit_flip,4586749,1,caught,1,decode
3421,random_bytes,3800453,5,caught,1,decode
3422,zeroed_run,931554,82,caught,1,decode
3423,truncation,2346300,3198686,caught,1,decode
3424,header,379,1,caught,1,decode
3425,payload,1512095,1,caught,1,decode
3426,bit_flip,5365612,1,caught,1,decode
3427,random_bytes,2454108,1,caught,1,decode
3428,zeroed_run,957762,1390,caught,1,decode
3429,truncation,5102703,442283,caught,1,decode
3430,header,77,1,caught,1,decode
3431,payload,4269819,1,caught,1,decode
3432,bit_flip,2172532,1,caught,1,decode
3433,random_bytes,5097212,16,caught,1,decode
3434,zeroed_run,901907,4085,caught,1,decode
3435,truncation,1053833,4491153,caught,1,decode
3436,header,925,1,caught,1,decode
3437,payload,1546388,1,caught,1,decode
3438,bit_flip,5215969,1,caught,1,decode
3439,random_bytes,621758,8,caught,1,decode
3440,zeroed_run,11993,3264,caught,1,decode
3441,truncation,2053235,3491751,caught,1,decode
3442,header,363,1,caught,1,decode
3443,payload,3275440,1,caught,1,decode
3444,bit_flip,4098669,1,caught,1,decode
3445,random_bytes,1568532,7,caught,1,decode
3446,zeroed_run,859357,4018,caught,1,decode
3447,truncation,2329998,3214988,caught,1,decode
3448,header,207,1,caught,1,decode
3449,payload,1993221,1,caught,1,decode
3450,bit_flip,4726865,1,caught,1,decode
3451,random_bytes,4880105,15,caught,1,decode
3452,zeroed_run,46668,1806,caught,1,decode
3453,truncation,1306121,4238865,caught,1,decode
3454,header,663,1,caught,1,decode
3455,payload,43094,1,caught,1,decode
3456,bit_flip,668155,1,caught,1,decode
3457,random_bytes,4305886,9,caught,1,decode
3458,zeroed_run,2888432,2768,caught,1,decode
3459,truncation,1770071,3774915,caught,1,decode
3460,header,663,1,caught,1,decode
3461,payload,2100068,1,caught,1,decode
3462,bit_flip,3650330,1,caught,1,decode
3463,random_bytes,3541406,14,caught,1,decode
3464,zeroed_run,4278391,2444,caught,1,decode
3465,truncation,1453676,4091310,caught,1,decode
3466,header,630,1,caught,1,decode
3467,payload,3662049,1,caught,1,decode
3468,bit_flip,1632082,1,caught,1,decode
3469,random_bytes,2332510,16,caught,1,decode
3470,zeroed_run,169017,3215,caught,1,decode
3471,truncation,490088,5054898,caught,1,decode
3472,header,613,1,caught,1,decode
3473,payload,2168337,1,caught,1,decode
3474,bit_flip,2001327,1,caught,1,decode
3475,random_bytes,3650673,7,caught,1,decode
3476,zeroed_run,1127514,2521,caught,1,decode
3477,truncation,1490142,4054844,caught,1,decode
3478,header,189,1,caught,1,decode
3479,payload,1100250,1,caught,1,decode
3480,bit_flip,1847334,1,caught,1,decode
3481,random_bytes,2562443,11,caught,1,decode
3482,zeroed_run,864963,3657,caught,1,decode
3483,truncation,385556,5159430,caught,1,decode
3484,header,840,1,caught,1,decode
3485,payload,3810303,1,caught,1,decode
3486,bit_flip,3442534,1,caught,1,decode
3487,random_bytes,1863105,3,caught,1,decode
3488,zeroed_run,3895830,3157,caught,1,decode
3489,truncation,4579453,965533,caught,1,decode
3490,header,396,1,caught,1,decode
3491,payload,4721590,1,caught,1,decode
3492,bit_flip,4913994,1,caught,1,decode
3493,random_bytes,361149,14,caught,1,decode
3494,zeroed_run,1124748,138,caught,1,decode
3495,truncation,3502829,2042157,caught,1,decode
3496,header,390,1,caught,1,decode
3497,payload,3830368,1,caught,1,decode
3498,bit_flip,3205172,1,caught,1,decode
3499,random_bytes,68778,5,caught,1,decode
3500,zeroed_run,778183,3091,caught,1,decode
3501,truncation,2788416,2756570,caught,1,decode
3502,header,869,1,caught,1,decode
3503,payload,1133412,1,caught,1,decode
3504,bit_flip,3838833,1,caught,1,decode
3505,random_bytes,751228,16,caught,1,decode
3506,zeroed_run,3744465,3191,caught,1,decode
3507,truncation,3580385,1964601,caught,1,decode
3508,header,92,1,caught,1,decode
3509,payload,22057,1,caught,1,decode
3510,bit_flip,1580629,1,caught,1,decode
3511,random_bytes,1447092,13,caught,1,decode
3512,zeroed_run,5028482,1072,caught,1,decode
3513,truncation,1814575,3730411,caught,1,decode
3514,header,874,1,caught,1,decode
3515,payload,3424262,1,caught,1,decode
3516,bit_flip,4056807,1,caught,1,decode
3517,random_bytes,3261476,11,caught,1,decode
3518,zeroed_run,1886226,2252,caught,1,decode
3519,truncation,2846447,2698539,caught,1,decode
3520,header,771,1,caught,1,decode
3521,payload,926646,1,caught,1,decode
3522,bit_flip,805411,1,caught,1,decode
3523,random_bytes,4252700,6,caught,1,decode
3524,zeroed_run,571315,303,caught,1,decode
3525,truncation,4934988,609998,caught,1,decode
3526,header,611,1,caught,1,decode
3527,payload,3211623,1,caught,1,decode
3528,bit_flip,1663592,1,caught,1,decode
3529,random_bytes,355161,13,caught,1,decode
3530,zeroed_run,4138608,986,caught,1,decode
3531,truncation,2490425,3054561,caught,1,decode
3532,header,67,1,caught,1,decode
3533,payload,3722194,1,caught,1,decode
3534,bit_flip,5314445,1,caught,1,decode
3535,random_bytes,4900932,12,caught,1,decode
3536,zeroed_run,3734485,3007,caught,1,decode
3537,truncation,3431628,2113358,caught,1,decode
3538,header,894,1,caught,1,decode
3539,payload,2711896,1,caught,1,decode
3540,bit_flip,5360460,1,caught,1,decode
3541,random_bytes,3259944,5,caught,1,decode
3542,zeroed_run,4371912,857,caught,1,decode
3543,truncation,1031839,4513147,caught,1,decode
3544,header,533,1,caught,1,decode
3545,payload,1065089,1,caught,1,decode
3546,bit_flip,2896334,1,caught,1,decode
3547,random_bytes,3451026,9,caught,1,decode
3548,zeroed_run,1653252,1618,caught,1,decode
3549,truncation,4696088,848898,caught,1,decode
3550,header,991,1,caught,1,decode
3551,payload,1652785,1,caught,1,decode
3552,bit_flip,1374076,1,caught,1,decode
3553,random_bytes,5056972,7,caught,1,decode
3554,zeroed_run,739305,2502,caught,1,decode
3555,truncation,4909340,635646,caught,1,decode
3556,header,858,1,caught,1,decode
3557,payload,3647793,1,caught,1,decode
3558,bit_flip,3043302,1,caught,1,decode
3559,random_bytes,1737998,15,caught,1,decode
3560,zeroed_run,5457273,3844,caught,1,decode
3561,truncation,2368791,3176195,caught,1,decode
3562,header,475,1,caught,1,decode
3563,payload,1105021,1,caught,1,decode
3564,bit_flip,1986283,1,caught,1,decode
3565,random_bytes,1957653,7,caught,1,decode
3566,zeroed_run,2912401,2675,caught,1,decode
3567,truncation,1034119,4510867,caught,1,decode
3568,header,376,1,caught,1,decode
3569,payload,511139,1,caught,1,decode
3570,bit_flip,4464279,1,caught,1,decode
3571,random_bytes,4361515,14,caught,1,decode
3572,zeroed_run,996149,2404,caught,1,decode
3573,truncation,1724085,3820901,caught,1,decode
3574,header,958,1,caught,1,decode
3575,payload,2938166,1,caught,1,decode
3576,bit_flip,1740943,1,caught,1,decode
3577,random_bytes,481357,1,caught,1,decode
3578,zeroed_run,539970,1760,caught,1,decode
3579,truncation,1161356,4383630,caught,1,decode
3580,header,363,1,caught,1,decode
3581,payload,3159590,1,caught,1,decode
3582,bit_flip,2091370,1,caught,1,decode
3583,random_bytes,152695,15,caught,1,decode
3584,zeroed_run,1616444,2350,caught,1,decode
3585,truncation,1456907,4088079,caught,1,decode
3586,header,411,1,caught,1,decode
3587,payload,4539675,1,caught,1,decode
3588,bit_flip,3539402,1,caught,1,decode
3589,random_bytes,154257,9,caught,1,decode
3590,zeroed_run,1778980,1750,caught,1,decode
3591,truncation,2211871,3333115,caught,1,decode
3592,header,556,1,caught,1,decode
3593,payload,2192646,1,caught,1,decode
3594,bit_flip,4680023,1,caught,1,decode
3595,random_bytes,79568,2,caught,1,decode
3596,zeroed_run,3568193,470,caught,1,decode
3597,truncation,3291743,2253243,caught,1,decode
3598,header,491,1,caught,1,decode
3599,payload,4376799,1,caught,1,decode
3600,bit_flip,1307016,1,caught,1,decode
3601,random_bytes,3234041,6,caught,1,decode
3602,zeroed_run,1617208,3156,caught,1,decode
3603,truncation,1902978,3642008,caught,1,decode
3604,header,789,1,caught,1,decode
3605,payload,340320,1,caught,1,decode
3606,bit_flip,2481857,1,caught,1,decode
3607,random_bytes,2866554,15,caught,1,decode
3608,zeroed_run,3472156,3608,caught,1,decode
3609,truncation,3459351,2085635,caught,1,decode
3610,header,969,1,caught,1,decode
3611,payload,1649373,1,caught,1,decode
3612,bit_flip,2709239,1,caught,1,decode
3613,random_bytes,5373514,7,caught,1,decode
3614,zeroed_run,5037164,1047,caught,1,decode
3615,truncation,4682968,862018,caught,1,decode
3616,header,408,1,caught,1,decode
3617,payload,3382814,1,caught,1,decode
3618,bit_flip,3003092,1,caught,1,decode
3619,random_bytes,335999,4,caught,1,decode
3620,zeroed_run,1446841,743,caught,1,decode
3621,truncation,3403823,2141163,caught,1,decode
3622,header,717,1,caught,1,decode
3623,payload,4544364,1,caught,1,decode
3624,bit_flip,647219,1,caught,1,decode
3625,random_bytes,2824594,3,caught,1,decode
3626,zeroed_run,700281,3072,caught,1,decode
3627,truncation,4585634,959352,caught,1,decode
3628,header,683,1,caught,1,decode
3629,payload,2500959,1,caught,1,decode
3630,bit_flip,107165,1,caught,1,decode
3631,random_bytes,1536628,7,caught,1,decode
3632,zeroed_run,976697,2753,caught,1,decode
3633,truncation,316156,5228830,caught,1,decode
3634,header,324,1,caught,1,decode
3635,payload,4952179,1,caught,1,decode
3636,bit_flip,201220,1,caught,1,decode
3637,random_bytes,4871523,13,caught,1,decode
3638,zeroed_run,1976867,3376,caught,1,decode
3639,truncation,4995973,549013,caught,1,decode
3640,header,69,1,caught,1,decode
3641,payload,3051380,1,caught,1,decode
3642,bit_flip,233023,1,caught,1,decode
3643,random_bytes,4371975,6,caught,1,decode
3644,zeroed_run,3367208,3454,caught,1,decode
3645,truncation,2103326,3441660,caught,1,decode
3646,header,787,1,caught,1,decode
3647,payload,865319,1,caught,1,decode
3648,bit_flip,4553731,1,caught,1,decode
3649,random_bytes,544999,7,caught,1,decode
3650,zeroed_run,845105,2963,caught,1,decode
3651,truncation,4078395,1466591,caught,1,decode
3652,header,573,1,caught,1,decode
3653,payload,5460325,1,caught,1,decode
3654,bit_flip,4519198,1,caught,1,decode
3655,random_bytes,5262025,5,caught,1,decode
3656,zeroed_run,4880480,3784,caught,1,decode
3657,truncation,1683871,3861115,caught,1,decode
3658,header,987,1,caught,1,decode
3659,payload,236308,1,caught,1,decode
3660,bit_flip,966638,1,caught,1,decode
3661,random_bytes,4656280,6,caught,1,decode
3662,zeroed_run,1943426,256,caught,1,decode
3663,truncation,1252446,4292540,caught,1,decode
3664,header,59,1,caught,1,decode
3665,payload,5133322,1,caught,1,decode
3666,bit_flip,468324,1,caught,1,decode
3667,random_bytes,758974,4,caught,1,decode
3668,zeroed_run,5535633,657,caught,1,decode
3669,truncation,3671790,1873196,caught,1,decode
3670,header,133,1,caught,1,decode
3671,payload,5047579,1,caught,1,decode
3672,bit_flip,1811014,1,caught,1,decode
3673,random_bytes,5432641,12,caught,1,decode
3674,zeroed_run,3413880,533,caught,1,decode
3675,truncation,4254765,1290221,caught,1,decode
3676,header,863,1,caught,1,decode
3677,payload,5338332,1,caught,1,decode
3678,bit_flip,2467545,1,caught,1,decode
3679,random_bytes,3501686,3,caught,1,decode
3680,zeroed_run,3743592,636,caught,1,decode
3681,truncation,271810,5273176,caught,1,decode
3682,header,862,1,caught,1,decode
3683,payload,4572502,1,caught,1,decode
3684,bit_flip,4980899,1,caught,1,decode
3685,random_bytes,401730,6,caught,1,decode
3686,zeroed_run,3731672,464,caught,1,decode
3687,truncation,1971171,3573815,caught,1,decode
3688,header,452,1,caught,1,decode
3689,payload,4726675,1,caught,1,decode
3690,bit_flip,554755,1,caught,1,decode
3691,random_bytes,5147414,15,caught,1,decode
3692,zeroed_run,4870067,3346,caught,1,decode
3693,truncation,2176684,3368302,caught,1,decode
3694,header,609,1,caught,1,decode
3695,payload,4093432,1,caught,1,decode
3696,bit_flip,3088427,1,caught,1,decode
3697,random_bytes,251719,12,caught,1,decode
3698,zeroed_run,2678249,3674,caught,1,decode
3699,truncation,2517746,3027240,caught,1,decode
3700,header,134,1,caught,1,decode
3701,payload,658178,1,caught,1,decode
3702,bit_flip,2489788,1,caught,1,decode
3703,random_bytes,4583482,10,caught,1,decode
3704,zeroed_run,1308832,2511,caught,1,decode
3705,truncation,2157267,3387719,caught,1,decode
3706,header,259,1,caught,1,decode
3707,payload,3138277,1,caught,1,decode
3708,bit_flip,467532,1,caught,1,decode
3709,random_bytes,2056248,11,caught,1,decode
3710,zeroed_run,2051195,845,caught,1,decode
3711,truncation,779728,4765258,caught,1,decode
3712,header,76,1,caught,1,decode
3713,payload,2917709,1,caught,1,decode
3714,bit_flip,2096462,1,caught,1,decode
3715,random_bytes,5189154,13,caught,1,decode
3716,zeroed_run,867457,2888,caught,1,decode
3717,truncation,3006268,2538718,caught,1,decode
3718,header,943,1,caught,1,decode
3719,payload,1877839,1,caught,1,decode
3720,bit_flip,1672058,1,caught,1,decode
3721,random_bytes,1565481,8,caught,1,decode
3722,zeroed_run,4573281,2642,caught,1,decode
3723,truncation,532456,5012530,caught,1,decode
3724,header,502,1,caught,1,decode
3725,payload,1870954,1,caught,1,decode
3726,bit_flip,32549,1,caught,1,decode
3727,random_bytes,2330452,13,caught,1,decode
3728,zeroed_run,1116103,3237,caught,1,decode
3729,truncation,4609172,935814,caught,1,decode
3730,header,492,1,caught,1,decode
3731,payload,2378808,1,caught,1,decode
3732,bit_flip,462416,1,caught,1,decode
3733,random_bytes,1383476,14,caught,1,decode
3734,zeroed_run,1170258,2653,caught,1,decode
3735,truncation,1360271,4184715,caught,1,decode
3736,header,72,1,caught,1,decode
3737,payload,3045755,1,caught,1,decode
3738,bit_flip,1041997,1,caught,1,decode
3739,random_bytes,304433,4,caught,1,decode
3740,zeroed_run,2382451,3858,caught,1,decode
3741,truncation,5144922,400064,caught,1,decode
3742,header,498,1,caught,1,decode
3743,payload,437245,1,caught,1,decode
3744,bit_flip,2675744,1,caught,1,decode
3745,random_bytes,1683861,7,caught,1,decode
3746,zeroed_run,980236,2121,caught,1,decode
3747,truncation,425273,5119713,caught,1,decode
3748,header,380,1,caught,1,decode
3749,payload,251440,1,caught,1,decode
3750,bit_flip,5079793,1,caught,1,decode
3751,random_bytes,310530,5,caught,1,decode
3752,zeroed_run,4688142,76,caught,1,decode
3753,truncation,3913113,1631873,caught,1,decode
3754,header,238,1,caught,1,decode
3755,payload,3780246,1,caught,1,decode
3756,bit_flip,2204622,1,caught,1,decode
3757,random_bytes,1743042,13,caught,1,decode
3758,zeroed_run,4373711,3428,caught,1,decode
3759,truncation,1587938,3957048,caught,1,decode
3760,header,136,1,caught,1,decode
3761,payload,57106,1,caught,1,decode
3762,bit_flip,2614283,1,caught,1,decode
3763,random_bytes,176419,13,caught,1,decode
3764,zeroed_run,5503229,3976,caught,1,decode
3765,truncation,2188551,3356435,caught,1,decode
3766,header,428,1,caught,1,decode
3767,payload,5178833,1,caught,1,decode
3768,bit_flip,4042601,1,caught,1,decode
3769,random_bytes,1475187,13,caught,1,decode
3770,zeroed_run,2289397,1663,caught,1,decode
3771,truncation,1411527,4133459,caught,1,decode
3772,header,122,1,caught,1,decode
3773,payload,1914413,1,caught,1,decode
3774,bit_flip,5542019,1,caught,1,decode
3775,random_bytes,4833076,16,caught,1,decode
3776,zeroed_run,3215283,1364,caught,1,decode
3777,truncation,2284983,3260003,caught,1,decode
3778,header,986,1,caught,1,decode
3779,payload,1276843,1,caught,1,decode
3780,bit_flip,3258395,1,caught,1,decode
3781,random_bytes,3284725,6,caught,1,decode
3782,zeroed_run,2384657,3741,caught,1,decode
3783,truncation,4260770,1284216,caught,1,decode
3784,header,733,1,caught,1,decode
3785,payload,5277402,1,caught,1,decode
3786,bit_flip,5370988,1,caught,1,decode
3787,random_bytes,2748460,7,caught,1,decode
3788,zeroed_run,5369624,439,caught,1,decode
3789,truncation,2231628,3313358,caught,1,decode
3790,header,332,1,caught,1,decode
3791,payload,2182508,1,caught,1,decode
3792,bit_flip,2007975,1,caught,1,decode
3793,random_bytes,4864378,4,caught,1,decode
3794,zeroed_run,376003,453,caught,1,decode
3795,truncation,413210,5131776,caught,1,decode
3796,header,72,1,caught,1,decode
3797,payload,2943032,1,caught,1,decode
3798,bit_flip,2587463,1,caught,1,decode
3799,random_bytes,2035004,5,caught,1,decode
3800,zeroed_run,1722745,1408,caught,1,decode
3801,truncation,3537452,2007534,caught,1,decode
3802,header,721,1,caught,1,decode
3803,payload,4275016,1,caught,1,decode
3804,bit_flip,1153497,1,caught,1,decode
3805,random_bytes,3516573,13,caught,1,decode
3806,zeroed_run,727419,2757,caught,1,decode
3807,truncation,4685546,859440,caught,1,decode
3808,header,597,1,caught,1,decode
3809,payload,1894020,1,caught,1,decode
3810,bit_flip,171753,1,caught,1,decode
3811,random_bytes,1303947,1,caught,1,decode
3812,zeroed_run,1893843,2021,caught,1,decode
3813,truncation,4354577,1190409,caught,1,decode
3814,header,814,1,caught,1,decode
3815,payload,3588277,1,caught,1,decode
3816,bit_flip,840095,1,caught,1,decode
3817,random_bytes,4665400,10,caught,1,decode
3818,zeroed_run,4578793,2365,caught,1,decode
3819,truncation,2559389,2985597,caught,1,decode
3820,header,118,1,caught,1,decode
3821,payload,1380571,1,caught,1,decode
3822,bit_flip,4370690,1,caught,1,decode
3823,random_bytes,556638,11,caught,1,decode
3824,zeroed_run,2013240,3894,caught,1,decode
3825,truncation,2427195,3117791,caught,1,decode
3826,header,983,1,caught,1,decode
3827,payload,258360,1,caught,1,decode
3828,bit_flip,5476929,1,caught,1,decode
3829,random_bytes,2989550,4,caught,1,decode
3830,zeroed_run,5002487,3374,caught,1,decode
3831,truncation,2852897,2692089,caught,1,decode
3832,header,440,1,caught,1,decode
3833,payload,1637939,1,caught,1,decode
3834,bit_flip,535471,1,caught,1,decode
3835,random_bytes,1536852,6,caught,1,decode
3836,zeroed_run,1156475,1011,caught,1,decode
3837,truncation,1272302,4272684,caught,1,decode
3838,header,162,1,caught,1,decode
3839,payload,5327352,1,caught,1,decode
3840,bit_flip,4476787,1,caught,1,decode
3841,random_bytes,4927866,15,caught,1,decode
3842,zeroed_run,546671,2289,caught,1,decode
3843,truncation,165163,5379823,caught,1,decode
3844,header,14,1,harmless,0,decode
3845,payload,499384,1,caught,1,decode
3846,bit_flip,4211656,1,caught,1,decode
3847,random_bytes,5515849,9,caught,1,decode
3848,zeroed_run,930334,2513,caught,1,decode
3849,truncation,2471802,3073184,caught,1,decode
3850,header,220,1,caught,1,decode
3851,payload,3544499,1,caught,1,decode
3852,bit_flip,2638965,1,caught,1,decode
3853,random_bytes,1996473,8,caught,1,decode
3854,zeroed_run,973842,3994,caught,1,decode
3855,truncation,2199375,3345611,caught,1,decode
3856,header,842,1,caught,1,decode
3857,payload,3364413,1,caught,1,decode
3858,bit_flip,5342091,1,caught,1,decode
3859,random_bytes,3406957,13,caught,1,decode
3860,zeroed_run,447860,3721,caught,1,decode
3861,truncation,3021732,2523254,caught,1,decode
3862,header,230,1,caught,1,decode
3863,payload,989384,1,caught,1,decode
3864,bit_flip,4525172,1,caught,1,decode
3865,random_bytes,2962780,12,caught,1,decode
3866,zeroed_run,4506079,3019,caught,1,decode
3867,truncation,3253481,2291505,caught,1,decode
3868,header,172,1,caught,1,decode
3869,payload,4614136,1,caught,1,decode
3870,bit_flip,668471,1,caught,1,decode
3871,random_bytes,1861742,14,caught,1,decode
3872,zeroed_run,4487101,4003,caught,1,decode
3873,truncation,2422323,3122663,caught,1,decode
3874,header,203,1,caught,1,decode
3875,payload,1843688,1,caught,1,decode
3876,bit_flip,1083406,1,caught,1,decode
3877,random_bytes,4906019,2,caught,1,decode
3878,zeroed_run,72396,3033,caught,1,decode
3879,truncation,272041,5272945,caught,1,decode
3880,header,470,1,caught,1,decode
3881,payload,233858,1,caught,1,decode
3882,bit_flip,418795,1,caught,1,decode
3883,random_bytes,871936,15,caught,1,decode
3884,zeroed_run,5010845,1451,caught,1,decode
3885,truncation,135716,5409270,caught,1,decode
3886,header,11,1,caught,1,decode
3887,payload,1397915,1,caught,1,decode
3888,bit_flip,638696,1,caught,1,decode
3889,random_bytes,4411460,3,caught,1,decode
3890,zeroed_run,5044162,1730,caught,1,decode
3891,truncation,2668009,2876977,caught,1,decode
3892,header,763,1,caught,1,decode
3893,payload,3603860,1,caught,1,decode
3894,bit_flip,603250,1,caught,1,decode
3895,random_bytes,4469634,4,caught,1,decode
3896,zeroed_run,1304277,1538,caught,1,decode
3897,truncation,3301561,2243425,caught,1,decode
3898,header,61,1,caught,1,decode
3899,payload,1199657,1,caught,1,decode
3900,bit_flip,4878908,1,caught,1,decode
3901,random_bytes,505559,3,caught,1,decode
3902,zeroed_run,2315824,1298,caught,1,decode
3903,truncation,3464908,2080078,caught,1,decode
3904,header,223,1,caught,1,decode
3905,payload,3621513,1,caught,1,decode
3906,bit_flip,4495927,1,caught,1,decode
3907,random_bytes,7988,2,caught,1,decode
3908,zeroed_run,4304757,1716,caught,1,decode
3909,truncation,4911753,633233,caught,1,decode
3910,header,277,1,caught,1,decode
3911,payload,636748,1,caught,1,decode
3912,bit_flip,3804843,1,caught,1,decode
3913,random_bytes,5392609,14,caught,1,decode
3914,zeroed_run,5308319,1617,caught,1,decode
3915,truncation,4760455,784531,caught,1,decode
3916,header,109,1,caught,1,decode
3917,payload,3305755,1,caught,1,decode
3918,bit_flip,1659910,1,caught,1,decode
3919,random_bytes,559172,1,caught,1,decode
3920,zeroed_run,2575142,563,caught,1,decode
3921,truncation,3919843,1625143,caught,1,decode
3922,header,931,1,caught,1,decode
3923,payload,4662337,1,caught,1,decode
3924,bit_flip,265292,1,caught,1,decode
3925,random_bytes,5483990,6,caught,1,decode
3926,zeroed_run,1796460,798,caught,1,decode
3927,truncation,1828329,3716657,caught,1,decode
3928,header,121,1,caught,1,decode
3929,payload,4136142,1,caught,1,decode
3930,bit_flip,1007601,1,caught,1,decode
3931,random_bytes,3338813,6,caught,1,decode
3932,zeroed_run,5319596,611,caught,1,decode
3933,truncation,744359,4800627,caught,1,decode
3934,header,761,1,caught,1,decode
3935,payload,5066029,1,caught,1,decode
3936,bit_flip,5413051,1,caught,1,decode
3937,random_bytes,137116,6,caught,1,decode
3938,zeroed_run,2202625,815,caught,1,decode
3939,truncation,270021,5274965,caught,1,decode
3940,header,311,1,caught,1,decode
3941,payload,1667092,1,caught,1,decode
3942,bit_flip,2885253,1,caught,1,decode
3943,random_bytes,1639259,7,caught,1,decode
3944,zeroed_run,4660136,3753,caught,1,decode
3945,truncation,3429837,2115149,caught,1,decode
3946,header,386,1,caught,1,decode
3947,payload,792726,1,caught,1,decode
3948,bit_flip,4240148,1,caught,1,decode
3949,random_bytes,4834892,15,caught,1,decode
3950,zeroed_run,1613566,2058,caught,1,decode
3951,truncation,996204,4548782,caught,1,decode
3952,header,1001,1,caught,1,decode
3953,payload,3249860,1,caught,1,decode
3954,bit_flip,103568,1,caught,1,decode
3955,random_bytes,1209848,8,caught,1,decode
3956,zeroed_run,4101178,3607,caught,1,decode
3957,truncation,625198,4919788,caught,1,decode
3958,header,415,1,caught,1,decode
3959,payload,3698465,1,caught,1,decode
3960,bit_flip,2470487,1,caught,1,decode
3961,random_bytes,5530093,11,caught,1,decode
3962,zeroed_run,904896,2025,caught,1,decode
3963,truncation,2632418,2912568,caught,1,decode
3964,header,423,1,caught,1,decode
3965,payload,2370630,1,caught,1,decode
3966,bit_flip,5119455,1,caught,1,decode
3967,random_bytes,2498062,9,caught,1,decode
3968,zeroed_run,3196934,3195,caught,1,decode
3969,truncation,2739080,2805906,caught,1,decode
3970,header,769,1,caught,1,decode
3971,payload,3674739,1,caught,1,decode
3972,bit_flip,247470,1,caught,1,decode
3973,random_bytes,2431816,15,caught,1,decode
3974,zeroed_run,4920928,614,caught,1,decode
3975,truncation,1869836,3675150,caught,1,decode
3976,header,931,1,caught,1,decode
3977,payload,2360273,1,caught,1,decode
3978,bit_flip,3344908,1,caught,1,decode
3979,random_bytes,3354125,4,caught,1,decode
3980,zeroed_run,2336368,987,caught,1,decode
3981,truncation,3763797,1781189,caught,1,decode
3982,header,105,1,caught,1,decode
3983,payload,2180927,1,caught,1,decode
3984,bit_flip,638164,1,caught,1,decode
3985,random_bytes,2647642,14,caught,1,decode
3986,zeroed_run,5283226,1331,caught,1,decode
3987,truncation,4440966,1104020,caught,1,decode
3988,header,850,1,caught,1,decode
3989,payload,3675821,1,caught,1,decode
3990,bit_flip,5380967,1,caught,1,decode
3991,random_bytes,836519,2,caught,1,decode
3992,zeroed_run,2621681,3135,caught,1,decode
3993,truncation,4395914,1149072,caught,1,decode
3994,header,891,1,caught,1,decode
3995,payload,1649408,1,caught,1,decode
3996,bit_flip,4162297,1,caught,1,decode
3997,random_bytes,3587894,14,caught,1,decode
3998,zeroed_run,1934100,69,caught,1,decode
3999,truncation,1137890,4407096,caught,1,decode
4000,header,418,1,caught,1,decode
4001,payload,1178926,1,caught,1,decode
4002,bit_flip,1836886,1,caught,1,decode
4003,random_bytes,916623,8,caught,1,decode
4004,zeroed_run,1983561,1281,caught,1,decode
4005,truncation,913863,4631123,caught,1,decode
4006,header,133,1,caught,1,decode
4007,payload,621705,1,caught,1,decode
4008,bit_flip,2987434,1,caught,1,decode
4009,random_bytes,5050504,13,caught,1,decode
4010,zeroed_run,2878265,877,caught,1,decode
4011,truncation,4110461,1434525,caught,1,decode
4012,header,225,1,caught,1,decode
4013,payload,1319177,1,caught,1,decode
4014,bit_flip,667888,1,caught,1,decode
4015,random_bytes,54415,14,caught,1,decode
4016,zeroed_run,1250883,322,caught,1,decode
4017,truncation,1982941,3562045,caught,1,decode
4018,header,102,1,caught,1,decode
4019,payload,236917,1,caught,1,decode
4020,bit_flip,3189512,1,caught,1,decode
4021,random_bytes,2529955,4,caught,1,decode
4022,zeroed_run,5127481,2229,caught,1,decode
4023,truncation,4252931,1292055,caught,1,decode
4024,header,132,1,caught,1,decode
4025,payload,466081,1,caught,1,decode
4026,bit_flip,2351792,1,caught,1,decode
4027,random_bytes,533021,8,caught,1,decode
4028,zeroed_run,2565249,662,caught,1,decode
4029,truncation,408768,5136218,caught,1,decode
4030,header,678,1,caught,1,decode
4031,payload,3541078,1,caught,1,decode
4032,bit_flip,3385343,1,caught,1,decode
4033,random_bytes,3735437,10,caught,1,decode
4034,zeroed_run,2135896,2641,caught,1,decode
4035,truncation,3031731,2513255,caught,1,decode
4036,header,974,1,caught,1,decode
4037,payload,2735373,1,caught,1,decode
4038,bit_flip,2115447,1,caught,1,decode
4039,random_bytes,4365682,16,caught,1,decode
4040,zeroed_run,1965877,3742,caught,1,decode
4041,truncation,4497700,1047286,caught,1,decode
4042,header,749,1,caught,1,decode
4043,payload,2932331,1,caught,1,decode
4044,bit_flip,4151570,1,caught,1,decode
4045,random_bytes,4859972,3,caught,1,decode
4046,zeroed_run,977204,2683,caught,1,decode
4047,truncation,3150653,2394333,caught,1,decode
4048,header,896,1,caught,1,decode
4049,payload,4147810,1,caught,1,decode
4050,bit_flip,2628963,1,caught,1,decode
4051,random_bytes,2126523,2,caught,1,decode
4052,zeroed_run,2940889,3225,caught,1,decode
4053,truncation,1246127,4298859,caught,1,decode
4054,header,852,1,caught,1,decode
4055,payload,1724770,1,caught,1,decode
4056,bit_flip,4285765,1,caught,1,decode
4057,random_bytes,4990010,14,caught,1,decode
4058,zeroed_run,5207468,3313,caught,1,decode
4059,truncation,971727,4573259,caught,1,decode
4060,header,464,1,caught,1,decode
4061,payload,4699892,1,caught,1,decode
4062,bit_flip,19736,1,caught,1,decode
4063,random_bytes,4476685,1,caught,1,decode
4064,zeroed_run,1766880,2148,caught,1,decode
4065,truncation,1676303,3868683,caught,1,decode
4066,header,445,1,caught,1,decode
4067,payload,4487238,1,caught,1,decode
4068,bit_flip,7709,1,caught,1,decode
4069,random_bytes,1910058,8,caught,1,decode
4070,zeroed_run,1626856,2456,caught,1,decode
4071,truncation,972995,4571991,caught,1,decode
4072,header,844,1,caught,1,decode
4073,payload,5368546,1,caught,1,decode
4074,bit_flip,4863722,1,caught,1,decode
4075,random_bytes,1123874,15,caught,1,decode
4076,zeroed_run,939138,1056,caught,1,decode
4077,truncation,1305930,4239056,caught,1,decode
4078,header,706,1,caught,1,decode
4079,payload,563164,1,caught,1,decode
4080,bit_flip,2072164,1,caught,1,decode
4081,random_bytes,2419453,1,caught,1,decode
4082,zeroed_run,858007,684,caught,1,decode
4083,truncation,1654640,3890346,caught,1,decode
4084,header,535,1,caught,1,decode
4085,payload,2849328,1,caught,1,decode
4086,bit_flip,5142414,1,caught,1,decode
4087,random_bytes,3462468,7,caught,1,decode
4088,zeroed_run,4061677,590,caught,1,decode
4089,truncation,4412137,1132849,caught,1,decode
4090,header,538,1,caught,1,decode
4091,payload,4539344,1,caught,1,decode
4092,bit_flip,928156,1,caught,1,decode
4093,random_bytes,4186168,10,caught,1,decode
4094,zeroed_run,537921,1263,caught,1,decode
4095,truncation,5155439,389547,caught,1,decode
4096,header,567,1,caught,1,decode
4097,payload,4932674,1,caught,1,decode
4098,bit_flip,721781,1,caught,1,decode
4099,random_bytes,5196577,7,caught,1,decode
4100,zeroed_run,589923,3916,caught,1,decode
4101,truncation,1080610,4464376,caught,1,decode
4102,header,25,1,caught,1,decode
4103,payload,4998317,1,caught,1,decode
4104,bit_flip,5358910,1,caught,1,decode
4105,random_bytes,4850153,16,caught,1,decode
4106,zeroed_run,190145,3573,caught,1,decode
4107,truncation,5526449,18537,caught,1,decode
4108,header,191,1,caught,1,decode
4109,payload,3648833,1,caught,1,decode
4110,bit_flip,1952375,1,caught,1,decode
4111,random_bytes,609434,7,caught,1,decode
4112,zeroed_run,5178431,2815,caught,1,decode
4113,truncation,1003814,4541172,caught,1,decode
4114,header,388,1,caught,1,decode
4115,payload,1412027,1,caught,1,decode
4116,bit_flip,59780,1,caught,1,decode
4117,random_bytes,4173636,12,caught,1,decode
4118,zeroed_run,3095849,1992,caught,1,decode
4119,truncation,426831,5118155,caught,1,decode
4120,header,277,1,caught,1,decode
4121,payload,4545385,1,caught,1,decode
4122,bit_flip,1831533,1,caught,1,decode
4123,random_bytes,2443992,10,caught,1,decode
4124,zeroed_run,5408035,3613,caught,1,decode
4125,truncation,4550768,994218,caught,1,decode
4126,header,317,1,caught,1,decode
4127,payload,4614360,1,caught,1,decode
4128,bit_flip,5247646,1,caught,1,decode
4129,random_bytes,3324933,9,caught,1,decode
4130,zeroed_run,2361919,2639,caught,1,decode
4131,truncation,688020,4856966,caught,1,decode
4132,header,271,1,caught,1,decode
4133,payload,4284778,1,caught,1,decode
4134,bit_flip,4098224,1,caught,1,decode
4135,random_bytes,4308955,4,caught,1,decode
4136,zeroed_run,3230723,848,caught,1,decode
4137,truncation,692552,4852434,caught,1,decode
4138,header,263,1,caught,1,decode
4139,payload,5383718,1,caught,1,decode
4140,bit_flip,3702616,1,caught,1,decode
4141,random_bytes,3324972,3,caught,1,decode
4142,zeroed_run,1314106,3389,caught,1,decode
4143,truncation,3338906,2206080,caught,1,decode
4144,header,992,1,caught,1,decode
4145,payload,5387714,1,caught,1,decode
4146,bit_flip,2098003,1,caught,1,decode
4147,random_bytes,1136751,13,caught,1,decode
4148,zeroed_run,3300681,1670,caught,1,decode
4149,truncation,1313472,4231514,caught,1,decode
4150,header,234,1,caught,1,decode
4151,payload,4546787,1,caught,1,decode
4152,bit_flip,53032,1,caught,1,decode
4153,random_bytes,3308711,16,caught,1,decode
4154,zeroed_run,3380605,233,caught,1,decode
4155,truncation,1531616,4013370,caught,1,decode
4156,header,500,1,caught,1,decode
4157,payload,1648234,1,caught,1,decode
4158,bit_flip,4611499,1,caught,1,decode
4159,random_bytes,5147369,13,caught,1,decode
4160,zeroed_run,704449,3430,caught,1,decode
4161,truncation,4275875,1269111,caught,1,decode
4162,header,428,1,caught,1,decode
4163,payload,2433432,1,caught,1,decode
4164,bit_flip,5424288,1,caught,1,decode
4165,random_bytes,2203037,15,caught,1,decode
4166,zeroed_run,2801509,4029,caught,1,decode
4167,truncation,5303204,241782,caught,1,decode
4168,header,565,1,caught,1,decode
4169,payload,4439685,1,caught,1,decode
4170,bit_flip,1804910,1,caught,1,decode
4171,random_bytes,1446008,16,caught,1,decode
4172,zeroed_run,825648,491,caught,1,decode
4173,truncation,1630594,3914392,caught,1,decode
4174,header,723,1,caught,1,decode
4175,payload,2355054,1,caught,1,decode
4176,bit_flip,5376106,1,caught,1,decode
4177,random_bytes,3695622,6,caught,1,decode
4178,zeroed_run,2152867,2338,caught,1,decode
4179,truncation,2875435,2669551,caught,1,decode
4180,header,227,1,caught,1,decode
4181,payload,982792,1,caught,1,decode
4182,bit_flip,4263683,1,caught,1,decode
4183,random_bytes,4659705,6,caught,1,decode
4184,zeroed_run,1160890,2087,caught,1,decode
4185,truncation,3566668,1978318,caught,1,decode
4186,header,625,1,caught,1,decode
4187,payload,2433166,1,caught,1,decode
4188,bit_flip,5001515,1,caught,1,decode
4189,random_bytes,4788666,10,caught,1,decode
4190,zeroed_run,4845692,3307,caught,1,decode
4191,truncation,2632431,2912555,caught,1,decode
4192,header,594,1,caught,1,decode
4193,payload,4217403,1,caught,1,decode
4194,bit_flip,512566,1,caught,1,decode
4195,random_bytes,3894042,10,caught,1,decode
4196,zeroed_run,4350492,3089,caught,1,decode
4197,truncation,373654,5171332,caught,1,decode
4198,header,699,1,caught,1,decode
4199,payload,1608639,1,caught,1,decode
4200,bit_flip,5534533,1,caught,1,decode
4201,random_bytes,1209852,10,caught,1,decode
4202,zeroed_run,3255438,3950,caught,1,decode
4203,truncation,1623381,3921605,caught,1,decode
4204,header,433,1,caught,1,decode
4205,payload,1058991,1,caught,1,decode
4206,bit_flip,540466,1,caught,1,decode
4207,random_bytes,2552885,6,caught,1,decode
4208,zeroed_run,2923840,2551,caught,1,decode
4209,truncation,3403144,2141842,caught,1,decode
4210,header,288,1,caught,1,decode
4211,payload,3697505,1,caught,1,decode
4212,bit_flip,57604,1,caught,1,decode
4213,random_bytes,3864593,8,caught,1,decode
4214,zeroed_run,403353,43,caught,1,decode
4215,truncation,331226,5213760,caught,1,decode
4216,header,804,1,caught,1,decode
4217,payload,4064142,1,caught,1,decode
4218,bit_flip,1348580,1,caught,1,decode
4219,random_bytes,1609266,11,caught,1,decode
4220,zeroed_run,716002,1864,caught,1,decode
4221,truncation,264199,5280787,caught,1,decode
4222,header,711,1,caught,1,decode
4223,payload,5321747,1,caught,1,decode
4224,bit_flip,3845802,1,caught,1,decode
4225,random_bytes,4527394,4,caught,1,decode
4226,zeroed_run,4583462,3744,caught,1,decode
4227,truncation,2142790,3402196,caught,1,decode
4228,header,369,1,caught,1,decode
4229,payload,45931,1,caught,1,decode
4230,bit_flip,3541968,1,caught,1,decode
4231,random_bytes,337568,14,caught,1,decode
4232,zeroed_run,2640739,2801,caught,1,decode
4233,truncation,31688,5513298,caught,1,decode
4234,header,288,1,caught,1,decode
4235,payload,2858418,1,caught,1,decode
4236,bit_flip,837376,1,caught,1,decode
4237,random_bytes,409159,9,caught,1,decode
4238,zeroed_run,1833714,3965,caught,1,decode
4239,truncation,4668508,876478,caught,1,decode
4240,header,366,1,caught,1,decode
4241,payload,2843637,1,caught,1,decode
4242,bit_flip,318509,1,caught,1,decode
4243,random_bytes,4515964,11,caught,1,decode
4244,zeroed_run,639375,2617,caught,1,decode
4245,truncation,4509350,1035636,caught,1,decode
4246,header,36,1,caught,1,decode
4247,payload,2947217,1,caught,1,decode
4248,bit_flip,3857518,1,caught,1,decode
4249,random_bytes,1904857,8,caught,1,decode
4250,zeroed_run,1565284,3019,caught,1,decode
4251,truncation,4279687,1265299,caught,1,decode
4252,header,305,1,caught,1,decode
4253,payload,1029781,1,caught,1,decode
4254,bit_flip,5166634,1,caught,1,decode
4255,random_bytes,3234082,5,caught,1,decode
4256,zeroed_run,232975,2190,caught,1,decode
4257,truncation,3759072,1785914,caught,1,decode
4258,header,148,1,caught,1,decode
4259,payload,1939425,1,caught,1,decode
4260,bit_flip,1160309,1,caught,1,decode
4261,random_bytes,1535032,11,caught,1,decode
4262,zeroed_run,2014758,2940,caught,1,decode
4263,truncation,2213612,3331374,caught,1,decode
4264,header,541,1,caught,1,decode
4265,payload,1730207,1,caught,1,decode
4266,bit_flip,1427557,1,caught,1,decode
4267,random_bytes,2079818,8,caught,1,decode
4268,zeroed_run,2353541,2083,caught,1,decode
4269,truncation,2018311,3526675,caught,1,decode
4270,header,666,1,caught,1,decode
4271,payload,2631991,1,caught,1,decode
4272,bit_flip,4660074,1,caught,1,decode
4273,random_bytes,2185903,11,caught,1,decode
4274,zeroed_run,3002508,2590,caught,1,decode
4275,truncation,3948665,1596321,caught,1,decode
4276,header,214,1,caught,1,decode
4277,payload,2271013,1,caught,1,decode
4278,bit_flip,5357986,1,caught,1,decode
4279,random_bytes,2239685,5,caught,1,decode
4280,zeroed_run,1805049,3305,caught,1,decode
4281,truncation,2052086,3492900,caught,1,decode
4282,header,256,1,caught,1,decode
4283,payload,3936620,1,caught,1,decode
4284,bit_flip,3593406,1,caught,1,decode
4285,random_bytes,2671976,4,caught,1,decode
4286,zeroed_run,5113405,644,caught,1,decode
4287,truncation,951827,4593159,caught,1,decode
4288,header,838,1,caught,1,decode
4289,payload,4182265,1,caught,1,decode
4290,bit_flip,1364711,1,caught,1,decode
4291,random_bytes,1230534,3,caught,1,decode
4292,zeroed_run,4827213,1271,caught,1,decode
4293,truncation,4311813,1233173,caught,1,decode
4294,header,304,1,caught,1,decode
4295,payload,635844,1,caught,1,decode
4296,bit_flip,2675470,1,caught,1,decode
4297,random_bytes,3622239,11,caught,1,decode
4298,zeroed_run,1910073,1516,caught,1,decode
4299,truncation,3693590,1851396,caught,1,decode
4300,header,877,1,caught,1,decode
4301,payload,1058346,1,caught,1,decode
4302,bit_flip,2742877,1,caught,1,decode
4303,random_bytes,376688,6,caught,1,decode
4304,zeroed_run,1773273,375,caught,1,decode
4305,truncation,5529044,15942,caught,1,decode
4306,header,958,1,caught,1,decode
4307,payload,431009,1,caught,1,decode
4308,bit_flip,747777,1,caught,1,decode
4309,random_bytes,2547372,12,caught,1,decode
4310,zeroed_run,2678024,1657,caught,1,decode
4311,truncation,4217081,1327905,caught,1,decode
4312,header,979,1,caught,1,decode
4313,payload,2695399,1,caught,1,decode
4314,bit_flip,3293440,1,caught,1,decode
4315,random_bytes,4562539,9,caught,1,decode
4316,zeroed_run,3262583,753,caught,1,decode
4317,truncation,1207626,4337360,caught,1,decode
4318,header,560,1,caught,1,decode
4319,payload,4803759,1,caught,1,decode
4320,bit_flip,727466,1,caught,1,decode
4321,random_bytes,4225634,6,caught,1,decode
4322,zeroed_run,2968623,3248,caught,1,decode
4323,truncation,1400562,4144424,caught,1,decode
4324,header,528,1,caught,1,decode
4325,payload,3086566,1,caught,1,decode
4326,bit_flip,4534880,1,caught,1,decode
4327,random_bytes,4555620,15,caught,1,decode
4328,zeroed_run,1561158,4026,caught,1,decode
4329,truncation,5321859,223127,caught,1,decode
4330,header,312,1,caught,1,decode
4331,payload,2855409,1,caught,1,decode
4332,bit_flip,1904377,1,caught,1,decode
4333,random_bytes,62880,7,caught,1,decode
4334,zeroed_run,766286,962,caught,1,decode
4335,truncation,3074266,2470720,caught,1,decode
4336,header,632,1,caught,1,decode
4337,payload,2108611,1,caught,1,decode
4338,bit_flip,1487650,1,caught,1,decode
4339,random_bytes,2269197,10,caught,1,decode
4340,zeroed_run,3378518,563,caught,1,decode
4341,truncation,243214,5301772,caught,1,decode
4342,header,150,1,caught,1,decode
4343,payload,5505604,1,caught,1,decode
4344,bit_flip,3187222,1,caught,1,decode
4345,random_bytes,1701453,2,caught,1,decode
4346,zeroed_run,3243303,463,caught,1,decode
4347,truncation,2137782,3407204,caught,1,decode
4348,header,538,1,caught,1,decode
4349,payload,3953692,1,caught,1,decode
4350,bit_flip,2160392,1,caught,1,decode
4351,random_bytes,1729859,1,caught,1,decode
4352,zeroed_run,420690,2731,caught,1,decode
4353,truncation,457009,5087977,caught,1,decode
4354,header,312,1,caught,1,decode
4355,payload,3124423,1,caught,1,decode
4356,bit_flip,987023,1,caught,1,decode
4357,random_bytes,3814759,5,caught,1,decode
4358,zeroed_run,4041540,1641,caught,1,decode
4359,truncation,1133670,4411316,caught,1,decode
4360,header,520,1,caught,1,decode
4361,payload,1129792,1,caught,1,decode
4362,bit_flip,2262024,1,caught,1,decode
4363,random_bytes,2463472,15,caught,1,decode
4364,zeroed_run,4865468,2906,caught,1,decode
4365,truncation,3070560,2474426,caught,1,decode
4366,header,916,1,caught,1,decode
4367,payload,1191639,1,caught,1,decode
4368,bit_flip,2517548,1,caught,1,decode
4369,random_bytes,3392898,12,caught,1,decode
4370,zeroed_run,3048609,1760,caught,1,decode
4371,truncation,1659269,3885717,caught,1,decode
4372,header,835,1,caught,1,decode
4373,payload,3173878,1,caught,1,decode
4374,bit_flip,729997,1,caught,1,decode
4375,random_bytes,2841417,5,caught,1,decode
4376,zeroed_run,2500285,1349,caught,1,decode
4377,truncation,4896262,648724,caught,1,decode
4378,header,881,1,caught,1,decode
4379,payload,3423788,1,caught,1,decode
4380,bit_flip,3919040,1,caught,1,decode
4381,random_bytes,4963751,7,caught,1,decode
4382,zeroed_run,416727,3063,caught,1,decode
4383,truncation,3995823,1549163,caught,1,decode
4384,header,190,1,caught,1,decode
4385,payload,1976922,1,caught,1,decode
4386,bit_flip,1344236,1,caught,1,decode
4387,random_bytes,3767947,10,caught,1,decode
4388,zeroed_run,4401581,3413,caught,1,decode
4389,truncation,3072910,2472076,caught,1,decode
4390,header,811,1,caught,1,decode
4391,payload,2279728,1,caught,1,decode
4392,bit_flip,2211313,1,caught,1,decode
4393,random_bytes,4906251,3,caught,1,decode
4394,zeroed_run,1445217,3342,caught,1,decode
4395,truncation,5006985,538001,caught,1,decode
4396,header,307,1,caught,1,decode
4397,payload,394045,1,caught,1,decode
4398,bit_flip,2127715,1,caught,1,decode
4399,random_bytes,2103718,6,caught,1,decode
4400,zeroed_run,2415477,384,caught,1,decode
4401,truncation,3380528,2164458,caught,1,decode
4402,header,857,1,caught,1,decode
4403,payload,2380037,1,caught,1,decode
4404,bit_flip,1134225,1,caught,1,decode
4405,random_bytes,3500293,7,caught,1,decode
4406,zeroed_run,3648431,4029,caught,1,decode
4407,truncation,3040022,2504964,caught,1,decode
4408,header,720,1,caught,1,decode
4409,payload,314378,1,caught,1,decode
4410,bit_flip,3938257,1,caught,1,decode
4411,random_bytes,3510649,12,caught,1,decode
4412,zeroed_run,3157859,2622,caught,1,decode
4413,truncation,1340465,4204521,caught,1,decode
4414,header,420,1,caught,1,decode
4415,payload,2388630,1,caught,1,decode
4416,bit_flip,1732520,1,caught,1,decode
4417,random_bytes,2124507,10,caught,1,decode
4418,zeroed_run,1322432,1027,caught,1,decode
4419,truncation,413890,5131096,caught,1,decode
4420,header,1,1,caught,1,decode
4421,payload,5066129,1,caught,1,decode
4422,bit_flip,4581551,1,caught,1,decode
4423,random_bytes,4260521,1,caught,1,decode
4424,zeroed_run,3559629,1833,caught,1,decode
4425,truncation,4391314,1153672,caught,1,decode
4426,header,357,1,caught,1,decode
4427,payload,5247031,1,caught,1,decode
4428,bit_flip,2686495,1,caught,1,decode
4429,random_bytes,2098447,9,caught,1,decode
4430,zeroed_run,437702,2479,caught,1,decode
4431,truncation,1729240,3815746,caught,1,decode
4432,header,947,1,caught,1,decode
4433,payload,997539,1,caught,1,decode
4434,bit_flip,1089007,1,caught,1,decode
4435,random_bytes,2471818,6,caught,1,decode
4436,zeroed_run,2110595,3793,caught,1,decode
4437,truncation,1351233,4193753,caught,1,decode
4438,header,826,1,caught,1,decode
4439,payload,2781296,1,caught,1,decode
4440,bit_flip,3233282,1,caught,1,decode
4441,random_bytes,4343942,11,caught,1,decode
4442,zeroed_run,571213,3855,caught,1,decode
4443,truncation,2301054,3243932,caught,1,decode
4444,header,800,1,caught,1,decode
4445,payload,3748472,1,caught,1,decode
4446,bit_flip,5506518,1,caught,1,decode
4447,random_bytes,3307380,5,caught,1,decode
4448,zeroed_run,2505835,3604,caught,1,decode
4449,truncation,5308608,236378,caught,1,decode
4450,header,490,1,caught,1,decode
4451,payload,4325866,1,caught,1,decode
4452,bit_flip,641601,1,caught,1,decode
4453,random_bytes,3489087,12,caught,1,decode
4454,zeroed_run,2229359,2293,caught,1,decode
4455,truncation,5325416,219570,caught,1,decode
4456,header,416,1,caught,1,decode
4457,payload,2816774,1,caught,1,decode
4458,bit_flip,3657233,1,caught,1,decode
4459,random_bytes,193823,9,caught,1,decode
4460,zeroed_run,1138343,1922,caught,1,decode
4461,truncation,4272591,1272395,caught,1,decode
4462,header,467,1,caught,1,decode
4463,payload,3809776,1,caught,1,decode
4464,bit_flip,741476,1,caught,1,decode
4465,random_bytes,2925809,12,caught,1,decode
4466,zeroed_run,2289533,3102,caught,1,decode
4467,truncation,1373642,4171344,caught,1,decode
4468,header,392,1,caught,1,decode
4469,payload,374943,1,caught,1,decode
4470,bit_flip,761139,1,caught,1,decode
4471,random_bytes,1848830,9,caught,1,decode
4472,zeroed_run,1188976,17,caught,1,decode
4473,truncation,3948910,1596076,caught,1,decode
4474,header,203,1,caught,1,decode
4475,payload,264435,1,caught,1,decode
4476,bit_flip,1873431,1,caught,1,decode
4477,random_bytes,711449,3,caught,1,decode
4478,zeroed_run,5225026,682,caught,1,decode
4479,truncation,1537690,4007296,caught,1,decode
4480,header,751,1,caught,1,decode
4481,payload,2150079,1,caught,1,decode
4482,bit_flip,5247393,1,caught,1,decode
4483,random_bytes,2361199,12,caught,1,decode
4484,zeroed_run,3905576,3033,caught,1,decode
4485,truncation,1285822,4259164,caught,1,decode
4486,header,463,1,caught,1,decode
4487,payload,1626622,1,caught,1,decode
4488,bit_flip,3395587,1,caught,1,decode
4489,random_bytes,780113,7,caught,1,decode
4490,zeroed_run,2804929,2792,caught,1,decode
4491,truncation,5322796,222190,caught,1,decode
4492,header,525,1,caught,1,decode
4493,payload,5352355,1,caught,1,decode
4494,bit_flip,4265796,1,caught,1,decode
4495,random_bytes,1722399,12,caught,1,decode
4496,zeroed_run,5140047,1056,caught,1,decode
4497,truncation,5542183,2803,caught,1,decode
4498,header,599,1,caught,1,decode
4499,payload,846825,1,caught,1,decode
4500,bit_flip,1298104,1,caught,1,decode
4501,random_bytes,3611773,5,caught,1,decode
4502,zeroed_run,2418389,856,caught,1,decode
4503,truncation,4857448,687538,caught,1,decode
4504,header,251,1,caught,1,decode
4505,payload,3160970,1,caught,1,decode
4506,bit_flip,4201441,1,caught,1,decode
4507,random_bytes,2716730,9,caught,1,decode
4508,zeroed_run,5082074,1004,caught,1,decode
4509,truncation,2157325,3387661,caught,1,decode
4510,header,400,1,caught,1,decode
4511,payload,414400,1,caught,1,decode
4512,bit_flip,2173840,1,caught,1,decode
4513,random_bytes,3209280,4,caught,1,decode
4514,zeroed_run,5333891,3880,caught,1,decode
4515,truncation,1769858,3775128,caught,1,decode
4516,header,176,1,caught,1,decode
4517,payload,4861183,1,caught,1,decode
4518,bit_flip,715814,1,caught,1,decode
4519,random_bytes,4878307,13,caught,1,decode
4520,zeroed_run,3059043,640,caught,1,decode
4521,truncation,3231591,2313395,caught,1,decode
4522,header,523,1,caught,1,decode
4523,payload,797444,1,caught,1,decode
4524,bit_flip,288841,1,caught,1,decode
4525,random_bytes,3726808,10,caught,1,decode
4526,zeroed_run,2449733,998,caught,1,decode
4527,truncation,3698313,1846673,caught,1,decode
4528,header,985,1,caught,1,decode
4529,payload,3777855,1,caught,1,decode
4530,bit_flip,5330737,1,caught,1,decode
4531,random_bytes,577722,9,caught,1,decode
4532,zeroed_run,471910,3517,caught,1,decode
4533,truncation,3372470,2172516,caught,1,decode
4534,header,293,1,caught,1,decode
4535,payload,4701468,1,caught,1,decode
4536,bit_flip,1281379,1,caught,1,decode
4537,random_bytes,3212510,6,caught,1,decode
4538,zeroed_run,2667884,849,caught,1,decode
4539,truncation,4596400,948586,caught,1,decode
4540,header,845,1,caught,1,decode
4541,payload,3201110,1,caught,1,decode
4542,bit_flip,521,1,caught,1,decode
4543,random_bytes,4526139,1,caught,1,decode
4544,zeroed_run,1953547,1360,caught,1,decode
4545,truncation,4579236,965750,caught,1,decode
4546,header,918,1,caught,1,decode
4547,payload,1131527,1,caught,1,decode
4548,bit_flip,2720668,1,caught,1,decode
4549,random_bytes,486361,13,caught,1,decode
4550,zeroed_run,5288080,1749,caught,1,decode
4551,truncation,3048782,2496204,caught,1,decode
4552,header,747,1,caught,1,decode
4553,payload,1673812,1,caught,1,decode
4554,bit_flip,4446088,1,caught,1,decode
4555,random_bytes,2004476,1,caught,1,decode
4556,zeroed_run,3275378,310,caught,1,decode
4557,truncation,1599604,3945382,caught,1,decode
4558,header,948,1,caught,1,decode
4559,payload,2280656,1,caught,1,decode
4560,bit_flip,4479903,1,caught,1,decode
4561,random_bytes,242555,14,caught,1,decode
4562,zeroed_run,4638479,375,caught,1,decode
4563,truncation,4912115,632871,caught,1,decode
4564,header,564,1,caught,1,decode
4565,payload,2564526,1,caught,1,decode
4566,bit_flip,421978,1,caught,1,decode
4567,random_bytes,3029784,2,caught,1,decode
4568,zeroed_run,5248832,3979,caught,1,decode
4569,truncation,523383,5021603,caught,1,decode
4570,header,377,1,caught,1,decode
4571,payload,5308452,1,caught,1,decode
4572,bit_flip,3625206,1,caught,1,decode
4573,random_bytes,3114449,2,caught,1,decode
4574,zeroed_run,1789137,1627,caught,1,decode
4575,truncation,1702464,3842522,caught,1,decode
4576,header,438,1,caught,1,decode
4577,payload,3827015,1,caught,1,decode
4578,bit_flip,833646,1,caught,1,decode
4579,random_bytes,549061,4,caught,1,decode
4580,zeroed_run,4654362,2073,caught,1,decode
4581,truncation,5150118,394868,caught,1,decode
4582,header,887,1,caught,1,decode
4583,payload,3257626,1,caught,1,decode
4584,bit_flip,5187931,1,caught,1,decode
4585,random_bytes,92785,12,caught,1,decode
4586,zeroed_run,2342136,805,caught,1,decode
4587,truncation,3803207,1741779,caught,1,decode
4588,header,170,1,caught,1,decode
4589,payload,2641812,1,caught,1,decode
4590,bit_flip,844,1,caught,1,decode
4591,random_bytes,1916337,6,caught,1,decode
4592,zeroed_run,455037,1709,caught,1,decode
4593,truncation,322340,5222646,caught,1,decode
4594,header,815,1,caught,1,decode
4595,payload,1212991,1,caught,1,decode
4596,bit_flip,3777125,1,caught,1,decode
4597,random_bytes,1021541,1,caught,1,decode
4598,zeroed_run,2757905,3429,caught,1,decode
4599,truncation,4909229,635757,caught,1,decode
4600,header,245,1,caught,1,decode
4601,payload,116320,1,caught,1,decode
4602,bit_flip,3278176,1,caught,1,decode
4603,random_bytes,4480673,7,caught,1,decode
4604,zeroed_run,2280187,1682,caught,1,decode
4605,truncation,5218357,326629,caught,1,decode
4606,header,452,1,caught,1,decode
4607,payload,3293452,1,caught,1,decode
4608,bit_flip,1923140,1,caught,1,decode
4609,random_bytes,451928,14,caught,1,decode
4610,zeroed_run,3603496,1465,caught,1,decode
4611,truncation,3817628,1727358,caught,1,decode
4612,header,835,1,caught,1,decode
4613,payload,4958536,1,caught,1,decode
4614,bit_flip,510961,1,caught,1,decode
4615,random_bytes,4954098,5,caught,1,decode
4616,zeroed_run,1709525,1548,caught,1,decode
4617,truncation,3451921,2093065,caught,1,decode
4618,header,754,1,caught,1,decode
4619,payload,2729042,1,caught,1,decode
4620,bit_flip,5191683,1,caught,1,decode
4621,random_bytes,1834835,11,caught,1,decode
4622,zeroed_run,2669630,2920,caught,1,decode
4623,truncation,793622,4751364,caught,1,decode
4624,header,91,1,caught,1,decode
4625,payload,2814002,1,caught,1,decode
4626,bit_flip,1431209,1,caught,1,decode
4627,random_bytes,3615261,15,caught,1,decode
4628,zeroed_run,971804,640,caught,1,decode
4629,truncation,3376903,2168083,caught,1,decode
4630,header,814,1,caught,1,decode
4631,payload,1124401,1,caught,1,decode
4632,bit_flip,2010974,1,caught,1,decode
4633,random_bytes,2548127,13,caught,1,decode
4634,zeroed_run,4961880,467,caught,1,decode
4635,truncation,4453588,1091398,caught,1,decode
4636,header,135,1,caught,1,decode
4637,payload,2491773,1,caught,1,decode
4638,bit_flip,903459,1,caught,1,decode
4639,random_bytes,1988115,10,caught,1,decode
4640,zeroed_run,5256307,1984,caught,1,decode
4641,truncation,677080,4867906,caught,1,decode
4642,header,259,1,caught,1,decode
4643,payload,1050560,1,caught,1,decode
4644,bit_flip,598187,1,caught,1,decode
4645,random_bytes,4290137,7,caught,1,decode
4646,zeroed_run,5060235,685,caught,1,decode
4647,truncation,607479,4937507,caught,1,decode
4648,header,966,1,caught,1,decode
4649,payload,5498662,1,caught,1,decode
4650,bit_flip,4763261,1,caught,1,decode
4651,random_bytes,2743986,1,caught,1,decode
4652,zeroed_run,335331,3735,caught,1,decode
4653,truncation,3505970,2039016,caught,1,decode
4654,header,563,1,caught,1,decode
4655,payload,903497,1,caught,1,decode
4656,bit_flip,5306260,1,caught,1,decode
4657,random_bytes,1215642,1,caught,1,decode
4658,zeroed_run,992431,2048,caught,1,decode
4659,truncation,1452606,4092380,caught,1,decode
4660,header,567,1,caught,1,decode
4661,payload,5263268,1,caught,1,decode
4662,bit_flip,379751,1,caught,1,decode
4663,random_bytes,4245286,15,caught,1,decode
4664,zeroed_run,1232580,701,caught,1,decode
4665,truncation,1744735,3800251,caught,1,decode
4666,header,30,1,caught,1,decode
4667,payload,4540760,1,caught,1,decode
4668,bit_flip,2449265,1,caught,1,decode
4669,random_bytes,5147467,10,caught,1,decode
4670,zeroed_run,754125,1599,caught,1,decode
4671,truncation,183653,5361333,caught,1,decode
4672,header,356,1,caught,1,decode
4673,payload,2255754,1,caught,1,decode
4674,bit_flip,3709236,1,caught,1,decode
4675,random_bytes,3660661,1,caught,1,decode
4676,zeroed_run,3062595,3024,caught,1,decode
4677,truncation,3155767,2389219,caught,1,decode
4678,header,533,1,caught,1,decode
4679,payload,4212222,1,caught,1,decode
4680,bit_flip,4152463,1,caught,1,decode
4681,random_bytes,3460925,9,caught,1,decode
4682,zeroed_run,3192772,2952,caught,1,decode
4683,truncation,313531,5231455,caught,1,decode
4684,header,649,1,caught,1,decode
4685,payload,3051008,1,caught,1,decode
4686,bit_flip,3053078,1,caught,1,decode
4687,random_bytes,114936,11,caught,1,decode
4688,zeroed_run,5454802,3894,caught,1,decode
4689,truncation,740984,4804002,caught,1,decode
4690,header,161,1,caught,1,decode
4691,payload,257421,1,caught,1,decode
4692,bit_flip,2098564,1,caught,1,decode
4693,random_bytes,21149,1,caught,1,decode
4694,zeroed_run,5447263,222,caught,1,decode
4695,truncation,4109931,1435055,caught,1,decode
4696,header,894,1,caught,1,decode
4697,payload,251561,1,caught,1,decode
4698,bit_flip,398478,1,caught,1,decode
4699,random_bytes,4646413,16,caught,1,decode
4700,zeroed_run,2553316,1638,caught,1,decode
4701,truncation,5312603,232383,caught,1,decode
4702,header,32,1,caught,1,decode
4703,payload,5438045,1,caught,1,decode
4704,bit_flip,316961,1,caught,1,decode
4705,random_bytes,3507274,5,caught,1,decode
4706,zeroed_run,1256766,1754,caught,1,decode
4707,truncation,2834281,2710705,caught,1,decode
4708,header,928,1,caught,1,decode
4709,payload,3397206,1,caught,1,decode
4710,bit_flip,3267644,1,caught,1,decode
4711,random_bytes,1329452,7,caught,1,decode
4712,zeroed_run,5305694,3221,caught,1,decode
4713,truncation,273873,5271113,caught,1,decode
4714,header,375,1,caught,1,decode
4715,payload,337098,1,caught,1,decode
4716,bit_flip,1713830,1,caught,1,decode
4717,random_bytes,4491078,16,caught,1,decode
4718,zeroed_run,905010,2553,caught,1,decode
4719,truncation,2272643,3272343,caught,1,decode
4720,header,539,1,caught,1,decode
4721,payload,3913755,1,caught,1,decode
4722,bit_flip,335938,1,caught,1,decode
4723,random_bytes,1555498,13,caught,1,decode
4724,zeroed_run,2187580,2041,caught,1,decode
4725,truncation,3202427,2342559,caught,1,decode
4726,header,180,1,caught,1,decode
4727,payload,2170591,1,caught,1,decode
4728,bit_flip,4651513,1,caught,1,decode
4729,random_bytes,3839450,9,caught,1,decode
4730,zeroed_run,5482310,3880,caught,1,decode
4731,truncation,4642199,902787,caught,1,decode
4732,header,430,1,caught,1,decode
4733,payload,1305105,1,caught,1,decode
4734,bit_flip,3517991,1,caught,1,decode
4735,random_bytes,4533274,11,caught,1,decode
4736,zeroed_run,2859662,1912,caught,1,decode
4737,truncation,4031056,1513930,caught,1,decode
4738,header,898,1,caught,1,decode
4739,payload,512104,1,caught,1,decode
4740,bit_flip,313244,1,caught,1,decode
4741,random_bytes,3517818,14,caught,1,decode
4742,zeroed_run,3271810,1682,caught,1,decode
4743,truncation,5532927,12059,caught,1,decode
4744,header,949,1,caught,1,decode
4745,payload,1059269,1,caught,1,decode
4746,bit_flip,639084,1,caught,1,decode
4747,random_bytes,1958065,10,caught,1,decode
4748,zeroed_run,2575495,3834,caught,1,decode
4749,truncation,3489820,2055166,caught,1,decode
4750,header,2,1,caught,1,decode
4751,payload,331737,1,caught,1,decode
4752,bit_flip,174823,1,caught,1,decode
4753,random_bytes,543898,13,caught,1,decode
4754,zeroed_run,1744624,1774,caught,1,decode
4755,truncation,1001375,4543611,caught,1,decode
4756,header,973,1,caught,1,decode
4757,payload,2838771,1,caught,1,decode
4758,bit_flip,5370404,1,caught,1,decode
4759,random_bytes,3089606,12,caught,1,decode
4760,zeroed_run,4844,1221,caught,1,decode
4761,truncation,5539913,5073,caught,1,decode
4762,header,526,1,caught,1,decode
4763,payload,1356164,1,harmless,0,decode
4764,bit_flip,3776091,1,caught,1,decode
4765,random_bytes,618628,12,caught,1,decode
4766,zeroed_run,1444509,2382,caught,1,decode
4767,truncation,688753,4856233,caught,1,decode
4768,header,970,1,caught,1,decode
4769,payload,4691862,1,caught,1,decode
4770,bit_flip,609719,1,caught,1,decode
4771,random_bytes,4385191,13,caught,1,decode
4772,zeroed_run,537597,3667,caught,1,decode
4773,truncation,4002247,1542739,caught,1,decode
4774,header,240,1,caught,1,decode
4775,payload,294773,1,caught,1,decode
4776,bit_flip,3330404,1,caught,1,decode
4777,random_bytes,4197871,7,caught,1,decode
4778,zeroed_run,771071,2373,caught,1,decode
4779,truncation,4659975,885011,caught,1,decode
4780,header,315,1,caught,1,decode
4781,payload,2276969,1,caught,1,decode
4782,bit_flip,1698941,1,caught,1,decode
4783,random_bytes,39223,8,caught,1,decode
4784,zeroed_run,2005792,1182,caught,1,decode
4785,truncation,5124677,420309,caught,1,decode
4786,header,420,1,caught,1,decode
4787,payload,1374362,1,caught,1,decode
4788,bit_flip,3214483,1,caught,1,decode
4789,random_bytes,1915023,3,caught,1,decode
4790,zeroed_run,3432774,1212,caught,1,decode
4791,truncation,613879,4931107,caught,1,decode
4792,header,244,1,caught,1,decode
4793,payload,4854905,1,caught,1,decode
4794,bit_flip,4408899,1,caught,1,decode
4795,random_bytes,2866696,2,caught,1,decode
4796,zeroed_run,493918,1463,caught,1,decode
4797,truncation,3112124,2432862,caught,1,decode
4798,header,377,1,caught,1,decode
4799,payload,4861065,1,caught,1,decode
4800,bit_flip,2344425,1,caught,1,decode
4801,random_bytes,3753858,7,caught,1,decode
4802,zeroed_run,4712519,984,caught,1,decode
4803,truncation,2375032,3169954,caught,1,decode
4804,header,396,1,caught,1,decode
4805,payload,4903656,1,caught,1,decode
4806,bit_flip,484774,1,caught,1,decode
4807,random_bytes,2500972,3,caught,1,decode
4808,zeroed_run,3487499,753,caught,1,decode
4809,truncation,4444392,1100594,caught,1,decode
4810,header,667,1,caught,1,decode
4811,payload,3856232,1,caught,1,decode
4812,bit_flip,69392,1,caught,1,decode
4813,random_bytes,2726999,10,caught,1,decode
4814,zeroed_run,829645,1844,caught,1,decode
4815,truncation,4324426,1220560,caught,1,decode
4816,header,492,1,caught,1,decode
4817,payload,5145902,1,caught,1,decode
4818,bit_flip,4568162,1,caught,1,decode
4819,random_bytes,4986150,2,caught,1,decode
4820,zeroed_run,4939266,3129,caught,1,decode
4821,truncation,376266,5168720,caught,1,decode
4822,header,310,1,caught,1,decode
4823,payload,636136,1,caught,1,decode
4824,bit_flip,1453446,1,caught,1,decode
4825,random_bytes,1897939,1,caught,1,decode
4826,zeroed_run,2669284,43,caught,1,decode
4827,truncation,923950,4621036,caught,1,decode
4828,header,332,1,caught,1,decode
4829,payload,2579333,1,caught,1,decode
4830,bit_flip,4499572,1,caught,1,decode
4831,random_bytes,2384945,4,caught,1,decode
4832,zeroed_run,5205376,3371,caught,1,decode
4833,truncation,4458122,1086864,caught,1,decode
4834,header,872,1,caught,1,decode
4835,payload,753478,1,caught,1,decode
4836,bit_flip,3540363,1,caught,1,decode
4837,random_bytes,926228,7,caught,1,decode
4838,zeroed_run,2180907,1849,caught,1,decode
4839,truncation,73921,5471065,caught,1,decode
4840,header,776,1,caught,1,decode
4841,payload,5510233,1,caught,1,decode
4842,bit_flip,3459461,1,caught,1,decode
4843,random_bytes,254601,8,caught,1,decode
4844,zeroed_run,3055369,3220,caught,1,decode
4845,truncation,5024276,520710,caught,1,decode
4846,header,481,1,caught,1,decode
4847,payload,3064428,1,caught,1,decode
4848,bit_flip,4650391,1,caught,1,decode
4849,random_bytes,3281797,3,caught,1,decode
4850,zeroed_run,1267041,2772,caught,1,decode
4851,truncation,1911649,3633337,caught,1,decode
4852,header,166,1,caught,1,decode
4853,payload,2240482,1,caught,1,decode
4854,bit_flip,4482424,1,caught,1,decode
4855,random_bytes,3757695,13,caught,1,decode
4856,zeroed_run,3176616,3096,caught,1,decode
4857,truncation,2554932,2990054,caught,1,decode
4858,header,312,1,caught,1,decode
4859,payload,3468964,1,caught,1,decode
4860,bit_flip,970787,1,caught,1,decode
4861,random_bytes,4348722,4,caught,1,decode
4862,zeroed_run,1637513,2295,caught,1,decode
4863,truncation,4553805,991181,caught,1,decode
4864,header,994,1,caught,1,decode
4865,payload,4279558,1,caught,1,decode
4866,bit_flip,3574874,1,caught,1,decode
4867,random_bytes,2387237,5,caught,1,decode
4868,zeroed_run,2502902,3158,caught,1,decode
4869,truncation,1597085,3947901,caught,1,decode
4870,header,27,1,caught,1,decode
4871,payload,1843793,1,caught,1,decode
4872,bit_flip,3577702,1,caught,1,decode
4873,random_bytes,1841763,10,caught,1,decode
4874,zeroed_run,3182398,525,caught,1,decode
4875,truncation,1191733,4353253,caught,1,decode
4876,header,164,1,caught,1,decode
4877,payload,546390,1,caught,1,decode
4878,bit_flip,4187768,1,caught,1,decode
4879,random_bytes,443174,2,caught,1,decode
4880,zeroed_run,3466580,299,caught,1,decode
4881,truncation,1899211,3645775,caught,1,decode
4882,header,157,1,caught,1,decode
4883,payload,1012220,1,caught,1,decode
4884,bit_flip,755157,1,caught,1,decode
4885,random_bytes,607748,13,caught,1,decode
4886,zeroed_run,1849065,272,caught,1,decode
4887,truncation,2438074,3106912,caught,1,decode
4888,header,721,1,caught,1,decode
4889,payload,2029469,1,caught,1,decode
4890,bit_flip,216305,1,caught,1,decode
4891,random_bytes,4483350,9,caught,1,decode
4892,zeroed_run,485350,1020,caught,1,decode
4893,truncation,804303,4740683,caught,1,decode
4894,header,141,1,caught,1,decode
4895,payload,2755517,1,caught,1,decode
4896,bit_flip,4493226,1,caught,1,decode
4897,random_bytes,1436834,5,caught,1,decode
4898,zeroed_run,651931,3732,caught,1,decode
4899,truncation,5181819,363167,caught,1,decode
4900,header,643,1,caught,1,decode
4901,payload,2857912,1,caught,1,decode
4902,bit_flip,4165752,1,caught,1,decode
4903,random_bytes,1228070,1,caught,1,decode
4904,zeroed_run,3544412,2241,caught,1,decode
4905,truncation,2717087,2827899,caught,1,decode
4906,header,239,1,caught,1,decode
4907,payload,2358015,1,caught,1,decode
4908,bit_flip,5195194,1,caught,1,decode
4909,random_bytes,3742548,15,caught,1,decode
4910,zeroed_run,4240982,1665,caught,1,decode
4911,truncation,1039688,4505298,caught,1,decode
4912,header,276,1,caught,1,decode
4913,payload,5471823,1,caught,1,decode
4914,bit_flip,3860226,1,caught,1,decode
4915,random_bytes,4900221,1,caught,1,decode
4916,zeroed_run,2456284,703,caught,1,decode
4917,truncation,4931069,613917,caught,1,decode
4918,header,49,1,caught,1,decode
4919,payload,4465359,1,caught,1,decode
4920,bit_flip,3550034,1,caught,1,decode
4921,random_bytes,5277113,2,caught,1,decode
4922,zeroed_run,4664697,1722,caught,1,decode
4923,truncation,3859181,1685805,caught,1,decode
4924,header,161,1,caught,1,decode
4925,payload,3849112,1,caught,1,decode
4926,bit_flip,2660086,1,caught,1,decode
4927,random_bytes,3899949,16,caught,1,decode
4928,zeroed_run,3558480,2103,caught,1,decode
4929,truncation,2360971,3184015,caught,1,decode
4930,header,84,1,caught,1,decode
4931,payload,1674810,1,caught,1,decode
4932,bit_flip,3052749,1,caught,1,decode
4933,random_bytes,3087785,5,caught,1,decode
4934,zeroed_run,5009937,1878,caught,1,decode
4935,truncation,1817268,3727718,caught,1,decode
4936,header,57,1,caught,1,decode
4937,payload,3219107,1,caught,1,decode
4938,bit_flip,3836538,1,caught,1,decode
4939,random_bytes,3307766,1,caught,1,decode
4940,zeroed_run,4148889,2251,caught,1,decode
4941,truncation,2668436,2876550,caught,1,decode
4942,header,1006,1,caught,1,decode
4943,payload,4042153,1,caught,1,decode
4944,bit_flip,909627,1,caught,1,decode
4945,random_bytes,1278487,6,caught,1,decode
4946,zeroed_run,3293274,2768,caught,1,decode
4947,truncation,1715125,3829861,caught,1,decode
4948,header,568,1,caught,1,decode
4949,payload,1093646,1,caught,1,decode
4950,bit_flip,4208569,1,caught,1,decode
4951,random_bytes,5519648,8,caught,1,decode
4952,zeroed_run,3576121,3155,caught,1,decode
4953,truncation,3828526,1716460,caught,1,decode
4954,header,681,1,caught,1,decode
4955,payload,5172186,1,caught,1,decode
4956,bit_flip,1951055,1,caught,1,decode
4957,random_bytes,4446488,15,caught,1,decode
4958,zeroed_run,3524502,2660,caught,1,decode
4959,truncation,1876255,3668731,caught,1,decode
4960,header,948,1,caught,1,decode
4961,payload,1771537,1,caught,1,decode
4962,bit_flip,1351833,1,caught,1,decode
4963,random_bytes,3546442,10,caught,1,decode
4964,zeroed_run,1828834,288,caught,1,decode
4965,truncation,702920,4842066,caught,1,decode
4966,header,568,1,caught,1,decode
4967,payload,3980515,1,caught,1,decode
4968,bit_flip,2804556,1,caught,1,decode
4969,random_bytes,5385760,3,caught,1,decode
4970,zeroed_run,1661558,3496,caught,1,decode
4971,truncation,3899920,1645066,caught,1,decode
4972,header,87,1,caught,1,decode
4973,payload,1625364,1,caught,1,decode
4974,bit_flip,2278591,1,caught,1,decode
4975,random_bytes,659867,9,caught,1,decode
4976,zeroed_run,2339448,709,caught,1,decode
4977,truncation,2493641,3051345,caught,1,decode
4978,header,793,1,caught,1,decode
4979,payload,4251502,1,caught,1,decode
4980,bit_flip,1692253,1,caught,1,decode
4981,random_bytes,3034288,10,caught,1,decode
4982,zeroed_run,4586636,2916,caught,1,decode
4983,truncation,3547261,1997725,caught,1,decode
4984,header,509,1,caught,1,decode
4985,payload,410818,1,caught,1,decode
4986,bit_flip,1502549,1,caught,1,decode
4987,random_bytes,2910846,6,caught,1,decode
4988,zeroed_run,3721834,4002,caught,1,decode
4989,truncation,5244244,300742,caught,1,decode
4990,header,416,1,caught,1,decode
4991,payload,2216401,1,caught,1,decode
4992,bit_flip,5507092,1,caught,1,decode
4993,random_bytes,1849300,9,caught,1,decode
4994,zeroed_run,4544797,643,caught,1,decode
4995,truncation,3388841,2156145,caught,1,decode
4996,header,866,1,caught,1,decode
4997,payload,2617099,1,caught,1,decode
4998,bit_flip,1224879,1,caught,1,decode
4999,random_bytes,40963,9,caught,1,decode
5000,zeroed_run,952563,355,caught,1,decode
5001,truncation,707744,4837242,caught,1,decode
5002,header,988,1,caught,1,decode
5003,payload,2281692,1,caught,1,decode
5004,bit_flip,5179846,1,caught,1,decode
5005,random_bytes,5382880,2,caught,1,decode
5006,zeroed_run,4532857,3271,caught,1,decode
5007,truncation,5394646,150340,caught,1,decode
5008,header,460,1,caught,1,decode
5009,payload,200914,1,caught,1,decode
5010,bit_flip,3100531,1,harmless,0,decode
5011,random_bytes,349080,16,caught,1,decode
5012,zeroed_run,5295286,3353,caught,1,decode
5013,truncation,1254589,4290397,caught,1,decode
5014,header,917,1,caught,1,decode
5015,payload,3101685,1,caught,1,decode
5016,bit_flip,3472192,1,caught,1,decode
5017,random_bytes,3722409,12,caught,1,decode
5018,zeroed_run,905913,3602,caught,1,decode
5019,truncation,2115048,3429938,caught,1,decode
5020,header,649,1,caught,1,decode
5021,payload,2854720,1,caught,1,decode
5022,bit_flip,2205711,1,caught,1,decode
5023,random_bytes,3904021,12,caught,1,decode
5024,zeroed_run,4213011,779,caught,1,decode
5025,truncation,1295995,4248991,caught,1,decode
5026,header,667,1,caught,1,decode
5027,payload,3884208,1,caught,1,decode
5028,bit_flip,3810059,1,caught,1,decode
5029,random_bytes,3501883,12,caught,1,decode
5030,zeroed_run,4350488,1104,caught,1,decode
5031,truncation,1029093,4515893,caught,1,decode
5032,header,120,1,caught,1,decode
5033,payload,3415711,1,caught,1,decode
5034,bit_flip,1767984,1,caught,1,decode
5035,random_bytes,130875,7,caught,1,decode
5036,zeroed_run,3705867,3666,caught,1,decode
5037,truncation,5322754,222232,caught,1,decode
5038,header,531,1,caught,1,decode
5039,payload,1621228,1,caught,1,decode
5040,bit_flip,1151751,1,caught,1,decode
5041,random_bytes,462638,7,caught,1,decode
5042,zeroed_run,1075536,1669,caught,1,decode
5043,truncation,437325,5107661,caught,1,decode
5044,header,49,1,caught,1,decode
5045,payload,3246965,1,caught,1,decode
5046,bit_flip,376344,1,caught,1,decode
5047,random_bytes,5121258,3,caught,1,decode
5048,zeroed_run,1599565,2584,caught,1,decode
5049,truncation,984237,4560749,caught,1,decode
5050,header,537,1,caught,1,decode
5051,payload,867014,1,caught,1,decode
5052,bit_flip,3588096,1,caught,1,decode
5053,random_bytes,5131499,4,caught,1,decode
5054,zeroed_run,2377961,2610,caught,1,decode
5055,truncation,1719334,3825652,caught,1,decode
5056,header,641,1,caught,1,decode
5057,payload,3986488,1,caught,1,decode
5058,bit_flip,3247380,1,caught,1,decode
5059,random_bytes,1058036,14,caught,1,decode
5060,zeroed_run,5056388,3514,caught,1,decode
5061,truncation,3084160,2460826,caught,1,decode
5062,header,75,1,caught,1,decode
5063,payload,2964634,1,caught,1,decode
5064,bit_flip,2408135,1,caught,1,decode
5065,random_bytes,5393249,16,caught,1,decode
5066,zeroed_run,781482,1894,caught,1,decode
5067,truncation,4163807,1381179,caught,1,decode
5068,header,836,1,caught,1,decode
5069,payload,5241805,1,caught,1,decode
5070,bit_flip,884733,1,caught,1,decode
5071,random_bytes,3278632,12,caught,1,decode
5072,zeroed_run,4810076,3305,caught,1,decode
5073,truncation,4199454,1345532,caught,1,decode
5074,header,152,1,caught,1,decode
5075,payload,1975974,1,caught,1,decode
5076,bit_flip,737847,1,caught,1,decode
5077,random_bytes,4282838,15,caught,1,decode
5078,zeroed_run,5051413,2770,caught,1,decode
5079,truncation,3713348,1831638,caught,1,decode
5080,header,127,1,caught,1,decode
5081,payload,72664,1,caught,1,decode
5082,bit_flip,192124,1,caught,1,decode
5083,random_bytes,4261744,2,caught,1,decode
5084,zeroed_run,2560515,1688,caught,1,decode
5085,truncation,3014431,2530555,caught,1,decode
5086,header,854,1,caught,1,decode
5087,payload,3569769,1,caught,1,decode
5088,bit_flip,5434456,1,caught,1,decode
5089,random_bytes,761328,3,caught,1,decode
5090,zeroed_run,4354905,2464,caught,1,decode
5091,truncation,5115750,429236,caught,1,decode
5092,header,653,1,caught,1,decode
5093,payload,2609484,1,caught,1,decode
5094,bit_flip,4531659,1,caught,1,decode
5095,random_bytes,5503285,16,caught,1,decode
5096,zeroed_run,1635234,606,caught,1,decode
5097,truncation,3719945,1825041,caught,1,decode
5098,header,47,1,caught,1,decode
5099,payload,2858765,1,caught,1,decode
5100,bit_flip,3869540,1,caught,1,decode
5101,random_bytes,1010353,3,caught,1,decode
5102,zeroed_run,1600843,3966,caught,1,decode
5103,truncation,4746990,797996,caught,1,decode
5104,header,642,1,caught,1,decode
5105,payload,1942112,1,caught,1,decode
5106,bit_flip,4464690,1,caught,1,decode
5107,random_bytes,1882387,9,caught,1,decode
5108,zeroed_run,1411867,761,caught,1,decode
5109,truncation,56785,5488201,caught,1,decode
5110,header,750,1,caught,1,decode
5111,payload,1845396,1,caught,1,decode
5112,bit_flip,4459609,1,caught,1,decode
5113,random_bytes,2559157,12,caught,1,decode
5114,zeroed_run,3382849,2779,caught,1,decode
5115,truncation,1954319,3590667,caught,1,decode
5116,header,8,1,harmless,0,decode
5117,payload,305344,1,caught,1,decode
5118,bit_flip,4612178,1,caught,1,decode
5119,random_bytes,2709318,16,caught,1,decode
5120,zeroed_run,5253162,1399,caught,1,decode
5121,truncation,1637321,3907665,caught,1,decode
5122,header,674,1,caught,1,decode
5123,payload,168035,1,caught,1,decode
5124,bit_flip,5357982,1,caught,1,decode
5125,random_bytes,633457,5,caught,1,decode
5126,zeroed_run,202748,3779,caught,1,decode
5127,truncation,2692710,2852276,caught,1,decode
5128,header,398,1,caught,1,decode
5129,payload,5341646,1,caught,1,decode
5130,bit_flip,1177821,1,caught,1,decode
5131,random_bytes,2116183,4,caught,1,decode
5132,zeroed_run,4241340,3896,caught,1,decode
5133,truncation,2612036,2932950,caught,1,decode
5134,header,187,1,caught,1,decode
5135,payload,1327342,1,caught,1,decode
5136,bit_flip,4126212,1,caught,1,decode
5137,random_bytes,4666860,8,caught,1,decode
5138,zeroed_run,681071,1630,caught,1,decode
5139,truncation,3934017,1610969,caught,1,decode
5140,header,495,1,caught,1,decode
5141,payload,1291919,1,caught,1,decode
5142,bit_flip,2887664,1,caught,1,decode
5143,random_bytes,3032112,9,caught,1,decode
5144,zeroed_run,2319358,3005,caught,1,decode
5145,truncation,2092344,3452642,caught,1,decode
5146,header,832,1,caught,1,decode
5147,payload,2245316,1,caught,1,decode
5148,bit_flip,3464512,1,caught,1,decode
5149,random_bytes,185479,12,caught,1,decode
5150,zeroed_run,132472,2734,caught,1,decode
5151,truncation,1088497,4456489,caught,1,decode
5152,header,488,1,caught,1,decode
5153,payload,3882830,1,caught,1,decode
5154,bit_flip,1034203,1,caught,1,decode
5155,random_bytes,3439128,3,caught,1,decode
5156,zeroed_run,2162485,689,caught,1,decode
5157,truncation,4866907,678079,caught,1,decode
5158,header,221,1,caught,1,decode
5159,payload,4976854,1,caught,1,decode
5160,bit_flip,3469433,1,caught,1,decode
5161,random_bytes,150657,5,caught,1,decode
5162,zeroed_run,3230155,2242,caught,1,decode
5163,truncation,3331049,2213937,caught,1,decode
5164,header,904,1,caught,1,decode
5165,payload,5284828,1,caught,1,decode
5166,bit_flip,1503596,1,caught,1,decode
5167,random_bytes,2794743,12,caught,1,decode
5168,zeroed_run,2122198,1617,caught,1,decode
5169,truncation,4891734,653252,caught,1,decode
5170,header,561,1,caught,1,decode
5171,payload,4295051,1,caught,1,decode
5172,bit_flip,4252542,1,caught,1,decode
5173,random_bytes,2887632,6,caught,1,decode
5174,zeroed_run,2825969,93,caught,1,decode
5175,truncation,1736990,3807996,caught,1,decode
5176,header,7,1,harmless,0,decode
5177,payload,4957532,1,caught,1,decode
5178,bit_flip,4033231,1,caught,1,decode
5179,random_bytes,2426913,11,caught,1,decode
5180,zeroed_run,3634587,1022,caught,1,decode
5181,truncation,335349,5209637,caught,1,decode
5182,header,249,1,caught,1,decode
5183,payload,4492087,1,caught,1,decode
5184,bit_flip,1418497,1,caught,1,decode
5185,random_bytes,2994105,1,caught,1,decode
5186,zeroed_run,1508238,1029,caught,1,decode
5187,truncation,4309848,1235138,caught,1,decode
5188,header,443,1,caught,1,decode
5189,payload,4940332,1,caught,1,decode
5190,bit_flip,177641,1,caught,1,decode
5191,random_bytes,616704,6,caught,1,decode
5192,zeroed_run,1708530,2869,caught,1,decode
5193,truncation,4506235,1038751,caught,1,decode
5194,header,45,1,caught,1,decode
5195,payload,913711,1,caught,1,decode
5196,bit_flip,4408089,1,caught,1,decode
5197,random_bytes,128404,5,caught,1,decode
5198,zeroed_run,2654247,2876,caught,1,decode
5199,truncation,92930,5452056,caught,1,decode
5200,header,859,1,caught,1,decode
5201,payload,2156271,1,caught,1,decode
5202,bit_flip,4532092,1,caught,1,decode
5203,random_bytes,102151,11,caught,1,decode
5204,zeroed_run,999256,2316,caught,1,decode
5205,truncation,2032330,3512656,caught,1,decode
5206,header,620,1,caught,1,decode
5207,payload,4934692,1,caught,1,decode
5208,bit_flip,4948736,1,caught,1,decode
5209,random_bytes,2051042,7,caught,1,decode
5210,zeroed_run,2023162,2965,caught,1,decode
5211,truncation,2631666,2913320,caught,1,decode
5212,header,186,1,caught,1,decode
5213,payload,502786,1,caught,1,decode
5214,bit_flip,3278855,1,caught,1,decode
5215,random_bytes,3394147,11,caught,1,decode
5216,zeroed_run,2134176,562,caught,1,decode
5217,truncation,2601794,2943192,caught,1,decode
5218,header,749,1,caught,1,decode
5219,payload,4160483,1,caught,1,decode
5220,bit_flip,262348,1,caught,1,decode
5221,random_bytes,4297502,1,caught,1,decode
5222,zeroed_run,3243800,3192,caught,1,decode
5223,truncation,4897475,647511,caught,1,decode
5224,header,871,1,caught,1,decode
5225,payload,3050728,1,caught,1,decode
5226,bit_flip,5278575,1,caught,1,decode
5227,random_bytes,1039252,9,caught,1,decode
5228,zeroed_run,3598999,785,caught,1,decode
5229,truncation,1141267,4403719,caught,1,decode
5230,header,224,1,caught,1,decode
5231,payload,1772028,1,caught,1,decode
5232,bit_flip,769633,1,caught,1,decode
5233,random_bytes,5108876,1,caught,1,decode
5234,zeroed_run,807150,3317,caught,1,decode
5235,truncation,3276758,2268228,caught,1,decode
5236,header,831,1,caught,1,decode
5237,payload,4986571,1,caught,1,decode
5238,bit_flip,4616184,1,caught,1,decode
5239,random_bytes,1082311,12,caught,1,decode
5240,zeroed_run,2947174,2576,caught,1,decode
5241,truncation,3819044,1725942,caught,1,decode
5242,header,606,1,caught,1,decode
5243,payload,3768772,1,caught,1,decode
5244,bit_flip,4139958,1,caught,1,decode
5245,random_bytes,2438690,3,caught,1,decode
5246,zeroed_run,2940817,603,caught,1,decode
5247,truncation,5506079,38907,caught,1,decode
5248,header,221,1,caught,1,decode
5249,payload,349933,1,caught,1,decode
5250,bit_flip,3596292,1,caught,1,decode
5251,random_bytes,3193074,11,caught,1,decode
5252,zeroed_run,237258,1459,caught,1,decode
5253,truncation,973484,4571502,caught,1,decode
5254,header,246,1,caught,1,decode
5255,payload,1459931,1,caught,1,decode
5256,bit_flip,2596260,1,caught,1,decode
5257,random_bytes,2130143,8,caught,1,decode
5258,zeroed_run,3072528,3392,caught,1,decode
5259,truncation,1910745,3634241,caught,1,decode
5260,header,380,1,caught,1,decode
5261,payload,4766976,1,caught,1,decode
5262,bit_flip,533258,1,caught,1,decode
5263,random_bytes,4347485,8,caught,1,decode
5264,zeroed_run,3603342,2837,caught,1,decode
5265,truncation,3221418,2323568,caught,1,decode
5266,header,361,1,caught,1,decode
5267,payload,595305,1,caught,1,decode
5268,bit_flip,1435718,1,caught,1,decode
5269,random_bytes,3511140,11,caught,1,decode
5270,zeroed_run,5233838,1119,caught,1,decode
5271,truncation,799222,4745764,caught,1,decode
5272,header,604,1,caught,1,decode
5273,payload,1831441,1,caught,1,decode
5274,bit_flip,126018,1,caught,1,decode
5275,random_bytes,1277350,1,caught,1,decode
5276,zeroed_run,2918296,772,caught,1,decode
5277,truncation,817602,4727384,caught,1,decode
5278,header,999,1,caught,1,decode
5279,payload,2051074,1,caught,1,decode
5280,bit_flip,690079,1,caught,1,decode
5281,random_bytes,280548,12,caught,1,decode
5282,zeroed_run,2026284,1395,caught,1,decode
5283,truncation,4123209,1421777,caught,1,decode
5284,header,504,1,caught,1,decode
5285,payload,2978872,1,caught,1,decode
5286,bit_flip,385184,1,caught,1,decode
5287,random_bytes,2120868,5,caught,1,decode
5288,zeroed_run,387052,2262,caught,1,decode
5289,truncation,132591,5412395,caught,1,decode
5290,header,443,1,caught,1,decode
5291,payload,3793781,1,caught,1,decode
5292,bit_flip,2745453,1,caught,1,decode
5293,random_bytes,4497350,14,caught,1,decode
5294,zeroed_run,991179,1221,caught,1,decode
5295,truncation,1278699,4266287,caught,1,decode
5296,header,975,1,caught,1,decode
5297,payload,4252554,1,caught,1,decode
5298,bit_flip,2228607,1,caught,1,decode
5299,random_bytes,1281118,3,caught,1,decode
5300,zeroed_run,4174089,2849,caught,1,decode
5301,truncation,4862376,682610,caught,1,decode
5302,header,987,1,caught,1,decode
5303,payload,3468153,1,caught,1,decode
5304,bit_flip,619000,1,caught,1,decode
5305,random_bytes,3109465,2,caught,1,decode
5306,zeroed_run,4667857,2889,caught,1,decode
5307,truncation,1967362,3577624,caught,1,decode
5308,header,400,1,caught,1,decode
5309,payload,80473,1,caught,1,decode
5310,bit_flip,4989573,1,caught,1,decode
5311,random_bytes,1463503,16,caught,1,decode
5312,zeroed_run,1006155,2490,caught,1,decode
5313,truncation,1205659,4339327,caught,1,decode
5314,header,490,1,caught,1,decode
5315,payload,4017283,1,caught,1,decode
5316,bit_flip,4244511,1,caught,1,decode
5317,random_bytes,4855253,15,caught,1,decode
5318,zeroed_run,5281228,1819,caught,1,decode
5319,truncation,5490787,54199,caught,1,decode
5320,header,595,1,caught,1,decode
5321,payload,2876478,1,caught,1,decode
5322,bit_flip,2498397,1,caught,1,decode
5323,random_bytes,2403990,9,caught,1,decode
5324,zeroed_run,1728566,3919,caught,1,decode
5325,truncation,5163327,381659,caught,1,decode
5326,header,873,1,caught,1,decode
5327,payload,4966696,1,caught,1,decode
5328,bit_flip,4165187,1,caught,1,decode
5329,random_bytes,3070525,2,caught,1,decode
5330,zeroed_run,4158780,3731,caught,1,decode
5331,truncation,4828848,716138,caught,1,decode
5332,header,917,1,caught,1,decode
5333,payload,4641816,1,caught,1,decode
5334,bit_flip,4900315,1,caught,1,decode
5335,random_bytes,5452813,3,caught,1,decode
5336,zeroed_run,181755,3195,caught,1,decode
5337,truncation,3713714,1831272,caught,1,decode
5338,header,157,1,caught,1,decode
5339,payload,1803541,1,caught,1,decode
5340,bit_flip,1188231,1,caught,1,decode
5341,random_bytes,4036026,7,caught,1,decode
5342,zeroed_run,2539526,393,caught,1,decode
5343,truncation,2510113,3034873,caught,1,decode
5344,header,1008,1,caught,1,decode
5345,payload,4086177,1,caught,1,decode
5346,bit_flip,281660,1,caught,1,decode
5347,random_bytes,1993967,14,caught,1,decode
5348,zeroed_run,3496751,3748,caught,1,decode
5349,truncation,4705642,839344,caught,1,decode
5350,header,700,1,caught,1,decode
5351,payload,3354824,1,caught,1,decode
5352,bit_flip,4551622,1,caught,1,decode
5353,random_bytes,3271230,3,caught,1,decode
5354,zeroed_run,3123142,2689,caught,1,decode
5355,truncation,1683361,3861625,caught,1,decode
5356,header,459,1,caught,1,decode
5357,payload,3571719,1,caught,1,decode
5358,bit_flip,3113867,1,caught,1,decode
5359,random_bytes,1391161,7,caught,1,decode
5360,zeroed_run,1544753,769,caught,1,decode
5361,truncation,2871781,2673205,caught,1,decode
5362,header,134,1,caught,1,decode
5363,payload,3906234,1,caught,1,decode
5364,bit_flip,145299,1,caught,1,decode
5365,random_bytes,2642488,13,caught,1,decode
5366,zeroed_run,1301477,684,caught,1,decode
5367,truncation,3626652,1918334,caught,1,decode
5368,header,999,1,caught,1,decode
5369,payload,3643890,1,caught,1,decode
5370,bit_flip,459990,1,caught,1,decode
5371,random_bytes,2546260,7,caught,1,decode
5372,zeroed_run,396593,466,caught,1,decode
5373,truncation,3664523,1880463,caught,1,decode
5374,header,403,1,caught,1,decode
5375,payload,5040783,1,caught,1,decode
5376,bit_flip,818505,1,caught,1,decode
5377,random_bytes,1284497,14,caught,1,decode
5378,zeroed_run,1443338,1080,caught,1,decode
5379,truncation,4392560,1152426,caught,1,decode
5380,header,606,1,caught,1,decode
5381,payload,4029097,1,caught,1,decode
5382,bit_flip,1947566,1,caught,1,decode
5383,random_bytes,3962898,15,caught,1,decode
5384,zeroed_run,4971776,1534,caught,1,decode
5385,truncation,4228273,1316713,caught,1,decode
5386,header,408,1,caught,1,decode
5387,payload,666558,1,caught,1,decode
5388,bit_flip,5475045,1,caught,1,decode
5389,random_bytes,2883122,10,caught,1,decode
5390,zeroed_run,4604078,3805,caught,1,decode
5391,truncation,2441495,3103491,caught,1,decode
5392,header,677,1,caught,1,decode
5393,payload,5224447,1,caught,1,decode
5394,bit_flip,4919229,1,caught,1,decode
5395,random_bytes,3828438,16,caught,1,decode
5396,zeroed_run,575449,3045,caught,1,decode
5397,truncation,1260134,4284852,caught,1,decode
5398,header,233,1,caught,1,decode
5399,payload,5435859,1,caught,1,decode
5400,bit_flip,4517183,1,caught,1,decode
5401,random_bytes,5518088,15,caught,1,decode
5402,zeroed_run,526825,602,caught,1,decode
5403,truncation,3197437,2347549,caught,1,decode
5404,header,484,1,caught,1,decode
5405,payload,3997771,1,caught,1,decode
5406,bit_flip,5302411,1,caught,1,decode
5407,random_bytes,4786346,1,caught,1,decode
5408,zeroed_run,1302285,3261,caught,1,decode
5409,truncation,1574548,3970438,caught,1,decode
5410,header,413,1,caught,1,decode
5411,payload,3259342,1,caught,1,decode
5412,bit_flip,1371037,1,caught,1,decode
5413,random_bytes,4236870,12,caught,1,decode
5414,zeroed_run,641123,868,caught,1,decode
5415,truncation,1887689,3657297,caught,1,decode
5416,header,873,1,caught,1,decode
5417,payload,2010692,1,caught,1,decode
5418,bit_flip,2300149,1,caught,1,decode
5419,random_bytes,2315592,3,caught,1,decode
5420,zeroed_run,4481268,4084,caught,1,decode
5421,truncation,1619235,3925751,caught,1,decode
5422,header,527,1,caught,1,decode
5423,payload,278624,1,caught,1,decode
5424,bit_flip,4034058,1,caught,1,decode
5425,random_bytes,3518483,11,caught,1,decode
5426,zeroed_run,4164116,2412,caught,1,decode
5427,truncation,1267280,4277706,caught,1,decode
5428,header,105,1,caught,1,decode
5429,payload,3096102,1,caught,1,decode
5430,bit_flip,2154748,1,caught,1,decode
5431,random_bytes,2223799,3,caught,1,decode
5432,zeroed_run,3710361,955,caught,1,decode
5433,truncation,298162,5246824,caught,1,decode
5434,header,204,1,caught,1,decode
5435,payload,859250,1,caught,1,decode
5436,bit_flip,5410395,1,caught,1,decode
5437,random_bytes,5151964,5,caught,1,decode
5438,zeroed_run,4667229,1389,caught,1,decode
5439,truncation,2956570,2588416,caught,1,decode
5440,header,204,1,caught,1,decode
5441,payload,4144045,1,caught,1,decode
5442,bit_flip,3612247,1,caught,1,decode
5443,random_bytes,2151566,3,caught,1,decode
5444,zeroed_run,4227311,3161,caught,1,decode
5445,truncation,5012783,532203,caught,1,decode
5446,header,204,1,caught,1,decode
5447,payload,1741622,1,caught,1,decode
5448,bit_flip,871703,1,caught,1,decode
5449,random_bytes,4852168,5,caught,1,decode
5450,zeroed_run,2488656,1238,caught,1,decode
5451,truncation,227975,5317011,caught,1,decode
5452,header,548,1,caught,1,decode
5453,payload,93482,1,caught,1,decode
5454,bit_flip,5119012,1,caught,1,decode
5455,random_bytes,4771647,12,caught,1,decode
5456,zeroed_run,4651622,143,caught,1,decode
5457,truncation,1792181,3752805,caught,1,decode
5458,header,798,1,caught,1,decode
5459,payload,4354878,1,caught,1,decode
5460,bit_flip,5973,1,caught,1,decode
5461,random_bytes,3133465,9,caught,1,decode
5462,zeroed_run,3132640,1745,caught,1,decode
5463,truncation,40041,5504945,caught,1,decode
5464,header,665,1,caught,1,decode
5465,payload,2226749,1,caught,1,decode
5466,bit_flip,1767932,1,caught,1,decode
5467,random_bytes,3105845,6,caught,1,decode
5468,zeroed_run,5345389,3054,caught,1,decode
5469,truncation,2709698,2835288,caught,1,decode
5470,header,561,1,caught,1,decode
5471,payload,1246446,1,caught,1,decode
5472,bit_flip,4102821,1,caught,1,decode
5473,random_bytes,1960169,1,caught,1,decode
5474,zeroed_run,4041405,1672,caught,1,decode
5475,truncation,1977147,3567839,caught,1,decode
5476,header,505,1,caught,1,decode
5477,payload,1486491,1,caught,1,decode
5478,bit_flip,2831644,1,caught,1,decode
5479,random_bytes,2528715,5,caught,1,decode
5480,zeroed_run,2798113,2143,caught,1,decode
5481,truncation,663499,4881487,caught,1,decode
5482,header,611,1,caught,1,decode
5483,payload,4286351,1,caught,1,decode
5484,bit_flip,1296291,1,caught,1,decode
5485,random_bytes,1803801,15,caught,1,decode
5486,zeroed_run,4924059,2630,caught,1,decode
5487,truncation,5283091,261895,caught,1,decode
5488,header,785,1,caught,1,decode
5489,payload,5427109,1,caught,1,decode
5490,bit_flip,919532,1,caught,1,decode
5491,random_bytes,4807422,14,caught,1,decode
5492,zeroed_run,1827497,3766,caught,1,decode
5493,truncation,4655635,889351,caught,1,decode
5494,header,154,1,caught,1,decode
5495,payload,4907154,1,caught,1,decode
5496,bit_flip,2028246,1,caught,1,decode
5497,random_bytes,3792687,4,caught,1,decode
5498,zeroed_run,4829843,666,caught,1,decode
5499,truncation,1177442,4367544,caught,1,decode
5500,header,209,1,caught,1,decode
5501,payload,2298396,1,caught,1,decode
5502,bit_flip,3907026,1,caught,1,decode
5503,random_bytes,1105473,2,caught,1,decode
5504,zeroed_run,4345149,3572,caught,1,decode
5505,truncation,4213689,1331297,caught,1,decode
5506,header,554,1,caught,1,decode
5507,payload,3574348,1,caught,1,decode
5508,bit_flip,4977374,1,caught,1,decode
5509,random_bytes,2972790,14,caught,1,decode
5510,zeroed_run,468617,2365,caught,1,decode
5511,truncation,1634040,3910946,caught,1,decode
5512,header,65,1,caught,1,decode
5513,payload,5433513,1,caught,1,decode
5514,bit_flip,388928,1,caught,1,decode
5515,random_bytes,5213066,7,caught,1,decode
5516,zeroed_run,3138867,2596,caught,1,decode
5517,truncation,247209,5297777,caught,1,decode
5518,header,641,1,caught,1,decode
5519,payload,815684,1,caught,1,decode
5520,bit_flip,1503443,1,caught,1,decode
5521,random_bytes,5433049,11,caught,1,decode
5522,zeroed_run,4844097,3213,caught,1,decode
5523,truncation,3738855,1806131,caught,1,decode
5524,header,143,1,caught,1,decode
5525,payload,2419236,1,caught,1,decode
5526,bit_flip,907555,1,caught,1,decode
5527,random_bytes,3576428,8,caught,1,decode
5528,zeroed_run,4258405,2124,caught,1,decode
5529,truncation,2939190,2605796,caught,1,decode
5530,header,1013,1,caught,1,decode
5531,payload,2893568,1,caught,1,decode
5532,bit_flip,3236706,1,caught,1,decode
5533,random_bytes,2619075,12,caught,1,decode
5534,zeroed_run,523678,837,caught,1,decode
5535,truncation,5155914,389072,caught,1,decode
5536,header,675,1,caught,1,decode
5537,payload,1294923,1,caught,1,decode
5538,bit_flip,1574312,1,caught,1,decode
5539,random_bytes,796168,15,caught,1,decode
5540,zeroed_run,3558127,1066,caught,1,decode
5541,truncation,1578855,3966131,caught,1,decode
5542,header,780,1,caught,1,decode
5543,payload,4998512,1,caught,1,decode
5544,bit_flip,3308147,1,caught,1,decode
5545,random_bytes,1320162,7,caught,1,decode
5546,zeroed_run,407621,3231,caught,1,decode
5547,truncation,903278,4641708,caught,1,decode
5548,header,383,1,caught,1,decode
5549,payload,388486,1,caught,1,decode
5550,bit_flip,1545756,1,caught,1,decode
5551,random_bytes,1975769,10,caught,1,decode
5552,zeroed_run,33575,169,caught,1,decode
5553,truncation,841816,4703170,caught,1,decode
5554,header,802,1,caught,1,decode
5555,payload,189795,1,caught,1,decode
5556,bit_flip,4523020,1,caught,1,decode
5557,random_bytes,1528793,10,caught,1,decode
5558,zeroed_run,3540634,2578,caught,1,decode
5559,truncation,237939,5307047,caught,1,decode
5560,header,268,1,caught,1,decode
5561,payload,1318983,1,caught,1,decode
5562,bit_flip,495191,1,caught,1,decode
5563,random_bytes,3674270,5,caught,1,decode
5564,zeroed_run,564402,2094,caught,1,decode
5565,truncation,4566729,978257,caught,1,decode
5566,header,802,1,caught,1,decode
5567,payload,2459027,1,caught,1,decode
5568,bit_flip,916353,1,caught,1,decode
5569,random_bytes,5244838,4,caught,1,decode
5570,zeroed_run,4598644,3854,caught,1,decode
5571,truncation,4216104,1328882,caught,1,decode
5572,header,627,1,caught,1,decode
5573,payload,147550,1,caught,1,decode
5574,bit_flip,4171579,1,caught,1,decode
5575,random_bytes,4036807,13,caught,1,decode
5576,zeroed_run,4225247,3539,caught,1,decode
5577,truncation,3536655,2008331,caught,1,decode
5578,header,629,1,caught,1,decode
5579,payload,2117655,1,caught,1,decode
5580,bit_flip,165867,1,caught,1,decode
5581,random_bytes,1323342,12,caught,1,decode
5582,zeroed_run,986523,1373,caught,1,decode
5583,truncation,5352640,192346,caught,1,decode
5584,header,120,1,caught,1,decode
5585,payload,1764388,1,caught,1,decode
5586,bit_flip,5181004,1,caught,1,decode
5587,random_bytes,607426,6,caught,1,decode
5588,zeroed_run,4253017,165,caught,1,decode
5589,truncation,3911983,1633003,caught,1,decode
5590,header,688,1,caught,1,decode
5591,payload,325588,1,caught,1,decode
5592,bit_flip,5177968,1,caught,1,decode
5593,random_bytes,1601070,13,caught,1,decode
5594,zeroed_run,116827,841,caught,1,decode
5595,truncation,297864,5247122,caught,1,decode
5596,header,581,1,caught,1,decode
5597,payload,5290218,1,caught,1,decode
5598,bit_flip,1316145,1,caught,1,decode
5599,random_bytes,1831685,11,caught,1,decode
5600,zeroed_run,3734177,3680,caught,1,decode
5601,truncation,5160100,384886,caught,1,decode
5602,header,907,1,caught,1,decode
5603,payload,3080189,1,caught,1,decode
5604,bit_flip,887743,1,caught,1,decode
5605,random_bytes,4097179,9,caught,1,decode
5606,zeroed_run,5009011,3188,caught,1,decode
5607,truncation,3186114,2358872,caught,1,decode
5608,header,111,1,caught,1,decode
5609,payload,1218677,1,caught,1,decode
5610,bit_flip,3396973,1,caught,1,decode
5611,random_bytes,1950563,7,caught,1,decode
5612,zeroed_run,1839127,3263,caught,1,decode
5613,truncation,561598,4983388,caught,1,decode
5614,header,749,1,caught,1,decode
5615,payload,2144612,1,caught,1,decode
5616,bit_flip,3718584,1,caught,1,decode
5617,random_bytes,4016656,12,caught,1,decode
5618,zeroed_run,3569839,2424,caught,1,decode
5619,truncation,2256142,3288844,caught,1,decode
5620,header,661,1,caught,1,decode
5621,payload,5113080,1,caught,1,decode
5622,bit_flip,3632251,1,caught,1,decode
5623,random_bytes,2510433,15,caught,1,decode
5624,zeroed_run,866405,277,caught,1,decode
5625,truncation,5158267,386719,caught,1,decode
5626,header,516,1,caught,1,decode
5627,payload,2122145,1,caught,1,decode
5628,bit_flip,3075922,1,caught,1,decode
5629,random_bytes,1990585,7,caught,1,decode
5630,zeroed_run,1578699,3976,caught,1,decode
5631,truncation,321421,5223565,caught,1,decode
5632,header,1001,1,caught,1,decode
5633,payload,488618,1,caught,1,decode
5634,bit_flip,5152989,1,caught,1,decode
5635,random_bytes,3064297,4,caught,1,decode
5636,zeroed_run,957480,4055,caught,1,decode
5637,truncation,2344212,3200774,caught,1,decode
5638,header,959,1,caught,1,decode
5639,payload,1943444,1,caught,1,decode
5640,bit_flip,676657,1,caught,1,decode
5641,random_bytes,375947,11,caught,1,decode
5642,zeroed_run,2824683,159,caught,1,decode
5643,truncation,1128462,4416524,caught,1,decode
5644,header,817,1,caught,1,decode
5645,payload,1304002,1,caught,1,decode
5646,bit_flip,3650669,1,caught,1,decode
5647,random_bytes,1059278,7,caught,1,decode
5648,zeroed_run,5414831,3095,caught,1,decode
5649,truncation,2549837,2995149,caught,1,decode
5650,header,14,1,harmless,0,decode
5651,payload,1056684,1,caught,1,decode
5652,bit_flip,1496647,1,caught,1,decode
5653,random_bytes,893333,9,caught,1,decode
5654,zeroed_run,643022,3334,caught,1,decode
5655,truncation,2903507,2641479,caught,1,decode
5656,header,789,1,caught,1,decode
5657,payload,3093927,1,caught,1,decode
5658,bit_flip,4391195,1,caught,1,decode
5659,random_bytes,2368886,2,caught,1,decode
5660,zeroed_run,769472,3462,caught,1,decode
5661,truncation,106003,5438983,caught,1,decode
5662,header,749,1,caught,1,decode
5663,payload,5160166,1,caught,1,decode
5664,bit_flip,1766297,1,caught,1,decode
5665,random_bytes,4875208,1,caught,1,decode
5666,zeroed_run,1905010,1618,caught,1,decode
5667,truncation,4584740,960246,caught,1,decode
5668,header,21,1,caught,1,decode
5669,payload,2093043,1,caught,1,decode
5670,bit_flip,1207793,1,caught,1,decode
5671,random_bytes,4239560,12,caught,1,decode
5672,zeroed_run,2973329,220,caught,1,decode
5673,truncation,3291198,2253788,caught,1,decode
5674,header,397,1,caught,1,decode
5675,payload,520950,1,caught,1,decode
5676,bit_flip,4068376,1,caught,1,decode
5677,random_bytes,1214072,4,caught,1,decode
5678,zeroed_run,2913273,2231,caught,1,decode
5679,truncation,5494560,50426,caught,1,decode
5680,header,909,1,caught,1,decode
5681,payload,2013916,1,caught,1,decode
5682,bit_flip,4559356,1,caught,1,decode
5683,random_bytes,5004032,6,caught,1,decode
5684,zeroed_run,2209718,503,caught,1,decode
5685,truncation,2093847,3451139,caught,1,decode
5686,header,1018,1,caught,1,decode
5687,payload,3774971,1,caught,1,decode
5688,bit_flip,1314070,1,caught,1,decode
5689,random_bytes,3376716,13,caught,1,decode
5690,zeroed_run,1471830,3708,caught,1,decode
5691,truncation,4870042,674944,caught,1,decode
5692,header,59,1,caught,1,decode
5693,payload,4624102,1,caught,1,decode
5694,bit_flip,2255120,1,caught,1,decode
5695,random_bytes,3789198,6,caught,1,decode
5696,zeroed_run,5145778,1893,caught,1,decode
5697,truncation,1584300,3960686,caught,1,decode
5698,header,73,1,caught,1,decode
5699,payload,3315797,1,caught,1,decode
5700,bit_flip,1702108,1,caught,1,decode
5701,random_bytes,4794112,8,caught,1,decode
5702,zeroed_run,4241445,3314,caught,1,decode
5703,truncation,2217003,3327983,caught,1,decode
5704,header,947,1,caught,1,decode
5705,payload,4036751,1,caught,1,decode
5706,bit_flip,109288,1,caught,1,decode
5707,random_bytes,1579597,6,caught,1,decode
5708,zeroed_run,1020227,1222,caught,1,decode
5709,truncation,2270915,3274071,caught,1,decode
5710,header,971,1,caught,1,decode
5711,payload,1110241,1,caught,1,decode
5712,bit_flip,3189766,1,caught,1,decode
5713,random_bytes,2074900,11,caught,1,decode
5714,zeroed_run,855467,3407,caught,1,decode
5715,truncation,3890327,1654659,caught,1,decode
5716,header,992,1,caught,1,decode
5717,payload,4957866,1,caught,1,decode
5718,bit_flip,4867228,1,caught,1,decode
5719,random_bytes,1522385,16,caught,1,decode
5720,zeroed_run,5102122,258,caught,1,decode
5721,truncation,4295620,1249366,caught,1,decode
5722,header,40,1,caught,1,decode
5723,payload,3872888,1,caught,1,decode
5724,bit_flip,2933864,1,caught,1,decode
5725,random_bytes,3371806,10,caught,1,decode
5726,zeroed_run,1015813,4061,caught,1,decode
5727,truncation,2664334,2880652,caught,1,decode
5728,header,1006,1,caught,1,decode
5729,payload,502886,1,caught,1,decode
5730,bit_flip,5313786,1,caught,1,decode
5731,random_bytes,2792488,3,caught,1,decode
5732,zeroed_run,2935149,2782,caught,1,decode
5733,truncation,4769257,775729,caught,1,decode
5734,header,383,1,caught,1,decode
5735,payload,4568178,1,caught,1,decode
5736,bit_flip,3077750,1,caught,1,decode
5737,random_bytes,4892166,10,caught,1,decode
5738,zeroed_run,3760214,2574,caught,1,decode
5739,truncation,3376030,2168956,caught,1,decode
5740,header,407,1,caught,1,decode
5741,payload,1849598,1,caught,1,decode
5742,bit_flip,4560132,1,caught,1,decode
5743,random_bytes,552031,9,caught,1,decode
5744,zeroed_run,3930080,3863,caught,1,decode
5745,truncation,2048347,3496639,caught,1,decode
5746,header,858,1,caught,1,decode
5747,payload,737281,1,caught,1,decode
5748,bit_flip,4502705,1,caught,1,decode
5749,random_bytes,551404,4,caught,1,decode
5750,zeroed_run,3453523,2974,caught,1,decode
5751,truncation,454380,5090606,caught,1,decode
5752,header,672,1,caught,1,decode
5753,payload,1146324,1,caught,1,decode
5754,bit_flip,4546228,1,caught,1,decode
5755,random_bytes,5432900,8,caught,1,decode
5756,zeroed_run,913727,1484,caught,1,decode
5757,truncation,1092983,4452003,caught,1,decode
5758,header,526,1,caught,1,decode
5759,payload,4855575,1,caught,1,decode
5760,bit_flip,2127735,1,caught,1,decode
5761,random_bytes,4657043,3,caught,1,decode
5762,zeroed_run,484115,54,caught,1,decode
5763,truncation,4064551,1480435,caught,1,decode
5764,header,434,1,caught,1,decode
5765,payload,4669410,1,caught,1,decode
5766,bit_flip,3263854,1,caught,1,decode
5767,random_bytes,4645511,8,caught,1,decode
5768,zeroed_run,1224607,1264,caught,1,decode
5769,truncation,2523833,3021153,caught,1,decode
5770,header,771,1,caught,1,decode
5771,payload,5394399,1,caught,1,decode
5772,bit_flip,1395245,1,caught,1,decode
5773,random_bytes,1311552,3,caught,1,decode
5774,zeroed_run,4319476,3355,caught,1,decode
5775,truncation,1385321,4159665,caught,1,decode
5776,header,43,1,caught,1,decode
5777,payload,2204215,1,caught,1,decode
5778,bit_flip,853882,1,caught,1,decode
5779,random_bytes,4523948,16,caught,1,decode
5780,zeroed_run,1131888,2154,caught,1,decode
5781,truncation,218997,5325989,caught,1,decode
5782,header,383,1,caught,1,decode
5783,payload,365497,1,caught,1,decode
5784,bit_flip,2886263,1,caught,1,decode
5785,random_bytes,2744000,1,caught,1,decode
5786,zeroed_run,2711790,3088,caught,1,decode
5787,truncation,3849864,1695122,caught,1,decode
5788,header,439,1,caught,1,decode
5789,payload,3035935,1,caught,1,decode
5790,bit_flip,2864960,1,caught,1,decode
5791,random_bytes,5211156,8,caught,1,decode
5792,zeroed_run,415197,1589,caught,1,decode
5793,truncation,2368530,3176456,caught,1,decode
5794,header,1000,1,caught,1,decode
5795,payload,2111521,1,caught,1,decode
5796,bit_flip,4613466,1,caught,1,decode
5797,random_bytes,2891631,3,caught,1,decode
5798,zeroed_run,4481400,1654,caught,1,decode
5799,truncation,615036,4929950,caught,1,decode
5800,header,741,1,caught,1,decode
5801,payload,5080731,1,caught,1,decode
5802,bit_flip,4918025,1,caught,1,decode
5803,random_bytes,1062697,3,caught,1,decode
5804,zeroed_run,1901785,562,caught,1,decode
5805,truncation,1638141,3906845,caught,1,decode
5806,header,771,1,caught,1,decode
5807,payload,1172787,1,caught,1,decode
5808,bit_flip,5422310,1,caught,1,decode
5809,random_bytes,1302440,11,caught,1,decode
5810,zeroed_run,757786,4020,caught,1,decode
5811,truncation,1137717,4407269,caught,1,decode
5812,header,156,1,caught,1,decode
5813,payload,3505736,1,caught,1,decode
5814,bit_flip,4665835,1,caught,1,decode
5815,random_bytes,2369895,5,caught,1,decode
5816,zeroed_run,4800978,157,caught,1,decode
5817,truncation,4060384,1484602,caught,1,decode
5818,header,952,1,caught,1,decode
5819,payload,3026779,1,caught,1,decode
5820,bit_flip,2226462,1,caught,1,decode
5821,random_bytes,2111450,6,caught,1,decode
5822,zeroed_run,560395,1751,caught,1,decode
5823,truncation,4428072,1116914,caught,1,decode
5824,header,73,1,caught,1,decode
5825,payload,4012035,1,caught,1,decode
5826,bit_flip,4899338,1,caught,1,decode
5827,random_bytes,5519517,16,caught,1,decode
5828,zeroed_run,4001815,3409,caught,1,decode
5829,truncation,3317455,2227531,caught,1,decode
5830,header,584,1,caught,1,decode
5831,payload,1244612,1,caught,1,decode
5832,bit_flip,299910,1,caught,1,decode
5833,random_bytes,5210085,8,caught,1,decode
5834,zeroed_run,3264309,508,caught,1,decode
5835,truncation,145182,5399804,caught,1,decode
5836,header,508,1,caught,1,decode
5837,payload,3238544,1,caught,1,decode
5838,bit_flip,1118225,1,caught,1,decode
5839,random_bytes,3843507,16,caught,1,decode
5840,zeroed_run,2052986,3802,caught,1,decode
5841,truncation,1128437,4416549,caught,1,decode
5842,header,806,1,caught,1,decode
5843,payload,2018788,1,caught,1,decode
5844,bit_flip,4152916,1,caught,1,decode
5845,random_bytes,4328579,1,caught,1,decode
5846,zeroed_run,989638,263,caught,1,decode
5847,truncation,3596958,1948028,caught,1,decode
5848,header,699,1,caught,1,decode
5849,payload,5131839,1,caught,1,decode
5850,bit_flip,4920722,1,caught,1,decode
5851,random_bytes,3484436,6,caught,1,decode
5852,zeroed_run,2343384,1557,caught,1,decode
5853,truncation,2401630,3143356,caught,1,decode
5854,header,944,1,caught,1,decode
5855,payload,838457,1,caught,1,decode
5856,bit_flip,813725,1,caught,1,decode
5857,random_bytes,4007128,13,caught,1,decode
5858,zeroed_run,3161156,2674,caught,1,decode
5859,truncation,351294,5193692,caught,1,decode
5860,header,682,1,caught,1,decode
5861,payload,4074514,1,caught,1,decode
5862,bit_flip,4135658,1,caught,1,decode
5863,random_bytes,1729915,8,caught,1,decode
5864,zeroed_run,4126690,383,caught,1,decode
5865,truncation,5099952,445034,caught,1,decode
5866,header,250,1,caught,1,decode
5867,payload,1322198,1,caught,1,decode
5868,bit_flip,2383193,1,caught,1,decode
5869,random_bytes,3392480,4,caught,1,decode
5870,zeroed_run,180744,1279,caught,1,decode
5871,truncation,2112261,3432725,caught,1,decode
5872,header,746,1,caught,1,decode
5873,payload,530467,1,caught,1,decode
5874,bit_flip,4002142,1,caught,1,decode
5875,random_bytes,5275476,11,caught,1,decode
5876,zeroed_run,5533359,3493,caught,1,decode
5877,truncation,3582623,1962363,caught,1,decode
5878,header,283,1,caught,1,decode
5879,payload,3514879,1,caught,1,decode
5880,bit_flip,3717357,1,caught,1,decode
5881,random_bytes,1355517,15,caught,1,decode
5882,zeroed_run,3904076,2415,caught,1,decode
5883,truncation,108638,5436348,caught,1,decode
5884,header,190,1,caught,1,decode
5885,payload,1733848,1,caught,1,decode
5886,bit_flip,2031489,1,caught,1,decode
5887,random_bytes,1920239,3,caught,1,decode
5888,zeroed_run,2048493,2787,caught,1,decode
5889,truncation,2672753,2872233,caught,1,decode
5890,header,54,1,caught,1,decode
5891,payload,5299196,1,caught,1,decode
5892,bit_flip,3669857,1,caught,1,decode
5893,random_bytes,1002346,11,caught,1,decode
5894,zeroed_run,114685,1546,caught,1,decode
5895,truncation,4114137,1430849,caught,1,decode
5896,header,843,1,caught,1,decode
5897,payload,2256672,1,caught,1,decode
5898,bit_flip,3037045,1,caught,1,decode
5899,random_bytes,269412,13,caught,1,decode
5900,zeroed_run,3820991,3978,caught,1,decode
5901,truncation,5311471,233515,caught,1,decode
5902,header,633,1,caught,1,decode
5903,payload,1712567,1,caught,1,decode
5904,bit_flip,333368,1,caught,1,decode
5905,random_bytes,3862813,16,caught,1,decode
5906,zeroed_run,917668,4035,caught,1,decode
5907,truncation,2403090,3141896,caught,1,decode
5908,header,125,1,caught,1,decode
5909,payload,2341912,1,caught,1,decode
5910,bit_flip,3221762,1,caught,1,decode
5911,random_bytes,15684,11,caught,1,decode
5912,zeroed_run,3494828,3317,caught,1,decode
5913,truncation,4771527,773459,caught,1,decode
5914,header,808,1,caught,1,decode
5915,payload,2730451,1,caught,1,decode
5916,bit_flip,282179,1,caught,1,decode
5917,random_bytes,4426722,14,caught,1,decode
5918,zeroed_run,4361689,2823,caught,1,decode
5919,truncation,4314018,1230968,caught,1,decode
5920,header,138,1,caught,1,decode
5921,payload,4130975,1,caught,1,decode
5922,bit_flip,1236990,1,caught,1,decode
5923,random_bytes,4636262,6,caught,1,decode
5924,zeroed_run,2759760,3377,caught,1,decode
5925,truncation,3971604,1573382,caught,1,decode
5926,header,87,1,caught,1,decode
5927,payload,2877757,1,caught,1,decode
5928,bit_flip,3155323,1,caught,1,decode
5929,random_bytes,3638014,9,caught,1,decode
5930,zeroed_run,4216007,2951,caught,1,decode
5931,truncation,1267232,4277754,caught,1,decode
5932,header,441,1,caught,1,decode
5933,payload,5284396,1,caught,1,decode
5934,bit_flip,5031207,1,caught,1,decode
5935,random_bytes,2678959,9,caught,1,decode
5936,zeroed_run,4935759,44,caught,1,decode
5937,truncation,2719250,2825736,caught,1,decode
5938,header,702,1,caught,1,decode
5939,payload,3477320,1,caught,1,decode
5940,bit_flip,3002237,1,caught,1,decode
5941,random_bytes,4211020,14,caught,1,decode
5942,zeroed_run,5404597,1561,caught,1,decode
5943,truncation,345923,5199063,caught,1,decode
5944,header,39,1,caught,1,decode
5945,payload,1305638,1,caught,1,decode
5946,bit_flip,663129,1,caught,1,decode
5947,random_bytes,4701892,16,caught,1,decode
5948,zeroed_run,1343876,1453,caught,1,decode
5949,truncation,2949066,2595920,caught,1,decode
5950,header,642,1,caught,1,decode
5951,payload,5399239,1,caught,1,decode
5952,bit_flip,3592091,1,caught,1,decode
5953,random_bytes,4965902,14,caught,1,decode
5954,zeroed_run,10049,1475,caught,1,decode
5955,truncation,1999866,3545120,caught,1,decode
5956,header,771,1,caught,1,decode
5957,payload,2500568,1,caught,1,decode
5958,bit_flip,2518960,1,caught,1,decode
5959,random_bytes,2295858,15,caught,1,decode
5960,zeroed_run,2843006,1879,caught,1,decode
5961,truncation,4819450,725536,caught,1,decode
5962,header,920,1,caught,1,decode
5963,payload,405622,1,caught,1,decode
5964,bit_flip,5085820,1,caught,1,decode
5965,random_bytes,2098329,9,caught,1,decode
5966,zeroed_run,2020889,514,caught,1,decode
5967,truncation,5138787,406199,caught,1,decode
5968,header,846,1,caught,1,decode
5969,payload,4002884,1,caught,1,decode
5970,bit_flip,399517,1,caught,1,decode
5971,random_bytes,212734,8,caught,1,decode
5972,zeroed_run,371383,1630,caught,1,decode
5973,truncation,1516859,4028127,caught,1,decode
5974,header,770,1,caught,1,decode
5975,payload,2609922,1,caught,1,decode
5976,bit_flip,5189045,1,caught,1,decode
5977,random_bytes,5128231,10,caught,1,decode
5978,zeroed_run,4299963,2047,caught,1,decode
5979,truncation,298023,5246963,caught,1,decode
5980,header,34,1,caught,1,decode
5981,payload,1051587,1,caught,1,decode
5982,bit_flip,1184214,1,caught,1,decode
5983,random_bytes,4133317,2,caught,1,decode
5984,zeroed_run,1610025,3817,caught,1,decode
5985,truncation,2802359,2742627,caught,1,decode
5986,header,490,1,caught,1,decode
5987,payload,1583533,1,caught,1,decode
5988,bit_flip,1273074,1,caught,1,decode
5989,random_bytes,2612297,2,caught,1,decode
5990,zeroed_run,4574666,2945,caught,1,decode
5991,truncation,3244603,2300383,caught,1,decode
5992,header,236,1,caught,1,decode
5993,payload,154484,1,caught,1,decode
5994,bit_flip,1803317,1,caught,1,decode
5995,random_bytes,158454,16,caught,1,decode
5996,zeroed_run,2856664,2148,caught,1,decode
5997,truncation,3742352,1802634,caught,1,decode
5998,header,794,1,caught,1,decode
5999,payload,732880,1,caught,1,decode
6000,bit_flip,330895,1,caught,1,decode
6001,random_bytes,605025,9,caught,1,decode
6002,zeroed_run,34736,3414,caught,1,decode
6003,truncation,5354152,190834,caught,1,decode
6004,header,8,1,harmless,0,decode
6005,payload,3230168,1,caught,1,decode
6006,bit_flip,2483754,1,caught,1,decode
6007,random_bytes,1348946,16,caught,1,decode
6008,zeroed_run,3431021,3193,caught,1,decode
6009,truncation,3756493,1788493,caught,1,decode
6010,header,683,1,caught,1,decode
6011,payload,2319449,1,caught,1,decode
6012,bit_flip,2069244,1,caught,1,decode
6013,random_bytes,4606323,14,caught,1,decode
6014,zeroed_run,2130241,1763,caught,1,decode
6015,truncation,5205609,339377,caught,1,decode
6016,header,545,1,caught,1,decode
6017,payload,2553731,1,caught,1,decode
6018,bit_flip,3762822,1,caught,1,decode
6019,random_bytes,3195508,9,caught,1,decode
6020,zeroed_run,852330,1856,caught,1,decode
6021,truncation,4681931,863055,caught,1,decode
6022,header,111,1,caught,1,decode
6023,payload,217014,1,caught,1,decode
6024,bit_flip,3502603,1,caught,1,decode
6025,random_bytes,767588,11,caught,1,decode
6026,zeroed_run,2842910,3530,caught,1,decode
6027,truncation,3350891,2194095,caught,1,decode
6028,header,859,1,caught,1,decode
6029,payload,4553564,1,caught,1,decode
6030,bit_flip,3425879,1,caught,1,decode
6031,random_bytes,86177,15,caught,1,decode
6032,zeroed_run,1436189,2380,caught,1,decode
6033,truncation,4856819,688167,caught,1,decode
6034,header,850,1,caught,1,decode
6035,payload,2333390,1,caught,1,decode
6036,bit_flip,3277058,1,caught,1,decode
6037,random_bytes,836777,9,caught,1,decode
6038,zeroed_run,4976008,3737,caught,1,decode
6039,truncation,423659,5121327,caught,1,decode
6040,header,569,1,caught,1,decode
6041,payload,1615713,1,caught,1,decode
6042,bit_flip,3823428,1,caught,1,decode
6043,random_bytes,2345202,4,caught,1,decode
6044,zeroed_run,3152752,2120,caught,1,decode
6045,truncation,2300257,3244729,caught,1,decode
6046,header,591,1,caught,1,decode
6047,payload,5095171,1,caught,1,decode
6048,bit_flip,3447388,1,caught,1,decode
6049,random_bytes,2186870,16,caught,1,decode
6050,zeroed_run,1875841,2786,caught,1,decode
6051,truncation,1865842,3679144,caught,1,decode
6052,header,174,1,caught,1,decode
6053,payload,3135879,1,caught,1,decode
6054,bit_flip,1963612,1,caught,1,decode
6055,random_bytes,58385,2,caught,1,decode
6056,zeroed_run,750572,1753,caught,1,decode
6057,truncation,3168103,2376883,caught,1,decode
6058,header,386,1,caught,1,decode
6059,payload,3270658,1,caught,1,decode
6060,bit_flip,4030369,1,caught,1,decode
6061,random_bytes,5337998,6,caught,1,decode
6062,zeroed_run,230039,2856,caught,1,decode
6063,truncation,588399,4956587,caught,1,decode
6064,header,508,1,caught,1,decode
6065,payload,3645732,1,caught,1,decode
6066,bit_flip,4781028,1,caught,1,decode
6067,random_bytes,1479052,11,caught,1,decode
6068,zeroed_run,765016,977,caught,1,decode
6069,truncation,2055957,3489029,caught,1,decode
6070,header,279,1,caught,1,decode
6071,payload,4439245,1,caught,1,decode
6072,bit_flip,803887,1,caught,1,decode
6073,random_bytes,3588520,12,caught,1,decode
6074,zeroed_run,4981006,1366,caught,1,decode
6075,truncation,4104864,1440122,caught,1,decode
6076,header,215,1,caught,1,decode
6077,payload,5135431,1,caught,1,decode
6078,bit_flip,2262369,1,caught,1,decode
6079,random_bytes,3935884,3,caught,1,decode
6080,zeroed_run,4523573,1320,caught,1,decode
6081,truncation,3066,5541920,caught,1,decode
6082,header,464,1,caught,1,decode
6083,payload,3817803,1,caught,1,decode
6084,bit_flip,3593628,1,caught,1,decode
6085,random_bytes,4134119,12,caught,1,decode
6086,zeroed_run,3038898,2862,caught,1,decode
6087,truncation,3802911,1742075,caught,1,decode
6088,header,939,1,caught,1,decode
6089,payload,2048320,1,caught,1,decode
6090,bit_flip,5300816,1,caught,1,decode
6091,random_bytes,2321712,8,caught,1,decode
6092,zeroed_run,1686,2760,caught,1,decode
6093,truncation,3643011,1901975,caught,1,decode
6094,header,424,1,caught,1,decode
6095,payload,398038,1,caught,1,decode
6096,bit_flip,2079528,1,caught,1,decode
6097,random_bytes,3773707,16,caught,1,decode
6098,zeroed_run,5476896,2613,caught,1,decode
6099,truncation,1255434,4289552,caught,1,decode
6100,header,665,1,caught,1,decode
6101,payload,217461,1,caught,1,decode
6102,bit_flip,586186,1,caught,1,decode
6103,random_bytes,4305856,1,caught,1,decode
6104,zeroed_run,1744151,2143,caught,1,decode
6105,truncation,678059,4866927,caught,1,decode
6106,header,972,1,caught,1,decode
6107,payload,3323887,1,caught,1,decode
6108,bit_flip,1117677,1,caught,1,decode
6109,random_bytes,685532,12,caught,1,decode
6110,zeroed_run,3893342,683,caught,1,decode
6111,truncation,3238446,2306540,caught,1,decode
6112,header,184,1,caught,1,decode
6113,payload,1818840,1,caught,1,decode
6114,bit_flip,4500596,1,caught,1,decode
6115,random_bytes,5454384,16,caught,1,decode
6116,zeroed_run,1549246,393,caught,1,decode
6117,truncation,2184683,3360303,caught,1,decode
6118,header,201,1,caught,1,decode
6119,payload,4417693,1,caught,1,decode
6120,bit_flip,4687967,1,caught,1,decode
6121,random_bytes,4116452,8,caught,1,decode
6122,zeroed_run,410084,1983,caught,1,decode
6123,truncation,1816158,3728828,caught,1,decode
6124,header,329,1,caught,1,decode
6125,payload,3246787,1,caught,1,decode
6126,bit_flip,3142156,1,caught,1,decode
6127,random_bytes,1621788,7,caught,1,decode
6128,zeroed_run,712352,2445,caught,1,decode
6129,truncation,819125,4725861,caught,1,decode
6130,header,382,1,caught,1,decode
6131,payload,615170,1,caught,1,decode
6132,bit_flip,2644364,1,caught,1,decode
6133,random_bytes,5376728,12,caught,1,decode
6134,zeroed_run,1907741,378,caught,1,decode
6135,truncation,3276061,2268925,caught,1,decode
6136,header,973,1,caught,1,decode
6137,payload,1868417,1,caught,1,decode
6138,bit_flip,2371952,1,caught,1,decode
6139,random_bytes,4526043,5,caught,1,decode
6140,zeroed_run,927984,1224,caught,1,decode
6141,truncation,3885701,1659285,caught,1,decode
6142,header,423,1,caught,1,decode
6143,payload,3541300,1,caught,1,decode
6144,bit_flip,1841466,1,caught,1,decode
6145,random_bytes,4568892,3,caught,1,decode
6146,zeroed_run,2416382,1479,caught,1,decode
6147,truncation,5459061,85925,caught,1,decode
6148,header,512,1,caught,1,decode
6149,payload,4062047,1,caught,1,decode
6150,bit_flip,4726989,1,caught,1,decode
6151,random_bytes,1264316,4,caught,1,decode
6152,zeroed_run,4918411,273,caught,1,decode
6153,truncation,3601028,1943958,caught,1,decode
6154,header,731,1,caught,1,decode
6155,payload,4323695,1,caught,1,decode
6156,bit_flip,4566704,1,caught,1,decode
6157,random_bytes,4542572,3,caught,1,decode
6158,zeroed_run,4150993,3500,caught,1,decode
6159,truncation,3498478,2046508,caught,1,decode
6160,header,95,1,caught,1,decode
6161,payload,2083528,1,caught,1,decode
6162,bit_flip,4249521,1,caught,1,decode
6163,random_bytes,758521,11,caught,1,decode
6164,zeroed_run,4618043,1309,caught,1,decode
6165,truncation,900015,4644971,caught,1,decode
6166,header,5,1,harmless,0,decode
6167,payload,5523827,1,caught,1,decode
6168,bit_flip,4024898,1,caught,1,decode
6169,random_bytes,1190722,15,caught,1,decode
6170,zeroed_run,76294,1039,caught,1,decode
6171,truncation,4813540,731446,caught,1,decode
6172,header,829,1,caught,1,decode
6173,payload,719529,1,caught,1,decode
6174,bit_flip,2102294,1,caught,1,decode
6175,random_bytes,4625942,6,caught,1,decode
6176,zeroed_run,2170434,2331,caught,1,decode
6177,truncation,1192224,4352762,caught,1,decode
6178,header,147,1,caught,1,decode
6179,payload,1944008,1,caught,1,decode
6180,bit_flip,5213679,1,caught,1,decode
6181,random_bytes,3725672,5,caught,1,decode
6182,zeroed_run,4218692,575,caught,1,decode
6183,truncation,1242784,4302202,caught,1,decode
6184,header,579,1,caught,1,decode
6185,payload,387348,1,caught,1,decode
6186,bit_flip,4509788,1,caught,1,decode
6187,random_bytes,2237944,3,caught,1,decode
6188,zeroed_run,3023468,156,caught,1,decode
6189,truncation,3191591,2353395,caught,1,decode
6190,header,993,1,caught,1,decode
6191,payload,546628,1,caught,1,decode
6192,bit_flip,1792264,1,caught,1,decode
6193,random_bytes,3931898,13,caught,1,decode
6194,zeroed_run,3729832,2320,caught,1,decode
6195,truncation,932394,4612592,caught,1,decode
6196,header,802,1,caught,1,decode
6197,payload,773375,1,caught,1,decode
6198,bit_flip,1234997,1,caught,1,decode
6199,random_bytes,2634248,7,caught,1,decode
6200,zeroed_run,4731237,3240,caught,1,decode
6201,truncation,2616723,2928263,caught,1,decode
6202,header,432,1,caught,1,decode
6203,payload,1225287,1,caught,1,decode
6204,bit_flip,2213105,1,caught,1,decode
6205,random_bytes,3538894,11,caught,1,decode
6206,zeroed_run,2988598,507,caught,1,decode
6207,truncation,4155033,1389953,caught,1,decode
6208,header,258,1,caught,1,decode
6209,payload,2864419,1,caught,1,decode
6210,bit_flip,4656105,1,caught,1,decode
6211,random_bytes,4407128,14,caught,1,decode
6212,zeroed_run,2955297,429,caught,1,decode
6213,truncation,622088,4922898,caught,1,decode
6214,header,425,1,caught,1,decode
6215,payload,3835675,1,caught,1,decode
6216,bit_flip,3783240,1,caught,1,decode
6217,random_bytes,2398553,4,caught,1,decode
6218,zeroed_run,4347524,1121,caught,1,decode
6219,truncation,5145907,399079,caught,1,decode
6220,header,796,1,caught,1,decode
6221,payload,1394743,1,caught,1,decode
6222,bit_flip,4291797,1,caught,1,decode
6223,random_bytes,3780873,10,caught,1,decode
6224,zeroed_run,7738,140,caught,1,decode
6225,truncation,805864,4739122,caught,1,decode
6226,header,391,1,caught,1,decode
6227,payload,3754381,1,caught,1,decode
6228,bit_flip,4994109,1,caught,1,decode
6229,random_bytes,210765,13,caught,1,decode
6230,zeroed_run,2788577,2517,caught,1,decode
6231,truncation,2509999,3034987,caught,1,decode
6232,header,852,1,caught,1,decode
6233,payload,752582,1,caught,1,decode
6234,bit_flip,3712558,1,caught,1,decode
6235,random_bytes,3397817,3,caught,1,decode
6236,zeroed_run,1447656,1721,caught,1,decode
6237,truncation,22536,5522450,caught,1,decode
6238,header,856,1,caught,1,decode
6239,payload,3955262,1,caught,1,decode
6240,bit_flip,1022866,1,caught,1,decode
6241,random_bytes,4910007,14,caught,1,decode
6242,zeroed_run,509243,3128,caught,1,decode
6243,truncation,747810,4797176,caught,1,decode
6244,header,659,1,caught,1,decode
6245,payload,640259,1,caught,1,decode
6246,bit_flip,1803397,1,caught,1,decode
6247,random_bytes,5428850,12,caught,1,decode
6248,zeroed_run,4584352,255,caught,1,decode
6249,truncation,3702620,1842366,caught,1,decode
6250,header,593,1,caught,1,decode
6251,payload,3673597,1,caught,1,decode
6252,bit_flip,1056558,1,caught,1,decode
6253,random_bytes,3205763,5,caught,1,decode
6254,zeroed_run,798974,183,caught,1,decode
6255,truncation,4156429,1388557,caught,1,decode
6256,header,618,1,caught,1,decode
6257,payload,606935,1,caught,1,decode
6258,bit_flip,498442,1,caught,1,decode
6259,random_bytes,1028691,16,caught,1,decode
6260,zeroed_run,5083453,1619,caught,1,decode
6261,truncation,4987906,557080,caught,1,decode
6262,header,298,1,caught,1,decode
6263,payload,4042221,1,caught,1,decode
6264,bit_flip,5343563,1,caught,1,decode
6265,random_bytes,3699562,11,caught,1,decode
6266,zeroed_run,2092969,2674,caught,1,decode
6267,truncation,887477,4657509,caught,1,decode
6268,header,716,1,caught,1,decode
6269,payload,320987,1,caught,1,decode
6270,bit_flip,3460561,1,caught,1,decode
6271,random_bytes,796196,5,caught,1,decode
6272,zeroed_run,4347539,2831,caught,1,decode
6273,truncation,5047386,497600,caught,1,decode
6274,header,287,1,caught,1,decode
6275,payload,1396405,1,caught,1,decode
6276,bit_flip,4125782,1,caught,1,decode
6277,random_bytes,2023423,14,caught,1,decode
6278,zeroed_run,2303623,2133,caught,1,decode
6279,truncation,1971655,3573331,caught,1,decode
6280,header,341,1,caught,1,decode
6281,payload,1497937,1,caught,1,decode
6282,bit_flip,3724632,1,caught,1,decode
6283,random_bytes,602145,11,caught,1,decode
6284,zeroed_run,3025842,2830,caught,1,decode
6285,truncation,2112894,3432092,caught,1,decode
6286,header,769,1,caught,1,decode
6287,payload,2145103,1,caught,1,decode
6288,bit_flip,3835362,1,caught,1,decode
6289,random_bytes,2301212,1,caught,1,decode
6290,zeroed_run,4803786,2767,caught,1,decode
6291,truncation,5091769,453217,caught,1,decode
6292,header,816,1,caught,1,decode
6293,payload,1904199,1,caught,1,decode
6294,bit_flip,4030883,1,caught,1,decode
6295,random_bytes,4634272,7,caught,1,decode
6296,zeroed_run,2411553,3244,caught,1,decode
6297,truncation,3605348,1939638,caught,1,decode
6298,header,490,1,caught,1,decode
6299,payload,973265,1,caught,1,decode
6300,bit_flip,1819308,1,caught,1,decode
6301,random_bytes,3969214,16,caught,1,decode
6302,zeroed_run,3706862,3720,caught,1,decode
6303,truncation,5264442,280544,caught,1,decode
6304,header,55,1,caught,1,decode
6305,payload,3824583,1,caught,1,decode
6306,bit_flip,2776548,1,caught,1,decode
6307,random_bytes,2554149,7,caught,1,decode
6308,zeroed_run,1782884,1632,caught,1,decode
6309,truncation,4526550,1018436,caught,1,decode
6310,header,474,1,caught,1,decode
6311,payload,4241065,1,caught,1,decode
6312,bit_flip,2616640,1,caught,1,decode
6313,random_bytes,3432328,5,caught,1,decode
6314,zeroed_run,3790224,2984,caught,1,decode
6315,truncation,3076169,2468817,caught,1,decode
6316,header,790,1,caught,1,decode
6317,payload,1166307,1,caught,1,decode
6318,bit_flip,2994495,1,caught,1,decode
6319,random_bytes,3170662,14,caught,1,decode
6320,zeroed_run,3831280,3464,caught,1,decode
6321,truncation,4839193,705793,caught,1,decode
6322,header,809,1,caught,1,decode
6323,payload,2373199,1,caught,1,decode
6324,bit_flip,4419719,1,caught,1,decode
6325,random_bytes,2550240,7,caught,1,decode
6326,zeroed_run,3670331,3206,caught,1,decode
6327,truncation,2340938,3204048,caught,1,decode
6328,header,319,1,caught,1,decode
6329,payload,4390796,1,caught,1,decode
6330,bit_flip,4737340,1,caught,1,decode
6331,random_bytes,1023663,16,caught,1,decode
6332,zeroed_run,1895669,1791,caught,1,decode
6333,truncation,509604,5035382,caught,1,decode
6334,header,338,1,caught,1,decode
6335,payload,2127325,1,caught,1,decode
6336,bit_flip,1681452,1,caught,1,decode
6337,random_bytes,5279160,9,caught,1,decode
6338,zeroed_run,4862978,1406,caught,1,decode
6339,truncation,5040466,504520,caught,1,decode
6340,header,685,1,caught,1,decode
6341,payload,517046,1,caught,1,decode
6342,bit_flip,916113,1,caught,1,decode
6343,random_bytes,2740551,10,caught,1,decode
6344,zeroed_run,3407431,693,caught,1,decode
6345,truncation,467335,5077651,caught,1,decode
6346,header,135,1,caught,1,decode
6347,payload,2238369,1,caught,1,decode
6348,bit_flip,3926275,1,caught,1,decode
6349,random_bytes,934553,14,caught,1,decode
6350,zeroed_run,1283726,822,caught,1,decode
6351,truncation,1796683,3748303,caught,1,decode
6352,header,220,1,caught,1,decode
6353,payload,485780,1,caught,1,decode
6354,bit_flip,4720247,1,caught,1,decode
6355,random_bytes,4086963,14,caught,1,decode
6356,zeroed_run,4547905,1349,caught,1,decode
6357,truncation,3353269,2191717,caught,1,decode
6358,header,977,1,caught,1,decode
6359,payload,2370383,1,caught,1,decode
6360,bit_flip,1979116,1,caught,1,decode
6361,random_bytes,2329351,4,caught,1,decode
6362,zeroed_run,2477741,3606,caught,1,decode
6363,truncation,1335069,4209917,caught,1,decode
6364,header,95,1,caught,1,decode
6365,payload,4115195,1,caught,1,decode
6366,bit_flip,2093988,1,caught,1,decode
6367,random_bytes,5129022,12,caught,1,decode
6368,zeroed_run,1793443,351,caught,1,decode
6369,truncation,1896757,3648229,caught,1,decode
6370,header,763,1,caught,1,decode
6371,payload,5085643,1,caught,1,decode
6372,bit_flip,4952098,1,caught,1,decode
6373,random_bytes,4719208,3,caught,1,decode
6374,zeroed_run,4371897,2264,caught,1,decode
6375,truncation,140744,5404242,caught,1,decode
6376,header,273,1,caught,1,decode
6377,payload,4758364,1,caught,1,decode
6378,bit_flip,3765370,1,caught,1,decode
6379,random_bytes,1227743,1,caught,1,decode
6380,zeroed_run,3026145,3079,caught,1,decode
6381,truncation,1980504,3564482,caught,1,decode
6382,header,690,1,caught,1,decode
6383,payload,2845755,1,caught,1,decode
6384,bit_flip,3424776,1,caught,1,decode
6385,random_bytes,5228024,10,caught,1,decode
6386,zeroed_run,1190517,1517,caught,1,decode
6387,truncation,5339797,205189,caught,1,decode
6388,header,315,1,caught,1,decode
6389,payload,4611064,1,caught,1,decode
6390,bit_flip,5069612,1,caught,1,decode
6391,random_bytes,2490989,11,caught,1,decode
6392,zeroed_run,3842405,2835,caught,1,decode
6393,truncation,802885,4742101,caught,1,decode
6394,header,450,1,caught,1,decode
6395,payload,3231699,1,caught,1,decode
6396,bit_flip,5025039,1,caught,1,decode
6397,random_bytes,5492739,6,caught,1,decode
6398,zeroed_run,4516501,3529,caught,1,decode
6399,truncation,2795613,2749373,caught,1,decode
6400,header,834,1,caught,1,decode
6401,payload,240031,1,caught,1,decode
6402,bit_flip,2474053,1,caught,1,decode
6403,random_bytes,1797384,8,caught,1,decode
6404,zeroed_run,3580009,223,caught,1,decode
6405,truncation,1127474,4417512,caught,1,decode
6406,header,167,1,caught,1,decode
6407,payload,3558210,1,caught,1,decode
6408,bit_flip,4480151,1,caught,1,decode
6409,random_bytes,3343843,12,caught,1,decode
6410,zeroed_run,1515679,2087,caught,1,decode
6411,truncation,573975,4971011,caught,1,decode
6412,header,54,1,caught,1,decode
6413,payload,1133907,1,caught,1,decode
6414,bit_flip,2108906,1,caught,1,decode
6415,random_bytes,5227296,9,caught,1,decode
6416,zeroed_run,3300019,1587,caught,1,decode
6417,truncation,238694,5306292,caught,1,decode
6418,header,664,1,caught,1,decode
6419,payload,3936261,1,caught,1,decode
6420,bit_flip,4769299,1,caught,1,decode
6421,random_bytes,1628559,2,caught,1,decode
6422,zeroed_run,4243302,2554,caught,1,decode
6423,truncation,3821720,1723266,caught,1,decode
6424,header,467,1,caught,1,decode
6425,payload,2292466,1,caught,1,decode
6426,bit_flip,1934654,1,caught,1,decode
6427,random_bytes,1674648,9,caught,1,decode
6428,zeroed_run,352642,3732,caught,1,decode
6429,truncation,954582,4590404,caught,1,decode
6430,header,152,1,caught,1,decode
6431,payload,622778,1,caught,1,decode
6432,bit_flip,4240840,1,caught,1,decode
6433,random_bytes,1649257,11,caught,1,decode
6434,zeroed_run,3928267,1178,caught,1,decode
6435,truncation,3691728,1853258,caught,1,decode
6436,header,213,1,caught,1,decode
6437,payload,722971,1,caught,1,decode
6438,bit_flip,1334532,1,caught,1,decode
6439,random_bytes,1337623,9,caught,1,decode
6440,zeroed_run,3793312,2892,caught,1,decode
6441,truncation,4850222,694764,caught,1,decode
6442,header,806,1,caught,1,decode
6443,payload,151050,1,caught,1,decode
6444,bit_flip,3957228,1,caught,1,decode
6445,random_bytes,5313192,9,caught,1,decode
6446,zeroed_run,5320632,4017,caught,1,decode
6447,truncation,1408749,4136237,caught,1,decode
6448,header,442,1,caught,1,decode
6449,payload,5386717,1,caught,1,decode
6450,bit_flip,1222417,1,caught,1,decode
6451,random_bytes,4367766,8,caught,1,decode
6452,zeroed_run,1109345,158,caught,1,decode
6453,truncation,4515368,1029618,caught,1,decode
6454,header,313,1,caught,1,decode
6455,payload,5137841,1,caught,1,decode
6456,bit_flip,3552874,1,caught,1,decode
6457,random_bytes,2895825,4,caught,1,decode
6458,zeroed_run,4059050,2147,caught,1,decode
6459,truncation,2688854,2856132,caught,1,decode
6460,header,320,1,caught,1,decode
6461,payload,795283,1,caught,1,decode
6462,bit_flip,1022705,1,caught,1,decode
6463,random_bytes,3402855,1,caught,1,decode
6464,zeroed_run,4783762,609,caught,1,decode
6465,truncation,1653332,3891654,caught,1,decode
6466,header,27,1,caught,1,decode
6467,payload,657526,1,caught,1,decode
6468,bit_flip,526437,1,caught,1,decode
6469,random_bytes,4451654,12,caught,1,decode
6470,zeroed_run,1548256,227,caught,1,decode
6471,truncation,63776,5481210,caught,1,decode
6472,header,98,1,caught,1,decode
6473,payload,976428,1,caught,1,decode
6474,bit_flip,1984227,1,caught,1,decode
6475,random_bytes,5446355,13,caught,1,decode
6476,zeroed_run,2194066,1364,caught,1,decode
6477,truncation,4613980,931006,caught,1,decode
6478,header,863,1,caught,1,decode
6479,payload,3905901,1,caught,1,decode
6480,bit_flip,3281643,1,caught,1,decode
6481,random_bytes,3051194,4,caught,1,decode
6482,zeroed_run,312749,3633,caught,1,decode
6483,truncation,786870,4758116,caught,1,decode
6484,header,676,1,caught,1,decode
6485,payload,381208,1,caught,1,decode
6486,bit_flip,3018931,1,caught,1,decode
6487,random_bytes,635106,15,caught,1,decode
6488,zeroed_run,4464201,2626,caught,1,decode
6489,truncation,333408,5211578,caught,1,decode
6490,header,19,1,caught,1,decode
6491,payload,1748964,1,caught,1,decode
6492,bit_flip,3296032,1,caught,1,decode
6493,random_bytes,1620404,9,caught,1,decode
6494,zeroed_run,3060786,3058,caught,1,decode
6495,truncation,4368986,1176000,caught,1,decode
6496,header,427,1,caught,1,decode
6497,payload,4795052,1,caught,1,decode
6498,bit_flip,1189925,1,caught,1,decode
6499,random_bytes,2289321,5,caught,1,decode
6500,zeroed_run,4834625,1656,caught,1,decode
6501,truncation,3764052,1780934,caught,1,decode
6502,header,216,1,caught,1,decode
6503,payload,5430894,1,caught,1,decode
6504,bit_flip,881992,1,caught,1,decode
6505,random_bytes,2643634,7,caught,1,decode
6506,zeroed_run,2804328,1237,caught,1,decode
6507,truncation,873434,4671552,caught,1,decode
6508,header,405,1,caught,1,decode
6509,payload,4573774,1,caught,1,decode
6510,bit_flip,1045368,1,caught,1,decode
6511,random_bytes,2146442,16,caught,1,decode
6512,zeroed_run,3139042,2347,caught,1,decode
6513,truncation,4313419,1231567,caught,1,decode
6514,header,851,1,caught,1,decode
6515,payload,2661481,1,caught,1,decode
6516,bit_flip,3430086,1,caught,1,decode
6517,random_bytes,2822199,10,caught,1,decode
6518,zeroed_run,4847244,2463,caught,1,decode
6519,truncation,4118297,1426689,caught,1,decode
6520,header,700,1,caught,1,decode
6521,payload,4092625,1,caught,1,decode
6522,bit_flip,296425,1,caught,1,decode
6523,random_bytes,2925143,15,caught,1,decode
6524,zeroed_run,4627980,1358,caught,1,decode
6525,truncation,956718,4588268,caught,1,decode
6526,header,505,1,caught,1,decode
6527,payload,969809,1,caught,1,decode
6528,bit_flip,349739,1,caught,1,decode
6529,random_bytes,4730374,9,caught,1,decode
6530,zeroed_run,4620827,1512,caught,1,decode
6531,truncation,5042129,502857,caught,1,decode
6532,header,745,1,caught,1,decode
6533,payload,3391890,1,caught,1,decode
6534,bit_flip,1485306,1,caught,1,decode
6535,random_bytes,2785211,1,caught,1,decode
6536,zeroed_run,3632251,3065,caught,1,decode
6537,truncation,4997440,547546,caught,1,decode
6538,header,333,1,caught,1,decode
6539,payload,4504946,1,caught,1,decode
6540,bit_flip,1635991,1,caught,1,decode
6541,random_bytes,3331405,12,caught,1,decode
6542,zeroed_run,2005743,3895,caught,1,decode
6543,truncation,2012098,3532888,caught,1,decode
6544,header,470,1,caught,1,decode
6545,payload,1918269,1,caught,1,decode
6546,bit_flip,3588416,1,caught,1,decode
6547,random_bytes,5121344,10,caught,1,decode
6548,zeroed_run,2057483,938,caught,1,decode
6549,truncation,835516,4709470,caught,1,decode
6550,header,513,1,caught,1,decode
6551,payload,4353445,1,caught,1,decode
6552,bit_flip,2202343,1,caught,1,decode
6553,random_bytes,1666528,13,caught,1,decode
6554,zeroed_run,684854,3436,caught,1,decode
6555,truncation,3917974,1627012,caught,1,decode
6556,header,490,1,caught,1,decode
6557,payload,3748270,1,caught,1,decode
6558,bit_flip,191140,1,caught,1,decode
6559,random_bytes,548728,2,caught,1,decode
6560,zeroed_run,330318,857,caught,1,decode
6561,truncation,4834733,710253,caught,1,decode
6562,header,1002,1,caught,1,decode
6563,payload,3268964,1,caught,1,decode
6564,bit_flip,2986677,1,caught,1,decode
6565,random_bytes,5205439,12,caught,1,decode
6566,zeroed_run,4050235,2678,caught,1,decode
6567,truncation,4017318,1527668,caught,1,decode
6568,header,832,1,caught,1,decode
6569,payload,3725223,1,caught,1,decode
6570,bit_flip,1920687,1,caught,1,decode
6571,random_bytes,820383,8,caught,1,decode
6572,zeroed_run,5084547,2886,caught,1,decode
6573,truncation,4970528,574458,caught,1,decode
6574,header,931,1,caught,1,decode
6575,payload,5543183,1,caught,1,decode
6576,bit_flip,1322787,1,caught,1,decode
6577,random_bytes,5044511,14,caught,1,decode
6578,zeroed_run,4905262,877,caught,1,decode
6579,truncation,1541399,4003587,caught,1,decode
6580,header,459,1,caught,1,decode
6581,payload,1522470,1,caught,1,decode
6582,bit_flip,4431174,1,caught,1,decode
6583,random_bytes,801178,3,caught,1,decode
6584,zeroed_run,1851842,1609,caught,1,decode
6585,truncation,256048,5288938,caught,1,decode
6586,header,437,1,caught,1,decode
6587,payload,685506,1,caught,1,decode
6588,bit_flip,2690731,1,caught,1,decode
6589,random_bytes,950824,8,caught,1,decode
6590,zeroed_run,2552135,1471,caught,1,decode
6591,truncation,2158911,3386075,caught,1,decode
6592,header,639,1,caught,1,decode
6593,payload,3816658,1,caught,1,decode
6594,bit_flip,4725766,1,caught,1,decode
6595,random_bytes,327500,7,caught,1,decode
6596,zeroed_run,774947,390,caught,1,decode
6597,truncation,3174432,2370554,caught,1,decode
6598,header,224,1,caught,1,decode
6599,payload,2975604,1,caught,1,decode
6600,bit_flip,3323914,1,caught,1,decode
6601,random_bytes,4196635,2,caught,1,decode
6602,zeroed_run,2152256,3556,caught,1,decode
6603,truncation,5494533,50453,caught,1,decode
6604,header,80,1,caught,1,decode
6605,payload,1134280,1,caught,1,decode
6606,bit_flip,4775755,1,caught,1,decode
6607,random_bytes,1481225,1,caught,1,decode
6608,zeroed_run,4590351,483,caught,1,decode
6609,truncation,4965537,579449,caught,1,decode
6610,header,265,1,caught,1,decode
6611,payload,4178191,1,caught,1,decode
6612,bit_flip,1455963,1,caught,1,decode
6613,random_bytes,3050911,3,caught,1,decode
6614,zeroed_run,4760455,2193,caught,1,decode
6615,truncation,2386337,3158649,caught,1,decode
6616,header,845,1,caught,1,decode
6617,payload,3526459,1,caught,1,decode
6618,bit_flip,3911482,1,caught,1,decode
6619,random_bytes,4866029,11,caught,1,decode
6620,zeroed_run,1015034,2990,caught,1,decode
6621,truncation,1849312,3695674,caught,1,decode
6622,header,344,1,caught,1,decode
6623,payload,5432956,1,caught,1,decode
6624,bit_flip,353824,1,caught,1,decode
6625,random_bytes,698281,10,caught,1,decode
6626,zeroed_run,1266539,1420,caught,1,decode
6627,truncation,4978257,566729,caught,1,decode
6628,header,340,1,caught,1,decode
6629,payload,220490,1,caught,1,decode
6630,bit_flip,2841679,1,caught,1,decode
6631,random_bytes,1195049,2,caught,1,decode
6632,zeroed_run,2068404,2016,caught,1,decode
6633,truncation,3638980,1906006,caught,1,decode
6634,header,741,1,caught,1,decode
6635,payload,3208637,1,caught,1,decode
6636,bit_flip,163464,1,caught,1,decode
6637,random_bytes,4803701,12,caught,1,decode
6638,zeroed_run,4861251,3145,caught,1,decode
6639,truncation,4737285,807701,caught,1,decode
6640,header,489,1,caught,1,decode
6641,payload,4634890,1,caught,1,decode
6642,bit_flip,816479,1,caught,1,decode
6643,random_bytes,5392832,16,caught,1,decode
6644,zeroed_run,4069875,2015,caught,1,decode
6645,truncation,1065453,4479533,caught,1,decode
6646,header,228,1,caught,1,decode
6647,payload,1931151,1,caught,1,decode
6648,bit_flip,2758984,1,caught,1,decode
6649,random_bytes,237596,12,caught,1,decode
6650,zeroed_run,4017484,1136,caught,1,decode
6651,truncation,3014393,2530593,caught,1,decode
6652,header,371,1,caught,1,decode
6653,payload,3555527,1,caught,1,decode
6654,bit_flip,4362249,1,caught,1,decode
6655,random_bytes,1882356,9,caught,1,decode
6656,zeroed_run,998641,502,caught,1,decode
6657,truncation,2820066,2724920,caught,1,decode
6658,header,505,1,caught,1,decode
6659,payload,5098608,1,caught,1,decode
6660,bit_flip,4555366,1,caught,1,decode
6661,random_bytes,1783118,8,caught,1,decode
6662,zeroed_run,2327577,2797,caught,1,decode
6663,truncation,4301067,1243919,caught,1,decode
6664,header,374,1,caught,1,decode
6665,payload,925203,1,caught,1,decode
6666,bit_flip,783649,1,caught,1,decode
6667,random_bytes,5328688,2,caught,1,decode
6668,zeroed_run,4175448,3915,caught,1,decode
6669,truncation,2715624,2829362,caught,1,decode
6670,header,646,1,caught,1,decode
6671,payload,5149051,1,caught,1,decode
6672,bit_flip,3517213,1,caught,1,decode
6673,random_bytes,5453563,12,caught,1,decode
6674,zeroed_run,4337150,2097,caught,1,decode
6675,truncation,112246,5432740,caught,1,decode
6676,header,346,1,caught,1,decode
6677,payload,3018331,1,caught,1,decode
6678,bit_flip,4861548,1,caught,1,decode
6679,random_bytes,3516176,11,caught,1,decode
6680,zeroed_run,4560720,273,caught,1,decode
6681,truncation,5451662,93324,caught,1,decode
6682,header,913,1,caught,1,decode
6683,payload,5018084,1,caught,1,decode
6684,bit_flip,3488679,1,caught,1,decode
6685,random_bytes,4593618,4,caught,1,decode
6686,zeroed_run,5378138,397,caught,1,decode
6687,truncation,5322225,222761,caught,1,decode
6688,header,173,1,caught,1,decode
6689,payload,3531055,1,caught,1,decode
6690,bit_flip,1699464,1,caught,1,decode
6691,random_bytes,550316,1,caught,1,decode
6692,zeroed_run,558668,1029,caught,1,decode
6693,truncation,451232,5093754,caught,1,decode
6694,header,305,1,caught,1,decode
6695,payload,2873383,1,caught,1,decode
6696,bit_flip,3230497,1,caught,1,decode
6697,random_bytes,2424186,6,caught,1,decode
6698,zeroed_run,1536986,2368,caught,1,decode
6699,truncation,935125,4609861,caught,1,decode
6700,header,215,1,caught,1,decode
6701,payload,2586560,1,caught,1,decode
6702,bit_flip,3189482,1,caught,1,decode
6703,random_bytes,1951179,14,caught,1,decode
6704,zeroed_run,5087666,1902,caught,1,decode
6705,truncation,1605032,3939954,caught,1,decode
6706,header,249,1,caught,1,decode
6707,payload,1841371,1,caught,1,decode
6708,bit_flip,2169864,1,caught,1,decode
6709,random_bytes,2831556,9,caught,1,decode
6710,zeroed_run,1041426,1571,caught,1,decode
6711,truncation,3229642,2315344,caught,1,decode
6712,header,388,1,caught,1,decode
6713,payload,801407,1,caught,1,decode
6714,bit_flip,676205,1,caught,1,decode
6715,random_bytes,4714208,5,caught,1,decode
6716,zeroed_run,1274284,1797,caught,1,decode
6717,truncation,2201377,3343609,caught,1,decode
6718,header,1008,1,caught,1,decode
6719,payload,1414489,1,caught,1,decode
6720,bit_flip,3601775,1,caught,1,decode
6721,random_bytes,4937210,16,caught,1,decode
6722,zeroed_run,126145,1378,caught,1,decode
6723,truncation,4136653,1408333,caught,1,decode
6724,header,510,1,caught,1,decode
6725,payload,3417285,1,caught,1,decode
6726,bit_flip,1574142,1,caught,1,decode
6727,random_bytes,4747451,4,caught,1,decode
6728,zeroed_run,162998,3180,caught,1,decode
6729,truncation,4085613,1459373,caught,1,decode
6730,header,514,1,caught,1,decode
6731,payload,5020421,1,caught,1,decode
6732,bit_flip,4229960,1,caught,1,decode
6733,random_bytes,1037281,15,caught,1,decode
6734,zeroed_run,3132915,3457,caught,1,decode
6735,truncation,2952110,2592876,caught,1,decode
6736,header,287,1,caught,1,decode
6737,payload,1934646,1,caught,1,decode
6738,bit_flip,3808614,1,caught,1,decode
6739,random_bytes,1088280,9,caught,1,decode
6740,zeroed_run,3391318,1215,caught,1,decode
6741,truncation,1163325,4381661,caught,1,decode
6742,header,921,1,caught,1,decode
6743,payload,5147808,1,caught,1,decode
6744,bit_flip,4370171,1,caught,1,decode
6745,random_bytes,4179875,16,caught,1,decode
6746,zeroed_run,4992061,245,caught,1,decode
6747,truncation,88650,5456336,caught,1,decode
6748,header,502,1,caught,1,decode
6749,payload,474191,1,caught,1,decode
6750,bit_flip,734630,1,caught,1,decode
6751,random_bytes,2444379,2,caught,1,decode
6752,zeroed_run,2555492,1410,caught,1,decode
6753,truncation,1169742,4375244,caught,1,decode
6754,header,366,1,caught,1,decode
6755,payload,1972661,1,caught,1,decode
6756,bit_flip,84966,1,caught,1,decode
6757,random_bytes,2912112,2,caught,1,decode
6758,zeroed_run,4694762,3101,caught,1,decode
6759,truncation,3085607,2459379,caught,1,decode
6760,header,580,1,caught,1,decode
6761,payload,5102661,1,caught,1,decode
6762,bit_flip,3688449,1,caught,1,decode
6763,random_bytes,2425052,11,caught,1,decode
6764,zeroed_run,3167312,3678,caught,1,decode
6765,truncation,5309747,235239,caught,1,decode
6766,header,152,1,caught,1,decode
6767,payload,5286986,1,caught,1,decode
6768,bit_flip,1430603,1,caught,1,decode
6769,random_bytes,3374349,7,caught,1,decode
6770,zeroed_run,869037,1262,caught,1,decode
6771,truncation,1282937,4262049,caught,1,decode
6772,header,465,1,caught,1,decode
6773,payload,1834593,1,caught,1,decode
6774,bit_flip,2940829,1,caught,1,decode
6775,random_bytes,1760613,15,caught,1,decode
6776,zeroed_run,4425103,3840,caught,1,decode
6777,truncation,3994576,1550410,caught,1,decode
6778,header,158,1,caught,1,decode
6779,payload,861201,1,caught,1,decode
6780,bit_flip,3152111,1,caught,1,decode
6781,random_bytes,3310127,9,caught,1,decode
6782,zeroed_run,1227159,2840,caught,1,decode
6783,truncation,1083050,4461936,caught,1,decode
6784,header,212,1,caught,1,decode
6785,payload,1716170,1,caught,1,decode
6786,bit_flip,2547320,1,caught,1,decode
6787,random_bytes,3642814,16,caught,1,decode
6788,zeroed_run,4858549,2110,caught,1,decode
6789,truncation,2548194,2996792,caught,1,decode
6790,header,118,1,caught,1,decode
6791,payload,5365829,1,caught,1,decode
6792,bit_flip,2753645,1,caught,1,decode
6793,random_bytes,3116258,4,caught,1,decode
6794,zeroed_run,3712871,2692,caught,1,decode
6795,truncation,4533439,1011547,caught,1,decode
6796,header,896,1,caught,1,decode
6797,payload,4677930,1,caught,1,decode
6798,bit_flip,4949757,1,caught,1,decode
6799,random_bytes,3262980,16,caught,1,decode
6800,zeroed_run,2812505,2020,caught,1,decode
6801,truncation,2652038,2892948,caught,1,decode
6802,header,24,1,caught,1,decode
6803,payload,5280549,1,caught,1,decode
6804,bit_flip,471865,1,caught,1,decode
6805,random_bytes,2953174,16,caught,1,decode
6806,zeroed_run,925578,1156,caught,1,decode
6807,truncation,1677590,3867396,caught,1,decode
6808,header,733,1,caught,1,decode
6809,payload,3409380,1,caught,1,decode
6810,bit_flip,4269093,1,caught,1,decode
6811,random_bytes,1735437,13,caught,1,decode
6812,zeroed_run,3607983,3620,caught,1,decode
6813,truncation,2218521,3326465,caught,1,decode
6814,header,327,1,caught,1,decode
6815,payload,3697822,1,caught,1,decode
6816,bit_flip,2711669,1,caught,1,decode
6817,random_bytes,4933012,4,caught,1,decode
6818,zeroed_run,737855,2417,caught,1,decode
6819,truncation,4146579,1398407,caught,1,decode
6820,header,936,1,caught,1,decode
6821,payload,2180267,1,caught,1,decode
6822,bit_flip,776525,1,caught,1,decode
6823,random_bytes,2822002,6,caught,1,decode
6824,zeroed_run,2024940,1724,caught,1,decode
6825,truncation,2529760,3015226,caught,1,decode
6826,header,1017,1,caught,1,decode
6827,payload,1096135,1,caught,1,decode
6828,bit_flip,1006015,1,caught,1,decode
6829,random_bytes,2983216,8,caught,1,decode
6830,zeroed_run,289645,1865,caught,1,decode
6831,truncation,5226312,318674,caught,1,decode
6832,header,926,1,caught,1,decode
6833,payload,5006539,1,caught,1,decode
6834,bit_flip,3740732,1,caught,1,decode
6835,random_bytes,5120030,7,caught,1,decode
6836,zeroed_run,2204024,1773,caught,1,decode
6837,truncation,1051,5543935,caught,1,decode
6838,header,620,1,caught,1,decode
6839,payload,1928974,1,caught,1,decode
6840,bit_flip,2241501,1,caught,1,decode
6841,random_bytes,4439078,4,caught,1,decode
6842,zeroed_run,4451479,2515,caught,1,decode
6843,truncation,507038,5037948,caught,1,decode
6844,header,245,1,caught,1,decode
6845,payload,383940,1,caught,1,decode
6846,bit_flip,1661274,1,caught,1,decode
6847,random_bytes,3091282,7,caught,1,decode
6848,zeroed_run,1336825,1113,caught,1,decode
6849,truncation,5063015,481971,caught,1,decode
6850,header,787,1,caught,1,decode
6851,payload,2763309,1,caught,1,decode
6852,bit_flip,5273960,1,caught,1,decode
6853,random_bytes,538645,10,caught,1,decode
6854,zeroed_run,3395314,2045,caught,1,decode
6855,truncation,4770034,774952,caught,1,decode
6856,header,39,1,caught,1,decode
6857,payload,458787,1,caught,1,decode
6858,bit_flip,4037563,1,caught,1,decode
6859,random_bytes,4426584,3,caught,1,decode
6860,zeroed_run,4156077,1078,caught,1,decode
6861,truncation,2785132,2759854,caught,1,decode
6862,header,20,1,caught,1,decode
6863,payload,5471375,1,caught,1,decode
6864,bit_flip,2328514,1,caught,1,decode
6865,random_bytes,5052034,16,caught,1,decode
6866,zeroed_run,3764054,2053,caught,1,decode
6867,truncation,3630731,1914255,caught,1,decode
6868,header,109,1,caught,1,decode
6869,payload,3201031,1,caught,1,decode
6870,bit_flip,2579040,1,caught,1,decode
6871,random_bytes,3394942,13,caught,1,decode
6872,zeroed_run,2035581,2189,caught,1,decode
6873,truncation,1065768,4479218,caught,1,decode
6874,header,735,1,caught,1,decode
6875,payload,3827183,1,caught,1,decode
6876,bit_flip,2688446,1,caught,1,decode
6877,random_bytes,1330183,9,caught,1,decode
6878,zeroed_run,478056,1005,caught,1,decode
6879,truncation,2041873,3503113,caught,1,decode
6880,header,1007,1,caught,1,decode
6881,payload,1983308,1,caught,1,decode
6882,bit_flip,4631279,1,caught,1,decode
6883,random_bytes,5457037,10,caught,1,decode
6884,zeroed_run,4803479,1615,caught,1,decode
6885,truncation,2860116,2684870,caught,1,decode
6886,header,571,1,caught,1,decode
6887,payload,4599317,1,caught,1,decode
6888,bit_flip,1425359,1,caught,1,decode
6889,random_bytes,5325202,8,caught,1,decode
6890,zeroed_run,4845413,2936,caught,1,decode
6891,truncation,2949539,2595447,caught,1,decode
6892,header,130,1,caught,1,decode
6893,payload,3669949,1,caught,1,decode
6894,bit_flip,3263391,1,caught,1,decode
6895,random_bytes,518513,8,caught,1,decode
6896,zeroed_run,2305792,2967,caught,1,decode
6897,truncation,3581177,1963809,caught,1,decode
6898,header,665,1,caught,1,decode
6899,payload,4779741,1,caught,1,decode
6900,bit_flip,798912,1,caught,1,decode
6901,random_bytes,4437033,16,caught,1,decode
6902,zeroed_run,2349646,258,caught,1,decode
6903,truncation,2215264,3329722,caught,1,decode
6904,header,454,1,caught,1,decode
6905,payload,1118075,1,caught,1,decode
6906,bit_flip,4766146,1,caught,1,decode
6907,random_bytes,4419739,14,caught,1,decode
6908,zeroed_run,3197493,2023,caught,1,decode
6909,truncation,4347080,1197906,caught,1,decode
6910,header,798,1,caught,1,decode
6911,payload,1781830,1,caught,1,decode
6912,bit_flip,3475516,1,caught,1,decode
6913,random_bytes,5362380,11,caught,1,decode
6914,zeroed_run,1550606,699,caught,1,decode
6915,truncation,5319838,225148,caught,1,decode
6916,header,971,1,caught,1,decode
6917,payload,2232835,1,caught,1,decode
6918,bit_flip,1484220,1,caught,1,decode
6919,random_bytes,2764062,6,caught,1,decode
6920,zeroed_run,4133342,2758,caught,1,decode
6921,truncation,4338229,1206757,caught,1,decode
6922,header,234,1,caught,1,decode
6923,payload,2506874,1,caught,1,decode
6924,bit_flip,2448071,1,caught,1,decode
6925,random_bytes,1297515,2,caught,1,decode
6926,zeroed_run,4081431,2695,caught,1,decode
6927,truncation,573987,4970999,caught,1,decode
6928,header,885,1,caught,1,decode
6929,payload,2305538,1,caught,1,decode
6930,bit_flip,1839899,1,caught,1,decode
6931,random_bytes,189014,15,caught,1,decode
6932,zeroed_run,3134273,2471,caught,1,decode
6933,truncation,3872659,1672327,caught,1,decode
6934,header,805,1,caught,1,decode
6935,payload,786917,1,caught,1,decode
6936,bit_flip,4597030,1,caught,1,decode
6937,random_bytes,84425,13,caught,1,decode
6938,zeroed_run,2141253,1009,caught,1,decode
6939,truncation,2518390,3026596,caught,1,decode
6940,header,204,1,caught,1,decode
6941,payload,3045122,1,caught,1,decode
6942,bit_flip,4526206,1,caught,1,decode
6943,random_bytes,2190725,8,caught,1,decode
6944,zeroed_run,4575505,2782,caught,1,decode
6945,truncation,1016584,4528402,caught,1,decode
6946,header,928,1,caught,1,decode
6947,payload,4760451,1,caught,1,decode
6948,bit_flip,5484452,1,caught,1,decode
6949,random_bytes,4209235,6,caught,1,decode
6950,zeroed_run,874980,496,caught,1,decode
6951,truncation,3686195,1858791,caught,1,decode
6952,header,892,1,caught,1,decode
6953,payload,1451639,1,caught,1,decode
6954,bit_flip,3345056,1,caught,1,decode
6955,random_bytes,16546,2,caught,1,decode
6956,zeroed_run,429084,2856,caught,1,decode
6957,truncation,1585122,3959864,caught,1,decode
6958,header,879,1,caught,1,decode
6959,payload,3820346,1,caught,1,decode
6960,bit_flip,3095674,1,caught,1,decode
6961,random_bytes,4073235,4,caught,1,decode
6962,zeroed_run,1451923,2825,caught,1,decode
6963,truncation,3030561,2514425,caught,1,decode
6964,header,875,1,caught,1,decode
6965,payload,2283038,1,caught,1,decode
6966,bit_flip,267622,1,caught,1,decode
6967,random_bytes,4191559,13,caught,1,decode
6968,zeroed_run,2612116,3349,caught,1,decode
6969,truncation,669990,4874996,caught,1,decode
6970,header,507,1,caught,1,decode
6971,payload,3770140,1,caught,1,decode
6972,bit_flip,357986,1,caught,1,decode
6973,random_bytes,4261714,13,caught,1,decode
6974,zeroed_run,2607608,1879,caught,1,decode
6975,truncation,718284,4826702,caught,1,decode
6976,header,86,1,caught,1,decode
6977,payload,1313251,1,caught,1,decode
6978,bit_flip,150390,1,caught,1,decode
6979,random_bytes,4133073,2,caught,1,decode
6980,zeroed_run,5540320,850,caught,1,decode
6981,truncation,2989432,2555554,caught,1,decode
6982,header,621,1,caught,1,decode
6983,payload,3726739,1,caught,1,decode
6984,bit_flip,4373895,1,caught,1,decode
6985,random_bytes,4666242,15,caught,1,decode
6986,zeroed_run,1952741,1828,caught,1,decode
6987,truncation,1021341,4523645,caught,1,decode
6988,header,908,1,caught,1,decode
6989,payload,4370683,1,caught,1,decode
6990,bit_flip,5284211,1,caught,1,decode
6991,random_bytes,3927272,2,caught,1,decode
6992,zeroed_run,3877248,228,caught,1,decode
6993,truncation,4158373,1386613,caught,1,decode
6994,header,334,1,caught,1,decode
6995,payload,5336634,1,caught,1,decode
6996,bit_flip,5452512,1,caught,1,decode
6997,random_bytes,4310685,9,caught,1,decode
6998,zeroed_run,2408765,3787,caught,1,decode
6999,truncation,1166486,4378500,caught,1,decode
7000,header,814,1,caught,1,decode
7001,payload,2290231,1,caught,1,decode
7002,bit_flip,3207081,1,caught,1,decode
7003,random_bytes,2542025,11,caught,1,decode
7004,zeroed_run,2884354,125,caught,1,decode
7005,truncation,2838338,2706648,caught,1,decode
7006,header,845,1,caught,1,decode
7007,payload,1864020,1,caught,1,decode
7008,bit_flip,5185004,1,caught,1,decode
7009,random_bytes,5347811,8,caught,1,decode
7010,zeroed_run,1850183,97,caught,1,decode
7011,truncation,798009,4746977,caught,1,decode
7012,header,720,1,caught,1,decode
7013,payload,4805856,1,caught,1,decode
7014,bit_flip,3721623,1,caught,1,decode
7015,random_bytes,5115794,12,caught,1,decode
7016,zeroed_run,3106112,963,caught,1,decode
7017,truncation,2193137,3351849,caught,1,decode
7018,header,365,1,caught,1,decode
7019,payload,4962550,1,caught,1,decode
7020,bit_flip,5316555,1,caught,1,decode
7021,random_bytes,3579767,10,caught,1,decode
7022,zeroed_run,103045,1146,caught,1,decode
7023,truncation,3430490,2114496,caught,1,decode
7024,header,992,1,caught,1,decode
7025,payload,3828258,1,caught,1,decode
7026,bit_flip,3022827,1,caught,1,decode
7027,random_bytes,4603319,16,caught,1,decode
7028,zeroed_run,511661,3366,caught,1,decode
7029,truncation,213151,5331835,caught,1,decode
7030,header,748,1,caught,1,decode
7031,payload,4171372,1,caught,1,decode
7032,bit_flip,3871680,1,caught,1,decode
7033,random_bytes,2820901,14,caught,1,decode
7034,zeroed_run,960883,1695,caught,1,decode
7035,truncation,4806165,738821,caught,1,decode
7036,header,426,1,caught,1,decode
7037,payload,2988301,1,caught,1,decode
7038,bit_flip,2593765,1,caught,1,decode
7039,random_bytes,4817223,5,caught,1,decode
7040,zeroed_run,1920133,2689,caught,1,decode
7041,truncation,4927973,617013,caught,1,decode
7042,header,692,1,caught,1,decode
7043,payload,5479271,1,caught,1,decode
7044,bit_flip,3482825,1,caught,1,decode
7045,random_bytes,1133813,16,caught,1,decode
7046,zeroed_run,2360876,3458,caught,1,decode
7047,truncation,1802935,3742051,caught,1,decode
7048,header,169,1,caught,1,decode
7049,payload,2676473,1,caught,1,decode
7050,bit_flip,2539518,1,caught,1,decode
7051,random_bytes,269558,12,caught,1,decode
7052,zeroed_run,4538698,1105,caught,1,decode
7053,truncation,167646,5377340,caught,1,decode
7054,header,275,1,caught,1,decode
7055,payload,1365132,1,caught,1,decode
7056,bit_flip,161441,1,caught,1,decode
7057,random_bytes,5181580,9,caught,1,decode
7058,zeroed_run,1406508,1028,caught,1,decode
7059,truncation,4842231,702755,caught,1,decode
7060,header,900,1,caught,1,decode
7061,payload,4783087,1,caught,1,decode
7062,bit_flip,5335350,1,caught,1,decode
7063,random_bytes,3518681,13,caught,1,decode
7064,zeroed_run,3788291,127,caught,1,decode
7065,truncation,292501,5252485,caught,1,decode
7066,header,162,1,caught,1,decode
7067,payload,4166157,1,caught,1,decode
7068,bit_flip,4106937,1,caught,1,decode
7069,random_bytes,4627830,2,caught,1,decode
7070,zeroed_run,4437006,3999,caught,1,decode
7071,truncation,4625636,919350,caught,1,decode
7072,header,996,1,caught,1,decode
7073,payload,3430107,1,caught,1,decode
7074,bit_flip,2736765,1,caught,1,decode
7075,random_bytes,2204605,2,caught,1,decode
7076,zeroed_run,4771667,2708,caught,1,decode
7077,truncation,423922,5121064,caught,1,decode
7078,header,85,1,caught,1,decode
7079,payload,3695833,1,caught,1,decode
7080,bit_flip,4642269,1,caught,1,decode
7081,random_bytes,4310103,12,caught,1,decode
7082,zeroed_run,5228012,3562,caught,1,decode
7083,truncation,1290350,4254636,caught,1,decode
7084,header,962,1,caught,1,decode
7085,payload,594029,1,caught,1,decode
7086,bit_flip,2059089,1,caught,1,decode
7087,random_bytes,1331541,13,caught,1,decode
7088,zeroed_run,3033253,406,caught,1,decode
7089,truncation,209679,5335307,caught,1,decode
7090,header,71,1,caught,1,decode
7091,payload,2949713,1,caught,1,decode
7092,bit_flip,72535,1,caught,1,decode
7093,random_bytes,2702931,4,caught,1,decode
7094,zeroed_run,3905689,3266,caught,1,decode
7095,truncation,3309020,2235966,caught,1,decode
7096,header,722,1,caught,1,decode
7097,payload,2687738,1,caught,1,decode
7098,bit_flip,2242482,1,caught,1,decode
7099,random_bytes,4544335,15,caught,1,decode
7100,zeroed_run,4660085,2035,caught,1,decode
7101,truncation,3371819,2173167,caught,1,decode
7102,header,380,1,caught,1,decode
7103,payload,928042,1,caught,1,decode
7104,bit_flip,4769135,1,caught,1,decode
7105,random_bytes,4896485,11,caught,1,decode
7106,zeroed_run,4477591,1508,caught,1,decode
7107,truncation,3907571,1637415,caught,1,decode
7108,header,324,1,caught,1,decode
7109,payload,3958204,1,caught,1,decode
7110,bit_flip,922752,1,caught,1,decode
7111,random_bytes,1435592,2,caught,1,decode
7112,zeroed_run,5368495,3049,caught,1,decode
7113,truncation,748544,4796442,caught,1,decode
7114,header,117,1,caught,1,decode
7115,payload,1534330,1,caught,1,decode
7116,bit_flip,340008,1,caught,1,decode
7117,random_bytes,2393129,6,caught,1,decode
7118,zeroed_run,3697409,2200,caught,1,decode
7119,truncation,5071125,473861,caught,1,decode
7120,header,154,1,caught,1,decode
7121,payload,3039036,1,caught,1,decode
7122,bit_flip,3531733,1,caught,1,decode
7123,random_bytes,3161577,5,caught,1,decode
7124,zeroed_run,5412569,3119,caught,1,decode
7125,truncation,1794476,3750510,caught,1,decode
7126,header,82,1,caught,1,decode
7127,payload,2595873,1,caught,1,decode
7128,bit_flip,4251926,1,caught,1,decode
7129,random_bytes,3552139,1,caught,1,decode
7130,zeroed_run,2945531,386,caught,1,decode
7131,truncation,1538944,4006042,caught,1,decode
7132,header,1007,1,caught,1,decode
7133,payload,402574,1,caught,1,decode
7134,bit_flip,568737,1,caught,1,decode
7135,random_bytes,1670693,12,caught,1,decode
7136,zeroed_run,1982680,4043,caught,1,decode
7137,truncation,81033,5463953,caught,1,decode
7138,header,727,1,caught,1,decode
7139,payload,255659,1,caught,1,decode
7140,bit_flip,4947468,1,caught,1,decode
7141,random_bytes,3778568,2,caught,1,decode
7142,zeroed_run,1082293,1380,caught,1,decode
7143,truncation,2770211,2774775,caught,1,decode
7144,header,118,1,caught,1,decode
7145,payload,3021266,1,caught,1,decode
7146,bit_flip,244688,1,caught,1,decode
7147,random_bytes,4598720,1,caught,1,decode
7148,zeroed_run,2180434,3057,caught,1,decode
7149,truncation,4769306,775680,caught,1,decode
7150,header,776,1,caught,1,decode
7151,payload,2465039,1,caught,1,decode
7152,bit_flip,1554347,1,caught,1,decode
7153,random_bytes,3194289,1,caught,1,decode
7154,zeroed_run,2747129,1079,caught,1,decode
7155,truncation,4904395,640591,caught,1,decode
7156,header,689,1,caught,1,decode
7157,payload,818886,1,caught,1,decode
7158,bit_flip,2121322,1,caught,1,decode
7159,random_bytes,743549,2,caught,1,decode
7160,zeroed_run,5221612,140,caught,1,decode
7161,truncation,1782124,3762862,caught,1,decode
7162,header,818,1,caught,1,decode
7163,payload,2417365,1,caught,1,decode
7164,bit_flip,2293837,1,caught,1,decode
7165,random_bytes,1772928,15,caught,1,decode
7166,zeroed_run,3690531,2590,caught,1,decode
7167,truncation,3570693,1974293,caught,1,decode
7168,header,615,1,caught,1,decode
7169,payload,5166229,1,caught,1,decode
7170,bit_flip,5063989,1,caught,1,decode
7171,random_bytes,503480,2,caught,1,decode
7172,zeroed_run,1071620,3881,caught,1,decode
7173,truncation,223263,5321723,caught,1,decode
7174,header,215,1,caught,1,decode
7175,payload,2037418,1,caught,1,decode
7176,bit_flip,20486,1,caught,1,decode
7177,random_bytes,2311607,16,caught,1,decode
7178,zeroed_run,894659,222,caught,1,decode
7179,truncation,684192,4860794,caught,1,decode
7180,header,1009,1,caught,1,decode
7181,payload,3451605,1,caught,1,decode
7182,bit_flip,4542241,1,caught,1,decode
7183,random_bytes,4273994,2,caught,1,decode
7184,zeroed_run,2373296,2616,caught,1,decode
7185,truncation,1015874,4529112,caught,1,decode
7186,header,957,1,caught,1,decode
7187,payload,2177958,1,caught,1,decode
7188,bit_flip,2383424,1,caught,1,decode
7189,random_bytes,2912525,8,caught,1,decode
7190,zeroed_run,4341300,4077,caught,1,decode
7191,truncation,4112974,1432012,caught,1,decode
7192,header,383,1,caught,1,decode
7193,payload,1083035,1,caught,1,decode
7194,bit_flip,3335311,1,caught,1,decode
7195,random_bytes,5413405,3,caught,1,decode
7196,zeroed_run,4668616,2143,caught,1,decode
7197,truncation,4790510,754476,caught,1,decode
7198,header,846,1,caught,1,decode
7199,payload,2507750,1,caught,1,decode
7200,bit_flip,2064794,1,caught,1,decode
7201,random_bytes,2534840,16,caught,1,decode
7202,zeroed_run,1580800,2128,caught,1,decode
7203,truncation,5007057,537929,caught,1,decode
7204,header,823,1,caught,1,decode
7205,payload,4190210,1,caught,1,decode
7206,bit_flip,2518051,1,caught,1,decode
7207,random_bytes,4212975,7,caught,1,decode
7208,zeroed_run,1102391,998,caught,1,decode
7209,truncation,1936536,3608450,caught,1,decode
7210,header,679,1,caught,1,decode
7211,payload,2025788,1,caught,1,decode
7212,bit_flip,4713247,1,caught,1,decode
7213,random_bytes,3547210,14,caught,1,decode
7214,zeroed_run,4670882,1546,caught,1,decode
7215,truncation,3392733,2152253,caught,1,decode
7216,header,948,1,caught,1,decode
7217,payload,475677,1,caught,1,decode
7218,bit_flip,689896,1,caught,1,decode
7219,random_bytes,5207412,12,caught,1,decode
7220,zeroed_run,4075820,385,caught,1,decode
7221,truncation,4790312,754674,caught,1,decode
7222,header,311,1,caught,1,decode
7223,payload,4617093,1,caught,1,decode
7224,bit_flip,5357385,1,caught,1,decode
7225,random_bytes,337279,2,caught,1,decode
7226,zeroed_run,4360383,3475,caught,1,decode
7227,truncation,2069899,3475087,caught,1,decode
7228,header,578,1,caught,1,decode
7229,payload,4072174,1,caught,1,decode
7230,bit_flip,2263407,1,caught,1,decode
7231,random_bytes,3679093,5,caught,1,decode
7232,zeroed_run,2443908,1495,caught,1,decode
7233,truncation,3490087,2054899,caught,1,decode
7234,header,808,1,caught,1,decode
7235,payload,3280696,1,caught,1,decode
7236,bit_flip,4915955,1,caught,1,decode
7237,random_bytes,2591960,16,caught,1,decode
7238,zeroed_run,400307,3566,caught,1,decode
7239,truncation,606907,4938079,caught,1,decode
7240,header,689,1,caught,1,decode
7241,payload,5244808,1,caught,1,decode
7242,bit_flip,2958664,1,caught,1,decode
7243,random_bytes,3996686,2,caught,1,decode
7244,zeroed_run,2989638,400,caught,1,decode
7245,truncation,5007218,537768,caught,1,decode
7246,header,233,1,caught,1,decode
7247,payload,4341650,1,caught,1,decode
7248,bit_flip,4840030,1,caught,1,decode
7249,random_bytes,953733,12,caught,1,decode
7250,zeroed_run,704795,2248,caught,1,decode
7251,truncation,2681750,2863236,caught,1,decode
7252,header,1004,1,caught,1,decode
7253,payload,4879410,1,caught,1,decode
7254,bit_flip,3665833,1,caught,1,decode
7255,random_bytes,197013,13,caught,1,decode
7256,zeroed_run,4599590,752,caught,1,decode
7257,truncation,3472954,2072032,caught,1,decode
7258,header,479,1,caught,1,decode
7259,payload,3147672,1,caught,1,decode
7260,bit_flip,126702,1,caught,1,decode
7261,random_bytes,1624155,12,caught,1,decode
7262,zeroed_run,2759322,2636,caught,1,decode
7263,truncation,4484147,1060839,caught,1,decode
7264,header,705,1,caught,1,decode
7265,payload,3670944,1,caught,1,decode
7266,bit_flip,535370,1,caught,1,decode
7267,random_bytes,2421780,6,caught,1,decode
7268,zeroed_run,3603490,2011,caught,1,decode
7269,truncation,982241,4562745,caught,1,decode
7270,header,219,1,caught,1,decode
7271,payload,1761863,1,caught,1,decode
7272,bit_flip,5403453,1,caught,1,decode
7273,random_bytes,2592419,11,caught,1,decode
7274,zeroed_run,2218149,1836,caught,1,decode
7275,truncation,2543919,3001067,caught,1,decode
7276,header,454,1,caught,1,decode
7277,payload,4848847,1,caught,1,decode
7278,bit_flip,1490085,1,caught,1,decode
7279,random_bytes,4084184,5,caught,1,decode
7280,zeroed_run,2115164,740,caught,1,decode
7281,truncation,4800401,744585,caught,1,decode
7282,header,203,1,caught,1,decode
7283,payload,4987895,1,caught,1,decode
7284,bit_flip,1280595,1,caught,1,decode
7285,random_bytes,1654715,11,caught,1,decode
7286,zeroed_run,2679316,2849,caught,1,decode
7287,truncation,4802225,742761,caught,1,decode
7288,header,839,1,caught,1,decode
7289,payload,46027,1,caught,1,decode
7290,bit_flip,2334498,1,caught,1,decode
7291,random_bytes,1116571,12,caught,1,decode
7292,zeroed_run,332629,426,caught,1,decode
7293,truncation,2305933,3239053,caught,1,decode
7294,header,440,1,caught,1,decode
7295,payload,4870196,1,caught,1,decode
7296,bit_flip,366464,1,caught,1,decode
7297,random_bytes,1502039,10,caught,1,decode
7298,zeroed_run,2558699,1708,caught,1,decode
7299,truncation,2399101,3145885,caught,1,decode
7300,header,863,1,caught,1,decode
7301,payload,3102338,1,caught,1,decode
7302,bit_flip,784780,1,caught,1,decode
7303,random_bytes,1628056,1,caught,1,decode
7304,zeroed_run,4965832,819,caught,1,decode
7305,truncation,4280515,1264471,caught,1,decode
7306,header,691,1,caught,1,decode
7307,payload,5013594,1,caught,1,decode
7308,bit_flip,4490698,1,caught,1,decode
7309,random_bytes,3443873,3,caught,1,decode
7310,zeroed_run,3706940,2611,caught,1,decode
7311,truncation,1526282,4018704,caught,1,decode
7312,header,84,1,caught,1,decode
7313,payload,4551746,1,caught,1,decode
7314,bit_flip,3628038,1,caught,1,decode
7315,random_bytes,3660461,15,caught,1,decode
7316,zeroed_run,872700,2970,caught,1,decode
7317,truncation,4160237,1384749,caught,1,decode
7318,header,312,1,caught,1,decode
7319,payload,378993,1,caught,1,decode
7320,bit_flip,5032312,1,caught,1,decode
7321,random_bytes,1972298,14,caught,1,decode
7322,zeroed_run,1129476,2742,caught,1,decode
7323,truncation,17280,5527706,caught,1,decode
7324,header,514,1,caught,1,decode
7325,payload,5165832,1,caught,1,decode
7326,bit_flip,3848180,1,caught,1,decode
7327,random_bytes,1679439,13,caught,1,decode
7328,zeroed_run,2644505,2037,caught,1,decode
7329,truncation,2956218,2588768,caught,1,decode
7330,header,127,1,caught,1,decode
7331,payload,2566955,1,caught,1,decode
7332,bit_flip,2339110,1,caught,1,decode
7333,random_bytes,3680171,6,caught,1,decode
7334,zeroed_run,1297918,1326,caught,1,decode
7335,truncation,3554314,1990672,caught,1,decode
7336,header,812,1,caught,1,decode
7337,payload,3750456,1,caught,1,decode
7338,bit_flip,1224342,1,caught,1,decode
7339,random_bytes,1944852,9,caught,1,decode
7340,zeroed_run,1137008,2406,caught,1,decode
7341,truncation,457221,5087765,caught,1,decode
7342,header,817,1,caught,1,decode
7343,payload,520469,1,caught,1,decode
7344,bit_flip,2029662,1,caught,1,decode
7345,random_bytes,2072523,8,caught,1,decode
7346,zeroed_run,822274,2448,caught,1,decode
7347,truncation,4955903,589083,caught,1,decode
7348,header,776,1,caught,1,decode
7349,payload,1382219,1,caught,1,decode
7350,bit_flip,3030652,1,caught,1,decode
7351,random_bytes,2676413,11,caught,1,decode
7352,zeroed_run,2765548,3138,caught,1,decode
7353,truncation,3829187,1715799,caught,1,decode
7354,header,570,1,caught,1,decode
7355,payload,1297409,1,caught,1,decode
7356,bit_flip,1541517,1,caught,1,decode
7357,random_bytes,4912639,1,caught,1,decode
7358,zeroed_run,576812,673,caught,1,decode
7359,truncation,1318015,4226971,caught,1,decode
7360,header,246,1,caught,1,decode
7361,payload,3789028,1,caught,1,decode
7362,bit_flip,4478070,1,caught,1,decode
7363,random_bytes,2794228,2,caught,1,decode
7364,zeroed_run,5266235,1899,caught,1,decode
7365,truncation,2825404,2719582,caught,1,decode
7366,header,689,1,caught,1,decode
7367,payload,2820217,1,caught,1,decode
7368,bit_flip,512296,1,caught,1,decode
7369,random_bytes,3723508,8,caught,1,decode
7370,zeroed_run,5007546,3813,caught,1,decode
7371,truncation,3057429,2487557,caught,1,decode
7372,header,622,1,caught,1,decode
7373,payload,2533492,1,caught,1,decode
7374,bit_flip,1482394,1,caught,1,decode
7375,random_bytes,5297252,15,caught,1,decode
7376,zeroed_run,5235239,4078,caught,1,decode
7377,truncation,4599934,945052,caught,1,decode
7378,header,596,1,caught,1,decode
7379,payload,93262,1,caught,1,decode
7380,bit_flip,3233325,1,caught,1,decode
7381,random_bytes,493972,15,caught,1,decode
7382,zeroed_run,4401757,3412,caught,1,decode
7383,truncation,5376021,168965,caught,1,decode
7384,header,558,1,caught,1,decode
7385,payload,691292,1,caught,1,decode
7386,bit_flip,3903306,1,caught,1,decode
7387,random_bytes,2696904,3,caught,1,decode
7388,zeroed_run,5183120,3683,caught,1,decode
7389,truncation,3629910,1915076,caught,1,decode
7390,header,41,1,caught,1,decode
7391,payload,4948116,1,caught,1,decode
7392,bit_flip,839775,1,caught,1,decode
7393,random_bytes,3857064,7,caught,1,decode
7394,zeroed_run,5347071,445,caught,1,decode
7395,truncation,4481678,1063308,caught,1,decode
7396,header,385,1,caught,1,decode
7397,payload,4349887,1,caught,1,decode
7398,bit_flip,5807,1,caught,1,decode
7399,random_bytes,1827015,4,caught,1,decode
7400,zeroed_run,2732515,3756,caught,1,decode
7401,truncation,1062601,4482385,caught,1,decode
7402,header,212,1,caught,1,decode
7403,payload,2876385,1,caught,1,decode
7404,bit_flip,2081677,1,caught,1,decode
7405,random_bytes,2148690,5,caught,1,decode
7406,zeroed_run,2648017,22,caught,1,decode
7407,truncation,2577963,2967023,caught,1,decode
7408,header,219,1,caught,1,decode
7409,payload,2836009,1,caught,1,decode
7410,bit_flip,2070837,1,caught,1,decode
7411,random_bytes,2859001,5,caught,1,decode
7412,zeroed_run,244448,3150,caught,1,decode
7413,truncation,2212786,3332200,caught,1,decode
7414,header,598,1,caught,1,decode
7415,payload,2462399,1,caught,1,decode
7416,bit_flip,4609233,1,caught,1,decode
7417,random_bytes,2644943,7,caught,1,decode
7418,zeroed_run,3601771,2253,caught,1,decode
7419,truncation,2079643,3465343,caught,1,decode
7420,header,14,1,harmless,0,decode
7421,payload,4456429,1,caught,1,decode
7422,bit_flip,4697093,1,caught,1,decode
7423,random_bytes,5384361,9,caught,1,decode
7424,zeroed_run,295933,2685,caught,1,decode
7425,truncation,1129225,4415761,caught,1,decode
7426,header,125,1,caught,1,decode
7427,payload,196763,1,caught,1,decode
7428,bit_flip,5276865,1,caught,1,decode
7429,random_bytes,706567,15,caught,1,decode
7430,zeroed_run,4481573,2430,caught,1,decode
7431,truncation,3606348,1938638,caught,1,decode
7432,header,833,1,caught,1,decode
7433,payload,4129811,1,caught,1,decode
7434,bit_flip,5023908,1,caught,1,decode
7435,random_bytes,2736248,1,caught,1,decode
7436,zeroed_run,4578622,1070,caught,1,decode
7437,truncation,3551755,1993231,caught,1,decode
7438,header,744,1,caught,1,decode
7439,payload,2703772,1,caught,1,decode
7440,bit_flip,3490440,1,caught,1,decode
7441,random_bytes,573255,4,caught,1,decode
7442,zeroed_run,3311644,2731,caught,1,decode
7443,truncation,3698413,1846573,caught,1,decode
7444,header,185,1,caught,1,decode
7445,payload,4961183,1,caught,1,decode
7446,bit_flip,90702,1,caught,1,decode
7447,random_bytes,1253960,1,caught,1,decode
7448,zeroed_run,3547884,1541,caught,1,decode
7449,truncation,5300068,244918,caught,1,decode
7450,header,757,1,caught,1,decode
7451,payload,3237326,1,caught,1,decode
7452,bit_flip,1468106,1,caught,1,decode
7453,random_bytes,5058173,8,caught,1,decode
7454,zeroed_run,1514855,306,caught,1,decode
7455,truncation,4376982,1168004,caught,1,decode
7456,header,95,1,caught,1,decode
7457,payload,3129402,1,caught,1,decode
7458,bit_flip,13972,1,caught,1,decode
7459,random_bytes,1571299,1,caught,1,decode
7460,zeroed_run,3627488,2121,caught,1,decode
7461,truncation,2436643,3108343,caught,1,decode
7462,header,173,1,caught,1,decode
7463,payload,2906294,1,caught,1,decode
7464,bit_flip,3359541,1,caught,1,decode
7465,random_bytes,4871832,12,caught,1,decode
7466,zeroed_run,1484154,3910,caught,1,decode
7467,truncation,1574305,3970681,caught,1,decode
7468,header,124,1,caught,1,decode
7469,payload,104575,1,caught,1,decode
7470,bit_flip,283198,1,caught,1,decode
7471,random_bytes,579441,8,caught,1,decode
7472,zeroed_run,2033511,1587,caught,1,decode
7473,truncation,1327766,4217220,caught,1,decode
7474,header,378,1,caught,1,decode
7475,payload,1418618,1,caught,1,decode
7476,bit_flip,3860511,1,caught,1,decode
7477,random_bytes,1486152,5,caught,1,decode
7478,zeroed_run,1064558,2060,caught,1,decode
7479,truncation,3146162,2398824,caught,1,decode
7480,header,279,1,caught,1,decode
7481,payload,2834646,1,caught,1,decode
7482,bit_flip,3675845,1,caught,1,decode
7483,random_bytes,1810679,12,caught,1,decode
7484,zeroed_run,250776,1792,caught,1,decode
7485,truncation,3640011,1904975,caught,1,decode
7486,header,506,1,caught,1,decode
7487,payload,1142582,1,caught,1,decode
7488,bit_flip,3305391,1,caught,1,decode
7489,random_bytes,5114967,13,caught,1,decode
7490,zeroed_run,4048259,455,caught,1,decode
7491,truncation,1431636,4113350,caught,1,decode
7492,header,401,1,caught,1,decode
7493,payload,4359656,1,caught,1,decode
7494,bit_flip,1404487,1,caught,1,decode
7495,random_bytes,2752577,15,caught,1,decode
7496,zeroed_run,3521503,2385,caught,1,decode
7497,truncation,563822,4981164,caught,1,decode
7498,header,493,1,caught,1,decode
7499,payload,990188,1,caught,1,decode
7500,bit_flip,4247219,1,caught,1,decode
7501,random_bytes,5028156,11,caught,1,decode
7502,zeroed_run,1607793,1245,caught,1,decode
7503,truncation,3295029,2249957,caught,1,decode
7504,header,874,1,caught,1,decode
7505,payload,20395,1,caught,1,decode
7506,bit_flip,3788201,1,caught,1,decode
7507,random_bytes,1212618,3,caught,1,decode
7508,zeroed_run,1820248,3791,caught,1,decode
7509,truncation,5417468,127518,caught,1,decode
7510,header,967,1,caught,1,decode
7511,payload,4250518,1,caught,1,decode
7512,bit_flip,201841,1,caught,1,decode
7513,random_bytes,2244514,15,caught,1,decode
7514,zeroed_run,1712338,143,caught,1,decode
7515,truncation,1362510,4182476,caught,1,decode
7516,header,816,1,caught,1,decode
7517,payload,3507505,1,caught,1,decode
7518,bit_flip,35378,1,caught,1,decode
7519,random_bytes,205532,3,caught,1,decode
7520,zeroed_run,2621158,3136,caught,1,decode
7521,truncation,784803,4760183,caught,1,decode
7522,header,239,1,caught,1,decode
7523,payload,2589476,1,caught,1,decode
7524,bit_flip,3803362,1,caught,1,decode
7525,random_bytes,4613711,9,caught,1,decode
7526,zeroed_run,2947375,2791,caught,1,decode
7527,truncation,1445591,4099395,caught,1,decode
7528,header,769,1,caught,1,decode
7529,payload,1222589,1,caught,1,decode
7530,bit_flip,2602945,1,caught,1,decode
7531,random_bytes,313314,8,caught,1,decode
7532,zeroed_run,5439501,2956,caught,1,decode
7533,truncation,5308132,236854,caught,1,decode
7534,header,189,1,caught,1,decode
7535,payload,517396,1,caught,1,decode
7536,bit_flip,3382022,1,caught,1,decode
7537,random_bytes,3622234,1,caught,1,decode
7538,zeroed_run,2694158,3421,caught,1,decode
7539,truncation,1019116,4525870,caught,1,decode
7540,header,361,1,caught,1,decode
7541,payload,5343428,1,caught,1,decode
7542,bit_flip,3424549,1,caught,1,decode
7543,random_bytes,5367443,14,caught,1,decode
7544,zeroed_run,5496643,2633,caught,1,decode
7545,truncation,3295129,2249857,caught,1,decode
7546,header,541,1,caught,1,decode
7547,payload,1703139,1,caught,1,decode
7548,bit_flip,3946997,1,caught,1,decode
7549,random_bytes,1840492,4,caught,1,decode
7550,zeroed_run,1938170,295,caught,1,decode
7551,truncation,5487685,57301,caught,1,decode
7552,header,498,1,caught,1,decode
7553,payload,4840895,1,caught,1,decode
7554,bit_flip,1508619,1,caught,1,decode
7555,random_bytes,3522565,8,caught,1,decode
7556,zeroed_run,471231,2307,caught,1,decode
7557,truncation,4394276,1150710,caught,1,decode
7558,header,517,1,caught,1,decode
7559,payload,3873213,1,caught,1,decode
7560,bit_flip,4800778,1,caught,1,decode
7561,random_bytes,2827549,6,caught,1,decode
7562,zeroed_run,3115432,3805,caught,1,decode
7563,truncation,52140,5492846,caught,1,decode
7564,header,898,1,caught,1,decode
7565,payload,993698,1,caught,1,decode
7566,bit_flip,4490268,1,caught,1,decode
7567,random_bytes,3674032,10,caught,1,decode
7568,zeroed_run,3565594,3869,caught,1,decode
7569,truncation,1872474,3672512,caught,1,decode
7570,header,378,1,caught,1,decode
7571,payload,3385883,1,caught,1,decode
7572,bit_flip,2548165,1,caught,1,decode
7573,random_bytes,1150308,13,caught,1,decode
7574,zeroed_run,4806978,2855,caught,1,decode
7575,truncation,1942149,3602837,caught,1,decode
7576,header,124,1,caught,1,decode
7577,payload,2646313,1,caught,1,decode
7578,bit_flip,5544505,1,caught,1,decode
7579,random_bytes,1048106,3,caught,1,decode
7580,zeroed_run,4391988,3578,caught,1,decode
7581,truncation,390669,5154317,caught,1,decode
7582,header,48,1,caught,1,decode
7583,payload,4359775,1,caught,1,decode
7584,bit_flip,1633264,1,caught,1,decode
7585,random_bytes,2221278,16,caught,1,decode
7586,zeroed_run,3561919,262,caught,1,decode
7587,truncation,3529057,2015929,caught,1,decode
7588,header,777,1,caught,1,decode
7589,payload,16488,1,caught,1,decode
7590,bit_flip,3053313,1,caught,1,decode
7591,random_bytes,2758910,11,caught,1,decode
7592,zeroed_run,2672769,4091,caught,1,decode
7593,truncation,2747081,2797905,caught,1,decode
7594,header,559,1,caught,1,decode
7595,payload,2856533,1,caught,1,decode
7596,bit_flip,3488921,1,caught,1,decode
7597,random_bytes,3606568,12,caught,1,decode
7598,zeroed_run,3437586,3822,caught,1,decode
7599,truncation,4686747,858239,caught,1,decode
7600,header,1021,1,caught,1,decode
7601,payload,1924897,1,caught,1,decode
7602,bit_flip,450511,1,caught,1,decode
7603,random_bytes,3887190,15,caught,1,decode
7604,zeroed_run,3256392,2871,caught,1,decode
7605,truncation,2323146,3221840,caught,1,decode
7606,header,937,1,caught,1,decode
7607,payload,2719134,1,caught,1,decode
7608,bit_flip,775765,1,caught,1,decode
7609,random_bytes,3250139,1,caught,1,decode
7610,zeroed_run,1842883,2330,caught,1,decode
7611,truncation,310861,5234125,caught,1,decode
7612,header,814,1,caught,1,decode
7613,payload,1679386,1,caught,1,decode
7614,bit_flip,3849022,1,caught,1,decode
7615,random_bytes,3554328,15,caught,1,decode
7616,zeroed_run,4414410,1798,caught,1,decode
7617,truncation,58908,5486078,caught,1,decode
7618,header,865,1,caught,1,decode
7619,payload,2980180,1,caught,1,decode
7620,bit_flip,4067686,1,caught,1,decode
7621,random_bytes,2982602,7,caught,1,decode
7622,zeroed_run,3590925,3554,caught,1,decode
7623,truncation,42021,5502965,caught,1,decode
7624,header,248,1,caught,1,decode
7625,payload,5077324,1,caught,1,decode
7626,bit_flip,1147143,1,caught,1,decode
7627,random_bytes,3357563,9,caught,1,decode
7628,zeroed_run,5181430,2773,caught,1,decode
7629,truncation,270335,5274651,caught,1,decode
7630,header,913,1,caught,1,decode
7631,payload,2467189,1,caught,1,decode
7632,bit_flip,1804857,1,caught,1,decode
7633,random_bytes,1301,8,caught,1,decode
7634,zeroed_run,1165330,3671,caught,1,decode
7635,truncation,1444921,4100065,caught,1,decode
7636,header,688,1,caught,1,decode
7637,payload,5362693,1,caught,1,decode
7638,bit_flip,2050152,1,caught,1,decode
7639,random_bytes,3222219,4,caught,1,decode
7640,zeroed_run,2352156,658,caught,1,decode
7641,truncation,4229357,1315629,caught,1,decode
7642,header,506,1,caught,1,decode
7643,payload,3282405,1,caught,1,decode
7644,bit_flip,872955,1,caught,1,decode
7645,random_bytes,5496454,3,caught,1,decode
7646,zeroed_run,862469,3537,caught,1,decode
7647,truncation,5283617,261369,caught,1,decode
7648,header,871,1,caught,1,decode
7649,payload,3743652,1,caught,1,decode
7650,bit_flip,206091,1,caught,1,decode
7651,random_bytes,2664022,9,caught,1,decode
7652,zeroed_run,1291833,1056,caught,1,decode
7653,truncation,452073,5092913,caught,1,decode
7654,header,527,1,caught,1,decode
7655,payload,2633569,1,caught,1,decode
7656,bit_flip,4701374,1,caught,1,decode
7657,random_bytes,64042,15,caught,1,decode
7658,zeroed_run,605303,1044,caught,1,decode
7659,truncation,4096234,1448752,caught,1,decode
7660,header,674,1,caught,1,decode
7661,payload,3147494,1,caught,1,decode
7662,bit_flip,1418894,1,caught,1,decode
7663,random_bytes,43180,8,caught,1,decode
7664,zeroed_run,1389231,683,caught,1,decode
7665,truncation,2825157,2719829,caught,1,decode
7666,header,242,1,caught,1,decode
7667,payload,90921,1,caught,1,decode
7668,bit_flip,3850137,1,caught,1,decode
7669,random_bytes,2581482,6,caught,1,decode
7670,zeroed_run,1112159,1195,caught,1,decode
7671,truncation,2787175,2757811,caught,1,decode
7672,header,737,1,caught,1,decode
7673,payload,1084860,1,caught,1,decode
7674,bit_flip,3933644,1,caught,1,decode
7675,random_bytes,1853649,3,caught,1,decode
7676,zeroed_run,673156,1146,caught,1,decode
7677,truncation,3604179,1940807,caught,1,decode
7678,header,973,1,caught,1,decode
7679,payload,4817489,1,caught,1,decode
7680,bit_flip,88214,1,caught,1,decode
7681,random_bytes,2481495,13,caught,1,decode
7682,zeroed_run,778493,3797,caught,1,decode
7683,truncation,2773372,2771614,caught,1,decode
7684,header,597,1,caught,1,decode
7685,payload,3893413,1,caught,1,decode
7686,bit_flip,4539493,1,caught,1,decode
7687,random_bytes,680429,1,caught,1,decode
7688,zeroed_run,3848138,601,caught,1,decode
7689,truncation,4176450,1368536,caught,1,decode
7690,header,166,1,caught,1,decode
7691,payload,1984409,1,caught,1,decode
7692,bit_flip,2354751,1,caught,1,decode
7693,random_bytes,3706542,7,caught,1,decode
7694,zeroed_run,843683,2120,caught,1,decode
7695,truncation,528461,5016525,caught,1,decode
7696,header,2,1,caught,1,decode
7697,payload,601288,1,caught,1,decode
7698,bit_flip,2906951,1,caught,1,decode
7699,random_bytes,1214258,16,caught,1,decode
7700,zeroed_run,4945210,83,caught,1,decode
7701,truncation,4292118,1252868,caught,1,decode
7702,header,985,1,caught,1,decode
7703,payload,316574,1,caught,1,decode
7704,bit_flip,2521692,1,caught,1,decode
7705,random_bytes,4783024,4,caught,1,decode
7706,zeroed_run,3755998,2852,caught,1,decode
7707,truncation,4155150,1389836,caught,1,decode
7708,header,923,1,caught,1,decode
7709,payload,1726845,1,caught,1,decode
7710,bit_flip,221270,1,caught,1,decode
7711,random_bytes,4069935,14,caught,1,decode
7712,zeroed_run,2640941,1818,caught,1,decode
7713,truncation,5019691,525295,caught,1,decode
7714,header,393,1,caught,1,decode
7715,payload,989316,1,caught,1,decode
7716,bit_flip,2652598,1,caught,1,decode
7717,random_bytes,3113834,10,caught,1,decode
7718,zeroed_run,5487973,109,caught,1,decode
7719,truncation,1779803,3765183,caught,1,decode
7720,header,716,1,caught,1,decode
7721,payload,2811618,1,caught,1,decode
7722,bit_flip,826267,1,caught,1,decode
7723,random_bytes,1745406,9,caught,1,decode
7724,zeroed_run,454882,1167,caught,1,decode
7725,truncation,3260741,2284245,caught,1,decode
7726,header,258,1,caught,1,decode
7727,payload,106249,1,caught,1,decode
7728,bit_flip,4667743,1,caught,1,decode
7729,random_bytes,608522,13,caught,1,decode
7730,zeroed_run,1523616,163,caught,1,decode
7731,truncation,1277686,4267300,caught,1,decode
7732,header,508,1,caught,1,decode
7733,payload,1110825,1,caught,1,decode
7734,bit_flip,3780909,1,caught,1,decode
7735,random_bytes,126269,1,caught,1,decode
7736,zeroed_run,584104,1895,caught,1,decode
7737,truncation,3348169,2196817,caught,1,decode
7738,header,762,1,caught,1,decode
7739,payload,516008,1,caught,1,decode
7740,bit_flip,1089963,1,caught,1,decode
7741,random_bytes,4462204,5,caught,1,decode
7742,zeroed_run,3114143,3380,caught,1,decode
7743,truncation,1969994,3574992,caught,1,decode
7744,header,523,1,caught,1,decode
7745,payload,47289,1,caught,1,decode
7746,bit_flip,1142826,1,caught,1,decode
7747,random_bytes,1476555,3,caught,1,decode
7748,zeroed_run,3906741,2452,caught,1,decode
7749,truncation,952647,4592339,caught,1,decode
7750,header,194,1,caught,1,decode
7751,payload,2802988,1,caught,1,decode
7752,bit_flip,2666215,1,caught,1,decode
7753,random_bytes,4419744,8,caught,1,decode
7754,zeroed_run,1998941,1849,caught,1,decode
7755,truncation,2303350,3241636,caught,1,decode
7756,header,328,1,caught,1,decode
7757,payload,3449022,1,caught,1,decode
7758,bit_flip,1728884,1,caught,1,decode
7759,random_bytes,3842588,5,caught,1,decode
7760,zeroed_run,1148895,413,caught,1,decode
7761,truncation,3082904,2462082,caught,1,decode
7762,header,317,1,caught,1,decode
7763,payload,1284953,1,caught,1,decode
7764,bit_flip,703863,1,caught,1,decode
7765,random_bytes,3460782,2,caught,1,decode
7766,zeroed_run,2647832,1501,caught,1,decode
7767,truncation,2990714,2554272,caught,1,decode
7768,header,581,1,caught,1,decode
7769,payload,519022,1,caught,1,decode
7770,bit_flip,879162,1,caught,1,decode
7771,random_bytes,2387093,15,caught,1,decode
7772,zeroed_run,1637296,2106,caught,1,decode
7773,truncation,1241376,4303610,caught,1,decode
7774,header,965,1,caught,1,decode
7775,payload,4789332,1,caught,1,decode
7776,bit_flip,4012158,1,caught,1,decode
7777,random_bytes,2380032,4,caught,1,decode
7778,zeroed_run,1176250,1373,caught,1,decode
7779,truncation,78099,5466887,caught,1,decode
7780,header,221,1,caught,1,decode
7781,payload,4758016,1,caught,1,decode
7782,bit_flip,2642247,1,caught,1,decode
7783,random_bytes,1563198,3,caught,1,decode
7784,zeroed_run,1776862,1321,caught,1,decode
7785,truncation,4419705,1125281,caught,1,decode
7786,header,750,1,caught,1,decode
7787,payload,4637002,1,caught,1,decode
7788,bit_flip,3852120,1,caught,1,decode
7789,random_bytes,1597859,8,caught,1,decode
7790,zeroed_run,662104,3117,caught,1,decode
7791,truncation,3531613,2013373,caught,1,decode
7792,header,74,1,caught,1,decode
7793,payload,3233896,1,caught,1,decode
7794,bit_flip,3974988,1,caught,1,decode
7795,random_bytes,248035,7,caught,1,decode
7796,zeroed_run,3622158,3403,caught,1,decode
7797,truncation,5514041,30945,caught,1,decode
7798,header,977,1,caught,1,decode
7799,payload,3090195,1,caught,1,decode
7800,bit_flip,4716456,1,caught,1,decode
7801,random_bytes,2154933,9,caught,1,decode
7802,zeroed_run,344870,2523,caught,1,decode
7803,truncation,809391,4735595,caught,1,decode
7804,header,613,1,caught,1,decode
7805,payload,2344814,1,caught,1,decode
7806,bit_flip,4632637,1,caught,1,decode
7807,random_bytes,1216088,10,caught,1,decode
7808,zeroed_run,481954,102,caught,1,decode
7809,truncation,180909,5364077,caught,1,decode
7810,header,439,1,caught,1,decode
7811,payload,1571976,1,caught,1,decode
7812,bit_flip,3196738,1,caught,1,decode
7813,random_bytes,4495087,3,caught,1,decode
7814,zeroed_run,2002194,753,caught,1,decode
7815,truncation,2997108,2547878,caught,1,decode
7816,header,135,1,caught,1,decode
7817,payload,5531414,1,caught,1,decode
7818,bit_flip,767944,1,caught,1,decode
7819,random_bytes,1922511,2,caught,1,decode
7820,zeroed_run,3300209,3854,caught,1,decode
7821,truncation,697825,4847161,caught,1,decode
7822,header,798,1,caught,1,decode
7823,payload,602837,1,caught,1,decode
7824,bit_flip,791346,1,caught,1,decode
7825,random_bytes,4952610,3,caught,1,decode
7826,zeroed_run,2451316,3089,caught,1,decode
7827,truncation,3079776,2465210,caught,1,decode
7828,header,682,1,caught,1,decode
7829,payload,2177685,1,caught,1,decode
7830,bit_flip,321560,1,caught,1,decode
7831,random_bytes,5224449,13,caught,1,decode
7832,zeroed_run,2240449,2251,caught,1,decode
7833,truncation,2899374,2645612,caught,1,decode
7834,header,547,1,caught,1,decode
7835,payload,1293710,1,caught,1,decode
7836,bit_flip,4407203,1,caught,1,decode
7837,random_bytes,957333,10,caught,1,decode
7838,zeroed_run,2111763,3641,caught,1,decode
7839,truncation,4437725,1107261,caught,1,decode
7840,header,210,1,caught,1,decode
7841,payload,2641024,1,caught,1,decode
7842,bit_flip,4109781,1,caught,1,decode
7843,random_bytes,4621540,9,caught,1,decode
7844,zeroed_run,2320434,3309,caught,1,decode
7845,truncation,1021091,4523895,caught,1,decode
7846,header,627,1,caught,1,decode
7847,payload,5359074,1,caught,1,decode
7848,bit_flip,5079348,1,caught,1,decode
7849,random_bytes,4472856,1,caught,1,decode
7850,zeroed_run,1154844,1814,caught,1,decode
7851,truncation,46500,5498486,caught,1,decode
7852,header,417,1,caught,1,decode
7853,payload,4657195,1,caught,1,decode
7854,bit_flip,5034235,1,caught,1,decode
7855,random_bytes,2978275,15,caught,1,decode
7856,zeroed_run,3056885,2498,caught,1,decode
7857,truncation,2935610,2609376,caught,1,decode
7858,header,720,1,caught,1,decode
7859,payload,46853,1,caught,1,decode
7860,bit_flip,4399419,1,caught,1,decode
7861,random_bytes,408912,5,caught,1,decode
7862,zeroed_run,3413876,3637,caught,1,decode
7863,truncation,3309548,2235438,caught,1,decode
7864,header,484,1,caught,1,decode
7865,payload,4577821,1,caught,1,decode
7866,bit_flip,3052458,1,caught,1,decode
7867,random_bytes,1140296,7,caught,1,decode
7868,zeroed_run,5449476,1775,caught,1,decode
7869,truncation,4049903,1495083,caught,1,decode
7870,header,72,1,caught,1,decode
7871,payload,161805,1,caught,1,decode
7872,bit_flip,4946655,1,caught,1,decode
7873,random_bytes,2577902,16,caught,1,decode
7874,zeroed_run,1373241,3282,caught,1,decode
7875,truncation,2390493,3154493,caught,1,decode
7876,header,959,1,caught,1,decode
7877,payload,3808378,1,caught,1,decode
7878,bit_flip,952789,1,caught,1,decode
7879,random_bytes,370847,14,caught,1,decode
7880,zeroed_run,5495220,24,caught,1,decode
7881,truncation,928821,4616165,caught,1,decode
7882,header,546,1,caught,1,decode
7883,payload,3612114,1,caught,1,decode
7884,bit_flip,340044,1,caught,1,decode
7885,random_bytes,5182398,6,caught,1,decode
7886,zeroed_run,2700279,994,caught,1,decode
7887,truncation,2951604,2593382,caught,1,decode
7888,header,644,1,caught,1,decode
7889,payload,2490584,1,caught,1,decode
7890,bit_flip,3424918,1,caught,1,decode
7891,random_bytes,5448679,5,caught,1,decode
7892,zeroed_run,2978734,2016,caught,1,decode
7893,truncation,340917,5204069,caught,1,decode
7894,header,131,1,caught,1,decode
7895,payload,3307268,1,caught,1,decode
7896,bit_flip,3067338,1,caught,1,decode
7897,random_bytes,3288421,15,caught,1,decode
7898,zeroed_run,4741941,303,caught,1,decode
7899,truncation,4239333,1305653,caught,1,decode
7900,header,87,1,caught,1,decode
7901,payload,2614428,1,caught,1,decode
7902,bit_flip,283269,1,caught,1,decode
7903,random_bytes,5203116,12,caught,1,decode
7904,zeroed_run,5224506,768,caught,1,decode
7905,truncation,1972719,3572267,caught,1,decode
7906,header,149,1,caught,1,decode
7907,payload,4239899,1,caught,1,decode
7908,bit_flip,2144192,1,caught,1,decode
7909,random_bytes,126044,8,caught,1,decode
7910,zeroed_run,3144197,745,caught,1,decode
7911,truncation,5473934,71052,caught,1,decode
7912,header,932,1,caught,1,decode
7913,payload,4900260,1,caught,1,decode
7914,bit_flip,3031265,1,caught,1,decode
7915,random_bytes,4502511,8,caught,1,decode
7916,zeroed_run,4572266,315,caught,1,decode
7917,truncation,888007,4656979,caught,1,decode
7918,header,870,1,caught,1,decode
7919,payload,2467568,1,caught,1,decode
7920,bit_flip,227298,1,caught,1,decode
7921,random_bytes,3464798,6,caught,1,decode
7922,zeroed_run,2761879,3483,caught,1,decode
7923,truncation,700259,4844727,caught,1,decode
7924,header,186,1,caught,1,decode
7925,payload,3011138,1,caught,1,decode
7926,bit_flip,2200179,1,caught,1,decode
7927,random_bytes,2528112,9,caught,1,decode
7928,zeroed_run,2484966,3012,caught,1,decode
7929,truncation,4603324,941662,caught,1,decode
7930,header,461,1,caught,1,decode
7931,payload,1243573,1,caught,1,decode
7932,bit_flip,3913804,1,caught,1,decode
7933,random_bytes,4657747,7,caught,1,decode
7934,zeroed_run,4268716,3455,caught,1,decode
7935,truncation,4020779,1524207,caught,1,decode
7936,header,297,1,caught,1,decode
7937,payload,3987011,1,caught,1,decode
7938,bit_flip,2470933,1,caught,1,decode
7939,random_bytes,3418596,16,caught,1,decode
7940,zeroed_run,834880,2989,caught,1,decode
7941,truncation,449729,5095257,caught,1,decode
7942,header,739,1,caught,1,decode
7943,payload,382080,1,caught,1,decode
7944,bit_flip,5413359,1,caught,1,decode
7945,random_bytes,266730,14,caught,1,decode
7946,zeroed_run,2110522,2039,caught,1,decode
7947,truncation,2062320,3482666,caught,1,decode
7948,header,749,1,caught,1,decode
7949,payload,1329441,1,caught,1,decode
7950,bit_flip,3215755,1,caught,1,decode
7951,random_bytes,3396575,11,caught,1,decode
7952,zeroed_run,3114062,2232,caught,1,decode
7953,truncation,71984,5473002,caught,1,decode
7954,header,350,1,caught,1,decode
7955,payload,5144498,1,caught,1,decode
7956,bit_flip,1491821,1,caught,1,decode
7957,random_bytes,284052,9,caught,1,decode
7958,zeroed_run,5240255,438,caught,1,decode
7959,truncation,4834245,710741,caught,1,decode
7960,header,406,1,caught,1,decode
7961,payload,736234,1,caught,1,decode
7962,bit_flip,3747351,1,caught,1,decode
7963,random_bytes,4389348,2,caught,1,decode
7964,zeroed_run,1383692,2781,caught,1,decode
7965,truncation,2045177,3499809,caught,1,decode
7966,header,426,1,caught,1,decode
7967,payload,1803347,1,caught,1,decode
7968,bit_flip,3933208,1,caught,1,decode
7969,random_bytes,1992305,11,caught,1,decode
7970,zeroed_run,3624844,2641,caught,1,decode
7971,truncation,2321577,3223409,caught,1,decode
7972,header,364,1,caught,1,decode
7973,payload,4829127,1,caught,1,decode
7974,bit_flip,762740,1,caught,1,decode
7975,random_bytes,2348853,16,caught,1,decode
7976,zeroed_run,4410529,3806,caught,1,decode
7977,truncation,349356,5195630,caught,1,decode
7978,header,674,1,caught,1,decode
7979,payload,177167,1,caught,1,decode
7980,bit_flip,3717135,1,caught,1,decode
7981,random_bytes,50464,5,caught,1,decode
7982,zeroed_run,3687499,101,caught,1,decode
7983,truncation,2487647,3057339,caught,1,decode
7984,header,432,1,caught,1,decode
7985,payload,4771193,1,caught,1,decode
7986,bit_flip,4902309,1,caught,1,decode
7987,random_bytes,2024504,4,caught,1,decode
7988,zeroed_run,3490680,460,caught,1,decode
7989,truncation,503170,5041816,caught,1,decode
7990,header,729,1,caught,1,decode
7991,payload,2107257,1,caught,1,decode
7992,bit_flip,2917729,1,caught,1,decode
7993,random_bytes,5046500,2,caught,1,decode
7994,zeroed_run,289757,2177,caught,1,decode
7995,truncation,2508187,3036799,caught,1,decode
7996,header,489,1,caught,1,decode
7997,payload,3900520,1,caught,1,decode
7998,bit_flip,2924169,1,caught,1,decode
7999,random_bytes,5387375,5,caught,1,decode
8000,zeroed_run,2417126,1731,caught,1,decode
8001,truncation,2915479,2629507,caught,1,decode
8002,header,409,1,caught,1,decode
8003,payload,2139147,1,caught,1,decode
8004,bit_flip,5067112,1,caught,1,decode
8005,random_bytes,1693072,11,caught,1,decode
8006,zeroed_run,2057090,711,caught,1,decode
8007,truncation,3170989,2373997,caught,1,decode
8008,header,221,1,caught,1,decode
8009,payload,3956055,1,caught,1,decode
8010,bit_flip,4448319,1,caught,1,decode
8011,random_bytes,1006853,15,caught,1,decode
8012,zeroed_run,1163621,2823,caught,1,decode
8013,truncation,638209,4906777,caught,1,decode
8014,header,487,1,caught,1,decode
8015,payload,2794402,1,caught,1,decode
8016,bit_flip,4740861,1,caught,1,decode
8017,random_bytes,2495404,7,caught,1,decode
8018,zeroed_run,4756424,3091,caught,1,decode
8019,truncation,1381653,4163333,caught,1,decode
8020,header,986,1,caught,1,decode
8021,payload,148705,1,caught,1,decode
8022,bit_flip,1594872,1,caught,1,decode
8023,random_bytes,1508928,8,caught,1,decode
8024,zeroed_run,4354028,110,caught,1,decode
8025,truncation,4384808,1160178,caught,1,decode
8026,header,983,1,caught,1,decode
8027,payload,2016921,1,caught,1,decode
8028,bit_flip,1021743,1,caught,1,decode
8029,random_bytes,2457139,16,caught,1,decode
8030,zeroed_run,1000990,3947,caught,1,decode
8031,truncation,377970,5167016,caught,1,decode
8032,header,56,1,caught,1,decode
8033,payload,2457212,1,caught,1,decode
8034,bit_flip,951445,1,caught,1,decode
8035,random_bytes,174776,11,caught,1,decode
8036,zeroed_run,3799232,2817,caught,1,decode
8037,truncation,4228640,1316346,caught,1,decode
8038,header,17,1,caught,1,decode
8039,payload,2515677,1,caught,1,decode
8040,bit_flip,4042639,1,caught,1,decode
8041,random_bytes,670368,15,caught,1,decode
8042,zeroed_run,1116539,3190,caught,1,decode
8043,truncation,3830159,1714827,caught,1,decode
8044,header,58,1,caught,1,decode
8045,payload,2980117,1,caught,1,decode
8046,bit_flip,1219526,1,caught,1,decode
8047,random_bytes,3901075,2,caught,1,decode
8048,zeroed_run,3219552,3337,caught,1,decode
8049,truncation,4120893,1424093,caught,1,decode
8050,header,630,1,caught,1,decode
8051,payload,2910667,1,caught,1,decode
8052,bit_flip,3015090,1,caught,1,decode
8053,random_bytes,3586609,9,caught,1,decode
8054,zeroed_run,3537123,1567,caught,1,decode
8055,truncation,4288483,1256503,caught,1,decode
8056,header,180,1,caught,1,decode
8057,payload,355152,1,caught,1,decode
8058,bit_flip,3801000,1,caught,1,decode
8059,random_bytes,4050186,7,caught,1,decode
8060,zeroed_run,2901039,1316,caught,1,decode
8061,truncation,4973378,571608,caught,1,decode
8062,header,579,1,caught,1,decode
8063,payload,4757773,1,caught,1,decode
8064,bit_flip,1527610,1,caught,1,decode
8065,random_bytes,2279057,15,caught,1,decode
8066,zeroed_run,948175,1262,caught,1,decode
8067,truncation,5349375,195611,caught,1,decode
8068,header,173,1,caught,1,decode
8069,payload,42434,1,caught,1,decode
8070,bit_flip,1197507,1,caught,1,decode
8071,random_bytes,4723846,2,caught,1,decode
8072,zeroed_run,2165164,750,caught,1,decode
8073,truncation,1898854,3646132,caught,1,decode
8074,header,122,1,caught,1,decode
8075,payload,77718,1,caught,1,decode
8076,bit_flip,1504527,1,caught,1,decode
8077,random_bytes,3606233,15,caught,1,decode
8078,zeroed_run,4688301,1026,caught,1,decode
8079,truncation,1874322,3670664,caught,1,decode
8080,header,324,1,caught,1,decode
8081,payload,773915,1,caught,1,decode
8082,bit_flip,1589595,1,caught,1,decode
8083,random_bytes,4643288,5,caught,1,decode
8084,zeroed_run,2958961,1385,caught,1,decode
8085,truncation,5125078,419908,caught,1,decode
8086,header,326,1,caught,1,decode
8087,payload,3974448,1,caught,1,decode
8088,bit_flip,2947211,1,caught,1,decode
8089,random_bytes,2999909,7,caught,1,decode
8090,zeroed_run,4406651,1121,caught,1,decode
8091,truncation,5145030,399956,caught,1,decode
8092,header,206,1,caught,1,decode
8093,payload,1337115,1,caught,1,decode
8094,bit_flip,3281239,1,caught,1,decode
8095,random_bytes,3010535,8,caught,1,decode
8096,zeroed_run,2853663,3021,caught,1,decode
8097,truncation,3780324,1764662,caught,1,decode
8098,header,513,1,caught,1,decode
8099,payload,1001609,1,caught,1,decode
8100,bit_flip,367134,1,caught,1,decode
8101,random_bytes,3375797,13,caught,1,decode
8102,zeroed_run,4992300,292,caught,1,decode
8103,truncation,4934705,610281,caught,1,decode
8104,header,208,1,caught,1,decode
8105,payload,5519799,1,caught,1,decode
8106,bit_flip,4858483,1,caught,1,decode
8107,random_bytes,4665897,7,caught,1,decode
8108,zeroed_run,900817,338,caught,1,decode
8109,truncation,2056803,3488183,caught,1,decode
8110,header,878,1,caught,1,decode
8111,payload,1469702,1,caught,1,decode
8112,bit_flip,1963495,1,caught,1,decode
8113,random_bytes,1567899,9,caught,1,decode
8114,zeroed_run,3817345,173,caught,1,decode
8115,truncation,5275278,269708,caught,1,decode
8116,header,613,1,caught,1,decode
8117,payload,1083587,1,caught,1,decode
8118,bit_flip,4924954,1,caught,1,decode
8119,random_bytes,1235870,7,caught,1,decode
8120,zeroed_run,5414918,3278,caught,1,decode
8121,truncation,832294,4712692,caught,1,decode
8122,header,278,1,caught,1,decode
8123,payload,5458203,1,caught,1,decode
8124,bit_flip,1088547,1,caught,1,decode
8125,random_bytes,2973637,11,caught,1,decode
8126,zeroed_run,2401772,90,caught,1,decode
8127,truncation,2839746,2705240,caught,1,decode
8128,header,1015,1,caught,1,decode
8129,payload,933914,1,caught,1,decode
8130,bit_flip,2413121,1,caught,1,decode
8131,random_bytes,4469215,10,caught,1,decode
8132,zeroed_run,5048541,2077,caught,1,decode
8133,truncation,5339031,205955,caught,1,decode
8134,header,29,1,caught,1,decode
8135,payload,4728759,1,caught,1,decode
8136,bit_flip,912997,1,caught,1,decode
8137,random_bytes,2204113,3,caught,1,decode
8138,zeroed_run,4380021,2525,caught,1,decode
8139,truncation,1074382,4470604,caught,1,decode
8140,header,343,1,caught,1,decode
8141,payload,2679707,1,caught,1,decode
8142,bit_flip,4409285,1,caught,1,decode
8143,random_bytes,3862465,1,caught,1,decode
8144,zeroed_run,4992305,3325,caught,1,decode
8145,truncation,4646465,898521,caught,1,decode
8146,header,702,1,caught,1,decode
8147,payload,5317651,1,caught,1,decode
8148,bit_flip,2462221,1,caught,1,decode
8149,random_bytes,2929466,8,caught,1,decode
8150,zeroed_run,619362,3166,caught,1,decode
8151,truncation,3638273,1906713,caught,1,decode
8152,header,844,1,caught,1,decode
8153,payload,3420830,1,caught,1,decode
8154,bit_flip,4528192,1,caught,1,decode
8155,random_bytes,3310103,7,caught,1,decode
8156,zeroed_run,4993985,1929,caught,1,decode
8157,truncation,4982162,562824,caught,1,decode
8158,header,599,1,caught,1,decode
8159,payload,5286813,1,caught,1,decode
8160,bit_flip,2962988,1,caught,1,decode
8161,random_bytes,2339884,11,caught,1,decode
8162,zeroed_run,2540555,3057,caught,1,decode
8163,truncation,1338105,4206881,caught,1,decode
8164,header,512,1,caught,1,decode
8165,payload,3378322,1,caught,1,decode
8166,bit_flip,3634205,1,caught,1,decode
8167,random_bytes,4359218,12,caught,1,decode
8168,zeroed_run,2430408,443,caught,1,decode
8169,truncation,494723,5050263,caught,1,decode
8170,header,654,1,caught,1,decode
8171,payload,1513229,1,caught,1,decode
8172,bit_flip,2806464,1,caught,1,decode
8173,random_bytes,3911272,8,caught,1,decode
8174,zeroed_run,2877645,1671,caught,1,decode
8175,truncation,204040,5340946,caught,1,decode
8176,header,85,1,caught,1,decode
8177,payload,2084963,1,caught,1,decode
8178,bit_flip,5503421,1,caught,1,decode
8179,random_bytes,2261747,2,caught,1,decode
8180,zeroed_run,2638723,2623,caught,1,decode
8181,truncation,230722,5314264,caught,1,decode
8182,header,884,1,caught,1,decode
8183,payload,2036050,1,caught,1,decode
8184,bit_flip,3454128,1,caught,1,decode
8185,random_bytes,2487624,11,caught,1,decode
8186,zeroed_run,2079493,1005,caught,1,decode
8187,truncation,3520925,2024061,caught,1,decode
8188,header,451,1,caught,1,decode
8189,payload,1445992,1,caught,1,decode
8190,bit_flip,3676587,1,caught,1,decode
8191,random_bytes,1621939,15,caught,1,decode
8192,zeroed_run,3385323,472,caught,1,decode
8193,truncation,3419054,2125932,caught,1,decode
8194,header,510,1,caught,1,decode
8195,payload,4035783,1,caught,1,decode
8196,bit_flip,937332,1,caught,1,decode
8197,random_bytes,2800349,12,caught,1,decode
8198,zeroed_run,1079176,459,caught,1,decode
8199,truncation,3957142,1587844,caught,1,decode
8200,header,111,1,caught,1,decode
8201,payload,1432012,1,caught,1,decode
8202,bit_flip,2477601,1,caught,1,decode
8203,random_bytes,4760445,8,caught,1,decode
8204,zeroed_run,5265828,820,caught,1,decode
8205,truncation,3976828,1568158,caught,1,decode
8206,header,319,1,caught,1,decode
8207,payload,86909,1,caught,1,decode
8208,bit_flip,4605007,1,caught,1,decode
8209,random_bytes,79248,14,caught,1,decode
8210,zeroed_run,4338653,3092,caught,1,decode
8211,truncation,3616421,1928565,caught,1,decode
8212,header,306,1,caught,1,decode
8213,payload,4987776,1,caught,1,decode
8214,bit_flip,3404355,1,caught,1,decode
8215,random_bytes,4195902,12,caught,1,decode
8216,zeroed_run,2861071,3779,caught,1,decode
8217,truncation,340871,5204115,caught,1,decode
8218,header,669,1,caught,1,decode
8219,payload,4952412,1,caught,1,decode
8220,bit_flip,851674,1,caught,1,decode
8221,random_bytes,218953,16,caught,1,decode
8222,zeroed_run,890284,3439,caught,1,decode
8223,truncation,1734927,3810059,caught,1,decode
8224,header,836,1,caught,1,decode
8225,payload,3474646,1,caught,1,decode
8226,bit_flip,2241082,1,caught,1,decode
8227,random_bytes,3584846,2,caught,1,decode
8228,zeroed_run,4820706,3481,caught,1,decode
8229,truncation,4781487,763499,caught,1,decode
8230,header,462,1,caught,1,decode
8231,payload,3825198,1,caught,1,decode
8232,bit_flip,4984018,1,caught,1,decode
8233,random_bytes,39000,11,caught,1,decode
8234,zeroed_run,350080,2282,caught,1,decode
8235,truncation,2878827,2666159,caught,1,decode
8236,header,0,1,caught,1,decode
8237,payload,3230723,1,caught,1,decode
8238,bit_flip,5001770,1,caught,1,decode
8239,random_bytes,3976520,6,caught,1,decode
8240,zeroed_run,3859410,2152,caught,1,decode
8241,truncation,4235508,1309478,caught,1,decode
8242,header,276,1,caught,1,decode
8243,payload,5321124,1,caught,1,decode
8244,bit_flip,1423474,1,caught,1,decode
8245,random_bytes,3716528,8,caught,1,decode
8246,zeroed_run,4946932,3730,caught,1,decode
8247,truncation,2852542,2692444,caught,1,decode
8248,header,983,1,caught,1,decode
8249,payload,2058899,1,caught,1,decode
8250,bit_flip,576282,1,caught,1,decode
8251,random_bytes,4722596,8,caught,1,decode
8252,zeroed_run,5221168,328,caught,1,decode
8253,truncation,1443063,4101923,caught,1,decode
8254,header,850,1,caught,1,decode
8255,payload,110903,1,caught,1,decode
8256,bit_flip,1514062,1,caught,1,decode
8257,random_bytes,1396587,12,caught,1,decode
8258,zeroed_run,4385271,1103,caught,1,decode
8259,truncation,5098775,446211,caught,1,decode
8260,header,75,1,caught,1,decode
8261,payload,23766,1,caught,1,decode
8262,bit_flip,2035682,1,caught,1,decode
8263,random_bytes,5506419,4,caught,1,decode
8264,zeroed_run,604356,3994,caught,1,decode
8265,truncation,5327333,217653,caught,1,decode
8266,header,862,1,caught,1,decode
8267,payload,4582022,1,caught,1,decode
8268,bit_flip,4578101,1,caught,1,decode
8269,random_bytes,3300020,15,caught,1,decode
8270,zeroed_run,2407871,3154,caught,1,decode
8271,truncation,4922341,622645,caught,1,decode
8272,header,624,1,caught,1,decode
8273,payload,1422697,1,caught,1,decode
8274,bit_flip,5105102,1,caught,1,decode
8275,random_bytes,2896613,15,caught,1,decode
8276,zeroed_run,3173948,148,caught,1,decode
8277,truncation,5461082,83904,caught,1,decode
8278,header,104,1,caught,1,decode
8279,payload,2294642,1,caught,1,decode
8280,bit_flip,118701,1,caught,1,decode
8281,random_bytes,1399746,12,caught,1,decode
8282,zeroed_run,1162309,3921,caught,1,decode
8283,truncation,4904026,640960,caught,1,decode
8284,header,568,1,caught,1,decode
8285,payload,752999,1,caught,1,decode
8286,bit_flip,196641,1,caught,1,decode
8287,random_bytes,3476549,12,caught,1,decode
8288,zeroed_run,1837781,358,caught,1,decode
8289,truncation,2843409,2701577,caught,1,decode
8290,header,401,1,caught,1,decode
8291,payload,1263392,1,caught,1,decode
8292,bit_flip,3283066,1,caught,1,decode
8293,random_bytes,1667926,15,caught,1,decode
8294,zeroed_run,4689042,1188,caught,1,decode
8295,truncation,5318539,226447,caught,1,decode
8296,header,232,1,caught,1,decode
8297,payload,1064242,1,caught,1,decode
8298,bit_flip,4175470,1,caught,1,decode
8299,random_bytes,4760726,14,caught,1,decode
8300,zeroed_run,4112033,1158,caught,1,decode
8301,truncation,2623630,2921356,caught,1,decode
8302,header,465,1,caught,1,decode
8303,payload,1191742,1,caught,1,decode
8304,bit_flip,1215562,1,caught,1,decode
8305,random_bytes,2321372,4,caught,1,decode
8306,zeroed_run,438186,4043,caught,1,decode
8307,truncation,1085485,4459501,caught,1,decode
8308,header,237,1,caught,1,decode
8309,payload,4430032,1,caught,1,decode
8310,bit_flip,1071362,1,caught,1,decode
8311,random_bytes,1286688,9,caught,1,decode
8312,zeroed_run,4239985,2718,caught,1,decode
8313,truncation,4418095,1126891,caught,1,decode
8314,header,676,1,caught,1,decode
8315,payload,5265847,1,caught,1,decode
8316,bit_flip,2482150,1,caught,1,decode
8317,random_bytes,980432,15,caught,1,decode
8318,zeroed_run,295060,815,caught,1,decode
8319,truncation,287224,5257762,caught,1,decode
8320,header,939,1,caught,1,decode
8321,payload,112971,1,caught,1,decode
8322,bit_flip,3908433,1,caught,1,decode
8323,random_bytes,1305661,12,caught,1,decode
8324,zeroed_run,4723589,1362,caught,1,decode
8325,truncation,3525266,2019720,caught,1,decode
8326,header,994,1,caught,1,decode
8327,payload,1195640,1,caught,1,decode
8328,bit_flip,1373465,1,caught,1,decode
8329,random_bytes,2242004,5,caught,1,decode
8330,zeroed_run,1091626,1685,caught,1,decode
8331,truncation,1040699,4504287,caught,1,decode
8332,header,336,1,caught,1,decode
8333,payload,2806323,1,caught,1,decode
8334,bit_flip,5543730,1,caught,1,decode
8335,random_bytes,956136,3,caught,1,decode
8336,zeroed_run,448259,3391,caught,1,decode
8337,truncation,3065976,2479010,caught,1,decode
8338,header,149,1,caught,1,decode
8339,payload,3576463,1,caught,1,decode
8340,bit_flip,5472231,1,caught,1,decode
8341,random_bytes,3639332,12,caught,1,decode
8342,zeroed_run,1311170,2252,caught,1,decode
8343,truncation,282722,5262264,caught,1,decode
8344,header,753,1,caught,1,decode
8345,payload,1015131,1,caught,1,decode
8346,bit_flip,44516,1,caught,1,decode
8347,random_bytes,4973364,9,caught,1,decode
8348,zeroed_run,3051205,2981,caught,1,decode
8349,truncation,5010061,534925,caught,1,decode
8350,header,385,1,caught,1,decode
8351,payload,4029298,1,caught,1,decode
8352,bit_flip,1578795,1,caught,1,decode
8353,random_bytes,1177550,16,caught,1,decode
8354,zeroed_run,4140497,375,caught,1,decode
8355,truncation,257971,5287015,caught,1,decode
8356,header,425,1,caught,1,decode
8357,payload,1662402,1,caught,1,decode
8358,bit_flip,5262890,1,caught,1,decode
8359,random_bytes,847093,8,caught,1,decode
8360,zeroed_run,5519381,2993,caught,1,decode
8361,truncation,3754994,1789992,caught,1,decode
8362,header,762,1,caught,1,decode
8363,payload,2688960,1,caught,1,decode
8364,bit_flip,2554674,1,caught,1,decode
8365,random_bytes,3962679,4,caught,1,decode
8366,zeroed_run,963333,835,caught,1,decode
8367,truncation,1482067,4062919,caught,1,decode
8368,header,433,1,caught,1,decode
8369,payload,818878,1,caught,1,decode
8370,bit_flip,5170633,1,caught,1,decode
8371,random_bytes,2485069,15,caught,1,decode
8372,zeroed_run,144160,2594,caught,1,decode
8373,truncation,1316185,4228801,caught,1,decode
8374,header,659,1,caught,1,decode
8375,payload,4750832,1,caught,1,decode
8376,bit_flip,1304690,1,caught,1,decode
8377,random_bytes,589384,15,caught,1,decode
8378,zeroed_run,3208232,2310,caught,1,decode
8379,truncation,2744233,2800753,caught,1,decode
8380,header,932,1,caught,1,decode
8381,payload,670970,1,caught,1,decode
8382,bit_flip,3002180,1,caught,1,decode
8383,random_bytes,500735,5,caught,1,decode
8384,zeroed_run,1284327,825,caught,1,decode
8385,truncation,801444,4743542,caught,1,decode
8386,header,476,1,caught,1,decode
8387,payload,1647787,1,caught,1,decode
8388,bit_flip,141168,1,caught,1,decode
8389,random_bytes,784802,14,caught,1,decode
8390,zeroed_run,5459828,3007,caught,1,decode
8391,truncation,3083580,2461406,caught,1,decode
8392,header,196,1,caught,1,decode
8393,payload,3103646,1,caught,1,decode
8394,bit_flip,4585764,1,caught,1,decode
8395,random_bytes,4928798,2,caught,1,decode
8396,zeroed_run,3793018,2698,caught,1,decode
8397,truncation,425216,5119770,caught,1,decode
8398,header,951,1,caught,1,decode
8399,payload,874922,1,caught,1,decode
8400,bit_flip,2687543,1,caught,1,decode
8401,random_bytes,974405,8,caught,1,decode
8402,zeroed_run,1491760,3120,caught,1,decode
8403,truncation,4268163,1276823,caught,1,decode
8404,header,1014,1,caught,1,decode
8405,payload,2980979,1,caught,1,decode
8406,bit_flip,2610629,1,caught,1,decode
8407,random_bytes,4302736,10,caught,1,decode
8408,zeroed_run,1452417,451,caught,1,decode
8409,truncation,4268017,1276969,caught,1,decode
8410,header,562,1,caught,1,decode
8411,payload,692871,1,caught,1,decode
8412,bit_flip,1126706,1,caught,1,decode
8413,random_bytes,1876083,12,caught,1,decode
8414,zeroed_run,3121834,1777,caught,1,decode
8415,truncation,38858,5506128,caught,1,decode
8416,header,814,1,caught,1,decode
8417,payload,2013307,1,caught,1,decode
8418,bit_flip,1432061,1,caught,1,decode
8419,random_bytes,1432564,4,caught,1,decode
8420,zeroed_run,4767681,415,caught,1,decode
8421,truncation,4783833,761153,caught,1,decode
8422,header,183,1,caught,1,decode
8423,payload,5146634,1,caught,1,decode
8424,bit_flip,2296406,1,caught,1,decode
8425,random_bytes,4818764,4,caught,1,decode
8426,zeroed_run,2486068,2250,caught,1,decode
8427,truncation,3410477,2134509,caught,1,decode
8428,header,888,1,caught,1,decode
8429,payload,4096244,1,caught,1,decode
8430,bit_flip,1543918,1,caught,1,decode
8431,random_bytes,1670433,16,caught,1,decode
8432,zeroed_run,295251,2451,caught,1,decode
8433,truncation,1761150,3783836,caught,1,decode
8434,header,36,1,caught,1,decode
8435,payload,5105384,1,caught,1,decode
8436,bit_flip,3488606,1,caught,1,decode
8437,random_bytes,4436919,15,caught,1,decode
8438,zeroed_run,4606878,3091,caught,1,decode
8439,truncation,5285000,259986,caught,1,decode
8440,header,219,1,caught,1,decode
8441,payload,2128851,1,caught,1,decode
8442,bit_flip,2686457,1,caught,1,decode
8443,random_bytes,5537174,6,caught,1,decode
8444,zeroed_run,2250980,2665,caught,1,decode
8445,truncation,1007514,4537472,caught,1,decode
8446,header,494,1,caught,1,decode
8447,payload,430824,1,harmless,0,decode
8448,bit_flip,2231001,1,caught,1,decode
8449,random_bytes,3609411,2,caught,1,decode
8450,zeroed_run,3424401,2439,caught,1,decode
8451,truncation,4470399,1074587,caught,1,decode
8452,header,350,1,caught,1,decode
8453,payload,4764621,1,caught,1,decode
8454,bit_flip,4778934,1,caught,1,decode
8455,random_bytes,914899,4,caught,1,decode
8456,zeroed_run,3211424,1569,caught,1,decode
8457,truncation,2213080,3331906,caught,1,decode
8458,header,813,1,caught,1,decode
8459,payload,740069,1,caught,1,decode
8460,bit_flip,4551518,1,caught,1,decode
8461,random_bytes,4945,2,caught,1,decode
8462,zeroed_run,4198221,350,caught,1,decode
8463,truncation,3651742,1893244,caught,1,decode
8464,header,322,1,caught,1,decode
8465,payload,5299345,1,caught,1,decode
8466,bit_flip,5070479,1,caught,1,decode
8467,random_bytes,4792217,8,caught,1,decode
8468,zeroed_run,1008332,1209,caught,1,decode
8469,truncation,3707638,1837348,caught,1,decode
8470,header,995,1,caught,1,decode
8471,payload,525577,1,caught,1,decode
8472,bit_flip,3277825,1,caught,1,decode
8473,random_bytes,1435897,4,caught,1,decode
8474,zeroed_run,1290102,660,caught,1,decode
8475,truncation,3895941,1649045,caught,1,decode
8476,header,823,1,caught,1,decode
8477,payload,623432,1,caught,1,decode
8478,bit_flip,2891350,1,caught,1,decode
8479,random_bytes,1508611,3,caught,1,decode
8480,zeroed_run,2473919,3933,caught,1,decode
8481,truncation,813871,4731115,caught,1,decode
8482,header,872,1,caught,1,decode
8483,payload,4912058,1,caught,1,decode
8484,bit_flip,1685832,1,caught,1,decode
8485,random_bytes,1925341,10,caught,1,decode
8486,zeroed_run,4846425,2515,caught,1,decode
8487,truncation,2605966,2939020,caught,1,decode
8488,header,428,1,caught,1,decode
8489,payload,2591332,1,caught,1,decode
8490,bit_flip,3752675,1,caught,1,decode
8491,random_bytes,3556885,2,caught,1,decode
8492,zeroed_run,3972933,2989,caught,1,decode
8493,truncation,4735406,809580,caught,1,decode
8494,header,297,1,caught,1,decode
8495,payload,563084,1,caught,1,decode
8496,bit_flip,1507847,1,caught,1,decode
8497,random_bytes,3681020,6,caught,1,decode
8498,zeroed_run,1454206,2145,caught,1,decode
8499,truncation,5249685,295301,caught,1,decode
8500,header,530,1,caught,1,decode
8501,payload,4658626,1,caught,1,decode
8502,bit_flip,3545978,1,caught,1,decode
8503,random_bytes,5102810,15,caught,1,decode
8504,zeroed_run,1449116,3731,caught,1,decode
8505,truncation,4054720,1490266,caught,1,decode
8506,header,1013,1,caught,1,decode
8507,payload,3423771,1,caught,1,decode
8508,bit_flip,903994,1,caught,1,decode
8509,random_bytes,608152,5,caught,1,decode
8510,zeroed_run,3479751,4040,caught,1,decode
8511,truncation,1416554,4128432,caught,1,decode
8512,header,362,1,caught,1,decode
8513,payload,4063654,1,caught,1,decode
8514,bit_flip,4301877,1,caught,1,decode
8515,random_bytes,1004925,10,caught,1,decode
8516,zeroed_run,3299016,3439,caught,1,decode
8517,truncation,1094822,4450164,caught,1,decode
8518,header,148,1,caught,1,decode
8519,payload,1772999,1,caught,1,decode
8520,bit_flip,3713267,1,caught,1,decode
8521,random_bytes,4623488,3,caught,1,decode
8522,zeroed_run,1846870,4033,caught,1,decode
8523,truncation,4066108,1478878,caught,1,decode
8524,header,221,1,caught,1,decode
8525,payload,770723,1,caught,1,decode
8526,bit_flip,2018557,1,caught,1,decode
8527,random_bytes,3202277,7,caught,1,decode
8528,zeroed_run,5018279,2250,caught,1,decode
8529,truncation,1026616,4518370,caught,1,decode
8530,header,465,1,caught,1,decode
8531,payload,769603,1,caught,1,decode
8532,bit_flip,3493794,1,caught,1,decode
8533,random_bytes,5090019,8,caught,1,decode
8534,zeroed_run,5309515,847,caught,1,decode
8535,truncation,3933108,1611878,caught,1,decode
8536,header,660,1,caught,1,decode
8537,payload,1152898,1,caught,1,decode
8538,bit_flip,2274400,1,caught,1,decode
8539,random_bytes,796980,14,caught,1,decode
8540,zeroed_run,4102935,1876,caught,1,decode
8541,truncation,4357106,1187880,caught,1,decode
8542,header,116,1,caught,1,decode
8543,payload,2439170,1,caught,1,decode
8544,bit_flip,1006228,1,caught,1,decode
8545,random_bytes,1516685,2,caught,1,decode
8546,zeroed_run,1466117,1090,caught,1,decode
8547,truncation,3645266,1899720,caught,1,decode
8548,header,687,1,caught,1,decode
8549,payload,1731234,1,caught,1,decode
8550,bit_flip,1955251,1,caught,1,decode
8551,random_bytes,1109250,15,caught,1,decode
8552,zeroed_run,536095,3629,caught,1,decode
8553,truncation,1154294,4390692,caught,1,decode
8554,header,730,1,caught,1,decode
8555,payload,4280366,1,caught,1,decode
8556,bit_flip,4417450,1,caught,1,decode
8557,random_bytes,224819,10,caught,1,decode
8558,zeroed_run,1707209,3746,caught,1,decode
8559,truncation,4436173,1108813,caught,1,decode
8560,header,719,1,caught,1,decode
8561,payload,4338751,1,caught,1,decode
8562,bit_flip,3470376,1,caught,1,decode
8563,random_bytes,2109546,4,caught,1,decode
8564,zeroed_run,4269770,508,caught,1,decode
8565,truncation,2659261,2885725,caught,1,decode
8566,header,527,1,caught,1,decode
8567,payload,1701667,1,caught,1,decode
8568,bit_flip,717497,1,caught,1,decode
8569,random_bytes,1174713,15,caught,1,decode
8570,zeroed_run,5500797,588,caught,1,decode
8571,truncation,2600976,2944010,caught,1,decode
8572,header,855,1,caught,1,decode
8573,payload,5153150,1,caught,1,decode
8574,bit_flip,321689,1,caught,1,decode
8575,random_bytes,278285,3,caught,1,decode
8576,zeroed_run,4860507,1099,caught,1,decode
8577,truncation,2448294,3096692,caught,1,decode
8578,header,503,1,caught,1,decode
8579,payload,5385594,1,caught,1,decode
8580,bit_flip,3448227,1,caught,1,decode
8581,random_bytes,2647135,1,caught,1,decode
8582,zeroed_run,3623663,944,caught,1,decode
8583,truncation,2654574,2890412,caught,1,decode
8584,header,163,1,caught,1,decode
8585,payload,2250176,1,caught,1,decode
8586,bit_flip,1079588,1,caught,1,decode
8587,random_bytes,3336624,10,caught,1,decode
8588,zeroed_run,213007,396,caught,1,decode
8589,truncation,4493312,1051674,caught,1,decode
8590,header,227,1,caught,1,decode
8591,payload,1930123,1,caught,1,decode
8592,bit_flip,3143594,1,caught,1,decode
8593,random_bytes,4823545,14,caught,1,decode
8594,zeroed_run,5416465,3176,caught,1,decode
8595,truncation,685074,4859912,caught,1,decode
8596,header,450,1,caught,1,decode
8597,payload,4001378,1,caught,1,decode
8598,bit_flip,1280746,1,caught,1,decode
8599,random_bytes,5240057,4,caught,1,decode
8600,zeroed_run,779121,1255,caught,1,decode
8601,truncation,2041585,3503401,caught,1,decode
8602,header,595,1,caught,1,decode
8603,payload,1761414,1,caught,1,decode
8604,bit_flip,484473,1,caught,1,decode
8605,random_bytes,4046726,1,caught,1,decode
8606,zeroed_run,108124,1460,caught,1,decode
8607,truncation,4962824,582162,caught,1,decode
8608,header,972,1,caught,1,decode
8609,payload,2383484,1,caught,1,decode
8610,bit_flip,4722948,1,caught,1,decode
8611,random_bytes,3148471,15,caught,1,decode
8612,zeroed_run,1541046,1987,caught,1,decode
8613,truncation,497432,5047554,caught,1,decode
8614,header,975,1,caught,1,decode
8615,payload,1442044,1,caught,1,decode
8616,bit_flip,5228408,1,caught,1,decode
8617,random_bytes,641358,2,caught,1,decode
8618,zeroed_run,3971903,3055,caught,1,decode
8619,truncation,3568898,1976088,caught,1,decode
8620,header,32,1,caught,1,decode
8621,payload,845316,1,caught,1,decode
8622,bit_flip,5171036,1,caught,1,decode
8623,random_bytes,1369670,16,caught,1,decode
8624,zeroed_run,4322396,1413,caught,1,decode
8625,truncation,5348044,196942,caught,1,decode
8626,header,580,1,caught,1,decode
8627,payload,1217718,1,caught,1,decode
8628,bit_flip,2405119,1,caught,1,decode
8629,random_bytes,4108612,1,caught,1,decode
8630,zeroed_run,3472035,945,caught,1,decode
8631,truncation,4548714,996272,caught,1,decode
8632,header,519,1,caught,1,decode
8633,payload,4492187,1,caught,1,decode
8634,bit_flip,4985667,1,caught,1,decode
8635,random_bytes,776321,7,caught,1,decode
8636,zeroed_run,4954278,3381,caught,1,decode
8637,truncation,1143406,4401580,caught,1,decode
8638,header,507,1,caught,1,decode
8639,payload,1421214,1,harmless,0,decode
8640,bit_flip,2589072,1,caught,1,decode
8641,random_bytes,2694878,5,caught,1,decode
8642,zeroed_run,3030160,526,caught,1,decode
8643,truncation,761964,4783022,caught,1,decode
8644,header,795,1,caught,1,decode
8645,payload,3429840,1,caught,1,decode
8646,bit_flip,2936898,1,caught,1,decode
8647,random_bytes,2139851,13,caught,1,decode
8648,zeroed_run,4611054,3106,caught,1,decode
8649,truncation,1536713,4008273,caught,1,decode
8650,header,186,1,caught,1,decode
8651,payload,1548158,1,caught,1,decode
8652,bit_flip,4089009,1,caught,1,decode
8653,random_bytes,442166,13,caught,1,decode
8654,zeroed_run,1375129,3933,caught,1,decode
8655,truncation,190114,5354872,caught,1,decode
8656,header,744,1,caught,1,decode
8657,payload,1569377,1,caught,1,decode
8658,bit_flip,1471605,1,caught,1,decode
8659,random_bytes,2938482,7,caught,1,decode
8660,zeroed_run,1832847,2480,caught,1,decode
8661,truncation,4051926,1493060,caught,1,decode
8662,header,816,1,caught,1,decode
8663,payload,4040051,1,caught,1,decode
8664,bit_flip,4175241,1,caught,1,decode
8665,random_bytes,1121167,13,caught,1,decode
8666,zeroed_run,302565,2844,caught,1,decode
8667,truncation,1054195,4490791,caught,1,decode
8668,header,130,1,caught,1,decode
8669,payload,5021252,1,caught,1,decode
8670,bit_flip,4547770,1,caught,1,decode
8671,random_bytes,3057892,6,caught,1,decode
8672,zeroed_run,846408,3986,caught,1,decode
8673,truncation,874609,4670377,caught,1,decode
8674,header,871,1,caught,1,decode
8675,payload,4296246,1,caught,1,decode
8676,bit_flip,1519604,1,caught,1,decode
8677,random_bytes,4391095,13,caught,1,decode
8678,zeroed_run,3591153,2460,caught,1,decode
8679,truncation,1175538,4369448,caught,1,decode
8680,header,448,1,caught,1,decode
8681,payload,1798304,1,caught,1,decode
8682,bit_flip,4678954,1,caught,1,decode
8683,random_bytes,1130953,9,caught,1,decode
8684,zeroed_run,1939314,1515,caught,1,decode
8685,truncation,2655853,2889133,caught,1,decode
8686,header,595,1,caught,1,decode
8687,payload,4537674,1,caught,1,decode
8688,bit_flip,5538502,1,caught,1,decode
8689,random_bytes,486136,13,caught,1,decode
8690,zeroed_run,1252228,2967,caught,1,decode
8691,truncation,469279,5075707,caught,1,decode
8692,header,252,1,caught,1,decode
8693,payload,2637987,1,caught,1,decode
8694,bit_flip,1445893,1,caught,1,decode
8695,random_bytes,1299592,6,caught,1,decode
8696,zeroed_run,3671175,3072,caught,1,decode
8697,truncation,4821035,723951,caught,1,decode
8698,header,340,1,caught,1,decode
8699,payload,14657,1,caught,1,decode
8700,bit_flip,260768,1,caught,1,decode
8701,random_bytes,1803783,15,caught,1,decode
8702,zeroed_run,1973640,2222,caught,1,decode
8703,truncation,1569002,3975984,caught,1,decode
8704,header,515,1,caught,1,decode
8705,payload,3648992,1,caught,1,decode
8706,bit_flip,5272844,1,caught,1,decode
8707,random_bytes,1823872,9,caught,1,decode
8708,zeroed_run,3394634,1944,caught,1,decode
8709,truncation,3251787,2293199,caught,1,decode
8710,header,968,1,caught,1,decode
8711,payload,4070142,1,caught,1,decode
8712,bit_flip,4140715,1,caught,1,decode
8713,random_bytes,496264,12,caught,1,decode
8714,zeroed_run,3631492,915,caught,1,decode
8715,truncation,1157862,4387124,caught,1,decode
8716,header,70,1,caught,1,decode
8717,payload,1622913,1,caught,1,decode
8718,bit_flip,3060074,1,caught,1,decode
8719,random_bytes,868770,6,caught,1,decode
8720,zeroed_run,3937938,1283,caught,1,decode
8721,truncation,3641358,1903628,caught,1,decode
8722,header,834,1,caught,1,decode
8723,payload,663219,1,caught,1,decode
8724,bit_flip,4422878,1,caught,1,decode
8725,random_bytes,3154090,6,caught,1,decode
8726,zeroed_run,1099457,2193,caught,1,decode
8727,truncation,1624689,3920297,caught,1,decode
8728,header,849,1,caught,1,decode
8729,payload,2796174,1,caught,1,decode
8730,bit_flip,4639285,1,caught,1,decode
8731,random_bytes,5515945,12,caught,1,decode
8732,zeroed_run,3232278,3960,caught,1,decode
8733,truncation,2669470,2875516,caught,1,decode
8734,header,1022,1,caught,1,decode
8735,payload,3923927,1,caught,1,decode
8736,bit_flip,1872971,1,caught,1,decode
8737,random_bytes,5277039,5,caught,1,decode
8738,zeroed_run,486962,2404,caught,1,decode
8739,truncation,5440602,104384,caught,1,decode
8740,header,767,1,caught,1,decode
8741,payload,3324453,1,caught,1,decode
8742,bit_flip,2200966,1,caught,1,decode
8743,random_bytes,4532297,15,caught,1,decode
8744,zeroed_run,658383,1874,caught,1,decode
8745,truncation,1678619,3866367,caught,1,decode
8746,header,523,1,caught,1,decode
8747,payload,4833449,1,caught,1,decode
8748,bit_flip,1511536,1,caught,1,decode
8749,random_bytes,614784,10,caught,1,decode
8750,zeroed_run,306154,1424,caught,1,decode
8751,truncation,1499291,4045695,caught,1,decode
8752,header,759,1,caught,1,decode
8753,payload,2818754,1,caught,1,decode
8754,bit_flip,2454887,1,caught,1,decode
8755,random_bytes,524225,12,caught,1,decode
8756,zeroed_run,5226341,3653,caught,1,decode
8757,truncation,2048063,3496923,caught,1,decode
8758,header,206,1,caught,1,decode
8759,payload,5229234,1,caught,1,decode
8760,bit_flip,3163110,1,caught,1,decode
8761,random_bytes,869492,16,caught,1,decode
8762,zeroed_run,976236,2957,caught,1,decode
8763,truncation,3129266,2415720,caught,1,decode
8764,header,381,1,caught,1,decode
8765,payload,3474198,1,caught,1,decode
8766,bit_flip,5264180,1,caught,1,decode
8767,random_bytes,3566736,1,caught,1,decode
8768,zeroed_run,2399267,3030,caught,1,decode
8769,truncation,2469920,3075066,caught,1,decode
8770,header,177,1,caught,1,decode
8771,payload,2141129,1,caught,1,decode
8772,bit_flip,2172177,1,caught,1,decode
8773,random_bytes,4245473,9,caught,1,decode
8774,zeroed_run,5000663,3941,caught,1,decode
8775,truncation,1647231,3897755,caught,1,decode
8776,header,281,1,caught,1,decode
8777,payload,2024768,1,caught,1,decode
8778,bit_flip,4066059,1,caught,1,decode
8779,random_bytes,4377575,2,caught,1,decode
8780,zeroed_run,5018544,1373,caught,1,decode
8781,truncation,1616394,3928592,caught,1,decode
8782,header,606,1,caught,1,decode
8783,payload,5283270,1,caught,1,decode
8784,bit_flip,904885,1,caught,1,decode
8785,random_bytes,894641,5,caught,1,decode
8786,zeroed_run,3169855,905,caught,1,decode
8787,truncation,1487486,4057500,caught,1,decode
8788,header,90,1,caught,1,decode
8789,payload,1267638,1,caught,1,decode
8790,bit_flip,862016,1,caught,1,decode
8791,random_bytes,4671701,14,caught,1,decode
8792,zeroed_run,5525771,941,caught,1,decode
8793,truncation,4948000,596986,caught,1,decode
8794,header,98,1,caught,1,decode
8795,payload,4222768,1,caught,1,decode
8796,bit_flip,4279280,1,caught,1,decode
8797,random_bytes,1537647,6,caught,1,decode
8798,zeroed_run,4186724,4031,caught,1,decode
8799,truncation,758093,4786893,caught,1,decode
8800,header,947,1,caught,1,decode
8801,payload,5393959,1,caught,1,decode
8802,bit_flip,4000607,1,caught,1,decode
8803,random_bytes,241185,15,caught,1,decode
8804,zeroed_run,1911356,2414,caught,1,decode
8805,truncation,552064,4992922,caught,1,decode
8806,header,789,1,caught,1,decode
8807,payload,3303544,1,caught,1,decode
8808,bit_flip,4137730,1,caught,1,decode
8809,random_bytes,4771520,7,caught,1,decode
8810,zeroed_run,1074019,776,caught,1,decode
8811,truncation,4286686,1258300,caught,1,decode
8812,header,979,1,caught,1,decode
8813,payload,3193831,1,caught,1,decode
8814,bit_flip,4183088,1,caught,1,decode
8815,random_bytes,4604002,3,caught,1,decode
8816,zeroed_run,333029,273,caught,1,decode
8817,truncation,4117158,1427828,caught,1,decode
8818,header,655,1,caught,1,decode
8819,payload,268207,1,caught,1,decode
8820,bit_flip,4209938,1,caught,1,decode
8821,random_bytes,5450751,2,caught,1,decode
8822,zeroed_run,5446806,1562,caught,1,decode
8823,truncation,1486898,4058088,caught,1,decode
8824,header,358,1,caught,1,decode
8825,payload,4611621,1,caught,1,decode
8826,bit_flip,1924533,1,caught,1,decode
8827,random_bytes,75963,16,caught,1,decode
8828,zeroed_run,360872,2045,caught,1,decode
8829,truncation,404289,5140697,caught,1,decode
8830,header,121,1,caught,1,decode
8831,payload,797518,1,caught,1,decode
8832,bit_flip,2341457,1,caught,1,decode
8833,random_bytes,4222223,3,caught,1,decode
8834,zeroed_run,119083,1037,caught,1,decode
8835,truncation,4101821,1443165,caught,1,decode
8836,header,605,1,caught,1,decode
8837,payload,4126105,1,caught,1,decode
8838,bit_flip,594871,1,caught,1,decode
8839,random_bytes,3197242,9,caught,1,decode
8840,zeroed_run,1514930,466,caught,1,decode
8841,truncation,2550259,2994727,caught,1,decode
8842,header,255,1,caught,1,decode
8843,payload,4406199,1,caught,1,decode
8844,bit_flip,3792356,1,caught,1,decode
8845,random_bytes,4179801,9,caught,1,decode
8846,zeroed_run,311497,1671,caught,1,decode
8847,truncation,1130292,4414694,caught,1,decode
8848,header,597,1,caught,1,decode
8849,payload,3741599,1,caught,1,decode
8850,bit_flip,276858,1,caught,1,decode
8851,random_bytes,4528157,6,caught,1,decode
8852,zeroed_run,2255128,3005,caught,1,decode
8853,truncation,5043238,501748,caught,1,decode
8854,header,535,1,caught,1,decode
8855,payload,970264,1,caught,1,decode
8856,bit_flip,761966,1,caught,1,decode
8857,random_bytes,1562634,6,caught,1,decode
8858,zeroed_run,1128738,2348,caught,1,decode
8859,truncation,3606354,1938632,caught,1,decode
8860,header,701,1,caught,1,decode
8861,payload,4700059,1,caught,1,decode
8862,bit_flip,4961312,1,caught,1,decode
8863,random_bytes,2476218,5,caught,1,decode
8864,zeroed_run,2037175,1731,caught,1,decode
8865,truncation,3103722,2441264,caught,1,decode
8866,header,912,1,caught,1,decode
8867,payload,595656,1,caught,1,decode
8868,bit_flip,471249,1,caught,1,decode
8869,random_bytes,2339346,13,caught,1,decode
8870,zeroed_run,3204802,582,caught,1,decode
8871,truncation,3611720,1933266,caught,1,decode
8872,header,1013,1,caught,1,decode
8873,payload,2858142,1,caught,1,decode
8874,bit_flip,610971,1,caught,1,decode
8875,random_bytes,5152603,11,caught,1,decode
8876,zeroed_run,3361316,141,caught,1,decode
8877,truncation,1213578,4331408,caught,1,decode
8878,header,60,1,caught,1,decode
8879,payload,4653580,1,caught,1,decode
8880,bit_flip,4288542,1,caught,1,decode
8881,random_bytes,2229871,11,caught,1,decode
8882,zeroed_run,2807899,2355,caught,1,decode
8883,truncation,4396018,1148968,caught,1,decode
8884,header,524,1,caught,1,decode
8885,payload,1199703,1,caught,1,decode
8886,bit_flip,711306,1,caught,1,decode
8887,random_bytes,4106103,1,caught,1,decode
8888,zeroed_run,1258291,713,caught,1,decode
8889,truncation,1783906,3761080,caught,1,decode
8890,header,510,1,caught,1,decode
8891,payload,4211779,1,caught,1,decode
8892,bit_flip,3750947,1,caught,1,decode
8893,random_bytes,4752965,9,caught,1,decode
8894,zeroed_run,4947542,3958,caught,1,decode
8895,truncation,4850203,694783,caught,1,decode
8896,header,735,1,caught,1,decode
8897,payload,477250,1,caught,1,decode
8898,bit_flip,3128939,1,caught,1,decode
8899,random_bytes,3145350,1,caught,1,decode
8900,zeroed_run,448800,1875,caught,1,decode
8901,truncation,3742636,1802350,caught,1,decode
8902,header,1005,1,caught,1,decode
8903,payload,718947,1,caught,1,decode
8904,bit_flip,2945185,1,caught,1,decode
8905,random_bytes,456248,9,caught,1,decode
8906,zeroed_run,3834765,1457,caught,1,decode
8907,truncation,5410398,134588,caught,1,decode
8908,header,882,1,caught,1,decode
8909,payload,369625,1,caught,1,decode
8910,bit_flip,2794405,1,caught,1,decode
8911,random_bytes,4447535,12,caught,1,decode
8912,zeroed_run,2987833,1978,caught,1,decode
8913,truncation,4143591,1401395,caught,1,decode
8914,header,776,1,caught,1,decode
8915,payload,4678467,1,caught,1,decode
8916,bit_flip,2222001,1,caught,1,decode
8917,random_bytes,4458304,4,caught,1,decode
8918,zeroed_run,936783,3701,caught,1,decode
8919,truncation,452093,5092893,caught,1,decode
8920,header,636,1,caught,1,decode
8921,payload,2167549,1,caught,1,decode
8922,bit_flip,4843338,1,caught,1,decode
8923,random_bytes,5448684,13,caught,1,decode
8924,zeroed_run,3784260,800,caught,1,decode
8925,truncation,3527173,2017813,caught,1,decode
8926,header,390,1,caught,1,decode
8927,payload,5089538,1,caught,1,decode
8928,bit_flip,796700,1,caught,1,decode
8929,random_bytes,1670897,12,caught,1,decode
8930,zeroed_run,4932759,104,caught,1,decode
8931,truncation,2337926,3207060,caught,1,decode
8932,header,469,1,caught,1,decode
8933,payload,3442184,1,caught,1,decode
8934,bit_flip,3144628,1,caught,1,decode
8935,random_bytes,1640254,12,caught,1,decode
8936,zeroed_run,2476481,4023,caught,1,decode
8937,truncation,2197970,3347016,caught,1,decode
8938,header,693,1,caught,1,decode
8939,payload,553970,1,caught,1,decode
8940,bit_flip,2066378,1,caught,1,decode
8941,random_bytes,50563,1,caught,1,decode
8942,zeroed_run,5324824,251,caught,1,decode
8943,truncation,2311736,3233250,caught,1,decode
8944,header,303,1,caught,1,decode
8945,payload,4993878,1,caught,1,decode
8946,bit_flip,1685937,1,caught,1,decode
8947,random_bytes,2160750,5,caught,1,decode
8948,zeroed_run,1958441,2622,caught,1,decode
8949,truncation,4973853,571133,caught,1,decode
8950,header,138,1,caught,1,decode
8951,payload,4717237,1,caught,1,decode
8952,bit_flip,1601497,1,caught,1,decode
8953,random_bytes,4969018,1,caught,1,decode
8954,zeroed_run,3542418,3845,caught,1,decode
8955,truncation,4215218,1329768,caught,1,decode
8956,header,984,1,caught,1,decode
8957,payload,1713073,1,caught,1,decode
8958,bit_flip,1381625,1,caught,1,decode
8959,random_bytes,1321232,2,caught,1,decode
8960,zeroed_run,382900,3609,caught,1,decode
8961,truncation,4607041,937945,caught,1,decode
8962,header,736,1,caught,1,decode
8963,payload,2891083,1,caught,1,decode
8964,bit_flip,3823324,1,caught,1,decode
8965,random_bytes,497825,2,caught,1,decode
8966,zeroed_run,5417649,1401,caught,1,decode
8967,truncation,4923687,621299,caught,1,decode
8968,header,475,1,caught,1,decode
8969,payload,1883456,1,caught,1,decode
8970,bit_flip,1564569,1,caught,1,decode
8971,random_bytes,4848241,3,caught,1,decode
8972,zeroed_run,952381,3316,caught,1,decode
8973,truncation,2090371,3454615,caught,1,decode
8974,header,355,1,caught,1,decode
8975,payload,5006943,1,caught,1,decode
8976,bit_flip,4806691,1,caught,1,decode
8977,random_bytes,1449997,2,caught,1,decode
8978,zeroed_run,1699251,2046,caught,1,decode
8979,truncation,2357075,3187911,caught,1,decode
8980,header,653,1,caught,1,decode
8981,payload,4143687,1,caught,1,decode
8982,bit_flip,4351050,1,caught,1,decode
8983,random_bytes,4226576,15,caught,1,decode
8984,zeroed_run,4531739,2050,caught,1,decode
8985,truncation,4477477,1067509,caught,1,decode
8986,header,25,1,caught,1,decode
8987,payload,1792578,1,caught,1,decode
8988,bit_flip,125238,1,caught,1,decode
8989,random_bytes,2202110,2,caught,1,decode
8990,zeroed_run,3259727,3075,caught,1,decode
8991,truncation,4957597,587389,caught,1,decode
8992,header,191,1,caught,1,decode
8993,payload,1182931,1,caught,1,decode
8994,bit_flip,4623748,1,caught,1,decode
8995,random_bytes,4859808,8,caught,1,decode
8996,zeroed_run,4155701,3921,caught,1,decode
8997,truncation,3093637,2451349,caught,1,decode
8998,header,877,1,caught,1,decode
8999,payload,4915840,1,caught,1,decode
9000,bit_flip,1000053,1,caught,1,decode
9001,random_bytes,2353918,8,caught,1,decode
9002,zeroed_run,617101,239,caught,1,decode
9003,truncation,3864075,1680911,caught,1,decode
9004,header,594,1,caught,1,decode
9005,payload,2309345,1,caught,1,decode
9006,bit_flip,4966934,1,caught,1,decode
9007,random_bytes,2566462,8,caught,1,decode
9008,zeroed_run,4886853,156,caught,1,decode
9009,truncation,560463,4984523,caught,1,decode
9010,header,917,1,caught,1,decode
9011,payload,3058579,1,caught,1,decode
9012,bit_flip,1987714,1,caught,1,decode
9013,random_bytes,3829782,13,caught,1,decode
9014,zeroed_run,2233359,674,caught,1,decode
9015,truncation,2372536,3172450,caught,1,decode
9016,header,812,1,caught,1,decode
9017,payload,2909672,1,caught,1,decode
9018,bit_flip,3779640,1,caught,1,decode
9019,random_bytes,971988,1,caught,1,decode
9020,zeroed_run,3819187,2494,caught,1,decode
9021,truncation,357185,5187801,caught,1,decode
9022,header,479,1,caught,1,decode
9023,payload,2309667,1,caught,1,decode
9024,bit_flip,1042867,1,caught,1,decode
9025,random_bytes,4716844,8,caught,1,decode
9026,zeroed_run,143884,2706,caught,1,decode
9027,truncation,1235703,4309283,caught,1,decode
9028,header,732,1,caught,1,decode
9029,payload,3169937,1,caught,1,decode
9030,bit_flip,4109169,1,caught,1,decode
9031,random_bytes,5286773,5,caught,1,decode
9032,zeroed_run,2334624,2252,caught,1,decode
9033,truncation,5382786,162200,caught,1,decode
9034,header,130,1,caught,1,decode
9035,payload,2777423,1,caught,1,decode
9036,bit_flip,5421404,1,caught,1,decode
9037,random_bytes,2137092,11,caught,1,decode
9038,zeroed_run,2423103,1233,caught,1,decode
9039,truncation,3793522,1751464,caught,1,decode
9040,header,2,1,caught,1,decode
9041,payload,4592925,1,caught,1,decode
9042,bit_flip,2159725,1,caught,1,decode
9043,random_bytes,2051326,16,caught,1,decode
9044,zeroed_run,1626316,1611,caught,1,decode
9045,truncation,2730983,2814003,caught,1,decode
9046,header,740,1,caught,1,decode
9047,payload,1452674,1,caught,1,decode
9048,bit_flip,4814689,1,caught,1,decode
9049,random_bytes,4738602,7,caught,1,decode
9050,zeroed_run,1086598,686,caught,1,decode
9051,truncation,2792900,2752086,caught,1,decode
9052,header,525,1,caught,1,decode
9053,payload,53865,1,caught,1,decode
9054,bit_flip,4053882,1,caught,1,decode
9055,random_bytes,75948,6,caught,1,decode
9056,zeroed_run,2983822,2254,caught,1,decode
9057,truncation,2144416,3400570,caught,1,decode
9058,header,291,1,caught,1,decode
9059,payload,5470503,1,caught,1,decode
9060,bit_flip,3920771,1,caught,1,decode
9061,random_bytes,4514074,9,caught,1,decode
9062,zeroed_run,5379366,1723,caught,1,decode
9063,truncation,2359335,3185651,caught,1,decode
9064,header,412,1,caught,1,decode
9065,payload,2531676,1,caught,1,decode
9066,bit_flip,1912759,1,caught,1,decode
9067,random_bytes,4747355,12,caught,1,decode
9068,zeroed_run,3318986,1626,caught,1,decode
9069,truncation,808749,4736237,caught,1,decode
9070,header,735,1,caught,1,decode
9071,payload,1396521,1,caught,1,decode
9072,bit_flip,2166426,1,caught,1,decode
9073,random_bytes,5244419,2,caught,1,decode
9074,zeroed_run,4940621,1126,caught,1,decode
9075,truncation,5406257,138729,caught,1,decode
9076,header,886,1,caught,1,decode
9077,payload,2598756,1,caught,1,decode
9078,bit_flip,1843522,1,caught,1,decode
9079,random_bytes,3932233,7,caught,1,decode
9080,zeroed_run,3543668,2770,caught,1,decode
9081,truncation,710714,4834272,caught,1,decode
9082,header,937,1,caught,1,decode
9083,payload,1181854,1,caught,1,decode
9084,bit_flip,2622247,1,caught,1,decode
9085,random_bytes,1427197,11,caught,1,decode
9086,zeroed_run,1805391,2447,caught,1,decode
9087,truncation,5477606,67380,caught,1,decode
9088,header,186,1,caught,1,decode
9089,payload,46547,1,caught,1,decode
9090,bit_flip,5310510,1,caught,1,decode
9091,random_bytes,2314815,9,caught,1,decode
9092,zeroed_run,4621639,372,caught,1,decode
9093,truncation,382322,5162664,caught,1,decode
9094,header,963,1,caught,1,decode
9095,payload,1612097,1,caught,1,decode
9096,bit_flip,3224753,1,caught,1,decode
9097,random_bytes,1733100,12,caught,1,decode
9098,zeroed_run,2977712,3092,caught,1,decode
9099,truncation,3647307,1897679,caught,1,decode
9100,header,713,1,caught,1,decode
9101,payload,1341500,1,caught,1,decode
9102,bit_flip,832990,1,caught,1,decode
9103,random_bytes,2866498,13,caught,1,decode
9104,zeroed_run,4970906,1289,caught,1,decode
9105,truncation,2765705,2779281,caught,1,decode
9106,header,708,1,caught,1,decode
9107,payload,4684170,1,caught,1,decode
9108,bit_flip,3233378,1,caught,1,decode
9109,random_bytes,1642074,8,caught,1,decode
9110,zeroed_run,1699254,2639,caught,1,decode
9111,truncation,4650368,894618,caught,1,decode
9112,header,121,1,caught,1,decode
9113,payload,4319112,1,caught,1,decode
9114,bit_flip,1610610,1,caught,1,decode
9115,random_bytes,5243058,9,caught,1,decode
9116,zeroed_run,744086,825,caught,1,decode
9117,truncation,2716300,2828686,caught,1,decode
9118,header,344,1,caught,1,decode
9119,payload,5145500,1,caught,1,decode
9120,bit_flip,4567538,1,caught,1,decode
9121,random_bytes,289803,9,caught,1,decode
9122,zeroed_run,444855,2778,caught,1,decode
9123,truncation,965066,4579920,caught,1,decode
9124,header,130,1,caught,1,decode
9125,payload,165212,1,caught,1,decode
9126,bit_flip,4139279,1,caught,1,decode
9127,random_bytes,452579,7,caught,1,decode
9128,zeroed_run,595037,4076,caught,1,decode
9129,truncation,2490020,3054966,caught,1,decode
9130,header,168,1,caught,1,decode
9131,payload,1231412,1,caught,1,decode
9132,bit_flip,4644742,1,caught,1,decode
9133,random_bytes,1033608,7,caught,1,decode
9134,zeroed_run,4030659,285,caught,1,decode
9135,truncation,671957,4873029,caught,1,decode
9136,header,916,1,caught,1,decode
9137,payload,3344236,1,caught,1,decode
9138,bit_flip,4069397,1,caught,1,decode
9139,random_bytes,1607985,8,caught,1,decode
9140,zeroed_run,591618,1630,caught,1,decode
9141,truncation,1656427,3888559,caught,1,decode
9142,header,31,1,caught,1,decode
9143,payload,2034610,1,caught,1,decode
9144,bit_flip,5479441,1,caught,1,decode
9145,random_bytes,4526518,2,caught,1,decode
9146,zeroed_run,4432132,3397,caught,1,decode
9147,truncation,525056,5019930,caught,1,decode
9148,header,626,1,caught,1,decode
9149,payload,3944356,1,caught,1,decode
9150,bit_flip,800706,1,caught,1,decode
9151,random_bytes,4118159,13,caught,1,decode
9152,zeroed_run,3229790,1898,caught,1,decode
9153,truncation,977110,4567876,caught,1,decode
9154,header,492,1,caught,1,decode
9155,payload,5238274,1,caught,1,decode
9156,bit_flip,3174954,1,caught,1,decode
9157,random_bytes,3645234,11,caught,1,decode
9158,zeroed_run,1015517,3601,caught,1,decode
9159,truncation,238312,5306674,caught,1,decode
9160,header,501,1,caught,1,decode
9161,payload,2404473,1,caught,1,decode
9162,bit_flip,2072348,1,caught,1,decode
9163,random_bytes,3881449,5,caught,1,decode
9164,zeroed_run,2902670,597,caught,1,decode
9165,truncation,658342,4886644,caught,1,decode
9166,header,824,1,caught,1,decode
9167,payload,4688124,1,caught,1,decode
9168,bit_flip,5532079,1,caught,1,decode
9169,random_bytes,2891899,8,caught,1,decode
9170,zeroed_run,157685,1225,caught,1,decode
9171,truncation,1043864,4501122,caught,1,decode
9172,header,25,1,caught,1,decode
9173,payload,5397140,1,caught,1,decode
9174,bit_flip,5055063,1,caught,1,decode
9175,random_bytes,3687856,12,caught,1,decode
9176,zeroed_run,3944557,897,caught,1,decode
9177,truncation,1612049,3932937,caught,1,decode
9178,header,340,1,caught,1,decode
9179,payload,3306585,1,caught,1,decode
9180,bit_flip,777657,1,caught,1,decode
9181,random_bytes,275877,12,caught,1,decode
9182,zeroed_run,3959284,1609,caught,1,decode
9183,truncation,4218332,1326654,caught,1,decode
9184,header,962,1,caught,1,decode
9185,payload,3978540,1,caught,1,decode
9186,bit_flip,2359245,1,caught,1,decode
9187,random_bytes,4898920,14,caught,1,decode
9188,zeroed_run,1375190,1848,caught,1,decode
9189,truncation,1214162,4330824,caught,1,decode
9190,header,492,1,caught,1,decode
9191,payload,671761,1,caught,1,decode
9192,bit_flip,3951107,1,caught,1,decode
9193,random_bytes,2323797,7,caught,1,decode
9194,zeroed_run,301353,1166,caught,1,decode
9195,truncation,760038,4784948,caught,1,decode
9196,header,681,1,caught,1,decode
9197,payload,1117537,1,caught,1,decode
9198,bit_flip,2591285,1,caught,1,decode
9199,random_bytes,2275999,9,caught,1,decode
9200,zeroed_run,2808046,4053,caught,1,decode
9201,truncation,3102525,2442461,caught,1,decode
9202,header,284,1,caught,1,decode
9203,payload,205305,1,caught,1,decode
9204,bit_flip,829568,1,caught,1,decode
9205,random_bytes,3533448,10,caught,1,decode
9206,zeroed_run,2032397,1718,caught,1,decode
9207,truncation,3832969,1712017,caught,1,decode
9208,header,82,1,caught,1,decode
9209,payload,3675348,1,caught,1,decode
9210,bit_flip,5404828,1,caught,1,decode
9211,random_bytes,2213089,14,caught,1,decode
9212,zeroed_run,4633758,1035,caught,1,decode
9213,truncation,4354952,1190034,caught,1,decode
9214,header,1002,1,caught,1,decode
9215,payload,2234637,1,caught,1,decode
9216,bit_flip,2406028,1,caught,1,decode
9217,random_bytes,1163333,7,caught,1,decode
9218,zeroed_run,3540245,751,caught,1,decode
9219,truncation,4386710,1158276,caught,1,decode
9220,header,691,1,caught,1,decode
9221,payload,5369177,1,caught,1,decode
9222,bit_flip,471624,1,caught,1,decode
9223,random_bytes,425421,15,caught,1,decode
9224,zeroed_run,3591402,229,caught,1,decode
9225,truncation,1424118,4120868,caught,1,decode
9226,header,440,1,caught,1,decode
9227,payload,4415161,1,caught,1,decode
9228,bit_flip,4216753,1,caught,1,decode
9229,random_bytes,5389641,3,caught,1,decode
9230,zeroed_run,4256162,3650,caught,1,decode
9231,truncation,3819162,1725824,caught,1,decode
9232,header,947,1,caught,1,decode
9233,payload,2095589,1,caught,1,decode
9234,bit_flip,1555139,1,caught,1,decode
9235,random_bytes,5114223,1,caught,1,decode
9236,zeroed_run,2829896,248,caught,1,decode
9237,truncation,4725119,819867,caught,1,decode
9238,header,331,1,caught,1,decode
9239,payload,2747818,1,caught,1,decode
9240,bit_flip,5142535,1,caught,1,decode
9241,random_bytes,4979290,13,caught,1,decode
9242,zeroed_run,1224805,4026,caught,1,decode
9243,truncation,3050544,2494442,caught,1,decode
9244,header,805,1,caught,1,decode
9245,payload,4759332,1,caught,1,decode
9246,bit_flip,4959440,1,caught,1,decode
9247,random_bytes,2005856,13,caught,1,decode
9248,zeroed_run,5071912,2679,caught,1,decode
9249,truncation,3571459,1973527,caught,1,decode
9250,header,825,1,caught,1,decode
9251,payload,5243162,1,caught,1,decode
9252,bit_flip,690484,1,caught,1,decode
9253,random_bytes,3443119,2,caught,1,decode
9254,zeroed_run,2538939,1449,caught,1,decode
9255,truncation,4341009,1203977,caught,1,decode
9256,header,270,1,caught,1,decode
9257,payload,433336,1,caught,1,decode
9258,bit_flip,898509,1,caught,1,decode
9259,random_bytes,3949820,3,caught,1,decode
9260,zeroed_run,2200801,482,caught,1,decode
9261,truncation,4519132,1025854,caught,1,decode
9262,header,518,1,caught,1,decode
9263,payload,112800,1,caught,1,decode
9264,bit_flip,5420093,1,caught,1,decode
9265,random_bytes,3613117,16,caught,1,decode
9266,zeroed_run,2699826,3387,caught,1,decode
9267,truncation,2091940,3453046,caught,1,decode
9268,header,677,1,caught,1,decode
9269,payload,4548264,1,caught,1,decode
9270,bit_flip,708587,1,caught,1,decode
9271,random_bytes,2555981,8,caught,1,decode
9272,zeroed_run,1143936,3514,caught,1,decode
9273,truncation,3193225,2351761,caught,1,decode
9274,header,132,1,caught,1,decode
9275,payload,2321893,1,caught,1,decode
9276,bit_flip,2476826,1,caught,1,decode
9277,random_bytes,5017060,9,caught,1,decode
9278,zeroed_run,2608780,1682,caught,1,decode
9279,truncation,598034,4946952,caught,1,decode
9280,header,626,1,caught,1,decode
9281,payload,1495447,1,caught,1,decode
9282,bit_flip,4014422,1,caught,1,decode
9283,random_bytes,4194473,4,caught,1,decode
9284,zeroed_run,3655552,2734,caught,1,decode
9285,truncation,2512354,3032632,caught,1,decode
9286,header,962,1,caught,1,decode
9287,payload,1003425,1,caught,1,decode
9288,bit_flip,3352845,1,caught,1,decode
9289,random_bytes,3795498,10,caught,1,decode
9290,zeroed_run,2227549,2003,caught,1,decode
9291,truncation,4391464,1153522,caught,1,decode
9292,header,582,1,caught,1,decode
9293,payload,2849127,1,caught,1,decode
9294,bit_flip,2833124,1,caught,1,decode
9295,random_bytes,2617053,9,caught,1,decode
9296,zeroed_run,3888033,3633,caught,1,decode
9297,truncation,2948916,2596070,caught,1,decode
9298,header,618,1,caught,1,decode
9299,payload,1531272,1,caught,1,decode
9300,bit_flip,1893572,1,caught,1,decode
9301,random_bytes,2233958,15,caught,1,decode
9302,zeroed_run,4518165,121,caught,1,decode
9303,truncation,5301975,243011,caught,1,decode
9304,header,256,1,caught,1,decode
9305,payload,2125562,1,caught,1,decode
9306,bit_flip,3410641,1,caught,1,decode
9307,random_bytes,4893298,11,caught,1,decode
9308,zeroed_run,1274638,2544,caught,1,decode
9309,truncation,3752784,1792202,caught,1,decode
9310,header,270,1,caught,1,decode
9311,payload,3212076,1,caught,1,decode
9312,bit_flip,2825592,1,caught,1,decode
9313,random_bytes,1770427,11,caught,1,decode
9314,zeroed_run,1174661,3497,caught,1,decode
9315,truncation,4843663,701323,caught,1,decode
9316,header,52,1,caught,1,decode
9317,payload,1328833,1,caught,1,decode
9318,bit_flip,3295926,1,caught,1,decode
9319,random_bytes,2508948,16,caught,1,decode
9320,zeroed_run,1920513,3508,caught,1,decode
9321,truncation,3687718,1857268,caught,1,decode
9322,header,690,1,caught,1,decode
9323,payload,3644636,1,caught,1,decode
9324,bit_flip,3357313,1,caught,1,decode
9325,random_bytes,5291444,13,caught,1,decode
9326,zeroed_run,3654563,1470,caught,1,decode
9327,truncation,4758391,786595,caught,1,decode
9328,header,856,1,caught,1,decode
9329,payload,4527143,1,caught,1,decode
9330,bit_flip,720671,1,caught,1,decode
9331,random_bytes,4392488,9,caught,1,decode
9332,zeroed_run,2889708,1264,caught,1,decode
9333,truncation,3555233,1989753,caught,1,decode
9334,header,50,1,caught,1,decode
9335,payload,3035730,1,caught,1,decode
9336,bit_flip,353936,1,caught,1,decode
9337,random_bytes,3450656,10,caught,1,decode
9338,zeroed_run,2379192,2600,caught,1,decode
9339,truncation,1068659,4476327,caught,1,decode
9340,header,712,1,caught,1,decode
9341,payload,4708534,1,caught,1,decode
9342,bit_flip,5419445,1,caught,1,decode
9343,random_bytes,2751689,10,caught,1,decode
9344,zeroed_run,2538687,496,caught,1,decode
9345,truncation,1230398,4314588,caught,1,decode
9346,header,324,1,caught,1,decode
9347,payload,2122818,1,caught,1,decode
9348,bit_flip,2527320,1,caught,1,decode
9349,random_bytes,1093897,10,caught,1,decode
9350,zeroed_run,2811560,3565,caught,1,decode
9351,truncation,280765,5264221,caught,1,decode
9352,header,170,1,caught,1,decode
9353,payload,3324712,1,caught,1,decode
9354,bit_flip,3152532,1,caught,1,decode
9355,random_bytes,5070544,15,caught,1,decode
9356,zeroed_run,2117451,958,caught,1,decode
9357,truncation,1364657,4180329,caught,1,decode
9358,header,680,1,caught,1,decode
9359,payload,914822,1,caught,1,decode
9360,bit_flip,930209,1,caught,1,decode
9361,random_bytes,3994308,4,caught,1,decode
9362,zeroed_run,1832760,1166,caught,1,decode
9363,truncation,3947621,1597365,caught,1,decode
9364,header,17,1,caught,1,decode
9365,payload,3311131,1,caught,1,decode
9366,bit_flip,4524052,1,caught,1,decode
9367,random_bytes,3367613,12,caught,1,decode
9368,zeroed_run,3676591,1431,caught,1,decode
9369,truncation,2118946,3426040,caught,1,decode
9370,header,951,1,caught,1,decode
9371,payload,4370781,1,caught,1,decode
9372,bit_flip,324994,1,caught,1,decode
9373,random_bytes,2620652,15,caught,1,decode
9374,zeroed_run,4550247,3022,caught,1,decode
9375,truncation,3745575,1799411,caught,1,decode
9376,header,467,1,caught,1,decode
9377,payload,1856466,1,caught,1,decode
9378,bit_flip,1288336,1,caught,1,decode
9379,random_bytes,886445,2,caught,1,decode
9380,zeroed_run,623520,3497,caught,1,decode
9381,truncation,5110745,434241,caught,1,decode
9382,header,965,1,caught,1,decode
9383,payload,3728370,1,caught,1,decode
9384,bit_flip,1742011,1,caught,1,decode
9385,random_bytes,4580152,14,caught,1,decode
9386,zeroed_run,494925,3258,caught,1,decode
9387,truncation,362502,5182484,caught,1,decode
9388,header,161,1,caught,1,decode
9389,payload,4622655,1,caught,1,decode
9390,bit_flip,2011324,1,caught,1,decode
9391,random_bytes,2811223,11,caught,1,decode
9392,zeroed_run,366962,2309,caught,1,decode
9393,truncation,348412,5196574,caught,1,decode
9394,header,673,1,caught,1,decode
9395,payload,112428,1,caught,1,decode
9396,bit_flip,2714662,1,caught,1,decode
9397,random_bytes,4971852,6,caught,1,decode
9398,zeroed_run,5259710,2444,caught,1,decode
9399,truncation,4864732,680254,caught,1,decode
9400,header,488,1,caught,1,decode
9401,payload,259995,1,caught,1,decode
9402,bit_flip,4257344,1,caught,1,decode
9403,random_bytes,5440320,10,caught,1,decode
9404,zeroed_run,1295737,720,caught,1,decode
9405,truncation,5377193,167793,caught,1,decode
9406,header,784,1,caught,1,decode
9407,payload,848724,1,caught,1,decode
9408,bit_flip,3018456,1,caught,1,decode
9409,random_bytes,2826390,2,caught,1,decode
9410,zeroed_run,578564,1792,caught,1,decode
9411,truncation,4828653,716333,caught,1,decode
9412,header,589,1,caught,1,decode
9413,payload,622643,1,caught,1,decode
9414,bit_flip,3738507,1,caught,1,decode
9415,random_bytes,4360169,11,caught,1,decode
9416,zeroed_run,2497866,3908,caught,1,decode
9417,truncation,1070486,4474500,caught,1,decode
9418,header,642,1,caught,1,decode
9419,payload,1698406,1,caught,1,decode
9420,bit_flip,1157634,1,caught,1,decode
9421,random_bytes,392358,10,caught,1,decode
9422,zeroed_run,5243006,183,caught,1,decode
9423,truncation,1465059,4079927,caught,1,decode
9424,header,458,1,caught,1,decode
9425,payload,4196829,1,caught,1,decode
9426,bit_flip,1509905,1,caught,1,decode
9427,random_bytes,1257992,16,caught,1,decode
9428,zeroed_run,929289,528,caught,1,decode
9429,truncation,2709052,2835934,caught,1,decode
9430,header,180,1,caught,1,decode
9431,payload,228258,1,caught,1,decode
9432,bit_flip,4793329,1,caught,1,decode
9433,random_bytes,2588314,12,caught,1,decode
9434,zeroed_run,5192970,3720,caught,1,decode
9435,truncation,4099196,1445790,caught,1,decode
9436,header,996,1,caught,1,decode
9437,payload,4993607,1,caught,1,decode
9438,bit_flip,3200880,1,caught,1,decode
9439,random_bytes,589443,16,caught,1,decode
9440,zeroed_run,997654,2617,caught,1,decode
9441,truncation,4394948,1150038,caught,1,decode
9442,header,693,1,caught,1,decode
9443,payload,1280406,1,caught,1,decode
9444,bit_flip,798184,1,caught,1,decode
9445,random_bytes,129784,13,caught,1,decode
9446,zeroed_run,4532162,2088,caught,1,decode
9447,truncation,3105059,2439927,caught,1,decode
9448,header,353,1,caught,1,decode
9449,payload,4573618,1,caught,1,decode
9450,bit_flip,2495873,1,caught,1,decode
9451,random_bytes,2718559,3,caught,1,decode
9452,zeroed_run,617567,775,caught,1,decode
9453,truncation,4091031,1453955,caught,1,decode
9454,header,253,1,caught,1,decode
9455,payload,191826,1,caught,1,decode
9456,bit_flip,273275,1,caught,1,decode
9457,random_bytes,5324495,7,caught,1,decode
9458,zeroed_run,1206922,1372,caught,1,decode
9459,truncation,4474241,1070745,caught,1,decode
9460,header,625,1,caught,1,decode
9461,payload,2594134,1,caught,1,decode
9462,bit_flip,2034028,1,caught,1,decode
9463,random_bytes,207474,7,caught,1,decode
9464,zeroed_run,5240136,2635,caught,1,decode
9465,truncation,4993403,551583,caught,1,decode
9466,header,316,1,caught,1,decode
9467,payload,3117295,1,caught,1,decode
9468,bit_flip,903814,1,caught,1,decode
9469,random_bytes,4660366,8,caught,1,decode
9470,zeroed_run,425909,586,caught,1,decode
9471,truncation,2264363,3280623,caught,1,decode
9472,header,322,1,caught,1,decode
9473,payload,2690922,1,caught,1,decode
9474,bit_flip,3804819,1,caught,1,decode
9475,random_bytes,1197639,7,caught,1,decode
9476,zeroed_run,1521968,2045,caught,1,decode
9477,truncation,3000052,2544934,caught,1,decode
9478,header,525,1,caught,1,decode
9479,payload,3061832,1,caught,1,decode
9480,bit_flip,1060481,1,caught,1,decode
9481,random_bytes,2930905,10,caught,1,decode
9482,zeroed_run,1420210,175,caught,1,decode
9483,truncation,3027155,2517831,caught,1,decode
9484,header,509,1,caught,1,decode
9485,payload,981468,1,caught,1,decode
9486,bit_flip,4933288,1,caught,1,decode
9487,random_bytes,864491,9,caught,1,decode
9488,zeroed_run,4792385,4059,caught,1,decode
9489,truncation,896713,4648273,caught,1,decode
9490,header,153,1,caught,1,decode
9491,payload,2465531,1,caught,1,decode
9492,bit_flip,247848,1,caught,1,decode
9493,random_bytes,3903874,1,caught,1,decode
9494,zeroed_run,2856778,1653,caught,1,decode
9495,truncation,1524832,4020154,caught,1,decode
9496,header,302,1,caught,1,decode
9497,payload,153591,1,caught,1,decode
9498,bit_flip,2059246,1,caught,1,decode
9499,random_bytes,1827418,13,caught,1,decode
9500,zeroed_run,1814644,3236,caught,1,decode
9501,truncation,2883804,2661182,caught,1,decode
9502,header,306,1,caught,1,decode
9503,payload,175988,1,caught,1,decode
9504,bit_flip,2396428,1,caught,1,decode
9505,random_bytes,3099110,11,caught,1,decode
9506,zeroed_run,551010,2797,caught,1,decode
9507,truncation,5012507,532479,caught,1,decode
9508,header,287,1,caught,1,decode
9509,payload,258697,1,caught,1,decode
9510,bit_flip,2348168,1,caught,1,decode
9511,random_bytes,2793008,3,caught,1,decode
9512,zeroed_run,5031536,2612,caught,1,decode
9513,truncation,380150,5164836,caught,1,decode
9514,header,739,1,caught,1,decode
9515,payload,3338885,1,caught,1,decode
9516,bit_flip,5150906,1,caught,1,decode
9517,random_bytes,1215790,4,caught,1,decode
9518,zeroed_run,5532126,1983,caught,1,decode
9519,truncation,3253292,2291694,caught,1,decode
9520,header,73,1,caught,1,decode
9521,payload,596578,1,caught,1,decode
9522,bit_flip,1224986,1,caught,1,decode
9523,random_bytes,4334235,3,caught,1,decode
9524,zeroed_run,328044,3145,caught,1,decode
9525,truncation,1655943,3889043,caught,1,decode
9526,header,762,1,caught,1,decode
9527,payload,1388603,1,caught,1,decode
9528,bit_flip,774642,1,caught,1,decode
9529,random_bytes,3223352,4,caught,1,decode
9530,zeroed_run,4891633,3767,caught,1,decode
9531,truncation,2952735,2592251,caught,1,decode
9532,header,475,1,caught,1,decode
9533,payload,5132470,1,caught,1,decode
9534,bit_flip,1028226,1,caught,1,decode
9535,random_bytes,3861265,8,caught,1,decode
9536,zeroed_run,1332839,3388,caught,1,decode
9537,truncation,4513347,1031639,caught,1,decode
9538,header,441,1,caught,1,decode
9539,payload,3170509,1,caught,1,decode
9540,bit_flip,2279463,1,caught,1,decode
9541,random_bytes,2249205,5,caught,1,decode
9542,zeroed_run,4267852,3506,caught,1,decode
9543,truncation,3087099,2457887,caught,1,decode
9544,header,408,1,caught,1,decode
9545,payload,3725046,1,caught,1,decode
9546,bit_flip,1909869,1,caught,1,decode
9547,random_bytes,259742,9,caught,1,decode
9548,zeroed_run,4112772,1834,caught,1,decode
9549,truncation,4925549,619437,caught,1,decode
9550,header,6,1,harmless,0,decode
9551,payload,4430556,1,caught,1,decode
9552,bit_flip,4487290,1,caught,1,decode
9553,random_bytes,2170670,3,caught,1,decode
9554,zeroed_run,3333449,293,caught,1,decode
9555,truncation,840614,4704372,caught,1,decode
9556,header,884,1,caught,1,decode
9557,payload,2456985,1,caught,1,decode
9558,bit_flip,2190592,1,caught,1,decode
9559,random_bytes,4155897,12,caught,1,decode
9560,zeroed_run,583273,3271,caught,1,decode
9561,truncation,3055707,2489279,caught,1,decode
9562,header,153,1,caught,1,decode
9563,payload,3284589,1,caught,1,decode
9564,bit_flip,1811124,1,caught,1,decode
9565,random_bytes,4012361,2,caught,1,decode
9566,zeroed_run,3082969,2062,caught,1,decode
9567,truncation,2365940,3179046,caught,1,decode
9568,header,541,1,caught,1,decode
9569,payload,3496066,1,caught,1,decode
9570,bit_flip,3725985,1,caught,1,decode
9571,random_bytes,3267558,16,caught,1,decode
9572,zeroed_run,3552428,310,caught,1,decode
9573,truncation,877861,4667125,caught,1,decode
9574,header,599,1,caught,1,decode
9575,payload,3483981,1,caught,1,decode
9576,bit_flip,1161094,1,caught,1,decode
9577,random_bytes,5497598,1,caught,1,decode
9578,zeroed_run,725519,170,caught,1,decode
9579,truncation,5094736,450250,caught,1,decode
9580,header,841,1,caught,1,decode
9581,payload,4699766,1,caught,1,decode
9582,bit_flip,1686479,1,caught,1,decode
9583,random_bytes,2751326,15,caught,1,decode
9584,zeroed_run,2605046,980,caught,1,decode
9585,truncation,1848700,3696286,caught,1,decode
9586,header,240,1,caught,1,decode
9587,payload,5413298,1,caught,1,decode
9588,bit_flip,3352544,1,caught,1,decode
9589,random_bytes,2690,4,caught,1,decode
9590,zeroed_run,5170828,4049,caught,1,decode
9591,truncation,4027685,1517301,caught,1,decode
9592,header,365,1,caught,1,decode
9593,payload,4867085,1,caught,1,decode
9594,bit_flip,1441104,1,caught,1,decode
9595,random_bytes,4049675,10,caught,1,decode
9596,zeroed_run,960224,3661,caught,1,decode
9597,truncation,1276675,4268311,caught,1,decode
9598,header,396,1,caught,1,decode
9599,payload,4133530,1,caught,1,decode
9600,bit_flip,65795,1,caught,1,decode
9601,random_bytes,3604563,2,caught,1,decode
9602,zeroed_run,1818435,3899,caught,1,decode
9603,truncation,3788853,1756133,caught,1,decode
9604,header,938,1,caught,1,decode
9605,payload,4188361,1,caught,1,decode
9606,bit_flip,3262150,1,caught,1,decode
9607,random_bytes,2542978,2,caught,1,decode
9608,zeroed_run,122544,3780,caught,1,decode
9609,truncation,353509,5191477,caught,1,decode
9610,header,883,1,caught,1,decode
9611,payload,5447690,1,caught,1,decode
9612,bit_flip,4421083,1,caught,1,decode
9613,random_bytes,1789233,8,caught,1,decode
9614,zeroed_run,4056294,3560,caught,1,decode
9615,truncation,1327383,4217603,caught,1,decode
9616,header,629,1,caught,1,decode
9617,payload,645277,1,caught,1,decode
9618,bit_flip,2145851,1,caught,1,decode
9619,random_bytes,265808,3,caught,1,decode
9620,zeroed_run,4645787,3997,caught,1,decode
9621,truncation,5397719,147267,caught,1,decode
9622,header,533,1,caught,1,decode
9623,payload,4260330,1,caught,1,decode
9624,bit_flip,3541636,1,caught,1,decode
9625,random_bytes,616216,16,caught,1,decode
9626,zeroed_run,1015352,1681,caught,1,decode
9627,truncation,4298243,1246743,caught,1,decode
9628,header,179,1,caught,1,decode
9629,payload,3575922,1,caught,1,decode
9630,bit_flip,615384,1,caught,1,decode
9631,random_bytes,1581799,1,caught,1,decode
9632,zeroed_run,3490525,2370,caught,1,decode
9633,truncation,69839,5475147,caught,1,decode
9634,header,720,1,caught,1,decode
9635,payload,1521940,1,caught,1,decode
9636,bit_flip,1708670,1,caught,1,decode
9637,random_bytes,4829789,8,caught,1,decode
9638,zeroed_run,4320604,3176,caught,1,decode
9639,truncation,3960836,1584150,caught,1,decode
9640,header,518,1,caught,1,decode
9641,payload,3335977,1,caught,1,decode
9642,bit_flip,2605279,1,caught,1,decode
9643,random_bytes,4484843,7,caught,1,decode
9644,zeroed_run,5283483,41,caught,1,decode
9645,truncation,48752,5496234,caught,1,decode
9646,header,392,1,caught,1,decode
9647,payload,1158824,1,caught,1,decode
9648,bit_flip,1540325,1,caught,1,decode
9649,random_bytes,4957872,7,caught,1,decode
9650,zeroed_run,5498479,729,caught,1,decode
9651,truncation,4032934,1512052,caught,1,decode
9652,header,605,1,caught,1,decode
9653,payload,2917271,1,caught,1,decode
9654,bit_flip,2223623,1,caught,1,decode
9655,random_bytes,2213873,2,caught,1,decode
9656,zeroed_run,5104218,2581,caught,1,decode
9657,truncation,1985286,3559700,caught,1,decode
9658,header,515,1,caught,1,decode
9659,payload,4937778,1,caught,1,decode
9660,bit_flip,315256,1,caught,1,decode
9661,random_bytes,5416463,13,caught,1,decode
9662,zeroed_run,1384822,1775,caught,1,decode
9663,truncation,2118831,3426155,caught,1,decode
9664,header,443,1,caught,1,decode
9665,payload,5385704,1,caught,1,decode
9666,bit_flip,4861182,1,caught,1,decode
9667,random_bytes,1945965,7,caught,1,decode
9668,zeroed_run,3876079,2598,caught,1,decode
9669,truncation,1556250,3988736,caught,1,decode
9670,header,199,1,caught,1,decode
9671,payload,5406546,1,caught,1,decode
9672,bit_flip,2385205,1,caught,1,decode
9673,random_bytes,2352599,14,caught,1,decode
9674,zeroed_run,5036612,133,caught,1,decode
9675,truncation,113686,5431300,caught,1,decode
9676,header,745,1,caught,1,decode
9677,payload,3123378,1,caught,1,decode
9678,bit_flip,3337932,1,caught,1,decode
9679,random_bytes,707087,12,caught,1,decode
9680,zeroed_run,3948537,2185,caught,1,decode
9681,truncation,1265456,4279530,caught,1,decode
9682,header,332,1,caught,1,decode
9683,payload,1362159,1,caught,1,decode
9684,bit_flip,4430245,1,caught,1,decode
9685,random_bytes,1747094,9,caught,1,decode
9686,zeroed_run,3042095,781,caught,1,decode
9687,truncation,1637620,3907366,caught,1,decode
9688,header,980,1,caught,1,decode
9689,payload,3900467,1,caught,1,decode
9690,bit_flip,4952337,1,caught,1,decode
9691,random_bytes,162120,4,caught,1,decode
9692,zeroed_run,2871892,2174,caught,1,decode
9693,truncation,2707159,2837827,caught,1,decode
9694,header,785,1,caught,1,decode
9695,payload,694715,1,caught,1,decode
9696,bit_flip,956871,1,caught,1,decode
9697,random_bytes,4694805,6,caught,1,decode
9698,zeroed_run,4677078,578,caught,1,decode
9699,truncation,1121238,4423748,caught,1,decode
9700,header,417,1,caught,1,decode
9701,payload,2451989,1,caught,1,decode
9702,bit_flip,4115006,1,caught,1,decode
9703,random_bytes,2771079,11,caught,1,decode
9704,zeroed_run,1122322,859,caught,1,decode
9705,truncation,4593539,951447,caught,1,decode
9706,header,713,1,caught,1,decode
9707,payload,5008477,1,caught,1,decode
9708,bit_flip,2235458,1,caught,1,decode
9709,random_bytes,2079085,4,caught,1,decode
9710,zeroed_run,134055,3765,caught,1,decode
9711,truncation,3713642,1831344,caught,1,decode
9712,header,915,1,caught,1,decode
9713,payload,3475292,1,caught,1,decode
9714,bit_flip,4229821,1,caught,1,decode
9715,random_bytes,4019737,15,caught,1,decode
9716,zeroed_run,82416,3103,caught,1,decode
9717,truncation,2195988,3348998,caught,1,decode
9718,header,435,1,caught,1,decode
9719,payload,4313249,1,caught,1,decode
9720,bit_flip,3713083,1,caught,1,decode
9721,random_bytes,1479098,14,caught,1,decode
9722,zeroed_run,2266095,488,caught,1,decode
9723,truncation,5131918,413068,caught,1,decode
9724,header,202,1,caught,1,decode
9725,payload,5047396,1,caught,1,decode
9726,bit_flip,3838289,1,caught,1,decode
9727,random_bytes,3804025,11,caught,1,decode
9728,zeroed_run,2021577,2870,caught,1,decode
9729,truncation,247693,5297293,caught,1,decode
9730,header,362,1,caught,1,decode
9731,payload,2790927,1,caught,1,decode
9732,bit_flip,3549989,1,caught,1,decode
9733,random_bytes,3444603,15,caught,1,decode
9734,zeroed_run,2102015,149,caught,1,decode
9735,truncation,1990535,3554451,caught,1,decode
9736,header,105,1,caught,1,decode
9737,payload,2043853,1,caught,1,decode
9738,bit_flip,5404507,1,caught,1,decode
9739,random_bytes,824700,3,caught,1,decode
9740,zeroed_run,4795363,3131,caught,1,decode
9741,truncation,3246799,2298187,caught,1,decode
9742,header,429,1,caught,1,decode
9743,payload,5113194,1,caught,1,decode
9744,bit_flip,4083549,1,caught,1,decode
9745,random_bytes,721744,6,caught,1,decode
9746,zeroed_run,1342323,3200,caught,1,decode
9747,truncation,3522837,2022149,caught,1,decode
9748,header,333,1,caught,1,decode
9749,payload,4070935,1,caught,1,decode
9750,bit_flip,3150662,1,caught,1,decode
9751,random_bytes,172473,11,caught,1,decode
9752,zeroed_run,3084497,2989,caught,1,decode
9753,truncation,5143543,401443,caught,1,decode
9754,header,766,1,caught,1,decode
9755,payload,3163629,1,caught,1,decode
9756,bit_flip,4074351,1,caught,1,decode
9757,random_bytes,4271146,8,caught,1,decode
9758,zeroed_run,991738,3967,caught,1,decode
9759,truncation,2429533,3115453,caught,1,decode
9760,header,494,1,caught,1,decode
9761,payload,5294474,1,caught,1,decode
9762,bit_flip,4861140,1,caught,1,decode
9763,random_bytes,5274370,10,caught,1,decode
9764,zeroed_run,1964183,3032,caught,1,decode
9765,truncation,1330770,4214216,caught,1,decode
9766,header,644,1,caught,1,decode
9767,payload,4329390,1,caught,1,decode
9768,bit_flip,2026345,1,caught,1,decode
9769,random_bytes,5142670,9,caught,1,decode
9770,zeroed_run,1208430,1745,caught,1,decode
9771,truncation,2442143,3102843,caught,1,decode
9772,header,504,1,caught,1,decode
9773,payload,5150361,1,caught,1,decode
9774,bit_flip,4392201,1,caught,1,decode
9775,random_bytes,2171742,7,caught,1,decode
9776,zeroed_run,1581196,399,caught,1,decode
9777,truncation,4822347,722639,caught,1,decode
9778,header,952,1,caught,1,decode
9779,payload,1583610,1,caught,1,decode
9780,bit_flip,4839725,1,caught,1,decode
9781,random_bytes,3912917,2,caught,1,decode
9782,zeroed_run,797264,1085,caught,1,decode
9783,truncation,2819165,2725821,caught,1,decode
9784,header,761,1,caught,1,decode
9785,payload,3161690,1,caught,1,decode
9786,bit_flip,5163625,1,caught,1,decode
9787,random_bytes,4754813,10,caught,1,decode
9788,zeroed_run,2783420,3030,caught,1,decode
9789,truncation,5395715,149271,caught,1,decode
9790,header,40,1,caught,1,decode
9791,payload,1873865,1,caught,1,decode
9792,bit_flip,4894161,1,caught,1,decode
9793,random_bytes,522279,9,caught,1,decode
9794,zeroed_run,1418982,2197,caught,1,decode
9795,truncation,4376772,1168214,caught,1,decode
9796,header,11,1,caught,1,decode
9797,payload,2416412,1,caught,1,decode
9798,bit_flip,2499842,1,caught,1,decode
9799,random_bytes,2335240,11,caught,1,decode
9800,zeroed_run,2322291,2308,caught,1,decode
9801,truncation,4005852,1539134,caught,1,decode
9802,header,1017,1,caught,1,decode
9803,payload,52366,1,caught,1,decode
9804,bit_flip,4973386,1,caught,1,decode
9805,random_bytes,3970007,12,caught,1,decode
9806,zeroed_run,5489594,486,caught,1,decode
9807,truncation,2864099,2680887,caught,1,decode
9808,header,416,1,caught,1,decode
9809,payload,912855,1,caught,1,decode
9810,bit_flip,4481448,1,caught,1,decode
9811,random_bytes,2904156,5,caught,1,decode
9812,zeroed_run,2520078,272,caught,1,decode
9813,truncation,2421190,3123796,caught,1,decode
9814,header,817,1,caught,1,decode
9815,payload,128827,1,caught,1,decode
9816,bit_flip,1719632,1,caught,1,decode
9817,random_bytes,5059057,12,caught,1,decode
9818,zeroed_run,2823847,3264,caught,1,decode
9819,truncation,4666964,878022,caught,1,decode
9820,header,725,1,caught,1,decode
9821,payload,3334828,1,caught,1,decode
9822,bit_flip,64233,1,caught,1,decode
9823,random_bytes,5158585,11,caught,1,decode
9824,zeroed_run,3059531,3864,caught,1,decode
9825,truncation,2719209,2825777,caught,1,decode
9826,header,233,1,caught,1,decode
9827,payload,3431805,1,caught,1,decode
9828,bit_flip,5207333,1,caught,1,decode
9829,random_bytes,243329,10,caught,1,decode
9830,zeroed_run,3275441,1862,caught,1,decode
9831,truncation,3256068,2288918,caught,1,decode
9832,header,760,1,caught,1,decode
9833,payload,360756,1,caught,1,decode
9834,bit_flip,3983800,1,caught,1,decode
9835,random_bytes,1128505,13,caught,1,decode
9836,zeroed_run,139223,3006,caught,1,decode
9837,truncation,4460041,1084945,caught,1,decode
9838,header,48,1,caught,1,decode
9839,payload,5434503,1,caught,1,decode
9840,bit_flip,1891744,1,caught,1,decode
9841,random_bytes,3438651,6,caught,1,decode
9842,zeroed_run,5338751,200,caught,1,decode
9843,truncation,246319,5298667,caught,1,decode
9844,header,841,1,caught,1,decode
9845,payload,3045759,1,caught,1,decode
9846,bit_flip,3670925,1,caught,1,decode
9847,random_bytes,731387,13,caught,1,decode
9848,zeroed_run,4078912,2243,caught,1,decode
9849,truncation,2538387,3006599,caught,1,decode
9850,header,966,1,caught,1,decode
9851,payload,493730,1,caught,1,decode
9852,bit_flip,1212365,1,caught,1,decode
9853,random_bytes,3025927,3,caught,1,decode
9854,zeroed_run,2153202,767,caught,1,decode
9855,truncation,2312179,3232807,caught,1,decode
9856,header,770,1,caught,1,decode
9857,payload,2545461,1,caught,1,decode
9858,bit_flip,4594663,1,caught,1,decode
9859,random_bytes,2172051,13,caught,1,decode
9860,zeroed_run,796394,3637,caught,1,decode
9861,truncation,4395382,1149604,caught,1,decode
9862,header,210,1,caught,1,decode
9863,payload,3514354,1,caught,1,decode
9864,bit_flip,2697880,1,caught,1,decode
9865,random_bytes,2325405,6,caught,1,decode
9866,zeroed_run,1373587,2134,caught,1,decode
9867,truncation,4652741,892245,caught,1,decode
9868,header,841,1,caught,1,decode
9869,payload,3162398,1,caught,1,decode
9870,bit_flip,4079560,1,caught,1,decode
9871,random_bytes,4159653,4,caught,1,decode
9872,zeroed_run,2412582,3266,caught,1,decode
9873,truncation,63965,5481021,caught,1,decode
9874,header,1,1,caught,1,decode
9875,payload,4764094,1,caught,1,decode
9876,bit_flip,39086,1,caught,1,decode
9877,random_bytes,1179911,13,caught,1,decode
9878,zeroed_run,3094997,992,caught,1,decode
9879,truncation,5512686,32300,caught,1,decode
9880,header,792,1,caught,1,decode
9881,payload,2891098,1,caught,1,decode
9882,bit_flip,2430901,1,caught,1,decode
9883,random_bytes,757843,13,caught,1,decode
9884,zeroed_run,2014793,3475,caught,1,decode
9885,truncation,2130136,3414850,caught,1,decode
9886,header,821,1,caught,1,decode
9887,payload,4392718,1,caught,1,decode
9888,bit_flip,2538828,1,caught,1,decode
9889,random_bytes,4886276,10,caught,1,decode
9890,zeroed_run,3175440,96,caught,1,decode
9891,truncation,117679,5427307,caught,1,decode
9892,header,600,1,caught,1,decode
9893,payload,3118443,1,caught,1,decode
9894,bit_flip,2396533,1,caught,1,decode
9895,random_bytes,2659822,10,caught,1,decode
9896,zeroed_run,4355139,611,caught,1,decode
9897,truncation,1528205,4016781,caught,1,decode
9898,header,95,1,caught,1,decode
9899,payload,4653906,1,caught,1,decode
9900,bit_flip,448398,1,caught,1,decode
9901,random_bytes,2975832,6,caught,1,decode
9902,zeroed_run,2491243,2691,caught,1,decode
9903,truncation,3866007,1678979,caught,1,decode
9904,header,664,1,caught,1,decode
9905,payload,2822001,1,caught,1,decode
9906,bit_flip,4140105,1,caught,1,decode
9907,random_bytes,8607,5,caught,1,decode
9908,zeroed_run,3814706,3825,caught,1,decode
9909,truncation,4033934,1511052,caught,1,decode
9910,header,724,1,caught,1,decode
9911,payload,264514,1,caught,1,decode
9912,bit_flip,5431312,1,caught,1,decode
9913,random_bytes,5032815,1,caught,1,decode
9914,zeroed_run,3115143,1263,caught,1,decode
9915,truncation,1353046,4191940,caught,1,decode
9916,header,101,1,caught,1,decode
9917,payload,2785710,1,caught,1,decode
9918,bit_flip,1471754,1,caught,1,decode
9919,random_bytes,5109057,6,caught,1,decode
9920,zeroed_run,1880283,2371,caught,1,decode
9921,truncation,2095682,3449304,caught,1,decode
9922,header,436,1,caught,1,decode
9923,payload,2537872,1,caught,1,decode
9924,bit_flip,1722161,1,caught,1,decode
9925,random_bytes,3130086,1,caught,1,decode
9926,zeroed_run,5101927,3833,caught,1,decode
9927,truncation,3825829,1719157,caught,1,decode
9928,header,360,1,caught,1,decode
9929,payload,4856598,1,caught,1,decode
9930,bit_flip,2081774,1,caught,1,decode
9931,random_bytes,5248481,13,caught,1,decode
9932,zeroed_run,3227718,527,caught,1,decode
9933,truncation,3164865,2380121,caught,1,decode
9934,header,933,1,caught,1,decode
9935,payload,4711471,1,caught,1,decode
9936,bit_flip,886562,1,caught,1,decode
9937,random_bytes,1509593,15,caught,1,decode
9938,zeroed_run,5422790,390,caught,1,decode
9939,truncation,4481538,1063448,caught,1,decode
9940,header,864,1,caught,1,decode
9941,payload,2560555,1,caught,1,decode
9942,bit_flip,424818,1,caught,1,decode
9943,random_bytes,3536290,2,caught,1,decode
9944,zeroed_run,1231546,1866,caught,1,decode
9945,truncation,1857101,3687885,caught,1,decode
9946,header,690,1,caught,1,decode
9947,payload,4111026,1,caught,1,decode
9948,bit_flip,49658,1,caught,1,decode
9949,random_bytes,2121083,10,caught,1,decode
9950,zeroed_run,3346198,3531,caught,1,decode
9951,truncation,206432,5338554,caught,1,decode
9952,header,1009,1,caught,1,decode
9953,payload,1737725,1,caught,1,decode
9954,bit_flip,5197889,1,caught,1,decode
9955,random_bytes,363503,6,caught,1,decode
9956,zeroed_run,2633044,3329,caught,1,decode
9957,truncation,1505049,4039937,caught,1,decode
9958,header,756,1,caught,1,decode
9959,payload,2205853,1,caught,1,decode
9960,bit_flip,691000,1,caught,1,decode
9961,random_bytes,4982297,8,caught,1,decode
9962,zeroed_run,3561610,1391,caught,1,decode
9963,truncation,196673,5348313,caught,1,decode
9964,header,328,1,caught,1,decode
9965,payload,1125680,1,caught,1,decode
9966,bit_flip,2027144,1,caught,1,decode
9967,random_bytes,1392908,6,caught,1,decode
9968,zeroed_run,1241134,3545,caught,1,decode
9969,truncation,3431096,2113890,caught,1,decode
9970,header,314,1,caught,1,decode
9971,payload,1218121,1,caught,1,decode
9972,bit_flip,4974859,1,caught,1,decode
9973,random_bytes,2526672,5,caught,1,decode
9974,zeroed_run,623870,1317,caught,1,decode
9975,truncation,4406182,1138804,caught,1,decode
9976,header,643,1,caught,1,decode
9977,payload,1907847,1,caught,1,decode
9978,bit_flip,4034211,1,caught,1,decode
9979,random_bytes,5227623,9,caught,1,decode
9980,zeroed_run,4617756,3831,caught,1,decode
9981,truncation,5461574,83412,caught,1,decode
9982,header,176,1,caught,1,decode
9983,payload,1405497,1,caught,1,decode
9984,bit_flip,4634978,1,caught,1,decode
9985,random_bytes,4505216,1,caught,1,decode
9986,zeroed_run,292310,768,caught,1,decode
9987,truncation,2347531,3197455,caught,1,decode
9988,header,245,1,caught,1,decode
9989,payload,2420280,1,caught,1,decode
9990,bit_flip,716258,1,caught,1,decode
9991,random_bytes,3619444,11,caught,1,decode
9992,zeroed_run,645627,3628,caught,1,decode
9993,truncation,2651736,2893250,caught,1,decode
9994,header,486,1,caught,1,decode
9995,payload,4215942,1,caught,1,decode
9996,bit_flip,2950418,1,caught,1,decode
9997,random_bytes,3609305,8,caught,1,decode
9998,zeroed_run,1998331,1604,caught,1,decode
9999,truncation,998602,4546384,caught,1,decode
