case,kind,offset,length,outcome,returncode,phase
0,bit_flip,3013332,1,caught,66,decode
1,random_bytes,6556892,11,caught,66,decode
2,zeroed_run,4956620,2888,SILENT,0,decode
3,truncation,1334776,7948075,caught,68,decode
4,header,489,1,SILENT,0,decode
5,payload,6234061,1,caught,66,decode
6,bit_flip,3646218,1,SILENT,0,decode
7,random_bytes,4166697,16,SILENT,0,decode
8,zeroed_run,1856462,3387,SILENT,0,decode
9,truncation,2473469,6809382,caught,68,decode
10,header,651,1,SILENT,0,decode
11,payload,7224567,1,SILENT,0,decode
12,bit_flip,4483373,1,SILENT,0,decode
13,random_bytes,35112,2,caught,66,decode
14,zeroed_run,6965523,374,SILENT,0,decode
15,truncation,6482323,2800528,caught,68,decode
16,header,523,1,SILENT,0,decode
17,payload,4748131,1,SILENT,0,decode
18,bit_flip,3930484,1,SILENT,0,decode
19,random_bytes,1352553,4,SILENT,0,decode
20,zeroed_run,754979,151,SILENT,0,decode
21,truncation,7689440,1593411,caught,68,decode
22,header,179,1,SILENT,0,decode
23,payload,1632467,1,SILENT,0,decode
24,bit_flip,8029185,1,caught,66,decode
25,random_bytes,2630338,15,SILENT,0,decode
26,zeroed_run,620479,1656,SILENT,0,decode
27,truncation,2005279,7277572,caught,68,decode
28,header,440,1,SILENT,0,decode
29,payload,8787849,1,caught,66,decode
30,bit_flip,5601053,1,SILENT,0,decode
31,random_bytes,2399423,12,SILENT,0,decode
32,zeroed_run,36208,1080,caught,66,decode
33,truncation,1635383,7647468,caught,68,decode
34,header,818,1,SILENT,0,decode
35,payload,3464367,1,SILENT,0,decode
36,bit_flip,6630105,1,SILENT,0,decode
37,random_bytes,7618002,9,caught,66,decode
38,zeroed_run,7368305,1998,SILENT,0,decode
39,truncation,4373958,4908893,caught,68,decode
40,header,829,1,SILENT,0,decode
41,payload,3617891,1,SILENT,0,decode
42,bit_flip,3897120,1,SILENT,0,decode
43,random_bytes,6888204,14,caught,66,decode
44,zeroed_run,2721673,1736,SILENT,0,decode
45,truncation,2680895,6601956,caught,68,decode
46,header,725,1,SILENT,0,decode
47,payload,3991732,1,SILENT,0,decode
48,bit_flip,1738129,1,SILENT,0,decode
49,random_bytes,2875774,14,SILENT,0,decode
50,zeroed_run,8568964,2107,SILENT,0,decode
51,truncation,1402480,7880371,caught,68,decode
52,header,142,1,SILENT,0,decode
53,payload,4784274,1,caught,66,decode
54,bit_flip,642955,1,caught,66,decode
55,random_bytes,3174532,13,caught,66,decode
56,zeroed_run,4910709,1811,SILENT,0,decode
57,truncation,8621690,661161,caught,68,decode
58,header,848,1,SILENT,0,decode
59,payload,2361800,1,SILENT,0,decode
60,bit_flip,3780627,1,SILENT,0,decode
61,random_bytes,661002,7,SILENT,0,decode
62,zeroed_run,4006680,3703,SILENT,0,decode
63,truncation,2288628,6994223,caught,68,decode
64,header,289,1,SILENT,0,decode
65,payload,8744990,1,SILENT,0,decode
66,bit_flip,1863858,1,SILENT,0,decode
67,random_bytes,4836217,14,caught,66,decode
68,zeroed_run,9228399,1603,SILENT,0,decode
69,truncation,6508656,2774195,caught,68,decode
70,header,659,1,caught,66,decode
71,payload,3858007,1,caught,66,decode
72,bit_flip,2190182,1,SILENT,0,decode
73,random_bytes,5333601,2,SILENT,0,decode
74,zeroed_run,3484714,917,SILENT,0,decode
75,truncation,515995,8766856,caught,68,decode
76,header,146,1,SILENT,0,decode
77,payload,1811243,1,SILENT,0,decode
78,bit_flip,7505486,1,SILENT,0,decode
79,random_bytes,4357392,15,SILENT,0,decode
80,zeroed_run,5854631,4044,SILENT,0,decode
81,truncation,2564250,6718601,caught,68,decode
82,header,837,1,SILENT,0,decode
83,payload,3054602,1,caught,66,decode
84,bit_flip,1845956,1,SILENT,0,decode
85,random_bytes,218208,5,caught,66,decode
86,zeroed_run,7439446,2695,SILENT,0,decode
87,truncation,7170125,2112726,caught,68,decode
88,header,807,1,SILENT,0,decode
89,payload,1241116,1,SILENT,0,decode
90,bit_flip,8107577,1,SILENT,0,decode
91,random_bytes,5103343,3,caught,66,decode
92,zeroed_run,1560455,3589,SILENT,0,decode
93,truncation,7378824,1904027,caught,68,decode
94,header,69,1,SILENT,0,decode
95,payload,5535269,1,caught,66,decode
96,bit_flip,7041756,1,caught,66,decode
97,random_bytes,6222633,4,caught,66,decode
98,zeroed_run,8710425,797,SILENT,0,decode
99,truncation,5988971,3293880,caught,68,decode
100,header,853,1,caught,66,decode
101,payload,2230208,1,caught,66,decode
102,bit_flip,250422,1,SILENT,0,decode
103,random_bytes,1157593,3,caught,66,decode
104,zeroed_run,663922,1076,SILENT,0,decode
105,truncation,8503606,779245,caught,68,decode
106,header,597,1,SILENT,0,decode
107,payload,6571874,1,SILENT,0,decode
108,bit_flip,9085280,1,SILENT,0,decode
109,random_bytes,589552,14,SILENT,0,decode
110,zeroed_run,7137788,2783,SILENT,0,decode
111,truncation,2018813,7264038,caught,68,decode
112,header,655,1,caught,66,decode
113,payload,7751292,1,SILENT,0,decode
114,bit_flip,511384,1,SILENT,0,decode
115,random_bytes,4704986,3,caught,66,decode
116,zeroed_run,351661,1433,SILENT,0,decode
117,truncation,8830404,452447,caught,68,decode
118,header,622,1,SILENT,0,decode
119,payload,5395606,1,SILENT,0,decode
120,bit_flip,7775249,1,SILENT,0,decode
121,random_bytes,2766084,15,caught,66,decode
122,zeroed_run,6699308,2343,SILENT,0,decode
123,truncation,1695314,7587537,caught,68,decode
124,header,827,1,SILENT,0,decode
125,payload,918150,1,SILENT,0,decode
126,bit_flip,8292262,1,SILENT,0,decode
127,random_bytes,3677157,14,SILENT,0,decode
128,zeroed_run,4601480,3887,caught,66,decode
129,truncation,8828277,454574,caught,68,decode
130,header,658,1,SILENT,0,decode
131,payload,1546743,1,SILENT,0,decode
132,bit_flip,3758967,1,SILENT,0,decode
133,random_bytes,2949759,3,SILENT,0,decode
134,zeroed_run,5333559,2203,SILENT,0,decode
135,truncation,7462673,1820178,caught,68,decode
136,header,790,1,SILENT,0,decode
137,payload,2121521,1,SILENT,0,decode
138,bit_flip,851245,1,SILENT,0,decode
139,random_bytes,5646175,2,SILENT,0,decode
140,zeroed_run,5035027,3371,SILENT,0,decode
141,truncation,9092725,190126,caught,68,decode
142,header,501,1,SILENT,0,decode
143,payload,4500332,1,SILENT,0,decode
144,bit_flip,5298084,1,SILENT,0,decode
145,random_bytes,4302279,12,SILENT,0,decode
146,zeroed_run,1981307,3468,SILENT,0,decode
147,truncation,30396,9252455,caught,68,decode
148,header,901,1,SILENT,0,decode
149,payload,2919003,1,SILENT,0,decode
150,bit_flip,3085026,1,caught,66,decode
151,random_bytes,1290260,11,caught,66,decode
152,zeroed_run,1852647,259,SILENT,0,decode
153,truncation,4176761,5106090,caught,68,decode
154,header,845,1,SILENT,0,decode
155,payload,1006806,1,SILENT,0,decode
156,bit_flip,2386336,1,SILENT,0,decode
157,random_bytes,1282240,11,caught,66,decode
158,zeroed_run,1068216,2961,SILENT,0,decode
159,truncation,6196929,3085922,caught,68,decode
160,header,305,1,caught,66,decode
161,payload,7207188,1,caught,66,decode
162,bit_flip,7772692,1,SILENT,0,decode
163,random_bytes,6865436,7,caught,66,decode
164,zeroed_run,6167959,3017,SILENT,0,decode
165,truncation,8342319,940532,caught,68,decode
166,header,997,1,SILENT,0,decode
167,payload,8461986,1,SILENT,0,decode
168,bit_flip,7037833,1,SILENT,0,decode
169,random_bytes,5671244,16,SILENT,0,decode
170,zeroed_run,2426880,2038,SILENT,0,decode
171,truncation,4318948,4963903,caught,68,decode
172,header,974,1,SILENT,0,decode
173,payload,7807797,1,SILENT,0,decode
174,bit_flip,2904954,1,caught,66,decode
175,random_bytes,1673394,13,SILENT,0,decode
176,zeroed_run,2347052,65,SILENT,0,decode
177,truncation,8796236,486615,caught,68,decode
178,header,121,1,SILENT,0,decode
179,payload,4804612,1,SILENT,0,decode
180,bit_flip,5295005,1,caught,66,decode
181,random_bytes,1857587,6,SILENT,0,decode
182,zeroed_run,3109877,1445,SILENT,0,decode
183,truncation,4866948,4415903,caught,68,decode
184,header,336,1,caught,66,decode
185,payload,3151370,1,caught,66,decode
186,bit_flip,7577928,1,SILENT,0,decode
187,random_bytes,4436130,1,SILENT,0,decode
188,zeroed_run,1419062,1317,SILENT,0,decode
189,truncation,3154935,6127916,caught,68,decode
190,header,440,1,SILENT,0,decode
191,payload,8776980,1,SILENT,0,decode
192,bit_flip,9138176,1,caught,66,decode
193,random_bytes,5525026,8,caught,66,decode
194,zeroed_run,7517957,3426,SILENT,0,decode
195,truncation,6958699,2324152,caught,68,decode
196,header,61,1,caught,66,decode
197,payload,7593603,1,caught,66,decode
198,bit_flip,8872743,1,SILENT,0,decode
199,random_bytes,6948650,13,caught,66,decode
200,zeroed_run,5519687,1914,SILENT,0,decode
201,truncation,1991955,7290896,caught,68,decode
202,header,205,1,SILENT,0,decode
203,payload,1522299,1,SILENT,0,decode
204,bit_flip,2386177,1,SILENT,0,decode
205,random_bytes,4723822,3,SILENT,0,decode
206,zeroed_run,462588,797,SILENT,0,decode
207,truncation,7514809,1768042,caught,68,decode
208,header,121,1,SILENT,0,decode
209,payload,2569381,1,SILENT,0,decode
210,bit_flip,4161789,1,SILENT,0,decode
211,random_bytes,3352853,11,SILENT,0,decode
212,zeroed_run,8411147,3284,SILENT,0,decode
213,truncation,5762771,3520080,caught,68,decode
214,header,38,1,caught,66,decode
215,payload,4404276,1,caught,66,decode
216,bit_flip,7227722,1,SILENT,0,decode
217,random_bytes,7656295,16,caught,66,decode
218,zeroed_run,8354430,1064,SILENT,0,decode
219,truncation,7518949,1763902,caught,68,decode
220,header,436,1,SILENT,0,decode
221,payload,4529698,1,SILENT,0,decode
222,bit_flip,7844640,1,caught,66,decode
223,random_bytes,8024865,10,SILENT,0,decode
224,zeroed_run,4357413,2283,SILENT,0,decode
225,truncation,3158883,6123968,caught,68,decode
226,header,907,1,SILENT,0,decode
227,payload,1967956,1,SILENT,0,decode
228,bit_flip,8455359,1,SILENT,0,decode
229,random_bytes,4609469,10,caught,66,decode
230,zeroed_run,2676602,3983,SILENT,0,decode
231,truncation,1693949,7588902,caught,68,decode
232,header,327,1,SILENT,0,decode
233,payload,297814,1,SILENT,0,decode
234,bit_flip,3954188,1,caught,66,decode
235,random_bytes,5147653,16,caught,66,decode
236,zeroed_run,2973964,509,SILENT,0,decode
237,truncation,8264752,1018099,caught,68,decode
238,header,434,1,SILENT,0,decode
239,payload,5915935,1,caught,66,decode
240,bit_flip,6344051,1,SILENT,0,decode
241,random_bytes,566937,12,caught,66,decode
242,zeroed_run,4819395,3521,SILENT,0,decode
243,truncation,4190906,5091945,caught,68,decode
244,header,10,1,caught,66,decode
245,payload,3538253,1,SILENT,0,decode
246,bit_flip,7148475,1,SILENT,0,decode
247,random_bytes,7949963,12,SILENT,0,decode
248,zeroed_run,4747296,3179,SILENT,0,decode
249,truncation,552390,8730461,caught,68,decode
250,header,886,1,SILENT,0,decode
251,payload,5511105,1,SILENT,0,decode
252,bit_flip,2906901,1,SILENT,0,decode
253,random_bytes,8916019,12,SILENT,0,decode
254,zeroed_run,6695558,663,SILENT,0,decode
255,truncation,9137272,145579,caught,68,decode
256,header,921,1,SILENT,0,decode
257,payload,6644657,1,SILENT,0,decode
258,bit_flip,6022717,1,SILENT,0,decode
259,random_bytes,1004349,2,SILENT,0,decode
260,zeroed_run,9216029,2966,SILENT,0,decode
261,truncation,3789207,5493644,caught,68,decode
262,header,101,1,SILENT,0,decode
263,payload,8951293,1,SILENT,0,decode
264,bit_flip,1404463,1,SILENT,0,decode
265,random_bytes,3708642,9,SILENT,0,decode
266,zeroed_run,5693551,1342,SILENT,0,decode
267,truncation,132299,9150552,caught,68,decode
268,header,611,1,SILENT,0,decode
269,payload,3827136,1,SILENT,0,decode
270,bit_flip,8747823,1,SILENT,0,decode
271,random_bytes,1578713,9,SILENT,0,decode
272,zeroed_run,4690049,286,SILENT,0,decode
273,truncation,8675520,607331,caught,68,decode
274,header,551,1,caught,66,decode
275,payload,4533836,1,SILENT,0,decode
276,bit_flip,7137713,1,SILENT,0,decode
277,random_bytes,2038103,11,caught,66,decode
278,zeroed_run,4798833,4078,SILENT,0,decode
279,truncation,3012706,6270145,caught,68,decode
280,header,861,1,SILENT,0,decode
281,payload,947089,1,SILENT,0,decode
282,bit_flip,1477899,1,SILENT,0,decode
283,random_bytes,5409097,11,SILENT,0,decode
284,zeroed_run,2469801,3850,SILENT,0,decode
285,truncation,4227097,5055754,caught,68,decode
286,header,105,1,SILENT,0,decode
287,payload,4967293,1,SILENT,0,decode
288,bit_flip,1018861,1,SILENT,0,decode
289,random_bytes,2192087,16,SILENT,0,decode
290,zeroed_run,362000,91,SILENT,0,decode
291,truncation,3478835,5804016,caught,68,decode
292,header,412,1,SILENT,0,decode
293,payload,1359684,1,SILENT,0,decode
294,bit_flip,665823,1,caught,66,decode
295,random_bytes,4632764,8,SILENT,0,decode
296,zeroed_run,5813872,4033,SILENT,0,decode
297,truncation,1828435,7454416,caught,68,decode
298,header,69,1,SILENT,0,decode
299,payload,4303331,1,SILENT,0,decode
300,bit_flip,225990,1,SILENT,0,decode
301,random_bytes,2804558,1,SILENT,0,decode
302,zeroed_run,4171406,1420,SILENT,0,decode
303,truncation,1635689,7647162,caught,68,decode
304,header,784,1,SILENT,0,decode
305,payload,6648416,1,SILENT,0,decode
306,bit_flip,1969030,1,SILENT,0,decode
307,random_bytes,4480307,2,SILENT,0,decode
308,zeroed_run,6454545,2954,SILENT,0,decode
309,truncation,6643123,2639728,caught,68,decode
310,header,347,1,SILENT,0,decode
311,payload,2003433,1,SILENT,0,decode
312,bit_flip,5986483,1,caught,66,decode
313,random_bytes,1046583,16,SILENT,0,decode
314,zeroed_run,3620865,2199,SILENT,0,decode
315,truncation,8809018,473833,caught,68,decode
316,header,678,1,SILENT,0,decode
317,payload,8974033,1,SILENT,0,decode
318,bit_flip,8104850,1,SILENT,0,decode
319,random_bytes,8820661,11,SILENT,0,decode
320,zeroed_run,5633368,3887,SILENT,0,decode
321,truncation,7132369,2150482,caught,68,decode
322,header,721,1,caught,66,decode
323,payload,3062541,1,caught,66,decode
324,bit_flip,4457795,1,SILENT,0,decode
325,random_bytes,7171981,12,caught,66,decode
326,zeroed_run,4023560,3344,SILENT,0,decode
327,truncation,5170044,4112807,caught,68,decode
328,header,152,1,caught,66,decode
329,payload,5277351,1,SILENT,0,decode
330,bit_flip,8748299,1,SILENT,0,decode
331,random_bytes,6244821,2,SILENT,0,decode
332,zeroed_run,6115361,2588,SILENT,0,decode
333,truncation,7844245,1438606,caught,68,decode
334,header,551,1,caught,66,decode
335,payload,6438012,1,SILENT,0,decode
336,bit_flip,6119320,1,caught,66,decode
337,random_bytes,3653501,12,SILENT,0,decode
338,zeroed_run,6754565,463,SILENT,0,decode
339,truncation,1162981,8119870,caught,68,decode
340,header,604,1,caught,66,decode
341,payload,5289495,1,SILENT,0,decode
342,bit_flip,5953899,1,SILENT,0,decode
343,random_bytes,1620461,15,caught,66,decode
344,zeroed_run,6936830,1006,caught,66,decode
345,truncation,4556561,4726290,caught,68,decode
346,header,151,1,SILENT,0,decode
347,payload,5169944,1,SILENT,0,decode
348,bit_flip,298985,1,SILENT,0,decode
349,random_bytes,8365938,5,SILENT,0,decode
350,zeroed_run,7566931,3006,SILENT,0,decode
351,truncation,5711017,3571834,caught,68,decode
352,header,692,1,SILENT,0,decode
353,payload,6810229,1,caught,66,decode
354,bit_flip,1805652,1,SILENT,0,decode
355,random_bytes,7938876,3,caught,66,decode
356,zeroed_run,7152215,3155,SILENT,0,decode
357,truncation,5091494,4191357,caught,68,decode
358,header,85,1,SILENT,0,decode
359,payload,5315302,1,SILENT,0,decode
360,bit_flip,2746809,1,SILENT,0,decode
361,random_bytes,1684716,2,caught,66,decode
362,zeroed_run,1845577,47,SILENT,0,decode
363,truncation,924123,8358728,caught,68,decode
364,header,776,1,SILENT,0,decode
365,payload,3446977,1,SILENT,0,decode
366,bit_flip,2840342,1,SILENT,0,decode
367,random_bytes,3984657,6,SILENT,0,decode
368,zeroed_run,4890799,3297,SILENT,0,decode
369,truncation,2706355,6576496,caught,68,decode
370,header,55,1,caught,66,decode
371,payload,5855246,1,SILENT,0,decode
372,bit_flip,703497,1,SILENT,0,decode
373,random_bytes,3687031,10,SILENT,0,decode
374,zeroed_run,353093,3698,SILENT,0,decode
375,truncation,2766086,6516765,caught,68,decode
376,header,233,1,SILENT,0,decode
377,payload,7030455,1,SILENT,0,decode
378,bit_flip,1499934,1,SILENT,0,decode
379,random_bytes,4958760,13,caught,66,decode
380,zeroed_run,6771869,1792,SILENT,0,decode
381,truncation,686122,8596729,caught,68,decode
382,header,602,1,SILENT,0,decode
383,payload,4434562,1,SILENT,0,decode
384,bit_flip,278099,1,SILENT,0,decode
385,random_bytes,8995011,2,caught,66,decode
386,zeroed_run,4807840,917,SILENT,0,decode
387,truncation,4009315,5273536,caught,68,decode
388,header,731,1,SILENT,0,decode
389,payload,3632103,1,SILENT,0,decode
390,bit_flip,4235025,1,SILENT,0,decode
391,random_bytes,6770756,9,caught,66,decode
392,zeroed_run,1081524,2052,SILENT,0,decode
393,truncation,4687023,4595828,caught,68,decode
394,header,1019,1,SILENT,0,decode
395,payload,3262298,1,SILENT,0,decode
396,bit_flip,2465116,1,SILENT,0,decode
397,random_bytes,8042572,15,SILENT,0,decode
398,zeroed_run,611566,2693,SILENT,0,decode
399,truncation,4082876,5199975,caught,68,decode
400,header,482,1,caught,66,decode
401,payload,4958145,1,SILENT,0,decode
402,bit_flip,5713417,1,SILENT,0,decode
403,random_bytes,3902226,13,caught,66,decode
404,zeroed_run,5181191,154,SILENT,0,decode
405,truncation,5314318,3968533,caught,68,decode
406,header,488,1,SILENT,0,decode
407,payload,6996671,1,SILENT,0,decode
408,bit_flip,6362883,1,SILENT,0,decode
409,random_bytes,2085359,9,caught,66,decode
410,zeroed_run,4987394,2836,SILENT,0,decode
411,truncation,1909350,7373501,caught,68,decode
412,header,113,1,caught,66,decode
413,payload,7973305,1,caught,66,decode
414,bit_flip,8543812,1,caught,66,decode
415,random_bytes,6591861,6,caught,66,decode
416,zeroed_run,2749253,1680,SILENT,0,decode
417,truncation,994909,8287942,caught,68,decode
418,header,994,1,SILENT,0,decode
419,payload,1917798,1,SILENT,0,decode
420,bit_flip,5528208,1,caught,66,decode
421,random_bytes,8112647,7,SILENT,0,decode
422,zeroed_run,2955087,3630,SILENT,0,decode
423,truncation,7613892,1668959,caught,68,decode
424,header,905,1,SILENT,0,decode
425,payload,6145118,1,SILENT,0,decode
426,bit_flip,2580871,1,SILENT,0,decode
427,random_bytes,8255408,10,caught,66,decode
428,zeroed_run,4138292,442,SILENT,0,decode
429,truncation,5974011,3308840,caught,68,decode
430,header,315,1,caught,66,decode
431,payload,2197967,1,SILENT,0,decode
432,bit_flip,2013757,1,caught,66,decode
433,random_bytes,4124427,5,SILENT,0,decode
434,zeroed_run,2312125,1030,SILENT,0,decode
435,truncation,8763587,519264,caught,68,decode
436,header,539,1,SILENT,0,decode
437,payload,1624820,1,caught,66,decode
438,bit_flip,7126491,1,SILENT,0,decode
439,random_bytes,8847352,2,caught,66,decode
440,zeroed_run,881070,2776,SILENT,0,decode
441,truncation,8296311,986540,caught,68,decode
442,header,868,1,SILENT,0,decode
443,payload,4392951,1,caught,66,decode
444,bit_flip,3052388,1,SILENT,0,decode
445,random_bytes,2622468,6,caught,66,decode
446,zeroed_run,2412388,3792,SILENT,0,decode
447,truncation,403258,8879593,caught,68,decode
448,header,884,1,SILENT,0,decode
449,payload,5883362,1,SILENT,0,decode
450,bit_flip,5147595,1,SILENT,0,decode
451,random_bytes,2648060,1,SILENT,0,decode
452,zeroed_run,8273773,1174,SILENT,0,decode
453,truncation,5739253,3543598,caught,68,decode
454,header,611,1,caught,66,decode
455,payload,2559951,1,SILENT,0,decode
456,bit_flip,8595826,1,SILENT,0,decode
457,random_bytes,5351900,3,caught,66,decode
458,zeroed_run,4709127,2781,SILENT,0,decode
459,truncation,2774616,6508235,caught,68,decode
460,header,447,1,SILENT,0,decode
461,payload,5387229,1,SILENT,0,decode
462,bit_flip,7395625,1,SILENT,0,decode
463,random_bytes,5479179,2,SILENT,0,decode
464,zeroed_run,8150693,2385,SILENT,0,decode
465,truncation,1420780,7862071,caught,68,decode
466,header,350,1,SILENT,0,decode
467,payload,382492,1,SILENT,0,decode
468,bit_flip,3932200,1,caught,66,decode
469,random_bytes,7722935,12,caught,66,decode
470,zeroed_run,4288702,2249,SILENT,0,decode
471,truncation,2147099,7135752,caught,68,decode
472,header,974,1,SILENT,0,decode
473,payload,4799617,1,caught,66,decode
474,bit_flip,4868545,1,SILENT,0,decode
475,random_bytes,5441230,3,SILENT,0,decode
476,zeroed_run,2853682,72,SILENT,0,decode
477,truncation,806256,8476595,caught,68,decode
478,header,674,1,SILENT,0,decode
479,payload,6534955,1,SILENT,0,decode
480,bit_flip,982317,1,caught,66,decode
481,random_bytes,8996816,1,SILENT,0,decode
482,zeroed_run,3249725,2464,SILENT,0,decode
483,truncation,7527126,1755725,caught,68,decode
484,header,201,1,SILENT,0,decode
485,payload,4706183,1,SILENT,0,decode
486,bit_flip,2270685,1,SILENT,0,decode
487,random_bytes,4794047,16,SILENT,0,decode
488,zeroed_run,77028,2527,SILENT,0,decode
489,truncation,4968831,4314020,caught,68,decode
490,header,463,1,SILENT,0,decode
491,payload,7906859,1,SILENT,0,decode
492,bit_flip,7279205,1,SILENT,0,decode
493,random_bytes,2068416,4,caught,66,decode
494,zeroed_run,2023006,916,SILENT,0,decode
495,truncation,2795406,6487445,caught,68,decode
496,header,288,1,SILENT,0,decode
497,payload,142713,1,SILENT,0,decode
498,bit_flip,2390911,1,SILENT,0,decode
499,random_bytes,5571081,9,SILENT,0,decode
500,zeroed_run,1905206,1942,SILENT,0,decode
501,truncation,7531913,1750938,caught,68,decode
502,header,741,1,SILENT,0,decode
503,payload,3637564,1,SILENT,0,decode
504,bit_flip,2272014,1,SILENT,0,decode
505,random_bytes,1195326,11,SILENT,0,decode
506,zeroed_run,4615671,2900,caught,66,decode
507,truncation,1362691,7920160,caught,68,decode
508,header,883,1,SILENT,0,decode
509,payload,6773331,1,SILENT,0,decode
510,bit_flip,9086694,1,SILENT,0,decode
511,random_bytes,3842945,13,SILENT,0,decode
512,zeroed_run,8841289,4039,SILENT,0,decode
513,truncation,2878316,6404535,caught,68,decode
514,header,134,1,caught,66,decode
515,payload,3104788,1,SILENT,0,decode
516,bit_flip,3884433,1,SILENT,0,decode
517,random_bytes,6150915,14,SILENT,0,decode
518,zeroed_run,5089280,2620,SILENT,0,decode
519,truncation,4687731,4595120,caught,68,decode
520,header,264,1,caught,66,decode
521,payload,1477431,1,SILENT,0,decode
522,bit_flip,6847170,1,SILENT,0,decode
523,random_bytes,3169282,13,caught,66,decode
524,zeroed_run,7637035,1816,SILENT,0,decode
525,truncation,4990356,4292495,caught,68,decode
526,header,222,1,SILENT,0,decode
527,payload,7375628,1,SILENT,0,decode
528,bit_flip,8576560,1,SILENT,0,decode
529,random_bytes,8897699,15,SILENT,0,decode
530,zeroed_run,9143328,2947,SILENT,0,decode
531,truncation,23471,9259380,caught,68,decode
532,header,172,1,SILENT,0,decode
533,payload,496345,1,SILENT,0,decode
534,bit_flip,7513831,1,caught,66,decode
535,random_bytes,7010260,7,caught,66,decode
536,zeroed_run,7848611,272,SILENT,0,decode
537,truncation,2084335,7198516,caught,68,decode
538,header,654,1,SILENT,0,decode
539,payload,3927841,1,SILENT,0,decode
540,bit_flip,3489496,1,SILENT,0,decode
541,random_bytes,1916224,1,caught,66,decode
542,zeroed_run,5392590,1043,SILENT,0,decode
543,truncation,1912892,7369959,caught,68,decode
544,header,765,1,SILENT,0,decode
545,payload,988783,1,caught,66,decode
546,bit_flip,2800098,1,SILENT,0,decode
547,random_bytes,8420377,2,SILENT,0,decode
548,zeroed_run,1713267,178,SILENT,0,decode
549,truncation,6601757,2681094,caught,68,decode
550,header,383,1,caught,66,decode
551,payload,7351531,1,SILENT,0,decode
552,bit_flip,6402642,1,SILENT,0,decode
553,random_bytes,7958224,3,caught,66,decode
554,zeroed_run,7805091,3772,SILENT,0,decode
555,truncation,1258288,8024563,caught,68,decode
556,header,36,1,caught,66,decode
557,payload,7900965,1,SILENT,0,decode
558,bit_flip,1218655,1,SILENT,0,decode
559,random_bytes,6476147,13,caught,66,decode
560,zeroed_run,2282586,1340,SILENT,0,decode
561,truncation,1109784,8173067,caught,68,decode
562,header,209,1,SILENT,0,decode
563,payload,2670625,1,SILENT,0,decode
564,bit_flip,5941501,1,SILENT,0,decode
565,random_bytes,7990418,2,SILENT,0,decode
566,zeroed_run,2239973,3031,SILENT,0,decode
567,truncation,5648458,3634393,caught,68,decode
568,header,330,1,caught,66,decode
569,payload,5977650,1,caught,66,decode
570,bit_flip,3051732,1,SILENT,0,decode
571,random_bytes,5523368,2,SILENT,0,decode
572,zeroed_run,1287234,2046,SILENT,0,decode
573,truncation,4431712,4851139,caught,68,decode
574,header,490,1,caught,66,decode
575,payload,6337902,1,SILENT,0,decode
576,bit_flip,3078465,1,SILENT,0,decode
577,random_bytes,2566259,1,SILENT,0,decode
578,zeroed_run,5521510,3982,SILENT,0,decode
579,truncation,3362441,5920410,caught,68,decode
580,header,835,1,SILENT,0,decode
581,payload,1600240,1,SILENT,0,decode
582,bit_flip,1693873,1,SILENT,0,decode
583,random_bytes,1078251,3,SILENT,0,decode
584,zeroed_run,1449502,2129,SILENT,0,decode
585,truncation,1491169,7791682,caught,68,decode
586,header,771,1,SILENT,0,decode
587,payload,4165631,1,SILENT,0,decode
588,bit_flip,8383133,1,caught,66,decode
589,random_bytes,4055596,10,SILENT,0,decode
590,zeroed_run,1542042,132,SILENT,0,decode
591,truncation,5732405,3550446,caught,68,decode
592,header,681,1,SILENT,0,decode
593,payload,1136546,1,SILENT,0,decode
594,bit_flip,7463565,1,caught,66,decode
595,random_bytes,2728743,14,SILENT,0,decode
596,zeroed_run,2782685,294,SILENT,0,decode
597,truncation,2879767,6403084,caught,68,decode
598,header,792,1,SILENT,0,decode
599,payload,8722815,1,SILENT,0,decode
600,bit_flip,1071100,1,SILENT,0,decode
601,random_bytes,895449,2,caught,66,decode
602,zeroed_run,7151208,3855,SILENT,0,decode
603,truncation,6283003,2999848,caught,68,decode
604,header,670,1,SILENT,0,decode
605,payload,8638083,1,SILENT,0,decode
606,bit_flip,1332947,1,SILENT,0,decode
607,random_bytes,8095045,4,caught,66,decode
608,zeroed_run,7730211,2078,SILENT,0,decode
609,truncation,7286249,1996602,caught,68,decode
610,header,2,1,caught,44,decode
611,payload,2608073,1,SILENT,0,decode
612,bit_flip,278560,1,caught,66,decode
613,random_bytes,5802158,10,SILENT,0,decode
614,zeroed_run,4319308,365,SILENT,0,decode
615,truncation,9184906,97945,caught,68,decode
616,header,413,1,SILENT,0,decode
617,payload,4392294,1,SILENT,0,decode
618,bit_flip,4671718,1,caught,66,decode
619,random_bytes,2813233,7,caught,66,decode
620,zeroed_run,7517296,3328,SILENT,0,decode
621,truncation,412057,8870794,caught,68,decode
622,header,854,1,SILENT,0,decode
623,payload,8772101,1,SILENT,0,decode
624,bit_flip,1517119,1,caught,66,decode
625,random_bytes,8269085,1,caught,66,decode
626,zeroed_run,5436881,2623,SILENT,0,decode
627,truncation,6741191,2541660,caught,68,decode
628,header,70,1,SILENT,0,decode
629,payload,7164652,1,caught,66,decode
630,bit_flip,5735868,1,SILENT,0,decode
631,random_bytes,854804,8,SILENT,0,decode
632,zeroed_run,510284,1316,SILENT,0,decode
633,truncation,5183864,4098987,caught,68,decode
634,header,115,1,caught,66,decode
635,payload,1673595,1,caught,66,decode
636,bit_flip,7059041,1,SILENT,0,decode
637,random_bytes,5902522,1,SILENT,0,decode
638,zeroed_run,1645582,2285,SILENT,0,decode
639,truncation,4604915,4677936,caught,68,decode
640,header,492,1,SILENT,0,decode
641,payload,7668613,1,SILENT,0,decode
642,bit_flip,1814658,1,caught,66,decode
643,random_bytes,2960859,3,SILENT,0,decode
644,zeroed_run,3400948,1369,SILENT,0,decode
645,truncation,3088704,6194147,caught,68,decode
646,header,758,1,SILENT,0,decode
647,payload,4136640,1,SILENT,0,decode
648,bit_flip,3588164,1,SILENT,0,decode
649,random_bytes,1629513,3,SILENT,0,decode
650,zeroed_run,4751258,1194,SILENT,0,decode
651,truncation,1985997,7296854,caught,68,decode
652,header,725,1,SILENT,0,decode
653,payload,8594635,1,SILENT,0,decode
654,bit_flip,4496594,1,SILENT,0,decode
655,random_bytes,9250798,1,SILENT,0,decode
656,zeroed_run,438836,632,SILENT,0,decode
657,truncation,5547447,3735404,caught,68,decode
658,header,563,1,caught,66,decode
659,payload,4066368,1,SILENT,0,decode
660,bit_flip,5709988,1,caught,66,decode
661,random_bytes,6994100,4,SILENT,0,decode
662,zeroed_run,5490846,1170,SILENT,0,decode
663,truncation,7765313,1517538,caught,68,decode
664,header,635,1,SILENT,0,decode
665,payload,7243265,1,caught,66,decode
666,bit_flip,5329230,1,caught,66,decode
667,random_bytes,6878266,5,SILENT,0,decode
668,zeroed_run,8090949,3939,SILENT,0,decode
669,truncation,3561110,5721741,caught,68,decode
670,header,96,1,caught,66,decode
671,payload,7884138,1,SILENT,0,decode
672,bit_flip,8423965,1,SILENT,0,decode
673,random_bytes,554485,15,caught,66,decode
674,zeroed_run,867667,2547,SILENT,0,decode
675,truncation,7287002,1995849,caught,68,decode
676,header,806,1,SILENT,0,decode
677,payload,2336336,1,SILENT,0,decode
678,bit_flip,7145232,1,SILENT,0,decode
679,random_bytes,9106463,16,caught,66,decode
680,zeroed_run,4153973,3423,SILENT,0,decode
681,truncation,2268237,7014614,caught,68,decode
682,header,267,1,SILENT,0,decode
683,payload,6760426,1,SILENT,0,decode
684,bit_flip,8412284,1,SILENT,0,decode
685,random_bytes,1630161,8,caught,66,decode
686,zeroed_run,496438,2125,SILENT,0,decode
687,truncation,5117794,4165057,caught,68,decode
688,header,496,1,caught,66,decode
689,payload,1834312,1,SILENT,0,decode
690,bit_flip,6954141,1,SILENT,0,decode
691,random_bytes,6371246,15,SILENT,0,decode
692,zeroed_run,2700926,215,SILENT,0,decode
693,truncation,1521396,7761455,caught,68,decode
694,header,206,1,SILENT,0,decode
695,payload,3224969,1,caught,66,decode
696,bit_flip,52038,1,caught,66,decode
697,random_bytes,7919120,15,SILENT,0,decode
698,zeroed_run,795981,4013,SILENT,0,decode
699,truncation,8281971,1000880,caught,68,decode
700,header,367,1,SILENT,0,decode
701,payload,7917586,1,SILENT,0,decode
702,bit_flip,2019902,1,SILENT,0,decode
703,random_bytes,2843700,10,SILENT,0,decode
704,zeroed_run,3985913,2303,SILENT,0,decode
705,truncation,1370640,7912211,caught,68,decode
706,header,902,1,SILENT,0,decode
707,payload,3068902,1,SILENT,0,decode
708,bit_flip,4025961,1,SILENT,0,decode
709,random_bytes,7345830,1,SILENT,0,decode
710,zeroed_run,7988977,405,SILENT,0,decode
711,truncation,7479253,1803598,caught,68,decode
712,header,822,1,SILENT,0,decode
713,payload,4937318,1,SILENT,0,decode
714,bit_flip,5751035,1,SILENT,0,decode
715,random_bytes,6655357,15,SILENT,0,decode
716,zeroed_run,663825,3524,SILENT,0,decode
717,truncation,5649911,3632940,caught,68,decode
718,header,177,1,SILENT,0,decode
719,payload,7642650,1,caught,66,decode
720,bit_flip,9124870,1,SILENT,0,decode
721,random_bytes,9110608,12,caught,66,decode
722,zeroed_run,2457903,367,SILENT,0,decode
723,truncation,6457085,2825766,caught,68,decode
724,header,901,1,SILENT,0,decode
725,payload,3229370,1,caught,66,decode
726,bit_flip,2506657,1,SILENT,0,decode
727,random_bytes,1145721,12,caught,66,decode
728,zeroed_run,6667836,1172,SILENT,0,decode
729,truncation,1509180,7773671,caught,68,decode
730,header,862,1,SILENT,0,decode
731,payload,202924,1,SILENT,0,decode
732,bit_flip,557809,1,caught,66,decode
733,random_bytes,701585,2,SILENT,0,decode
734,zeroed_run,2910615,3724,SILENT,0,decode
735,truncation,160766,9122085,caught,68,decode
736,header,97,1,SILENT,0,decode
737,payload,2739269,1,SILENT,0,decode
738,bit_flip,2445808,1,SILENT,0,decode
739,random_bytes,5869897,8,SILENT,0,decode
740,zeroed_run,2565628,3245,SILENT,0,decode
741,truncation,669571,8613280,caught,68,decode
742,header,192,1,SILENT,0,decode
743,payload,6950133,1,SILENT,0,decode
744,bit_flip,5787801,1,caught,66,decode
745,random_bytes,5000809,12,caught,66,decode
746,zeroed_run,8831079,3075,SILENT,0,decode
747,truncation,5483130,3799721,caught,68,decode
748,header,645,1,SILENT,0,decode
749,payload,8283838,1,caught,66,decode
750,bit_flip,1614676,1,SILENT,0,decode
751,random_bytes,7141644,8,SILENT,0,decode
752,zeroed_run,6981337,2430,SILENT,0,decode
753,truncation,91445,9191406,caught,68,decode
754,header,142,1,caught,66,decode
755,payload,822093,1,SILENT,0,decode
756,bit_flip,4103614,1,SILENT,0,decode
757,random_bytes,2895684,4,caught,66,decode
758,zeroed_run,8894626,2183,SILENT,0,decode
759,truncation,2118992,7163859,caught,68,decode
760,header,417,1,SILENT,0,decode
761,payload,6683010,1,SILENT,0,decode
762,bit_flip,4458904,1,SILENT,0,decode
763,random_bytes,6685808,7,caught,66,decode
764,zeroed_run,2505721,2797,SILENT,0,decode
765,truncation,5174892,4107959,caught,68,decode
766,header,467,1,SILENT,0,decode
767,payload,4747365,1,SILENT,0,decode
768,bit_flip,8370591,1,SILENT,0,decode
769,random_bytes,8439459,15,SILENT,0,decode
770,zeroed_run,5242767,2632,SILENT,0,decode
771,truncation,4863931,4418920,caught,68,decode
772,header,143,1,SILENT,0,decode
773,payload,7372909,1,SILENT,0,decode
774,bit_flip,1153354,1,SILENT,0,decode
775,random_bytes,6883926,8,caught,66,decode
776,zeroed_run,4715873,3908,SILENT,0,decode
777,truncation,7516578,1766273,caught,68,decode
778,header,609,1,SILENT,0,decode
779,payload,8096267,1,SILENT,0,decode
780,bit_flip,5618087,1,SILENT,0,decode
781,random_bytes,4535244,3,caught,66,decode
782,zeroed_run,5606515,143,SILENT,0,decode
783,truncation,6188035,3094816,caught,68,decode
784,header,758,1,SILENT,0,decode
785,payload,5664906,1,SILENT,0,decode
786,bit_flip,6032808,1,SILENT,0,decode
787,random_bytes,3940902,15,SILENT,0,decode
788,zeroed_run,2212675,231,SILENT,0,decode
789,truncation,5979770,3303081,caught,68,decode
790,header,914,1,caught,66,decode
791,payload,1975469,1,SILENT,0,decode
792,bit_flip,8674260,1,SILENT,0,decode
793,random_bytes,3486133,2,caught,66,decode
794,zeroed_run,4274500,1287,SILENT,0,decode
795,truncation,5655444,3627407,caught,68,decode
796,header,219,1,SILENT,0,decode
797,payload,7280213,1,caught,66,decode
798,bit_flip,2463558,1,SILENT,0,decode
799,random_bytes,1284560,7,caught,66,decode
800,zeroed_run,5706222,2142,SILENT,0,decode
801,truncation,978803,8304048,caught,68,decode
802,header,1004,1,SILENT,0,decode
803,payload,7678695,1,SILENT,0,decode
804,bit_flip,28649,1,SILENT,0,decode
805,random_bytes,5527723,10,caught,66,decode
806,zeroed_run,6865527,3211,SILENT,0,decode
807,truncation,6413177,2869674,caught,68,decode
808,header,427,1,SILENT,0,decode
809,payload,7285500,1,caught,66,decode
810,bit_flip,4130694,1,SILENT,0,decode
811,random_bytes,5558915,13,SILENT,0,decode
812,zeroed_run,5472085,835,SILENT,0,decode
813,truncation,803774,8479077,caught,68,decode
814,header,677,1,SILENT,0,decode
815,payload,2681565,1,SILENT,0,decode
816,bit_flip,4503538,1,SILENT,0,decode
817,random_bytes,4644914,5,SILENT,0,decode
818,zeroed_run,7102486,1359,SILENT,0,decode
819,truncation,4305324,4977527,caught,68,decode
820,header,287,1,SILENT,0,decode
821,payload,6295050,1,SILENT,0,decode
822,bit_flip,7163173,1,SILENT,0,decode
823,random_bytes,7776029,8,caught,66,decode
824,zeroed_run,8965418,2527,SILENT,0,decode
825,truncation,6585636,2697215,caught,68,decode
826,header,17,1,SILENT,0,decode
827,payload,4390059,1,SILENT,0,decode
828,bit_flip,2700008,1,SILENT,0,decode
829,random_bytes,2825433,2,caught,66,decode
830,zeroed_run,8560475,3812,SILENT,0,decode
831,truncation,2020079,7262772,caught,68,decode
832,header,552,1,SILENT,0,decode
833,payload,5491853,1,SILENT,0,decode
834,bit_flip,2783036,1,SILENT,0,decode
835,random_bytes,3632255,3,SILENT,0,decode
836,zeroed_run,279760,3045,SILENT,0,decode
837,truncation,4027690,5255161,caught,68,decode
838,header,851,1,SILENT,0,decode
839,payload,4889793,1,caught,66,decode
840,bit_flip,4651100,1,SILENT,0,decode
841,random_bytes,5902329,12,caught,66,decode
842,zeroed_run,6450469,2275,SILENT,0,decode
843,truncation,5736178,3546673,caught,68,decode
844,header,355,1,SILENT,0,decode
845,payload,6234682,1,SILENT,0,decode
846,bit_flip,2545589,1,SILENT,0,decode
847,random_bytes,7439976,11,caught,66,decode
848,zeroed_run,7095917,941,SILENT,0,decode
849,truncation,5413729,3869122,caught,68,decode
850,header,846,1,SILENT,0,decode
851,payload,4145511,1,SILENT,0,decode
852,bit_flip,912967,1,SILENT,0,decode
853,random_bytes,1791487,16,caught,66,decode
854,zeroed_run,7499748,1228,SILENT,0,decode
855,truncation,5800463,3482388,caught,68,decode
856,header,247,1,SILENT,0,decode
857,payload,4270681,1,SILENT,0,decode
858,bit_flip,1851659,1,SILENT,0,decode
859,random_bytes,4899165,3,caught,66,decode
860,zeroed_run,5419491,1101,SILENT,0,decode
861,truncation,9210594,72257,caught,68,decode
862,header,551,1,caught,66,decode
863,payload,8625104,1,SILENT,0,decode
864,bit_flip,7423414,1,SILENT,0,decode
865,random_bytes,7082374,12,caught,66,decode
866,zeroed_run,2605749,3831,SILENT,0,decode
867,truncation,1008882,8273969,caught,68,decode
868,header,752,1,SILENT,0,decode
869,payload,971272,1,SILENT,0,decode
870,bit_flip,2802059,1,SILENT,0,decode
871,random_bytes,638738,7,SILENT,0,decode
872,zeroed_run,345813,3067,SILENT,0,decode
873,truncation,3824015,5458836,caught,68,decode
874,header,840,1,SILENT,0,decode
875,payload,7138822,1,SILENT,0,decode
876,bit_flip,8694951,1,SILENT,0,decode
877,random_bytes,8255951,4,caught,66,decode
878,zeroed_run,5279447,948,SILENT,0,decode
879,truncation,9013986,268865,caught,68,decode
880,header,311,1,SILENT,0,decode
881,payload,7901031,1,SILENT,0,decode
882,bit_flip,5705761,1,SILENT,0,decode
883,random_bytes,2876759,6,caught,66,decode
884,zeroed_run,2803097,119,SILENT,0,decode
885,truncation,5549029,3733822,caught,68,decode
886,header,934,1,SILENT,0,decode
887,payload,1760209,1,SILENT,0,decode
888,bit_flip,8698375,1,SILENT,0,decode
889,random_bytes,2716203,2,SILENT,0,decode
890,zeroed_run,2882018,2213,SILENT,0,decode
891,truncation,1072489,8210362,caught,68,decode
892,header,138,1,SILENT,0,decode
893,payload,7995080,1,SILENT,0,decode
894,bit_flip,881069,1,caught,66,decode
895,random_bytes,782069,12,caught,66,decode
896,zeroed_run,8421582,3688,SILENT,0,decode
897,truncation,3992116,5290735,caught,68,decode
898,header,585,1,caught,66,decode
899,payload,4723772,1,SILENT,0,decode
900,bit_flip,5530663,1,caught,66,decode
901,random_bytes,5790491,4,caught,66,decode
902,zeroed_run,6323918,2573,SILENT,0,decode
903,truncation,8854787,428064,caught,68,decode
904,header,176,1,SILENT,0,decode
905,payload,6765178,1,SILENT,0,decode
906,bit_flip,3510749,1,SILENT,0,decode
907,random_bytes,3500664,6,SILENT,0,decode
908,zeroed_run,2040007,1927,SILENT,0,decode
909,truncation,8064754,1218097,caught,68,decode
910,header,924,1,caught,66,decode
911,payload,1407476,1,SILENT,0,decode
912,bit_flip,2589974,1,caught,66,decode
913,random_bytes,4064893,7,SILENT,0,decode
914,zeroed_run,3110401,1105,SILENT,0,decode
915,truncation,6784292,2498559,caught,68,decode
916,header,327,1,SILENT,0,decode
917,payload,332216,1,SILENT,0,decode
918,bit_flip,4273374,1,caught,66,decode
919,random_bytes,3178796,13,SILENT,0,decode
920,zeroed_run,3871622,165,SILENT,0,decode
921,truncation,3436507,5846344,caught,68,decode
922,header,774,1,SILENT,0,decode
923,payload,2815823,1,SILENT,0,decode
924,bit_flip,3576444,1,SILENT,0,decode
925,random_bytes,8783807,15,caught,66,decode
926,zeroed_run,4378316,1345,SILENT,0,decode
927,truncation,3814692,5468159,caught,68,decode
928,header,660,1,SILENT,0,decode
929,payload,4782324,1,SILENT,0,decode
930,bit_flip,3686132,1,caught,66,decode
931,random_bytes,115816,3,SILENT,0,decode
932,zeroed_run,4727609,2271,SILENT,0,decode
933,truncation,2566376,6716475,caught,68,decode
934,header,365,1,SILENT,0,decode
935,payload,3653942,1,SILENT,0,decode
936,bit_flip,214158,1,caught,66,decode
937,random_bytes,8417706,7,caught,66,decode
938,zeroed_run,6628745,174,SILENT,0,decode
939,truncation,8423921,858930,caught,68,decode
940,header,188,1,caught,66,decode
941,payload,3485365,1,SILENT,0,decode
942,bit_flip,4925860,1,SILENT,0,decode
943,random_bytes,8107504,14,caught,66,decode
944,zeroed_run,282745,2274,SILENT,0,decode
945,truncation,6820645,2462206,caught,68,decode
946,header,675,1,SILENT,0,decode
947,payload,5962124,1,caught,66,decode
948,bit_flip,4335108,1,caught,66,decode
949,random_bytes,3170859,10,SILENT,0,decode
950,zeroed_run,4688707,2606,SILENT,0,decode
951,truncation,1233385,8049466,caught,68,decode
952,header,80,1,SILENT,0,decode
953,payload,2871559,1,SILENT,0,decode
954,bit_flip,1061694,1,SILENT,0,decode
955,random_bytes,3361586,7,SILENT,0,decode
956,zeroed_run,7799621,1294,SILENT,0,decode
957,truncation,8551439,731412,caught,68,decode
958,header,790,1,SILENT,0,decode
959,payload,9122866,1,SILENT,0,decode
960,bit_flip,3752883,1,SILENT,0,decode
961,random_bytes,3114637,7,SILENT,0,decode
962,zeroed_run,1462788,3112,SILENT,0,decode
963,truncation,1968765,7314086,caught,68,decode
964,header,974,1,SILENT,0,decode
965,payload,3413908,1,SILENT,0,decode
966,bit_flip,9111930,1,SILENT,0,decode
967,random_bytes,313138,13,caught,66,decode
968,zeroed_run,7424880,904,SILENT,0,decode
969,truncation,3438710,5844141,caught,68,decode
970,header,375,1,SILENT,0,decode
971,payload,3832995,1,caught,66,decode
972,bit_flip,4985338,1,SILENT,0,decode
973,random_bytes,4759189,11,caught,66,decode
974,zeroed_run,974700,2272,SILENT,0,decode
975,truncation,2937843,6345008,caught,68,decode
976,header,645,1,SILENT,0,decode
977,payload,784255,1,SILENT,0,decode
978,bit_flip,6734652,1,SILENT,0,decode
979,random_bytes,6210568,9,caught,66,decode
980,zeroed_run,6490716,502,SILENT,0,decode
981,truncation,1911253,7371598,caught,68,decode
982,header,670,1,SILENT,0,decode
983,payload,7691065,1,SILENT,0,decode
984,bit_flip,7821352,1,caught,66,decode
985,random_bytes,5314474,7,caught,66,decode
986,zeroed_run,2189166,1509,SILENT,0,decode
987,truncation,6817721,2465130,caught,68,decode
988,header,220,1,SILENT,0,decode
989,payload,4091184,1,SILENT,0,decode
990,bit_flip,4813019,1,SILENT,0,decode
991,random_bytes,5394,5,caught,66,decode
992,zeroed_run,4839343,3568,SILENT,0,decode
993,truncation,8056696,1226155,caught,68,decode
994,header,639,1,caught,66,decode
995,payload,4926757,1,caught,66,decode
996,bit_flip,6686217,1,SILENT,0,decode
997,random_bytes,1138261,8,SILENT,0,decode
998,zeroed_run,2037216,2417,SILENT,0,decode
999,truncation,2206477,7076374,caught,68,decode
1000,header,458,1,SILENT,0,decode
1001,payload,6215974,1,SILENT,0,decode
1002,bit_flip,6534047,1,SILENT,0,decode
1003,random_bytes,7310391,2,SILENT,0,decode
1004,zeroed_run,4117043,3007,SILENT,0,decode
1005,truncation,1819693,7463158,caught,68,decode
1006,header,732,1,SILENT,0,decode
1007,payload,1034018,1,caught,66,decode
1008,bit_flip,8022407,1,SILENT,0,decode
1009,random_bytes,2358672,8,caught,66,decode
1010,zeroed_run,7474827,3259,SILENT,0,decode
1011,truncation,14775,9268076,caught,68,decode
1012,header,572,1,caught,66,decode
1013,payload,6348931,1,SILENT,0,decode
1014,bit_flip,3058331,1,SILENT,0,decode
1015,random_bytes,395669,1,SILENT,0,decode
1016,zeroed_run,6953748,1083,caught,66,decode
1017,truncation,8921068,361783,caught,68,decode
1018,header,820,1,SILENT,0,decode
1019,payload,749164,1,SILENT,0,decode
1020,bit_flip,949507,1,SILENT,0,decode
1021,random_bytes,8698131,9,caught,66,decode
1022,zeroed_run,4334660,1016,SILENT,0,decode
1023,truncation,44914,9237937,caught,68,decode
1024,header,834,1,SILENT,0,decode
1025,payload,4962218,1,SILENT,0,decode
1026,bit_flip,4985009,1,SILENT,0,decode
1027,random_bytes,8818690,12,caught,66,decode
1028,zeroed_run,1520852,3546,SILENT,0,decode
1029,truncation,2695561,6587290,caught,68,decode
1030,header,621,1,caught,66,decode
1031,payload,4838644,1,SILENT,0,decode
1032,bit_flip,2608191,1,SILENT,0,decode
1033,random_bytes,3432292,16,SILENT,0,decode
1034,zeroed_run,8629832,2951,SILENT,0,decode
1035,truncation,1901985,7380866,caught,68,decode
1036,header,47,1,caught,66,decode
1037,payload,3076169,1,SILENT,0,decode
1038,bit_flip,2791197,1,caught,66,decode
1039,random_bytes,4427820,13,caught,66,decode
1040,zeroed_run,2876712,419,SILENT,0,decode
1041,truncation,3255598,6027253,caught,68,decode
1042,header,933,1,SILENT,0,decode
1043,payload,5151715,1,SILENT,0,decode
1044,bit_flip,4631401,1,SILENT,0,decode
1045,random_bytes,1752110,3,caught,66,decode
1046,zeroed_run,3272003,803,SILENT,0,decode
1047,truncation,7943314,1339537,caught,68,decode
1048,header,339,1,SILENT,0,decode
1049,payload,8186550,1,SILENT,0,decode
1050,bit_flip,8452812,1,SILENT,0,decode
1051,random_bytes,7914254,10,caught,66,decode
1052,zeroed_run,2546149,2169,SILENT,0,decode
1053,truncation,7056310,2226541,caught,68,decode
1054,header,74,1,SILENT,0,decode
1055,payload,3410565,1,SILENT,0,decode
1056,bit_flip,1560733,1,SILENT,0,decode
1057,random_bytes,4675742,12,SILENT,0,decode
1058,zeroed_run,1179686,3426,SILENT,0,decode
1059,truncation,3689523,5593328,caught,68,decode
1060,header,100,1,caught,66,decode
1061,payload,1556319,1,SILENT,0,decode
1062,bit_flip,5114892,1,SILENT,0,decode
1063,random_bytes,1187162,13,caught,66,decode
1064,zeroed_run,2192478,3452,SILENT,0,decode
1065,truncation,9136292,146559,caught,68,decode
1066,header,500,1,SILENT,0,decode
1067,payload,5960819,1,SILENT,0,decode
1068,bit_flip,1270398,1,SILENT,0,decode
1069,random_bytes,7470358,2,SILENT,0,decode
1070,zeroed_run,7675617,1834,SILENT,0,decode
1071,truncation,6572378,2710473,caught,68,decode
1072,header,559,1,SILENT,0,decode
1073,payload,6521108,1,SILENT,0,decode
1074,bit_flip,5469215,1,SILENT,0,decode
1075,random_bytes,3802938,1,SILENT,0,decode
1076,zeroed_run,1736655,3270,SILENT,0,decode
1077,truncation,6371945,2910906,caught,68,decode
1078,header,337,1,caught,66,decode
1079,payload,7203748,1,SILENT,0,decode
1080,bit_flip,3671770,1,SILENT,0,decode
1081,random_bytes,8653686,5,caught,66,decode
1082,zeroed_run,9248304,778,SILENT,0,decode
1083,truncation,8433214,849637,caught,68,decode
1084,header,235,1,SILENT,0,decode
1085,payload,4920647,1,SILENT,0,decode
1086,bit_flip,2815732,1,SILENT,0,decode
1087,random_bytes,9245300,12,caught,66,decode
1088,zeroed_run,6840035,83,SILENT,0,decode
1089,truncation,7080893,2201958,caught,68,decode
1090,header,747,1,SILENT,0,decode
1091,payload,8176144,1,SILENT,0,decode
1092,bit_flip,7609024,1,caught,66,decode
1093,random_bytes,8499305,15,caught,66,decode
1094,zeroed_run,9089708,2301,SILENT,0,decode
1095,truncation,3144280,6138571,caught,68,decode
1096,header,379,1,SILENT,0,decode
1097,payload,4831395,1,SILENT,0,decode
1098,bit_flip,370605,1,SILENT,0,decode
1099,random_bytes,1046948,15,caught,66,decode
1100,zeroed_run,5521842,2479,SILENT,0,decode
1101,truncation,3280162,6002689,caught,68,decode
1102,header,821,1,SILENT,0,decode
1103,payload,7697724,1,SILENT,0,decode
1104,bit_flip,577611,1,SILENT,0,decode
1105,random_bytes,5066277,16,caught,66,decode
1106,zeroed_run,7540522,1732,SILENT,0,decode
1107,truncation,7657672,1625179,caught,68,decode
1108,header,539,1,SILENT,0,decode
1109,payload,1294094,1,SILENT,0,decode
1110,bit_flip,8492066,1,SILENT,0,decode
1111,random_bytes,1872934,8,SILENT,0,decode
1112,zeroed_run,8547035,3732,SILENT,0,decode
1113,truncation,7236208,2046643,caught,68,decode
1114,header,761,1,SILENT,0,decode
1115,payload,4060357,1,SILENT,0,decode
1116,bit_flip,520703,1,SILENT,0,decode
1117,random_bytes,7479460,7,caught,66,decode
1118,zeroed_run,1112051,1941,SILENT,0,decode
1119,truncation,2606280,6676571,caught,68,decode
1120,header,162,1,SILENT,0,decode
1121,payload,6975797,1,SILENT,0,decode
1122,bit_flip,3676427,1,SILENT,0,decode
1123,random_bytes,1784935,11,caught,66,decode
1124,zeroed_run,1107003,1549,SILENT,0,decode
1125,truncation,6188983,3093868,caught,68,decode
1126,header,116,1,SILENT,0,decode
1127,payload,9015975,1,SILENT,0,decode
1128,bit_flip,2270881,1,SILENT,0,decode
1129,random_bytes,5806998,3,caught,66,decode
1130,zeroed_run,231488,515,SILENT,0,decode
1131,truncation,2689349,6593502,caught,68,decode
1132,header,208,1,SILENT,0,decode
1133,payload,2193960,1,SILENT,0,decode
1134,bit_flip,5163003,1,SILENT,0,decode
1135,random_bytes,1767273,7,SILENT,0,decode
1136,zeroed_run,3548045,842,SILENT,0,decode
1137,truncation,1603413,7679438,caught,68,decode
1138,header,380,1,caught,66,decode
1139,payload,3327894,1,caught,66,decode
1140,bit_flip,8989778,1,SILENT,0,decode
1141,random_bytes,3484911,5,SILENT,0,decode
1142,zeroed_run,2891888,487,SILENT,0,decode
1143,truncation,6977996,2304855,caught,68,decode
1144,header,170,1,SILENT,0,decode
1145,payload,7773656,1,SILENT,0,decode
1146,bit_flip,8525610,1,SILENT,0,decode
1147,random_bytes,8458501,11,SILENT,0,decode
1148,zeroed_run,3937011,224,SILENT,0,decode
1149,truncation,3288094,5994757,caught,68,decode
1150,header,247,1,SILENT,0,decode
1151,payload,5176012,1,SILENT,0,decode
1152,bit_flip,2907863,1,SILENT,0,decode
1153,random_bytes,110674,1,SILENT,0,decode
1154,zeroed_run,9030719,172,SILENT,0,decode
1155,truncation,7899273,1383578,caught,68,decode
1156,header,510,1,caught,66,decode
1157,payload,8493112,1,SILENT,0,decode
1158,bit_flip,6314830,1,SILENT,0,decode
1159,random_bytes,3769339,2,SILENT,0,decode
1160,zeroed_run,3463145,2618,SILENT,0,decode
1161,truncation,37819,9245032,caught,68,decode
1162,header,5,1,caught,66,decode
1163,payload,8848272,1,SILENT,0,decode
1164,bit_flip,7415363,1,caught,66,decode
1165,random_bytes,8063608,14,caught,66,decode
1166,zeroed_run,8481795,3601,SILENT,0,decode
1167,truncation,4520505,4762346,caught,68,decode
1168,header,178,1,SILENT,0,decode
1169,payload,8141942,1,SILENT,0,decode
1170,bit_flip,5479633,1,SILENT,0,decode
1171,random_bytes,5141663,6,caught,66,decode
1172,zeroed_run,6909701,3566,SILENT,0,decode
1173,truncation,1383247,7899604,caught,68,decode
1174,header,276,1,SILENT,0,decode
1175,payload,8830100,1,SILENT,0,decode
1176,bit_flip,9260818,1,caught,66,decode
1177,random_bytes,5840390,11,caught,66,decode
1178,zeroed_run,7337762,2515,SILENT,0,decode
1179,truncation,6262701,3020150,caught,68,decode
1180,header,940,1,SILENT,0,decode
1181,payload,4698990,1,SILENT,0,decode
1182,bit_flip,2933811,1,SILENT,0,decode
1183,random_bytes,1287302,5,caught,66,decode
1184,zeroed_run,5061071,1720,SILENT,0,decode
1185,truncation,5634148,3648703,caught,68,decode
1186,header,116,1,SILENT,0,decode
1187,payload,2904170,1,SILENT,0,decode
1188,bit_flip,6936323,1,caught,66,decode
1189,random_bytes,7416248,8,caught,66,decode
1190,zeroed_run,3401810,2976,SILENT,0,decode
1191,truncation,4162316,5120535,caught,68,decode
1192,header,859,1,caught,66,decode
1193,payload,1749299,1,SILENT,0,decode
1194,bit_flip,1941900,1,SILENT,0,decode
1195,random_bytes,4403614,6,SILENT,0,decode
1196,zeroed_run,4125355,23,caught,66,decode
1197,truncation,8513382,769469,caught,68,decode
1198,header,640,1,SILENT,0,decode
1199,payload,1996951,1,SILENT,0,decode
1200,bit_flip,8916873,1,SILENT,0,decode
1201,random_bytes,4703643,11,caught,66,decode
1202,zeroed_run,3270996,688,SILENT,0,decode
1203,truncation,320329,8962522,caught,68,decode
1204,header,66,1,SILENT,0,decode
1205,payload,2465551,1,caught,66,decode
1206,bit_flip,9107582,1,caught,66,decode
1207,random_bytes,9121892,11,caught,66,decode
1208,zeroed_run,5978575,1753,SILENT,0,decode
1209,truncation,7683838,1599013,caught,68,decode
1210,header,645,1,SILENT,0,decode
1211,payload,3471988,1,SILENT,0,decode
1212,bit_flip,8626936,1,SILENT,0,decode
1213,random_bytes,6862797,8,SILENT,0,decode
1214,zeroed_run,8529023,627,SILENT,0,decode
1215,truncation,7812487,1470364,caught,68,decode
1216,header,954,1,SILENT,0,decode
1217,payload,7542724,1,SILENT,0,decode
1218,bit_flip,7917154,1,SILENT,0,decode
1219,random_bytes,334889,15,caught,66,decode
1220,zeroed_run,8332588,3516,SILENT,0,decode
1221,truncation,5490304,3792547,caught,68,decode
1222,header,923,1,SILENT,0,decode
1223,payload,6192499,1,SILENT,0,decode
1224,bit_flip,2801881,1,caught,66,decode
1225,random_bytes,4624927,15,caught,66,decode
1226,zeroed_run,747761,1788,SILENT,0,decode
1227,truncation,9001804,281047,caught,68,decode
1228,header,43,1,caught,66,decode
1229,payload,1622922,1,SILENT,0,decode
1230,bit_flip,4807753,1,caught,66,decode
1231,random_bytes,9164448,16,caught,66,decode
1232,zeroed_run,72802,464,SILENT,0,decode
1233,truncation,9013153,269698,caught,68,decode
1234,header,60,1,caught,66,decode
1235,payload,1753050,1,SILENT,0,decode
1236,bit_flip,663008,1,SILENT,0,decode
1237,random_bytes,1040758,12,caught,66,decode
1238,zeroed_run,7955825,2319,SILENT,0,decode
1239,truncation,9192961,89890,caught,68,decode
1240,header,1019,1,SILENT,0,decode
1241,payload,5927538,1,caught,66,decode
1242,bit_flip,1394742,1,SILENT,0,decode
1243,random_bytes,6816525,10,SILENT,0,decode
1244,zeroed_run,3093253,1016,SILENT,0,decode
1245,truncation,5750275,3532576,caught,68,decode
1246,header,205,1,SILENT,0,decode
1247,payload,3832847,1,SILENT,0,decode
1248,bit_flip,1978327,1,SILENT,0,decode
1249,random_bytes,9177738,13,SILENT,0,decode
1250,zeroed_run,6881125,2126,SILENT,0,decode
1251,truncation,3593975,5688876,caught,68,decode
1252,header,2,1,caught,44,decode
1253,payload,4047180,1,SILENT,0,decode
1254,bit_flip,7675619,1,caught,66,decode
1255,random_bytes,9226909,15,caught,66,decode
1256,zeroed_run,218854,1210,SILENT,0,decode
1257,truncation,7124010,2158841,caught,68,decode
1258,header,418,1,SILENT,0,decode
1259,payload,8991626,1,SILENT,0,decode
1260,bit_flip,8368136,1,SILENT,0,decode
1261,random_bytes,7301829,8,caught,66,decode
1262,zeroed_run,9041779,1110,SILENT,0,decode
1263,truncation,8978924,303927,caught,68,decode
1264,header,949,1,SILENT,0,decode
1265,payload,2119956,1,SILENT,0,decode
1266,bit_flip,5264381,1,SILENT,0,decode
1267,random_bytes,711499,7,SILENT,0,decode
1268,zeroed_run,7368464,1150,SILENT,0,decode
1269,truncation,1316885,7965966,caught,68,decode
1270,header,307,1,SILENT,0,decode
1271,payload,5773008,1,SILENT,0,decode
1272,bit_flip,5692894,1,SILENT,0,decode
1273,random_bytes,5422343,8,caught,66,decode
1274,zeroed_run,387842,1901,SILENT,0,decode
1275,truncation,941788,8341063,caught,68,decode
1276,header,657,1,SILENT,0,decode
1277,payload,3225799,1,SILENT,0,decode
1278,bit_flip,565456,1,SILENT,0,decode
1279,random_bytes,8561407,4,SILENT,0,decode
1280,zeroed_run,5166768,1287,SILENT,0,decode
1281,truncation,6619584,2663267,caught,68,decode
1282,header,907,1,SILENT,0,decode
1283,payload,5874781,1,SILENT,0,decode
1284,bit_flip,6721941,1,SILENT,0,decode
1285,random_bytes,2322029,1,SILENT,0,decode
1286,zeroed_run,3696008,2521,SILENT,0,decode
1287,truncation,4430794,4852057,caught,68,decode
1288,header,704,1,SILENT,0,decode
1289,payload,3071250,1,SILENT,0,decode
1290,bit_flip,6127663,1,SILENT,0,decode
1291,random_bytes,4310296,6,SILENT,0,decode
1292,zeroed_run,2668389,674,SILENT,0,decode
1293,truncation,3631985,5650866,caught,68,decode
1294,header,420,1,SILENT,0,decode
1295,payload,6295668,1,SILENT,0,decode
1296,bit_flip,8181861,1,SILENT,0,decode
1297,random_bytes,8344370,11,caught,66,decode
1298,zeroed_run,7390838,1089,SILENT,0,decode
1299,truncation,255772,9027079,caught,68,decode
1300,header,908,1,SILENT,0,decode
1301,payload,8289750,1,SILENT,0,decode
1302,bit_flip,3251905,1,caught,66,decode
1303,random_bytes,1830548,4,SILENT,0,decode
1304,zeroed_run,3509743,389,SILENT,0,decode
1305,truncation,832370,8450481,caught,68,decode
1306,header,855,1,SILENT,0,decode
1307,payload,6214310,1,caught,66,decode
1308,bit_flip,7706907,1,SILENT,0,decode
1309,random_bytes,2250233,15,SILENT,0,decode
1310,zeroed_run,1251630,2625,SILENT,0,decode
1311,truncation,1059670,8223181,caught,68,decode
1312,header,139,1,SILENT,0,decode
1313,payload,3229015,1,SILENT,0,decode
1314,bit_flip,3112088,1,caught,66,decode
1315,random_bytes,6569900,6,caught,66,decode
1316,zeroed_run,6418793,910,SILENT,0,decode
1317,truncation,4686112,4596739,caught,68,decode
1318,header,355,1,SILENT,0,decode
1319,payload,5908737,1,SILENT,0,decode
1320,bit_flip,5082244,1,SILENT,0,decode
1321,random_bytes,8446802,8,caught,66,decode
1322,zeroed_run,8098096,3909,SILENT,0,decode
1323,truncation,7761458,1521393,caught,68,decode
1324,header,170,1,SILENT,0,decode
1325,payload,1731238,1,SILENT,0,decode
1326,bit_flip,794995,1,SILENT,0,decode
1327,random_bytes,8423988,5,caught,66,decode
1328,zeroed_run,2130275,2188,SILENT,0,decode
1329,truncation,1270731,8012120,caught,68,decode
1330,header,41,1,caught,66,decode
1331,payload,9234118,1,caught,66,decode
1332,bit_flip,4465269,1,SILENT,0,decode
1333,random_bytes,4405514,13,caught,66,decode
1334,zeroed_run,4421290,2994,SILENT,0,decode
1335,truncation,7310471,1972380,caught,68,decode
1336,header,892,1,SILENT,0,decode
1337,payload,8876579,1,caught,66,decode
1338,bit_flip,4915513,1,caught,66,decode
1339,random_bytes,4368413,4,caught,66,decode
1340,zeroed_run,2253423,2810,SILENT,0,decode
1341,truncation,1362025,7920826,caught,68,decode
1342,header,494,1,SILENT,0,decode
1343,payload,2019213,1,SILENT,0,decode
1344,bit_flip,6900732,1,SILENT,0,decode
1345,random_bytes,3793547,10,caught,66,decode
1346,zeroed_run,950004,3551,SILENT,0,decode
1347,truncation,8697868,584983,caught,68,decode
1348,header,103,1,SILENT,0,decode
1349,payload,3457115,1,caught,66,decode
1350,bit_flip,8135200,1,caught,66,decode
1351,random_bytes,501439,14,SILENT,0,decode
1352,zeroed_run,2054486,3395,SILENT,0,decode
1353,truncation,948152,8334699,caught,68,decode
1354,header,82,1,SILENT,0,decode
1355,payload,3231487,1,SILENT,0,decode
1356,bit_flip,3099057,1,SILENT,0,decode
1357,random_bytes,7005893,3,caught,66,decode
1358,zeroed_run,4347773,3357,SILENT,0,decode
1359,truncation,3723110,5559741,caught,68,decode
1360,header,570,1,SILENT,0,decode
1361,payload,5560540,1,SILENT,0,decode
1362,bit_flip,715794,1,SILENT,0,decode
1363,random_bytes,4965213,8,caught,66,decode
1364,zeroed_run,4568941,2994,SILENT,0,decode
1365,truncation,7337057,1945794,caught,68,decode
1366,header,312,1,SILENT,0,decode
1367,payload,1539227,1,SILENT,0,decode
1368,bit_flip,6556108,1,SILENT,0,decode
1369,random_bytes,3991141,8,SILENT,0,decode
1370,zeroed_run,6605140,1118,SILENT,0,decode
1371,truncation,2105108,7177743,caught,68,decode
1372,header,672,1,SILENT,0,decode
1373,payload,8702878,1,SILENT,0,decode
1374,bit_flip,602052,1,caught,66,decode
1375,random_bytes,3313472,1,SILENT,0,decode
1376,zeroed_run,6648473,3004,SILENT,0,decode
1377,truncation,2946908,6335943,caught,68,decode
1378,header,813,1,SILENT,0,decode
1379,payload,5531878,1,SILENT,0,decode
1380,bit_flip,6614154,1,SILENT,0,decode
1381,random_bytes,6890484,7,caught,66,decode
1382,zeroed_run,5027977,3702,SILENT,0,decode
1383,truncation,20865,9261986,caught,68,decode
1384,header,997,1,SILENT,0,decode
1385,payload,4211137,1,SILENT,0,decode
1386,bit_flip,2235411,1,SILENT,0,decode
1387,random_bytes,7583720,4,SILENT,0,decode
1388,zeroed_run,8409355,3286,SILENT,0,decode
1389,truncation,1498738,7784113,caught,68,decode
1390,header,310,1,SILENT,0,decode
1391,payload,6701039,1,caught,66,decode
1392,bit_flip,222979,1,SILENT,0,decode
1393,random_bytes,470451,4,SILENT,0,decode
1394,zeroed_run,5739315,3773,SILENT,0,decode
1395,truncation,3487966,5794885,caught,68,decode
1396,header,672,1,SILENT,0,decode
1397,payload,4797017,1,SILENT,0,decode
1398,bit_flip,3106933,1,caught,66,decode
1399,random_bytes,1064885,16,SILENT,0,decode
1400,zeroed_run,6626001,1510,SILENT,0,decode
1401,truncation,4666776,4616075,caught,68,decode
1402,header,491,1,SILENT,0,decode
1403,payload,7327339,1,SILENT,0,decode
1404,bit_flip,3924818,1,SILENT,0,decode
1405,random_bytes,3024384,9,caught,66,decode
1406,zeroed_run,5680869,1217,SILENT,0,decode
1407,truncation,98266,9184585,caught,68,decode
1408,header,446,1,SILENT,0,decode
1409,payload,2430324,1,caught,66,decode
1410,bit_flip,1034507,1,SILENT,0,decode
1411,random_bytes,5609613,3,SILENT,0,decode
1412,zeroed_run,7361658,641,SILENT,0,decode
1413,truncation,7867138,1415713,caught,68,decode
1414,header,49,1,SILENT,0,decode
1415,payload,409949,1,SILENT,0,decode
1416,bit_flip,783186,1,SILENT,0,decode
1417,random_bytes,3268167,6,caught,66,decode
1418,zeroed_run,8065451,3195,SILENT,0,decode
1419,truncation,1691318,7591533,caught,68,decode
1420,header,597,1,SILENT,0,decode
1421,payload,2275253,1,SILENT,0,decode
1422,bit_flip,2954123,1,SILENT,0,decode
1423,random_bytes,7329805,7,SILENT,0,decode
1424,zeroed_run,8655085,3164,SILENT,0,decode
1425,truncation,1019430,8263421,caught,68,decode
1426,header,917,1,caught,66,decode
1427,payload,2699356,1,caught,66,decode
1428,bit_flip,9182155,1,SILENT,0,decode
1429,random_bytes,9263680,7,caught,66,decode
1430,zeroed_run,5590299,2162,SILENT,0,decode
1431,truncation,4982203,4300648,caught,68,decode
1432,header,673,1,SILENT,0,decode
1433,payload,3842976,1,SILENT,0,decode
1434,bit_flip,1727706,1,caught,66,decode
1435,random_bytes,3414354,5,caught,66,decode
1436,zeroed_run,7850320,3091,SILENT,0,decode
1437,truncation,11345,9271506,caught,68,decode
1438,header,771,1,SILENT,0,decode
1439,payload,6828403,1,SILENT,0,decode
1440,bit_flip,8316729,1,SILENT,0,decode
1441,random_bytes,4783272,1,SILENT,0,decode
1442,zeroed_run,2126744,2496,SILENT,0,decode
1443,truncation,436347,8846504,caught,68,decode
1444,header,878,1,caught,66,decode
1445,payload,638856,1,SILENT,0,decode
1446,bit_flip,1480968,1,SILENT,0,decode
1447,random_bytes,263997,9,caught,66,decode
1448,zeroed_run,4082373,3263,SILENT,0,decode
1449,truncation,3288702,5994149,caught,68,decode
1450,header,373,1,SILENT,0,decode
1451,payload,905624,1,SILENT,0,decode
1452,bit_flip,5150896,1,caught,66,decode
1453,random_bytes,6169158,4,caught,66,decode
1454,zeroed_run,424107,2374,SILENT,0,decode
1455,truncation,4861791,4421060,caught,68,decode
1456,header,152,1,caught,66,decode
1457,payload,2345119,1,SILENT,0,decode
1458,bit_flip,9123745,1,caught,66,decode
1459,random_bytes,609403,4,SILENT,0,decode
1460,zeroed_run,6431645,3934,SILENT,0,decode
1461,truncation,4628255,4654596,caught,68,decode
1462,header,778,1,SILENT,0,decode
1463,payload,960849,1,caught,66,decode
1464,bit_flip,4073721,1,SILENT,0,decode
1465,random_bytes,96449,16,SILENT,0,decode
1466,zeroed_run,4698752,1232,SILENT,0,decode
1467,truncation,2041963,7240888,caught,68,decode
1468,header,1009,1,SILENT,0,decode
1469,payload,9014681,1,SILENT,0,decode
1470,bit_flip,1722373,1,SILENT,0,decode
1471,random_bytes,5067939,16,caught,66,decode
1472,zeroed_run,4772014,2594,SILENT,0,decode
1473,truncation,4398214,4884637,caught,68,decode
1474,header,171,1,SILENT,0,decode
1475,payload,2609453,1,caught,66,decode
1476,bit_flip,7303109,1,SILENT,0,decode
1477,random_bytes,6977486,5,caught,66,decode
1478,zeroed_run,3334467,543,SILENT,0,decode
1479,truncation,824067,8458784,caught,68,decode
1480,header,279,1,SILENT,0,decode
1481,payload,6829533,1,SILENT,0,decode
1482,bit_flip,6192181,1,SILENT,0,decode
1483,random_bytes,4566968,8,caught,66,decode
1484,zeroed_run,3349613,2894,SILENT,0,decode
1485,truncation,4126383,5156468,caught,68,decode
1486,header,377,1,caught,66,decode
1487,payload,5193793,1,SILENT,0,decode
1488,bit_flip,2648725,1,SILENT,0,decode
1489,random_bytes,6393816,9,caught,66,decode
1490,zeroed_run,4426769,3308,SILENT,0,decode
1491,truncation,1737700,7545151,caught,68,decode
1492,header,266,1,SILENT,0,decode
1493,payload,2369551,1,SILENT,0,decode
1494,bit_flip,3725468,1,SILENT,0,decode
1495,random_bytes,1880323,13,caught,66,decode
1496,zeroed_run,8908807,3449,SILENT,0,decode
1497,truncation,6553525,2729326,caught,68,decode
1498,header,538,1,SILENT,0,decode
1499,payload,90813,1,SILENT,0,decode
1500,bit_flip,7047854,1,SILENT,0,decode
1501,random_bytes,6985593,15,SILENT,0,decode
1502,zeroed_run,9223173,1841,SILENT,0,decode
1503,truncation,1229483,8053368,caught,68,decode
1504,header,340,1,SILENT,0,decode
1505,payload,5415506,1,SILENT,0,decode
1506,bit_flip,4199745,1,SILENT,0,decode
1507,random_bytes,8186966,8,caught,66,decode
1508,zeroed_run,3689627,1198,SILENT,0,decode
1509,truncation,8817320,465531,caught,68,decode
1510,header,830,1,SILENT,0,decode
1511,payload,3988617,1,SILENT,0,decode
1512,bit_flip,7621240,1,SILENT,0,decode
1513,random_bytes,53477,14,caught,66,decode
1514,zeroed_run,2318376,136,SILENT,0,decode
1515,truncation,7851588,1431263,caught,68,decode
1516,header,370,1,caught,66,decode
1517,payload,1257726,1,SILENT,0,decode
1518,bit_flip,2730107,1,SILENT,0,decode
1519,random_bytes,8548525,12,SILENT,0,decode
1520,zeroed_run,4884852,1770,SILENT,0,decode
1521,truncation,3297378,5985473,caught,68,decode
1522,header,416,1,caught,66,decode
1523,payload,7950361,1,SILENT,0,decode
1524,bit_flip,5203347,1,SILENT,0,decode
1525,random_bytes,8214099,15,caught,66,decode
1526,zeroed_run,1621599,415,SILENT,0,decode
1527,truncation,3889377,5393474,caught,68,decode
1528,header,885,1,SILENT,0,decode
1529,payload,4079139,1,SILENT,0,decode
1530,bit_flip,9128992,1,SILENT,0,decode
1531,random_bytes,4744981,3,caught,66,decode
1532,zeroed_run,2256877,154,SILENT,0,decode
1533,truncation,7850133,1432718,caught,68,decode
1534,header,782,1,SILENT,0,decode
1535,payload,3434984,1,caught,66,decode
1536,bit_flip,4843365,1,SILENT,0,decode
1537,random_bytes,3802924,12,caught,66,decode
1538,zeroed_run,3284092,2348,SILENT,0,decode
1539,truncation,8461938,820913,caught,68,decode
1540,header,105,1,SILENT,0,decode
1541,payload,1416008,1,SILENT,0,decode
1542,bit_flip,1597045,1,caught,66,decode
1543,random_bytes,5404154,16,SILENT,0,decode
1544,zeroed_run,8685707,560,SILENT,0,decode
1545,truncation,2058730,7224121,caught,68,decode
1546,header,469,1,SILENT,0,decode
1547,payload,2953718,1,SILENT,0,decode
1548,bit_flip,629772,1,SILENT,0,decode
1549,random_bytes,6187434,6,SILENT,0,decode
1550,zeroed_run,1178982,375,SILENT,0,decode
1551,truncation,669562,8613289,caught,68,decode
1552,header,259,1,SILENT,0,decode
1553,payload,178251,1,SILENT,0,decode
1554,bit_flip,7874862,1,SILENT,0,decode
1555,random_bytes,4018027,6,SILENT,0,decode
1556,zeroed_run,1610693,1119,SILENT,0,decode
1557,truncation,304274,8978577,caught,68,decode
1558,header,729,1,SILENT,0,decode
1559,payload,5161679,1,caught,66,decode
1560,bit_flip,6298217,1,SILENT,0,decode
1561,random_bytes,2647089,9,caught,66,decode
1562,zeroed_run,2956925,1047,SILENT,0,decode
1563,truncation,5799251,3483600,caught,68,decode
1564,header,280,1,SILENT,0,decode
1565,payload,1881272,1,SILENT,0,decode
1566,bit_flip,6410559,1,SILENT,0,decode
1567,random_bytes,4682426,5,caught,66,decode
1568,zeroed_run,7196836,758,SILENT,0,decode
1569,truncation,7665038,1617813,caught,68,decode
1570,header,194,1,SILENT,0,decode
1571,payload,4732800,1,SILENT,0,decode
1572,bit_flip,4074844,1,SILENT,0,decode
1573,random_bytes,4171923,10,caught,66,decode
1574,zeroed_run,6507687,1636,SILENT,0,decode
1575,truncation,3165502,6117349,caught,68,decode
1576,header,910,1,SILENT,0,decode
1577,payload,6672610,1,SILENT,0,decode
1578,bit_flip,8105311,1,SILENT,0,decode
1579,random_bytes,1107489,9,caught,66,decode
1580,zeroed_run,4640116,3745,SILENT,0,decode
1581,truncation,5430099,3852752,caught,68,decode
1582,header,392,1,caught,66,decode
1583,payload,9228760,1,caught,66,decode
1584,bit_flip,5103827,1,SILENT,0,decode
1585,random_bytes,3512426,7,SILENT,0,decode
1586,zeroed_run,1809715,2885,SILENT,0,decode
1587,truncation,4733518,4549333,caught,68,decode
1588,header,42,1,caught,66,decode
1589,payload,504843,1,SILENT,0,decode
1590,bit_flip,8684656,1,SILENT,0,decode
1591,random_bytes,7163480,2,SILENT,0,decode
1592,zeroed_run,1453233,2773,SILENT,0,decode
1593,truncation,1312847,7970004,caught,68,decode
1594,header,40,1,caught,66,decode
1595,payload,1933292,1,SILENT,0,decode
1596,bit_flip,5462282,1,SILENT,0,decode
1597,random_bytes,7224957,15,caught,66,decode
1598,zeroed_run,7762601,1857,SILENT,0,decode
1599,truncation,3671865,5610986,caught,68,decode
1600,header,699,1,SILENT,0,decode
1601,payload,1639223,1,SILENT,0,decode
1602,bit_flip,78938,1,SILENT,0,decode
1603,random_bytes,6579003,1,SILENT,0,decode
1604,zeroed_run,1842017,1597,SILENT,0,decode
1605,truncation,1925914,7356937,caught,68,decode
1606,header,381,1,SILENT,0,decode
1607,payload,6060286,1,SILENT,0,decode
1608,bit_flip,1067003,1,SILENT,0,decode
1609,random_bytes,3942571,15,caught,66,decode
1610,zeroed_run,6284577,3131,SILENT,0,decode
1611,truncation,9086633,196218,caught,68,decode
1612,header,101,1,SILENT,0,decode
1613,payload,2858396,1,SILENT,0,decode
1614,bit_flip,4188352,1,caught,66,decode
1615,random_bytes,199722,8,SILENT,0,decode
1616,zeroed_run,1309581,3800,SILENT,0,decode
1617,truncation,8642892,639959,caught,68,decode
1618,header,531,1,SILENT,0,decode
1619,payload,157943,1,SILENT,0,decode
1620,bit_flip,1196186,1,SILENT,0,decode
1621,random_bytes,1739729,6,SILENT,0,decode
1622,zeroed_run,3743310,2395,SILENT,0,decode
1623,truncation,9161167,121684,caught,68,decode
1624,header,195,1,SILENT,0,decode
1625,payload,3160530,1,SILENT,0,decode
1626,bit_flip,8751518,1,SILENT,0,decode
1627,random_bytes,5898780,7,caught,66,decode
1628,zeroed_run,8665725,812,SILENT,0,decode
1629,truncation,129896,9152955,caught,68,decode
1630,header,715,1,SILENT,0,decode
1631,payload,1389818,1,SILENT,0,decode
1632,bit_flip,7594999,1,SILENT,0,decode
1633,random_bytes,634183,9,caught,66,decode
1634,zeroed_run,2770437,2595,SILENT,0,decode
1635,truncation,1015493,8267358,caught,68,decode
1636,header,710,1,SILENT,0,decode
1637,payload,8441139,1,SILENT,0,decode
1638,bit_flip,2253097,1,caught,66,decode
1639,random_bytes,167029,4,SILENT,0,decode
1640,zeroed_run,2460771,3308,SILENT,0,decode
1641,truncation,7285971,1996880,caught,68,decode
1642,header,818,1,SILENT,0,decode
1643,payload,5488219,1,SILENT,0,decode
1644,bit_flip,3814301,1,SILENT,0,decode
1645,random_bytes,6436803,14,caught,66,decode
1646,zeroed_run,110408,3320,SILENT,0,decode
1647,truncation,7641085,1641766,caught,68,decode
1648,header,999,1,SILENT,0,decode
1649,payload,1772478,1,SILENT,0,decode
1650,bit_flip,7232383,1,SILENT,0,decode
1651,random_bytes,4405891,5,caught,66,decode
1652,zeroed_run,1666706,2845,SILENT,0,decode
1653,truncation,8297348,985503,caught,68,decode
1654,header,93,1,SILENT,0,decode
1655,payload,1081845,1,SILENT,0,decode
1656,bit_flip,7510354,1,SILENT,0,decode
1657,random_bytes,45825,13,SILENT,0,decode
1658,zeroed_run,3184843,3383,SILENT,0,decode
1659,truncation,2949824,6333027,caught,68,decode
1660,header,773,1,SILENT,0,decode
1661,payload,7837778,1,SILENT,0,decode
1662,bit_flip,9105693,1,caught,66,decode
1663,random_bytes,3227451,12,caught,66,decode
1664,zeroed_run,4260186,3755,SILENT,0,decode
1665,truncation,1212150,8070701,caught,68,decode
1666,header,452,1,caught,66,decode
1667,payload,8830209,1,SILENT,0,decode
1668,bit_flip,5156395,1,SILENT,0,decode
1669,random_bytes,5544061,12,caught,66,decode
1670,zeroed_run,6463102,2682,SILENT,0,decode
1671,truncation,5662969,3619882,caught,68,decode
1672,header,435,1,SILENT,0,decode
1673,payload,8660995,1,SILENT,0,decode
1674,bit_flip,138400,1,SILENT,0,decode
1675,random_bytes,2846921,8,caught,66,decode
1676,zeroed_run,2054905,19,SILENT,0,decode
1677,truncation,1589165,7693686,caught,68,decode
1678,header,562,1,caught,66,decode
1679,payload,6765050,1,SILENT,0,decode
1680,bit_flip,7700294,1,SILENT,0,decode
1681,random_bytes,6013544,8,caught,66,decode
1682,zeroed_run,2890400,1124,SILENT,0,decode
1683,truncation,3648586,5634265,caught,68,decode
1684,header,639,1,caught,66,decode
1685,payload,1074015,1,SILENT,0,decode
1686,bit_flip,5603676,1,caught,66,decode
1687,random_bytes,5733721,13,SILENT,0,decode
1688,zeroed_run,6484606,526,SILENT,0,decode
1689,truncation,3493360,5789491,caught,68,decode
1690,header,66,1,SILENT,0,decode
1691,payload,1378995,1,SILENT,0,decode
1692,bit_flip,4007963,1,SILENT,0,decode
1693,random_bytes,3809258,14,caught,66,decode
1694,zeroed_run,1227664,3962,SILENT,0,decode
1695,truncation,6777420,2505431,caught,68,decode
1696,header,903,1,SILENT,0,decode
1697,payload,6362169,1,SILENT,0,decode
1698,bit_flip,1198380,1,SILENT,0,decode
1699,random_bytes,874322,7,caught,66,decode
1700,zeroed_run,2527455,1695,SILENT,0,decode
1701,truncation,2750176,6532675,caught,68,decode
1702,header,104,1,caught,66,decode
1703,payload,6062044,1,SILENT,0,decode
1704,bit_flip,5126063,1,SILENT,0,decode
1705,random_bytes,5139861,14,SILENT,0,decode
1706,zeroed_run,4469966,3453,SILENT,0,decode
1707,truncation,3133928,6148923,caught,68,decode
1708,header,58,1,caught,66,decode
1709,payload,4458318,1,caught,66,decode
1710,bit_flip,6443143,1,SILENT,0,decode
1711,random_bytes,3404397,12,caught,66,decode
1712,zeroed_run,2262077,1167,SILENT,0,decode
1713,truncation,4222477,5060374,caught,68,decode
1714,header,291,1,SILENT,0,decode
1715,payload,5112485,1,SILENT,0,decode
1716,bit_flip,7390938,1,SILENT,0,decode
1717,random_bytes,7998746,13,SILENT,0,decode
1718,zeroed_run,5758061,1854,SILENT,0,decode
1719,truncation,778470,8504381,caught,68,decode
1720,header,778,1,SILENT,0,decode
1721,payload,677128,1,SILENT,0,decode
1722,bit_flip,1415768,1,SILENT,0,decode
1723,random_bytes,1785833,3,SILENT,0,decode
1724,zeroed_run,9094340,791,SILENT,0,decode
1725,truncation,9127498,155353,caught,68,decode
1726,header,151,1,SILENT,0,decode
1727,payload,2448453,1,SILENT,0,decode
1728,bit_flip,5290302,1,SILENT,0,decode
1729,random_bytes,5112366,15,SILENT,0,decode
1730,zeroed_run,4695530,2779,SILENT,0,decode
1731,truncation,6888018,2394833,caught,68,decode
1732,header,414,1,SILENT,0,decode
1733,payload,6433616,1,SILENT,0,decode
1734,bit_flip,5233701,1,SILENT,0,decode
1735,random_bytes,8788410,6,caught,66,decode
1736,zeroed_run,2712178,2377,SILENT,0,decode
1737,truncation,5445438,3837413,caught,68,decode
1738,header,48,1,caught,66,decode
1739,payload,1904294,1,SILENT,0,decode
1740,bit_flip,7120147,1,SILENT,0,decode
1741,random_bytes,8047405,5,caught,66,decode
1742,zeroed_run,6548437,652,SILENT,0,decode
1743,truncation,5976172,3306679,caught,68,decode
1744,header,171,1,SILENT,0,decode
1745,payload,8643582,1,SILENT,0,decode
1746,bit_flip,6009477,1,SILENT,0,decode
1747,random_bytes,4294741,8,SILENT,0,decode
1748,zeroed_run,6907608,289,SILENT,0,decode
1749,truncation,2524261,6758590,caught,68,decode
1750,header,309,1,SILENT,0,decode
1751,payload,4838679,1,SILENT,0,decode
1752,bit_flip,2780556,1,SILENT,0,decode
1753,random_bytes,8980530,3,SILENT,0,decode
1754,zeroed_run,2938522,558,SILENT,0,decode
1755,truncation,3109708,6173143,caught,68,decode
1756,header,993,1,caught,66,decode
1757,payload,6130455,1,SILENT,0,decode
1758,bit_flip,1729856,1,SILENT,0,decode
1759,random_bytes,8991160,1,caught,66,decode
1760,zeroed_run,5677367,3663,SILENT,0,decode
1761,truncation,2511907,6770944,caught,68,decode
1762,header,114,1,caught,66,decode
1763,payload,5370700,1,SILENT,0,decode
1764,bit_flip,7968912,1,SILENT,0,decode
1765,random_bytes,4671545,10,caught,66,decode
1766,zeroed_run,1987862,1806,SILENT,0,decode
1767,truncation,5104189,4178662,caught,68,decode
1768,header,426,1,caught,66,decode
1769,payload,1362068,1,SILENT,0,decode
1770,bit_flip,6546653,1,SILENT,0,decode
1771,random_bytes,243079,9,caught,66,decode
1772,zeroed_run,298970,4048,SILENT,0,decode
1773,truncation,1061355,8221496,caught,68,decode
1774,header,741,1,SILENT,0,decode
1775,payload,4685184,1,caught,66,decode
1776,bit_flip,5724979,1,SILENT,0,decode
1777,random_bytes,576504,3,SILENT,0,decode
1778,zeroed_run,3436458,1034,SILENT,0,decode
1779,truncation,689942,8592909,caught,68,decode
1780,header,998,1,SILENT,0,decode
1781,payload,6920396,1,SILENT,0,decode
1782,bit_flip,6144639,1,SILENT,0,decode
1783,random_bytes,6400252,6,caught,66,decode
1784,zeroed_run,977328,2499,SILENT,0,decode
1785,truncation,1256298,8026553,caught,68,decode
1786,header,982,1,SILENT,0,decode
1787,payload,1061111,1,caught,66,decode
1788,bit_flip,7401865,1,SILENT,0,decode
1789,random_bytes,4296463,3,caught,66,decode
1790,zeroed_run,6842981,951,SILENT,0,decode
1791,truncation,1806008,7476843,caught,68,decode
1792,header,817,1,SILENT,0,decode
1793,payload,7355033,1,SILENT,0,decode
1794,bit_flip,978802,1,SILENT,0,decode
1795,random_bytes,390140,14,caught,66,decode
1796,zeroed_run,6349861,1753,SILENT,0,decode
1797,truncation,9073750,209101,caught,68,decode
1798,header,165,1,SILENT,0,decode
1799,payload,5421725,1,SILENT,0,decode
1800,bit_flip,7359231,1,SILENT,0,decode
1801,random_bytes,462888,3,caught,66,decode
1802,zeroed_run,8400337,1816,SILENT,0,decode
1803,truncation,5030044,4252807,caught,68,decode
1804,header,110,1,SILENT,0,decode
1805,payload,1618779,1,SILENT,0,decode
1806,bit_flip,1444147,1,caught,66,decode
1807,random_bytes,752881,15,SILENT,0,decode
1808,zeroed_run,3829179,652,SILENT,0,decode
1809,truncation,6524439,2758412,caught,68,decode
1810,header,110,1,caught,66,decode
1811,payload,5360628,1,SILENT,0,decode
1812,bit_flip,810537,1,SILENT,0,decode
1813,random_bytes,5889679,7,SILENT,0,decode
1814,zeroed_run,1724480,1638,SILENT,0,decode
1815,truncation,2966383,6316468,caught,68,decode
1816,header,1000,1,SILENT,0,decode
1817,payload,8348828,1,SILENT,0,decode
1818,bit_flip,9225319,1,SILENT,0,decode
1819,random_bytes,4907493,1,SILENT,0,decode
1820,zeroed_run,2312253,3569,SILENT,0,decode
1821,truncation,8529623,753228,caught,68,decode
1822,header,408,1,SILENT,0,decode
1823,payload,5441592,1,SILENT,0,decode
1824,bit_flip,207038,1,SILENT,0,decode
1825,random_bytes,7023146,6,SILENT,0,decode
1826,zeroed_run,1694309,1517,SILENT,0,decode
1827,truncation,2476730,6806121,caught,68,decode
1828,header,774,1,SILENT,0,decode
1829,payload,5793180,1,SILENT,0,decode
1830,bit_flip,2487812,1,SILENT,0,decode
1831,random_bytes,6488167,9,caught,66,decode
1832,zeroed_run,1953229,932,SILENT,0,decode
1833,truncation,7549983,1732868,caught,68,decode
1834,header,821,1,SILENT,0,decode
1835,payload,1225144,1,SILENT,0,decode
1836,bit_flip,5886027,1,SILENT,0,decode
1837,random_bytes,3511719,4,SILENT,0,decode
1838,zeroed_run,9156804,267,SILENT,0,decode
1839,truncation,2971104,6311747,caught,68,decode
1840,header,75,1,caught,66,decode
1841,payload,1119652,1,SILENT,0,decode
1842,bit_flip,3137734,1,SILENT,0,decode
1843,random_bytes,5482142,4,SILENT,0,decode
1844,zeroed_run,9107866,2676,SILENT,0,decode
1845,truncation,975796,8307055,caught,68,decode
1846,header,28,1,caught,66,decode
1847,payload,4904109,1,caught,66,decode
1848,bit_flip,1131827,1,SILENT,0,decode
1849,random_bytes,4224517,2,SILENT,0,decode
1850,zeroed_run,6729175,1580,SILENT,0,decode
1851,truncation,4345676,4937175,caught,68,decode
1852,header,525,1,caught,66,decode
1853,payload,2535569,1,SILENT,0,decode
1854,bit_flip,4529649,1,SILENT,0,decode
1855,random_bytes,431648,9,caught,66,decode
1856,zeroed_run,2753544,2135,SILENT,0,decode
1857,truncation,621289,8661562,caught,68,decode
1858,header,789,1,SILENT,0,decode
1859,payload,2094502,1,SILENT,0,decode
1860,bit_flip,7445061,1,SILENT,0,decode
1861,random_bytes,2296100,12,caught,66,decode
1862,zeroed_run,6548173,3145,SILENT,0,decode
1863,truncation,7803266,1479585,caught,68,decode
1864,header,4,1,caught,66,decode
1865,payload,8760700,1,SILENT,0,decode
1866,bit_flip,3998481,1,SILENT,0,decode
1867,random_bytes,6238735,11,caught,66,decode
1868,zeroed_run,699511,438,SILENT,0,decode
1869,truncation,612897,8669954,caught,68,decode
1870,header,39,1,caught,66,decode
1871,payload,5599127,1,SILENT,0,decode
1872,bit_flip,3577531,1,SILENT,0,decode
1873,random_bytes,1895080,7,caught,66,decode
1874,zeroed_run,4470505,2614,SILENT,0,decode
1875,truncation,8694664,588187,caught,68,decode
1876,header,168,1,SILENT,0,decode
1877,payload,2573972,1,SILENT,0,decode
1878,bit_flip,6056607,1,SILENT,0,decode
1879,random_bytes,2345921,12,SILENT,0,decode
1880,zeroed_run,6120300,1971,SILENT,0,decode
1881,truncation,1508347,7774504,caught,68,decode
1882,header,53,1,caught,66,decode
1883,payload,9007137,1,SILENT,0,decode
1884,bit_flip,4821223,1,SILENT,0,decode
1885,random_bytes,692669,15,SILENT,0,decode
1886,zeroed_run,2807918,3736,SILENT,0,decode
1887,truncation,1874726,7408125,caught,68,decode
1888,header,770,1,SILENT,0,decode
1889,payload,4536788,1,SILENT,0,decode
1890,bit_flip,2087725,1,caught,66,decode
1891,random_bytes,2189199,1,SILENT,0,decode
1892,zeroed_run,3259474,569,SILENT,0,decode
1893,truncation,263027,9019824,caught,68,decode
1894,header,975,1,caught,66,decode
1895,payload,561502,1,caught,66,decode
1896,bit_flip,2132817,1,SILENT,0,decode
1897,random_bytes,6863677,10,caught,66,decode
1898,zeroed_run,3491143,966,SILENT,0,decode
1899,truncation,375619,8907232,caught,68,decode
1900,header,285,1,SILENT,0,decode
1901,payload,6130060,1,SILENT,0,decode
1902,bit_flip,9059140,1,SILENT,0,decode
1903,random_bytes,5814782,15,SILENT,0,decode
1904,zeroed_run,1321837,2786,SILENT,0,decode
1905,truncation,4270272,5012579,caught,68,decode
1906,header,137,1,SILENT,0,decode
1907,payload,5351618,1,SILENT,0,decode
1908,bit_flip,7691478,1,SILENT,0,decode
1909,random_bytes,4133348,1,SILENT,0,decode
1910,zeroed_run,3836424,3885,SILENT,0,decode
1911,truncation,2727581,6555270,caught,68,decode
1912,header,498,1,SILENT,0,decode
1913,payload,3806132,1,SILENT,0,decode
1914,bit_flip,7447152,1,SILENT,0,decode
1915,random_bytes,3432213,6,caught,66,decode
1916,zeroed_run,7916294,498,SILENT,0,decode
1917,truncation,5075083,4207768,caught,68,decode
1918,header,595,1,caught,66,decode
1919,payload,2995685,1,SILENT,0,decode
1920,bit_flip,6692168,1,SILENT,0,decode
1921,random_bytes,7565530,10,caught,66,decode
1922,zeroed_run,314210,2045,SILENT,0,decode
1923,truncation,1850558,7432293,caught,68,decode
1924,header,59,1,caught,66,decode
1925,payload,6968746,1,SILENT,0,decode
1926,bit_flip,2032268,1,SILENT,0,decode
1927,random_bytes,2560341,2,SILENT,0,decode
1928,zeroed_run,3886297,1874,SILENT,0,decode
1929,truncation,5551164,3731687,caught,68,decode
1930,header,786,1,SILENT,0,decode
1931,payload,4554506,1,SILENT,0,decode
1932,bit_flip,3003580,1,caught,66,decode
1933,random_bytes,4625198,16,caught,66,decode
1934,zeroed_run,8451057,2262,SILENT,0,decode
1935,truncation,2116082,7166769,caught,68,decode
1936,header,946,1,SILENT,0,decode
1937,payload,8992036,1,SILENT,0,decode
1938,bit_flip,2856913,1,SILENT,0,decode
1939,random_bytes,7458549,9,caught,66,decode
1940,zeroed_run,5758338,1412,SILENT,0,decode
1941,truncation,6369961,2912890,caught,68,decode
1942,header,676,1,SILENT,0,decode
1943,payload,2914518,1,SILENT,0,decode
1944,bit_flip,2937565,1,SILENT,0,decode
1945,random_bytes,5256700,3,SILENT,0,decode
1946,zeroed_run,695748,2064,SILENT,0,decode
1947,truncation,8017964,1264887,caught,68,decode
1948,header,19,1,caught,66,decode
1949,payload,4475021,1,SILENT,0,decode
1950,bit_flip,5309128,1,SILENT,0,decode
1951,random_bytes,2333077,13,SILENT,0,decode
1952,zeroed_run,2166619,1149,SILENT,0,decode
1953,truncation,563865,8718986,caught,68,decode
1954,header,491,1,SILENT,0,decode
1955,payload,8666375,1,SILENT,0,decode
1956,bit_flip,4052671,1,SILENT,0,decode
1957,random_bytes,8154551,16,SILENT,0,decode
1958,zeroed_run,3101461,519,SILENT,0,decode
1959,truncation,4208244,5074607,caught,68,decode
1960,header,248,1,SILENT,0,decode
1961,payload,7117731,1,SILENT,0,decode
1962,bit_flip,7165621,1,SILENT,0,decode
1963,random_bytes,1794198,4,caught,66,decode
1964,zeroed_run,4083251,1344,SILENT,0,decode
1965,truncation,1511284,7771567,caught,68,decode
1966,header,307,1,SILENT,0,decode
1967,payload,4698618,1,caught,66,decode
1968,bit_flip,143923,1,SILENT,0,decode
1969,random_bytes,1755205,8,SILENT,0,decode
1970,zeroed_run,9250614,1661,SILENT,0,decode
1971,truncation,4607622,4675229,caught,68,decode
1972,header,396,1,SILENT,0,decode
1973,payload,3884786,1,SILENT,0,decode
1974,bit_flip,2357601,1,SILENT,0,decode
1975,random_bytes,6171179,3,SILENT,0,decode
1976,zeroed_run,6732345,3179,SILENT,0,decode
1977,truncation,7336485,1946366,caught,68,decode
1978,header,892,1,SILENT,0,decode
1979,payload,5158343,1,caught,66,decode
1980,bit_flip,3742135,1,SILENT,0,decode
1981,random_bytes,1098656,13,SILENT,0,decode
1982,zeroed_run,6959651,3762,caught,66,decode
1983,truncation,988536,8294315,caught,68,decode
1984,header,240,1,SILENT,0,decode
1985,payload,4343531,1,SILENT,0,decode
1986,bit_flip,2600441,1,caught,66,decode
1987,random_bytes,3050170,16,caught,66,decode
1988,zeroed_run,2303086,2443,SILENT,0,decode
1989,truncation,1783844,7499007,caught,68,decode
1990,header,789,1,SILENT,0,decode
1991,payload,6739621,1,caught,66,decode
1992,bit_flip,4376692,1,SILENT,0,decode
1993,random_bytes,1670478,1,caught,66,decode
1994,zeroed_run,8941312,428,SILENT,0,decode
1995,truncation,8056053,1226798,caught,68,decode
1996,header,524,1,SILENT,0,decode
1997,payload,168914,1,caught,66,decode
1998,bit_flip,6884816,1,SILENT,0,decode
1999,random_bytes,8634729,1,SILENT,0,decode
2000,zeroed_run,5521618,1433,SILENT,0,decode
2001,truncation,4483075,4799776,caught,68,decode
2002,header,724,1,SILENT,0,decode
2003,payload,18492,1,caught,66,decode
2004,bit_flip,5438677,1,SILENT,0,decode
2005,random_bytes,6425168,10,caught,66,decode
2006,zeroed_run,3910856,918,SILENT,0,decode
2007,truncation,4002976,5279875,caught,68,decode
2008,header,902,1,SILENT,0,decode
2009,payload,5584574,1,SILENT,0,decode
2010,bit_flip,4274561,1,SILENT,0,decode
2011,random_bytes,8211035,14,caught,66,decode
2012,zeroed_run,4017666,1681,SILENT,0,decode
2013,truncation,1104415,8178436,caught,68,decode
2014,header,29,1,caught,66,decode
2015,payload,3894725,1,SILENT,0,decode
2016,bit_flip,6256290,1,SILENT,0,decode
2017,random_bytes,9007983,7,caught,66,decode
2018,zeroed_run,14431,1407,SILENT,0,decode
2019,truncation,549822,8733029,caught,68,decode
2020,header,535,1,SILENT,0,decode
2021,payload,354483,1,SILENT,0,decode
2022,bit_flip,5579866,1,caught,66,decode
2023,random_bytes,3259998,16,caught,66,decode
2024,zeroed_run,1269191,2287,SILENT,0,decode
2025,truncation,5625920,3656931,caught,68,decode
2026,header,800,1,SILENT,0,decode
2027,payload,1648297,1,SILENT,0,decode
2028,bit_flip,9276707,1,SILENT,0,decode
2029,random_bytes,960000,9,caught,66,decode
2030,zeroed_run,1381921,1967,SILENT,0,decode
2031,truncation,4285451,4997400,caught,68,decode
2032,header,72,1,SILENT,0,decode
2033,payload,2669181,1,SILENT,0,decode
2034,bit_flip,4512138,1,caught,66,decode
2035,random_bytes,6719539,14,caught,66,decode
2036,zeroed_run,2251699,1575,SILENT,0,decode
2037,truncation,4273980,5008871,caught,68,decode
2038,header,999,1,SILENT,0,decode
2039,payload,3207009,1,SILENT,0,decode
2040,bit_flip,5133608,1,SILENT,0,decode
2041,random_bytes,2262350,5,SILENT,0,decode
2042,zeroed_run,2078376,979,SILENT,0,decode
2043,truncation,2574140,6708711,caught,68,decode
2044,header,554,1,SILENT,0,decode
2045,payload,2076098,1,SILENT,0,decode
2046,bit_flip,7858898,1,SILENT,0,decode
2047,random_bytes,6760971,3,caught,66,decode
2048,zeroed_run,5173602,2001,SILENT,0,decode
2049,truncation,7920781,1362070,caught,68,decode
2050,header,202,1,SILENT,0,decode
2051,payload,5107438,1,caught,66,decode
2052,bit_flip,3817618,1,SILENT,0,decode
2053,random_bytes,5038064,9,caught,66,decode
2054,zeroed_run,4909618,2393,SILENT,0,decode
2055,truncation,6784113,2498738,caught,68,decode
2056,header,545,1,SILENT,0,decode
2057,payload,3602922,1,caught,66,decode
2058,bit_flip,7108967,1,SILENT,0,decode
2059,random_bytes,6926063,5,caught,66,decode
2060,zeroed_run,8270200,3363,SILENT,0,decode
2061,truncation,2540418,6742433,caught,68,decode
2062,header,669,1,SILENT,0,decode
2063,payload,176539,1,SILENT,0,decode
2064,bit_flip,3902817,1,SILENT,0,decode
2065,random_bytes,1025455,15,SILENT,0,decode
2066,zeroed_run,6322432,3512,SILENT,0,decode
2067,truncation,6510963,2771888,caught,68,decode
2068,header,76,1,SILENT,0,decode
2069,payload,3593443,1,SILENT,0,decode
2070,bit_flip,9188817,1,caught,66,decode
2071,random_bytes,1891582,7,SILENT,0,decode
2072,zeroed_run,5194452,913,SILENT,0,decode
2073,truncation,4501892,4780959,caught,68,decode
2074,header,202,1,SILENT,0,decode
2075,payload,5177692,1,SILENT,0,decode
2076,bit_flip,6419341,1,SILENT,0,decode
2077,random_bytes,3074130,6,SILENT,0,decode
2078,zeroed_run,2921107,1313,SILENT,0,decode
2079,truncation,5246566,4036285,caught,68,decode
2080,header,829,1,SILENT,0,decode
2081,payload,124496,1,SILENT,0,decode
2082,bit_flip,5772445,1,caught,66,decode
2083,random_bytes,8615453,16,caught,66,decode
2084,zeroed_run,1050848,1824,SILENT,0,decode
2085,truncation,8771000,511851,caught,68,decode
2086,header,291,1,SILENT,0,decode
2087,payload,7692972,1,caught,66,decode
2088,bit_flip,6518220,1,SILENT,0,decode
2089,random_bytes,8987834,1,SILENT,0,decode
2090,zeroed_run,315170,1359,SILENT,0,decode
2091,truncation,4380595,4902256,caught,68,decode
2092,header,565,1,SILENT,0,decode
2093,payload,3258540,1,SILENT,0,decode
2094,bit_flip,2796396,1,SILENT,0,decode
2095,random_bytes,7050627,1,caught,66,decode
2096,zeroed_run,414382,405,SILENT,0,decode
2097,truncation,7394696,1888155,caught,68,decode
2098,header,398,1,SILENT,0,decode
2099,payload,8021088,1,SILENT,0,decode
2100,bit_flip,2345418,1,SILENT,0,decode
2101,random_bytes,7358520,16,caught,66,decode
2102,zeroed_run,5106111,1201,SILENT,0,decode
2103,truncation,3906488,5376363,caught,68,decode
2104,header,1009,1,SILENT,0,decode
2105,payload,1454530,1,SILENT,0,decode
2106,bit_flip,7034093,1,SILENT,0,decode
2107,random_bytes,5699534,9,caught,66,decode
2108,zeroed_run,3010461,674,SILENT,0,decode
2109,truncation,2631758,6651093,caught,68,decode
2110,header,1020,1,SILENT,0,decode
2111,payload,6731709,1,SILENT,0,decode
2112,bit_flip,4459113,1,SILENT,0,decode
2113,random_bytes,5628930,10,caught,66,decode
2114,zeroed_run,1953436,2444,SILENT,0,decode
2115,truncation,5626818,3656033,caught,68,decode
2116,header,802,1,SILENT,0,decode
2117,payload,6526376,1,caught,66,decode
2118,bit_flip,3546043,1,caught,66,decode
2119,random_bytes,6366199,11,caught,66,decode
2120,zeroed_run,7768835,3793,SILENT,0,decode
2121,truncation,2524016,6758835,caught,68,decode
2122,header,419,1,caught,66,decode
2123,payload,4332082,1,caught,66,decode
2124,bit_flip,2935250,1,caught,66,decode
2125,random_bytes,4590601,1,caught,66,decode
2126,zeroed_run,7618892,2646,SILENT,0,decode
2127,truncation,831225,8451626,caught,68,decode
2128,header,127,1,SILENT,0,decode
2129,payload,2457974,1,caught,66,decode
2130,bit_flip,148734,1,SILENT,0,decode
2131,random_bytes,3149271,10,SILENT,0,decode
2132,zeroed_run,6406835,3646,SILENT,0,decode
2133,truncation,1894065,7388786,caught,68,decode
2134,header,952,1,SILENT,0,decode
2135,payload,8187433,1,caught,66,decode
2136,bit_flip,189263,1,SILENT,0,decode
2137,random_bytes,4997773,11,SILENT,0,decode
2138,zeroed_run,7416910,281,SILENT,0,decode
2139,truncation,231673,9051178,caught,68,decode
2140,header,171,1,SILENT,0,decode
2141,payload,8641699,1,SILENT,0,decode
2142,bit_flip,2040926,1,caught,66,decode
2143,random_bytes,7703224,14,SILENT,0,decode
2144,zeroed_run,155699,1425,SILENT,0,decode
2145,truncation,879407,8403444,caught,68,decode
2146,header,75,1,caught,66,decode
2147,payload,5598810,1,SILENT,0,decode
2148,bit_flip,4379004,1,SILENT,0,decode
2149,random_bytes,4709116,10,caught,66,decode
2150,zeroed_run,2128846,1697,SILENT,0,decode
2151,truncation,3441113,5841738,caught,68,decode
2152,header,184,1,SILENT,0,decode
2153,payload,226912,1,caught,66,decode
2154,bit_flip,4132973,1,SILENT,0,decode
2155,random_bytes,7439001,8,SILENT,0,decode
2156,zeroed_run,737743,3892,SILENT,0,decode
2157,truncation,1098605,8184246,caught,68,decode
2158,header,73,1,SILENT,0,decode
2159,payload,4536590,1,caught,66,decode
2160,bit_flip,1477825,1,SILENT,0,decode
2161,random_bytes,6090134,10,caught,66,decode
2162,zeroed_run,1884147,2407,SILENT,0,decode
2163,truncation,1829831,7453020,caught,68,decode
2164,header,421,1,caught,66,decode
2165,payload,5936627,1,SILENT,0,decode
2166,bit_flip,99355,1,SILENT,0,decode
2167,random_bytes,7405673,4,caught,66,decode
2168,zeroed_run,5449960,120,SILENT,0,decode
2169,truncation,7737370,1545481,caught,68,decode
2170,header,288,1,SILENT,0,decode
2171,payload,2288392,1,SILENT,0,decode
2172,bit_flip,2390678,1,SILENT,0,decode
2173,random_bytes,8127460,5,caught,66,decode
2174,zeroed_run,6437329,3659,SILENT,0,decode
2175,truncation,6763679,2519172,caught,68,decode
2176,header,417,1,SILENT,0,decode
2177,payload,4480076,1,SILENT,0,decode
2178,bit_flip,7261378,1,SILENT,0,decode
2179,random_bytes,1155907,3,caught,66,decode
2180,zeroed_run,6586759,3396,SILENT,0,decode
2181,truncation,7268765,2014086,caught,68,decode
2182,header,791,1,SILENT,0,decode
2183,payload,8275049,1,SILENT,0,decode
2184,bit_flip,4217310,1,SILENT,0,decode
2185,random_bytes,180393,10,SILENT,0,decode
2186,zeroed_run,4451676,2125,SILENT,0,decode
2187,truncation,1493444,7789407,caught,68,decode
2188,header,734,1,SILENT,0,decode
2189,payload,9212367,1,SILENT,0,decode
2190,bit_flip,198857,1,SILENT,0,decode
2191,random_bytes,2062400,5,caught,66,decode
2192,zeroed_run,3632859,194,SILENT,0,decode
2193,truncation,3402860,5879991,caught,68,decode
2194,header,916,1,SILENT,0,decode
2195,payload,7192763,1,SILENT,0,decode
2196,bit_flip,439506,1,SILENT,0,decode
2197,random_bytes,6184376,15,SILENT,0,decode
2198,zeroed_run,3639559,78,SILENT,0,decode
2199,truncation,6657837,2625014,caught,68,decode
2200,header,892,1,SILENT,0,decode
2201,payload,1356095,1,caught,66,decode
2202,bit_flip,8137296,1,SILENT,0,decode
2203,random_bytes,2127332,10,caught,66,decode
2204,zeroed_run,3382715,1355,SILENT,0,decode
2205,truncation,4733090,4549761,caught,68,decode
2206,header,944,1,SILENT,0,decode
2207,payload,8142303,1,caught,66,decode
2208,bit_flip,1189791,1,SILENT,0,decode
2209,random_bytes,7029592,16,caught,66,decode
2210,zeroed_run,5290293,1075,SILENT,0,decode
2211,truncation,2297067,6985784,caught,68,decode
2212,header,337,1,caught,66,decode
2213,payload,5097576,1,SILENT,0,decode
2214,bit_flip,3732665,1,caught,66,decode
2215,random_bytes,206528,5,caught,66,decode
2216,zeroed_run,104207,511,SILENT,0,decode
2217,truncation,5840101,3442750,caught,68,decode
2218,header,348,1,SILENT,0,decode
2219,payload,1673352,1,SILENT,0,decode
2220,bit_flip,5611916,1,caught,66,decode
2221,random_bytes,1136732,14,caught,66,decode
2222,zeroed_run,8046574,416,SILENT,0,decode
2223,truncation,7512482,1770369,caught,68,decode
2224,header,480,1,SILENT,0,decode
2225,payload,7909632,1,SILENT,0,decode
2226,bit_flip,6108553,1,SILENT,0,decode
2227,random_bytes,1915836,12,caught,66,decode
2228,zeroed_run,4829468,203,SILENT,0,decode
2229,truncation,5527876,3754975,caught,68,decode
2230,header,954,1,SILENT,0,decode
2231,payload,2594907,1,SILENT,0,decode
2232,bit_flip,3222850,1,SILENT,0,decode
2233,random_bytes,2513309,12,caught,66,decode
2234,zeroed_run,6248829,2258,SILENT,0,decode
2235,truncation,3703317,5579534,caught,68,decode
2236,header,101,1,SILENT,0,decode
2237,payload,3896778,1,SILENT,0,decode
2238,bit_flip,696961,1,caught,66,decode
2239,random_bytes,6586067,9,caught,66,decode
2240,zeroed_run,8206139,838,SILENT,0,decode
2241,truncation,6944981,2337870,caught,68,decode
2242,header,202,1,SILENT,0,decode
2243,payload,4644199,1,caught,66,decode
2244,bit_flip,4601818,1,SILENT,0,decode
2245,random_bytes,4668048,4,SILENT,0,decode
2246,zeroed_run,2406380,3267,SILENT,0,decode
2247,truncation,2292043,6990808,caught,68,decode
2248,header,354,1,SILENT,0,decode
2249,payload,8661746,1,caught,66,decode
2250,bit_flip,8368349,1,SILENT,0,decode
2251,random_bytes,8043638,10,SILENT,0,decode
2252,zeroed_run,2147191,3463,SILENT,0,decode
2253,truncation,4085305,5197546,caught,68,decode
2254,header,33,1,caught,66,decode
2255,payload,3151018,1,SILENT,0,decode
2256,bit_flip,5673699,1,SILENT,0,decode
2257,random_bytes,3859582,12,SILENT,0,decode
2258,zeroed_run,6033637,41,SILENT,0,decode
2259,truncation,5299495,3983356,caught,68,decode
2260,header,461,1,SILENT,0,decode
2261,payload,4937108,1,SILENT,0,decode
2262,bit_flip,7511667,1,SILENT,0,decode
2263,random_bytes,5548017,16,caught,66,decode
2264,zeroed_run,5528216,3886,SILENT,0,decode
2265,truncation,9068844,214007,caught,68,decode
2266,header,864,1,SILENT,0,decode
2267,payload,3668652,1,SILENT,0,decode
2268,bit_flip,6315131,1,SILENT,0,decode
2269,random_bytes,6783786,4,SILENT,0,decode
2270,zeroed_run,4380245,2739,SILENT,0,decode
2271,truncation,5626527,3656324,caught,68,decode
2272,header,465,1,SILENT,0,decode
2273,payload,5855456,1,SILENT,0,decode
2274,bit_flip,4611284,1,SILENT,0,decode
2275,random_bytes,9056915,7,caught,66,decode
2276,zeroed_run,2513137,1388,SILENT,0,decode
2277,truncation,4094100,5188751,caught,68,decode
2278,header,72,1,SILENT,0,decode
2279,payload,1083350,1,SILENT,0,decode
2280,bit_flip,4230779,1,SILENT,0,decode
2281,random_bytes,5329257,5,SILENT,0,decode
2282,zeroed_run,2920394,3631,SILENT,0,decode
2283,truncation,6810338,2472513,caught,68,decode
2284,header,99,1,caught,66,decode
2285,payload,1268616,1,caught,66,decode
2286,bit_flip,1823037,1,SILENT,0,decode
2287,random_bytes,8519299,1,SILENT,0,decode
2288,zeroed_run,249437,3418,SILENT,0,decode
2289,truncation,9042083,240768,caught,68,decode
2290,header,603,1,SILENT,0,decode
2291,payload,5652677,1,SILENT,0,decode
2292,bit_flip,7990180,1,caught,66,decode
2293,random_bytes,7207829,15,SILENT,0,decode
2294,zeroed_run,4075836,3205,SILENT,0,decode
2295,truncation,8245014,1037837,caught,68,decode
2296,header,561,1,SILENT,0,decode
2297,payload,3379545,1,SILENT,0,decode
2298,bit_flip,6290108,1,SILENT,0,decode
2299,random_bytes,2729881,4,SILENT,0,decode
2300,zeroed_run,393346,4038,SILENT,0,decode
2301,truncation,7121133,2161718,caught,68,decode
2302,header,572,1,caught,66,decode
2303,payload,2849,1,caught,66,decode
2304,bit_flip,6581258,1,SILENT,0,decode
2305,random_bytes,1593918,7,SILENT,0,decode
2306,zeroed_run,4226410,1980,SILENT,0,decode
2307,truncation,3752912,5529939,caught,68,decode
2308,header,632,1,caught,66,decode
2309,payload,6554616,1,SILENT,0,decode
2310,bit_flip,8919315,1,SILENT,0,decode
2311,random_bytes,78749,8,SILENT,0,decode
2312,zeroed_run,7072427,3038,SILENT,0,decode
2313,truncation,6154923,3127928,caught,68,decode
2314,header,330,1,caught,66,decode
2315,payload,7563183,1,SILENT,0,decode
2316,bit_flip,5447674,1,SILENT,0,decode
2317,random_bytes,327652,9,SILENT,0,decode
2318,zeroed_run,7169673,748,SILENT,0,decode
2319,truncation,5910456,3372395,caught,68,decode
2320,header,21,1,caught,66,decode
2321,payload,6044664,1,SILENT,0,decode
2322,bit_flip,8424382,1,SILENT,0,decode
2323,random_bytes,6785731,4,caught,66,decode
2324,zeroed_run,2288764,1703,SILENT,0,decode
2325,truncation,7977035,1305816,caught,68,decode
2326,header,389,1,caught,66,decode
2327,payload,6476395,1,SILENT,0,decode
2328,bit_flip,8570054,1,SILENT,0,decode
2329,random_bytes,6876005,5,caught,66,decode
2330,zeroed_run,8463568,665,SILENT,0,decode
2331,truncation,8642641,640210,caught,68,decode
2332,header,49,1,SILENT,0,decode
2333,payload,6051711,1,SILENT,0,decode
2334,bit_flip,1822671,1,SILENT,0,decode
2335,random_bytes,6773349,4,caught,66,decode
2336,zeroed_run,7057500,2211,SILENT,0,decode
2337,truncation,2407116,6875735,caught,68,decode
2338,header,848,1,SILENT,0,decode
2339,payload,7616411,1,SILENT,0,decode
2340,bit_flip,8336188,1,SILENT,0,decode
2341,random_bytes,8863831,12,caught,66,decode
2342,zeroed_run,6591301,297,SILENT,0,decode
2343,truncation,7147076,2135775,caught,68,decode
2344,header,128,1,caught,66,decode
2345,payload,3803493,1,SILENT,0,decode
2346,bit_flip,6476382,1,SILENT,0,decode
2347,random_bytes,5855084,7,SILENT,0,decode
2348,zeroed_run,2938245,584,SILENT,0,decode
2349,truncation,6421606,2861245,caught,68,decode
2350,header,872,1,SILENT,0,decode
2351,payload,520328,1,caught,66,decode
2352,bit_flip,9041645,1,caught,66,decode
2353,random_bytes,7823790,11,SILENT,0,decode
2354,zeroed_run,4488988,2709,SILENT,0,decode
2355,truncation,964923,8317928,caught,68,decode
2356,header,298,1,caught,66,decode
2357,payload,7202076,1,SILENT,0,decode
2358,bit_flip,1196755,1,SILENT,0,decode
2359,random_bytes,6722867,12,caught,66,decode
2360,zeroed_run,1175803,3044,SILENT,0,decode
2361,truncation,3717917,5564934,caught,68,decode
2362,header,14,1,SILENT,0,decode
2363,payload,5591952,1,SILENT,0,decode
2364,bit_flip,7465004,1,SILENT,0,decode
2365,random_bytes,8646401,9,caught,66,decode
2366,zeroed_run,6864060,83,caught,66,decode
2367,truncation,4321197,4961654,caught,68,decode
2368,header,586,1,SILENT,0,decode
2369,payload,2412315,1,SILENT,0,decode
2370,bit_flip,8813688,1,SILENT,0,decode
2371,random_bytes,708640,9,caught,66,decode
2372,zeroed_run,4961689,3463,SILENT,0,decode
2373,truncation,71190,9211661,caught,68,decode
2374,header,347,1,SILENT,0,decode
2375,payload,4655527,1,SILENT,0,decode
2376,bit_flip,7351627,1,SILENT,0,decode
2377,random_bytes,8744758,2,SILENT,0,decode
2378,zeroed_run,2393158,2357,SILENT,0,decode
2379,truncation,7709295,1573556,caught,68,decode
2380,header,69,1,SILENT,0,decode
2381,payload,6101561,1,SILENT,0,decode
2382,bit_flip,1452360,1,SILENT,0,decode
2383,random_bytes,7235843,6,caught,66,decode
2384,zeroed_run,2388840,501,SILENT,0,decode
2385,truncation,6540404,2742447,caught,68,decode
2386,header,486,1,SILENT,0,decode
2387,payload,4892278,1,caught,66,decode
2388,bit_flip,7690180,1,SILENT,0,decode
2389,random_bytes,4835549,4,SILENT,0,decode
2390,zeroed_run,5076154,3964,SILENT,0,decode
2391,truncation,7630881,1651970,caught,68,decode
2392,header,181,1,SILENT,0,decode
2393,payload,4613691,1,SILENT,0,decode
2394,bit_flip,8730935,1,SILENT,0,decode
2395,random_bytes,5216665,10,caught,66,decode
2396,zeroed_run,2463461,1968,SILENT,0,decode
2397,truncation,67113,9215738,caught,68,decode
2398,header,56,1,caught,66,decode
2399,payload,4916913,1,SILENT,0,decode
2400,bit_flip,603353,1,caught,66,decode
2401,random_bytes,7639767,7,caught,66,decode
2402,zeroed_run,8864766,3201,SILENT,0,decode
2403,truncation,6840267,2442584,caught,68,decode
2404,header,613,1,SILENT,0,decode
2405,payload,3717566,1,caught,66,decode
2406,bit_flip,4887365,1,SILENT,0,decode
2407,random_bytes,7041267,3,caught,66,decode
2408,zeroed_run,4867363,1040,SILENT,0,decode
2409,truncation,6658145,2624706,caught,68,decode
2410,header,96,1,caught,66,decode
2411,payload,2399084,1,SILENT,0,decode
2412,bit_flip,5701609,1,SILENT,0,decode
2413,random_bytes,6076198,4,caught,66,decode
2414,zeroed_run,6878269,3596,SILENT,0,decode
2415,truncation,1019217,8263634,caught,68,decode
2416,header,390,1,SILENT,0,decode
2417,payload,66891,1,SILENT,0,decode
2418,bit_flip,2944838,1,SILENT,0,decode
2419,random_bytes,5152912,11,SILENT,0,decode
2420,zeroed_run,6985445,1533,SILENT,0,decode
2421,truncation,4426795,4856056,caught,68,decode
2422,header,420,1,SILENT,0,decode
2423,payload,9269669,1,SILENT,0,decode
2424,bit_flip,6054432,1,SILENT,0,decode
2425,random_bytes,3299501,13,caught,66,decode
2426,zeroed_run,8306838,3909,SILENT,0,decode
2427,truncation,2261082,7021769,caught,68,decode
2428,header,926,1,SILENT,0,decode
2429,payload,2773484,1,caught,66,decode
2430,bit_flip,7666952,1,SILENT,0,decode
2431,random_bytes,7855695,12,caught,66,decode
2432,zeroed_run,5388694,2002,SILENT,0,decode
2433,truncation,8640047,642804,caught,68,decode
2434,header,449,1,SILENT,0,decode
2435,payload,6526299,1,SILENT,0,decode
2436,bit_flip,5896184,1,SILENT,0,decode
2437,random_bytes,7121913,7,caught,66,decode
2438,zeroed_run,8986190,319,SILENT,0,decode
2439,truncation,4388978,4893873,caught,68,decode
2440,header,396,1,SILENT,0,decode
2441,payload,286284,1,SILENT,0,decode
2442,bit_flip,6393623,1,caught,66,decode
2443,random_bytes,2409198,2,SILENT,0,decode
2444,zeroed_run,1641379,404,SILENT,0,decode
2445,truncation,753020,8529831,caught,68,decode
2446,header,565,1,SILENT,0,decode
2447,payload,2975551,1,SILENT,0,decode
2448,bit_flip,2520008,1,SILENT,0,decode
2449,random_bytes,7363248,14,SILENT,0,decode
2450,zeroed_run,8229897,3856,SILENT,0,decode
2451,truncation,6402425,2880426,caught,68,decode
2452,header,436,1,SILENT,0,decode
2453,payload,2112191,1,SILENT,0,decode
2454,bit_flip,1574173,1,caught,66,decode
2455,random_bytes,5577906,13,caught,66,decode
2456,zeroed_run,6135576,3331,SILENT,0,decode
2457,truncation,3340168,5942683,caught,68,decode
2458,header,889,1,SILENT,0,decode
2459,payload,3774447,1,SILENT,0,decode
2460,bit_flip,2966830,1,SILENT,0,decode
2461,random_bytes,2456454,15,SILENT,0,decode
2462,zeroed_run,3521260,4092,SILENT,0,decode
2463,truncation,5887236,3395615,caught,68,decode
2464,header,976,1,SILENT,0,decode
2465,payload,2787131,1,caught,66,decode
2466,bit_flip,5096982,1,SILENT,0,decode
2467,random_bytes,3936487,15,SILENT,0,decode
2468,zeroed_run,6681177,41,caught,66,decode
2469,truncation,6054578,3228273,caught,68,decode
2470,header,625,1,SILENT,0,decode
2471,payload,7854454,1,caught,66,decode
2472,bit_flip,6751689,1,SILENT,0,decode
2473,random_bytes,3750379,2,SILENT,0,decode
2474,zeroed_run,3152667,3192,SILENT,0,decode
2475,truncation,6971967,2310884,caught,68,decode
2476,header,465,1,SILENT,0,decode
2477,payload,7787091,1,caught,66,decode
2478,bit_flip,9100910,1,SILENT,0,decode
2479,random_bytes,6953996,10,caught,66,decode
2480,zeroed_run,426308,3242,SILENT,0,decode
2481,truncation,5500042,3782809,caught,68,decode
2482,header,512,1,SILENT,0,decode
2483,payload,7205839,1,SILENT,0,decode
2484,bit_flip,5561079,1,SILENT,0,decode
2485,random_bytes,3335857,1,SILENT,0,decode
2486,zeroed_run,4642038,1803,SILENT,0,decode
2487,truncation,2365039,6917812,caught,68,decode
2488,header,639,1,caught,66,decode
2489,payload,1679106,1,caught,66,decode
2490,bit_flip,3342724,1,SILENT,0,decode
2491,random_bytes,1998497,13,SILENT,0,decode
2492,zeroed_run,5027931,807,SILENT,0,decode
2493,truncation,718743,8564108,caught,68,decode
2494,header,213,1,SILENT,0,decode
2495,payload,2828868,1,SILENT,0,decode
2496,bit_flip,5748204,1,SILENT,0,decode
2497,random_bytes,6711190,11,caught,66,decode
2498,zeroed_run,960620,3599,SILENT,0,decode
2499,truncation,4288554,4994297,caught,68,decode
2500,header,397,1,SILENT,0,decode
2501,payload,6477959,1,caught,66,decode
2502,bit_flip,9169007,1,SILENT,0,decode
2503,random_bytes,3260851,9,caught,66,decode
2504,zeroed_run,4855100,1783,SILENT,0,decode
2505,truncation,3042868,6239983,caught,68,decode
2506,header,426,1,caught,66,decode
2507,payload,733074,1,caught,66,decode
2508,bit_flip,8680410,1,SILENT,0,decode
2509,random_bytes,3671834,13,caught,66,decode
2510,zeroed_run,4521753,3851,SILENT,0,decode
2511,truncation,5039793,4243058,caught,68,decode
2512,header,946,1,SILENT,0,decode
2513,payload,8911848,1,SILENT,0,decode
2514,bit_flip,326530,1,SILENT,0,decode
2515,random_bytes,4558342,15,caught,66,decode
2516,zeroed_run,5231823,2307,SILENT,0,decode
2517,truncation,8576687,706164,caught,68,decode
2518,header,15,1,SILENT,0,decode
2519,payload,5258303,1,caught,66,decode
2520,bit_flip,656447,1,caught,66,decode
2521,random_bytes,1105103,10,caught,66,decode
2522,zeroed_run,4052916,3608,SILENT,0,decode
2523,truncation,1826726,7456125,caught,68,decode
2524,header,19,1,SILENT,0,decode
2525,payload,2729416,1,SILENT,0,decode
2526,bit_flip,3192125,1,SILENT,0,decode
2527,random_bytes,1488768,7,SILENT,0,decode
2528,zeroed_run,1459806,1917,SILENT,0,decode
2529,truncation,3488938,5793913,caught,68,decode
2530,header,72,1,SILENT,0,decode
2531,payload,8195292,1,SILENT,0,decode
2532,bit_flip,1199783,1,SILENT,0,decode
2533,random_bytes,2863756,6,SILENT,0,decode
2534,zeroed_run,6343742,1990,SILENT,0,decode
2535,truncation,4737483,4545368,caught,68,decode
2536,header,565,1,SILENT,0,decode
2537,payload,4701432,1,SILENT,0,decode
2538,bit_flip,217906,1,SILENT,0,decode
2539,random_bytes,3020584,8,caught,66,decode
2540,zeroed_run,9172775,2984,SILENT,0,decode
2541,truncation,6291528,2991323,caught,68,decode
2542,header,950,1,caught,66,decode
2543,payload,2321122,1,SILENT,0,decode
2544,bit_flip,9256029,1,caught,66,decode
2545,random_bytes,7468395,9,caught,66,decode
2546,zeroed_run,8338989,2861,SILENT,0,decode
2547,truncation,939314,8343537,caught,68,decode
2548,header,78,1,SILENT,0,decode
2549,payload,6256705,1,SILENT,0,decode
2550,bit_flip,3425901,1,SILENT,0,decode
2551,random_bytes,1693806,12,caught,66,decode
2552,zeroed_run,1740589,1060,SILENT,0,decode
2553,truncation,6068793,3214058,caught,68,decode
2554,header,146,1,caught,66,decode
2555,payload,3010164,1,SILENT,0,decode
2556,bit_flip,4706984,1,SILENT,0,decode
2557,random_bytes,7273871,11,SILENT,0,decode
2558,zeroed_run,4993986,1500,SILENT,0,decode
2559,truncation,1981288,7301563,caught,68,decode
2560,header,613,1,SILENT,0,decode
2561,payload,1537591,1,SILENT,0,decode
2562,bit_flip,5160182,1,SILENT,0,decode
2563,random_bytes,4675837,15,SILENT,0,decode
2564,zeroed_run,8517251,3766,SILENT,0,decode
2565,truncation,5036043,4246808,caught,68,decode
2566,header,439,1,SILENT,0,decode
2567,payload,2092487,1,SILENT,0,decode
2568,bit_flip,4079177,1,SILENT,0,decode
2569,random_bytes,5555524,2,caught,66,decode
2570,zeroed_run,6851286,2385,SILENT,0,decode
2571,truncation,8291825,991026,caught,68,decode
2572,header,432,1,SILENT,0,decode
2573,payload,3140691,1,SILENT,0,decode
2574,bit_flip,3763163,1,SILENT,0,decode
2575,random_bytes,2778397,13,SILENT,0,decode
2576,zeroed_run,8478300,2022,SILENT,0,decode
2577,truncation,4357025,4925826,caught,68,decode
2578,header,288,1,SILENT,0,decode
2579,payload,3453637,1,caught,66,decode
2580,bit_flip,9047097,1,SILENT,0,decode
2581,random_bytes,4872581,15,SILENT,0,decode
2582,zeroed_run,170194,1196,SILENT,0,decode
2583,truncation,7045890,2236961,caught,68,decode
2584,header,109,1,SILENT,0,decode
2585,payload,1319304,1,SILENT,0,decode
2586,bit_flip,9209563,1,SILENT,0,decode
2587,random_bytes,5770248,14,SILENT,0,decode
2588,zeroed_run,8598126,2890,SILENT,0,decode
2589,truncation,6978394,2304457,caught,68,decode
2590,header,452,1,SILENT,0,decode
2591,payload,3487783,1,SILENT,0,decode
2592,bit_flip,2359801,1,SILENT,0,decode
2593,random_bytes,4360165,2,SILENT,0,decode
2594,zeroed_run,6022802,3624,SILENT,0,decode
2595,truncation,303041,8979810,caught,68,decode
2596,header,113,1,SILENT,0,decode
2597,payload,5663021,1,SILENT,0,decode
2598,bit_flip,3129606,1,SILENT,0,decode
2599,random_bytes,3056642,15,SILENT,0,decode
2600,zeroed_run,2259798,599,SILENT,0,decode
2601,truncation,4397976,4884875,caught,68,decode
2602,header,943,1,SILENT,0,decode
2603,payload,1819465,1,SILENT,0,decode
2604,bit_flip,3501419,1,caught,66,decode
2605,random_bytes,1347617,13,caught,66,decode
2606,zeroed_run,2107460,2741,SILENT,0,decode
2607,truncation,3804063,5478788,caught,68,decode
2608,header,205,1,SILENT,0,decode
2609,payload,8547639,1,SILENT,0,decode
2610,bit_flip,8913345,1,SILENT,0,decode
2611,random_bytes,2267575,10,SILENT,0,decode
2612,zeroed_run,4855725,668,SILENT,0,decode
2613,truncation,2853163,6429688,caught,68,decode
2614,header,938,1,caught,66,decode
2615,payload,4335021,1,caught,66,decode
2616,bit_flip,4317420,1,SILENT,0,decode
2617,random_bytes,7923456,13,caught,66,decode
2618,zeroed_run,140896,729,SILENT,0,decode
2619,truncation,704383,8578468,caught,68,decode
2620,header,974,1,SILENT,0,decode
2621,payload,4131913,1,SILENT,0,decode
2622,bit_flip,7803404,1,SILENT,0,decode
2623,random_bytes,7187139,2,SILENT,0,decode
2624,zeroed_run,9278142,2151,SILENT,0,decode
2625,truncation,345873,8936978,caught,68,decode
2626,header,236,1,SILENT,0,decode
2627,payload,4225587,1,SILENT,0,decode
2628,bit_flip,3197071,1,SILENT,0,decode
2629,random_bytes,4965071,10,SILENT,0,decode
2630,zeroed_run,8855739,2776,SILENT,0,decode
2631,truncation,6882571,2400280,caught,68,decode
2632,header,145,1,SILENT,0,decode
2633,payload,6361202,1,SILENT,0,decode
2634,bit_flip,1526918,1,caught,66,decode
2635,random_bytes,5666717,11,caught,66,decode
2636,zeroed_run,5637972,1754,SILENT,0,decode
2637,truncation,2840542,6442309,caught,68,decode
2638,header,352,1,SILENT,0,decode
2639,payload,3279488,1,SILENT,0,decode
2640,bit_flip,86500,1,SILENT,0,decode
2641,random_bytes,4617599,9,caught,66,decode
2642,zeroed_run,3736138,874,SILENT,0,decode
2643,truncation,6834781,2448070,caught,68,decode
2644,header,234,1,SILENT,0,decode
2645,payload,3023257,1,SILENT,0,decode
2646,bit_flip,4658481,1,SILENT,0,decode
2647,random_bytes,7024413,12,SILENT,0,decode
2648,zeroed_run,3574279,101,SILENT,0,decode
2649,truncation,8195462,1087389,caught,68,decode
2650,header,59,1,caught,66,decode
2651,payload,5531774,1,caught,66,decode
2652,bit_flip,2623325,1,SILENT,0,decode
2653,random_bytes,8271458,11,caught,66,decode
2654,zeroed_run,4755923,3998,SILENT,0,decode
2655,truncation,6021888,3260963,caught,68,decode
2656,header,895,1,SILENT,0,decode
2657,payload,1065111,1,caught,66,decode
2658,bit_flip,2297010,1,caught,66,decode
2659,random_bytes,9124415,6,caught,66,decode
2660,zeroed_run,9264786,3248,SILENT,0,decode
2661,truncation,8065055,1217796,caught,68,decode
2662,header,29,1,caught,66,decode
2663,payload,1838838,1,SILENT,0,decode
2664,bit_flip,6129168,1,SILENT,0,decode
2665,random_bytes,4700201,1,caught,66,decode
2666,zeroed_run,1822544,175,caught,66,decode
2667,truncation,6198766,3084085,caught,68,decode
2668,header,909,1,SILENT,0,decode
2669,payload,3278853,1,SILENT,0,decode
2670,bit_flip,8561455,1,SILENT,0,decode
2671,random_bytes,4130723,8,SILENT,0,decode
2672,zeroed_run,595078,1950,SILENT,0,decode
2673,truncation,5325782,3957069,caught,68,decode
2674,header,221,1,SILENT,0,decode
2675,payload,6985066,1,SILENT,0,decode
2676,bit_flip,8926268,1,SILENT,0,decode
2677,random_bytes,3288990,3,SILENT,0,decode
2678,zeroed_run,4216285,3744,SILENT,0,decode
2679,truncation,5234691,4048160,caught,68,decode
2680,header,767,1,SILENT,0,decode
2681,payload,6091469,1,SILENT,0,decode
2682,bit_flip,3170665,1,caught,66,decode
2683,random_bytes,7000236,3,SILENT,0,decode
2684,zeroed_run,8261547,2317,SILENT,0,decode
2685,truncation,2788538,6494313,caught,68,decode
2686,header,284,1,SILENT,0,decode
2687,payload,7862182,1,SILENT,0,decode
2688,bit_flip,6724076,1,SILENT,0,decode
2689,random_bytes,476474,16,caught,66,decode
2690,zeroed_run,3007355,3705,SILENT,0,decode
2691,truncation,916791,8366060,caught,68,decode
2692,header,21,1,caught,66,decode
2693,payload,2706590,1,SILENT,0,decode
2694,bit_flip,2375962,1,SILENT,0,decode
2695,random_bytes,8819244,15,caught,66,decode
2696,zeroed_run,2074702,977,SILENT,0,decode
2697,truncation,2609612,6673239,caught,68,decode
2698,header,480,1,SILENT,0,decode
2699,payload,7804384,1,SILENT,0,decode
2700,bit_flip,5875523,1,caught,66,decode
2701,random_bytes,2963579,12,caught,66,decode
2702,zeroed_run,157748,3950,SILENT,0,decode
2703,truncation,8208759,1074092,caught,68,decode
2704,header,577,1,SILENT,0,decode
2705,payload,8249067,1,SILENT,0,decode
2706,bit_flip,862928,1,SILENT,0,decode
2707,random_bytes,2577402,14,SILENT,0,decode
2708,zeroed_run,4904577,1440,SILENT,0,decode
2709,truncation,8243912,1038939,caught,68,decode
2710,header,293,1,SILENT,0,decode
2711,payload,6300251,1,SILENT,0,decode
2712,bit_flip,5372411,1,SILENT,0,decode
2713,random_bytes,6259807,11,caught,66,decode
2714,zeroed_run,8113445,1674,SILENT,0,decode
2715,truncation,8398993,883858,caught,68,decode
2716,header,792,1,SILENT,0,decode
2717,payload,1981974,1,SILENT,0,decode
2718,bit_flip,2892780,1,SILENT,0,decode
2719,random_bytes,1500064,15,caught,66,decode
2720,zeroed_run,3167272,701,SILENT,0,decode
2721,truncation,6315222,2967629,caught,68,decode
2722,header,385,1,SILENT,0,decode
2723,payload,7854292,1,caught,66,decode
2724,bit_flip,7865978,1,SILENT,0,decode
2725,random_bytes,1533679,15,caught,66,decode
2726,zeroed_run,6230269,3147,SILENT,0,decode
2727,truncation,5285777,3997074,caught,68,decode
2728,header,359,1,SILENT,0,decode
2729,payload,7229114,1,SILENT,0,decode
2730,bit_flip,1551556,1,SILENT,0,decode
2731,random_bytes,5940897,11,caught,66,decode
2732,zeroed_run,7210360,3949,SILENT,0,decode
2733,truncation,6687834,2595017,caught,68,decode
2734,header,372,1,SILENT,0,decode
2735,payload,1596588,1,SILENT,0,decode
2736,bit_flip,2266498,1,SILENT,0,decode
2737,random_bytes,4122679,11,caught,66,decode
2738,zeroed_run,4025128,2888,SILENT,0,decode
2739,truncation,7258367,2024484,caught,68,decode
2740,header,1021,1,SILENT,0,decode
2741,payload,2448358,1,SILENT,0,decode
2742,bit_flip,2420488,1,SILENT,0,decode
2743,random_bytes,7262066,4,caught,66,decode
2744,zeroed_run,8285347,1851,SILENT,0,decode
2745,truncation,1170772,8112079,caught,68,decode
2746,header,2,1,caught,44,decode
2747,payload,8111420,1,SILENT,0,decode
2748,bit_flip,7808828,1,SILENT,0,decode
2749,random_bytes,5740515,9,caught,66,decode
2750,zeroed_run,3603473,3101,SILENT,0,decode
2751,truncation,8098133,1184718,caught,68,decode
2752,header,403,1,SILENT,0,decode
2753,payload,7542739,1,SILENT,0,decode
2754,bit_flip,1898824,1,SILENT,0,decode
2755,random_bytes,7966261,5,SILENT,0,decode
2756,zeroed_run,3429122,780,SILENT,0,decode
2757,truncation,5588422,3694429,caught,68,decode
2758,header,995,1,SILENT,0,decode
2759,payload,8111293,1,SILENT,0,decode
2760,bit_flip,3262245,1,SILENT,0,decode
2761,random_bytes,6089181,12,caught,66,decode
2762,zeroed_run,3840781,531,caught,66,decode
2763,truncation,7737602,1545249,caught,68,decode
2764,header,595,1,caught,66,decode
2765,payload,1584019,1,SILENT,0,decode
2766,bit_flip,5184612,1,SILENT,0,decode
2767,random_bytes,7388747,6,SILENT,0,decode
2768,zeroed_run,1962139,1598,SILENT,0,decode
2769,truncation,1083774,8199077,caught,68,decode
2770,header,615,1,SILENT,0,decode
2771,payload,5931328,1,SILENT,0,decode
2772,bit_flip,2324830,1,SILENT,0,decode
2773,random_bytes,2289020,4,SILENT,0,decode
2774,zeroed_run,3201837,3237,SILENT,0,decode
2775,truncation,2126291,7156560,caught,68,decode
2776,header,557,1,SILENT,0,decode
2777,payload,5012168,1,SILENT,0,decode
2778,bit_flip,1147773,1,SILENT,0,decode
2779,random_bytes,8255747,16,caught,66,decode
2780,zeroed_run,3519398,797,SILENT,0,decode
2781,truncation,6430250,2852601,caught,68,decode
2782,header,262,1,SILENT,0,decode
2783,payload,5587381,1,caught,66,decode
2784,bit_flip,7217867,1,caught,66,decode
2785,random_bytes,6581244,13,caught,66,decode
2786,zeroed_run,3667815,4089,SILENT,0,decode
2787,truncation,3487130,5795721,caught,68,decode
2788,header,331,1,SILENT,0,decode
2789,payload,5211440,1,SILENT,0,decode
2790,bit_flip,1918393,1,SILENT,0,decode
2791,random_bytes,1828993,3,SILENT,0,decode
2792,zeroed_run,2064302,523,SILENT,0,decode
2793,truncation,36020,9246831,caught,68,decode
2794,header,194,1,SILENT,0,decode
2795,payload,1617571,1,caught,66,decode
2796,bit_flip,7808249,1,SILENT,0,decode
2797,random_bytes,9248942,1,SILENT,0,decode
2798,zeroed_run,1806533,985,SILENT,0,decode
2799,truncation,8741682,541169,caught,68,decode
2800,header,618,1,caught,66,decode
2801,payload,4435265,1,caught,66,decode
2802,bit_flip,2625735,1,SILENT,0,decode
2803,random_bytes,7540987,2,SILENT,0,decode
2804,zeroed_run,5811909,1505,SILENT,0,decode
2805,truncation,3755318,5527533,caught,68,decode
2806,header,573,1,SILENT,0,decode
2807,payload,6679003,1,SILENT,0,decode
2808,bit_flip,7146436,1,SILENT,0,decode
2809,random_bytes,2687849,13,caught,66,decode
2810,zeroed_run,3859779,1810,SILENT,0,decode
2811,truncation,481332,8801519,caught,68,decode
2812,header,829,1,SILENT,0,decode
2813,payload,1420039,1,SILENT,0,decode
2814,bit_flip,4602466,1,SILENT,0,decode
2815,random_bytes,7333346,11,caught,66,decode
2816,zeroed_run,4262981,1373,SILENT,0,decode
2817,truncation,4206037,5076814,caught,68,decode
2818,header,828,1,SILENT,0,decode
2819,payload,451141,1,SILENT,0,decode
2820,bit_flip,448169,1,SILENT,0,decode
2821,random_bytes,7908655,7,caught,66,decode
2822,zeroed_run,7968596,2608,SILENT,0,decode
2823,truncation,3194600,6088251,caught,68,decode
2824,header,927,1,SILENT,0,decode
2825,payload,7134684,1,SILENT,0,decode
2826,bit_flip,7631724,1,caught,66,decode
2827,random_bytes,7412613,3,caught,66,decode
2828,zeroed_run,2463752,184,SILENT,0,decode
2829,truncation,6579227,2703624,caught,68,decode
2830,header,835,1,SILENT,0,decode
2831,payload,3114443,1,SILENT,0,decode
2832,bit_flip,1087964,1,SILENT,0,decode
2833,random_bytes,5980543,9,caught,66,decode
2834,zeroed_run,6870874,2574,SILENT,0,decode
2835,truncation,5167867,4114984,caught,68,decode
2836,header,341,1,caught,66,decode
2837,payload,7034546,1,SILENT,0,decode
2838,bit_flip,1126199,1,SILENT,0,decode
2839,random_bytes,3515426,16,caught,66,decode
2840,zeroed_run,3636424,2637,SILENT,0,decode
2841,truncation,3766120,5516731,caught,68,decode
2842,header,833,1,caught,66,decode
2843,payload,1259923,1,caught,66,decode
2844,bit_flip,3919266,1,SILENT,0,decode
2845,random_bytes,5573521,8,SILENT,0,decode
2846,zeroed_run,3329969,994,SILENT,0,decode
2847,truncation,1567630,7715221,caught,68,decode
2848,header,641,1,SILENT,0,decode
2849,payload,6239222,1,caught,66,decode
2850,bit_flip,3564091,1,SILENT,0,decode
2851,random_bytes,9110014,14,caught,66,decode
2852,zeroed_run,5075013,2139,SILENT,0,decode
2853,truncation,1636464,7646387,caught,68,decode
2854,header,569,1,SILENT,0,decode
2855,payload,9169171,1,SILENT,0,decode
2856,bit_flip,5503266,1,SILENT,0,decode
2857,random_bytes,5141923,11,caught,66,decode
2858,zeroed_run,3171488,578,SILENT,0,decode
2859,truncation,599131,8683720,caught,68,decode
2860,header,473,1,caught,66,decode
2861,payload,1603351,1,SILENT,0,decode
2862,bit_flip,8355486,1,caught,66,decode
2863,random_bytes,8412368,10,caught,66,decode
2864,zeroed_run,6921809,857,SILENT,0,decode
2865,truncation,3094800,6188051,caught,68,decode
2866,header,466,1,caught,66,decode
2867,payload,2028065,1,SILENT,0,decode
2868,bit_flip,1144360,1,SILENT,0,decode
2869,random_bytes,9147715,9,SILENT,0,decode
2870,zeroed_run,3405680,1329,SILENT,0,decode
2871,truncation,7036698,2246153,caught,68,decode
2872,header,853,1,caught,66,decode
2873,payload,724501,1,SILENT,0,decode
2874,bit_flip,9121754,1,SILENT,0,decode
2875,random_bytes,5259199,14,SILENT,0,decode
2876,zeroed_run,7008814,3187,SILENT,0,decode
2877,truncation,3703697,5579154,caught,68,decode
2878,header,716,1,SILENT,0,decode
2879,payload,1216434,1,SILENT,0,decode
2880,bit_flip,8686500,1,SILENT,0,decode
2881,random_bytes,728029,14,caught,66,decode
2882,zeroed_run,2621040,909,SILENT,0,decode
2883,truncation,3885927,5396924,caught,68,decode
2884,header,157,1,SILENT,0,decode
2885,payload,8279681,1,SILENT,0,decode
2886,bit_flip,303582,1,caught,66,decode
2887,random_bytes,1586571,10,caught,66,decode
2888,zeroed_run,8618626,1814,SILENT,0,decode
2889,truncation,3305196,5977655,caught,68,decode
2890,header,719,1,caught,66,decode
2891,payload,8811697,1,SILENT,0,decode
2892,bit_flip,7643297,1,SILENT,0,decode
2893,random_bytes,611068,3,caught,66,decode
2894,zeroed_run,2732586,3263,SILENT,0,decode
2895,truncation,870169,8412682,caught,68,decode
2896,header,85,1,SILENT,0,decode
2897,payload,409478,1,SILENT,0,decode
2898,bit_flip,5767955,1,SILENT,0,decode
2899,random_bytes,8463479,3,SILENT,0,decode
2900,zeroed_run,8028976,1698,SILENT,0,decode
2901,truncation,11179,9271672,caught,68,decode
2902,header,902,1,SILENT,0,decode
2903,payload,8450918,1,SILENT,0,decode
2904,bit_flip,5773885,1,SILENT,0,decode
2905,random_bytes,8500058,15,SILENT,0,decode
2906,zeroed_run,8604610,909,SILENT,0,decode
2907,truncation,7667495,1615356,caught,68,decode
2908,header,253,1,SILENT,0,decode
2909,payload,5369315,1,SILENT,0,decode
2910,bit_flip,2852401,1,SILENT,0,decode
2911,random_bytes,7835965,4,caught,66,decode
2912,zeroed_run,1069252,1454,SILENT,0,decode
2913,truncation,3014543,6268308,caught,68,decode
2914,header,289,1,SILENT,0,decode
2915,payload,6313544,1,SILENT,0,decode
2916,bit_flip,1131650,1,SILENT,0,decode
2917,random_bytes,4343510,3,caught,66,decode
2918,zeroed_run,8549280,866,SILENT,0,decode
2919,truncation,7122268,2160583,caught,68,decode
2920,header,344,1,caught,66,decode
2921,payload,2399500,1,SILENT,0,decode
2922,bit_flip,5642722,1,SILENT,0,decode
2923,random_bytes,4081374,13,caught,66,decode
2924,zeroed_run,1456025,3137,SILENT,0,decode
2925,truncation,5968782,3314069,caught,68,decode
2926,header,138,1,SILENT,0,decode
2927,payload,6028246,1,SILENT,0,decode
2928,bit_flip,1257462,1,caught,66,decode
2929,random_bytes,2993223,15,caught,66,decode
2930,zeroed_run,2987805,623,SILENT,0,decode
2931,truncation,4194334,5088517,caught,68,decode
2932,header,321,1,SILENT,0,decode
2933,payload,6891930,1,SILENT,0,decode
2934,bit_flip,6924597,1,SILENT,0,decode
2935,random_bytes,1989933,13,caught,66,decode
2936,zeroed_run,8379725,3829,SILENT,0,decode
2937,truncation,4362759,4920092,caught,68,decode
2938,header,746,1,SILENT,0,decode
2939,payload,22545,1,SILENT,0,decode
2940,bit_flip,1973427,1,SILENT,0,decode
2941,random_bytes,4713676,6,caught,66,decode
2942,zeroed_run,8062449,50,caught,66,decode
2943,truncation,2993908,6288943,caught,68,decode
2944,header,652,1,SILENT,0,decode
2945,payload,5253290,1,caught,66,decode
2946,bit_flip,6374576,1,SILENT,0,decode
2947,random_bytes,8356092,16,SILENT,0,decode
2948,zeroed_run,7774887,3978,SILENT,0,decode
2949,truncation,4889055,4393796,caught,68,decode
2950,header,94,1,SILENT,0,decode
2951,payload,310999,1,SILENT,0,decode
2952,bit_flip,2640632,1,SILENT,0,decode
2953,random_bytes,8552007,16,caught,66,decode
2954,zeroed_run,1404842,2526,SILENT,0,decode
2955,truncation,6835269,2447582,caught,68,decode
2956,header,155,1,SILENT,0,decode
2957,payload,808408,1,SILENT,0,decode
2958,bit_flip,5644029,1,SILENT,0,decode
2959,random_bytes,7586875,11,SILENT,0,decode
2960,zeroed_run,951135,2412,SILENT,0,decode
2961,truncation,4129499,5153352,caught,68,decode
2962,header,233,1,SILENT,0,decode
2963,payload,8314681,1,SILENT,0,decode
2964,bit_flip,2313987,1,SILENT,0,decode
2965,random_bytes,1181174,7,caught,66,decode
2966,zeroed_run,3578228,685,SILENT,0,decode
2967,truncation,8208635,1074216,caught,68,decode
2968,header,814,1,SILENT,0,decode
2969,payload,1753362,1,SILENT,0,decode
2970,bit_flip,9257256,1,SILENT,0,decode
2971,random_bytes,1693800,9,SILENT,0,decode
2972,zeroed_run,1517322,2075,SILENT,0,decode
2973,truncation,4065110,5217741,caught,68,decode
2974,header,906,1,SILENT,0,decode
2975,payload,3911300,1,SILENT,0,decode
2976,bit_flip,3655053,1,SILENT,0,decode
2977,random_bytes,7371166,6,SILENT,0,decode
2978,zeroed_run,4773349,2891,SILENT,0,decode
2979,truncation,7771647,1511204,caught,68,decode
2980,header,278,1,SILENT,0,decode
2981,payload,7334103,1,SILENT,0,decode
2982,bit_flip,4283243,1,caught,66,decode
2983,random_bytes,6121934,8,caught,66,decode
2984,zeroed_run,8249775,1016,SILENT,0,decode
2985,truncation,8958582,324269,caught,68,decode
2986,header,358,1,caught,66,decode
2987,payload,7231384,1,SILENT,0,decode
2988,bit_flip,5721424,1,caught,66,decode
2989,random_bytes,2781742,12,caught,66,decode
2990,zeroed_run,1957833,2885,SILENT,0,decode
2991,truncation,2415270,6867581,caught,68,decode
2992,header,172,1,SILENT,0,decode
2993,payload,9212554,1,SILENT,0,decode
2994,bit_flip,6348357,1,SILENT,0,decode
2995,random_bytes,7121061,3,SILENT,0,decode
2996,zeroed_run,1481922,180,SILENT,0,decode
2997,truncation,1981717,7301134,caught,68,decode
2998,header,64,1,SILENT,0,decode
2999,payload,3876701,1,SILENT,0,decode
3000,bit_flip,9122816,1,SILENT,0,decode
3001,random_bytes,3988365,12,caught,66,decode
3002,zeroed_run,5159767,1180,SILENT,0,decode
3003,truncation,6922516,2360335,caught,68,decode
3004,header,556,1,SILENT,0,decode
3005,payload,4665528,1,SILENT,0,decode
3006,bit_flip,4136431,1,SILENT,0,decode
3007,random_bytes,3575696,15,caught,66,decode
3008,zeroed_run,906157,690,SILENT,0,decode
3009,truncation,4056258,5226593,caught,68,decode
3010,header,211,1,SILENT,0,decode
3011,payload,8959899,1,SILENT,0,decode
3012,bit_flip,5474413,1,caught,66,decode
3013,random_bytes,3621511,13,caught,66,decode
3014,zeroed_run,4666410,2526,SILENT,0,decode
3015,truncation,2243349,7039502,caught,68,decode
3016,header,6,1,caught,66,decode
3017,payload,8500487,1,caught,66,decode
3018,bit_flip,6410790,1,caught,66,decode
3019,random_bytes,9189764,5,caught,66,decode
3020,zeroed_run,1798943,1293,SILENT,0,decode
3021,truncation,4486233,4796618,caught,68,decode
3022,header,674,1,SILENT,0,decode
3023,payload,6169624,1,SILENT,0,decode
3024,bit_flip,461640,1,SILENT,0,decode
3025,random_bytes,3050435,6,caught,66,decode
3026,zeroed_run,8504127,3943,SILENT,0,decode
3027,truncation,6693674,2589177,caught,68,decode
3028,header,305,1,caught,66,decode
3029,payload,2367963,1,SILENT,0,decode
3030,bit_flip,6284878,1,caught,66,decode
3031,random_bytes,338303,7,caught,66,decode
3032,zeroed_run,8196909,1493,SILENT,0,decode
3033,truncation,3983609,5299242,caught,68,decode
3034,header,595,1,caught,66,decode
3035,payload,267082,1,SILENT,0,decode
3036,bit_flip,3174735,1,SILENT,0,decode
3037,random_bytes,7119847,14,caught,66,decode
3038,zeroed_run,2198927,2495,SILENT,0,decode
3039,truncation,5237210,4045641,caught,68,decode
3040,header,731,1,SILENT,0,decode
3041,payload,4460530,1,caught,66,decode
3042,bit_flip,4610458,1,caught,66,decode
3043,random_bytes,1570329,6,caught,66,decode
3044,zeroed_run,4847666,3994,SILENT,0,decode
3045,truncation,2658974,6623877,caught,68,decode
3046,header,159,1,SILENT,0,decode
3047,payload,317743,1,SILENT,0,decode
3048,bit_flip,8228931,1,SILENT,0,decode
3049,random_bytes,2768099,4,caught,66,decode
3050,zeroed_run,1110433,511,SILENT,0,decode
3051,truncation,1250615,8032236,caught,68,decode
3052,header,946,1,SILENT,0,decode
3053,payload,8894500,1,SILENT,0,decode
3054,bit_flip,5996949,1,SILENT,0,decode
3055,random_bytes,392382,13,SILENT,0,decode
3056,zeroed_run,9035288,2366,SILENT,0,decode
3057,truncation,2789380,6493471,caught,68,decode
3058,header,429,1,SILENT,0,decode
3059,payload,978908,1,SILENT,0,decode
3060,bit_flip,5530172,1,caught,66,decode
3061,random_bytes,6651843,14,caught,66,decode
3062,zeroed_run,5418177,2166,SILENT,0,decode
3063,truncation,2308045,6974806,caught,68,decode
3064,header,678,1,SILENT,0,decode
3065,payload,5839673,1,SILENT,0,decode
3066,bit_flip,5592596,1,SILENT,0,decode
3067,random_bytes,87068,14,SILENT,0,decode
3068,zeroed_run,6974766,243,SILENT,0,decode
3069,truncation,6798789,2484062,caught,68,decode
3070,header,821,1,SILENT,0,decode
3071,payload,6511332,1,SILENT,0,decode
3072,bit_flip,7550083,1,SILENT,0,decode
3073,random_bytes,4821202,13,SILENT,0,decode
3074,zeroed_run,7404269,3036,SILENT,0,decode
3075,truncation,3341061,5941790,caught,68,decode
3076,header,958,1,SILENT,0,decode
3077,payload,5904824,1,SILENT,0,decode
3078,bit_flip,5214514,1,SILENT,0,decode
3079,random_bytes,3156887,9,SILENT,0,decode
3080,zeroed_run,9005048,1376,SILENT,0,decode
3081,truncation,7251375,2031476,caught,68,decode
3082,header,935,1,SILENT,0,decode
3083,payload,2807879,1,caught,66,decode
3084,bit_flip,4386015,1,SILENT,0,decode
3085,random_bytes,946923,1,SILENT,0,decode
3086,zeroed_run,2081425,1733,SILENT,0,decode
3087,truncation,4072689,5210162,caught,68,decode
3088,header,31,1,caught,66,decode
3089,payload,9216072,1,SILENT,0,decode
3090,bit_flip,4791992,1,SILENT,0,decode
3091,random_bytes,8310832,6,caught,66,decode
3092,zeroed_run,4894367,3892,SILENT,0,decode
3093,truncation,2586142,6696709,caught,68,decode
3094,header,919,1,SILENT,0,decode
3095,payload,1447031,1,SILENT,0,decode
3096,bit_flip,2740790,1,caught,66,decode
3097,random_bytes,1910123,8,SILENT,0,decode
3098,zeroed_run,4273500,4007,SILENT,0,decode
3099,truncation,2587478,6695373,caught,68,decode
3100,header,648,1,SILENT,0,decode
3101,payload,8624467,1,SILENT,0,decode
3102,bit_flip,3019799,1,SILENT,0,decode
3103,random_bytes,424591,11,caught,66,decode
3104,zeroed_run,2196731,3267,SILENT,0,decode
3105,truncation,2791857,6490994,caught,68,decode
3106,header,858,1,SILENT,0,decode
3107,payload,2667017,1,SILENT,0,decode
3108,bit_flip,8925554,1,SILENT,0,decode
3109,random_bytes,8737361,10,SILENT,0,decode
3110,zeroed_run,7211361,1512,SILENT,0,decode
3111,truncation,201101,9081750,caught,68,decode
3112,header,695,1,caught,66,decode
3113,payload,5863322,1,SILENT,0,decode
3114,bit_flip,2738648,1,SILENT,0,decode
3115,random_bytes,4737419,10,caught,66,decode
3116,zeroed_run,960597,1428,SILENT,0,decode
3117,truncation,1216251,8066600,caught,68,decode
3118,header,896,1,SILENT,0,decode
3119,payload,3296162,1,SILENT,0,decode
3120,bit_flip,6464951,1,SILENT,0,decode
3121,random_bytes,5165581,9,SILENT,0,decode
3122,zeroed_run,7712668,1022,SILENT,0,decode
3123,truncation,461864,8820987,caught,68,decode
3124,header,379,1,SILENT,0,decode
3125,payload,5829372,1,SILENT,0,decode
3126,bit_flip,8081319,1,SILENT,0,decode
3127,random_bytes,5855135,7,caught,66,decode
3128,zeroed_run,2918831,3483,SILENT,0,decode
3129,truncation,3067252,6215599,caught,68,decode
3130,header,100,1,caught,66,decode
3131,payload,1344170,1,SILENT,0,decode
3132,bit_flip,4438360,1,SILENT,0,decode
3133,random_bytes,911540,6,caught,66,decode
3134,zeroed_run,2562811,3264,SILENT,0,decode
3135,truncation,8113238,1169613,caught,68,decode
3136,header,324,1,SILENT,0,decode
3137,payload,5942119,1,SILENT,0,decode
3138,bit_flip,1251160,1,SILENT,0,decode
3139,random_bytes,2253721,15,caught,66,decode
3140,zeroed_run,8491976,732,SILENT,0,decode
3141,truncation,658143,8624708,caught,68,decode
3142,header,735,1,SILENT,0,decode
3143,payload,3019576,1,SILENT,0,decode
3144,bit_flip,3413335,1,SILENT,0,decode
3145,random_bytes,4155638,12,SILENT,0,decode
3146,zeroed_run,6042695,3761,SILENT,0,decode
3147,truncation,6648357,2634494,caught,68,decode
3148,header,652,1,SILENT,0,decode
3149,payload,6763866,1,SILENT,0,decode
3150,bit_flip,921274,1,SILENT,0,decode
3151,random_bytes,1295035,14,SILENT,0,decode
3152,zeroed_run,6194041,2879,SILENT,0,decode
3153,truncation,1813061,7469790,caught,68,decode
3154,header,835,1,SILENT,0,decode
3155,payload,7270228,1,SILENT,0,decode
3156,bit_flip,5061905,1,SILENT,0,decode
3157,random_bytes,4806314,13,SILENT,0,decode
3158,zeroed_run,2095766,561,SILENT,0,decode
3159,truncation,1029231,8253620,caught,68,decode
3160,header,297,1,caught,66,decode
3161,payload,6054552,1,SILENT,0,decode
3162,bit_flip,7143900,1,caught,66,decode
3163,random_bytes,7569876,6,SILENT,0,decode
3164,zeroed_run,1639368,277,caught,66,decode
3165,truncation,3332586,5950265,caught,68,decode
3166,header,242,1,SILENT,0,decode
3167,payload,1193140,1,SILENT,0,decode
3168,bit_flip,3123355,1,caught,66,decode
3169,random_bytes,2247499,11,SILENT,0,decode
3170,zeroed_run,8534344,1409,SILENT,0,decode
3171,truncation,567434,8715417,caught,68,decode
3172,header,882,1,SILENT,0,decode
3173,payload,7312547,1,SILENT,0,decode
3174,bit_flip,6031717,1,SILENT,0,decode
3175,random_bytes,974037,10,caught,66,decode
3176,zeroed_run,4268291,1580,SILENT,0,decode
3177,truncation,7117757,2165094,caught,68,decode
3178,header,783,1,SILENT,0,decode
3179,payload,8989846,1,SILENT,0,decode
3180,bit_flip,2061004,1,caught,66,decode
3181,random_bytes,5582331,15,caught,66,decode
3182,zeroed_run,8687596,19,SILENT,0,decode
3183,truncation,5072370,4210481,caught,68,decode
3184,header,527,1,SILENT,0,decode
3185,payload,6129711,1,caught,66,decode
3186,bit_flip,4943251,1,SILENT,0,decode
3187,random_bytes,4553868,5,caught,66,decode
3188,zeroed_run,3741528,3184,SILENT,0,decode
3189,truncation,2395833,6887018,caught,68,decode
3190,header,536,1,SILENT,0,decode
3191,payload,1032983,1,SILENT,0,decode
3192,bit_flip,2473759,1,SILENT,0,decode
3193,random_bytes,2988909,6,caught,66,decode
3194,zeroed_run,8788732,1151,SILENT,0,decode
3195,truncation,8953815,329036,caught,68,decode
3196,header,780,1,SILENT,0,decode
3197,payload,765009,1,SILENT,0,decode
3198,bit_flip,8520889,1,SILENT,0,decode
3199,random_bytes,6099251,9,SILENT,0,decode
3200,zeroed_run,4042116,1770,SILENT,0,decode
3201,truncation,5940539,3342312,caught,68,decode
3202,header,817,1,SILENT,0,decode
3203,payload,8701356,1,SILENT,0,decode
3204,bit_flip,7471517,1,SILENT,0,decode
3205,random_bytes,528867,10,SILENT,0,decode
3206,zeroed_run,9051037,3251,SILENT,0,decode
3207,truncation,1129652,8153199,caught,68,decode
3208,header,925,1,SILENT,0,decode
3209,payload,8820511,1,SILENT,0,decode
3210,bit_flip,5157290,1,SILENT,0,decode
3211,random_bytes,7019523,7,SILENT,0,decode
3212,zeroed_run,2142169,3320,SILENT,0,decode
3213,truncation,103210,9179641,caught,68,decode
3214,header,156,1,caught,66,decode
3215,payload,4076778,1,SILENT,0,decode
3216,bit_flip,3578937,1,SILENT,0,decode
3217,random_bytes,7744786,5,SILENT,0,decode
3218,zeroed_run,6042207,2127,SILENT,0,decode
3219,truncation,7486780,1796071,caught,68,decode
3220,header,434,1,SILENT,0,decode
3221,payload,3078,1,SILENT,0,decode
3222,bit_flip,2422493,1,caught,66,decode
3223,random_bytes,2100130,14,caught,66,decode
3224,zeroed_run,8697720,638,SILENT,0,decode
3225,truncation,7479046,1803805,caught,68,decode
3226,header,654,1,SILENT,0,decode
3227,payload,1152766,1,SILENT,0,decode
3228,bit_flip,5106247,1,SILENT,0,decode
3229,random_bytes,4048531,6,caught,66,decode
3230,zeroed_run,9270083,850,SILENT,0,decode
3231,truncation,3084861,6197990,caught,68,decode
3232,header,316,1,SILENT,0,decode
3233,payload,7288709,1,SILENT,0,decode
3234,bit_flip,2857976,1,SILENT,0,decode
3235,random_bytes,9262817,6,SILENT,0,decode
3236,zeroed_run,5059544,634,SILENT,0,decode
3237,truncation,1762668,7520183,caught,68,decode
3238,header,524,1,SILENT,0,decode
3239,payload,1997258,1,SILENT,0,decode
3240,bit_flip,490991,1,caught,66,decode
3241,random_bytes,2889475,13,caught,66,decode
3242,zeroed_run,5777968,1522,SILENT,0,decode
3243,truncation,8503522,779329,caught,68,decode
3244,header,496,1,SILENT,0,decode
3245,payload,6128328,1,SILENT,0,decode
3246,bit_flip,1696652,1,SILENT,0,decode
3247,random_bytes,4840273,15,SILENT,0,decode
3248,zeroed_run,5037994,1899,SILENT,0,decode
3249,truncation,87500,9195351,caught,68,decode
3250,header,822,1,SILENT,0,decode
3251,payload,3820514,1,SILENT,0,decode
3252,bit_flip,7369860,1,caught,66,decode
3253,random_bytes,1408007,4,caught,66,decode
3254,zeroed_run,1196695,2507,SILENT,0,decode
3255,truncation,8758492,524359,caught,68,decode
3256,header,436,1,SILENT,0,decode
3257,payload,7622957,1,SILENT,0,decode
3258,bit_flip,4459879,1,SILENT,0,decode
3259,random_bytes,253427,8,SILENT,0,decode
3260,zeroed_run,6593376,1361,SILENT,0,decode
3261,truncation,5467563,3815288,caught,68,decode
3262,header,934,1,SILENT,0,decode
3263,payload,6357286,1,SILENT,0,decode
3264,bit_flip,9209683,1,SILENT,0,decode
3265,random_bytes,8421650,13,SILENT,0,decode
3266,zeroed_run,8277251,3222,SILENT,0,decode
3267,truncation,5452757,3830094,caught,68,decode
3268,header,855,1,SILENT,0,decode
3269,payload,4994629,1,SILENT,0,decode
3270,bit_flip,3503672,1,SILENT,0,decode
3271,random_bytes,5900861,12,SILENT,0,decode
3272,zeroed_run,8976989,3835,SILENT,0,decode
3273,truncation,2390388,6892463,caught,68,decode
3274,header,285,1,SILENT,0,decode
3275,payload,7075712,1,SILENT,0,decode
3276,bit_flip,7071872,1,SILENT,0,decode
3277,random_bytes,3405010,4,caught,66,decode
3278,zeroed_run,1531616,3179,SILENT,0,decode
3279,truncation,9190530,92321,caught,68,decode
3280,header,960,1,caught,66,decode
3281,payload,1673157,1,SILENT,0,decode
3282,bit_flip,4797877,1,caught,66,decode
3283,random_bytes,3244521,13,SILENT,0,decode
3284,zeroed_run,6803928,3150,SILENT,0,decode
3285,truncation,8260858,1021993,caught,68,decode
3286,header,933,1,SILENT,0,decode
3287,payload,4759179,1,SILENT,0,decode
3288,bit_flip,7234506,1,SILENT,0,decode
3289,random_bytes,7445500,4,SILENT,0,decode
3290,zeroed_run,7552086,1512,SILENT,0,decode
3291,truncation,7898659,1384192,caught,68,decode
3292,header,543,1,SILENT,0,decode
3293,payload,6865866,1,SILENT,0,decode
3294,bit_flip,5754847,1,SILENT,0,decode
3295,random_bytes,5097706,1,SILENT,0,decode
3296,zeroed_run,1769200,4093,SILENT,0,decode
3297,truncation,8430176,852675,caught,68,decode
3298,header,14,1,SILENT,0,decode
3299,payload,6480019,1,SILENT,0,decode
3300,bit_flip,2643936,1,SILENT,0,decode
3301,random_bytes,3081078,2,SILENT,0,decode
3302,zeroed_run,5525430,1454,SILENT,0,decode
3303,truncation,9128330,154521,caught,68,decode
3304,header,946,1,SILENT,0,decode
3305,payload,3908326,1,SILENT,0,decode
3306,bit_flip,3677646,1,SILENT,0,decode
3307,random_bytes,3277063,5,SILENT,0,decode
3308,zeroed_run,7952689,971,SILENT,0,decode
3309,truncation,196186,9086665,caught,68,decode
3310,header,997,1,SILENT,0,decode
3311,payload,969675,1,caught,66,decode
3312,bit_flip,4259009,1,SILENT,0,decode
3313,random_bytes,7918897,3,caught,66,decode
3314,zeroed_run,5576055,1629,SILENT,0,decode
3315,truncation,4749670,4533181,caught,68,decode
3316,header,62,1,caught,66,decode
3317,payload,1104102,1,caught,66,decode
3318,bit_flip,525250,1,SILENT,0,decode
3319,random_bytes,6570511,11,SILENT,0,decode
3320,zeroed_run,7671659,3201,SILENT,0,decode
3321,truncation,3389476,5893375,caught,68,decode
3322,header,412,1,caught,66,decode
3323,payload,2821933,1,SILENT,0,decode
3324,bit_flip,975367,1,SILENT,0,decode
3325,random_bytes,7459892,14,caught,66,decode
3326,zeroed_run,3920755,2079,SILENT,0,decode
3327,truncation,113043,9169808,caught,68,decode
3328,header,242,1,SILENT,0,decode
3329,payload,2709357,1,SILENT,0,decode
3330,bit_flip,6180254,1,SILENT,0,decode
3331,random_bytes,9269682,16,caught,66,decode
3332,zeroed_run,8561238,3890,SILENT,0,decode
3333,truncation,5369623,3913228,caught,68,decode
3334,header,488,1,SILENT,0,decode
3335,payload,3496142,1,SILENT,0,decode
3336,bit_flip,8658253,1,SILENT,0,decode
3337,random_bytes,8242369,4,SILENT,0,decode
3338,zeroed_run,8330766,2708,SILENT,0,decode
3339,truncation,5731898,3550953,caught,68,decode
3340,header,12,1,SILENT,0,decode
3341,payload,936193,1,SILENT,0,decode
3342,bit_flip,8535828,1,caught,66,decode
3343,random_bytes,1117895,10,caught,66,decode
3344,zeroed_run,4575539,2789,SILENT,0,decode
3345,truncation,9248956,33895,caught,68,decode
3346,header,644,1,SILENT,0,decode
3347,payload,3449258,1,SILENT,0,decode
3348,bit_flip,1315018,1,SILENT,0,decode
3349,random_bytes,2998488,6,caught,66,decode
3350,zeroed_run,6211922,63,SILENT,0,decode
3351,truncation,4068429,5214422,caught,68,decode
3352,header,68,1,SILENT,0,decode
3353,payload,8322198,1,SILENT,0,decode
3354,bit_flip,5009781,1,caught,66,decode
3355,random_bytes,7340749,7,SILENT,0,decode
3356,zeroed_run,9053588,522,SILENT,0,decode
3357,truncation,317685,8965166,caught,68,decode
3358,header,543,1,SILENT,0,decode
3359,payload,1740297,1,SILENT,0,decode
3360,bit_flip,1039785,1,SILENT,0,decode
3361,random_bytes,802314,11,caught,66,decode
3362,zeroed_run,2374786,1791,SILENT,0,decode
3363,truncation,5196512,4086339,caught,68,decode
3364,header,820,1,SILENT,0,decode
3365,payload,5212015,1,SILENT,0,decode
3366,bit_flip,4681518,1,caught,66,decode
3367,random_bytes,2540963,11,caught,66,decode
3368,zeroed_run,3199651,2905,SILENT,0,decode
3369,truncation,3565517,5717334,caught,68,decode
3370,header,100,1,caught,66,decode
3371,payload,4540747,1,SILENT,0,decode
3372,bit_flip,6117604,1,caught,66,decode
3373,random_bytes,6383867,10,caught,66,decode
3374,zeroed_run,2418344,2790,SILENT,0,decode
3375,truncation,1962797,7320054,caught,68,decode
3376,header,152,1,SILENT,0,decode
3377,payload,5608190,1,SILENT,0,decode
3378,bit_flip,5261003,1,SILENT,0,decode
3379,random_bytes,9143293,1,SILENT,0,decode
3380,zeroed_run,8870152,3557,SILENT,0,decode
3381,truncation,1463864,7818987,caught,68,decode
3382,header,214,1,SILENT,0,decode
3383,payload,8032475,1,SILENT,0,decode
3384,bit_flip,8859544,1,SILENT,0,decode
3385,random_bytes,269199,11,SILENT,0,decode
3386,zeroed_run,3749401,95,SILENT,0,decode
3387,truncation,3804006,5478845,caught,68,decode
3388,header,198,1,SILENT,0,decode
3389,payload,3270500,1,SILENT,0,decode
3390,bit_flip,6570018,1,SILENT,0,decode
3391,random_bytes,2196658,8,caught,66,decode
3392,zeroed_run,4715745,2078,SILENT,0,decode
3393,truncation,7386313,1896538,caught,68,decode
3394,header,903,1,SILENT,0,decode
3395,payload,6798324,1,SILENT,0,decode
3396,bit_flip,2135175,1,SILENT,0,decode
3397,random_bytes,5173604,3,caught,66,decode
3398,zeroed_run,6407711,2197,SILENT,0,decode
3399,truncation,9168432,114419,caught,68,decode
3400,header,412,1,SILENT,0,decode
3401,payload,5605474,1,SILENT,0,decode
3402,bit_flip,5250329,1,SILENT,0,decode
3403,random_bytes,530956,2,SILENT,0,decode
3404,zeroed_run,694847,2065,SILENT,0,decode
3405,truncation,3215014,6067837,caught,68,decode
3406,header,423,1,SILENT,0,decode
3407,payload,4575426,1,SILENT,0,decode
3408,bit_flip,478864,1,SILENT,0,decode
3409,random_bytes,8554196,5,caught,66,decode
3410,zeroed_run,1601008,2957,SILENT,0,decode
3411,truncation,8307051,975800,caught,68,decode
3412,header,925,1,caught,66,decode
3413,payload,4158281,1,SILENT,0,decode
3414,bit_flip,921092,1,SILENT,0,decode
3415,random_bytes,6104935,2,SILENT,0,decode
3416,zeroed_run,6793142,3007,SILENT,0,decode
3417,truncation,8306778,976073,caught,68,decode
3418,header,158,1,SILENT,0,decode
3419,payload,5207645,1,SILENT,0,decode
3420,bit_flip,7678668,1,SILENT,0,decode
3421,random_bytes,6362333,5,caught,66,decode
3422,zeroed_run,1559522,82,SILENT,0,decode
3423,truncation,3927937,5354914,caught,68,decode
3424,header,379,1,SILENT,0,decode
3425,payload,2530894,1,caught,66,decode
3426,bit_flip,8982561,1,SILENT,0,decode
3427,random_bytes,4108418,1,SILENT,0,decode
3428,zeroed_run,1603550,1390,SILENT,0,decode
3429,truncation,8542426,740425,caught,68,decode
3430,header,77,1,SILENT,0,decode
3431,payload,7147938,1,SILENT,0,decode
3432,bit_flip,3637033,1,SILENT,0,decode
3433,random_bytes,8533244,16,caught,66,decode
3434,zeroed_run,1510329,4085,SILENT,0,decode
3435,truncation,1764219,7518632,caught,68,decode
3436,header,925,1,caught,66,decode
3437,payload,2588307,1,SILENT,0,decode
3438,bit_flip,8732044,1,SILENT,0,decode
3439,random_bytes,1040886,8,SILENT,0,decode
3440,zeroed_run,20083,3264,SILENT,0,decode
3441,truncation,3437317,5845534,caught,68,decode
3442,header,363,1,SILENT,0,decode
3443,payload,5483125,1,SILENT,0,decode
3444,bit_flip,6861574,1,caught,66,decode
3445,random_bytes,2625878,7,SILENT,0,decode
3446,zeroed_run,1439068,4018,SILENT,0,decode
3447,truncation,3900646,5382205,caught,68,decode
3448,header,207,1,SILENT,0,decode
3449,payload,3336406,1,SILENT,0,decode
3450,bit_flip,7913236,1,SILENT,0,decode
3451,random_bytes,8169783,15,caught,66,decode
3452,zeroed_run,78138,1806,SILENT,0,decode
3453,truncation,2186575,7096276,caught,68,decode
3454,header,663,1,SILENT,0,decode
3455,payload,71459,1,SILENT,0,decode
3456,bit_flip,1118558,1,SILENT,0,decode
3457,random_bytes,7208481,9,caught,66,decode
3458,zeroed_run,4836490,2768,SILENT,0,decode
3459,truncation,2963272,6319579,caught,68,decode
3460,header,663,1,SILENT,0,decode
3461,payload,3515291,1,caught,66,decode
3462,bit_flip,6111011,1,SILENT,0,decode
3463,random_bytes,5928667,14,caught,66,decode
3464,zeroed_run,7163718,2444,SILENT,0,decode
3465,truncation,2433596,6849255,caught,68,decode
3466,header,630,1,SILENT,0,decode
3467,payload,6130395,1,SILENT,0,decode
3468,bit_flip,2732265,1,SILENT,0,decode
3469,random_bytes,3904855,16,caught,66,decode
3470,zeroed_run,283018,3215,SILENT,0,decode
3471,truncation,820456,8462395,caught,68,decode
3472,header,613,1,SILENT,0,decode
3473,payload,3629588,1,SILENT,0,decode
3474,bit_flip,3350418,1,SILENT,0,decode
3475,random_bytes,6111588,7,SILENT,0,decode
3476,zeroed_run,1887916,2521,SILENT,0,decode
3477,truncation,2494644,6788207,caught,68,decode
3478,header,189,1,SILENT,0,decode
3479,payload,1841373,1,caught,66,decode
3480,bit_flip,3092618,1,SILENT,0,decode
3481,random_bytes,4289784,11,SILENT,0,decode
3482,zeroed_run,1448419,3657,SILENT,0,decode
3483,truncation,645459,8637392,caught,68,decode
3484,header,840,1,SILENT,0,decode
3485,payload,6378606,1,SILENT,0,decode
3486,bit_flip,5763141,1,SILENT,0,decode
3487,random_bytes,3119022,3,caught,66,decode
3488,zeroed_run,6523497,3157,SILENT,0,decode
3489,truncation,7666454,1616397,caught,68,decode
3490,header,396,1,SILENT,0,decode
3491,payload,7904302,1,SILENT,0,decode
3492,bit_flip,8226508,1,caught,66,decode
3493,random_bytes,604599,14,caught,66,decode
3494,zeroed_run,1882957,138,caught,66,decode
3495,truncation,5864079,3418772,caught,68,decode
3496,header,390,1,SILENT,0,decode
3497,payload,6412199,1,SILENT,0,decode
3498,bit_flip,5365772,1,SILENT,0,decode
3499,random_bytes,115142,5,caught,66,decode
3500,zeroed_run,1303048,3091,SILENT,0,decode
3501,truncation,4668082,4614769,caught,68,decode
3502,header,869,1,caught,66,decode
3503,payload,1896894,1,SILENT,0,decode
3504,bit_flip,6426584,1,SILENT,0,decode
3505,random_bytes,1257631,16,SILENT,0,decode
3506,zeroed_run,6270055,3191,SILENT,0,decode
3507,truncation,5993916,3288935,caught,68,decode
3508,header,92,1,SILENT,0,decode
3509,payload,36238,1,caught,66,decode
3510,bit_flip,2646128,1,SILENT,0,decode
3511,random_bytes,2422576,13,caught,66,decode
3512,zeroed_run,8418827,1072,SILENT,0,decode
3513,truncation,3037777,6245074,caught,68,decode
3514,header,874,1,SILENT,0,decode
3515,payload,5732287,1,SILENT,0,decode
3516,bit_flip,6791494,1,SILENT,0,decode
3517,random_bytes,5460035,11,SILENT,0,decode
3518,zeroed_run,3158245,2252,SILENT,0,decode
3519,truncation,4765232,4517619,caught,68,decode
3520,header,771,1,SILENT,0,decode
3521,payload,1550722,1,SILENT,0,decode
3522,bit_flip,1348338,1,SILENT,0,decode
3523,random_bytes,7119440,6,caught,66,decode
3524,zeroed_run,956458,303,SILENT,0,decode
3525,truncation,8261655,1021196,caught,68,decode
3526,header,611,1,caught,66,decode
3527,payload,5376283,1,SILENT,0,decode
3528,bit_flip,2785017,1,SILENT,0,decode
3529,random_bytes,594575,13,SILENT,0,decode
3530,zeroed_run,6928933,986,SILENT,0,decode
3531,truncation,4169216,5113635,caught,68,decode
3532,header,67,1,SILENT,0,decode
3533,payload,6231091,1,SILENT,0,decode
3534,bit_flip,8896903,1,SILENT,0,decode
3535,random_bytes,8204649,12,caught,66,decode
3536,zeroed_run,6253260,3007,SILENT,0,decode
3537,truncation,5744883,3537968,caught,68,decode
3538,header,894,1,SILENT,0,decode
3539,payload,4539627,1,SILENT,0,decode
3540,bit_flip,8973936,1,caught,66,decode
3541,random_bytes,5457469,5,SILENT,0,decode
3542,zeroed_run,7319466,857,SILENT,0,decode
3543,truncation,1727400,7555451,caught,68,decode
3544,header,533,1,SILENT,0,decode
3545,payload,1782506,1,SILENT,0,decode
3546,bit_flip,4848748,1,SILENT,0,decode
3547,random_bytes,5777360,9,SILENT,0,decode
3548,zeroed_run,2768032,1618,SILENT,0,decode
3549,truncation,7861712,1421139,caught,68,decode
3550,header,991,1,SILENT,0,decode
3551,payload,2766440,1,SILENT,0,decode
3552,bit_flip,2300339,1,SILENT,0,decode
3553,random_bytes,8465872,7,caught,66,decode
3554,zeroed_run,1237895,2502,SILENT,0,decode
3555,truncation,8218717,1064134,caught,68,decode
3556,header,858,1,SILENT,0,decode
3557,payload,6106528,1,SILENT,0,decode
3558,bit_flip,5094788,1,SILENT,0,decode
3559,random_bytes,2909582,15,SILENT,0,decode
3560,zeroed_run,9138563,3844,SILENT,0,decode
3561,truncation,3965590,5317261,caught,68,decode
3562,header,475,1,SILENT,0,decode
3563,payload,1849361,1,SILENT,0,decode
3564,bit_flip,3325232,1,SILENT,0,decode
3565,random_bytes,3277306,7,caught,66,decode
3566,zeroed_run,4876593,2675,SILENT,0,decode
3567,truncation,1731216,7551635,caught,68,decode
3568,header,376,1,SILENT,0,decode
3569,payload,855070,1,SILENT,0,decode
3570,bit_flip,7473642,1,SILENT,0,decode
3571,random_bytes,7301612,14,caught,66,decode
3572,zeroed_run,1667943,2404,SILENT,0,decode
3573,truncation,2886288,6396563,caught,68,decode
3574,header,958,1,caught,66,decode
3575,payload,4918454,1,SILENT,0,decode
3576,bit_flip,2914510,1,SILENT,0,decode
3577,random_bytes,805839,1,SILENT,0,decode
3578,zeroed_run,904079,1760,SILENT,0,decode
3579,truncation,1944224,7338627,caught,68,decode
3580,header,363,1,SILENT,0,decode
3581,payload,5289167,1,SILENT,0,decode
3582,bit_flip,3501159,1,caught,66,decode
3583,random_bytes,255627,15,SILENT,0,decode
3584,zeroed_run,2706549,2350,SILENT,0,decode
3585,truncation,2439005,6843846,caught,68,decode
3586,header,411,1,SILENT,0,decode
3587,payload,7599737,1,SILENT,0,decode
3588,bit_flip,5925307,1,SILENT,0,decode
3589,random_bytes,258242,9,caught,66,decode
3590,zeroed_run,2978565,1750,SILENT,0,decode
3591,truncation,3702889,5579962,caught,68,decode
3592,header,556,1,SILENT,0,decode
3593,payload,3670288,1,SILENT,0,decode
3594,bit_flip,7834819,1,SILENT,0,decode
3595,random_bytes,133204,2,SILENT,0,decode
3596,zeroed_run,5973709,470,SILENT,0,decode
3597,truncation,5510701,3772150,caught,68,decode
3598,header,491,1,SILENT,0,decode
3599,payload,7327046,1,SILENT,0,decode
3600,bit_flip,2188074,1,SILENT,0,decode
3601,random_bytes,5414104,6,SILENT,0,decode
3602,zeroed_run,2707986,3156,SILENT,0,decode
3603,truncation,3185773,6097078,caught,68,decode
3604,header,789,1,SILENT,0,decode
3605,payload,569082,1,SILENT,0,decode
3606,bit_flip,4154873,1,caught,66,decode
3607,random_bytes,4798897,15,caught,66,decode
3608,zeroed_run,5814255,3608,SILENT,0,decode
3609,truncation,5791293,3491558,caught,68,decode
3610,header,969,1,caught,66,decode
3611,payload,2760728,1,caught,66,decode
3612,bit_flip,4535533,1,SILENT,0,decode
3613,random_bytes,8995795,7,caught,66,decode
3614,zeroed_run,8433348,1047,SILENT,0,decode
3615,truncation,7839748,1443103,caught,68,decode
3616,header,408,1,SILENT,0,decode
3617,payload,5662895,1,SILENT,0,decode
3618,bit_flip,5027472,1,SILENT,0,decode
3619,random_bytes,562496,4,SILENT,0,decode
3620,zeroed_run,2422284,743,SILENT,0,decode
3621,truncation,5698335,3584516,caught,68,decode
3622,header,717,1,SILENT,0,decode
3623,payload,7607587,1,caught,66,decode
3624,bit_flip,1083508,1,SILENT,0,decode
3625,random_bytes,4728649,3,caught,66,decode
3626,zeroed_run,1172601,3072,SILENT,0,decode
3627,truncation,7676801,1606050,caught,68,decode
3628,header,683,1,SILENT,0,decode
3629,payload,4186471,1,caught,66,decode
3630,bit_flip,179404,1,SILENT,0,decode
3631,random_bytes,2572467,7,caught,66,decode
3632,zeroed_run,1635413,2753,SILENT,0,decode
3633,truncation,529277,8753574,caught,68,decode
3634,header,324,1,SILENT,0,decode
3635,payload,8290360,1,SILENT,0,decode
3636,bit_flip,336862,1,SILENT,0,decode
3637,random_bytes,8155416,13,SILENT,0,decode
3638,zeroed_run,3310281,3376,SILENT,0,decode
3639,truncation,8363750,919101,caught,68,decode
3640,header,69,1,SILENT,0,decode
3641,payload,5108000,1,caught,66,decode
3642,bit_flip,390103,1,SILENT,0,decode
3643,random_bytes,7319118,6,SILENT,0,decode
3644,zeroed_run,5638451,3454,SILENT,0,decode
3645,truncation,3521174,5761677,caught,68,decode
3646,header,787,1,SILENT,0,decode
3647,payload,1448047,1,SILENT,0,decode
3648,bit_flip,7623394,1,SILENT,0,decode
3649,random_bytes,912382,7,SILENT,0,decode
3650,zeroed_run,1415093,2963,SILENT,0,decode
3651,truncation,6827634,2455217,caught,68,decode
3652,header,573,1,SILENT,0,decode
3653,payload,9141110,1,SILENT,0,decode
3654,bit_flip,7565581,1,SILENT,0,decode
3655,random_bytes,8809149,5,caught,66,decode
3656,zeroed_run,8172649,3784,SILENT,0,decode
3657,truncation,2818966,6463885,caught,68,decode
3658,header,987,1,caught,66,decode
3659,payload,394942,1,SILENT,0,decode
3660,bit_flip,1618247,1,SILENT,0,decode
3661,random_bytes,7795072,6,caught,66,decode
3662,zeroed_run,3253547,256,SILENT,0,decode
3663,truncation,2096719,7186132,caught,68,decode
3664,header,59,1,caught,66,decode
3665,payload,8593634,1,SILENT,0,decode
3666,bit_flip,784021,1,SILENT,0,decode
3667,random_bytes,1270597,4,SILENT,0,decode
3668,zeroed_run,9267636,657,SILENT,0,decode
3669,truncation,6146937,3135914,caught,68,decode
3670,header,133,1,SILENT,0,decode
3671,payload,8450082,1,SILENT,0,decode
3672,bit_flip,3031816,1,SILENT,0,decode
3673,random_bytes,9094782,12,SILENT,0,decode
3674,zeroed_run,5715392,533,SILENT,0,decode
3675,truncation,7122895,2159956,caught,68,decode
3676,header,863,1,caught,66,decode
3677,payload,8936867,1,SILENT,0,decode
3678,bit_flip,4130913,1,SILENT,0,decode
3679,random_bytes,5862167,3,SILENT,0,decode
3680,zeroed_run,6267431,636,SILENT,0,decode
3681,truncation,455037,8827814,caught,68,decode
3682,header,862,1,SILENT,0,decode
3683,payload,7654697,1,SILENT,0,decode
3684,bit_flip,8338514,1,SILENT,0,decode
3685,random_bytes,672537,6,caught,66,decode
3686,zeroed_run,6247397,464,SILENT,0,decode
3687,truncation,3299934,5982917,caught,68,decode
3688,header,452,1,caught,66,decode
3689,payload,7912816,1,SILENT,0,decode
3690,bit_flip,928715,1,SILENT,0,decode
3691,random_bytes,8617286,15,SILENT,0,decode
3692,zeroed_run,8154952,3346,SILENT,0,decode
3693,truncation,3643982,5638869,caught,68,decode
3694,header,609,1,SILENT,0,decode
3695,payload,6852627,1,caught,66,decode
3696,bit_flip,5170330,1,SILENT,0,decode
3697,random_bytes,421403,12,caught,66,decode
3698,zeroed_run,4484848,3674,SILENT,0,decode
3699,truncation,4214955,5067896,caught,68,decode
3700,header,134,1,caught,66,decode
3701,payload,1101246,1,SILENT,0,decode
3702,bit_flip,4168149,1,SILENT,0,decode
3703,random_bytes,7673203,10,SILENT,0,decode
3704,zeroed_run,2191513,2511,SILENT,0,decode
3705,truncation,3611477,5671374,caught,68,decode
3706,header,259,1,SILENT,0,decode
3707,payload,5253484,1,caught,66,decode
3708,bit_flip,782695,1,caught,66,decode
3709,random_bytes,3442363,11,caught,66,decode
3710,zeroed_run,3434113,845,SILENT,0,decode
3711,truncation,1305342,7977509,caught,68,decode
3712,header,76,1,SILENT,0,decode
3713,payload,4884205,1,SILENT,0,decode
3714,bit_flip,3509684,1,SILENT,0,decode
3715,random_bytes,8687162,13,caught,66,decode
3716,zeroed_run,1452513,2888,SILENT,0,decode
3717,truncation,5032788,4250063,caught,68,decode
3718,header,943,1,SILENT,0,decode
3719,payload,3143231,1,caught,66,decode
3720,bit_flip,2799190,1,SILENT,0,decode
3721,random_bytes,2620770,8,caught,66,decode
3722,zeroed_run,7657590,2642,SILENT,0,decode
3723,truncation,891384,8391467,caught,68,decode
3724,header,502,1,caught,66,decode
3725,payload,3131703,1,caught,66,decode
3726,bit_flip,54491,1,SILENT,0,decode
3727,random_bytes,3901409,13,caught,66,decode
3728,zeroed_run,1868905,3237,SILENT,0,decode
3729,truncation,7716207,1566644,caught,68,decode
3730,header,492,1,SILENT,0,decode
3731,payload,3981963,1,SILENT,0,decode
3732,bit_flip,774130,1,SILENT,0,decode
3733,random_bytes,2316076,14,caught,66,decode
3734,zeroed_run,1959505,2653,SILENT,0,decode
3735,truncation,2277228,7005623,caught,68,decode
3736,header,72,1,SILENT,0,decode
3737,payload,5098583,1,caught,66,decode
3738,bit_flip,1744405,1,SILENT,0,decode
3739,random_bytes,509651,4,caught,66,decode
3740,zeroed_run,3989576,3858,SILENT,0,decode
3741,truncation,8613105,669746,caught,68,decode
3742,header,498,1,SILENT,0,decode
3743,payload,731356,1,caught,66,decode
3744,bit_flip,4479459,1,SILENT,0,decode
3745,random_bytes,2818950,7,caught,66,decode
3746,zeroed_run,1641264,2121,SILENT,0,decode
3747,truncation,711949,8570902,caught,68,decode
3748,header,380,1,caught,66,decode
3749,payload,420277,1,SILENT,0,decode
3750,bit_flip,8504073,1,SILENT,0,decode
3751,random_bytes,519858,5,caught,66,decode
3752,zeroed_run,7848453,76,SILENT,0,decode
3753,truncation,6550936,2731915,caught,68,decode
3754,header,238,1,SILENT,0,decode
3755,payload,6328284,1,SILENT,0,decode
3756,bit_flip,3690754,1,SILENT,0,decode
3757,random_bytes,2918027,13,SILENT,0,decode
3758,zeroed_run,7323846,3428,SILENT,0,decode
3759,truncation,2658364,6624487,caught,68,decode
3760,header,136,1,SILENT,0,decode
3761,payload,94918,1,caught,66,decode
3762,bit_flip,4376566,1,SILENT,0,decode
3763,random_bytes,295343,13,caught,66,decode
3764,zeroed_run,9215608,3976,SILENT,0,decode
3765,truncation,3663849,5619002,caught,68,decode
3766,header,428,1,SILENT,0,decode
3767,payload,8669829,1,SILENT,0,decode
3768,bit_flip,6767711,1,SILENT,0,decode
3769,random_bytes,2469610,13,caught,66,decode
3770,zeroed_run,3833138,1663,SILENT,0,decode
3771,truncation,2363035,6919816,caught,68,decode
3772,header,122,1,SILENT,0,decode
3773,payload,3204464,1,SILENT,0,decode
3774,bit_flip,9277885,1,SILENT,0,decode
3775,random_bytes,8091053,16,caught,66,decode
3776,zeroed_run,5383233,1364,SILENT,0,decode
3777,truncation,3825286,5457565,caught,68,decode
3778,header,986,1,SILENT,0,decode
3779,payload,2137030,1,SILENT,0,decode
3780,bit_flip,5454873,1,caught,66,decode
3781,random_bytes,5498955,6,caught,66,decode
3782,zeroed_run,3993236,3741,SILENT,0,decode
3783,truncation,7132948,2149903,caught,68,decode
3784,header,733,1,SILENT,0,decode
3785,payload,8834856,1,caught,66,decode
3786,bit_flip,8991562,1,SILENT,0,decode
3787,random_bytes,4601194,7,caught,66,decode
3788,zeroed_run,8989564,439,SILENT,0,decode
3789,truncation,3735965,5546886,caught,68,decode
3790,header,332,1,SILENT,0,decode
3791,payload,3653315,1,caught,66,decode
3792,bit_flip,3361548,1,SILENT,0,decode
3793,random_bytes,8143448,4,caught,66,decode
3794,zeroed_run,629487,453,SILENT,0,decode
3795,truncation,691754,8591097,caught,68,decode
3796,header,72,1,SILENT,0,decode
3797,payload,4926600,1,caught,66,decode
3798,bit_flip,4331667,1,SILENT,0,decode
3799,random_bytes,3406797,5,caught,66,decode
3800,zeroed_run,2884339,1408,SILENT,0,decode
3801,truncation,5922042,3360809,caught,68,decode
3802,header,721,1,SILENT,0,decode
3803,payload,7156639,1,SILENT,0,decode
3804,bit_flip,1931067,1,SILENT,0,decode
3805,random_bytes,5887093,13,caught,66,decode
3806,zeroed_run,1218015,2757,SILENT,0,decode
3807,truncation,7844064,1438787,caught,68,decode
3808,header,597,1,SILENT,0,decode
3809,payload,3170321,1,SILENT,0,decode
3810,bit_flip,287532,1,SILENT,0,decode
3811,random_bytes,2182936,1,SILENT,0,decode
3812,zeroed_run,3170945,2021,SILENT,0,decode
3813,truncation,7289989,1992862,caught,68,decode
3814,header,814,1,SILENT,0,decode
3815,payload,6006885,1,SILENT,0,decode
3816,bit_flip,1406401,1,SILENT,0,decode
3817,random_bytes,7810343,10,caught,66,decode
3818,zeroed_run,7666665,2365,SILENT,0,decode
3819,truncation,4284669,4998182,caught,68,decode
3820,header,118,1,caught,66,decode
3821,payload,2310693,1,SILENT,0,decode
3822,bit_flip,7316965,1,SILENT,0,decode
3823,random_bytes,931868,11,caught,66,decode
3824,zeroed_run,3371315,3894,SILENT,0,decode
3825,truncation,4063363,5219488,caught,68,decode
3826,header,983,1,SILENT,0,decode
3827,payload,431863,1,SILENT,0,decode
3828,bit_flip,9168918,1,caught,66,decode
3829,random_bytes,5004802,4,SILENT,0,decode
3830,zeroed_run,8376708,3374,SILENT,0,decode
3831,truncation,4776029,4506822,caught,68,decode
3832,header,440,1,SILENT,0,decode
3833,payload,2741584,1,SILENT,0,decode
3834,bit_flip,896431,1,SILENT,0,decode
3835,random_bytes,2572842,6,caught,66,decode
3836,zeroed_run,1936195,1011,SILENT,0,decode
3837,truncation,2129958,7152893,caught,68,decode
3838,header,162,1,caught,66,decode
3839,payload,8918483,1,SILENT,0,decode
3840,bit_flip,7494582,1,caught,66,decode
3841,random_bytes,8249740,15,caught,66,decode
3842,zeroed_run,915333,2289,SILENT,0,decode
3843,truncation,276500,9006351,caught,68,decode
3844,header,14,1,SILENT,0,decode
3845,payload,835391,1,caught,66,decode
3846,bit_flip,7050726,1,SILENT,0,decode
3847,random_bytes,9234078,9,caught,66,decode
3848,zeroed_run,1557755,2513,SILENT,0,decode
3849,truncation,4138039,5144812,caught,68,decode
3850,header,220,1,SILENT,0,decode
3851,payload,5933590,1,SILENT,0,decode
3852,bit_flip,4417887,1,SILENT,0,decode
3853,random_bytes,3342295,8,caught,66,decode
3854,zeroed_run,1630781,3994,SILENT,0,decode
3855,truncation,3681970,5600881,caught,68,decode
3856,header,842,1,SILENT,0,decode
3857,payload,5632087,1,SILENT,0,decode
3858,bit_flip,8943185,1,SILENT,0,decode
3859,random_bytes,5703586,13,SILENT,0,decode
3860,zeroed_run,749964,3721,SILENT,0,decode
3861,truncation,5058677,4224174,caught,68,decode
3862,header,230,1,SILENT,0,decode
3863,payload,1655758,1,caught,66,decode
3864,bit_flip,7575583,1,caught,66,decode
3865,random_bytes,4959989,12,SILENT,0,decode
3866,zeroed_run,7545273,3019,SILENT,0,decode
3867,truncation,5446647,3836204,caught,68,decode
3868,header,172,1,SILENT,0,decode
3869,payload,7724401,1,SILENT,0,decode
3870,bit_flip,1119087,1,SILENT,0,decode
3871,random_bytes,3116743,14,caught,66,decode
3872,zeroed_run,7514033,4003,SILENT,0,decode
3873,truncation,4055207,5227644,caught,68,decode
3874,header,203,1,SILENT,0,decode
3875,payload,3086055,1,SILENT,0,decode
3876,bit_flip,1813728,1,SILENT,0,decode
3877,random_bytes,8213159,2,caught,66,decode
3878,zeroed_run,121226,3033,SILENT,0,decode
3879,truncation,455424,8827427,caught,68,decode
3880,header,470,1,caught,66,decode
3881,payload,390841,1,caught,66,decode
3882,bit_flip,701104,1,SILENT,0,decode
3883,random_bytes,1459708,15,caught,66,decode
3884,zeroed_run,8389530,1451,SILENT,0,decode
3885,truncation,227202,9055649,caught,68,decode
3886,header,11,1,caught,66,decode
3887,payload,2339731,1,caught,66,decode
3888,bit_flip,1069241,1,SILENT,0,decode
3889,random_bytes,7385218,3,SILENT,0,decode
3890,zeroed_run,8445484,1730,SILENT,0,decode
3891,truncation,4466509,4816342,caught,68,decode
3892,header,763,1,SILENT,0,decode
3893,payload,6032974,1,SILENT,0,decode
3894,bit_flip,1009900,1,SILENT,0,decode
3895,random_bytes,7482608,4,SILENT,0,decode
3896,zeroed_run,2183732,1538,SILENT,0,decode
3897,truncation,5527138,3755713,caught,68,decode
3898,header,61,1,caught,66,decode
3899,payload,2007803,1,SILENT,0,decode
3900,bit_flip,8167771,1,SILENT,0,decode
3901,random_bytes,846357,3,caught,66,decode
3902,zeroed_run,3877283,1298,SILENT,0,decode
3903,truncation,5800597,3482254,caught,68,decode
3904,header,223,1,SILENT,0,decode
3905,payload,6062528,1,caught,66,decode
3906,bit_flip,7526623,1,SILENT,0,decode
3907,random_bytes,13374,2,caught,66,decode
3908,zeroed_run,7207484,1716,SILENT,0,decode
3909,truncation,8222758,1060093,caught,68,decode
3910,header,277,1,SILENT,0,decode
3911,payload,1065368,1,caught,66,decode
3912,bit_flip,6369680,1,SILENT,0,decode
3913,random_bytes,9027766,14,caught,66,decode
3914,zeroed_run,8887690,1617,SILENT,0,decode
3915,truncation,7969469,1313382,caught,68,decode
3916,header,109,1,SILENT,0,decode
3917,payload,5533880,1,SILENT,0,decode
3918,bit_flip,2778852,1,SILENT,0,decode
3919,random_bytes,936109,1,SILENT,0,decode
3920,zeroed_run,4311216,563,SILENT,0,decode
3921,truncation,6562203,2720648,caught,68,decode
3922,header,931,1,SILENT,0,decode
3923,payload,7805101,1,SILENT,0,decode
3924,bit_flip,444126,1,SILENT,0,decode
3925,random_bytes,9180741,6,SILENT,0,decode
3926,zeroed_run,3007625,798,SILENT,0,decode
3927,truncation,3060803,6222048,caught,68,decode
3928,header,121,1,SILENT,0,decode
3929,payload,6924132,1,SILENT,0,decode
3930,bit_flip,1686823,1,SILENT,0,decode
3931,random_bytes,5589504,6,SILENT,0,decode
3932,zeroed_run,8905921,611,SILENT,0,decode
3933,truncation,1246131,8036720,caught,68,decode
3934,header,761,1,SILENT,0,decode
3935,payload,8480970,1,SILENT,0,decode
3936,bit_flip,9061979,1,SILENT,0,decode
3937,random_bytes,229545,6,caught,66,decode
3938,zeroed_run,3687629,815,SILENT,0,decode
3939,truncation,452042,8830809,caught,68,decode
3940,header,311,1,SILENT,0,decode
3941,payload,2790393,1,SILENT,0,decode
3942,bit_flip,4830197,1,SILENT,0,decode
3943,random_bytes,2744283,7,caught,66,decode
3944,zeroed_run,7803653,3753,SILENT,0,decode
3945,truncation,5741884,3540967,caught,68,decode
3946,header,386,1,SILENT,0,decode
3947,payload,1326510,1,SILENT,0,decode
3948,bit_flip,7098425,1,caught,66,decode
3949,random_bytes,8094092,15,SILENT,0,decode
3950,zeroed_run,2701672,2058,SILENT,0,decode
3951,truncation,1667744,7615107,caught,68,decode
3952,header,1001,1,SILENT,0,decode
3953,payload,5440300,1,SILENT,0,decode
3954,bit_flip,173383,1,SILENT,0,decode
3955,random_bytes,2025406,8,SILENT,0,decode
3956,zeroed_run,6867574,3607,SILENT,0,decode
3957,truncation,1046643,8236208,caught,68,decode
3958,header,415,1,SILENT,0,decode
3959,payload,6191364,1,SILENT,0,decode
3960,bit_flip,4135838,1,SILENT,0,decode
3961,random_bytes,9257926,11,SILENT,0,decode
3962,zeroed_run,1515108,2025,SILENT,0,decode
3963,truncation,4406926,4875925,caught,68,decode
3964,header,423,1,SILENT,0,decode
3965,payload,3968273,1,SILENT,0,decode
3966,bit_flip,8570471,1,SILENT,0,decode
3967,random_bytes,4182004,9,SILENT,0,decode
3968,zeroed_run,5353225,3195,SILENT,0,decode
3969,truncation,4585489,4697362,caught,68,decode
3970,header,769,1,SILENT,0,decode
3971,payload,6151642,1,SILENT,0,decode
3972,bit_flip,414290,1,SILENT,0,decode
3973,random_bytes,4071103,15,caught,66,decode
3974,zeroed_run,8238483,614,SILENT,0,decode
3975,truncation,3130289,6152562,caught,68,decode
3976,header,931,1,SILENT,0,decode
3977,payload,3950933,1,SILENT,0,decode
3978,bit_flip,5599705,1,SILENT,0,decode
3979,random_bytes,5615136,4,caught,66,decode
3980,zeroed_run,3911591,987,SILENT,0,decode
3981,truncation,6300967,2981884,caught,68,decode
3982,header,105,1,caught,66,decode
3983,payload,3650668,1,SILENT,0,decode
3984,bit_flip,1068350,1,SILENT,0,decode
3985,random_bytes,4432417,14,caught,66,decode
3986,zeroed_run,8845494,1331,SILENT,0,decode
3987,truncation,7434613,1848238,caught,68,decode
3988,header,850,1,caught,66,decode
3989,payload,6153453,1,SILENT,0,decode
3990,bit_flip,9008268,1,SILENT,0,decode
3991,random_bytes,1400415,2,SILENT,0,decode
3992,zeroed_run,4389951,3135,SILENT,0,decode
3993,truncation,7359191,1923660,caught,68,decode
3994,header,891,1,caught,66,decode
3995,payload,2760786,1,SILENT,0,decode
3996,bit_flip,6968094,1,SILENT,0,decode
3997,random_bytes,6006493,14,SILENT,0,decode
3998,zeroed_run,3237890,69,SILENT,0,decode
3999,truncation,1904940,7377911,caught,68,decode
4000,header,418,1,SILENT,0,decode
4001,payload,1973095,1,SILENT,0,decode
4002,bit_flip,3075128,1,SILENT,0,decode
4003,random_bytes,1534519,8,caught,66,decode
4004,zeroed_run,3320985,1281,SILENT,0,decode
4005,truncation,1529897,7752954,caught,68,decode
4006,header,133,1,SILENT,0,decode
4007,payload,1040183,1,SILENT,0,decode
4008,bit_flip,5001259,1,caught,66,decode
4009,random_bytes,8455047,13,caught,66,decode
4010,zeroed_run,4818805,877,SILENT,0,decode
4011,truncation,6881316,2401535,caught,68,decode
4012,header,225,1,caught,66,decode
4013,payload,2207906,1,SILENT,0,decode
4014,bit_flip,1118110,1,SILENT,0,decode
4015,random_bytes,91096,14,caught,66,decode
4016,zeroed_run,2094150,322,SILENT,0,decode
4017,truncation,3319638,5963213,caught,68,decode
4018,header,102,1,SILENT,0,decode
4019,payload,395962,1,caught,66,decode
4020,bit_flip,5339557,1,SILENT,0,decode
4021,random_bytes,4235395,4,SILENT,0,decode
4022,zeroed_run,8585297,2229,SILENT,0,decode
4023,truncation,7119824,2163027,caught,68,decode
4024,header,132,1,SILENT,0,decode
4025,payload,779633,1,SILENT,0,decode
4026,bit_flip,3937131,1,caught,66,decode
4027,random_bytes,892330,8,SILENT,0,decode
4028,zeroed_run,4294685,662,SILENT,0,decode
4029,truncation,684318,8598533,caught,68,decode
4030,header,678,1,SILENT,0,decode
4031,payload,5927863,1,SILENT,0,decode
4032,bit_flip,5667397,1,SILENT,0,decode
4033,random_bytes,6253492,10,caught,66,decode
4034,zeroed_run,3576386,2641,SILENT,0,decode
4035,truncation,5075415,4207436,caught,68,decode
4036,header,974,1,SILENT,0,decode
4037,payload,4578934,1,caught,66,decode
4038,bit_flip,3541466,1,SILENT,0,decode
4039,random_bytes,7308589,16,caught,66,decode
4040,zeroed_run,3291967,3742,SILENT,0,decode
4041,truncation,7529592,1753259,caught,68,decode
4042,header,749,1,SILENT,0,decode
4043,payload,4908686,1,SILENT,0,decode
4044,bit_flip,6950135,1,caught,66,decode
4045,random_bytes,8136071,3,SILENT,0,decode
4046,zeroed_run,1636255,2683,SILENT,0,decode
4047,truncation,5274503,4008348,caught,68,decode
4048,header,896,1,SILENT,0,decode
4049,payload,6943668,1,caught,66,decode
4050,bit_flip,4401143,1,SILENT,0,decode
4051,random_bytes,3560009,2,SILENT,0,decode
4052,zeroed_run,4924491,3225,SILENT,0,decode
4053,truncation,2086139,7196712,caught,68,decode
4054,header,852,1,SILENT,0,decode
4055,payload,2886960,1,SILENT,0,decode
4056,bit_flip,7174792,1,SILENT,0,decode
4057,random_bytes,8353775,14,caught,66,decode
4058,zeroed_run,8719911,3313,SILENT,0,decode
4059,truncation,1626767,7656084,caught,68,decode
4060,header,464,1,SILENT,0,decode
4061,payload,7867976,1,SILENT,0,decode
4062,bit_flip,33040,1,SILENT,0,decode
4063,random_bytes,7494411,1,SILENT,0,decode
4064,zeroed_run,2958392,2148,SILENT,0,decode
4065,truncation,2806296,6476555,caught,68,decode
4066,header,445,1,SILENT,0,decode
4067,payload,7511945,1,SILENT,0,decode
4068,bit_flip,12906,1,caught,66,decode
4069,random_bytes,3197626,8,SILENT,0,decode
4070,zeroed_run,2724003,2456,SILENT,0,decode
4071,truncation,1628890,7653961,caught,68,decode
4072,header,844,1,SILENT,0,decode
4073,payload,8987451,1,SILENT,0,decode
4074,bit_flip,8142349,1,SILENT,0,decode
4075,random_bytes,1881477,15,caught,66,decode
4076,zeroed_run,1572330,1056,SILENT,0,decode
4077,truncation,2186256,7096595,caught,68,decode
4078,header,706,1,caught,66,decode
4079,payload,942172,1,caught,66,decode
4080,bit_flip,3469006,1,SILENT,0,decode
4081,random_bytes,4050402,1,SILENT,0,decode
4082,zeroed_run,1436460,684,SILENT,0,decode
4083,truncation,2770030,6512821,caught,68,decode
4084,header,535,1,SILENT,0,decode
4085,payload,4769720,1,caught,66,decode
4086,bit_flip,8608906,1,SILENT,0,decode
4087,random_bytes,5796515,7,SILENT,0,decode
4088,zeroed_run,6799937,590,SILENT,0,decode
4089,truncation,7386351,1896500,caught,68,decode
4090,header,538,1,SILENT,0,decode
4091,payload,7599183,1,SILENT,0,decode
4092,bit_flip,1553825,1,SILENT,0,decode
4093,random_bytes,7008061,10,caught,66,decode
4094,zeroed_run,900616,1263,SILENT,0,decode
4095,truncation,8630712,652139,caught,68,decode
4096,header,567,1,SILENT,0,decode
4097,payload,8257705,1,SILENT,0,decode
4098,bit_flip,1208333,1,SILENT,0,decode
4099,random_bytes,8699584,7,caught,66,decode
4100,zeroed_run,987871,3916,SILENT,0,decode
4101,truncation,1809047,7473804,caught,68,decode
4102,header,25,1,caught,66,decode
4103,payload,8367605,1,caught,66,decode
4104,bit_flip,8971341,1,SILENT,0,decode
4105,random_bytes,8119642,16,caught,66,decode
4106,zeroed_run,318404,3573,SILENT,0,decode
4107,truncation,9251819,31032,caught,68,decode
4108,header,191,1,SILENT,0,decode
4109,payload,6108268,1,SILENT,0,decode
4110,bit_flip,3268468,1,SILENT,0,decode
4111,random_bytes,1020254,7,caught,66,decode
4112,zeroed_run,8670975,2815,SILENT,0,decode
4113,truncation,1680483,7602368,caught,68,decode
4114,header,388,1,caught,66,decode
4115,payload,2363358,1,SILENT,0,decode
4116,bit_flip,100077,1,SILENT,0,decode
4117,random_bytes,6987082,12,caught,66,decode
4118,zeroed_run,5183505,1992,SILENT,0,decode
4119,truncation,714558,8568293,caught,68,decode
4120,header,277,1,SILENT,0,decode
4121,payload,7609296,1,SILENT,0,decode
4122,bit_flip,3066166,1,caught,66,decode
4123,random_bytes,4091485,10,caught,66,decode
4124,zeroed_run,9055958,3613,SILENT,0,decode
4125,truncation,7618433,1664418,caught,68,decode
4126,header,317,1,SILENT,0,decode
4127,payload,7724776,1,caught,66,decode
4128,bit_flip,8785075,1,SILENT,0,decode
4129,random_bytes,5566269,9,SILENT,0,decode
4130,zeroed_run,3954843,2639,SILENT,0,decode
4131,truncation,1151813,8131038,caught,68,decode
4132,header,271,1,SILENT,0,decode
4133,payload,7172983,1,caught,66,decode
4134,bit_flip,6860830,1,SILENT,0,decode
4135,random_bytes,7213616,4,caught,66,decode
4136,zeroed_run,5408880,848,SILENT,0,decode
4137,truncation,1159400,8123451,caught,68,decode
4138,header,263,1,SILENT,0,decode
4139,payload,9012854,1,caught,66,decode
4140,bit_flip,6198543,1,caught,66,decode
4141,random_bytes,5566331,3,caught,66,decode
4142,zeroed_run,2200485,3389,SILENT,0,decode
4143,truncation,5589657,3693194,caught,68,decode
4144,header,992,1,caught,66,decode
4145,payload,9019543,1,SILENT,0,decode
4146,bit_flip,3512263,1,SILENT,0,decode
4147,random_bytes,1903035,13,caught,66,decode
4148,zeroed_run,5526335,1670,SILENT,0,decode
4149,truncation,2198881,7083970,caught,68,decode
4150,header,234,1,SILENT,0,decode
4151,payload,7611644,1,SILENT,0,decode
4152,bit_flip,88782,1,SILENT,0,decode
4153,random_bytes,5539114,16,caught,66,decode
4154,zeroed_run,5659561,233,SILENT,0,decode
4155,truncation,2564076,6718775,caught,68,decode
4156,header,500,1,SILENT,0,decode
4157,payload,2758821,1,SILENT,0,decode
4158,bit_flip,7720102,1,SILENT,0,decode
4159,random_bytes,8617210,13,caught,66,decode
4160,zeroed_run,1179611,3430,SILENT,0,decode
4161,truncation,7158235,2124616,caught,68,decode
4162,header,428,1,SILENT,0,decode
4163,payload,4073418,1,SILENT,0,decode
4164,bit_flip,9080791,1,SILENT,0,decode
4165,random_bytes,3688104,15,caught,66,decode
4166,zeroed_run,4691375,4029,SILENT,0,decode
4167,truncation,8878085,404766,caught,68,decode
4168,header,565,1,SILENT,0,decode
4169,payload,7432331,1,SILENT,0,decode
4170,bit_flip,3021597,1,caught,66,decode
4171,random_bytes,2420763,16,caught,66,decode
4172,zeroed_run,1382266,491,SILENT,0,decode
4173,truncation,2729775,6553076,caught,68,decode
4174,header,723,1,caught,66,decode
4175,payload,3942195,1,SILENT,0,decode
4176,bit_flip,9000129,1,SILENT,0,decode
4177,random_bytes,6186837,6,SILENT,0,decode
4178,zeroed_run,3604723,2338,SILENT,0,decode
4179,truncation,4813761,4469090,caught,68,decode
4180,header,227,1,SILENT,0,decode
4181,payload,1644722,1,SILENT,0,decode
4182,bit_flip,7137824,1,SILENT,0,decode
4183,random_bytes,7800807,6,caught,66,decode
4184,zeroed_run,1943738,2087,SILENT,0,decode
4185,truncation,5970953,3311898,caught,68,decode
4186,header,625,1,SILENT,0,decode
4187,payload,4072971,1,SILENT,0,decode
4188,bit_flip,8373027,1,SILENT,0,decode
4189,random_bytes,8016703,10,caught,66,decode
4190,zeroed_run,8114113,3307,SILENT,0,decode
4191,truncation,4406948,4875903,caught,68,decode
4192,header,594,1,SILENT,0,decode
4193,payload,7060181,1,SILENT,0,decode
4194,bit_flip,858087,1,SILENT,0,decode
4195,random_bytes,6519014,10,SILENT,0,decode
4196,zeroed_run,7284785,3089,SILENT,0,decode
4197,truncation,625533,8657318,caught,68,decode
4198,header,699,1,SILENT,0,decode
4199,payload,2692529,1,SILENT,0,decode
4200,bit_flip,9265352,1,SILENT,0,decode
4201,random_bytes,2025413,10,caught,66,decode
4202,zeroed_run,5451486,3950,SILENT,0,decode
4203,truncation,2717700,6565151,caught,68,decode
4204,header,433,1,SILENT,0,decode
4205,payload,1772296,1,SILENT,0,decode
4206,bit_flip,904794,1,SILENT,0,decode
4207,random_bytes,4273781,6,caught,66,decode
4208,zeroed_run,4895702,2551,SILENT,0,decode
4209,truncation,5697197,3585654,caught,68,decode
4210,header,288,1,SILENT,0,decode
4211,payload,6189756,1,SILENT,0,decode
4212,bit_flip,96435,1,SILENT,0,decode
4213,random_bytes,6469711,8,SILENT,0,decode
4214,zeroed_run,675254,43,caught,66,decode
4215,truncation,554505,8728346,caught,68,decode
4216,header,804,1,SILENT,0,decode
4217,payload,6803589,1,SILENT,0,decode
4218,bit_flip,2257655,1,SILENT,0,decode
4219,random_bytes,2694071,11,SILENT,0,decode
4220,zeroed_run,1198820,1864,SILENT,0,decode
4221,truncation,442296,8840555,caught,68,decode
4222,header,711,1,caught,66,decode
4223,payload,8909099,1,SILENT,0,decode
4224,bit_flip,6438251,1,SILENT,0,decode
4225,random_bytes,7579304,4,caught,66,decode
4226,zeroed_run,7675253,3744,SILENT,0,decode
4227,truncation,3587241,5695610,caught,68,decode
4228,header,369,1,SILENT,0,decode
4229,payload,76208,1,SILENT,0,decode
4230,bit_flip,5929602,1,caught,66,decode
4231,random_bytes,565123,14,caught,66,decode
4232,zeroed_run,4421757,2801,SILENT,0,decode
4233,truncation,53049,9229802,caught,68,decode
4234,header,288,1,SILENT,0,decode
4235,payload,4784939,1,SILENT,0,decode
4236,bit_flip,1401850,1,SILENT,0,decode
4237,random_bytes,684973,9,caught,66,decode
4238,zeroed_run,3070702,3965,SILENT,0,decode
4239,truncation,7815541,1467310,caught,68,decode
4240,header,366,1,SILENT,0,decode
4241,payload,4760191,1,SILENT,0,decode
4242,bit_flip,533216,1,SILENT,0,decode
4243,random_bytes,7560173,11,SILENT,0,decode
4244,zeroed_run,1070581,2617,SILENT,0,decode
4245,truncation,7549095,1733756,caught,68,decode
4246,header,36,1,caught,66,decode
4247,payload,4933608,1,SILENT,0,decode
4248,bit_flip,6457864,1,SILENT,0,decode
4249,random_bytes,3188919,8,SILENT,0,decode
4250,zeroed_run,2621013,3019,SILENT,0,decode
4251,truncation,7164617,2118234,caught,68,decode
4252,header,305,1,caught,66,decode
4253,payload,1723393,1,SILENT,0,decode
4254,bit_flip,8649452,1,SILENT,0,decode
4255,random_bytes,5414172,5,SILENT,0,decode
4256,zeroed_run,390086,2190,SILENT,0,decode
4257,truncation,6293057,2989794,caught,68,decode
4258,header,148,1,SILENT,0,decode
4259,payload,3246339,1,SILENT,0,decode
4260,bit_flip,1942472,1,SILENT,0,decode
4261,random_bytes,2569797,11,caught,66,decode
4262,zeroed_run,3373623,2940,SILENT,0,decode
4263,truncation,3705804,5577047,caught,68,decode
4264,header,541,1,caught,66,decode
4265,payload,2896062,1,SILENT,0,decode
4266,bit_flip,2389871,1,SILENT,0,decode
4267,random_bytes,3481821,8,caught,66,decode
4268,zeroed_run,3940654,2083,SILENT,0,decode
4269,truncation,3378851,5904000,caught,68,decode
4270,header,666,1,SILENT,0,decode
4271,payload,4405849,1,caught,66,decode
4272,bit_flip,7801421,1,SILENT,0,decode
4273,random_bytes,3659418,11,caught,66,decode
4274,zeroed_run,5027438,2590,SILENT,0,decode
4275,truncation,6610454,2672397,caught,68,decode
4276,header,214,1,SILENT,0,decode
4277,payload,3801491,1,SILENT,0,decode
4278,bit_flip,8969795,1,SILENT,0,decode
4279,random_bytes,3749455,5,caught,66,decode
4280,zeroed_run,3022555,3305,SILENT,0,decode
4281,truncation,3435394,5847457,caught,68,decode
4282,header,256,1,SILENT,0,decode
4283,payload,6590088,1,SILENT,0,decode
4284,bit_flip,6015715,1,SILENT,0,decode
4285,random_bytes,4473151,4,caught,66,decode
4286,zeroed_run,8560742,644,SILENT,0,decode
4287,truncation,1593453,7689398,caught,68,decode
4288,header,838,1,SILENT,0,decode
4289,payload,7001352,1,SILENT,0,decode
4290,bit_flip,2284661,1,SILENT,0,decode
4291,random_bytes,2060036,3,SILENT,0,decode
4292,zeroed_run,8081974,1271,SILENT,0,decode
4293,truncation,7218399,2064452,caught,68,decode
4294,header,304,1,SILENT,0,decode
4295,payload,1063854,1,SILENT,0,decode
4296,bit_flip,4479001,1,caught,66,decode
4297,random_bytes,6063988,11,caught,66,decode
4298,zeroed_run,3198003,1516,SILENT,0,decode
4299,truncation,6183433,3099418,caught,68,decode
4300,header,877,1,SILENT,0,decode
4301,payload,1771217,1,SILENT,0,decode
4302,bit_flip,4591845,1,SILENT,0,decode
4303,random_bytes,630613,6,SILENT,0,decode
4304,zeroed_run,2968713,375,SILENT,0,decode
4305,truncation,9256162,26689,caught,68,decode
4306,header,958,1,caught,66,decode
4307,payload,720916,1,SILENT,0,decode
4308,bit_flip,1251852,1,SILENT,0,decode
4309,random_bytes,4264554,12,caught,66,decode
4310,zeroed_run,4483814,1657,SILENT,0,decode
4311,truncation,7059808,2223043,caught,68,decode
4312,header,979,1,caught,66,decode
4313,payload,4512008,1,SILENT,0,decode
4314,bit_flip,5513542,1,SILENT,0,decode
4315,random_bytes,7638143,9,SILENT,0,decode
4316,zeroed_run,5462182,753,SILENT,0,decode
4317,truncation,2021684,7261167,caught,68,decode
4318,header,560,1,caught,66,decode
4319,payload,8041872,1,SILENT,0,decode
4320,bit_flip,1217850,1,caught,66,decode
4321,random_bytes,7074128,6,caught,66,decode
4322,zeroed_run,4970940,3248,SILENT,0,decode
4323,truncation,2344679,6938172,caught,68,decode
4324,header,528,1,caught,66,decode
4325,payload,5166909,1,SILENT,0,decode
4326,bit_flip,7591835,1,SILENT,0,decode
4327,random_bytes,7626563,15,SILENT,0,decode
4328,zeroed_run,2614297,4026,SILENT,0,decode
4329,truncation,8909314,373537,caught,68,decode
4330,header,312,1,SILENT,0,decode
4331,payload,4779900,1,caught,66,decode
4332,bit_flip,3188115,1,caught,66,decode
4333,random_bytes,105267,7,caught,66,decode
4334,zeroed_run,1282929,962,SILENT,0,decode
4335,truncation,5146624,4136227,caught,68,decode
4336,header,632,1,caught,66,decode
4337,payload,3529594,1,SILENT,0,decode
4338,bit_flip,2490473,1,caught,66,decode
4339,random_bytes,3798862,10,SILENT,0,decode
4340,zeroed_run,5656203,563,SILENT,0,decode
4341,truncation,407165,8875686,caught,68,decode
4342,header,150,1,SILENT,0,decode
4343,payload,9216918,1,SILENT,0,decode
4344,bit_flip,5335723,1,caught,66,decode
4345,random_bytes,2848400,2,SILENT,0,decode
4346,zeroed_run,5429790,463,SILENT,0,decode
4347,truncation,3578857,5703994,caught,68,decode
4348,header,538,1,SILENT,0,decode
4349,payload,6618670,1,SILENT,0,decode
4350,bit_flip,3616709,1,SILENT,0,decode
4351,random_bytes,2895955,1,SILENT,0,decode
4352,zeroed_run,704416,2731,SILENT,0,decode
4353,truncation,765079,8517772,caught,68,decode
4354,header,312,1,SILENT,0,decode
4355,payload,5230290,1,caught,66,decode
4356,bit_flip,1652374,1,SILENT,0,decode
4357,random_bytes,6386283,5,caught,66,decode
4358,zeroed_run,6766740,1641,SILENT,0,decode
4359,truncation,1897875,7384976,caught,68,decode
4360,header,520,1,SILENT,0,decode
4361,payload,1890834,1,SILENT,0,decode
4362,bit_flip,3786851,1,SILENT,0,decode
4363,random_bytes,4124099,15,SILENT,0,decode
4364,zeroed_run,8146991,2906,SILENT,0,decode
4365,truncation,5140420,4142431,caught,68,decode
4366,header,916,1,caught,66,decode
4367,payload,1994380,1,caught,66,decode
4368,bit_flip,4214623,1,caught,66,decode
4369,random_bytes,5680049,12,caught,66,decode
4370,zeroed_run,5104324,1760,SILENT,0,decode
4371,truncation,2777779,6505072,caught,68,decode
4372,header,835,1,SILENT,0,decode
4373,payload,5313088,1,SILENT,0,decode
4374,bit_flip,1222087,1,SILENT,0,decode
4375,random_bytes,4756813,5,SILENT,0,decode
4376,zeroed_run,4186134,1349,SILENT,0,decode
4377,truncation,8196823,1086028,caught,68,decode
4378,header,881,1,SILENT,0,decode
4379,payload,5731493,1,SILENT,0,decode
4380,bit_flip,6560859,1,caught,66,decode
4381,random_bytes,8309810,7,caught,66,decode
4382,zeroed_run,697797,3063,SILENT,0,decode
4383,truncation,6689400,2593451,caught,68,decode
4384,header,190,1,SILENT,0,decode
4385,payload,3309118,1,SILENT,0,decode
4386,bit_flip,2250383,1,SILENT,0,decode
4387,random_bytes,6307918,10,SILENT,0,decode
4388,zeroed_run,7370507,3413,SILENT,0,decode
4389,truncation,5144354,4138497,caught,68,decode
4390,header,811,1,SILENT,0,decode
4391,payload,3816083,1,SILENT,0,decode
4392,bit_flip,3701955,1,caught,66,decode
4393,random_bytes,8213548,3,SILENT,0,decode
4394,zeroed_run,2420023,3342,SILENT,0,decode
4395,truncation,8382185,900666,caught,68,decode
4396,header,307,1,SILENT,0,decode
4397,payload,659030,1,SILENT,0,decode
4398,bit_flip,3562003,1,SILENT,0,decode
4399,random_bytes,3521831,6,caught,66,decode
4400,zeroed_run,4043859,384,SILENT,0,decode
4401,truncation,5659336,3623515,caught,68,decode
4402,header,857,1,SILENT,0,decode
4403,payload,3984021,1,SILENT,0,decode
4404,bit_flip,1898804,1,SILENT,0,decode
4405,random_bytes,5859837,7,SILENT,0,decode
4406,zeroed_run,6109620,4029,SILENT,0,decode
4407,truncation,5089296,4193555,caught,68,decode
4408,header,720,1,SILENT,0,decode
4409,payload,525649,1,SILENT,0,decode
4410,bit_flip,6593029,1,caught,66,decode
4411,random_bytes,5877176,12,caught,66,decode
4412,zeroed_run,5287574,2622,SILENT,0,decode
4413,truncation,2244070,7038781,caught,68,decode
4414,header,420,1,SILENT,0,decode
4415,payload,3998408,1,SILENT,0,decode
4416,bit_flip,2900410,1,SILENT,0,decode
4417,random_bytes,3556636,10,SILENT,0,decode
4418,zeroed_run,2214046,1027,caught,66,decode
4419,truncation,692893,8589958,caught,68,decode
4420,header,1,1,caught,44,decode
4421,payload,8481137,1,SILENT,0,decode
4422,bit_flip,7669966,1,SILENT,0,decode
4423,random_bytes,7132531,1,SILENT,0,decode
4424,zeroed_run,5959961,1833,SILENT,0,decode
4425,truncation,7351491,1931360,caught,68,decode
4426,header,357,1,SILENT,0,decode
4427,payload,8784008,1,SILENT,0,decode
4428,bit_flip,4497456,1,SILENT,0,decode
4429,random_bytes,3513009,9,caught,66,decode
4430,zeroed_run,732889,2479,SILENT,0,decode
4431,truncation,2894919,6387932,caught,68,decode
4432,header,947,1,caught,66,decode
4433,payload,1669412,1,SILENT,0,decode
4434,bit_flip,1823105,1,caught,66,decode
4435,random_bytes,4138068,6,caught,66,decode
4436,zeroed_run,3534317,3793,SILENT,0,decode
4437,truncation,2262097,7020754,caught,68,decode
4438,header,826,1,SILENT,0,decode
4439,payload,4655819,1,SILENT,0,decode
4440,bit_flip,5412832,1,caught,66,decode
4441,random_bytes,7272191,11,SILENT,0,decode
4442,zeroed_run,956534,3855,SILENT,0,decode
4443,truncation,3852191,5430660,caught,68,decode
4444,header,800,1,SILENT,0,decode
4445,payload,6275087,1,SILENT,0,decode
4446,bit_flip,9218452,1,SILENT,0,decode
4447,random_bytes,5536881,5,caught,66,decode
4448,zeroed_run,4196113,3604,SILENT,0,decode
4449,truncation,8887131,395720,caught,68,decode
4450,header,490,1,caught,66,decode
4451,payload,7241772,1,SILENT,0,decode
4452,bit_flip,1074104,1,SILENT,0,decode
4453,random_bytes,5841079,12,caught,66,decode
4454,zeroed_run,3732788,2293,SILENT,0,decode
4455,truncation,8915270,367581,caught,68,decode
4456,header,416,1,caught,66,decode
4457,payload,4715217,1,caught,66,decode
4458,bit_flip,6122567,1,SILENT,0,decode
4459,random_bytes,324479,9,caught,66,decode
4460,zeroed_run,1905964,1922,SILENT,0,decode
4461,truncation,7152737,2130114,caught,68,decode
4462,header,467,1,SILENT,0,decode
4463,payload,6377723,1,SILENT,0,decode
4464,bit_flip,1241304,1,SILENT,0,decode
4465,random_bytes,4898096,12,caught,66,decode
4466,zeroed_run,3833766,3102,SILENT,0,decode
4467,truncation,2299611,6983240,caught,68,decode
4468,header,392,1,caught,66,decode
4469,payload,627048,1,SILENT,0,decode
4470,bit_flip,1274222,1,SILENT,0,decode
4471,random_bytes,3095126,9,caught,66,decode
4472,zeroed_run,1990466,17,SILENT,0,decode
4473,truncation,6610864,2671987,caught,68,decode
4474,header,203,1,SILENT,0,decode
4475,payload,442033,1,SILENT,0,decode
4476,bit_flip,3136307,1,SILENT,0,decode
4477,random_bytes,1191036,3,caught,66,decode
4478,zeroed_run,8747639,682,SILENT,0,decode
4479,truncation,2574245,6708606,caught,68,decode
4480,header,751,1,SILENT,0,decode
4481,payload,3599021,1,SILENT,0,decode
4482,bit_flip,8784652,1,SILENT,0,decode
4483,random_bytes,3952883,12,SILENT,0,decode
4484,zeroed_run,6539758,3033,SILENT,0,decode
4485,truncation,2152593,7130258,caught,68,decode
4486,header,463,1,SILENT,0,decode
4487,payload,2722638,1,caught,66,decode
4488,bit_flip,5684547,1,caught,66,decode
4489,random_bytes,1305986,7,caught,66,decode
4490,zeroed_run,4696678,2792,SILENT,0,decode
4491,truncation,8910883,371968,caught,68,decode
4492,header,525,1,caught,66,decode
4493,payload,8960344,1,SILENT,0,decode
4494,bit_flip,7141361,1,SILENT,0,decode
4495,random_bytes,2883467,12,caught,66,decode
4496,zeroed_run,8605602,1056,SILENT,0,decode
4497,truncation,9278159,4692,caught,68,decode
4498,header,599,1,SILENT,0,decode
4499,payload,1417084,1,SILENT,0,decode
4500,bit_flip,2173154,1,SILENT,0,decode
4501,random_bytes,6046464,5,caught,66,decode
4502,zeroed_run,4048872,856,SILENT,0,decode
4503,truncation,8131844,1151007,caught,68,decode
4504,header,251,1,SILENT,0,decode
4505,payload,5291478,1,caught,66,decode
4506,bit_flip,7033625,1,SILENT,0,decode
4507,random_bytes,4548075,9,caught,66,decode
4508,zeroed_run,8508511,1004,SILENT,0,decode
4509,truncation,3611575,5671276,caught,68,decode
4510,header,400,1,SILENT,0,decode
4511,payload,693108,1,caught,66,decode
4512,bit_flip,3639221,1,SILENT,0,decode
4513,random_bytes,5372651,4,SILENT,0,decode
4514,zeroed_run,8931974,3880,SILENT,0,decode
4515,truncation,2962917,6319934,caught,68,decode
4516,header,176,1,SILENT,0,decode
4517,payload,8138013,1,SILENT,0,decode
4518,bit_flip,1198343,1,caught,66,decode
4519,random_bytes,8166772,13,SILENT,0,decode
4520,zeroed_run,5121377,640,SILENT,0,decode
4521,truncation,5410000,3872851,caught,68,decode
4522,header,523,1,SILENT,0,decode
4523,payload,1334409,1,SILENT,0,decode
4524,bit_flip,483548,1,SILENT,0,decode
4525,random_bytes,6239047,10,caught,66,decode
4526,zeroed_run,4101390,998,SILENT,0,decode
4527,truncation,6191340,3091511,caught,68,decode
4528,header,985,1,caught,66,decode
4529,payload,6324281,1,SILENT,0,decode
4530,bit_flip,8924177,1,caught,66,decode
4531,random_bytes,967165,9,SILENT,0,decode
4532,zeroed_run,790226,3517,SILENT,0,decode
4533,truncation,5645846,3637005,caught,68,decode
4534,header,293,1,SILENT,0,decode
4535,payload,7870615,1,SILENT,0,decode
4536,bit_flip,2145155,1,SILENT,0,decode
4537,random_bytes,5378060,6,SILENT,0,decode
4538,zeroed_run,4466575,849,SILENT,0,decode
4539,truncation,7694825,1588026,caught,68,decode
4540,header,845,1,SILENT,0,decode
4541,payload,5358682,1,SILENT,0,decode
4542,bit_flip,873,1,SILENT,0,decode
4543,random_bytes,7577202,1,SILENT,0,decode
4544,zeroed_run,3270753,1360,SILENT,0,decode
4545,truncation,7666091,1616760,caught,68,decode
4546,header,918,1,SILENT,0,decode
4547,payload,1893739,1,SILENT,0,decode
4548,bit_flip,4554666,1,SILENT,0,decode
4549,random_bytes,814217,13,SILENT,0,decode
4550,zeroed_run,8853889,1749,SILENT,0,decode
4551,truncation,5103961,4178890,caught,68,decode
4552,header,747,1,SILENT,0,decode
4553,payload,2801644,1,SILENT,0,decode
4554,bit_flip,7443189,1,SILENT,0,decode
4555,random_bytes,3355689,1,SILENT,0,decode
4556,zeroed_run,5483428,310,SILENT,0,decode
4557,truncation,2677894,6604957,caught,68,decode
4558,header,948,1,caught,66,decode
4559,payload,3817636,1,SILENT,0,decode
4560,bit_flip,7499798,1,caught,66,decode
4561,random_bytes,406061,14,SILENT,0,decode
4562,zeroed_run,7765480,375,SILENT,0,decode
4563,truncation,8223363,1059488,caught,68,decode
4564,header,564,1,SILENT,0,decode
4565,payload,4292898,1,caught,66,decode
4566,bit_flip,706432,1,SILENT,0,decode
4567,random_bytes,5072157,2,SILENT,0,decode
4568,zeroed_run,8789600,3979,SILENT,0,decode
4569,truncation,876195,8406656,caught,68,decode
4570,header,377,1,caught,66,decode
4571,payload,8886841,1,SILENT,0,decode
4572,bit_flip,6068951,1,SILENT,0,decode
4573,random_bytes,5213894,2,caught,66,decode
4574,zeroed_run,2995545,1627,SILENT,0,decode
4575,truncation,2850092,6432759,caught,68,decode
4576,header,438,1,SILENT,0,decode
4577,payload,6406585,1,SILENT,0,decode
4578,bit_flip,1395605,1,SILENT,0,decode
4579,random_bytes,919183,4,caught,66,decode
4580,zeroed_run,7793032,2073,SILENT,0,decode
4581,truncation,8621803,661048,caught,68,decode
4582,header,887,1,SILENT,0,decode
4583,payload,5453301,1,SILENT,0,decode
4584,bit_flip,8685107,1,SILENT,0,decode
4585,random_bytes,155331,12,SILENT,0,decode
4586,zeroed_run,3921195,805,SILENT,0,decode
4587,truncation,6366943,2915908,caught,68,decode
4588,header,170,1,SILENT,0,decode
4589,payload,4422291,1,caught,66,decode
4590,bit_flip,1413,1,SILENT,0,decode
4591,random_bytes,3208137,6,SILENT,0,decode
4592,zeroed_run,761872,1709,SILENT,0,decode
4593,truncation,539629,8743222,caught,68,decode
4594,header,815,1,SILENT,0,decode
4595,payload,2030128,1,caught,66,decode
4596,bit_flip,6323279,1,SILENT,0,decode
4597,random_bytes,1710161,1,SILENT,0,decode
4598,zeroed_run,4618154,3429,SILENT,0,decode
4599,truncation,8218531,1064320,caught,68,decode
4600,header,245,1,SILENT,0,decode
4601,payload,194056,1,SILENT,0,decode
4602,bit_flip,5487989,1,SILENT,0,decode
4603,random_bytes,7501091,7,caught,66,decode
4604,zeroed_run,3817723,1682,SILENT,0,decode
4605,truncation,8736042,546809,caught,68,decode
4606,header,452,1,caught,66,decode
4607,payload,5513282,1,caught,66,decode
4608,bit_flip,3219525,1,SILENT,0,decode
4609,random_bytes,756573,14,caught,66,decode
4610,zeroed_run,6033247,1465,SILENT,0,decode
4611,truncation,6391084,2891767,caught,68,decode
4612,header,835,1,SILENT,0,decode
4613,payload,8301003,1,caught,66,decode
4614,bit_flip,855399,1,SILENT,0,decode
4615,random_bytes,8293649,5,SILENT,0,decode
4616,zeroed_run,2862235,1548,SILENT,0,decode
4617,truncation,5778854,3503997,caught,68,decode
4618,header,754,1,SILENT,0,decode
4619,payload,4568334,1,caught,66,decode
4620,bit_flip,8691387,1,SILENT,0,decode
4621,random_bytes,3071697,11,caught,66,decode
4622,zeroed_run,4470171,2920,SILENT,0,decode
4623,truncation,1328601,7954250,caught,68,decode
4624,header,91,1,SILENT,0,decode
4625,payload,4710576,1,caught,66,decode
4626,bit_flip,2395985,1,caught,66,decode
4627,random_bytes,6052308,15,caught,66,decode
4628,zeroed_run,1626970,640,SILENT,0,decode
4629,truncation,5653267,3629584,caught,68,decode
4630,header,814,1,SILENT,0,decode
4631,payload,1881808,1,SILENT,0,decode
4632,bit_flip,3366567,1,SILENT,0,decode
4633,random_bytes,4265819,13,caught,66,decode
4634,zeroed_run,8306955,467,SILENT,0,decode
4635,truncation,7455744,1827107,caught,68,decode
4636,header,135,1,SILENT,0,decode
4637,payload,4171092,1,SILENT,0,decode
4638,bit_flip,1512479,1,SILENT,0,decode
4639,random_bytes,3328302,10,caught,66,decode
4640,zeroed_run,8800842,1984,SILENT,0,decode
4641,truncation,1133499,8149352,caught,68,decode
4642,header,259,1,SILENT,0,decode
4643,payload,1758181,1,SILENT,0,decode
4644,bit_flip,1001424,1,SILENT,0,decode
4645,random_bytes,7182114,7,caught,66,decode
4646,zeroed_run,8471752,685,SILENT,0,decode
4647,truncation,1016980,8265871,caught,68,decode
4648,header,966,1,SILENT,0,decode
4649,payload,9205295,1,SILENT,0,decode
4650,bit_flip,7974168,1,SILENT,0,decode
4651,random_bytes,4593703,1,caught,66,decode
4652,zeroed_run,561529,3735,SILENT,0,decode
4653,truncation,5869338,3413513,caught,68,decode
4654,header,563,1,caught,66,decode
4655,payload,1511965,1,SILENT,0,decode
4656,bit_flip,8883201,1,SILENT,0,decode
4657,random_bytes,2035104,1,SILENT,0,decode
4658,zeroed_run,1661674,2048,SILENT,0,decode
4659,truncation,2431806,6851045,caught,68,decode
4660,header,567,1,SILENT,0,decode
4661,payload,8811193,1,SILENT,0,decode
4662,bit_flip,635742,1,SILENT,0,decode
4663,random_bytes,7107033,15,caught,66,decode
4664,zeroed_run,2063565,701,SILENT,0,decode
4665,truncation,2920858,6361993,caught,68,decode
4666,header,30,1,caught,66,decode
4667,payload,7601554,1,SILENT,0,decode
4668,bit_flip,4100310,1,SILENT,0,decode
4669,random_bytes,8617371,10,SILENT,0,decode
4670,zeroed_run,1262626,1599,SILENT,0,decode
4671,truncation,307453,8975398,caught,68,decode
4672,header,356,1,SILENT,0,decode
4673,payload,3775944,1,SILENT,0,decode
4674,bit_flip,6209625,1,SILENT,0,decode
4675,random_bytes,6128306,1,SILENT,0,decode
4676,zeroed_run,5128211,3024,SILENT,0,decode
4677,truncation,5283064,3999787,caught,68,decode
4678,header,533,1,SILENT,0,decode
4679,payload,7051508,1,SILENT,0,decode
4680,bit_flip,6951631,1,SILENT,0,decode
4681,random_bytes,5793931,9,SILENT,0,decode
4682,zeroed_run,5346161,2952,SILENT,0,decode
4683,truncation,524881,8757970,caught,68,decode
4684,header,649,1,SILENT,0,decode
4685,payload,5107376,1,SILENT,0,decode
4686,bit_flip,5111153,1,caught,66,decode
4687,random_bytes,192414,11,caught,66,decode
4688,zeroed_run,9134457,3894,SILENT,0,decode
4689,truncation,1240480,8042371,caught,68,decode
4690,header,161,1,SILENT,0,decode
4691,payload,430290,1,SILENT,0,decode
4692,bit_flip,3513203,1,SILENT,0,decode
4693,random_bytes,35405,1,SILENT,0,decode
4694,zeroed_run,9119400,222,SILENT,0,decode
4695,truncation,6880429,2402422,caught,68,decode
4696,header,894,1,SILENT,0,decode
4697,payload,420479,1,SILENT,0,decode
4698,bit_flip,667091,1,SILENT,0,decode
4699,random_bytes,7778560,16,caught,66,decode
4700,zeroed_run,4275010,1638,SILENT,0,decode
4701,truncation,8893820,389031,caught,68,decode
4702,header,32,1,caught,66,decode
4703,payload,9103809,1,caught,66,decode
4704,bit_flip,530624,1,SILENT,0,decode
4705,random_bytes,5871523,5,caught,66,decode
4706,zeroed_run,2104218,1754,SILENT,0,decode
4707,truncation,4744865,4537986,caught,68,decode
4708,header,928,1,SILENT,0,decode
4709,payload,5686990,1,caught,66,decode
4710,bit_flip,5470357,1,SILENT,0,decode
4711,random_bytes,2225635,7,caught,66,decode
4712,zeroed_run,8884331,3221,SILENT,0,decode
4713,truncation,458491,8824360,caught,68,decode
4714,header,375,1,SILENT,0,decode
4715,payload,563686,1,SILENT,0,decode
4716,bit_flip,2869121,1,SILENT,0,decode
4717,random_bytes,7518514,16,SILENT,0,decode
4718,zeroed_run,1515357,2553,SILENT,0,decode
4719,truncation,3804627,5478224,caught,68,decode
4720,header,539,1,SILENT,0,decode
4721,payload,6551808,1,SILENT,0,decode
4722,bit_flip,562394,1,SILENT,0,decode
4723,random_bytes,2604058,13,SILENT,0,decode
4724,zeroed_run,3662767,2041,SILENT,0,decode
4725,truncation,5361178,3921673,caught,68,decode
4726,header,180,1,SILENT,0,decode
4727,payload,3633362,1,SILENT,0,decode
4728,bit_flip,7787090,1,SILENT,0,decode
4729,random_bytes,6427621,9,SILENT,0,decode
4730,zeroed_run,9180513,3880,SILENT,0,decode
4731,truncation,7771498,1511353,caught,68,decode
4732,header,430,1,SILENT,0,decode
4733,payload,2184346,1,SILENT,0,decode
4734,bit_flip,5889463,1,SILENT,0,decode
4735,random_bytes,7589151,11,caught,66,decode
4736,zeroed_run,4788020,1912,SILENT,0,decode
4737,truncation,6748383,2534468,caught,68,decode
4738,header,898,1,SILENT,0,decode
4739,payload,856686,1,SILENT,0,decode
4740,bit_flip,524402,1,SILENT,0,decode
4741,random_bytes,5889178,14,caught,66,decode
4742,zeroed_run,5478000,1682,SILENT,0,decode
4743,truncation,9262663,20188,caught,68,decode
4744,header,949,1,SILENT,0,decode
4745,payload,1772762,1,SILENT,0,decode
4746,bit_flip,1069890,1,SILENT,0,decode
4747,random_bytes,3277996,10,caught,66,decode
4748,zeroed_run,4312834,3834,SILENT,0,decode
4749,truncation,5842301,3440550,caught,68,decode
4750,header,2,1,caught,44,decode
4751,payload,554712,1,SILENT,0,decode
4752,bit_flip,292671,1,SILENT,0,decode
4753,random_bytes,910539,13,caught,66,decode
4754,zeroed_run,2921049,1774,SILENT,0,decode
4755,truncation,1676400,7606451,caught,68,decode
4756,header,973,1,SILENT,0,decode
4757,payload,4752044,1,caught,66,decode
4758,bit_flip,8990584,1,SILENT,0,decode
4759,random_bytes,5172309,12,caught,66,decode
4760,zeroed_run,8110,1221,SILENT,0,decode
4761,truncation,9274359,8492,caught,68,decode
4762,header,526,1,SILENT,0,decode
4763,payload,2269830,1,SILENT,0,decode
4764,bit_flip,6321547,1,SILENT,0,decode
4765,random_bytes,1035646,12,SILENT,0,decode
4766,zeroed_run,2418668,2382,SILENT,0,decode
4767,truncation,1153040,8129811,caught,68,decode
4768,header,970,1,SILENT,0,decode
4769,payload,7854531,1,SILENT,0,decode
4770,bit_flip,1020729,1,SILENT,0,decode
4771,random_bytes,7341247,13,caught,66,decode
4772,zeroed_run,900231,3667,SILENT,0,decode
4773,truncation,6700155,2582696,caught,68,decode
4774,header,240,1,SILENT,0,decode
4775,payload,492825,1,SILENT,0,decode
4776,bit_flip,5575424,1,SILENT,0,decode
4777,random_bytes,7027652,7,SILENT,0,decode
4778,zeroed_run,1291071,2373,SILENT,0,decode
4779,truncation,7801256,1481595,caught,68,decode
4780,header,315,1,caught,66,decode
4781,payload,3811463,1,SILENT,0,decode
4782,bit_flip,2844194,1,SILENT,0,decode
4783,random_bytes,65663,8,caught,66,decode
4784,zeroed_run,3358181,1182,SILENT,0,decode
4785,truncation,8579213,703638,caught,68,decode
4786,header,420,1,SILENT,0,decode
4787,payload,2300298,1,SILENT,0,decode
4788,bit_flip,5381360,1,SILENT,0,decode
4789,random_bytes,3205938,3,SILENT,0,decode
4790,zeroed_run,5747307,1212,SILENT,0,decode
4791,truncation,1027694,8255157,caught,68,decode
4792,header,244,1,SILENT,0,decode
4793,payload,8127502,1,SILENT,0,decode
4794,bit_flip,7380929,1,caught,66,decode
4795,random_bytes,4799132,2,SILENT,0,decode
4796,zeroed_run,826955,1463,SILENT,0,decode
4797,truncation,5210001,4072850,caught,68,decode
4798,header,377,1,caught,66,decode
4799,payload,8137815,1,SILENT,0,decode
4800,bit_flip,3924798,1,SILENT,0,decode
4801,random_bytes,6284330,7,caught,66,decode
4802,zeroed_run,7889784,984,SILENT,0,decode
4803,truncation,3976037,5306814,caught,68,decode
4804,header,396,1,SILENT,0,decode
4805,payload,8209123,1,SILENT,0,decode
4806,bit_flip,811560,1,SILENT,0,decode
4807,random_bytes,4186874,3,caught,66,decode
4808,zeroed_run,5838735,753,SILENT,0,decode
4809,truncation,7440349,1842502,caught,68,decode
4810,header,667,1,SILENT,0,decode
4811,payload,6455500,1,SILENT,0,decode
4812,bit_flip,116170,1,SILENT,0,decode
4813,random_bytes,4565267,10,SILENT,0,decode
4814,zeroed_run,1389094,1844,SILENT,0,decode
4815,truncation,7239514,2043337,caught,68,decode
4816,header,492,1,SILENT,0,decode
4817,payload,8614696,1,SILENT,0,decode
4818,bit_flip,7647552,1,SILENT,0,decode
4819,random_bytes,8347305,2,caught,66,decode
4820,zeroed_run,8270696,3129,SILENT,0,decode
4821,truncation,629907,8652944,caught,68,decode
4822,header,310,1,caught,66,decode
4823,payload,1064344,1,SILENT,0,decode
4824,bit_flip,2433212,1,SILENT,0,decode
4825,random_bytes,3177337,1,SILENT,0,decode
4826,zeroed_run,4468657,43,SILENT,0,decode
4827,truncation,1546784,7736067,caught,68,decode
4828,header,332,1,SILENT,0,decode
4829,payload,4317688,1,SILENT,0,decode
4830,bit_flip,7532725,1,SILENT,0,decode
4831,random_bytes,3992633,4,caught,66,decode
4832,zeroed_run,8716445,3371,SILENT,0,decode
4833,truncation,7463334,1819517,caught,68,decode
4834,header,872,1,SILENT,0,decode
4835,payload,1260800,1,SILENT,0,decode
4836,bit_flip,5926916,1,SILENT,0,decode
4837,random_bytes,1550598,7,SILENT,0,decode
4838,zeroed_run,3651542,1849,SILENT,0,decode
4839,truncation,123751,9159100,caught,68,decode
4840,header,776,1,SILENT,0,decode
4841,payload,9224667,1,SILENT,0,decode
4842,bit_flip,5791477,1,caught,66,decode
4843,random_bytes,426227,8,SILENT,0,decode
4844,zeroed_run,5116184,3220,SILENT,0,decode
4845,truncation,8411132,871719,caught,68,decode
4846,header,481,1,SILENT,0,decode
4847,payload,5129845,1,SILENT,0,decode
4848,bit_flip,7785212,1,SILENT,0,decode
4849,random_bytes,5494052,3,SILENT,0,decode
4850,zeroed_run,2121579,2772,SILENT,0,decode
4851,truncation,3200288,6082563,caught,68,decode
4852,header,166,1,caught,66,decode
4853,payload,3750376,1,SILENT,0,decode
4854,bit_flip,7504018,1,SILENT,0,decode
4855,random_bytes,6290756,13,caught,66,decode
4856,zeroed_run,5319164,3096,SILENT,0,decode
4857,truncation,4277207,5005644,caught,68,decode
4858,header,312,1,SILENT,0,decode
4859,payload,5807127,1,SILENT,0,decode
4860,bit_flip,1625193,1,SILENT,0,decode
4861,random_bytes,7280189,4,caught,66,decode
4862,zeroed_run,2741815,2295,SILENT,0,decode
4863,truncation,7623516,1659335,caught,68,decode
4864,header,994,1,SILENT,0,decode
4865,payload,7164243,1,SILENT,0,decode
4866,bit_flip,5984691,1,caught,66,decode
4867,random_bytes,3996470,5,caught,66,decode
4868,zeroed_run,4191066,3158,SILENT,0,decode
4869,truncation,2673677,6609174,caught,68,decode
4870,header,27,1,caught,66,decode
4871,payload,3086231,1,SILENT,0,decode
4872,bit_flip,5989425,1,SILENT,0,decode
4873,random_bytes,3083294,10,caught,66,decode
4874,zeroed_run,5327850,525,SILENT,0,decode
4875,truncation,1995078,7287773,caught,68,decode
4876,header,164,1,SILENT,0,decode
4877,payload,914089,1,SILENT,0,decode
4878,bit_flip,7010735,1,SILENT,0,decode
4879,random_bytes,741918,2,SILENT,0,decode
4880,zeroed_run,5803521,299,SILENT,0,decode
4881,truncation,3179467,6103384,caught,68,decode
4882,header,157,1,SILENT,0,decode
4883,payload,1693992,1,SILENT,0,decode
4884,bit_flip,1264208,1,SILENT,0,decode
4885,random_bytes,1017430,13,SILENT,0,decode
4886,zeroed_run,3095578,272,SILENT,0,decode
4887,truncation,4081576,5201275,caught,68,decode
4888,header,721,1,SILENT,0,decode
4889,payload,3397093,1,SILENT,0,decode
4890,bit_flip,362117,1,SILENT,0,decode
4891,random_bytes,7505573,9,SILENT,0,decode
4892,zeroed_run,812584,1020,SILENT,0,decode
4893,truncation,1346483,7936368,caught,68,decode
4894,header,141,1,caught,66,decode
4895,payload,4612659,1,caught,66,decode
4896,bit_flip,7522102,1,caught,66,decode
4897,random_bytes,2405403,5,SILENT,0,decode
4898,zeroed_run,1091693,3732,SILENT,0,decode
4899,truncation,8674875,607976,caught,68,decode
4900,header,643,1,SILENT,0,decode
4901,payload,4784091,1,SILENT,0,decode
4902,bit_flip,6973879,1,SILENT,0,decode
4903,random_bytes,2055910,1,caught,66,decode
4904,zeroed_run,5934660,2241,SILENT,0,decode
4905,truncation,4548671,4734180,caught,68,decode
4906,header,239,1,SILENT,0,decode
4907,payload,3947152,1,SILENT,0,decode
4908,bit_flip,8697265,1,caught,66,decode
4909,random_bytes,6265400,15,caught,66,decode
4910,zeroed_run,7100679,1665,SILENT,0,decode
4911,truncation,1740540,7542311,caught,68,decode
4912,header,276,1,SILENT,0,decode
4913,payload,9160361,1,caught,66,decode
4914,bit_flip,6462398,1,SILENT,0,decode
4915,random_bytes,8203452,1,SILENT,0,decode
4916,zeroed_run,4112270,703,SILENT,0,decode
4917,truncation,8255094,1027757,caught,68,decode
4918,header,49,1,SILENT,0,decode
4919,payload,7475315,1,SILENT,0,decode
4920,bit_flip,5943106,1,caught,66,decode
4921,random_bytes,8834407,2,caught,66,decode
4922,zeroed_run,7810138,1722,SILENT,0,decode
4923,truncation,6460648,2822203,caught,68,decode
4924,header,161,1,SILENT,0,decode
4925,payload,6443581,1,SILENT,0,decode
4926,bit_flip,4453246,1,SILENT,0,decode
4927,random_bytes,6528906,16,caught,66,decode
4928,zeroed_run,5958155,2103,SILENT,0,decode
4929,truncation,3952498,5330353,caught,68,decode
4930,header,84,1,SILENT,0,decode
4931,payload,2803315,1,SILENT,0,decode
4932,bit_flip,5110601,1,SILENT,0,decode
4933,random_bytes,5169256,5,caught,66,decode
4934,zeroed_run,8388270,1878,SILENT,0,decode
4935,truncation,3042286,6240565,caught,68,decode
4936,header,57,1,caught,66,decode
4937,payload,5388811,1,SILENT,0,decode
4938,bit_flip,6422741,1,SILENT,0,decode
4939,random_bytes,5537526,1,caught,66,decode
4940,zeroed_run,6946784,2251,caught,66,decode
4941,truncation,4467225,4815626,caught,68,decode
4942,header,1006,1,SILENT,0,decode
4943,payload,6766775,1,SILENT,0,decode
4944,bit_flip,1522806,1,SILENT,0,decode
4945,random_bytes,2140313,6,SILENT,0,decode
4946,zeroed_run,5514372,2768,SILENT,0,decode
4947,truncation,2871288,6411563,caught,68,decode
4948,header,568,1,SILENT,0,decode
4949,payload,1830316,1,caught,66,decode
4950,bit_flip,7045558,1,SILENT,0,decode
4951,random_bytes,9240438,8,caught,66,decode
4952,zeroed_run,5988149,3155,SILENT,0,decode
4953,truncation,6409329,2873522,caught,68,decode
4954,header,681,1,SILENT,0,decode
4955,payload,8658700,1,caught,66,decode
4956,bit_flip,3266258,1,SILENT,0,decode
4957,random_bytes,7443865,15,SILENT,0,decode
4958,zeroed_run,5901503,2660,SILENT,0,decode
4959,truncation,3141035,6141816,caught,68,decode
4960,header,948,1,caught,66,decode
4961,payload,2965258,1,SILENT,0,decode
4962,bit_flip,2263101,1,SILENT,0,decode
4963,random_bytes,5937096,10,caught,66,decode
4964,zeroed_run,3061711,288,SILENT,0,decode
4965,truncation,1176758,8106093,caught,68,decode
4966,header,568,1,SILENT,0,decode
4967,payload,6663579,1,SILENT,0,decode
4968,bit_flip,4695102,1,SILENT,0,decode
4969,random_bytes,9016292,3,caught,66,decode
4970,zeroed_run,2782318,3496,SILENT,0,decode
4971,truncation,6528850,2754001,caught,68,decode
4972,header,87,1,SILENT,0,decode
4973,payload,2720531,1,SILENT,0,decode
4974,bit_flip,3814585,1,SILENT,0,decode
4975,random_bytes,1104684,9,caught,66,decode
4976,zeroed_run,3916667,709,SILENT,0,decode
4977,truncation,4174601,5108250,caught,68,decode
4978,header,793,1,SILENT,0,decode
4979,payload,7117271,1,SILENT,0,decode
4980,bit_flip,2832998,1,SILENT,0,decode
4981,random_bytes,5079699,10,caught,66,decode
4982,zeroed_run,7680106,2916,SILENT,0,decode
4983,truncation,5938464,3344387,caught,68,decode
4984,header,509,1,SILENT,0,decode
4985,payload,687111,1,SILENT,0,decode
4986,bit_flip,2515415,1,SILENT,0,decode
4987,random_bytes,4873045,6,caught,66,decode
4988,zeroed_run,6232527,4002,SILENT,0,decode
4989,truncation,8779380,503471,caught,68,decode
4990,header,416,1,caught,66,decode
4991,payload,3710059,1,SILENT,0,decode
4992,bit_flip,9219413,1,SILENT,0,decode
4993,random_bytes,3095912,9,caught,66,decode
4994,zeroed_run,7608791,643,SILENT,0,decode
4995,truncation,5673253,3609598,caught,68,decode
4996,header,866,1,SILENT,0,decode
4997,payload,4380917,1,caught,66,decode
4998,bit_flip,2050568,1,SILENT,0,decode
4999,random_bytes,68576,9,caught,66,decode
5000,zeroed_run,1594725,355,SILENT,0,decode
5001,truncation,1184833,8098018,caught,68,decode
5002,header,988,1,caught,66,decode
5003,payload,3819371,1,SILENT,0,decode
5004,bit_flip,8671571,1,SILENT,0,decode
5005,random_bytes,9011470,2,SILENT,0,decode
5006,zeroed_run,7590252,3271,SILENT,0,decode
5007,truncation,9031168,251683,caught,68,decode
5008,header,460,1,caught,66,decode
5009,payload,335685,1,caught,66,decode
5010,bit_flip,5190593,1,SILENT,0,decode
5011,random_bytes,584396,16,caught,66,decode
5012,zeroed_run,8866988,3353,SILENT,0,decode
5013,truncation,2100305,7182546,caught,68,decode
5014,header,917,1,caught,66,decode
5015,payload,5192221,1,SILENT,0,decode
5016,bit_flip,5812791,1,SILENT,0,decode
5017,random_bytes,6231684,12,SILENT,0,decode
5018,zeroed_run,1516985,3602,SILENT,0,decode
5019,truncation,3540798,5742053,caught,68,decode
5020,header,649,1,SILENT,0,decode
5021,payload,4778747,1,SILENT,0,decode
5022,bit_flip,3692578,1,SILENT,0,decode
5023,random_bytes,6535719,12,SILENT,0,decode
5024,zeroed_run,7053392,779,SILENT,0,decode
5025,truncation,2169623,7113228,caught,68,decode
5026,header,667,1,SILENT,0,decode
5027,payload,6502340,1,SILENT,0,decode
5028,bit_flip,6378414,1,SILENT,0,decode
5029,random_bytes,5862501,12,SILENT,0,decode
5030,zeroed_run,7283728,1104,SILENT,0,decode
5031,truncation,1722802,7560049,caught,68,decode
5032,header,120,1,SILENT,0,decode
5033,payload,5717970,1,SILENT,0,decode
5034,bit_flip,2959780,1,SILENT,0,decode
5035,random_bytes,219098,7,SILENT,0,decode
5036,zeroed_run,6205637,3666,SILENT,0,decode
5037,truncation,8910814,372037,caught,68,decode
5038,header,531,1,SILENT,0,decode
5039,payload,2713606,1,SILENT,0,decode
5040,bit_flip,1928145,1,SILENT,0,decode
5041,random_bytes,774503,7,caught,66,decode
5042,zeroed_run,1800772,1669,SILENT,0,decode
5043,truncation,732125,8550726,caught,68,decode
5044,header,49,1,SILENT,0,decode
5045,payload,5435453,1,SILENT,0,decode
5046,bit_flip,630037,1,SILENT,0,decode
5047,random_bytes,8573490,3,caught,66,decode
5048,zeroed_run,2678332,2584,SILENT,0,decode
5049,truncation,1647710,7635141,caught,68,decode
5050,header,537,1,SILENT,0,decode
5051,payload,1450884,1,SILENT,0,decode
5052,bit_flip,6006825,1,SILENT,0,decode
5053,random_bytes,8590635,4,SILENT,0,decode
5054,zeroed_run,3981695,2610,SILENT,0,decode
5055,truncation,2878334,6404517,caught,68,decode
5056,header,641,1,SILENT,0,decode
5057,payload,6673578,1,SILENT,0,decode
5058,bit_flip,5436434,1,SILENT,0,decode
5059,random_bytes,1771258,14,caught,66,decode
5060,zeroed_run,8467051,3514,SILENT,0,decode
5061,truncation,5163188,4119663,caught,68,decode
5062,header,75,1,caught,66,decode
5063,payload,4962768,1,SILENT,0,decode
5064,bit_flip,4031455,1,caught,66,decode
5065,random_bytes,9028838,16,SILENT,0,decode
5066,zeroed_run,1308458,1894,SILENT,0,decode
5067,truncation,6970623,2312228,caught,68,decode
5068,header,836,1,SILENT,0,decode
5069,payload,8775258,1,SILENT,0,decode
5070,bit_flip,1481130,1,SILENT,0,decode
5071,random_bytes,5488756,12,caught,66,decode
5072,zeroed_run,8054473,3305,SILENT,0,decode
5073,truncation,7030299,2252552,caught,68,decode
5074,header,152,1,caught,66,decode
5075,payload,3307531,1,SILENT,0,decode
5076,bit_flip,1235228,1,SILENT,0,decode
5077,random_bytes,7169898,15,caught,66,decode
5078,zeroed_run,8458264,2770,SILENT,0,decode
5079,truncation,6216510,3066341,caught,68,decode
5080,header,127,1,SILENT,0,decode
5081,payload,120965,1,SILENT,0,decode
5082,bit_flip,321635,1,SILENT,0,decode
5083,random_bytes,7134579,2,SILENT,0,decode
5084,zeroed_run,4287079,1688,SILENT,0,decode
5085,truncation,5046453,4236398,caught,68,decode
5086,header,854,1,SILENT,0,decode
5087,payload,5975898,1,SILENT,0,decode
5088,bit_flip,9097813,1,SILENT,0,decode
5089,random_bytes,1274538,3,caught,66,decode
5090,zeroed_run,7291844,2464,SILENT,0,decode
5091,truncation,8564269,718582,caught,68,decode
5092,header,653,1,SILENT,0,decode
5093,payload,4368167,1,SILENT,0,decode
5094,bit_flip,7586442,1,SILENT,0,decode
5095,random_bytes,9213050,16,SILENT,0,decode
5096,zeroed_run,2737662,606,SILENT,0,decode
5097,truncation,6227553,3055298,caught,68,decode
5098,header,47,1,caught,66,decode
5099,payload,4785520,1,SILENT,0,decode
5100,bit_flip,6477991,1,caught,66,decode
5101,random_bytes,1691431,3,caught,66,decode
5102,zeroed_run,2680741,3966,SILENT,0,decode
5103,truncation,7946928,1335923,caught,68,decode
5104,header,642,1,SILENT,0,decode
5105,payload,3250838,1,SILENT,0,decode
5106,bit_flip,7474330,1,SILENT,0,decode
5107,random_bytes,3151303,9,SILENT,0,decode
5108,zeroed_run,2363734,761,SILENT,0,decode
5109,truncation,95063,9187788,caught,68,decode
5110,header,750,1,SILENT,0,decode
5111,payload,3088914,1,caught,66,decode
5112,bit_flip,7465824,1,SILENT,0,decode
5113,random_bytes,4284285,12,caught,66,decode
5114,zeroed_run,5664364,2779,SILENT,0,decode
5115,truncation,3271722,6011129,caught,68,decode
5116,header,8,1,caught,66,decode
5117,payload,510524,1,SILENT,0,decode
5118,bit_flip,7721239,1,SILENT,0,decode
5119,random_bytes,4535670,16,caught,66,decode
5120,zeroed_run,8795203,1399,SILENT,0,decode
5121,truncation,2741037,6541814,caught,68,decode
5122,header,674,1,SILENT,0,decode
5123,payload,280638,1,SILENT,0,decode
5124,bit_flip,8969789,1,SILENT,0,decode
5125,random_bytes,1060470,5,SILENT,0,decode
5126,zeroed_run,339513,3779,SILENT,0,decode
5127,truncation,4507861,4774990,caught,68,decode
5128,header,398,1,SILENT,0,decode
5129,payload,8942415,1,SILENT,0,decode
5130,bit_flip,1971789,1,SILENT,0,decode
5131,random_bytes,3542699,4,caught,66,decode
5132,zeroed_run,7102429,3896,SILENT,0,decode
5133,truncation,4372805,4910046,caught,68,decode
5134,header,187,1,caught,66,decode
5135,payload,2221576,1,SILENT,0,decode
5136,bit_flip,6907685,1,SILENT,0,decode
5137,random_bytes,7812787,8,caught,66,decode
5138,zeroed_run,1140314,1630,SILENT,0,decode
5139,truncation,6585931,2696920,caught,68,decode
5140,header,495,1,SILENT,0,decode
5141,payload,2162270,1,SILENT,0,decode
5142,bit_flip,4834234,1,SILENT,0,decode
5143,random_bytes,5076057,9,SILENT,0,decode
5144,zeroed_run,3883681,3005,SILENT,0,decode
5145,truncation,3502789,5780062,caught,68,decode
5146,header,832,1,SILENT,0,decode
5147,payload,3758469,1,SILENT,0,decode
5148,bit_flip,5799933,1,SILENT,0,decode
5149,random_bytes,310510,12,SILENT,0,decode
5150,zeroed_run,221815,2734,SILENT,0,decode
5151,truncation,1822251,7460600,caught,68,decode
5152,header,488,1,SILENT,0,decode
5153,payload,6500032,1,SILENT,0,decode
5154,bit_flip,1731358,1,SILENT,0,decode
5155,random_bytes,5757438,3,SILENT,0,decode
5156,zeroed_run,3620393,689,SILENT,0,decode
5157,truncation,8147680,1135171,caught,68,decode
5158,header,221,1,SILENT,0,decode
5159,payload,8331672,1,SILENT,0,decode
5160,bit_flip,5808171,1,SILENT,0,decode
5161,random_bytes,252214,5,caught,66,decode
5162,zeroed_run,5408478,2242,SILENT,0,decode
5163,truncation,5576503,3706348,caught,68,decode
5164,header,904,1,SILENT,0,decode
5165,payload,8847289,1,SILENT,0,decode
5166,bit_flip,2517168,1,caught,66,decode
5167,random_bytes,4678677,12,caught,66,decode
5168,zeroed_run,3553186,1617,SILENT,0,decode
5169,truncation,8189244,1093607,caught,68,decode
5170,header,561,1,SILENT,0,decode
5171,payload,7190182,1,SILENT,0,decode
5172,bit_flip,7119173,1,SILENT,0,decode
5173,random_bytes,4834181,6,SILENT,0,decode
5174,zeroed_run,4730981,93,caught,66,decode
5175,truncation,2907892,6374959,caught,68,decode
5176,header,7,1,caught,66,decode
5177,payload,8299322,1,SILENT,0,decode
5178,bit_flip,6752025,1,SILENT,0,decode
5179,random_bytes,4062894,11,SILENT,0,decode
5180,zeroed_run,6085106,1022,SILENT,0,decode
5181,truncation,561407,8721444,caught,68,decode
5182,header,249,1,SILENT,0,decode
5183,payload,7520064,1,SILENT,0,decode
5184,bit_flip,2374703,1,caught,66,decode
5185,random_bytes,5012427,1,SILENT,0,decode
5186,zeroed_run,2525127,1029,SILENT,0,decode
5187,truncation,7215109,2067742,caught,68,decode
5188,header,443,1,SILENT,0,decode
5189,payload,8270525,1,SILENT,0,decode
5190,bit_flip,297389,1,SILENT,0,decode
5191,random_bytes,1032424,6,SILENT,0,decode
5192,zeroed_run,2860844,2869,SILENT,0,decode
5193,truncation,7543880,1738971,caught,68,decode
5194,header,45,1,caught,66,decode
5195,payload,1529066,1,SILENT,0,decode
5196,bit_flip,7379574,1,SILENT,0,decode
5197,random_bytes,214961,5,caught,66,decode
5198,zeroed_run,4444399,2876,SILENT,0,decode
5199,truncation,155574,9127277,caught,68,decode
5200,header,859,1,SILENT,0,decode
5201,payload,3609387,1,SILENT,0,decode
5202,bit_flip,7587167,1,SILENT,0,decode
5203,random_bytes,171012,11,SILENT,0,decode
5204,zeroed_run,1673135,2316,SILENT,0,decode
5205,truncation,3402321,5880530,caught,68,decode
5206,header,620,1,SILENT,0,decode
5207,payload,8261083,1,SILENT,0,decode
5208,bit_flip,8284671,1,SILENT,0,decode
5209,random_bytes,3433647,7,SILENT,0,decode
5210,zeroed_run,3387702,2965,SILENT,0,decode
5211,truncation,4405668,4877183,caught,68,decode
5212,header,186,1,SILENT,0,decode
5213,payload,841085,1,SILENT,0,decode
5214,bit_flip,5489126,1,SILENT,0,decode
5215,random_bytes,5682139,11,caught,66,decode
5216,zeroed_run,3572966,562,SILENT,0,decode
5217,truncation,4355659,4927192,caught,68,decode
5218,header,749,1,SILENT,0,decode
5219,payload,6964886,1,caught,66,decode
5220,bit_flip,439197,1,SILENT,0,decode
5221,random_bytes,7194441,1,caught,66,decode
5222,zeroed_run,5431700,3192,SILENT,0,decode
5223,truncation,8198854,1083997,caught,68,decode
5224,header,871,1,SILENT,0,decode
5225,payload,5106909,1,SILENT,0,decode
5226,bit_flip,8836853,1,SILENT,0,decode
5227,random_bytes,1739811,9,caught,66,decode
5228,zeroed_run,6025422,785,SILENT,0,decode
5229,truncation,1910594,7372257,caught,68,decode
5230,header,224,1,SILENT,0,decode
5231,payload,2966079,1,caught,66,decode
5232,bit_flip,1288442,1,SILENT,0,decode
5233,random_bytes,8552760,1,caught,66,decode
5234,zeroed_run,1351575,3317,SILENT,0,decode
5235,truncation,5485615,3797236,caught,68,decode
5236,header,831,1,SILENT,0,decode
5237,payload,8347940,1,SILENT,0,decode
5238,bit_flip,7727946,1,SILENT,0,decode
5239,random_bytes,1811897,12,caught,66,decode
5240,zeroed_run,4934783,2576,SILENT,0,decode
5241,truncation,6393454,2889397,caught,68,decode
5242,header,606,1,SILENT,0,decode
5243,payload,6309073,1,SILENT,0,decode
5244,bit_flip,6930697,1,SILENT,0,decode
5245,random_bytes,4082607,3,caught,66,decode
5246,zeroed_run,4923432,603,SILENT,0,decode
5247,truncation,9217718,65133,caught,68,decode
5248,header,221,1,SILENT,0,decode
5249,payload,585176,1,caught,66,decode
5250,bit_flip,6020546,1,SILENT,0,decode
5251,random_bytes,5345524,11,caught,66,decode
5252,zeroed_run,397235,1459,SILENT,0,decode
5253,truncation,1629709,7653142,caught,68,decode
5254,header,246,1,SILENT,0,decode
5255,payload,2443560,1,SILENT,0,decode
5256,bit_flip,4346394,1,SILENT,0,decode
5257,random_bytes,3566071,8,SILENT,0,decode
5258,zeroed_run,5144981,3392,SILENT,0,decode
5259,truncation,3198774,6084077,caught,68,decode
5260,header,380,1,caught,66,decode
5261,payload,7980289,1,SILENT,0,decode
5262,bit_flip,892726,1,SILENT,0,decode
5263,random_bytes,7278121,8,SILENT,0,decode
5264,zeroed_run,6033592,2837,SILENT,0,decode
5265,truncation,5392970,3889881,caught,68,decode
5266,header,361,1,SILENT,0,decode
5267,payload,995984,1,SILENT,0,decode
5268,bit_flip,2403533,1,SILENT,0,decode
5269,random_bytes,5877997,11,SILENT,0,decode
5270,zeroed_run,8762670,1119,SILENT,0,decode
5271,truncation,1337977,7944874,caught,68,decode
5272,header,604,1,SILENT,0,decode
5273,payload,3065551,1,SILENT,0,decode
5274,bit_flip,210967,1,SILENT,0,decode
5275,random_bytes,2138410,1,caught,66,decode
5276,zeroed_run,4885787,772,SILENT,0,decode
5277,truncation,1368746,7914105,caught,68,decode
5278,header,999,1,SILENT,0,decode
5279,payload,3433264,1,SILENT,0,decode
5280,bit_flip,1155260,1,caught,66,decode
5281,random_bytes,469665,12,SILENT,0,decode
5282,zeroed_run,3392541,1395,SILENT,0,decode
5283,truncation,6902656,2380195,caught,68,decode
5284,header,504,1,SILENT,0,decode
5285,payload,4986605,1,SILENT,0,decode
5286,bit_flip,644836,1,SILENT,0,decode
5287,random_bytes,3550543,5,SILENT,0,decode
5288,zeroed_run,648070,2262,SILENT,0,decode
5289,truncation,221971,9060880,caught,68,decode
5290,header,443,1,SILENT,0,decode
5291,payload,6350943,1,SILENT,0,decode
5292,bit_flip,4596158,1,caught,66,decode
5293,random_bytes,7529013,14,SILENT,0,decode
5294,zeroed_run,1659479,1221,SILENT,0,decode
5295,truncation,2140668,7142183,caught,68,decode
5296,header,975,1,caught,66,decode
5297,payload,7119032,1,SILENT,0,decode
5298,bit_flip,3730907,1,caught,66,decode
5299,random_bytes,2144717,3,caught,66,decode
5300,zeroed_run,6989281,2849,SILENT,0,decode
5301,truncation,8140095,1142756,caught,68,decode
5302,header,987,1,caught,66,decode
5303,payload,5805771,1,SILENT,0,decode
5304,bit_flip,1036267,1,SILENT,0,decode
5305,random_bytes,5205551,2,SILENT,0,decode
5306,zeroed_run,7816092,2889,SILENT,0,decode
5307,truncation,3293557,5989294,caught,68,decode
5308,header,400,1,SILENT,0,decode
5309,payload,134040,1,SILENT,0,decode
5310,bit_flip,8353035,1,SILENT,0,decode
5311,random_bytes,2450050,16,SILENT,0,decode
5312,zeroed_run,1684706,2490,SILENT,0,decode
5313,truncation,2018391,7264460,caught,68,decode
5314,header,490,1,caught,66,decode
5315,payload,6725137,1,SILENT,0,decode
5316,bit_flip,7105728,1,SILENT,0,decode
5317,random_bytes,8128179,15,caught,66,decode
5318,zeroed_run,8842463,1819,SILENT,0,decode
5319,truncation,9192117,90734,caught,68,decode
5320,header,595,1,caught,66,decode
5321,payload,4815175,1,caught,66,decode
5322,bit_flip,4182562,1,SILENT,0,decode
5323,random_bytes,4024517,9,caught,66,decode
5324,zeroed_run,2894613,3919,SILENT,0,decode
5325,truncation,8643916,638935,caught,68,decode
5326,header,873,1,SILENT,0,decode
5327,payload,8314666,1,SILENT,0,decode
5328,bit_flip,6972932,1,caught,66,decode
5329,random_bytes,5140360,2,SILENT,0,decode
5330,zeroed_run,6964093,3731,SILENT,0,decode
5331,truncation,8083966,1198885,caught,68,decode
5332,header,917,1,caught,66,decode
5333,payload,7770744,1,SILENT,0,decode
5334,bit_flip,8203608,1,SILENT,0,decode
5335,random_bytes,9128546,3,SILENT,0,decode
5336,zeroed_run,304346,3195,SILENT,0,decode
5337,truncation,6217122,3065729,caught,68,decode
5338,header,157,1,SILENT,0,decode
5339,payload,3018840,1,caught,66,decode
5340,bit_flip,1989215,1,SILENT,0,decode
5341,random_bytes,6756707,7,caught,66,decode
5342,zeroed_run,4251538,393,SILENT,0,decode
5343,truncation,4202176,5080675,caught,68,decode
5344,header,1008,1,SILENT,0,decode
5345,payload,6840479,1,SILENT,0,decode
5346,bit_flip,471526,1,SILENT,0,decode
5347,random_bytes,3338100,14,caught,66,decode
5348,zeroed_run,5855499,3748,SILENT,0,decode
5349,truncation,7877708,1405143,caught,68,decode
5350,header,700,1,SILENT,0,decode
5351,payload,5616033,1,SILENT,0,decode
5352,bit_flip,7619863,1,caught,66,decode
5353,random_bytes,5476361,3,SILENT,0,decode
5354,zeroed_run,5229468,2689,SILENT,0,decode
5355,truncation,2818113,6464738,caught,68,decode
5356,header,459,1,SILENT,0,decode
5357,payload,5979163,1,SILENT,0,decode
5358,bit_flip,5212920,1,SILENT,0,decode
5359,random_bytes,2328941,7,caught,66,decode
5360,zeroed_run,2586213,769,SILENT,0,decode
5361,truncation,4807644,4475207,caught,68,decode
5362,header,134,1,SILENT,0,decode
5363,payload,6539215,1,SILENT,0,decode
5364,bit_flip,243246,1,SILENT,0,decode
5365,random_bytes,4423788,13,SILENT,0,decode
5366,zeroed_run,2178909,684,SILENT,0,decode
5367,truncation,6071372,3211479,caught,68,decode
5368,header,999,1,SILENT,0,decode
5369,payload,6099993,1,caught,66,decode
5370,bit_flip,770068,1,caught,66,decode
5371,random_bytes,4262691,7,SILENT,0,decode
5372,zeroed_run,663958,466,SILENT,0,decode
5373,truncation,6134771,3148080,caught,68,decode
5374,header,403,1,SILENT,0,decode
5375,payload,8438704,1,caught,66,decode
5376,bit_flip,1370258,1,SILENT,0,decode
5377,random_bytes,2150376,14,caught,66,decode
5378,zeroed_run,2416480,1080,SILENT,0,decode
5379,truncation,7353578,1929273,caught,68,decode
5380,header,606,1,SILENT,0,decode
5381,payload,6744916,1,caught,66,decode
5382,bit_flip,3260417,1,SILENT,0,decode
5383,random_bytes,6634287,15,SILENT,0,decode
5384,zeroed_run,8324168,1534,SILENT,0,decode
5385,truncation,7078545,2204306,caught,68,decode
5386,header,408,1,SILENT,0,decode
5387,payload,1115276,1,SILENT,0,decode
5388,bit_flip,9165764,1,caught,66,decode
5389,random_bytes,4826634,10,SILENT,0,decode
5390,zeroed_run,7709809,3805,SILENT,0,decode
5391,truncation,4087302,5195549,caught,68,decode
5392,header,677,1,SILENT,0,decode
5393,payload,8746197,1,SILENT,0,decode
5394,bit_flip,8235272,1,SILENT,0,decode
5395,random_bytes,6409189,16,SILENT,0,decode
5396,zeroed_run,963572,3045,SILENT,0,decode
5397,truncation,2109589,7173262,caught,68,decode
5398,header,233,1,SILENT,0,decode
5399,payload,9100148,1,caught,66,decode
5400,bit_flip,7562208,1,SILENT,0,decode
5401,random_bytes,9237831,15,SILENT,0,decode
5402,zeroed_run,881995,602,SILENT,0,decode
5403,truncation,5352823,3930028,caught,68,decode
5404,header,484,1,SILENT,0,decode
5405,payload,6692470,1,caught,66,decode
5406,bit_flip,8876757,1,SILENT,0,decode
5407,random_bytes,8012814,1,SILENT,0,decode
5408,zeroed_run,2180670,3261,SILENT,0,decode
5409,truncation,2635948,6646903,caught,68,decode
5410,header,413,1,caught,66,decode
5411,payload,5456174,1,caught,66,decode
5412,bit_flip,2295250,1,SILENT,0,decode
5413,random_bytes,7092942,12,caught,66,decode
5414,zeroed_run,1073370,868,SILENT,0,decode
5415,truncation,3160178,6122673,caught,68,decode
5416,header,873,1,SILENT,0,decode
5417,payload,3365656,1,SILENT,0,decode
5418,bit_flip,3850676,1,caught,66,decode
5419,random_bytes,3876529,3,SILENT,0,decode
5420,zeroed_run,7504309,4084,SILENT,0,decode
5421,truncation,2710759,6572092,caught,68,decode
5422,header,527,1,SILENT,0,decode
5423,payload,465789,1,SILENT,0,decode
5424,bit_flip,6753409,1,SILENT,0,decode
5425,random_bytes,5890290,11,SILENT,0,decode
5426,zeroed_run,6972361,2412,SILENT,0,decode
5427,truncation,2121551,7161300,caught,68,decode
5428,header,105,1,caught,66,decode
5429,payload,5182874,1,SILENT,0,decode
5430,bit_flip,3607261,1,SILENT,0,decode
5431,random_bytes,3722858,3,SILENT,0,decode
5432,zeroed_run,6211939,955,SILENT,0,decode
5433,truncation,499153,8783698,caught,68,decode
5434,header,204,1,SILENT,0,decode
5435,payload,1437885,1,SILENT,0,decode
5436,bit_flip,9057533,1,SILENT,0,decode
5437,random_bytes,8624896,5,SILENT,0,decode
5438,zeroed_run,7814188,1389,SILENT,0,decode
5439,truncation,4949588,4333263,caught,68,decode
5440,header,204,1,SILENT,0,decode
5441,payload,6937364,1,caught,66,decode
5442,bit_flip,6047256,1,caught,66,decode
5443,random_bytes,3601934,3,caught,66,decode
5444,zeroed_run,7078560,3161,SILENT,0,decode
5445,truncation,8391892,890959,caught,68,decode
5446,header,204,1,SILENT,0,decode
5447,payload,2915173,1,caught,66,decode
5448,bit_flip,1459316,1,SILENT,0,decode
5449,random_bytes,8123008,5,caught,66,decode
5450,zeroed_run,4166630,1238,SILENT,0,decode
5451,truncation,381652,8901199,caught,68,decode
5452,header,548,1,SILENT,0,decode
5453,payload,155820,1,SILENT,0,decode
5454,bit_flip,8569730,1,SILENT,0,decode
5455,random_bytes,7988213,12,caught,66,decode
5456,zeroed_run,7787352,143,SILENT,0,decode
5457,truncation,3000287,6282564,caught,68,decode
5458,header,798,1,caught,66,decode
5459,payload,7290346,1,caught,66,decode
5460,bit_flip,9999,1,SILENT,0,decode
5461,random_bytes,5245732,9,caught,66,decode
5462,zeroed_run,5245012,1745,SILENT,0,decode
5463,truncation,67034,9215817,caught,68,decode
5464,header,665,1,caught,66,decode
5465,payload,3727384,1,caught,66,decode
5466,bit_flip,2959692,1,SILENT,0,decode
5467,random_bytes,5199491,6,SILENT,0,decode
5468,zeroed_run,8950691,3054,SILENT,0,decode
5469,truncation,4536301,4746550,caught,68,decode
5470,header,561,1,SILENT,0,decode
5471,payload,2086137,1,SILENT,0,decode
5472,bit_flip,6868526,1,SILENT,0,decode
5473,random_bytes,3281515,1,SILENT,0,decode
5474,zeroed_run,6766530,1672,SILENT,0,decode
5475,truncation,3309939,5972912,caught,68,decode
5476,header,505,1,SILENT,0,decode
5477,payload,2488027,1,SILENT,0,decode
5478,bit_flip,4740450,1,SILENT,0,decode
5479,random_bytes,4233319,5,SILENT,0,decode
5480,zeroed_run,4685046,2143,SILENT,0,decode
5481,truncation,1110763,8172088,caught,68,decode
5482,header,611,1,SILENT,0,decode
5483,payload,7175616,1,SILENT,0,decode
5484,bit_flip,2170118,1,SILENT,0,decode
5485,random_bytes,3019743,15,SILENT,0,decode
5486,zeroed_run,8244932,2630,SILENT,0,decode
5487,truncation,8844414,438437,caught,68,decode
5488,header,785,1,SILENT,0,decode
5489,payload,9085499,1,caught,66,decode
5490,bit_flip,1539387,1,caught,66,decode
5491,random_bytes,8048105,14,caught,66,decode
5492,zeroed_run,3060246,3766,SILENT,0,decode
5493,truncation,7793990,1488861,caught,68,decode
5494,header,154,1,SILENT,0,decode
5495,payload,8214979,1,SILENT,0,decode
5496,bit_flip,3395483,1,SILENT,0,decode
5497,random_bytes,6349332,4,SILENT,0,decode
5498,zeroed_run,8086023,666,SILENT,0,decode
5499,truncation,1971155,7311696,caught,68,decode
5500,header,209,1,SILENT,0,decode
5501,payload,3847337,1,SILENT,0,decode
5502,bit_flip,6540745,1,SILENT,0,decode
5503,random_bytes,1850671,2,SILENT,0,decode
5504,zeroed_run,7276093,3572,SILENT,0,decode
5505,truncation,7054130,2228721,caught,68,decode
5506,header,554,1,SILENT,0,decode
5507,payload,5983564,1,caught,66,decode
5508,bit_flip,8332613,1,SILENT,0,decode
5509,random_bytes,4976748,14,SILENT,0,decode
5510,zeroed_run,784647,2365,SILENT,0,decode
5511,truncation,2735544,6547307,caught,68,decode
5512,header,65,1,caught,66,decode
5513,payload,9096221,1,caught,66,decode
5514,bit_flip,651104,1,SILENT,0,decode
5515,random_bytes,8727188,7,SILENT,0,decode
5516,zeroed_run,5255763,2596,SILENT,0,decode
5517,truncation,413852,8868999,caught,68,decode
5518,header,641,1,SILENT,0,decode
5519,payload,1364947,1,SILENT,0,decode
5520,bit_flip,2516911,1,SILENT,0,decode
5521,random_bytes,9095464,11,SILENT,0,decode
5522,zeroed_run,8111387,3213,SILENT,0,decode
5523,truncation,6259211,3023640,caught,68,decode
5524,header,143,1,caught,66,decode
5525,payload,4049650,1,SILENT,0,decode
5526,bit_flip,1519337,1,SILENT,0,decode
5527,random_bytes,5987295,8,caught,66,decode
5528,zeroed_run,7130089,2124,SILENT,0,decode
5529,truncation,4920492,4362359,caught,68,decode
5530,header,1013,1,SILENT,0,decode
5531,payload,4843787,1,SILENT,0,decode
5532,bit_flip,5418563,1,SILENT,0,decode
5533,random_bytes,4384593,12,caught,66,decode
5534,zeroed_run,876743,837,SILENT,0,decode
5535,truncation,8631506,651345,caught,68,decode
5536,header,675,1,SILENT,0,decode
5537,payload,2167299,1,SILENT,0,decode
5538,bit_flip,2635554,1,SILENT,0,decode
5539,random_bytes,1332866,15,caught,66,decode
5540,zeroed_run,5957114,1066,SILENT,0,decode
5541,truncation,2643158,6639693,caught,68,decode
5542,header,780,1,SILENT,0,decode
5543,payload,8367932,1,SILENT,0,decode
5544,bit_flip,5538163,1,SILENT,0,decode
5545,random_bytes,2210082,7,caught,66,decode
5546,zeroed_run,682557,3231,SILENT,0,decode
5547,truncation,1512176,7770675,caught,68,decode
5548,header,383,1,caught,66,decode
5549,payload,649722,1,SILENT,0,decode
5550,bit_flip,2587748,1,SILENT,0,decode
5551,random_bytes,3307633,10,SILENT,0,decode
5552,zeroed_run,56209,169,SILENT,0,decode
5553,truncation,1409284,7873567,caught,68,decode
5554,header,802,1,SILENT,0,decode
5555,payload,317069,1,SILENT,0,decode
5556,bit_flip,7571980,1,SILENT,0,decode
5557,random_bytes,2559352,10,SILENT,0,decode
5558,zeroed_run,5928479,2578,SILENT,0,decode
5559,truncation,398334,8884517,caught,68,decode
5560,header,268,1,SILENT,0,decode
5561,payload,2207581,1,SILENT,0,decode
5562,bit_flip,828998,1,SILENT,0,decode
5563,random_bytes,6151090,5,caught,66,decode
5564,zeroed_run,945008,2094,SILENT,0,decode
5565,truncation,7645153,1637698,caught,68,decode
5566,header,802,1,SILENT,0,decode
5567,payload,4116269,1,SILENT,0,decode
5568,bit_flip,1534065,1,SILENT,0,decode
5569,random_bytes,8780376,4,caught,66,decode
5570,zeroed_run,7700737,3854,SILENT,0,decode
5571,truncation,7058173,2224678,caught,68,decode
5572,header,627,1,SILENT,0,decode
5573,payload,246341,1,SILENT,0,decode
5574,bit_flip,6983633,1,SILENT,0,decode
5575,random_bytes,6758018,13,caught,66,decode
5576,zeroed_run,7075298,3539,SILENT,0,decode
5577,truncation,5920707,3362144,caught,68,decode
5578,header,629,1,caught,66,decode
5579,payload,3544737,1,SILENT,0,decode
5580,bit_flip,277679,1,SILENT,0,decode
5581,random_bytes,2215406,12,caught,66,decode
5582,zeroed_run,1651702,1373,SILENT,0,decode
5583,truncation,8960846,322005,caught,68,decode
5584,header,120,1,SILENT,0,decode
5585,payload,2953289,1,SILENT,0,decode
5586,bit_flip,8673509,1,SILENT,0,decode
5587,random_bytes,1016891,6,caught,66,decode
5588,zeroed_run,7120053,165,SILENT,0,decode
5589,truncation,6549044,2733807,caught,68,decode
5590,header,688,1,SILENT,0,decode
5591,payload,544416,1,SILENT,0,decode
5592,bit_flip,8668428,1,SILENT,0,decode
5593,random_bytes,2680352,13,caught,66,decode
5594,zeroed_run,195592,841,SILENT,0,decode
5595,truncation,498654,8784197,caught,68,decode
5596,header,581,1,SILENT,0,decode
5597,payload,8856313,1,SILENT,0,decode
5598,bit_flip,2203357,1,SILENT,0,decode
5599,random_bytes,3066423,11,caught,66,decode
5600,zeroed_run,6253050,3680,SILENT,0,decode
5601,truncation,8638514,644337,caught,68,decode
5602,header,907,1,SILENT,0,decode
5603,payload,5156232,1,SILENT,0,decode
5604,bit_flip,1486170,1,SILENT,0,decode
5605,random_bytes,6859084,9,SILENT,0,decode
5606,zeroed_run,8387518,3188,SILENT,0,decode
5607,truncation,5333867,3948984,caught,68,decode
5608,header,111,1,caught,66,decode
5609,payload,2039646,1,caught,66,decode
5610,bit_flip,5686866,1,SILENT,0,decode
5611,random_bytes,3265436,7,caught,66,decode
5612,zeroed_run,3079608,3263,SILENT,0,decode
5613,truncation,940171,8342680,caught,68,decode
5614,header,749,1,SILENT,0,decode
5615,payload,3589868,1,SILENT,0,decode
5616,bit_flip,6225275,1,SILENT,0,decode
5617,random_bytes,6724283,12,caught,66,decode
5618,zeroed_run,5977313,2424,SILENT,0,decode
5619,truncation,3777004,5505847,caught,68,decode
5620,header,661,1,SILENT,0,decode
5621,payload,8559745,1,SILENT,0,decode
5622,bit_flip,6080745,1,SILENT,0,decode
5623,random_bytes,4202715,15,caught,66,decode
5624,zeroed_run,1450477,277,SILENT,0,decode
5625,truncation,8635446,647405,caught,68,decode
5626,header,516,1,caught,66,decode
5627,payload,3552254,1,caught,66,decode
5628,bit_flip,5149396,1,SILENT,0,decode
5629,random_bytes,3332437,7,caught,66,decode
5630,zeroed_run,2643661,3976,SILENT,0,decode
5631,truncation,538091,8744760,caught,68,decode
5632,header,1001,1,SILENT,0,decode
5633,payload,817365,1,SILENT,0,decode
5634,bit_flip,8626610,1,SILENT,0,decode
5635,random_bytes,5129935,4,caught,66,decode
5636,zeroed_run,1603389,4055,SILENT,0,decode
5637,truncation,3924441,5358410,caught,68,decode
5638,header,959,1,SILENT,0,decode
5639,payload,3253068,1,caught,66,decode
5640,bit_flip,1132790,1,SILENT,0,decode
5641,random_bytes,629373,11,SILENT,0,decode
5642,zeroed_run,4728851,159,SILENT,0,decode
5643,truncation,1889156,7393695,caught,68,decode
5644,header,817,1,SILENT,0,decode
5645,payload,2182500,1,caught,66,decode
5646,bit_flip,6111578,1,SILENT,0,decode
5647,random_bytes,1773337,7,caught,66,decode
5648,zeroed_run,9066997,3095,SILENT,0,decode
5649,truncation,4268678,5014173,caught,68,decode
5650,header,14,1,SILENT,0,decode
5651,payload,1768435,1,SILENT,0,decode
5652,bit_flip,2505534,1,SILENT,0,decode
5653,random_bytes,1495529,9,caught,66,decode
5654,zeroed_run,1076742,3334,SILENT,0,decode
5655,truncation,4860756,4422095,caught,68,decode
5656,header,789,1,SILENT,0,decode
5657,payload,5179232,1,SILENT,0,decode
5658,bit_flip,7351291,1,SILENT,0,decode
5659,random_bytes,3965749,2,SILENT,0,decode
5660,zeroed_run,1288496,3462,SILENT,0,decode
5661,truncation,177460,9105391,caught,68,decode
5662,header,749,1,SILENT,0,decode
5663,payload,8638577,1,caught,66,decode
5664,bit_flip,2956955,1,SILENT,0,decode
5665,random_bytes,8161577,1,caught,66,decode
5666,zeroed_run,3189548,1618,SILENT,0,decode
5667,truncation,7675306,1607545,caught,68,decode
5668,header,21,1,caught,66,decode
5669,payload,3503530,1,SILENT,0,decode
5670,bit_flip,2021965,1,SILENT,0,decode
5671,random_bytes,7097446,12,SILENT,0,decode
5672,zeroed_run,4977724,220,SILENT,0,decode
5673,truncation,5509789,3773062,caught,68,decode
5674,header,397,1,SILENT,0,decode
5675,payload,871497,1,SILENT,0,decode
5676,bit_flip,6810862,1,SILENT,0,decode
5677,random_bytes,2032476,4,caught,66,decode
5678,zeroed_run,4877895,2231,SILENT,0,decode
5679,truncation,9198434,84417,caught,68,decode
5680,header,909,1,SILENT,0,decode
5681,payload,3371054,1,SILENT,0,decode
5682,bit_flip,7632810,1,caught,66,decode
5683,random_bytes,8377244,6,SILENT,0,decode
5684,zeroed_run,3699420,503,SILENT,0,decode
5685,truncation,3505307,5777544,caught,68,decode
5686,header,1018,1,SILENT,0,decode
5687,payload,6319452,1,SILENT,0,decode
5688,bit_flip,2199883,1,SILENT,0,decode
5689,random_bytes,5652959,13,SILENT,0,decode
5690,zeroed_run,2464651,3708,SILENT,0,decode
5691,truncation,8152929,1129922,caught,68,decode
5692,header,59,1,caught,66,decode
5693,payload,7741087,1,SILENT,0,decode
5694,bit_flip,3775293,1,SILENT,0,decode
5695,random_bytes,6343491,6,caught,66,decode
5696,zeroed_run,8615721,1893,SILENT,0,decode
5697,truncation,2652274,6630577,caught,68,decode
5698,header,73,1,SILENT,0,decode
5699,payload,5550692,1,caught,66,decode
5700,bit_flip,2849497,1,SILENT,0,decode
5701,random_bytes,8025818,8,caught,66,decode
5702,zeroed_run,7102305,3314,SILENT,0,decode
5703,truncation,3711481,5571370,caught,68,decode
5704,header,947,1,SILENT,0,decode
5705,payload,6757729,1,SILENT,0,decode
5706,bit_flip,182959,1,SILENT,0,decode
5707,random_bytes,2644402,6,caught,66,decode
5708,zeroed_run,1708113,1222,SILENT,0,decode
5709,truncation,3801735,5481116,caught,68,decode
5710,header,971,1,SILENT,0,decode
5711,payload,1858100,1,SILENT,0,decode
5712,bit_flip,5339983,1,SILENT,0,decode
5713,random_bytes,3473589,11,caught,66,decode
5714,zeroed_run,1432491,3407,SILENT,0,decode
5715,truncation,6512790,2770061,caught,68,decode
5716,header,992,1,SILENT,0,decode
5717,payload,8299882,1,SILENT,0,decode
5718,bit_flip,8148218,1,SILENT,0,decode
5719,random_bytes,2548626,16,caught,66,decode
5720,zeroed_run,8541614,258,SILENT,0,decode
5721,truncation,7191289,2091562,caught,68,decode
5722,header,40,1,caught,66,decode
5723,payload,6483387,1,SILENT,0,decode
5724,bit_flip,4911576,1,SILENT,0,decode
5725,random_bytes,5644738,10,caught,66,decode
5726,zeroed_run,1701073,4061,SILENT,0,decode
5727,truncation,4460358,4822493,caught,68,decode
5728,header,1006,1,SILENT,0,decode
5729,payload,841254,1,caught,66,decode
5730,bit_flip,8895801,1,SILENT,0,decode
5731,random_bytes,4674900,3,caught,66,decode
5732,zeroed_run,4914720,2782,SILENT,0,decode
5733,truncation,7984205,1298646,caught,68,decode
5734,header,383,1,caught,66,decode
5735,payload,7647458,1,SILENT,0,decode
5736,bit_flip,5152455,1,caught,66,decode
5737,random_bytes,8189973,10,caught,66,decode
5738,zeroed_run,6296144,2574,SILENT,0,decode
5739,truncation,5651807,3631044,caught,68,decode
5740,header,407,1,caught,66,decode
5741,payload,3095949,1,SILENT,0,decode
5742,bit_flip,7634109,1,SILENT,0,decode
5743,random_bytes,924155,9,SILENT,0,decode
5744,zeroed_run,6581186,3863,SILENT,0,decode
5745,truncation,3429135,5853716,caught,68,decode
5746,header,858,1,SILENT,0,decode
5747,payload,1233682,1,SILENT,0,decode
5748,bit_flip,7537970,1,SILENT,0,decode
5749,random_bytes,923105,4,caught,66,decode
5750,zeroed_run,5782785,2974,SILENT,0,decode
5751,truncation,760676,8522175,caught,68,decode
5752,header,672,1,SILENT,0,decode
5753,payload,1918512,1,SILENT,0,decode
5754,bit_flip,7610832,1,SILENT,0,decode
5755,random_bytes,9095213,8,caught,66,decode
5756,zeroed_run,1529833,1484,SILENT,0,decode
5757,truncation,1829761,7453090,caught,68,decode
5758,header,526,1,SILENT,0,decode
5759,payload,8128624,1,SILENT,0,decode
5760,bit_flip,3562037,1,caught,66,decode
5761,random_bytes,7796349,3,caught,66,decode
5762,zeroed_run,810460,54,SILENT,0,decode
5763,truncation,6804458,2478393,caught,68,decode
5764,header,434,1,SILENT,0,decode
5765,payload,7816942,1,caught,66,decode
5766,bit_flip,5464013,1,SILENT,0,decode
5767,random_bytes,7777046,8,caught,66,decode
5768,zeroed_run,2050300,1264,SILENT,0,decode
5769,truncation,4225144,5057707,caught,68,decode
5770,header,771,1,SILENT,0,decode
5771,payload,9030736,1,SILENT,0,decode
5772,bit_flip,2335778,1,SILENT,0,decode
5773,random_bytes,2195667,3,caught,66,decode
5774,zeroed_run,7232990,3355,SILENT,0,decode
5775,truncation,2319164,6963687,caught,68,decode
5776,header,43,1,caught,66,decode
5777,payload,3689657,1,SILENT,0,decode
5778,bit_flip,1429483,1,SILENT,0,decode
5779,random_bytes,7573542,16,caught,66,decode
5780,zeroed_run,1895189,2154,SILENT,0,decode
5781,truncation,366623,8916228,caught,68,decode
5782,header,383,1,caught,66,decode
5783,payload,611233,1,SILENT,0,decode
5784,bit_flip,4831888,1,SILENT,0,decode
5785,random_bytes,4593725,1,caught,66,decode
5786,zeroed_run,4540822,3088,SILENT,0,decode
5787,truncation,6445051,2837800,caught,68,decode
5788,header,439,1,SILENT,0,decode
5789,payload,5082141,1,caught,66,decode
5790,bit_flip,4796225,1,SILENT,0,decode
5791,random_bytes,8723991,8,caught,66,decode
5792,zeroed_run,695162,1589,SILENT,0,decode
5793,truncation,3965152,5317699,caught,68,decode
5794,header,1000,1,SILENT,0,decode
5795,payload,3534466,1,SILENT,0,decode
5796,bit_flip,7723396,1,SILENT,0,decode
5797,random_bytes,4840876,3,SILENT,0,decode
5798,zeroed_run,7503204,1654,SILENT,0,decode
5799,truncation,1029631,8253220,caught,68,decode
5800,header,741,1,SILENT,0,decode
5801,payload,8505586,1,SILENT,0,decode
5802,bit_flip,8233256,1,SILENT,0,decode
5803,random_bytes,1779059,3,caught,66,decode
5804,zeroed_run,3183904,562,SILENT,0,decode
5805,truncation,2742410,6540441,caught,68,decode
5806,header,771,1,SILENT,0,decode
5807,payload,1962817,1,caught,66,decode
5808,bit_flip,9077480,1,SILENT,0,decode
5809,random_bytes,2180414,11,SILENT,0,decode
5810,zeroed_run,1268979,4020,SILENT,0,decode
5811,truncation,1904651,7378200,caught,68,decode
5812,header,156,1,caught,66,decode
5813,payload,5868692,1,SILENT,0,decode
5814,bit_flip,7811067,1,caught,66,decode
5815,random_bytes,3967438,5,caught,66,decode
5816,zeroed_run,8037400,157,SILENT,0,decode
5817,truncation,6797481,2485370,caught,68,decode
5818,header,952,1,SILENT,0,decode
5819,payload,5066812,1,SILENT,0,decode
5820,bit_flip,3727316,1,caught,66,decode
5821,random_bytes,3534776,6,caught,66,decode
5822,zeroed_run,938276,1751,SILENT,0,decode
5823,truncation,7413028,1869823,caught,68,decode
5824,header,73,1,caught,66,decode
5825,payload,6716351,1,SILENT,0,decode
5826,bit_flip,8201974,1,SILENT,0,decode
5827,random_bytes,9240224,16,SILENT,0,decode
5828,zeroed_run,6701091,3409,SILENT,0,decode
5829,truncation,5553746,3729105,caught,68,decode
5830,header,584,1,SILENT,0,decode
5831,payload,2083068,1,SILENT,0,decode
5832,bit_flip,502078,1,SILENT,0,decode
5833,random_bytes,8722198,8,caught,66,decode
5834,zeroed_run,5464976,508,SILENT,0,decode
5835,truncation,243049,9039802,caught,68,decode
5836,header,508,1,SILENT,0,decode
5837,payload,5421355,1,SILENT,0,decode
5838,bit_flip,1872019,1,SILENT,0,decode
5839,random_bytes,6434415,16,SILENT,0,decode
5840,zeroed_run,3437849,3802,SILENT,0,decode
5841,truncation,1889115,7393736,caught,68,decode
5842,header,806,1,SILENT,0,decode
5843,payload,3379211,1,SILENT,0,decode
5844,bit_flip,6952389,1,SILENT,0,decode
5845,random_bytes,7246467,1,SILENT,0,decode
5846,zeroed_run,1656783,263,SILENT,0,decode
5847,truncation,6021662,3261189,caught,68,decode
5848,header,699,1,SILENT,0,decode
5849,payload,8591151,1,SILENT,0,decode
5850,bit_flip,8237772,1,SILENT,0,decode
5851,random_bytes,5833290,6,caught,66,decode
5852,zeroed_run,3923499,1557,SILENT,0,decode
5853,truncation,4020565,5262286,caught,68,decode
5854,header,944,1,SILENT,0,decode
5855,payload,1403073,1,SILENT,0,decode
5856,bit_flip,1362257,1,SILENT,0,decode
5857,random_bytes,6708331,13,SILENT,0,decode
5858,zeroed_run,5293113,2674,SILENT,0,decode
5859,truncation,588101,8694750,caught,68,decode
5860,header,682,1,SILENT,0,decode
5861,payload,6820954,1,SILENT,0,decode
5862,bit_flip,6923498,1,SILENT,0,decode
5863,random_bytes,2896050,8,SILENT,0,decode
5864,zeroed_run,6908677,383,SILENT,0,decode
5865,truncation,8537820,745031,caught,68,decode
5866,header,250,1,SILENT,0,decode
5867,payload,2212964,1,SILENT,0,decode
5868,bit_flip,3989699,1,SILENT,0,decode
5869,random_bytes,5679346,4,SILENT,0,decode
5870,zeroed_run,302612,1279,SILENT,0,decode
5871,truncation,3536133,5746718,caught,68,decode
5872,header,746,1,SILENT,0,decode
5873,payload,887429,1,SILENT,0,decode
5874,bit_flip,6699979,1,SILENT,0,decode
5875,random_bytes,8831672,11,caught,66,decode
5876,zeroed_run,9265737,3493,SILENT,0,decode
5877,truncation,5997663,3285188,caught,68,decode
5878,header,283,1,SILENT,0,decode
5879,payload,5884001,1,SILENT,0,decode
5880,bit_flip,6223221,1,SILENT,0,decode
5881,random_bytes,2269272,15,SILENT,0,decode
5882,zeroed_run,6536953,2415,SILENT,0,decode
5883,truncation,181871,9100980,caught,68,decode
5884,header,190,1,SILENT,0,decode
5885,payload,2902157,1,SILENT,0,decode
5886,bit_flip,3400912,1,SILENT,0,decode
5887,random_bytes,3214670,3,caught,66,decode
5888,zeroed_run,3430073,2787,SILENT,0,decode
5889,truncation,4474451,4808400,caught,68,decode
5890,header,54,1,caught,66,decode
5891,payload,8871344,1,SILENT,0,decode
5892,bit_flip,6143702,1,caught,66,decode
5893,random_bytes,1678028,11,SILENT,0,decode
5894,zeroed_run,192016,1546,SILENT,0,decode
5895,truncation,6887469,2395382,caught,68,decode
5896,header,843,1,caught,66,decode
5897,payload,3777481,1,SILENT,0,decode
5898,bit_flip,5084312,1,SILENT,0,decode
5899,random_bytes,451024,13,SILENT,0,decode
5900,zeroed_run,6398564,3978,SILENT,0,decode
5901,truncation,8891925,390926,caught,68,decode
5902,header,633,1,SILENT,0,decode
5903,payload,2866528,1,caught,66,decode
5904,bit_flip,558092,1,SILENT,0,decode
5905,random_bytes,6466735,16,caught,66,decode
5906,zeroed_run,1536717,4035,SILENT,0,decode
5907,truncation,4023009,5259842,caught,68,decode
5908,header,125,1,caught,66,decode
5909,payload,3920192,1,SILENT,0,decode
5910,bit_flip,5393546,1,caught,66,decode
5911,random_bytes,26258,11,caught,66,decode
5912,zeroed_run,5852095,3317,SILENT,0,decode
5913,truncation,7988006,1294845,caught,68,decode
5914,header,808,1,SILENT,0,decode
5915,payload,4570694,1,SILENT,0,decode
5916,bit_flip,472396,1,SILENT,0,decode
5917,random_bytes,7410775,14,caught,66,decode
5918,zeroed_run,7303393,2823,SILENT,0,decode
5919,truncation,7222090,2060761,caught,68,decode
5920,header,138,1,SILENT,0,decode
5921,payload,6915483,1,caught,66,decode
5922,bit_flip,2070843,1,SILENT,0,decode
5923,random_bytes,7761561,6,caught,66,decode
5924,zeroed_run,4621243,3377,SILENT,0,decode
5925,truncation,6648856,2633995,caught,68,decode
5926,header,87,1,SILENT,0,decode
5927,payload,4817315,1,caught,66,decode
5928,bit_flip,5282321,1,SILENT,0,decode
5929,random_bytes,6090396,9,caught,66,decode
5930,zeroed_run,7059523,2951,SILENT,0,decode
5931,truncation,2121470,7161381,caught,68,decode
5932,header,441,1,SILENT,0,decode
5933,payload,8846565,1,SILENT,0,decode
5934,bit_flip,8422735,1,caught,66,decode
5935,random_bytes,4484843,9,SILENT,0,decode
5936,zeroed_run,8262972,44,caught,66,decode
5937,truncation,4552292,4730559,caught,68,decode
5938,header,702,1,caught,66,decode
5939,payload,5821118,1,SILENT,0,decode
5940,bit_flip,5026041,1,SILENT,0,decode
5941,random_bytes,7049668,14,SILENT,0,decode
5942,zeroed_run,9048852,1561,SILENT,0,decode
5943,truncation,579109,8703742,caught,68,decode
5944,header,39,1,caught,66,decode
5945,payload,2185238,1,SILENT,0,decode
5946,bit_flip,1110143,1,caught,66,decode
5947,random_bytes,7871438,16,caught,66,decode
5948,zeroed_run,2250019,1453,SILENT,0,decode
5949,truncation,4937026,4345825,caught,68,decode
5950,header,642,1,SILENT,0,decode
5951,payload,9038838,1,SILENT,0,decode
5952,bit_flip,6013513,1,SILENT,0,decode
5953,random_bytes,8313416,14,SILENT,0,decode
5954,zeroed_run,16825,1475,caught,66,decode
5955,truncation,3347973,5934878,caught,68,decode
5956,header,771,1,SILENT,0,decode
5957,payload,4185818,1,SILENT,0,decode
5958,bit_flip,4216987,1,SILENT,0,decode
5959,random_bytes,3843497,15,SILENT,0,decode
5960,zeroed_run,4760120,1879,SILENT,0,decode
5961,truncation,8068232,1214619,caught,68,decode
5962,header,920,1,SILENT,0,decode
5963,payload,678411,1,SILENT,0,decode
5964,bit_flip,8514163,1,SILENT,0,decode
5965,random_bytes,3512812,9,SILENT,0,decode
5966,zeroed_run,3383293,514,SILENT,0,decode
5967,truncation,8602835,680016,caught,68,decode
5968,header,846,1,SILENT,0,decode
5969,payload,6701029,1,SILENT,0,decode
5970,bit_flip,668831,1,SILENT,0,decode
5971,random_bytes,356138,8,caught,66,decode
5972,zeroed_run,621805,1630,SILENT,0,decode
5973,truncation,2539371,6743480,caught,68,decode
5974,header,770,1,SILENT,0,decode
5975,payload,4368900,1,SILENT,0,decode
5976,bit_flip,8686971,1,SILENT,0,decode
5977,random_bytes,8585167,10,caught,66,decode
5978,zeroed_run,7199630,2047,SILENT,0,decode
5979,truncation,498921,8783930,caught,68,decode
5980,header,34,1,caught,66,decode
5981,payload,1759901,1,SILENT,0,decode
5982,bit_flip,1982492,1,SILENT,0,decode
5983,random_bytes,6919580,2,SILENT,0,decode
5984,zeroed_run,2696088,3817,SILENT,0,decode
5985,truncation,4691424,4591427,caught,68,decode
5986,header,490,1,caught,66,decode
5987,payload,2650497,1,SILENT,0,decode
5988,bit_flip,2131251,1,SILENT,0,decode
5989,random_bytes,4373242,2,SILENT,0,decode
5990,zeroed_run,7660079,2945,SILENT,0,decode
5991,truncation,5431784,3851067,caught,68,decode
5992,header,236,1,SILENT,0,decode
5993,payload,257951,1,SILENT,0,decode
5994,bit_flip,3018930,1,SILENT,0,decode
5995,random_bytes,265267,16,caught,66,decode
5996,zeroed_run,4783082,2148,SILENT,0,decode
5997,truncation,6265066,3017785,caught,68,decode
5998,header,794,1,SILENT,0,decode
5999,payload,1226314,1,SILENT,0,decode
6000,bit_flip,553951,1,SILENT,0,decode
6001,random_bytes,1012873,9,SILENT,0,decode
6002,zeroed_run,58167,3414,SILENT,0,decode
6003,truncation,8963376,319475,caught,68,decode
6004,header,8,1,caught,66,decode
6005,payload,5407331,1,SILENT,0,decode
6006,bit_flip,4158049,1,caught,66,decode
6007,random_bytes,2258271,16,caught,66,decode
6008,zeroed_run,5745199,3193,SILENT,0,decode
6009,truncation,6288738,2994113,caught,68,decode
6010,header,683,1,SILENT,0,decode
6011,payload,3882584,1,SILENT,0,decode
6012,bit_flip,3464118,1,caught,66,decode
6013,random_bytes,7711445,14,caught,66,decode
6014,zeroed_run,3566689,1763,SILENT,0,decode
6015,truncation,8714700,568151,caught,68,decode
6016,header,545,1,SILENT,0,decode
6017,payload,4274824,1,caught,66,decode
6018,bit_flip,6299334,1,SILENT,0,decode
6019,random_bytes,5349598,9,caught,66,decode
6020,zeroed_run,1427076,1856,SILENT,0,decode
6021,truncation,7838012,1444839,caught,68,decode
6022,header,111,1,caught,66,decode
6023,payload,362639,1,SILENT,0,decode
6024,bit_flip,5863701,1,caught,66,decode
6025,random_bytes,1285019,11,caught,66,decode
6026,zeroed_run,4760531,3530,SILENT,0,decode
6027,truncation,5609722,3673129,caught,68,decode
6028,header,859,1,caught,66,decode
6029,payload,7622990,1,SILENT,0,decode
6030,bit_flip,5735258,1,SILENT,0,decode
6031,random_bytes,144269,15,SILENT,0,decode
6032,zeroed_run,2404737,2380,SILENT,0,decode
6033,truncation,8130792,1152059,caught,68,decode
6034,header,850,1,SILENT,0,decode
6035,payload,3905924,1,caught,66,decode
6036,bit_flip,5486116,1,SILENT,0,decode
6037,random_bytes,1400848,9,caught,66,decode
6038,zeroed_run,8332589,3737,SILENT,0,decode
6039,truncation,709247,8573604,caught,68,decode
6040,header,569,1,SILENT,0,decode
6041,payload,2704373,1,caught,66,decode
6042,bit_flip,6400794,1,caught,66,decode
6043,random_bytes,3926100,4,SILENT,0,decode
6044,zeroed_run,5278829,2120,SILENT,0,decode
6045,truncation,3850857,5431994,caught,68,decode
6046,header,591,1,caught,66,decode
6047,payload,8529761,1,SILENT,0,decode
6048,bit_flip,5771267,1,SILENT,0,decode
6049,random_bytes,3661039,16,SILENT,0,decode
6050,zeroed_run,3140977,2786,SILENT,0,decode
6051,truncation,3123603,6159248,caught,68,decode
6052,header,174,1,caught,66,decode
6053,payload,5249471,1,SILENT,0,decode
6054,bit_flip,3287279,1,SILENT,0,decode
6055,random_bytes,97742,2,SILENT,0,decode
6056,zeroed_run,1256692,1753,SILENT,0,decode
6057,truncation,5303717,3979134,caught,68,decode
6058,header,386,1,SILENT,0,decode
6059,payload,5475120,1,SILENT,0,decode
6060,bit_flip,6747234,1,SILENT,0,decode
6061,random_bytes,8936336,6,SILENT,0,decode
6062,zeroed_run,385189,2856,SILENT,0,decode
6063,truncation,985038,8297813,caught,68,decode
6064,header,508,1,SILENT,0,decode
6065,payload,6103078,1,SILENT,0,decode
6066,bit_flip,8003911,1,SILENT,0,decode
6067,random_bytes,2476081,11,caught,66,decode
6068,zeroed_run,1280803,977,SILENT,0,decode
6069,truncation,3441874,5840977,caught,68,decode
6070,header,279,1,SILENT,0,decode
6071,payload,7431594,1,SILENT,0,decode
6072,bit_flip,1345786,1,SILENT,0,decode
6073,random_bytes,6007539,12,caught,66,decode
6074,zeroed_run,8339521,1366,SILENT,0,decode
6075,truncation,6871946,2410905,caught,68,decode
6076,header,215,1,SILENT,0,decode
6077,payload,8597165,1,SILENT,0,decode
6078,bit_flip,3787429,1,SILENT,0,decode
6079,random_bytes,6589057,3,caught,66,decode
6080,zeroed_run,7573631,1320,SILENT,0,decode
6081,truncation,5132,9277719,caught,68,decode
6082,header,464,1,SILENT,0,decode
6083,payload,6391162,1,SILENT,0,decode
6084,bit_flip,6016087,1,SILENT,0,decode
6085,random_bytes,6920926,12,SILENT,0,decode
6086,zeroed_run,5088472,2862,SILENT,0,decode
6087,truncation,6366447,2916404,caught,68,decode
6088,header,939,1,caught,66,decode
6089,payload,3428653,1,SILENT,0,decode
6090,bit_flip,8874086,1,SILENT,0,decode
6091,random_bytes,3886777,8,SILENT,0,decode
6092,zeroed_run,2823,2760,SILENT,0,decode
6093,truncation,6098759,3184092,caught,68,decode
6094,header,424,1,SILENT,0,decode
6095,payload,665715,1,SILENT,0,decode
6096,bit_flip,3481335,1,SILENT,0,decode
6097,random_bytes,6317563,16,caught,66,decode
6098,zeroed_run,9170602,2613,SILENT,0,decode
6099,truncation,2101720,7181131,caught,68,decode
6100,header,665,1,SILENT,0,decode
6101,payload,363388,1,SILENT,0,decode
6102,bit_flip,981333,1,SILENT,0,decode
6103,random_bytes,7208426,1,SILENT,0,decode
6104,zeroed_run,2920335,2143,SILENT,0,decode
6105,truncation,1135138,8147713,caught,68,decode
6106,header,972,1,SILENT,0,decode
6107,payload,5564238,1,SILENT,0,decode
6108,bit_flip,1871102,1,SILENT,0,decode
6109,random_bytes,1147649,12,caught,66,decode
6110,zeroed_run,6518160,683,SILENT,0,decode
6111,truncation,5421477,3861374,caught,68,decode
6112,header,184,1,SILENT,0,decode
6113,payload,3044453,1,SILENT,0,decode
6114,bit_flip,7534440,1,SILENT,0,decode
6115,random_bytes,9131185,16,caught,66,decode
6116,zeroed_run,2593664,393,SILENT,0,decode
6117,truncation,3657374,5625477,caught,68,decode
6118,header,201,1,SILENT,0,decode
6119,payload,7395512,1,SILENT,0,decode
6120,bit_flip,7848118,1,SILENT,0,decode
6121,random_bytes,6891349,8,caught,66,decode
6122,zeroed_run,686619,1983,SILENT,0,decode
6123,truncation,3040428,6242423,caught,68,decode
6124,header,329,1,SILENT,0,decode
6125,payload,5435155,1,SILENT,0,decode
6126,bit_flip,5260278,1,SILENT,0,decode
6127,random_bytes,2715033,7,SILENT,0,decode
6128,zeroed_run,1192759,2445,SILENT,0,decode
6129,truncation,1371296,7911555,caught,68,decode
6130,header,382,1,caught,66,decode
6131,payload,1029241,1,SILENT,0,decode
6132,bit_flip,4426926,1,SILENT,0,decode
6133,random_bytes,9001178,12,caught,66,decode
6134,zeroed_run,3193833,378,SILENT,0,decode
6135,truncation,5484449,3798402,caught,68,decode
6136,header,973,1,SILENT,0,decode
6137,payload,3127456,1,SILENT,0,decode
6138,bit_flip,3970881,1,SILENT,0,decode
6139,random_bytes,7577043,5,caught,66,decode
6140,zeroed_run,1553674,1224,SILENT,0,decode
6141,truncation,6505045,2777806,caught,68,decode
6142,header,423,1,SILENT,0,decode
6143,payload,5928235,1,SILENT,0,decode
6144,bit_flip,3082795,1,SILENT,0,decode
6145,random_bytes,7648775,3,SILENT,0,decode
6146,zeroed_run,4045696,1479,SILENT,0,decode
6147,truncation,9139004,143847,caught,68,decode
6148,header,512,1,caught,66,decode
6149,payload,6800081,1,SILENT,0,decode
6150,bit_flip,7913445,1,SILENT,0,decode
6151,random_bytes,2116589,4,caught,66,decode
6152,zeroed_run,8234065,273,SILENT,0,decode
6153,truncation,6028474,3254377,caught,68,decode
6154,header,731,1,SILENT,0,decode
6155,payload,7238138,1,caught,66,decode
6156,bit_flip,7645112,1,caught,66,decode
6157,random_bytes,7604712,3,SILENT,0,decode
6158,zeroed_run,6950937,3500,caught,66,decode
6159,truncation,5856796,3426055,caught,68,decode
6160,header,95,1,caught,66,decode
6161,payload,3487599,1,SILENT,0,decode
6162,bit_flip,7114115,1,SILENT,0,decode
6163,random_bytes,1269841,11,caught,66,decode
6164,zeroed_run,7731793,1309,SILENT,0,decode
6165,truncation,1506713,7776138,caught,68,decode
6166,header,5,1,caught,66,decode
6167,payload,9247427,1,SILENT,0,decode
6168,bit_flip,6738075,1,SILENT,0,decode
6169,random_bytes,1993389,15,caught,66,decode
6170,zeroed_run,127734,1039,SILENT,0,decode
6171,truncation,8058339,1224512,caught,68,decode
6172,header,829,1,SILENT,0,decode
6173,payload,1203962,1,SILENT,0,decode
6174,bit_flip,3519448,1,SILENT,0,decode
6175,random_bytes,7744284,6,caught,66,decode
6176,zeroed_run,3634136,2331,SILENT,0,decode
6177,truncation,1995900,7286951,caught,68,decode
6178,header,147,1,SILENT,0,decode
6179,payload,3254013,1,SILENT,0,decode
6180,bit_flip,8728211,1,SILENT,0,decode
6181,random_bytes,6237142,5,SILENT,0,decode
6182,zeroed_run,7062799,575,SILENT,0,decode
6183,truncation,2080543,7202308,caught,68,decode
6184,header,579,1,caught,66,decode
6185,payload,647816,1,SILENT,0,decode
6186,bit_flip,7549828,1,SILENT,0,decode
6187,random_bytes,3746539,3,SILENT,0,decode
6188,zeroed_run,5061639,156,caught,66,decode
6189,truncation,5343038,3939813,caught,68,decode
6190,header,993,1,caught,66,decode
6191,payload,914487,1,caught,66,decode
6192,bit_flip,3000427,1,caught,66,decode
6193,random_bytes,6582389,13,caught,66,decode
6194,zeroed_run,6245157,2320,SILENT,0,decode
6195,truncation,1560920,7721931,caught,68,decode
6196,header,802,1,SILENT,0,decode
6197,payload,1294112,1,SILENT,0,decode
6198,bit_flip,2067506,1,caught,66,decode
6199,random_bytes,4409992,7,caught,66,decode
6200,zeroed_run,7922420,3240,SILENT,0,decode
6201,truncation,4380652,4902199,caught,68,decode
6202,header,432,1,SILENT,0,decode
6203,payload,2050713,1,caught,66,decode
6204,bit_flip,3704955,1,SILENT,0,decode
6205,random_bytes,5924461,11,caught,66,decode
6206,zeroed_run,5003391,507,SILENT,0,decode
6207,truncation,6955934,2326917,caught,68,decode
6208,header,258,1,caught,66,decode
6209,payload,4794985,1,SILENT,0,decode
6210,bit_flip,7794777,1,SILENT,0,decode
6211,random_bytes,7377972,14,caught,66,decode
6212,zeroed_run,4947611,429,SILENT,0,decode
6213,truncation,1041437,8241414,caught,68,decode
6214,header,425,1,caught,66,decode
6215,payload,6421084,1,SILENT,0,decode
6216,bit_flip,6333515,1,caught,66,decode
6217,random_bytes,4015415,4,caught,66,decode
6218,zeroed_run,7278774,1121,SILENT,0,decode
6219,truncation,8614753,668098,caught,68,decode
6220,header,796,1,SILENT,0,decode
6221,payload,2334421,1,SILENT,0,decode
6222,bit_flip,7184890,1,SILENT,0,decode
6223,random_bytes,6329557,10,caught,66,decode
6224,zeroed_run,12955,140,caught,66,decode
6225,truncation,1349095,7933756,caught,68,decode
6226,header,391,1,SILENT,0,decode
6227,payload,6284980,1,SILENT,0,decode
6228,bit_flip,8360630,1,caught,66,decode
6229,random_bytes,352841,13,SILENT,0,decode
6230,zeroed_run,4669205,2517,SILENT,0,decode
6231,truncation,4201985,5080866,caught,68,decode
6232,header,852,1,SILENT,0,decode
6233,payload,1259300,1,SILENT,0,decode
6234,bit_flip,6215188,1,SILENT,0,decode
6235,random_bytes,5688281,3,caught,66,decode
6236,zeroed_run,2423821,1721,SILENT,0,decode
6237,truncation,37728,9245123,caught,68,decode
6238,header,856,1,SILENT,0,decode
6239,payload,6621299,1,SILENT,0,decode
6240,bit_flip,1712378,1,SILENT,0,decode
6241,random_bytes,8219842,14,caught,66,decode
6242,zeroed_run,852717,3128,SILENT,0,decode
6243,truncation,1251908,8030943,caught,68,decode
6244,header,659,1,caught,66,decode
6245,payload,1071246,1,SILENT,0,decode
6246,bit_flip,3019064,1,SILENT,0,decode
6247,random_bytes,9088435,12,SILENT,0,decode
6248,zeroed_run,7674798,255,SILENT,0,decode
6249,truncation,6198550,3084301,caught,68,decode
6250,header,593,1,SILENT,0,decode
6251,payload,6149730,1,SILENT,0,decode
6252,bit_flip,1768781,1,SILENT,0,decode
6253,random_bytes,5366764,5,SILENT,0,decode
6254,zeroed_run,1337578,183,SILENT,0,decode
6255,truncation,6958271,2324580,caught,68,decode
6256,header,618,1,caught,66,decode
6257,payload,1015454,1,SILENT,0,decode
6258,bit_flip,834441,1,SILENT,0,decode
6259,random_bytes,1722131,16,caught,66,decode
6260,zeroed_run,8511200,1619,SILENT,0,decode
6261,truncation,8350245,932606,caught,68,decode
6262,header,298,1,caught,66,decode
6263,payload,6766888,1,SILENT,0,decode
6264,bit_flip,8945649,1,caught,66,decode
6265,random_bytes,6193435,11,caught,66,decode
6266,zeroed_run,3504516,2674,SILENT,0,decode
6267,truncation,1485724,7797127,caught,68,decode
6268,header,716,1,SILENT,0,decode
6269,payload,536714,1,SILENT,0,decode
6270,bit_flip,5793319,1,SILENT,0,decode
6271,random_bytes,1332911,5,caught,66,decode
6272,zeroed_run,7279703,2831,SILENT,0,decode
6273,truncation,8449820,833031,caught,68,decode
6274,header,287,1,SILENT,0,decode
6275,payload,2337202,1,SILENT,0,decode
6276,bit_flip,6906965,1,SILENT,0,decode
6277,random_bytes,3387413,14,caught,66,decode
6278,zeroed_run,3857089,2133,SILENT,0,decode
6279,truncation,3300745,5982106,caught,68,decode
6280,header,341,1,caught,66,decode
6281,payload,2507190,1,SILENT,0,decode
6282,bit_flip,6235401,1,SILENT,0,decode
6283,random_bytes,1008050,11,SILENT,0,decode
6284,zeroed_run,5066598,2830,SILENT,0,decode
6285,truncation,3537192,5745659,caught,68,decode
6286,header,769,1,SILENT,0,decode
6287,payload,3590690,1,SILENT,0,decode
6288,bit_flip,6420773,1,SILENT,0,decode
6289,random_bytes,3852456,1,caught,66,decode
6290,zeroed_run,8043625,2767,SILENT,0,decode
6291,truncation,8524121,758730,caught,68,decode
6292,header,816,1,SILENT,0,decode
6293,payload,3187363,1,SILENT,0,decode
6294,bit_flip,6748094,1,SILENT,0,decode
6295,random_bytes,7758230,7,SILENT,0,decode
6296,zeroed_run,4038129,3244,SILENT,0,decode
6297,truncation,6035707,3247144,caught,68,decode
6298,header,490,1,caught,66,decode
6299,payload,1628772,1,SILENT,0,decode
6300,bit_flip,3045701,1,SILENT,0,decode
6301,random_bytes,6644862,16,caught,66,decode
6302,zeroed_run,6207329,3720,SILENT,0,decode
6303,truncation,8813193,469658,caught,68,decode
6304,header,55,1,caught,66,decode
6305,payload,6402513,1,caught,66,decode
6306,bit_flip,4648215,1,SILENT,0,decode
6307,random_bytes,4275898,7,SILENT,0,decode
6308,zeroed_run,2985077,1632,SILENT,0,decode
6309,truncation,7577889,1704962,caught,68,decode
6310,header,474,1,SILENT,0,decode
6311,payload,7099797,1,SILENT,0,decode
6312,bit_flip,4380513,1,caught,66,decode
6313,random_bytes,5746057,5,caught,66,decode
6314,zeroed_run,6346583,2984,SILENT,0,decode
6315,truncation,5149810,4133041,caught,68,decode
6316,header,790,1,SILENT,0,decode
6317,payload,1951968,1,SILENT,0,decode
6318,bit_flip,5013079,1,SILENT,0,decode
6319,random_bytes,5308004,14,SILENT,0,decode
6320,zeroed_run,6415554,3464,SILENT,0,decode
6321,truncation,8101284,1181567,caught,68,decode
6322,header,809,1,caught,66,decode
6323,payload,3972573,1,SILENT,0,decode
6324,bit_flip,7399044,1,caught,66,decode
6325,random_bytes,4269354,7,caught,66,decode
6326,zeroed_run,6145926,3206,SILENT,0,decode
6327,truncation,3918961,5363890,caught,68,decode
6328,header,319,1,caught,66,decode
6329,payload,7350480,1,caught,66,decode
6330,bit_flip,7930773,1,SILENT,0,decode
6331,random_bytes,1713715,16,caught,66,decode
6332,zeroed_run,3173949,1791,SILENT,0,decode
6333,truncation,853127,8429724,caught,68,decode
6334,header,338,1,caught,66,decode
6335,payload,3560926,1,SILENT,0,decode
6336,bit_flip,2814916,1,SILENT,0,decode
6337,random_bytes,8837837,9,SILENT,0,decode
6338,zeroed_run,8141934,1406,SILENT,0,decode
6339,truncation,8438236,844615,caught,68,decode
6340,header,685,1,caught,66,decode
6341,payload,864960,1,caught,66,decode
6342,bit_flip,1533664,1,SILENT,0,decode
6343,random_bytes,4587954,10,caught,66,decode
6344,zeroed_run,5704661,693,SILENT,0,decode
6345,truncation,782365,8500486,caught,68,decode
6346,header,135,1,SILENT,0,decode
6347,payload,3746838,1,caught,66,decode
6348,bit_flip,6572970,1,caught,66,decode
6349,random_bytes,1564535,14,caught,66,decode
6350,zeroed_run,2149212,822,SILENT,0,decode
6351,truncation,3007824,6275027,caught,68,decode
6352,header,220,1,SILENT,0,decode
6353,payload,812614,1,SILENT,0,decode
6354,bit_flip,7902157,1,caught,66,decode
6355,random_bytes,6841984,14,SILENT,0,decode
6356,zeroed_run,7614385,1349,SILENT,0,decode
6357,truncation,5613701,3669150,caught,68,decode
6358,header,977,1,SILENT,0,decode
6359,payload,3967859,1,SILENT,0,decode
6360,bit_flip,3313236,1,SILENT,0,decode
6361,random_bytes,3899564,4,caught,66,decode
6362,zeroed_run,4149069,3606,SILENT,0,decode
6363,truncation,2235036,7047815,caught,68,decode
6364,header,95,1,caught,66,decode
6365,payload,6889063,1,SILENT,0,decode
6366,bit_flip,3505542,1,caught,66,decode
6367,random_bytes,8586494,12,SILENT,0,decode
6368,zeroed_run,3002476,351,SILENT,0,decode
6369,truncation,3175358,6107493,caught,68,decode
6370,header,763,1,SILENT,0,decode
6371,payload,8513808,1,SILENT,0,decode
6372,bit_flip,8290299,1,SILENT,0,decode
6373,random_bytes,7900419,3,SILENT,0,decode
6374,zeroed_run,7320189,2264,SILENT,0,decode
6375,truncation,235620,9047231,caught,68,decode
6376,header,273,1,SILENT,0,decode
6377,payload,7965871,1,caught,66,decode
6378,bit_flip,6303599,1,caught,66,decode
6379,random_bytes,2055363,1,SILENT,0,decode
6380,zeroed_run,5067196,3079,SILENT,0,decode
6381,truncation,3315559,5967292,caught,68,decode
6382,header,690,1,SILENT,0,decode
6383,payload,4763738,1,caught,66,decode
6384,bit_flip,5733411,1,caught,66,decode
6385,random_bytes,8752231,10,caught,66,decode
6386,zeroed_run,1993262,1517,SILENT,0,decode
6387,truncation,8939344,343507,caught,68,decode
6388,header,315,1,caught,66,decode
6389,payload,7719258,1,SILENT,0,decode
6390,bit_flip,8487029,1,caught,66,decode
6391,random_bytes,4170163,11,SILENT,0,decode
6392,zeroed_run,6433888,2835,SILENT,0,decode
6393,truncation,1344109,7938742,caught,68,decode
6394,header,450,1,SILENT,0,decode
6395,payload,5409894,1,SILENT,0,decode
6396,bit_flip,8412409,1,SILENT,0,decode
6397,random_bytes,9195388,6,SILENT,0,decode
6398,zeroed_run,7563005,3529,SILENT,0,decode
6399,truncation,4680131,4602720,caught,68,decode
6400,header,834,1,SILENT,0,decode
6401,payload,401175,1,SILENT,0,decode
6402,bit_flip,4141808,1,SILENT,0,decode
6403,random_bytes,3009000,8,caught,66,decode
6404,zeroed_run,5993383,223,SILENT,0,decode
6405,truncation,1887503,7395348,caught,68,decode
6406,header,167,1,SILENT,0,decode
6407,payload,5956546,1,SILENT,0,decode
6408,bit_flip,7500213,1,SILENT,0,decode
6409,random_bytes,5597926,12,SILENT,0,decode
6410,zeroed_run,2537780,2087,SILENT,0,decode
6411,truncation,960891,8321960,caught,68,decode
6412,header,54,1,caught,66,decode
6413,payload,1897723,1,SILENT,0,decode
6414,bit_flip,3530515,1,SILENT,0,decode
6415,random_bytes,8751012,9,SILENT,0,decode
6416,zeroed_run,5525192,1587,SILENT,0,decode
6417,truncation,399597,8883254,caught,68,decode
6418,header,664,1,SILENT,0,decode
6419,payload,6589487,1,SILENT,0,decode
6420,bit_flip,7984275,1,SILENT,0,decode
6421,random_bytes,2726368,2,SILENT,0,decode
6422,zeroed_run,7105023,2554,SILENT,0,decode
6423,truncation,6397935,2884916,caught,68,decode
6424,header,467,1,SILENT,0,decode
6425,payload,3837408,1,SILENT,0,decode
6426,bit_flip,3238801,1,caught,66,decode
6427,random_bytes,2803528,9,caught,66,decode
6428,zeroed_run,590518,3732,SILENT,0,decode
6429,truncation,1598064,7684787,caught,68,decode
6430,header,152,1,SILENT,0,decode
6431,payload,1041980,1,SILENT,0,decode
6432,bit_flip,7099584,1,SILENT,0,decode
6433,random_bytes,2761020,11,caught,66,decode
6434,zeroed_run,6576867,1178,SILENT,0,decode
6435,truncation,6180316,3102535,caught,68,decode
6436,header,213,1,SILENT,0,decode
6437,payload,1209725,1,SILENT,0,decode
6438,bit_flip,2234138,1,SILENT,0,decode
6439,random_bytes,2239314,9,caught,66,decode
6440,zeroed_run,6351711,2892,SILENT,0,decode
6441,truncation,8119749,1163102,caught,68,decode
6442,header,806,1,SILENT,0,decode
6443,payload,252201,1,SILENT,0,decode
6444,bit_flip,6624788,1,caught,66,decode
6445,random_bytes,8894811,9,SILENT,0,decode
6446,zeroed_run,8909861,4017,SILENT,0,decode
6447,truncation,2358385,6924466,caught,68,decode
6448,header,442,1,SILENT,0,decode
6449,payload,9017874,1,SILENT,0,decode
6450,bit_flip,2046446,1,SILENT,0,decode
6451,random_bytes,7312073,8,caught,66,decode
6452,zeroed_run,1857175,158,SILENT,0,decode
6453,truncation,7559170,1723681,caught,68,decode
6454,header,313,1,SILENT,0,decode
6455,payload,8601200,1,SILENT,0,decode
6456,bit_flip,5947860,1,SILENT,0,decode
6457,random_bytes,4847897,4,caught,66,decode
6458,zeroed_run,6796308,2147,SILENT,0,decode
6459,truncation,4501406,4781445,caught,68,decode
6460,header,320,1,SILENT,0,decode
6461,payload,1330791,1,SILENT,0,decode
6462,bit_flip,1712109,1,SILENT,0,decode
6463,random_bytes,5696715,1,SILENT,0,decode
6464,zeroed_run,8008841,609,SILENT,0,decode
6465,truncation,2767841,6515010,caught,68,decode
6466,header,27,1,caught,66,decode
6467,payload,1100154,1,SILENT,0,decode
6468,bit_flip,881307,1,SILENT,0,decode
6469,random_bytes,7452512,12,caught,66,decode
6470,zeroed_run,2591976,227,SILENT,0,decode
6471,truncation,106767,9176084,caught,68,decode
6472,header,98,1,caught,66,decode
6473,payload,1634068,1,SILENT,0,decode
6474,bit_flip,3321792,1,caught,66,decode
6475,random_bytes,9117741,13,SILENT,0,decode
6476,zeroed_run,3673445,1364,SILENT,0,decode
6477,truncation,7724256,1558595,caught,68,decode
6478,header,863,1,caught,66,decode
6479,payload,6538659,1,SILENT,0,decode
6480,bit_flip,5493792,1,SILENT,0,decode
6481,random_bytes,5108000,4,caught,66,decode
6482,zeroed_run,523712,3633,SILENT,0,decode
6483,truncation,1317298,7965553,caught,68,decode
6484,header,676,1,SILENT,0,decode
6485,payload,637536,1,SILENT,0,decode
6486,bit_flip,5053987,1,SILENT,0,decode
6487,random_bytes,1063230,15,caught,66,decode
6488,zeroed_run,7474936,2626,SILENT,0,decode
6489,truncation,558158,8724693,caught,68,decode
6490,header,19,1,caught,66,decode
6491,payload,2927465,1,SILENT,0,decode
6492,bit_flip,5517881,1,SILENT,0,decode
6493,random_bytes,2712718,9,SILENT,0,decode
6494,zeroed_run,5125194,3058,SILENT,0,decode
6495,truncation,7314111,1968740,caught,68,decode
6496,header,427,1,caught,66,decode
6497,payload,8027294,1,SILENT,0,decode
6498,bit_flip,1992052,1,SILENT,0,decode
6499,random_bytes,3832550,5,caught,66,decode
6500,zeroed_run,8094610,1656,SILENT,0,decode
6501,truncation,6301393,2981458,caught,68,decode
6502,header,216,1,SILENT,0,decode
6503,payload,9091836,1,SILENT,0,decode
6504,bit_flip,1476541,1,SILENT,0,decode
6505,random_bytes,4425705,7,caught,66,decode
6506,zeroed_run,4695142,1237,SILENT,0,decode
6507,truncation,1462214,7820637,caught,68,decode
6508,header,405,1,SILENT,0,decode
6509,payload,7656826,1,caught,66,decode
6510,bit_flip,1750050,1,SILENT,0,decode
6511,random_bytes,3593358,16,caught,66,decode
6512,zeroed_run,5255960,2347,SILENT,0,decode
6513,truncation,7221088,2061763,caught,68,decode
6514,header,851,1,SILENT,0,decode
6515,payload,4455222,1,SILENT,0,decode
6516,bit_flip,5742300,1,SILENT,0,decode
6517,random_bytes,4724641,10,caught,66,decode
6518,zeroed_run,8116214,2463,SILENT,0,decode
6519,truncation,6894435,2388416,caught,68,decode
6520,header,700,1,SILENT,0,decode
6521,payload,6851276,1,caught,66,decode
6522,bit_flip,496245,1,SILENT,0,decode
6523,random_bytes,4896982,15,caught,66,decode
6524,zeroed_run,7748458,1358,SILENT,0,decode
6525,truncation,1601640,7681211,caught,68,decode
6526,header,505,1,SILENT,0,decode
6527,payload,1622987,1,caught,66,decode
6528,bit_flip,585498,1,caught,66,decode
6529,random_bytes,7919116,9,SILENT,0,decode
6530,zeroed_run,7736567,1512,SILENT,0,decode
6531,truncation,8441020,841831,caught,68,decode
6532,header,745,1,SILENT,0,decode
6533,payload,5678089,1,SILENT,0,decode
6534,bit_flip,2486548,1,SILENT,0,decode
6535,random_bytes,4662718,1,caught,66,decode
6536,zeroed_run,6082099,3065,SILENT,0,decode
6537,truncation,8366205,916646,caught,68,decode
6538,header,333,1,SILENT,0,decode
6539,payload,7541593,1,SILENT,0,decode
6540,bit_flip,2738810,1,SILENT,0,decode
6541,random_bytes,5577103,12,SILENT,0,decode
6542,zeroed_run,3358761,3895,SILENT,0,decode
6543,truncation,3368449,5914402,caught,68,decode
6544,header,470,1,SILENT,0,decode
6545,payload,3210920,1,SILENT,0,decode
6546,bit_flip,6007362,1,caught,66,decode
6547,random_bytes,8573638,10,caught,66,decode
6548,zeroed_run,3444663,938,SILENT,0,decode
6549,truncation,1398736,7884115,caught,68,decode
6550,header,513,1,caught,66,decode
6551,payload,7287946,1,SILENT,0,decode
6552,bit_flip,3686939,1,SILENT,0,decode
6553,random_bytes,2789935,13,caught,66,decode
6554,zeroed_run,1146799,3436,SILENT,0,decode
6555,truncation,6559074,2723777,caught,68,decode
6556,header,490,1,caught,66,decode
6557,payload,6274749,1,caught,66,decode
6558,bit_flip,319988,1,SILENT,0,decode
6559,random_bytes,918625,2,caught,66,decode
6560,zeroed_run,553019,857,SILENT,0,decode
6561,truncation,8093818,1189033,caught,68,decode
6562,header,1002,1,SILENT,0,decode
6563,payload,5472284,1,SILENT,0,decode
6564,bit_flip,4999991,1,caught,66,decode
6565,random_bytes,8714423,12,caught,66,decode
6566,zeroed_run,6781810,2678,SILENT,0,decode
6567,truncation,6725386,2557465,caught,68,decode
6568,header,832,1,SILENT,0,decode
6569,payload,6236163,1,SILENT,0,decode
6570,bit_flip,3215420,1,caught,66,decode
6571,random_bytes,1373403,8,caught,66,decode
6572,zeroed_run,8513815,2886,SILENT,0,decode
6573,truncation,8321152,961699,caught,68,decode
6574,header,931,1,SILENT,0,decode
6575,payload,9279833,1,caught,66,decode
6576,bit_flip,2214475,1,SILENT,0,decode
6577,random_bytes,8445015,14,caught,66,decode
6578,zeroed_run,8212414,877,SILENT,0,decode
6579,truncation,2580453,6702398,caught,68,decode
6580,header,459,1,SILENT,0,decode
6581,payload,2548264,1,SILENT,0,decode
6582,bit_flip,7418220,1,SILENT,0,decode
6583,random_bytes,1341251,3,caught,66,decode
6584,zeroed_run,3100528,1609,SILENT,0,decode
6585,truncation,428649,8854202,caught,68,decode
6586,header,437,1,SILENT,0,decode
6587,payload,1147000,1,SILENT,0,decode
6588,bit_flip,4504548,1,SILENT,0,decode
6589,random_bytes,1591773,8,SILENT,0,decode
6590,zeroed_run,4272982,1471,SILENT,0,decode
6591,truncation,3614230,5668621,caught,68,decode
6592,header,639,1,SILENT,0,decode
6593,payload,6389246,1,SILENT,0,decode
6594,bit_flip,7911397,1,SILENT,0,decode
6595,random_bytes,548268,7,SILENT,0,decode
6596,zeroed_run,1297374,390,SILENT,0,decode
6597,truncation,5314310,3968541,caught,68,decode
6598,header,224,1,SILENT,0,decode
6599,payload,4981133,1,caught,66,decode
6600,bit_flip,5564560,1,caught,66,decode
6601,random_bytes,7025580,2,SILENT,0,decode
6602,zeroed_run,3604019,3556,SILENT,0,decode
6603,truncation,9198389,84462,caught,68,decode
6604,header,80,1,SILENT,0,decode
6605,payload,1898348,1,SILENT,0,decode
6606,bit_flip,7995084,1,SILENT,0,decode
6607,random_bytes,2479716,1,SILENT,0,decode
6608,zeroed_run,7684968,483,SILENT,0,decode
6609,truncation,8312797,970054,caught,68,decode
6610,header,265,1,SILENT,0,decode
6611,payload,6994533,1,caught,66,decode
6612,bit_flip,2437426,1,SILENT,0,decode
6613,random_bytes,5107525,3,caught,66,decode
6614,zeroed_run,7970738,2193,SILENT,0,decode
6615,truncation,3994963,5287888,caught,68,decode
6616,header,845,1,SILENT,0,decode
6617,payload,5903387,1,SILENT,0,decode
6618,bit_flip,6548205,1,SILENT,0,decode
6619,random_bytes,8146216,11,caught,66,decode
6620,zeroed_run,1699636,2990,SILENT,0,decode
6621,truncation,3095930,6186921,caught,68,decode
6622,header,344,1,caught,66,decode
6623,payload,9095288,1,SILENT,0,decode
6624,bit_flip,592336,1,SILENT,0,decode
6625,random_bytes,1168992,10,caught,66,decode
6626,zeroed_run,2120530,1420,SILENT,0,decode
6627,truncation,8334092,948759,caught,68,decode
6628,header,340,1,SILENT,0,decode
6629,payload,368459,1,SILENT,0,decode
6630,bit_flip,4757250,1,caught,66,decode
6631,random_bytes,2000630,2,caught,66,decode
6632,zeroed_run,3463218,2016,SILENT,0,decode
6633,truncation,6092010,3190841,caught,68,decode
6634,header,741,1,SILENT,0,decode
6635,payload,5371283,1,SILENT,0,decode
6636,bit_flip,273656,1,caught,66,decode
6637,random_bytes,8041874,12,caught,66,decode
6638,zeroed_run,8140071,3145,SILENT,0,decode
6639,truncation,7930681,1352170,caught,68,decode
6640,header,489,1,SILENT,0,decode
6641,payload,7759147,1,caught,66,decode
6642,bit_flip,1366866,1,SILENT,0,decode
6643,random_bytes,9028140,16,SILENT,0,decode
6644,zeroed_run,6814368,2015,SILENT,0,decode
6645,truncation,1783674,7499177,caught,68,decode
6646,header,228,1,SILENT,0,decode
6647,payload,3232487,1,SILENT,0,decode
6648,bit_flip,4618810,1,SILENT,0,decode
6649,random_bytes,397759,12,caught,66,decode
6650,zeroed_run,6726217,1136,SILENT,0,decode
6651,truncation,5046390,4236461,caught,68,decode
6652,header,371,1,SILENT,0,decode
6653,payload,5952054,1,SILENT,0,decode
6654,bit_flip,7302834,1,SILENT,0,decode
6655,random_bytes,3151251,9,caught,66,decode
6656,zeroed_run,1671885,502,SILENT,0,decode
6657,truncation,4721068,4561783,caught,68,decode
6658,header,505,1,SILENT,0,decode
6659,payload,8535515,1,SILENT,0,decode
6660,bit_flip,7626131,1,caught,66,decode
6661,random_bytes,2985117,8,SILENT,0,decode
6662,zeroed_run,3897384,2797,SILENT,0,decode
6663,truncation,7200409,2082442,caught,68,decode
6664,header,374,1,caught,66,decode
6665,payload,1548306,1,SILENT,0,decode
6666,bit_flip,1311906,1,SILENT,0,decode
6667,random_bytes,8920748,2,SILENT,0,decode
6668,zeroed_run,6992098,3915,SILENT,0,decode
6669,truncation,4546221,4736630,caught,68,decode
6670,header,646,1,SILENT,0,decode
6671,payload,8619967,1,SILENT,0,decode
6672,bit_flip,5888159,1,caught,66,decode
6673,random_bytes,9129808,12,caught,66,decode
6674,zeroed_run,7261920,2097,SILENT,0,decode
6675,truncation,187910,9094941,caught,68,decode
6676,header,346,1,SILENT,0,decode
6677,payload,5052669,1,caught,66,decode
6678,bit_flip,8138708,1,SILENT,0,decode
6679,random_bytes,5886428,11,caught,66,decode
6680,zeroed_run,7635245,273,SILENT,0,decode
6681,truncation,9126618,156233,caught,68,decode
6682,header,913,1,SILENT,0,decode
6683,payload,8400699,1,SILENT,0,decode
6684,bit_flip,5840392,1,SILENT,0,decode
6685,random_bytes,7690169,4,SILENT,0,decode
6686,zeroed_run,9003791,397,SILENT,0,decode
6687,truncation,8909928,372923,caught,68,decode
6688,header,173,1,SILENT,0,decode
6689,payload,5911082,1,SILENT,0,decode
6690,bit_flip,2845070,1,SILENT,0,decode
6691,random_bytes,921283,1,SILENT,0,decode
6692,zeroed_run,935336,1029,SILENT,0,decode
6693,truncation,755407,8527444,caught,68,decode
6694,header,305,1,SILENT,0,decode
6695,payload,4809992,1,SILENT,0,decode
6696,bit_flip,5408170,1,SILENT,0,decode
6697,random_bytes,4058328,6,caught,66,decode
6698,zeroed_run,2573508,2368,SILENT,0,decode
6699,truncation,1565491,7717360,caught,68,decode
6700,header,215,1,SILENT,0,decode
6701,payload,4329787,1,SILENT,0,decode
6702,bit_flip,5339507,1,SILENT,0,decode
6703,random_bytes,3266469,14,SILENT,0,decode
6704,zeroed_run,8518428,1902,SILENT,0,decode
6705,truncation,2686981,6595870,caught,68,decode
6706,header,249,1,SILENT,0,decode
6707,payload,3082176,1,SILENT,0,decode
6708,bit_flip,3632566,1,SILENT,0,decode
6709,random_bytes,4740305,9,caught,66,decode
6710,zeroed_run,1743649,1571,SILENT,0,decode
6711,truncation,5406738,3876113,caught,68,decode
6712,header,388,1,caught,66,decode
6713,payload,1341044,1,SILENT,0,decode
6714,bit_flip,1132034,1,SILENT,0,decode
6715,random_bytes,7892050,5,SILENT,0,decode
6716,zeroed_run,2133555,1797,SILENT,0,decode
6717,truncation,3685322,5597529,caught,68,decode
6718,header,1008,1,SILENT,0,decode
6719,payload,2367480,1,caught,66,decode
6720,bit_flip,6029725,1,SILENT,0,decode
6721,random_bytes,8265384,16,caught,66,decode
6722,zeroed_run,211201,1378,SILENT,0,decode
6723,truncation,6925164,2357687,caught,68,decode
6724,header,510,1,caught,66,decode
6725,payload,5720606,1,SILENT,0,decode
6726,bit_flip,2635269,1,SILENT,0,decode
6727,random_bytes,7947701,4,SILENT,0,decode
6728,zeroed_run,272938,3180,SILENT,0,decode
6729,truncation,6839718,2443133,caught,68,decode
6730,header,514,1,SILENT,0,decode
6731,payload,8404613,1,SILENT,0,decode
6732,bit_flip,7081368,1,SILENT,0,decode
6733,random_bytes,1736512,15,caught,66,decode
6734,zeroed_run,5246125,3457,SILENT,0,decode
6735,truncation,4942122,4340729,caught,68,decode
6736,header,287,1,SILENT,0,decode
6737,payload,3238338,1,SILENT,0,decode
6738,bit_flip,6375994,1,SILENT,0,decode
6739,random_bytes,1821888,9,SILENT,0,decode
6740,zeroed_run,5677900,1215,SILENT,0,decode
6741,truncation,1947520,7335331,caught,68,decode
6742,header,921,1,SILENT,0,decode
6743,payload,8617887,1,SILENT,0,decode
6744,bit_flip,7316095,1,SILENT,0,decode
6745,random_bytes,6997529,16,SILENT,0,decode
6746,zeroed_run,8357348,245,SILENT,0,decode
6747,truncation,148409,9134442,caught,68,decode
6748,header,502,1,caught,66,decode
6749,payload,793211,1,caught,66,decode
6750,bit_flip,1229843,1,caught,66,decode
6751,random_bytes,4092132,2,SILENT,0,decode
6752,zeroed_run,4278583,1410,SILENT,0,decode
6753,truncation,1958263,7324588,caught,68,decode
6754,header,366,1,SILENT,0,decode
6755,payload,3301984,1,SILENT,0,decode
6756,bit_flip,142241,1,SILENT,0,decode
6757,random_bytes,4875161,2,caught,66,decode
6758,zeroed_run,7861263,3101,SILENT,0,decode
6759,truncation,5165610,4117241,caught,68,decode
6760,header,580,1,SILENT,0,decode
6761,payload,8542300,1,SILENT,0,decode
6762,bit_flip,6174827,1,SILENT,0,decode
6763,random_bytes,4059779,11,SILENT,0,decode
6764,zeroed_run,5303809,3678,SILENT,0,decode
6765,truncation,8889039,393812,caught,68,decode
6766,header,152,1,caught,66,decode
6767,payload,8850902,1,caught,66,decode
6768,bit_flip,2394971,1,caught,66,decode
6769,random_bytes,5648995,7,SILENT,0,decode
6770,zeroed_run,1454987,1262,SILENT,0,decode
6771,truncation,2147762,7135089,caught,68,decode
6772,header,465,1,SILENT,0,decode
6773,payload,3070827,1,SILENT,0,decode
6774,bit_flip,4923236,1,SILENT,0,decode
6775,random_bytes,2947443,15,SILENT,0,decode
6776,zeroed_run,7410124,3840,SILENT,0,decode
6777,truncation,6687313,2595538,caught,68,decode
6778,header,158,1,SILENT,0,decode
6779,payload,1441152,1,caught,66,decode
6780,bit_flip,5276944,1,SILENT,0,decode
6781,random_bytes,5541481,9,SILENT,0,decode
6782,zeroed_run,2054809,2840,SILENT,0,decode
6783,truncation,1813133,7469718,caught,68,decode
6784,header,212,1,SILENT,0,decode
6785,payload,2872560,1,caught,66,decode
6786,bit_flip,4264465,1,SILENT,0,decode
6787,random_bytes,6098436,16,caught,66,decode
6788,zeroed_run,8134934,2110,SILENT,0,decode
6789,truncation,4265928,5016923,caught,68,decode
6790,header,118,1,caught,66,decode
6791,payload,8982903,1,SILENT,0,decode
6792,bit_flip,4609872,1,SILENT,0,decode
6793,random_bytes,5216923,4,caught,66,decode
6794,zeroed_run,6216926,2692,SILENT,0,decode
6795,truncation,7589422,1693429,caught,68,decode
6796,header,896,1,SILENT,0,decode
6797,payload,7831206,1,SILENT,0,decode
6798,bit_flip,8286379,1,SILENT,0,decode
6799,random_bytes,5462555,16,SILENT,0,decode
6800,zeroed_run,4709100,2020,SILENT,0,decode
6801,truncation,4439772,4843079,caught,68,decode
6802,header,24,1,caught,66,decode
6803,payload,8840125,1,caught,66,decode
6804,bit_flip,789949,1,SILENT,0,decode
6805,random_bytes,4943908,16,caught,66,decode
6806,zeroed_run,1549638,1156,SILENT,0,decode
6807,truncation,2808451,6474400,caught,68,decode
6808,header,733,1,SILENT,0,decode
6809,payload,5707372,1,SILENT,0,decode
6810,bit_flip,7146882,1,SILENT,0,decode
6811,random_bytes,2905295,13,caught,66,decode
6812,zeroed_run,6041707,3620,SILENT,0,decode
6813,truncation,3714023,5568828,caught,68,decode
6814,header,327,1,SILENT,0,decode
6815,payload,6190287,1,SILENT,0,decode
6816,bit_flip,4539601,1,SILENT,0,decode
6817,random_bytes,8258348,4,caught,66,decode
6818,zeroed_run,1235458,2417,SILENT,0,decode
6819,truncation,6941781,2341070,caught,68,decode
6820,header,936,1,SILENT,0,decode
6821,payload,3649562,1,SILENT,0,decode
6822,bit_flip,1299979,1,SILENT,0,decode
6823,random_bytes,4724311,6,SILENT,0,decode
6824,zeroed_run,3390373,1724,SILENT,0,decode
6825,truncation,4235066,5047785,caught,68,decode
6826,header,1017,1,SILENT,0,decode
6827,payload,1834483,1,caught,66,decode
6828,bit_flip,1684169,1,SILENT,0,decode
6829,random_bytes,4994199,8,caught,66,decode
6830,zeroed_run,484961,1865,SILENT,0,decode
6831,truncation,8749360,533491,caught,68,decode
6832,header,926,1,SILENT,0,decode
6833,payload,8381371,1,SILENT,0,decode
6834,bit_flip,6262352,1,caught,66,decode
6835,random_bytes,8571438,7,caught,66,decode
6836,zeroed_run,3690228,1773,SILENT,0,decode
6837,truncation,1759,9281092,caught,68,decode
6838,header,620,1,SILENT,0,decode
6839,payload,3228843,1,caught,66,decode
6840,bit_flip,3752492,1,caught,66,decode
6841,random_bytes,7431455,4,SILENT,0,decode
6842,zeroed_run,7453574,2515,SILENT,0,decode
6843,truncation,848831,8434020,caught,68,decode
6844,header,245,1,SILENT,0,decode
6845,payload,642110,1,SILENT,0,decode
6846,bit_flip,2781136,1,SILENT,0,decode
6847,random_bytes,5175112,7,caught,66,decode
6848,zeroed_run,2238157,1113,caught,66,decode
6849,truncation,8475985,806866,caught,68,decode
6850,header,787,1,SILENT,0,decode
6851,payload,4625705,1,SILENT,0,decode
6852,bit_flip,8829128,1,SILENT,0,decode
6853,random_bytes,901745,10,caught,66,decode
6854,zeroed_run,5684933,2045,SILENT,0,decode
6855,truncation,7985506,1297345,caught,68,decode
6856,header,39,1,caught,66,decode
6857,payload,767421,1,SILENT,0,decode
6858,bit_flip,6759277,1,SILENT,0,decode
6859,random_bytes,7410537,3,caught,66,decode
6860,zeroed_run,6958226,1078,caught,66,decode
6861,truncation,4662584,4620267,caught,68,decode
6862,header,20,1,caught,66,decode
6863,payload,9159610,1,SILENT,0,decode
6864,bit_flip,3898162,1,SILENT,0,decode
6865,random_bytes,8457610,16,caught,66,decode
6866,zeroed_run,6302335,2053,SILENT,0,decode
6867,truncation,6078200,3204651,caught,68,decode
6868,header,109,1,SILENT,0,decode
6869,payload,5358548,1,SILENT,0,decode
6870,bit_flip,4317567,1,SILENT,0,decode
6871,random_bytes,5683471,13,caught,66,decode
6872,zeroed_run,3408305,2189,SILENT,0,decode
6873,truncation,1784201,7498650,caught,68,decode
6874,header,735,1,SILENT,0,decode
6875,payload,6406867,1,SILENT,0,decode
6876,bit_flip,4500723,1,SILENT,0,decode
6877,random_bytes,2226858,9,caught,66,decode
6878,zeroed_run,800371,1005,SILENT,0,decode
6879,truncation,3418297,5864554,caught,68,decode
6880,header,1007,1,SILENT,0,decode
6881,payload,3319809,1,caught,66,decode
6882,bit_flip,7753216,1,SILENT,0,decode
6883,random_bytes,9135622,10,caught,66,decode
6884,zeroed_run,8042438,1615,SILENT,0,decode
6885,truncation,4788116,4494735,caught,68,decode
6886,header,571,1,caught,66,decode
6887,payload,7699591,1,caught,66,decode
6888,bit_flip,2386190,1,caught,66,decode
6889,random_bytes,8914916,8,caught,66,decode
6890,zeroed_run,8113427,2936,SILENT,0,decode
6891,truncation,4937819,4345032,caught,68,decode
6892,header,130,1,SILENT,0,decode
6893,payload,6143621,1,SILENT,0,decode
6894,bit_flip,5463238,1,SILENT,0,decode
6895,random_bytes,868043,8,caught,66,decode
6896,zeroed_run,3860954,2967,SILENT,0,decode
6897,truncation,5995242,3287609,caught,68,decode
6898,header,665,1,SILENT,0,decode
6899,payload,8001662,1,caught,66,decode
6900,bit_flip,1337458,1,SILENT,0,decode
6901,random_bytes,7428037,16,caught,66,decode
6902,zeroed_run,3933613,258,caught,66,decode
6903,truncation,3708570,5574281,caught,68,decode
6904,header,454,1,SILENT,0,decode
6905,payload,1871216,1,SILENT,0,decode
6906,bit_flip,7978997,1,SILENT,0,decode
6907,random_bytes,7399084,14,SILENT,0,decode
6908,zeroed_run,5353703,2023,SILENT,0,decode
6909,truncation,7277439,2005412,caught,68,decode
6910,header,798,1,caught,66,decode
6911,payload,2982490,1,SILENT,0,decode
6912,bit_flip,5818355,1,SILENT,0,decode
6913,random_bytes,8977158,11,SILENT,0,decode
6914,zeroed_run,2595999,699,SILENT,0,decode
6915,truncation,8905931,376920,caught,68,decode
6916,header,971,1,SILENT,0,decode
6917,payload,3737572,1,caught,66,decode
6918,bit_flip,2484730,1,SILENT,0,decode
6919,random_bytes,4627314,6,caught,66,decode
6920,zeroed_run,6921007,2758,SILENT,0,decode
6921,truncation,7262622,2020229,caught,68,decode
6922,header,234,1,SILENT,0,decode
6923,payload,4196376,1,SILENT,0,decode
6924,bit_flip,4098312,1,caught,66,decode
6925,random_bytes,2172169,2,SILENT,0,decode
6926,zeroed_run,6834054,2695,SILENT,0,decode
6927,truncation,960910,8321941,caught,68,decode
6928,header,885,1,SILENT,0,decode
6929,payload,3859293,1,SILENT,0,decode
6930,bit_flip,3080171,1,caught,66,decode
6931,random_bytes,316429,15,caught,66,decode
6932,zeroed_run,5248023,2471,SILENT,0,decode
6933,truncation,6483212,2799639,caught,68,decode
6934,header,805,1,caught,66,decode
6935,payload,1316784,1,SILENT,0,decode
6936,bit_flip,7695880,1,SILENT,0,decode
6937,random_bytes,141336,13,SILENT,0,decode
6938,zeroed_run,3584931,1009,SILENT,0,decode
6939,truncation,4216033,5066818,caught,68,decode
6940,header,204,1,SILENT,0,decode
6941,payload,5097522,1,SILENT,0,decode
6942,bit_flip,7577313,1,SILENT,0,decode
6943,random_bytes,3667491,8,caught,66,decode
6944,zeroed_run,7661393,2782,SILENT,0,decode
6945,truncation,1701862,7580989,caught,68,decode
6946,header,928,1,SILENT,0,decode
6947,payload,7969365,1,SILENT,0,decode
6948,bit_flip,9181511,1,caught,66,decode
6949,random_bytes,7046675,6,caught,66,decode
6950,zeroed_run,1464856,496,SILENT,0,decode
6951,truncation,6171053,3111798,caught,68,decode
6952,header,892,1,SILENT,0,decode
6953,payload,2429677,1,SILENT,0,decode
6954,bit_flip,5599953,1,SILENT,0,decode
6955,random_bytes,27700,2,caught,66,decode
6956,zeroed_run,718479,2856,SILENT,0,decode
6957,truncation,2653650,6629201,caught,68,decode
6958,header,879,1,SILENT,0,decode
6959,payload,6395419,1,SILENT,0,decode
6960,bit_flip,5182463,1,SILENT,0,decode
6961,random_bytes,6818996,4,SILENT,0,decode
6962,zeroed_run,2431160,2825,SILENT,0,decode
6963,truncation,5073457,4209394,caught,68,decode
6964,header,875,1,SILENT,0,decode
6965,payload,3821624,1,SILENT,0,decode
6966,bit_flip,448026,1,SILENT,0,decode
6967,random_bytes,7017088,13,caught,66,decode
6968,zeroed_run,4374003,3349,SILENT,0,decode
6969,truncation,1121630,8161221,caught,68,decode
6970,header,507,1,SILENT,0,decode
6971,payload,6311364,1,SILENT,0,decode
6972,bit_flip,599303,1,SILENT,0,decode
6973,random_bytes,7134535,13,SILENT,0,decode
6974,zeroed_run,4365987,1879,SILENT,0,decode
6975,truncation,1202478,8080373,caught,68,decode
6976,header,86,1,SILENT,0,decode
6977,payload,2197985,1,SILENT,0,decode
6978,bit_flip,251768,1,SILENT,0,decode
6979,random_bytes,6919170,2,SILENT,0,decode
6980,zeroed_run,9275612,850,SILENT,0,decode
6981,truncation,5004604,4278247,caught,68,decode
6982,header,621,1,caught,66,decode
6983,payload,6238700,1,SILENT,0,decode
6984,bit_flip,7322329,1,SILENT,0,decode
6985,random_bytes,7811756,15,caught,66,decode
6986,zeroed_run,3269515,1828,SILENT,0,decode
6987,truncation,1709825,7573026,caught,68,decode
6988,header,908,1,SILENT,0,decode
6989,payload,7316806,1,SILENT,0,decode
6990,bit_flip,8846288,1,SILENT,0,decode
6991,random_bytes,6574639,2,caught,66,decode
6992,zeroed_run,6491002,228,SILENT,0,decode
6993,truncation,6961526,2321325,caught,68,decode
6994,header,334,1,caught,66,decode
6995,payload,8934023,1,SILENT,0,decode
6996,bit_flip,9128040,1,SILENT,0,decode
6997,random_bytes,7216515,9,caught,66,decode
6998,zeroed_run,4033619,3787,SILENT,0,decode
6999,truncation,1952812,7330039,caught,68,decode
7000,header,814,1,SILENT,0,decode
7001,payload,3833667,1,SILENT,0,decode
7002,bit_flip,5368968,1,SILENT,0,decode
7003,random_bytes,4255603,11,SILENT,0,decode
7004,zeroed_run,4828735,125,SILENT,0,decode
7005,truncation,4751656,4531195,caught,68,decode
7006,header,845,1,SILENT,0,decode
7007,payload,3120094,1,SILENT,0,decode
7008,bit_flip,8680206,1,SILENT,0,decode
7009,random_bytes,8952766,8,caught,66,decode
7010,zeroed_run,3097410,97,SILENT,0,decode
7011,truncation,1335947,7946904,caught,68,decode
7012,header,720,1,SILENT,0,decode
7013,payload,8045383,1,SILENT,0,decode
7014,bit_flip,6230362,1,SILENT,0,decode
7015,random_bytes,8564349,12,SILENT,0,decode
7016,zeroed_run,5200300,963,SILENT,0,decode
7017,truncation,3671528,5611323,caught,68,decode
7018,header,365,1,SILENT,0,decode
7019,payload,8307724,1,SILENT,0,decode
7020,bit_flip,8900436,1,SILENT,0,decode
7021,random_bytes,5992886,10,caught,66,decode
7022,zeroed_run,172523,1146,SILENT,0,decode
7023,truncation,5742978,3539873,caught,68,decode
7024,header,992,1,caught,66,decode
7025,payload,6408666,1,caught,66,decode
7026,bit_flip,5060510,1,SILENT,0,decode
7027,random_bytes,7706417,16,SILENT,0,decode
7028,zeroed_run,856781,3366,SILENT,0,decode
7029,truncation,356837,8926014,caught,68,decode
7030,header,748,1,SILENT,0,decode
7031,payload,6983116,1,SILENT,0,decode
7032,bit_flip,6481573,1,SILENT,0,decode
7033,random_bytes,4722470,14,SILENT,0,decode
7034,zeroed_run,1608811,1695,SILENT,0,decode
7035,truncation,8045992,1236859,caught,68,decode
7036,header,426,1,SILENT,0,decode
7037,payload,5002391,1,SILENT,0,decode
7038,bit_flip,4342217,1,caught,66,decode
7039,random_bytes,8064507,5,SILENT,0,decode
7040,zeroed_run,3215119,2689,SILENT,0,decode
7041,truncation,8249911,1032940,caught,68,decode
7042,header,692,1,SILENT,0,decode
7043,payload,9172830,1,SILENT,0,decode
7044,bit_flip,5830591,1,SILENT,0,decode
7045,random_bytes,1898117,16,caught,66,decode
7046,zeroed_run,3953331,3458,SILENT,0,decode
7047,truncation,3018291,6264560,caught,68,decode
7048,header,169,1,SILENT,0,decode
7049,payload,4480321,1,SILENT,0,decode
7050,bit_flip,4251402,1,caught,66,decode
7051,random_bytes,451267,12,caught,66,decode
7052,zeroed_run,7598835,1105,SILENT,0,decode
7053,truncation,280656,9002195,caught,68,decode
7054,header,275,1,SILENT,0,decode
7055,payload,2284845,1,SILENT,0,decode
7056,bit_flip,270269,1,caught,66,decode
7057,random_bytes,8674480,9,caught,66,decode
7058,zeroed_run,2354808,1028,SILENT,0,decode
7059,truncation,8106370,1176481,caught,68,decode
7060,header,900,1,SILENT,0,decode
7061,payload,8007262,1,SILENT,0,decode
7062,bit_flip,8931900,1,SILENT,0,decode
7063,random_bytes,5890623,13,SILENT,0,decode
7064,zeroed_run,6342030,127,SILENT,0,decode
7065,truncation,489675,8793176,caught,68,decode
7066,header,162,1,SILENT,0,decode
7067,payload,6974384,1,caught,66,decode
7068,bit_flip,6875416,1,SILENT,0,decode
7069,random_bytes,7747443,2,caught,66,decode
7070,zeroed_run,7430141,3999,SILENT,0,decode
7071,truncation,7743769,1539082,caught,68,decode
7072,header,996,1,SILENT,0,decode
7073,payload,5742073,1,caught,66,decode
7074,bit_flip,4581614,1,SILENT,0,decode
7075,random_bytes,3690726,2,SILENT,0,decode
7076,zeroed_run,7989810,2708,SILENT,0,decode
7077,truncation,709688,8573163,caught,68,decode
7078,header,85,1,SILENT,0,decode
7079,payload,6186957,1,SILENT,0,decode
7080,bit_flip,7771614,1,SILENT,0,decode
7081,random_bytes,7215542,12,SILENT,0,decode
7082,zeroed_run,8754470,3562,SILENT,0,decode
7083,truncation,2160173,7122678,caught,68,decode
7084,header,962,1,SILENT,0,decode
7085,payload,993847,1,SILENT,0,decode
7086,bit_flip,3447117,1,SILENT,0,decode
7087,random_bytes,2229133,13,caught,66,decode
7088,zeroed_run,5078113,406,SILENT,0,decode
7089,truncation,351023,8931828,caught,68,decode
7090,header,71,1,SILENT,0,decode
7091,payload,4937787,1,caught,66,decode
7092,bit_flip,121432,1,SILENT,0,decode
7093,random_bytes,4524973,4,caught,66,decode
7094,zeroed_run,6540058,3266,SILENT,0,decode
7095,truncation,5539624,3743227,caught,68,decode
7096,header,722,1,SILENT,0,decode
7097,payload,4499182,1,SILENT,0,decode
7098,bit_flip,3754136,1,SILENT,0,decode
7099,random_bytes,7607672,15,caught,66,decode
7100,zeroed_run,7802593,2035,SILENT,0,decode
7101,truncation,5644756,3638095,caught,68,decode
7102,header,380,1,caught,66,decode
7103,payload,1553059,1,SILENT,0,decode
7104,bit_flip,7984001,1,caught,66,decode
7105,random_bytes,8197203,11,SILENT,0,decode
7106,zeroed_run,7496748,1508,SILENT,0,decode
7107,truncation,6541657,2741194,caught,68,decode
7108,header,324,1,SILENT,0,decode
7109,payload,6626225,1,SILENT,0,decode
7110,bit_flip,1544778,1,caught,66,decode
7111,random_bytes,2403323,2,caught,66,decode
7112,zeroed_run,8989378,3049,SILENT,0,decode
7113,truncation,1253136,8029715,caught,68,decode
7114,header,117,1,SILENT,0,decode
7115,payload,2568120,1,SILENT,0,decode
7116,bit_flip,569208,1,SILENT,0,decode
7117,random_bytes,4006335,6,caught,66,decode
7118,zeroed_run,6190815,2200,SILENT,0,decode
7119,truncation,8489561,793290,caught,68,decode
7120,header,154,1,SILENT,0,decode
7121,payload,5087333,1,SILENT,0,decode
7122,bit_flip,5912468,1,SILENT,0,decode
7123,random_bytes,5292792,5,caught,66,decode
7124,zeroed_run,9063225,3119,SILENT,0,decode
7125,truncation,3004130,6278721,caught,68,decode
7126,header,82,1,SILENT,0,decode
7127,payload,4345379,1,SILENT,0,decode
7128,bit_flip,7118142,1,SILENT,0,decode
7129,random_bytes,5946630,1,caught,66,decode
7130,zeroed_run,4931247,386,SILENT,0,decode
7131,truncation,2576344,6706507,caught,68,decode
7132,header,1007,1,SILENT,0,decode
7133,payload,673309,1,SILENT,0,decode
7134,bit_flip,952122,1,caught,66,decode
7135,random_bytes,2796906,12,caught,66,decode
7136,zeroed_run,3320176,4043,SILENT,0,decode
7137,truncation,135657,9147194,caught,68,decode
7138,header,727,1,SILENT,0,decode
7139,payload,427341,1,SILENT,0,decode
7140,bit_flip,8282547,1,SILENT,0,decode
7141,random_bytes,6325695,2,SILENT,0,decode
7142,zeroed_run,1812047,1380,SILENT,0,decode
7143,truncation,4637605,4645246,caught,68,decode
7144,header,118,1,caught,66,decode
7145,payload,5057582,1,SILENT,0,decode
7146,bit_flip,409632,1,SILENT,0,decode
7147,random_bytes,7698709,1,SILENT,0,decode
7148,zeroed_run,3651072,3057,SILENT,0,decode
7149,truncation,7984286,1298565,caught,68,decode
7150,header,776,1,SILENT,0,decode
7151,payload,4126335,1,SILENT,0,decode
7152,bit_flip,2602129,1,SILENT,0,decode
7153,random_bytes,5347555,1,SILENT,0,decode
7154,zeroed_run,4599324,1079,caught,66,decode
7155,truncation,8210440,1072411,caught,68,decode
7156,header,689,1,SILENT,0,decode
7157,payload,1370307,1,SILENT,0,decode
7158,bit_flip,3551302,1,caught,66,decode
7159,random_bytes,1244775,2,caught,66,decode
7160,zeroed_run,8741580,140,SILENT,0,decode
7161,truncation,2983450,6299401,caught,68,decode
7162,header,818,1,SILENT,0,decode
7163,payload,4046518,1,SILENT,0,decode
7164,bit_flip,3840109,1,SILENT,0,decode
7165,random_bytes,2968060,15,caught,66,decode
7166,zeroed_run,6179474,2590,SILENT,0,decode
7167,truncation,5977692,3305159,caught,68,decode
7168,header,615,1,caught,66,decode
7169,payload,8648727,1,SILENT,0,decode
7170,bit_flip,8477615,1,SILENT,0,decode
7171,random_bytes,842876,2,SILENT,0,decode
7172,zeroed_run,1794504,3881,SILENT,0,decode
7173,truncation,373765,8909086,caught,68,decode
7174,header,215,1,SILENT,0,decode
7175,payload,3410402,1,SILENT,0,decode
7176,bit_flip,34295,1,SILENT,0,decode
7177,random_bytes,3869861,16,caught,66,decode
7178,zeroed_run,1497772,222,SILENT,0,decode
7179,truncation,1145405,8137446,caught,68,decode
7180,header,1009,1,SILENT,0,decode
7181,payload,5778065,1,caught,66,decode
7182,bit_flip,7604157,1,SILENT,0,decode
7183,random_bytes,7155086,2,caught,66,decode
7184,zeroed_run,3973886,2616,SILENT,0,decode
7185,truncation,1700673,7582178,caught,68,decode
7186,header,957,1,SILENT,0,decode
7187,payload,3645697,1,SILENT,0,decode
7188,bit_flip,3990085,1,SILENT,0,decode
7189,random_bytes,4875856,8,SILENT,0,decode
7190,zeroed_run,7269916,4077,SILENT,0,decode
7191,truncation,6885522,2397329,caught,68,decode
7192,header,383,1,caught,66,decode
7193,payload,1812552,1,SILENT,0,decode
7194,bit_flip,5583638,1,SILENT,0,decode
7195,random_bytes,9062572,3,SILENT,0,decode
7196,zeroed_run,7816938,2143,SILENT,0,decode
7197,truncation,8019784,1263067,caught,68,decode
7198,header,846,1,SILENT,0,decode
7199,payload,4197842,1,SILENT,0,decode
7200,bit_flip,3456669,1,SILENT,0,decode
7201,random_bytes,4243576,16,caught,66,decode
7202,zeroed_run,2646824,2128,SILENT,0,decode
7203,truncation,8382306,900545,caught,68,decode
7204,header,823,1,SILENT,0,decode
7205,payload,7014654,1,SILENT,0,decode
7206,bit_flip,4215465,1,SILENT,0,decode
7207,random_bytes,7052938,7,SILENT,0,decode
7208,zeroed_run,1845644,998,SILENT,0,decode
7209,truncation,3241952,6040899,caught,68,decode
7210,header,679,1,caught,66,decode
7211,payload,3390930,1,SILENT,0,decode
7212,bit_flip,7890439,1,SILENT,0,decode
7213,random_bytes,5938383,14,SILENT,0,decode
7214,zeroed_run,7820393,1546,SILENT,0,decode
7215,truncation,5679768,3603083,caught,68,decode
7216,header,948,1,SILENT,0,decode
7217,payload,795700,1,SILENT,0,decode
7218,bit_flip,1154954,1,SILENT,0,decode
7219,random_bytes,8717727,12,SILENT,0,decode
7220,zeroed_run,6823514,385,SILENT,0,decode
7221,truncation,8019453,1263398,caught,68,decode
7222,header,311,1,SILENT,0,decode
7223,payload,7729352,1,caught,66,decode
7224,bit_flip,8968789,1,SILENT,0,decode
7225,random_bytes,564638,2,caught,66,decode
7226,zeroed_run,7301552,3475,SILENT,0,decode
7227,truncation,3465214,5817637,caught,68,decode
7228,header,578,1,SILENT,0,decode
7229,payload,6817035,1,SILENT,0,decode
7230,bit_flip,3789166,1,SILENT,0,decode
7231,random_bytes,6159165,5,caught,66,decode
7232,zeroed_run,4091787,1495,SILENT,0,decode
7233,truncation,5842749,3440102,caught,68,decode
7234,header,808,1,caught,66,decode
7235,payload,5491926,1,SILENT,0,decode
7236,bit_flip,8229791,1,caught,66,decode
7237,random_bytes,4339201,16,SILENT,0,decode
7238,zeroed_run,670327,3566,SILENT,0,decode
7239,truncation,1016023,8266828,caught,68,decode
7240,header,689,1,SILENT,0,decode
7241,payload,8780286,1,SILENT,0,decode
7242,bit_flip,4953094,1,SILENT,0,decode
7243,random_bytes,6690846,2,SILENT,0,decode
7244,zeroed_run,5005092,400,SILENT,0,decode
7245,truncation,8382575,900276,caught,68,decode
7246,header,233,1,SILENT,0,decode
7247,payload,7268199,1,SILENT,0,decode
7248,bit_flip,8102686,1,caught,66,decode
7249,random_bytes,1596644,12,SILENT,0,decode
7250,zeroed_run,1180089,2248,SILENT,0,decode
7251,truncation,4489514,4793337,caught,68,decode
7252,header,1004,1,SILENT,0,decode
7253,payload,8168529,1,caught,66,decode
7254,bit_flip,6136964,1,SILENT,0,decode
7255,random_bytes,329820,13,caught,66,decode
7256,zeroed_run,7700586,752,SILENT,0,decode
7257,truncation,5814067,3468784,caught,68,decode
7258,header,479,1,SILENT,0,decode
7259,payload,5269214,1,caught,66,decode
7260,bit_flip,212111,1,SILENT,0,decode
7261,random_bytes,2718997,12,caught,66,decode
7262,zeroed_run,4620261,2636,SILENT,0,decode
7263,truncation,7506903,1775948,caught,68,decode
7264,header,705,1,SILENT,0,decode
7265,payload,6145287,1,SILENT,0,decode
7266,bit_flip,896262,1,caught,66,decode
7267,random_bytes,4054299,6,SILENT,0,decode
7268,zeroed_run,6033478,2011,SILENT,0,decode
7269,truncation,1644368,7638483,caught,68,decode
7270,header,219,1,SILENT,0,decode
7271,payload,2949062,1,SILENT,0,decode
7272,bit_flip,9045912,1,SILENT,0,decode
7273,random_bytes,4339967,11,caught,66,decode
7274,zeroed_run,3713895,1836,SILENT,0,decode
7275,truncation,4258771,5024080,caught,68,decode
7276,header,454,1,SILENT,0,decode
7277,payload,8117359,1,SILENT,0,decode
7278,bit_flip,2494550,1,SILENT,0,decode
7279,random_bytes,6837327,5,caught,66,decode
7280,zeroed_run,3541182,740,SILENT,0,decode
7281,truncation,8036343,1246508,caught,68,decode
7282,header,203,1,SILENT,0,decode
7283,payload,8350158,1,SILENT,0,decode
7284,bit_flip,2143843,1,SILENT,0,decode
7285,random_bytes,2770157,11,SILENT,0,decode
7286,zeroed_run,4486367,2849,SILENT,0,decode
7287,truncation,8039397,1243454,caught,68,decode
7288,header,839,1,SILENT,0,decode
7289,payload,76369,1,caught,66,decode
7290,bit_flip,3908180,1,caught,66,decode
7291,random_bytes,1869251,12,caught,66,decode
7292,zeroed_run,556870,426,SILENT,0,decode
7293,truncation,3860358,5422493,caught,68,decode
7294,header,440,1,SILENT,0,decode
7295,payload,8153103,1,SILENT,0,decode
7296,bit_flip,613497,1,SILENT,0,decode
7297,random_bytes,2514563,10,SILENT,0,decode
7298,zeroed_run,4284044,1708,SILENT,0,decode
7299,truncation,4016330,5266521,caught,68,decode
7300,header,863,1,caught,66,decode
7301,payload,5193315,1,SILENT,0,decode
7302,bit_flip,1313798,1,SILENT,0,decode
7303,random_bytes,2725526,1,SILENT,0,decode
7304,zeroed_run,8313784,819,SILENT,0,decode
7305,truncation,7166003,2116848,caught,68,decode
7306,header,691,1,SILENT,0,decode
7307,payload,8393183,1,caught,66,decode
7308,bit_flip,7517870,1,SILENT,0,decode
7309,random_bytes,5765383,3,SILENT,0,decode
7310,zeroed_run,6206959,2611,SILENT,0,decode
7311,truncation,2555147,6727704,caught,68,decode
7312,header,84,1,SILENT,0,decode
7313,payload,7619946,1,SILENT,0,decode
7314,bit_flip,6073691,1,SILENT,0,decode
7315,random_bytes,6127978,15,SILENT,0,decode
7316,zeroed_run,1461301,2970,SILENT,0,decode
7317,truncation,6964645,2318206,caught,68,decode
7318,header,312,1,SILENT,0,decode
7319,payload,633829,1,caught,66,decode
7320,bit_flip,8424586,1,SILENT,0,decode
7321,random_bytes,3301824,14,SILENT,0,decode
7322,zeroed_run,1891231,2742,SILENT,0,decode
7323,truncation,28929,9253922,caught,68,decode
7324,header,514,1,SILENT,0,decode
7325,payload,8648063,1,SILENT,0,decode
7326,bit_flip,6442231,1,SILENT,0,decode
7327,random_bytes,2811549,13,caught,66,decode
7328,zeroed_run,4427816,2037,SILENT,0,decode
7329,truncation,4949000,4333851,caught,68,decode
7330,header,127,1,caught,66,decode
7331,payload,4296964,1,caught,66,decode
7332,bit_flip,3915901,1,caught,66,decode
7333,random_bytes,6160971,6,SILENT,0,decode
7334,zeroed_run,2173052,1326,SILENT,0,decode
7335,truncation,5950270,3332581,caught,68,decode
7336,header,812,1,SILENT,0,decode
7337,payload,6278409,1,SILENT,0,decode
7338,bit_flip,2049670,1,SILENT,0,decode
7339,random_bytes,3255876,9,SILENT,0,decode
7340,zeroed_run,1903796,2406,SILENT,0,decode
7341,truncation,765433,8517418,caught,68,decode
7342,header,817,1,SILENT,0,decode
7343,payload,870690,1,caught,66,decode
7344,bit_flip,3397853,1,caught,66,decode
7345,random_bytes,3469609,8,SILENT,0,decode
7346,zeroed_run,1376812,2448,SILENT,0,decode
7347,truncation,8296669,986182,caught,68,decode
7348,header,776,1,SILENT,0,decode
7349,payload,2313453,1,SILENT,0,decode
7350,bit_flip,5073609,1,SILENT,0,decode
7351,random_bytes,4480581,11,SILENT,0,decode
7352,zeroed_run,4630855,3138,SILENT,0,decode
7353,truncation,6410436,2872415,caught,68,decode
7354,header,570,1,SILENT,0,decode
7355,payload,2171462,1,SILENT,0,decode
7356,bit_flip,2580652,1,SILENT,0,decode
7357,random_bytes,8224240,1,caught,66,decode
7358,zeroed_run,965687,673,SILENT,0,decode
7359,truncation,2206487,7076364,caught,68,decode
7360,header,246,1,SILENT,0,decode
7361,payload,6342987,1,SILENT,0,decode
7362,bit_flip,7496729,1,SILENT,0,decode
7363,random_bytes,4677812,2,caught,66,decode
7364,zeroed_run,8817409,1899,SILENT,0,decode
7365,truncation,4730004,4552847,caught,68,decode
7366,header,689,1,SILENT,0,decode
7367,payload,4720982,1,SILENT,0,decode
7368,bit_flip,857633,1,SILENT,0,decode
7369,random_bytes,6233521,8,caught,66,decode
7370,zeroed_run,8385446,3813,SILENT,0,decode
7371,truncation,5118436,4164415,caught,68,decode
7372,header,622,1,SILENT,0,decode
7373,payload,4240939,1,SILENT,0,decode
7374,bit_flip,2481673,1,SILENT,0,decode
7375,random_bytes,8868130,15,SILENT,0,decode
7376,zeroed_run,8766900,4078,SILENT,0,decode
7377,truncation,7700741,1582110,caught,68,decode
7378,header,596,1,SILENT,0,decode
7379,payload,155451,1,SILENT,0,decode
7380,bit_flip,5412903,1,SILENT,0,decode
7381,random_bytes,826959,15,caught,66,decode
7382,zeroed_run,7370800,3412,SILENT,0,decode
7383,truncation,8999988,282863,caught,68,decode
7384,header,558,1,SILENT,0,decode
7385,payload,1156686,1,SILENT,0,decode
7386,bit_flip,6534517,1,caught,66,decode
7387,random_bytes,4514883,3,caught,66,decode
7388,zeroed_run,8679374,3683,SILENT,0,decode
7389,truncation,6076826,3206025,caught,68,decode
7390,header,41,1,caught,66,decode
7391,payload,8283558,1,SILENT,0,decode
7392,bit_flip,1405866,1,SILENT,0,decode
7393,random_bytes,6457107,7,caught,66,decode
7394,zeroed_run,8951810,445,SILENT,0,decode
7395,truncation,7502770,1780081,caught,68,decode
7396,header,385,1,SILENT,0,decode
7397,payload,7281990,1,SILENT,0,decode
7398,bit_flip,9721,1,SILENT,0,decode
7399,random_bytes,3058604,4,caught,66,decode
7400,zeroed_run,4575748,3756,SILENT,0,decode
7401,truncation,1778899,7503952,caught,68,decode
7402,header,212,1,SILENT,0,decode
7403,payload,4815018,1,SILENT,0,decode
7404,bit_flip,3484932,1,SILENT,0,decode
7405,random_bytes,3597119,5,caught,66,decode
7406,zeroed_run,4433048,22,SILENT,0,decode
7407,truncation,4315763,4967088,caught,68,decode
7408,header,219,1,SILENT,0,decode
7409,payload,4747420,1,caught,66,decode
7410,bit_flip,3466785,1,caught,66,decode
7411,random_bytes,4786251,5,caught,66,decode
7412,zeroed_run,409324,3150,SILENT,0,decode
7413,truncation,3704422,5578429,caught,68,decode
7414,header,598,1,SILENT,0,decode
7415,payload,4121914,1,SILENT,0,decode
7416,bit_flip,7716309,1,SILENT,0,decode
7417,random_bytes,4427896,7,SILENT,0,decode
7418,zeroed_run,6030706,2253,SILENT,0,decode
7419,truncation,3481527,5801324,caught,68,decode
7420,header,14,1,SILENT,0,decode
7421,payload,7460365,1,SILENT,0,decode
7422,bit_flip,7863395,1,SILENT,0,decode
7423,random_bytes,9013955,9,caught,66,decode
7424,zeroed_run,495518,2685,SILENT,0,decode
7425,truncation,1890435,7392416,caught,68,decode
7426,header,125,1,caught,66,decode
7427,payload,328736,1,SILENT,0,decode
7428,bit_flip,8833990,1,SILENT,0,decode
7429,random_bytes,1182864,15,caught,66,decode
7430,zeroed_run,7503918,2430,SILENT,0,decode
7431,truncation,6037380,3245471,caught,68,decode
7432,header,833,1,caught,66,decode
7433,payload,6913533,1,SILENT,0,decode
7434,bit_flip,8410516,1,caught,66,decode
7435,random_bytes,4580749,1,SILENT,0,decode
7436,zeroed_run,7665658,1070,SILENT,0,decode
7437,truncation,5945987,3336864,caught,68,decode
7438,header,744,1,SILENT,0,decode
7439,payload,4526027,1,SILENT,0,decode
7440,bit_flip,5843339,1,SILENT,0,decode
7441,random_bytes,959687,4,SILENT,0,decode
7442,zeroed_run,5545117,2731,SILENT,0,decode
7443,truncation,6191507,3091344,caught,68,decode
7444,header,185,1,SILENT,0,decode
7445,payload,8305436,1,SILENT,0,decode
7446,bit_flip,151844,1,SILENT,0,decode
7447,random_bytes,2099253,1,SILENT,0,decode
7448,zeroed_run,5940171,1541,SILENT,0,decode
7449,truncation,8872835,410016,caught,68,decode
7450,header,757,1,SILENT,0,decode
7451,payload,5419314,1,SILENT,0,decode
7452,bit_flip,2457754,1,caught,66,decode
7453,random_bytes,8467884,8,SILENT,0,decode
7454,zeroed_run,2536072,306,SILENT,0,decode
7455,truncation,7327498,1955353,caught,68,decode
7456,header,95,1,caught,66,decode
7457,payload,5238626,1,SILENT,0,decode
7458,bit_flip,23390,1,SILENT,0,decode
7459,random_bytes,2630509,1,SILENT,0,decode
7460,zeroed_run,6073706,2121,SILENT,0,decode
7461,truncation,4079180,5203671,caught,68,decode
7462,header,173,1,SILENT,0,decode
7463,payload,4865094,1,SILENT,0,decode
7464,bit_flip,5624202,1,SILENT,0,decode
7465,random_bytes,8155932,12,caught,66,decode
7466,zeroed_run,2485326,3910,SILENT,0,decode
7467,truncation,2635542,6647309,caught,68,decode
7468,header,124,1,SILENT,0,decode
7469,payload,174392,1,SILENT,0,decode
7470,bit_flip,474101,1,SILENT,0,decode
7471,random_bytes,970041,8,caught,66,decode
7472,zeroed_run,3404689,1587,SILENT,0,decode
7473,truncation,2222811,7060040,caught,68,decode
7474,header,378,1,SILENT,0,decode
7475,payload,2374393,1,SILENT,0,decode
7476,bit_flip,6462874,1,SILENT,0,decode
7477,random_bytes,2487966,5,SILENT,0,decode
7478,zeroed_run,1782441,2060,SILENT,0,decode
7479,truncation,5266984,4015867,caught,68,decode
7480,header,279,1,SILENT,0,decode
7481,payload,4745138,1,caught,66,decode
7482,bit_flip,6153726,1,SILENT,0,decode
7483,random_bytes,3031258,12,SILENT,0,decode
7484,zeroed_run,419878,1792,SILENT,0,decode
7485,truncation,6093737,3189114,caught,68,decode
7486,header,506,1,SILENT,0,decode
7487,payload,1912247,1,SILENT,0,decode
7488,bit_flip,5533549,1,SILENT,0,decode
7489,random_bytes,8562964,13,caught,66,decode
7490,zeroed_run,6777407,455,SILENT,0,decode
7491,truncation,2396699,6886152,caught,68,decode
7492,header,401,1,SILENT,0,decode
7493,payload,7298344,1,caught,66,decode
7494,bit_flip,2351250,1,SILENT,0,decode
7495,random_bytes,4608090,15,caught,66,decode
7496,zeroed_run,5896363,2385,SILENT,0,decode
7497,truncation,943893,8338958,caught,68,decode
7498,header,493,1,SILENT,0,decode
7499,payload,1657105,1,SILENT,0,decode
7500,bit_flip,7110263,1,SILENT,0,decode
7501,random_bytes,8417634,11,SILENT,0,decode
7502,zeroed_run,2691847,1245,SILENT,0,decode
7503,truncation,5516202,3766649,caught,68,decode
7504,header,874,1,SILENT,0,decode
7505,payload,33456,1,SILENT,0,decode
7506,bit_flip,6341820,1,SILENT,0,decode
7507,random_bytes,2030042,3,caught,66,decode
7508,zeroed_run,3048113,3791,SILENT,0,decode
7509,truncation,9069373,213478,caught,68,decode
7510,header,967,1,SILENT,0,decode
7511,payload,7115623,1,SILENT,0,decode
7512,bit_flip,337902,1,SILENT,0,decode
7513,random_bytes,3757540,15,SILENT,0,decode
7514,zeroed_run,2866653,143,SILENT,0,decode
7515,truncation,2280975,7001876,caught,68,decode
7516,header,816,1,SILENT,0,decode
7517,payload,5871654,1,SILENT,0,decode
7518,bit_flip,59226,1,SILENT,0,decode
7519,random_bytes,344081,3,caught,66,decode
7520,zeroed_run,4389075,3136,SILENT,0,decode
7521,truncation,1313837,7969014,caught,68,decode
7522,header,239,1,SILENT,0,decode
7523,payload,4334670,1,SILENT,0,decode
7524,bit_flip,6367202,1,SILENT,0,decode
7525,random_bytes,7723810,9,SILENT,0,decode
7526,zeroed_run,4935195,2791,SILENT,0,decode
7527,truncation,2420062,6862789,caught,68,decode
7528,header,769,1,SILENT,0,decode
7529,payload,2046195,1,SILENT,0,decode
7530,bit_flip,4357585,1,SILENT,0,decode
7531,random_bytes,524518,8,SILENT,0,decode
7532,zeroed_run,9108214,2956,SILENT,0,decode
7533,truncation,8886334,396517,caught,68,decode
7534,header,189,1,SILENT,0,decode
7535,payload,865546,1,SILENT,0,decode
7536,bit_flip,5661838,1,SILENT,0,decode
7537,random_bytes,6063976,1,SILENT,0,decode
7538,zeroed_run,4511407,3421,SILENT,0,decode
7539,truncation,1706100,7576751,caught,68,decode
7540,header,361,1,SILENT,0,decode
7541,payload,8945398,1,SILENT,0,decode
7542,bit_flip,5733032,1,caught,66,decode
7543,random_bytes,8985635,14,SILENT,0,decode
7544,zeroed_run,9203680,2633,SILENT,0,decode
7545,truncation,5516369,3766482,caught,68,decode
7546,header,541,1,caught,66,decode
7547,payload,2850744,1,caught,66,decode
7548,bit_flip,6607662,1,SILENT,0,decode
7549,random_bytes,3081165,4,caught,66,decode
7550,zeroed_run,3244757,295,SILENT,0,decode
7551,truncation,9186924,95927,caught,68,decode
7552,header,498,1,SILENT,0,decode
7553,payload,8104046,1,caught,66,decode
7554,bit_flip,2525577,1,SILENT,0,decode
7555,random_bytes,5897123,8,SILENT,0,decode
7556,zeroed_run,789019,2307,SILENT,0,decode
7557,truncation,7356449,1926402,caught,68,decode
7558,header,517,1,SILENT,0,decode
7559,payload,6483931,1,SILENT,0,decode
7560,bit_flip,8036974,1,SILENT,0,decode
7561,random_bytes,4733597,6,caught,66,decode
7562,zeroed_run,5216981,3805,SILENT,0,decode
7563,truncation,87287,9195564,caught,68,decode
7564,header,898,1,SILENT,0,decode
7565,payload,1662982,1,SILENT,0,decode
7566,bit_flip,7517150,1,SILENT,0,decode
7567,random_bytes,6150694,10,caught,66,decode
7568,zeroed_run,5970833,3869,SILENT,0,decode
7569,truncation,3134705,6148146,caught,68,decode
7570,header,378,1,SILENT,0,decode
7571,payload,5668031,1,SILENT,0,decode
7572,bit_flip,4265879,1,caught,66,decode
7573,random_bytes,1925730,13,SILENT,0,decode
7574,zeroed_run,8049022,2855,SILENT,0,decode
7575,truncation,3251348,6031503,caught,68,decode
7576,header,124,1,SILENT,0,decode
7577,payload,4429828,1,SILENT,0,decode
7578,bit_flip,9282046,1,SILENT,0,decode
7579,random_bytes,1754632,3,caught,66,decode
7580,zeroed_run,7354531,3578,SILENT,0,decode
7581,truncation,654018,8628833,caught,68,decode
7582,header,48,1,caught,66,decode
7583,payload,7298544,1,SILENT,0,decode
7584,bit_flip,2734245,1,SILENT,0,decode
7585,random_bytes,3718642,16,caught,66,decode
7586,zeroed_run,5963116,262,SILENT,0,decode
7587,truncation,5907988,3374863,caught,68,decode
7588,header,777,1,SILENT,0,decode
7589,payload,26914,1,SILENT,0,decode
7590,bit_flip,5111546,1,SILENT,0,decode
7591,random_bytes,4618690,11,caught,66,decode
7592,zeroed_run,4475808,4091,SILENT,0,decode
7593,truncation,4598884,4683967,caught,68,decode
7594,header,559,1,SILENT,0,decode
7595,payload,4781782,1,SILENT,0,decode
7596,bit_flip,5840797,1,SILENT,0,decode
7597,random_bytes,6037755,12,caught,66,decode
7598,zeroed_run,5756454,3822,SILENT,0,decode
7599,truncation,7846075,1436776,caught,68,decode
7600,header,1021,1,caught,66,decode
7601,payload,3222017,1,caught,66,decode
7602,bit_flip,754201,1,SILENT,0,decode
7603,random_bytes,6507544,15,SILENT,0,decode
7604,zeroed_run,5452657,2871,SILENT,0,decode
7605,truncation,3889175,5393676,caught,68,decode
7606,header,937,1,SILENT,0,decode
7607,payload,4551746,1,caught,66,decode
7608,bit_flip,1298707,1,SILENT,0,decode
7609,random_bytes,5441053,1,SILENT,0,decode
7610,zeroed_run,3085690,2330,SILENT,0,decode
7611,truncation,520412,8762439,caught,68,decode
7612,header,814,1,SILENT,0,decode
7613,payload,2810975,1,SILENT,0,decode
7614,bit_flip,6443641,1,SILENT,0,decode
7615,random_bytes,5950301,15,SILENT,0,decode
7616,zeroed_run,7391121,1798,SILENT,0,decode
7617,truncation,98618,9184233,caught,68,decode
7618,header,865,1,SILENT,0,decode
7619,payload,4988796,1,SILENT,0,decode
7620,bit_flip,6809706,1,SILENT,0,decode
7621,random_bytes,4993170,7,SILENT,0,decode
7622,zeroed_run,6013114,3554,SILENT,0,decode
7623,truncation,70348,9212503,caught,68,decode
7624,header,248,1,SILENT,0,decode
7625,payload,8499881,1,SILENT,0,decode
7626,bit_flip,1920431,1,SILENT,0,decode
7627,random_bytes,5620893,9,caught,66,decode
7628,zeroed_run,8675971,2773,SILENT,0,decode
7629,truncation,452568,8830283,caught,68,decode
7630,header,913,1,SILENT,0,decode
7631,payload,4129934,1,caught,66,decode
7632,bit_flip,3021508,1,SILENT,0,decode
7633,random_bytes,2178,8,caught,66,decode
7634,zeroed_run,1951398,3671,SILENT,0,decode
7635,truncation,2418940,6863911,caught,68,decode
7636,header,688,1,SILENT,0,decode
7637,payload,8977652,1,SILENT,0,decode
7638,bit_flip,3432155,1,SILENT,0,decode
7639,random_bytes,5394313,4,caught,66,decode
7640,zeroed_run,3937928,658,SILENT,0,decode
7641,truncation,7080359,2202492,caught,68,decode
7642,header,506,1,SILENT,0,decode
7643,payload,5494786,1,caught,66,decode
7644,bit_flip,1461413,1,SILENT,0,decode
7645,random_bytes,9201606,3,SILENT,0,decode
7646,zeroed_run,1444230,3537,SILENT,0,decode
7647,truncation,8845294,437557,caught,68,decode
7648,header,871,1,SILENT,0,decode
7649,payload,6267018,1,SILENT,0,decode
7650,bit_flip,345017,1,SILENT,0,decode
7651,random_bytes,4459837,9,caught,66,decode
7652,zeroed_run,2162822,1056,SILENT,0,decode
7653,truncation,756814,8526037,caught,68,decode
7654,header,527,1,SILENT,0,decode
7655,payload,4408491,1,SILENT,0,decode
7656,bit_flip,7870561,1,SILENT,0,decode
7657,random_bytes,107213,15,SILENT,0,decode
7658,zeroed_run,1013413,1044,SILENT,0,decode
7659,truncation,6857498,2425353,caught,68,decode
7660,header,674,1,SILENT,0,decode
7661,payload,5268916,1,caught,66,decode
7662,bit_flip,2375368,1,SILENT,0,decode
7663,random_bytes,72287,8,caught,66,decode
7664,zeroed_run,2325824,683,SILENT,0,decode
7665,truncation,4729591,4553260,caught,68,decode
7666,header,242,1,caught,66,decode
7667,payload,151532,1,SILENT,0,decode
7668,bit_flip,6445508,1,SILENT,0,decode
7669,random_bytes,4321656,6,caught,66,decode
7670,zeroed_run,1862024,1195,SILENT,0,decode
7671,truncation,4666006,4616845,caught,68,decode
7672,header,737,1,SILENT,0,decode
7673,payload,1815607,1,SILENT,0,decode
7674,bit_flip,6585306,1,SILENT,0,decode
7675,random_bytes,3103192,3,SILENT,0,decode
7676,zeroed_run,1127023,1146,SILENT,0,decode
7677,truncation,6033750,3249101,caught,68,decode
7678,header,973,1,SILENT,0,decode
7679,payload,8064860,1,SILENT,0,decode
7680,bit_flip,147679,1,SILENT,0,decode
7681,random_bytes,4154271,13,caught,66,decode
7682,zeroed_run,1303634,3797,SILENT,0,decode
7683,truncation,4642897,4639954,caught,68,decode
7684,header,597,1,SILENT,0,decode
7685,payload,6517750,1,caught,66,decode
7686,bit_flip,7599558,1,SILENT,0,decode
7687,random_bytes,1139106,1,SILENT,0,decode
7688,zeroed_run,6442442,601,SILENT,0,decode
7689,truncation,6991788,2291063,caught,68,decode
7690,header,166,1,caught,66,decode
7691,payload,3321653,1,SILENT,0,decode
7692,bit_flip,3942084,1,SILENT,0,decode
7693,random_bytes,6205119,7,caught,66,decode
7694,zeroed_run,1412625,2120,SILENT,0,decode
7695,truncation,884696,8398155,caught,68,decode
7696,header,2,1,caught,44,decode
7697,payload,1005999,1,caught,66,decode
7698,bit_flip,4866522,1,caught,66,decode
7699,random_bytes,2032790,16,caught,66,decode
7700,zeroed_run,8278816,83,SILENT,0,decode
7701,truncation,7185427,2097424,caught,68,decode
7702,header,985,1,caught,66,decode
7703,payload,529325,1,SILENT,0,decode
7704,bit_flip,4221560,1,SILENT,0,decode
7705,random_bytes,8007255,4,caught,66,decode
7706,zeroed_run,6289211,2852,SILENT,0,decode
7707,truncation,6956130,2326721,caught,68,decode
7708,header,923,1,SILENT,0,decode
7709,payload,2890432,1,SILENT,0,decode
7710,bit_flip,370428,1,SILENT,0,decode
7711,random_bytes,6813478,14,SILENT,0,decode
7712,zeroed_run,4421779,1818,SILENT,0,decode
7713,truncation,8403455,879396,caught,68,decode
7714,header,393,1,SILENT,0,decode
7715,payload,1655645,1,caught,66,decode
7716,bit_flip,4440710,1,SILENT,0,decode
7717,random_bytes,5212868,10,SILENT,0,decode
7718,zeroed_run,9187477,109,SILENT,0,decode
7719,truncation,2979565,6303286,caught,68,decode
7720,header,716,1,SILENT,0,decode
7721,payload,4706585,1,SILENT,0,decode
7722,bit_flip,1383252,1,SILENT,0,decode
7723,random_bytes,2921983,9,caught,66,decode
7724,zeroed_run,761582,1167,SILENT,0,decode
7725,truncation,5458801,3824050,caught,68,decode
7726,header,258,1,caught,66,decode
7727,payload,177195,1,SILENT,0,decode
7728,bit_flip,7814260,1,SILENT,0,decode
7729,random_bytes,1018726,13,caught,66,decode
7730,zeroed_run,2550713,163,SILENT,0,decode
7731,truncation,2138973,7143878,caught,68,decode
7732,header,508,1,SILENT,0,decode
7733,payload,1859078,1,SILENT,0,decode
7734,bit_flip,6329613,1,caught,66,decode
7735,random_bytes,211386,1,SILENT,0,decode
7736,zeroed_run,977983,1895,SILENT,0,decode
7737,truncation,5605164,3677687,caught,68,decode
7738,header,762,1,SILENT,0,decode
7739,payload,863222,1,SILENT,0,decode
7740,bit_flip,1824706,1,SILENT,0,decode
7741,random_bytes,7470170,5,caught,66,decode
7742,zeroed_run,5214661,3380,SILENT,0,decode
7743,truncation,3297964,5984887,caught,68,decode
7744,header,523,1,SILENT,0,decode
7745,payload,78482,1,SILENT,0,decode
7746,bit_flip,1913204,1,caught,66,decode
7747,random_bytes,2471899,3,caught,66,decode
7748,zeroed_run,6541432,2452,SILENT,0,decode
7749,truncation,1594826,7688025,caught,68,decode
7750,header,194,1,SILENT,0,decode
7751,payload,4692137,1,SILENT,0,decode
7752,bit_flip,4463506,1,caught,66,decode
7753,random_bytes,7399090,8,caught,66,decode
7754,zeroed_run,3346873,1849,SILENT,0,decode
7755,truncation,3856035,5426816,caught,68,decode
7756,header,328,1,SILENT,0,decode
7757,payload,5773741,1,SILENT,0,decode
7758,bit_flip,2894321,1,SILENT,0,decode
7759,random_bytes,6432872,5,caught,66,decode
7760,zeroed_run,1923421,413,SILENT,0,decode
7761,truncation,5161084,4121767,caught,68,decode
7762,header,317,1,caught,66,decode
7763,payload,2150608,1,caught,66,decode
7764,bit_flip,1178336,1,SILENT,0,decode
7765,random_bytes,5793690,2,SILENT,0,decode
7766,zeroed_run,4433214,1501,SILENT,0,decode
7767,truncation,5006749,4276102,caught,68,decode
7768,header,581,1,caught,66,decode
7769,payload,868268,1,SILENT,0,decode
7770,bit_flip,1471804,1,SILENT,0,decode
7771,random_bytes,3996232,15,caught,66,decode
7772,zeroed_run,2741413,2106,SILENT,0,decode
7773,truncation,2078185,7204666,caught,68,decode
7774,header,965,1,caught,66,decode
7775,payload,8017718,1,caught,66,decode
7776,bit_flip,6716747,1,SILENT,0,decode
7777,random_bytes,3984408,4,SILENT,0,decode
7778,zeroed_run,1969354,1373,SILENT,0,decode
7779,truncation,130745,9152106,caught,68,decode
7780,header,221,1,SILENT,0,decode
7781,payload,7965288,1,SILENT,0,decode
7782,bit_flip,4423381,1,SILENT,0,decode
7783,random_bytes,2616948,3,caught,66,decode
7784,zeroed_run,2974926,1321,SILENT,0,decode
7785,truncation,7399020,1883831,caught,68,decode
7786,header,750,1,SILENT,0,decode
7787,payload,7762685,1,SILENT,0,decode
7788,bit_flip,6448828,1,SILENT,0,decode
7789,random_bytes,2674975,8,SILENT,0,decode
7790,zeroed_run,1108679,3117,SILENT,0,decode
7791,truncation,5912268,3370583,caught,68,decode
7792,header,74,1,caught,66,decode
7793,payload,5413572,1,SILENT,0,decode
7794,bit_flip,6654520,1,SILENT,0,decode
7795,random_bytes,415235,7,caught,66,decode
7796,zeroed_run,6065347,3403,SILENT,0,decode
7797,truncation,9231046,51805,caught,68,decode
7798,header,977,1,SILENT,0,decode
7799,payload,5172984,1,SILENT,0,decode
7800,bit_flip,7895811,1,SILENT,0,decode
7801,random_bytes,3607572,9,SILENT,0,decode
7802,zeroed_run,577452,2523,SILENT,0,decode
7803,truncation,1355000,7927851,caught,68,decode
7804,header,613,1,SILENT,0,decode
7805,payload,3925051,1,SILENT,0,decode
7806,bit_flip,7755489,1,SILENT,0,decode
7807,random_bytes,2035853,10,caught,66,decode
7808,zeroed_run,806845,102,SILENT,0,decode
7809,truncation,302860,8979991,caught,68,decode
7810,header,439,1,SILENT,0,decode
7811,payload,2631148,1,SILENT,0,decode
7812,bit_flip,5351653,1,SILENT,0,decode
7813,random_bytes,7525218,3,caught,66,decode
7814,zeroed_run,3352052,753,SILENT,0,decode
7815,truncation,5017454,4265397,caught,68,decode
7816,header,135,1,SILENT,0,decode
7817,payload,9260129,1,caught,66,decode
7818,bit_flip,1285614,1,SILENT,0,decode
7819,random_bytes,3218473,2,SILENT,0,decode
7820,zeroed_run,5526421,3854,SILENT,0,decode
7821,truncation,1168227,8114624,caught,68,decode
7822,header,798,1,caught,66,decode
7823,payload,1008594,1,SILENT,0,decode
7824,bit_flip,1324790,1,SILENT,0,decode
7825,random_bytes,8291157,3,SILENT,0,decode
7826,zeroed_run,4104665,3089,SILENT,0,decode
7827,truncation,5155847,4127004,caught,68,decode
7828,header,682,1,SILENT,0,decode
7829,payload,3645239,1,SILENT,0,decode
7830,bit_flip,538323,1,caught,66,decode
7831,random_bytes,8746248,13,caught,66,decode
7832,zeroed_run,3751345,2251,SILENT,0,decode
7833,truncation,4853837,4429014,caught,68,decode
7834,header,547,1,SILENT,0,decode
7835,payload,2165268,1,SILENT,0,decode
7836,bit_flip,7378091,1,SILENT,0,decode
7837,random_bytes,1602671,10,caught,66,decode
7838,zeroed_run,3536233,3641,SILENT,0,decode
7839,truncation,7429187,1853664,caught,68,decode
7840,header,210,1,SILENT,0,decode
7841,payload,4420972,1,SILENT,0,decode
7842,bit_flip,6880177,1,SILENT,0,decode
7843,random_bytes,7736916,9,caught,66,decode
7844,zeroed_run,3885568,3309,SILENT,0,decode
7845,truncation,1709407,7573444,caught,68,decode
7846,header,627,1,SILENT,0,decode
7847,payload,8971594,1,SILENT,0,decode
7848,bit_flip,8503328,1,SILENT,0,decode
7849,random_bytes,7488001,1,SILENT,0,decode
7850,zeroed_run,1933578,1814,SILENT,0,decode
7851,truncation,77846,9205005,caught,68,decode
7852,header,417,1,SILENT,0,decode
7853,payload,7796492,1,caught,66,decode
7854,bit_flip,8427804,1,SILENT,0,decode
7855,random_bytes,4985930,15,SILENT,0,decode
7856,zeroed_run,5118455,2498,SILENT,0,decode
7857,truncation,4914499,4368352,caught,68,decode
7858,header,720,1,SILENT,0,decode
7859,payload,77752,1,SILENT,0,decode
7860,bit_flip,7365059,1,SILENT,0,decode
7861,random_bytes,684559,5,SILENT,0,decode
7862,zeroed_run,5716674,3637,SILENT,0,decode
7863,truncation,5540509,3742342,caught,68,decode
7864,header,484,1,SILENT,0,decode
7865,payload,7663601,1,caught,66,decode
7866,bit_flip,5110115,1,SILENT,0,decode
7867,random_bytes,1908969,7,SILENT,0,decode
7868,zeroed_run,9124134,1775,SILENT,0,decode
7869,truncation,6779936,2502915,caught,68,decode
7870,header,72,1,SILENT,0,decode
7871,payload,270208,1,SILENT,0,decode
7872,bit_flip,8281187,1,SILENT,0,decode
7873,random_bytes,4315666,16,caught,66,decode
7874,zeroed_run,2299489,3282,SILENT,0,decode
7875,truncation,4001921,5280930,caught,68,decode
7876,header,959,1,SILENT,0,decode
7877,payload,6375384,1,caught,66,decode
7878,bit_flip,1595063,1,SILENT,0,decode
7879,random_bytes,620835,14,caught,66,decode
7880,zeroed_run,9199553,24,SILENT,0,decode
7881,truncation,1554937,7727914,caught,68,decode
7882,header,546,1,SILENT,0,decode
7883,payload,6046793,1,SILENT,0,decode
7884,bit_flip,569267,1,SILENT,0,decode
7885,random_bytes,8675847,6,caught,66,decode
7886,zeroed_run,4520859,994,SILENT,0,decode
7887,truncation,4941276,4341575,caught,68,decode
7888,header,644,1,SILENT,0,decode
7889,payload,4169101,1,caught,66,decode
7890,bit_flip,5733649,1,SILENT,0,decode
7891,random_bytes,9121627,5,caught,66,decode
7892,zeroed_run,4987423,2016,SILENT,0,decode
7893,truncation,570729,8712122,caught,68,decode
7894,header,131,1,caught,66,decode
7895,payload,5536413,1,caught,66,decode
7896,bit_flip,5135026,1,SILENT,0,decode
7897,random_bytes,5505146,15,caught,66,decode
7898,zeroed_run,7938649,303,SILENT,0,decode
7899,truncation,7097060,2185791,caught,68,decode
7900,header,87,1,SILENT,0,decode
7901,payload,4376444,1,SILENT,0,decode
7902,bit_flip,474221,1,SILENT,0,decode
7903,random_bytes,8710534,12,SILENT,0,decode
7904,zeroed_run,8746823,768,SILENT,0,decode
7905,truncation,3302525,5980326,caught,68,decode
7906,header,149,1,caught,66,decode
7907,payload,7097846,1,SILENT,0,decode
7908,bit_flip,3589588,1,SILENT,0,decode
7909,random_bytes,211011,8,caught,66,decode
7910,zeroed_run,5263980,745,SILENT,0,decode
7911,truncation,9163903,118948,caught,68,decode
7912,header,932,1,SILENT,0,decode
7913,payload,8203436,1,caught,66,decode
7914,bit_flip,5074635,1,SILENT,0,decode
7915,random_bytes,7537649,8,caught,66,decode
7916,zeroed_run,7654597,315,SILENT,0,decode
7917,truncation,1486610,7796241,caught,68,decode
7918,header,870,1,SILENT,0,decode
7919,payload,4130569,1,SILENT,0,decode
7920,bit_flip,380519,1,SILENT,0,decode
7921,random_bytes,5800414,6,caught,66,decode
7922,zeroed_run,4624827,3483,SILENT,0,decode
7923,truncation,1172303,8110548,caught,68,decode
7924,header,186,1,caught,66,decode
7925,payload,5040625,1,SILENT,0,decode
7926,bit_flip,3683316,1,SILENT,0,decode
7927,random_bytes,4232311,9,caught,66,decode
7928,zeroed_run,4160988,3012,SILENT,0,decode
7929,truncation,7706416,1576435,caught,68,decode
7930,header,461,1,SILENT,0,decode
7931,payload,2081329,1,SILENT,0,decode
7932,bit_flip,6552092,1,SILENT,0,decode
7933,random_bytes,7797530,7,caught,66,decode
7934,zeroed_run,7148043,3455,SILENT,0,decode
7935,truncation,6731179,2551672,caught,68,decode
7936,header,297,1,SILENT,0,decode
7937,payload,6674455,1,SILENT,0,decode
7938,bit_flip,4136585,1,SILENT,0,decode
7939,random_bytes,5723071,16,SILENT,0,decode
7940,zeroed_run,1397976,2989,SILENT,0,decode
7941,truncation,752891,8529960,caught,68,decode
7942,header,739,1,SILENT,0,decode
7943,payload,638998,1,SILENT,0,decode
7944,bit_flip,9062494,1,caught,66,decode
7945,random_bytes,446533,14,SILENT,0,decode
7946,zeroed_run,3533744,2039,SILENT,0,decode
7947,truncation,3452526,5830325,caught,68,decode
7948,header,749,1,SILENT,0,decode
7949,payload,2225090,1,SILENT,0,decode
7950,bit_flip,5383491,1,SILENT,0,decode
7951,random_bytes,5686205,11,caught,66,decode
7952,zeroed_run,5214090,2232,SILENT,0,decode
7953,truncation,120509,9162342,caught,68,decode
7954,header,350,1,SILENT,0,decode
7955,payload,8612345,1,caught,66,decode
7956,bit_flip,2497456,1,SILENT,0,decode
7957,random_bytes,475531,9,SILENT,0,decode
7958,zeroed_run,8772980,438,SILENT,0,decode
7959,truncation,8093001,1189850,caught,68,decode
7960,header,406,1,caught,66,decode
7961,payload,1231929,1,SILENT,0,decode
7962,bit_flip,6273434,1,SILENT,0,decode
7963,random_bytes,7348201,2,caught,66,decode
7964,zeroed_run,2316905,2781,SILENT,0,decode
7965,truncation,3423827,5859024,caught,68,decode
7966,header,426,1,caught,66,decode
7967,payload,3018514,1,SILENT,0,decode
7968,bit_flip,6584576,1,SILENT,0,decode
7969,random_bytes,3335316,11,caught,66,decode
7970,zeroed_run,6069508,2641,SILENT,0,decode
7971,truncation,3886548,5396303,caught,68,decode
7972,header,364,1,SILENT,0,decode
7973,payload,8084345,1,SILENT,0,decode
7974,bit_flip,1276902,1,SILENT,0,decode
7975,random_bytes,3932215,16,caught,66,decode
7976,zeroed_run,7385701,3806,SILENT,0,decode
7977,truncation,584857,8697994,caught,68,decode
7978,header,674,1,SILENT,0,decode
7979,payload,295927,1,caught,66,decode
7980,bit_flip,6222850,1,SILENT,0,decode
7981,random_bytes,84482,5,SILENT,0,decode
7982,zeroed_run,6173281,101,SILENT,0,decode
7983,truncation,4164565,5118286,caught,68,decode
7984,header,432,1,SILENT,0,decode
7985,payload,7987349,1,SILENT,0,decode
7986,bit_flip,8206947,1,SILENT,0,decode
7987,random_bytes,3389220,4,caught,66,decode
7988,zeroed_run,5843935,460,SILENT,0,decode
7989,truncation,842357,8440494,caught,68,decode
7990,header,729,1,SILENT,0,decode
7991,payload,3527328,1,SILENT,0,decode
7992,bit_flip,4884565,1,SILENT,0,decode
7993,random_bytes,8448338,2,caught,66,decode
7994,zeroed_run,485159,2177,SILENT,0,decode
7995,truncation,4198952,5083899,caught,68,decode
7996,header,489,1,SILENT,0,decode
7997,payload,6529649,1,SILENT,0,decode
7998,bit_flip,4895347,1,SILENT,0,decode
7999,random_bytes,9018998,5,caught,66,decode
8000,zeroed_run,4047015,1731,SILENT,0,decode
8001,truncation,4880799,4402052,caught,68,decode
8002,header,409,1,SILENT,0,decode
8003,payload,3580718,1,SILENT,0,decode
8004,bit_flip,8482843,1,SILENT,0,decode
8005,random_bytes,2834372,11,caught,66,decode
8006,zeroed_run,3443948,711,SILENT,0,decode
8007,truncation,5308547,3974304,caught,68,decode
8008,header,221,1,SILENT,0,decode
8009,payload,6622627,1,caught,66,decode
8010,bit_flip,7446923,1,SILENT,0,decode
8011,random_bytes,1685573,15,SILENT,0,decode
8012,zeroed_run,1948416,2823,SILENT,0,decode
8013,truncation,1068425,8214426,caught,68,decode
8014,header,487,1,caught,66,decode
8015,payload,4677762,1,SILENT,0,decode
8016,bit_flip,7936667,1,SILENT,0,decode
8017,random_bytes,4177554,7,caught,66,decode
8018,zeroed_run,7964510,3091,SILENT,0,decode
8019,truncation,2313023,6969828,caught,68,decode
8020,header,986,1,SILENT,0,decode
8021,payload,248276,1,SILENT,0,decode
8022,bit_flip,2669973,1,SILENT,0,decode
8023,random_bytes,2526095,8,caught,66,decode
8024,zeroed_run,7289129,110,SILENT,0,decode
8025,truncation,7340600,1942251,caught,68,decode
8026,header,983,1,SILENT,0,decode
8027,payload,3376085,1,SILENT,0,decode
8028,bit_flip,1710498,1,SILENT,0,decode
8029,random_bytes,4113497,16,caught,66,decode
8030,zeroed_run,1676236,3947,SILENT,0,decode
8031,truncation,632760,8650091,caught,68,decode
8032,header,56,1,caught,66,decode
8033,payload,4113230,1,SILENT,0,decode
8034,bit_flip,1592812,1,SILENT,0,decode
8035,random_bytes,292592,11,SILENT,0,decode
8036,zeroed_run,6361589,2817,SILENT,0,decode
8037,truncation,7079159,2203692,caught,68,decode
8038,header,17,1,SILENT,0,decode
8039,payload,4211114,1,caught,66,decode
8040,bit_flip,6767775,1,SILENT,0,decode
8041,random_bytes,1122263,15,caught,66,decode
8042,zeroed_run,1869629,3190,SILENT,0,decode
8043,truncation,6412063,2870788,caught,68,decode
8044,header,58,1,caught,66,decode
8045,payload,4988689,1,caught,66,decode
8046,bit_flip,2041606,1,SILENT,0,decode
8047,random_bytes,6530783,2,SILENT,0,decode
8048,zeroed_run,5391154,3337,SILENT,0,decode
8049,truncation,6898779,2384072,caught,68,decode
8050,header,630,1,SILENT,0,decode
8051,payload,4872415,1,caught,66,decode
8052,bit_flip,5047557,1,caught,66,decode
8053,random_bytes,6004339,9,SILENT,0,decode
8054,zeroed_run,5922165,1567,SILENT,0,decode
8055,truncation,7179342,2103509,caught,68,decode
8056,header,180,1,SILENT,0,decode
8057,payload,593914,1,caught,66,decode
8058,bit_flip,6363248,1,SILENT,0,decode
8059,random_bytes,6780413,7,caught,66,decode
8060,zeroed_run,4857089,1316,SILENT,0,decode
8061,truncation,8325923,956928,caught,68,decode
8062,header,579,1,caught,66,decode
8063,payload,7964882,1,SILENT,0,decode
8064,bit_flip,2557369,1,SILENT,0,decode
8065,random_bytes,3815369,15,SILENT,0,decode
8066,zeroed_run,1587484,1262,SILENT,0,decode
8067,truncation,8955379,327472,caught,68,decode
8068,header,173,1,SILENT,0,decode
8069,payload,70354,1,SILENT,0,decode
8070,bit_flip,2004744,1,SILENT,0,decode
8071,random_bytes,7908182,2,caught,66,decode
8072,zeroed_run,3624895,750,SILENT,0,decode
8073,truncation,3178869,6103982,caught,68,decode
8074,header,122,1,caught,66,decode
8075,payload,129427,1,SILENT,0,decode
8076,bit_flip,2518727,1,SILENT,0,decode
8077,random_bytes,6037194,15,caught,66,decode
8078,zeroed_run,7849261,1026,SILENT,0,decode
8079,truncation,3137800,6145051,caught,68,decode
8080,header,324,1,SILENT,0,decode
8081,payload,1295017,1,SILENT,0,decode
8082,bit_flip,2661139,1,SILENT,0,decode
8083,random_bytes,7773323,5,SILENT,0,decode
8084,zeroed_run,4954090,1385,SILENT,0,decode
8085,truncation,8579883,702968,caught,68,decode
8086,header,326,1,caught,66,decode
8087,payload,6653421,1,SILENT,0,decode
8088,bit_flip,4933921,1,SILENT,0,decode
8089,random_bytes,5022145,7,caught,66,decode
8090,zeroed_run,7377766,1121,SILENT,0,decode
8091,truncation,8613286,669565,caught,68,decode
8092,header,206,1,SILENT,0,decode
8093,payload,2237939,1,SILENT,0,decode
8094,bit_flip,5493117,1,SILENT,0,decode
8095,random_bytes,5039934,8,caught,66,decode
8096,zeroed_run,4778360,3021,SILENT,0,decode
8097,truncation,6328633,2954218,caught,68,decode
8098,header,513,1,caught,66,decode
8099,payload,1676227,1,SILENT,0,decode
8100,bit_flip,614618,1,SILENT,0,decode
8101,random_bytes,5651421,13,caught,66,decode
8102,zeroed_run,8357778,292,SILENT,0,decode
8103,truncation,8261180,1021671,caught,68,decode
8104,header,208,1,SILENT,0,decode
8105,payload,9240682,1,SILENT,0,decode
8106,bit_flip,8133578,1,SILENT,0,decode
8107,random_bytes,7811173,7,caught,66,decode
8108,zeroed_run,1508093,338,SILENT,0,decode
8109,truncation,3443290,5839561,caught,68,decode
8110,header,878,1,caught,66,decode
8111,payload,2459919,1,SILENT,0,decode
8112,bit_flip,3287084,1,SILENT,0,decode
8113,random_bytes,2624819,9,caught,66,decode
8114,zeroed_run,6390690,173,SILENT,0,decode
8115,truncation,8831334,451517,caught,68,decode
8116,header,613,1,SILENT,0,decode
8117,payload,1813476,1,SILENT,0,decode
8118,bit_flip,8244857,1,SILENT,0,decode
8119,random_bytes,2068969,7,caught,66,decode
8120,zeroed_run,9067263,3278,SILENT,0,decode
8121,truncation,1393343,7889508,caught,68,decode
8122,header,278,1,SILENT,0,decode
8123,payload,9137557,1,SILENT,0,decode
8124,bit_flip,1822334,1,SILENT,0,decode
8125,random_bytes,4978165,11,caught,66,decode
8126,zeroed_run,4020828,90,SILENT,0,decode
8127,truncation,4754015,4528836,caught,68,decode
8128,header,1015,1,SILENT,0,decode
8129,payload,1562890,1,SILENT,0,decode
8130,bit_flip,4039802,1,SILENT,0,decode
8131,random_bytes,7481911,10,SILENT,0,decode
8132,zeroed_run,8453029,2077,SILENT,0,decode
8133,truncation,8938062,344789,caught,68,decode
8134,header,29,1,caught,66,decode
8135,payload,7916305,1,SILENT,0,decode
8136,bit_flip,1528447,1,SILENT,0,decode
8137,random_bytes,3689902,3,SILENT,0,decode
8138,zeroed_run,7333931,2525,SILENT,0,decode
8139,truncation,1798622,7484229,caught,68,decode
8140,header,343,1,caught,66,decode
8141,payload,4485737,1,SILENT,0,decode
8142,bit_flip,7381576,1,SILENT,0,decode
8143,random_bytes,6466146,1,SILENT,0,decode
8144,zeroed_run,8359628,3325,SILENT,0,decode
8145,truncation,7778639,1504212,caught,68,decode
8146,header,702,1,caught,66,decode
8147,payload,8902242,1,SILENT,0,decode
8148,bit_flip,4121999,1,caught,66,decode
8149,random_bytes,4904217,8,caught,66,decode
8150,zeroed_run,1037112,3166,SILENT,0,decode
8151,truncation,6090827,3192024,caught,68,decode
8152,header,844,1,SILENT,0,decode
8153,payload,5726541,1,SILENT,0,decode
8154,bit_flip,7580638,1,SILENT,0,decode
8155,random_bytes,5541441,7,SILENT,0,decode
8156,zeroed_run,8361593,1929,SILENT,0,decode
8157,truncation,8340628,942223,caught,68,decode
8158,header,599,1,SILENT,0,decode
8159,payload,8850613,1,SILENT,0,decode
8160,bit_flip,4960333,1,SILENT,0,decode
8161,random_bytes,3917199,11,SILENT,0,decode
8162,zeroed_run,4254084,3057,SILENT,0,decode
8163,truncation,2240119,7042732,caught,68,decode
8164,header,512,1,SILENT,0,decode
8165,payload,5655374,1,caught,66,decode
8166,bit_flip,6084016,1,SILENT,0,decode
8167,random_bytes,7297765,12,caught,66,decode
8168,zeroed_run,4068872,443,SILENT,0,decode
8169,truncation,828215,8454636,caught,68,decode
8170,header,654,1,SILENT,0,decode
8171,payload,2532792,1,SILENT,0,decode
8172,bit_flip,4698296,1,SILENT,0,decode
8173,random_bytes,6547857,8,SILENT,0,decode
8174,zeroed_run,4818045,1671,SILENT,0,decode
8175,truncation,341583,8941268,caught,68,decode
8176,header,85,1,SILENT,0,decode
8177,payload,3490003,1,SILENT,0,decode
8178,bit_flip,9213268,1,SILENT,0,decode
8179,random_bytes,3786386,2,caught,66,decode
8180,zeroed_run,4418323,2623,SILENT,0,decode
8181,truncation,386252,8896599,caught,68,decode
8182,header,884,1,SILENT,0,decode
8183,payload,3408112,1,SILENT,0,decode
8184,bit_flip,5782549,1,SILENT,0,decode
8185,random_bytes,4164530,11,caught,66,decode
8186,zeroed_run,3481530,1005,SILENT,0,decode
8187,truncation,5894374,3388477,caught,68,decode
8188,header,451,1,SILENT,0,decode
8189,payload,2420222,1,SILENT,0,decode
8190,bit_flip,6154968,1,SILENT,0,decode
8191,random_bytes,2715289,15,caught,66,decode
8192,zeroed_run,5667558,472,SILENT,0,decode
8193,truncation,5723833,3559018,caught,68,decode
8194,header,510,1,SILENT,0,decode
8195,payload,6756110,1,SILENT,0,decode
8196,bit_flip,1569185,1,SILENT,0,decode
8197,random_bytes,4688063,12,caught,66,decode
8198,zeroed_run,1806706,459,SILENT,0,decode
8199,truncation,6624644,2658207,caught,68,decode
8200,header,111,1,caught,66,decode
8201,payload,2396816,1,SILENT,0,decode
8202,bit_flip,4147747,1,SILENT,0,decode
8203,random_bytes,7969456,8,caught,66,decode
8204,zeroed_run,8816038,820,SILENT,0,decode
8205,truncation,6657601,2625250,caught,68,decode
8206,header,319,1,caught,66,decode
8207,payload,144815,1,SILENT,0,decode
8208,bit_flip,7709234,1,SILENT,0,decode
8209,random_bytes,132670,14,SILENT,0,decode
8210,zeroed_run,7264963,3092,SILENT,0,decode
8211,truncation,6054244,3228607,caught,68,decode
8212,header,306,1,SILENT,0,decode
8213,payload,8349957,1,SILENT,0,decode
8214,bit_flip,5699224,1,caught,66,decode
8215,random_bytes,7024358,12,caught,66,decode
8216,zeroed_run,4791028,3779,SILENT,0,decode
8217,truncation,570651,8712200,caught,68,decode
8218,header,669,1,SILENT,0,decode
8219,payload,8290750,1,SILENT,0,decode
8220,bit_flip,1425787,1,caught,66,decode
8221,random_bytes,366550,16,caught,66,decode
8222,zeroed_run,1490796,3439,SILENT,0,decode
8223,truncation,2904438,6378413,caught,68,decode
8224,header,836,1,SILENT,0,decode
8225,payload,5816641,1,SILENT,0,decode
8226,bit_flip,3751792,1,SILENT,0,decode
8227,random_bytes,6001384,2,caught,66,decode
8228,zeroed_run,8072375,3481,SILENT,0,decode
8229,truncation,8004680,1278171,caught,68,decode
8230,header,462,1,SILENT,0,decode
8231,payload,6403543,1,SILENT,0,decode
8232,bit_flip,8343736,1,caught,66,decode
8233,random_bytes,65291,11,SILENT,0,decode
8234,zeroed_run,586166,2282,SILENT,0,decode
8235,truncation,4819440,4463411,caught,68,decode
8236,header,0,1,caught,44,decode
8237,payload,5408260,1,SILENT,0,decode
8238,bit_flip,8373454,1,SILENT,0,decode
8239,random_bytes,6657088,6,caught,66,decode
8240,zeroed_run,6462041,2152,SILENT,0,decode
8241,truncation,7090656,2192195,caught,68,decode
8242,header,276,1,SILENT,0,decode
8243,payload,8908057,1,SILENT,0,decode
8244,bit_flip,2383036,1,SILENT,0,decode
8245,random_bytes,6221836,8,caught,66,decode
8246,zeroed_run,8283894,3730,SILENT,0,decode
8247,truncation,4775435,4507416,caught,68,decode
8248,header,983,1,SILENT,0,decode
8249,payload,3446365,1,SILENT,0,decode
8250,bit_flip,964753,1,SILENT,0,decode
8251,random_bytes,7906094,8,caught,66,decode
8252,zeroed_run,8740956,328,SILENT,0,decode
8253,truncation,2415829,6867022,caught,68,decode
8254,header,850,1,caught,66,decode
8255,payload,184987,1,SILENT,0,decode
8256,bit_flip,2534689,1,SILENT,0,decode
8257,random_bytes,2338026,12,SILENT,0,decode
8258,zeroed_run,7341963,1103,SILENT,0,decode
8259,truncation,8535851,747000,caught,68,decode
8260,header,75,1,caught,66,decode
8261,payload,39099,1,SILENT,0,decode
8262,bit_flip,3407932,1,SILENT,0,decode
8263,random_bytes,9218289,4,caught,66,decode
8264,zeroed_run,1012046,3994,SILENT,0,decode
8265,truncation,8918478,364373,caught,68,decode
8266,header,862,1,SILENT,0,decode
8267,payload,7670636,1,caught,66,decode
8268,bit_flip,7664191,1,SILENT,0,decode
8269,random_bytes,5524563,15,SILENT,0,decode
8270,zeroed_run,4031937,3154,SILENT,0,decode
8271,truncation,8240483,1042368,caught,68,decode
8272,header,624,1,caught,66,decode
8273,payload,2381222,1,caught,66,decode
8274,bit_flip,8546442,1,caught,66,decode
8275,random_bytes,4849219,15,caught,66,decode
8276,zeroed_run,5313558,148,SILENT,0,decode
8277,truncation,9142387,140464,caught,68,decode
8278,header,104,1,SILENT,0,decode
8279,payload,3841052,1,SILENT,0,decode
8280,bit_flip,198717,1,SILENT,0,decode
8281,random_bytes,2343314,12,SILENT,0,decode
8282,zeroed_run,1946375,3921,SILENT,0,decode
8283,truncation,8209821,1073030,caught,68,decode
8284,header,568,1,SILENT,0,decode
8285,payload,1259997,1,SILENT,0,decode
8286,bit_flip,329197,1,SILENT,0,decode
8287,random_bytes,5820089,12,SILENT,0,decode
8288,zeroed_run,3076705,358,SILENT,0,decode
8289,truncation,4760147,4522704,caught,68,decode
8290,header,401,1,SILENT,0,decode
8291,payload,2114510,1,SILENT,0,decode
8292,bit_flip,5496176,1,caught,66,decode
8293,random_bytes,2792276,15,caught,66,decode
8294,zeroed_run,7850593,1188,SILENT,0,decode
8295,truncation,8903757,379094,caught,68,decode
8296,header,232,1,SILENT,0,decode
8297,payload,1781089,1,caught,66,decode
8298,bit_flip,6990148,1,SILENT,0,decode
8299,random_bytes,7969931,14,caught,66,decode
8300,zeroed_run,6884527,1158,SILENT,0,decode
8301,truncation,4392214,4890637,caught,68,decode
8302,header,465,1,SILENT,0,decode
8303,payload,1994552,1,SILENT,0,decode
8304,bit_flip,2034970,1,SILENT,0,decode
8305,random_bytes,3886205,4,caught,66,decode
8306,zeroed_run,733782,4043,SILENT,0,decode
8307,truncation,1817209,7465642,caught,68,decode
8308,header,237,1,SILENT,0,decode
8309,payload,7416169,1,SILENT,0,decode
8310,bit_flip,1793565,1,SILENT,0,decode
8311,random_bytes,2154044,9,caught,66,decode
8312,zeroed_run,7099553,2718,SILENT,0,decode
8313,truncation,7396325,1886526,caught,68,decode
8314,header,676,1,SILENT,0,decode
8315,payload,8815511,1,SILENT,0,decode
8316,bit_flip,4155363,1,caught,66,decode
8317,random_bytes,1641341,15,SILENT,0,decode
8318,zeroed_run,493988,815,SILENT,0,decode
8319,truncation,480841,8802010,caught,68,decode
8320,header,939,1,caught,66,decode
8321,payload,188449,1,SILENT,0,decode
8322,bit_flip,6543101,1,SILENT,0,decode
8323,random_bytes,2185807,12,caught,66,decode
8324,zeroed_run,7908533,1362,SILENT,0,decode
8325,truncation,5901642,3381209,caught,68,decode
8326,header,994,1,SILENT,0,decode
8327,payload,2001077,1,SILENT,0,decode
8328,bit_flip,2299316,1,SILENT,0,decode
8329,random_bytes,3753336,5,caught,66,decode
8330,zeroed_run,1827712,1685,SILENT,0,decode
8331,truncation,1742233,7540618,caught,68,decode
8332,header,336,1,SILENT,0,decode
8333,payload,4697719,1,SILENT,0,decode
8334,bit_flip,9280749,1,SILENT,0,decode
8335,random_bytes,1600665,3,SILENT,0,decode
8336,zeroed_run,750614,3391,SILENT,0,decode
8337,truncation,5132745,4150106,caught,68,decode
8338,header,149,1,caught,66,decode
8339,payload,5987105,1,SILENT,0,decode
8340,bit_flip,9161053,1,SILENT,0,decode
8341,random_bytes,6092604,12,SILENT,0,decode
8342,zeroed_run,2195387,2252,SILENT,0,decode
8343,truncation,473305,8809546,caught,68,decode
8344,header,753,1,SILENT,0,decode
8345,payload,1698865,1,SILENT,0,decode
8346,bit_flip,74525,1,caught,66,decode
8347,random_bytes,8325905,9,caught,66,decode
8348,zeroed_run,5109124,2981,SILENT,0,decode
8349,truncation,8387334,895517,caught,68,decode
8350,header,385,1,SILENT,0,decode
8351,payload,6745253,1,SILENT,0,decode
8352,bit_flip,2643057,1,SILENT,0,decode
8353,random_bytes,1971338,16,SILENT,0,decode
8354,zeroed_run,6931788,375,SILENT,0,decode
8355,truncation,431869,8850982,caught,68,decode
8356,header,425,1,SILENT,0,decode
8357,payload,2782542,1,SILENT,0,decode
8358,bit_flip,8810595,1,SILENT,0,decode
8359,random_bytes,1418118,8,SILENT,0,decode
8360,zeroed_run,9241994,2993,SILENT,0,decode
8361,truncation,6286228,2996623,caught,68,decode
8362,header,762,1,SILENT,0,decode
8363,payload,4501227,1,SILENT,0,decode
8364,bit_flip,4276775,1,caught,66,decode
8365,random_bytes,6633915,4,caught,66,decode
8366,zeroed_run,1612812,835,SILENT,0,decode
8367,truncation,2481126,6801725,caught,68,decode
8368,header,433,1,SILENT,0,decode
8369,payload,1370294,1,SILENT,0,decode
8370,bit_flip,8656147,1,SILENT,0,decode
8371,random_bytes,4160254,15,caught,66,decode
8372,zeroed_run,241384,2594,SILENT,0,decode
8373,truncation,2203423,7079428,caught,68,decode
8374,header,659,1,caught,66,decode
8375,payload,7953261,1,SILENT,0,decode
8376,bit_flip,2184179,1,SILENT,0,decode
8377,random_bytes,986688,15,caught,66,decode
8378,zeroed_run,5371797,2310,SILENT,0,decode
8379,truncation,4594115,4688736,caught,68,decode
8380,header,932,1,SILENT,0,decode
8381,payload,1122664,1,SILENT,0,decode
8382,bit_flip,5025945,1,SILENT,0,decode
8383,random_bytes,838281,5,caught,66,decode
8384,zeroed_run,2150219,825,SILENT,0,decode
8385,truncation,1341696,7941155,caught,68,decode
8386,header,476,1,SILENT,0,decode
8387,payload,2758072,1,caught,66,decode
8388,bit_flip,236330,1,SILENT,0,decode
8389,random_bytes,1313838,14,SILENT,0,decode
8390,zeroed_run,9142284,3007,SILENT,0,decode
8391,truncation,5162217,4120634,caught,68,decode
8392,header,196,1,SILENT,0,decode
8393,payload,5195504,1,SILENT,0,decode
8394,bit_flip,7677019,1,SILENT,0,decode
8395,random_bytes,8251293,2,SILENT,0,decode
8396,zeroed_run,6351130,2698,SILENT,0,decode
8397,truncation,711854,8570997,caught,68,decode
8398,header,951,1,caught,66,decode
8399,payload,1464125,1,SILENT,0,decode
8400,bit_flip,4499211,1,SILENT,0,decode
8401,random_bytes,1631250,8,caught,66,decode
8402,zeroed_run,2497919,3120,SILENT,0,decode
8403,truncation,7145324,2137527,caught,68,decode
8404,header,1014,1,SILENT,0,decode
8405,payload,4990132,1,SILENT,0,decode
8406,bit_flip,4370450,1,caught,66,decode
8407,random_bytes,7203208,10,caught,66,decode
8408,zeroed_run,2431568,451,SILENT,0,decode
8409,truncation,7145080,2137771,caught,68,decode
8410,header,562,1,SILENT,0,decode
8411,payload,1159330,1,caught,66,decode
8412,bit_flip,1886217,1,SILENT,0,decode
8413,random_bytes,3140749,12,caught,66,decode
8414,zeroed_run,5226932,1777,SILENT,0,decode
8415,truncation,65052,9217799,caught,68,decode
8416,header,814,1,SILENT,0,decode
8417,payload,3370035,1,caught,66,decode
8418,bit_flip,2397412,1,SILENT,0,decode
8419,random_bytes,2398253,4,SILENT,0,decode
8420,zeroed_run,7981806,415,SILENT,0,decode
8421,truncation,8008606,1274245,caught,68,decode
8422,header,183,1,SILENT,0,decode
8423,payload,8615921,1,SILENT,0,decode
8424,bit_flip,3844409,1,SILENT,0,decode
8425,random_bytes,8067085,4,SILENT,0,decode
8426,zeroed_run,4162602,2250,SILENT,0,decode
8427,truncation,5709474,3573377,caught,68,decode
8428,header,888,1,SILENT,0,decode
8429,payload,6857334,1,SILENT,0,decode
8430,bit_flip,2584671,1,SILENT,0,decode
8431,random_bytes,2796472,16,caught,66,decode
8432,zeroed_run,494367,2451,SILENT,0,decode
8433,truncation,2948338,6334513,caught,68,decode
8434,header,36,1,caught,66,decode
8435,payload,8546860,1,SILENT,0,decode
8436,bit_flip,5840270,1,SILENT,0,decode
8437,random_bytes,7427847,15,SILENT,0,decode
8438,zeroed_run,7714097,3091,SILENT,0,decode
8439,truncation,8847609,435242,caught,68,decode
8440,header,219,1,SILENT,0,decode
8441,payload,3563480,1,SILENT,0,decode
8442,bit_flip,4497393,1,SILENT,0,decode
8443,random_bytes,9269777,6,SILENT,0,decode
8444,zeroed_run,3769092,2665,SILENT,0,decode
8445,truncation,1686678,7596173,caught,68,decode
8446,header,494,1,SILENT,0,decode
8447,payload,720606,1,SILENT,0,decode
8448,bit_flip,3734915,1,SILENT,0,decode
8449,random_bytes,6042509,2,SILENT,0,decode
8450,zeroed_run,5733799,2439,SILENT,0,decode
8451,truncation,7483887,1798964,caught,68,decode
8452,header,350,1,SILENT,0,decode
8453,payload,7976346,1,SILENT,0,decode
8454,bit_flip,8000404,1,SILENT,0,decode
8455,random_bytes,1531632,4,caught,66,decode
8456,zeroed_run,5376852,1569,SILENT,0,decode
8457,truncation,3704913,5577938,caught,68,decode
8458,header,813,1,SILENT,0,decode
8459,payload,1238351,1,caught,66,decode
8460,bit_flip,7619688,1,SILENT,0,decode
8461,random_bytes,8279,2,caught,66,decode
8462,zeroed_run,7028412,350,SILENT,0,decode
8463,truncation,6113375,3169476,caught,68,decode
8464,header,322,1,SILENT,0,decode
8465,payload,8871594,1,SILENT,0,decode
8466,bit_flip,8488480,1,SILENT,0,decode
8467,random_bytes,8022646,8,caught,66,decode
8468,zeroed_run,1688195,1209,SILENT,0,decode
8469,truncation,6206951,3075900,caught,68,decode
8470,header,995,1,SILENT,0,decode
8471,payload,879243,1,SILENT,0,decode
8472,bit_flip,5487401,1,SILENT,0,decode
8473,random_bytes,2403834,4,caught,66,decode
8474,zeroed_run,2159860,660,SILENT,0,decode
8475,truncation,6522187,2760664,caught,68,decode
8476,header,823,1,SILENT,0,decode
8477,payload,1043074,1,SILENT,0,decode
8478,bit_flip,4840404,1,SILENT,0,decode
8479,random_bytes,2525563,3,SILENT,0,decode
8480,zeroed_run,4142767,3933,SILENT,0,decode
8481,truncation,1362500,7920351,caught,68,decode
8482,header,872,1,SILENT,0,decode
8483,payload,8223189,1,SILENT,0,decode
8484,bit_flip,2822249,1,SILENT,0,decode
8485,random_bytes,3223212,10,caught,66,decode
8486,zeroed_run,8114873,2515,SILENT,0,decode
8487,truncation,4362644,4920207,caught,68,decode
8488,header,428,1,SILENT,0,decode
8489,payload,4337777,1,caught,66,decode
8490,bit_flip,6282347,1,SILENT,0,decode
8491,random_bytes,5954576,2,SILENT,0,decode
8492,zeroed_run,6652524,2989,SILENT,0,decode
8493,truncation,7927534,1355317,caught,68,decode
8494,header,297,1,SILENT,0,decode
8495,payload,942038,1,caught,66,decode
8496,bit_flip,2524284,1,caught,66,decode
8497,random_bytes,6162391,6,SILENT,0,decode
8498,zeroed_run,2434864,2145,SILENT,0,decode
8499,truncation,8788488,494363,caught,68,decode
8500,header,530,1,SILENT,0,decode
8501,payload,7798888,1,SILENT,0,decode
8502,bit_flip,5936315,1,SILENT,0,decode
8503,random_bytes,8542614,15,caught,66,decode
8504,zeroed_run,2426620,3731,SILENT,0,decode
8505,truncation,6787999,2494852,caught,68,decode
8506,header,1013,1,SILENT,0,decode
8507,payload,5731464,1,SILENT,0,decode
8508,bit_flip,1513376,1,caught,66,decode
8509,random_bytes,1018108,5,caught,66,decode
8510,zeroed_run,5827155,4040,SILENT,0,decode
8511,truncation,2371451,6911400,caught,68,decode
8512,header,362,1,SILENT,0,decode
8513,payload,6802772,1,SILENT,0,decode
8514,bit_flip,7201765,1,SILENT,0,decode
8515,random_bytes,1682344,10,SILENT,0,decode
8516,zeroed_run,5524257,3439,SILENT,0,decode
8517,truncation,1832839,7450012,caught,68,decode
8518,header,148,1,SILENT,0,decode
8519,payload,2967706,1,SILENT,0,decode
8520,bit_flip,6216374,1,SILENT,0,decode
8521,random_bytes,7740174,3,caught,66,decode
8522,zeroed_run,3092748,4033,SILENT,0,decode
8523,truncation,6807065,2475786,caught,68,decode
8524,header,221,1,SILENT,0,decode
8525,payload,1289672,1,SILENT,0,decode
8526,bit_flip,3379263,1,caught,66,decode
8527,random_bytes,5360929,7,caught,66,decode
8528,zeroed_run,8402465,2250,SILENT,0,decode
8529,truncation,1718657,7564194,caught,68,decode
8530,header,465,1,SILENT,0,decode
8531,payload,1287797,1,caught,66,decode
8532,bit_flip,5848955,1,caught,66,decode
8533,random_bytes,8521196,8,caught,66,decode
8534,zeroed_run,8889196,847,SILENT,0,decode
8535,truncation,6584410,2698441,caught,68,decode
8536,header,660,1,SILENT,0,decode
8537,payload,1929519,1,SILENT,0,decode
8538,bit_flip,3807569,1,SILENT,0,decode
8539,random_bytes,1334224,14,caught,66,decode
8540,zeroed_run,6869652,1876,SILENT,0,decode
8541,truncation,7294224,1988627,caught,68,decode
8542,header,116,1,SILENT,0,decode
8543,payload,4083024,1,SILENT,0,decode
8544,bit_flip,1684525,1,SILENT,0,decode
8545,random_bytes,2539080,2,SILENT,0,decode
8546,zeroed_run,2454617,1090,SILENT,0,decode
8547,truncation,6102534,3180317,caught,68,decode
8548,header,687,1,SILENT,0,decode
8549,payload,2897781,1,SILENT,0,decode
8550,bit_flip,3273282,1,caught,66,decode
8551,random_bytes,1856996,15,SILENT,0,decode
8552,zeroed_run,897713,3629,SILENT,0,decode
8553,truncation,1932402,7350449,caught,68,decode
8554,header,730,1,SILENT,0,decode
8555,payload,7165596,1,SILENT,0,decode
8556,bit_flip,7395245,1,SILENT,0,decode
8557,random_bytes,376369,10,caught,66,decode
8558,zeroed_run,2858813,3746,SILENT,0,decode
8559,truncation,7426590,1856261,caught,68,decode
8560,header,719,1,caught,66,decode
8561,payload,7263346,1,caught,66,decode
8562,bit_flip,5809751,1,SILENT,0,decode
8563,random_bytes,3531588,4,caught,66,decode
8564,zeroed_run,7148277,508,SILENT,0,decode
8565,truncation,4451864,4830987,caught,68,decode
8566,header,527,1,caught,66,decode
8567,payload,2848279,1,caught,66,decode
8568,bit_flip,1201160,1,SILENT,0,decode
8569,random_bytes,1966586,15,caught,66,decode
8570,zeroed_run,9209267,588,SILENT,0,decode
8571,truncation,4354289,4928562,caught,68,decode
8572,header,855,1,SILENT,0,decode
8573,payload,8626831,1,SILENT,0,decode
8574,bit_flip,538540,1,SILENT,0,decode
8575,random_bytes,465877,3,caught,66,decode
8576,zeroed_run,8137616,1099,SILENT,0,decode
8577,truncation,4098685,5184166,caught,68,decode
8578,header,503,1,SILENT,0,decode
8579,payload,9015994,1,SILENT,0,decode
8580,bit_flip,5772670,1,SILENT,0,decode
8581,random_bytes,4431563,1,caught,66,decode
8582,zeroed_run,6066783,944,SILENT,0,decode
8583,truncation,4444018,4838833,caught,68,decode
8584,header,163,1,caught,66,decode
8585,payload,3766605,1,SILENT,0,decode
8586,bit_flip,1807337,1,SILENT,0,decode
8587,random_bytes,5585839,10,SILENT,0,decode
8588,zeroed_run,356605,396,SILENT,0,decode
8589,truncation,7522246,1760605,caught,68,decode
8590,header,227,1,SILENT,0,decode
8591,payload,3230766,1,SILENT,0,decode
8592,bit_flip,5262685,1,caught,66,decode
8593,random_bytes,8075096,14,SILENT,0,decode
8594,zeroed_run,9069787,3176,SILENT,0,decode
8595,truncation,1146881,8135970,caught,68,decode
8596,header,450,1,SILENT,0,decode
8597,payload,6698507,1,caught,66,decode
8598,bit_flip,2144095,1,SILENT,0,decode
8599,random_bytes,8772372,4,SILENT,0,decode
8600,zeroed_run,1304444,1255,SILENT,0,decode
8601,truncation,3417813,5865038,caught,68,decode
8602,header,595,1,caught,66,decode
8603,payload,2948309,1,SILENT,0,decode
8604,bit_flip,811056,1,SILENT,0,decode
8605,random_bytes,6774617,1,SILENT,0,decode
8606,zeroed_run,181029,1460,SILENT,0,decode
8607,truncation,8308255,974596,caught,68,decode
8608,header,972,1,SILENT,0,decode
8609,payload,3989793,1,SILENT,0,decode
8610,bit_flip,7906679,1,SILENT,0,decode
8611,random_bytes,5270855,15,caught,66,decode
8612,zeroed_run,2580234,1987,SILENT,0,decode
8613,truncation,832750,8450101,caught,68,decode
8614,header,975,1,caught,66,decode
8615,payload,2413612,1,SILENT,0,decode
8616,bit_flip,8752869,1,SILENT,0,decode
8617,random_bytes,1073697,2,caught,66,decode
8618,zeroed_run,6650832,3055,SILENT,0,decode
8619,truncation,5974686,3308165,caught,68,decode
8620,header,32,1,caught,66,decode
8621,payload,1414557,1,SILENT,0,decode
8622,bit_flip,8656823,1,SILENT,0,decode
8623,random_bytes,2292964,16,SILENT,0,decode
8624,zeroed_run,7236858,1413,SILENT,0,decode
8625,truncation,8953151,329700,caught,68,decode
8626,header,580,1,SILENT,0,decode
8627,payload,2038041,1,SILENT,0,decode
8628,bit_flip,4026406,1,SILENT,0,decode
8629,random_bytes,6878221,1,SILENT,0,decode
8630,zeroed_run,5812927,945,SILENT,0,decode
8631,truncation,7614994,1667857,caught,68,decode
8632,header,519,1,caught,66,decode
8633,payload,7520231,1,SILENT,0,decode
8634,bit_flip,8346496,1,caught,66,decode
8635,random_bytes,1299639,7,SILENT,0,decode
8636,zeroed_run,8295986,3381,SILENT,0,decode
8637,truncation,1914174,7368677,caught,68,decode
8638,header,507,1,SILENT,0,decode
8639,payload,2378738,1,SILENT,0,decode
8640,bit_flip,4334362,1,SILENT,0,decode
8641,random_bytes,4511492,5,caught,66,decode
8642,zeroed_run,5072979,526,SILENT,0,decode
8643,truncation,1275603,8007248,caught,68,decode
8644,header,795,1,SILENT,0,decode
8645,payload,5741626,1,SILENT,0,decode
8646,bit_flip,4916655,1,SILENT,0,decode
8647,random_bytes,3582323,13,caught,66,decode
8648,zeroed_run,7721099,3106,SILENT,0,decode
8649,truncation,2572609,6710242,caught,68,decode
8650,header,186,1,SILENT,0,decode
8651,payload,2591272,1,SILENT,0,decode
8652,bit_flip,6845403,1,SILENT,0,decode
8653,random_bytes,740231,13,SILENT,0,decode
8654,zeroed_run,2302759,3933,SILENT,0,decode
8655,truncation,318270,8964581,caught,68,decode
8656,header,744,1,SILENT,0,decode
8657,payload,2626796,1,SILENT,0,decode
8658,bit_flip,2463611,1,caught,66,decode
8659,random_bytes,4919311,7,SILENT,0,decode
8660,zeroed_run,3068919,2480,SILENT,0,decode
8661,truncation,6783322,2499529,caught,68,decode
8662,header,816,1,SILENT,0,decode
8663,payload,6763254,1,SILENT,0,decode
8664,bit_flip,6989764,1,SILENT,0,decode
8665,random_bytes,1876945,13,caught,66,decode
8666,zeroed_run,506629,2844,SILENT,0,decode
8667,truncation,1764825,7518026,caught,68,decode
8668,header,130,1,caught,66,decode
8669,payload,8406003,1,caught,66,decode
8670,bit_flip,7613414,1,SILENT,0,decode
8671,random_bytes,5119213,6,SILENT,0,decode
8672,zeroed_run,1417381,3986,SILENT,0,decode
8673,truncation,1464182,7818669,caught,68,decode
8674,header,871,1,SILENT,0,decode
8675,payload,7192183,1,SILENT,0,decode
8676,bit_flip,2543967,1,caught,66,decode
8677,random_bytes,7351130,13,SILENT,0,decode
8678,zeroed_run,6013018,2460,SILENT,0,decode
8679,truncation,1967966,7314885,caught,68,decode
8680,header,448,1,SILENT,0,decode
8681,payload,3010070,1,SILENT,0,decode
8682,bit_flip,7833028,1,SILENT,0,decode
8683,random_bytes,1893327,9,caught,66,decode
8684,zeroed_run,3246959,1515,SILENT,0,decode
8685,truncation,4446159,4836692,caught,68,decode
8686,header,595,1,caught,66,decode
8687,payload,7596387,1,SILENT,0,decode
8688,bit_flip,9271997,1,SILENT,0,decode
8689,random_bytes,813840,13,SILENT,0,decode
8690,zeroed_run,2096804,2967,SILENT,0,decode
8691,truncation,785620,8497231,caught,68,decode
8692,header,252,1,SILENT,0,decode
8693,payload,4415888,1,SILENT,0,decode
8694,bit_flip,2420567,1,SILENT,0,decode
8695,random_bytes,2175646,6,caught,66,decode
8696,zeroed_run,6147279,3072,SILENT,0,decode
8697,truncation,8070886,1211965,caught,68,decode
8698,header,340,1,SILENT,0,decode
8699,payload,23849,1,SILENT,0,decode
8700,bit_flip,436551,1,SILENT,0,decode
8701,random_bytes,3019713,15,SILENT,0,decode
8702,zeroed_run,3304601,2222,SILENT,0,decode
8703,truncation,2626664,6656187,caught,68,decode
8704,header,515,1,caught,66,decode
8705,payload,6108534,1,SILENT,0,decode
8706,bit_flip,8827260,1,SILENT,0,decode
8707,random_bytes,3053343,9,SILENT,0,decode
8708,zeroed_run,5683753,1944,SILENT,0,decode
8709,truncation,5443811,3839040,caught,68,decode
8710,header,968,1,caught,66,decode
8711,payload,6813634,1,SILENT,0,decode
8712,bit_flip,6931964,1,SILENT,0,decode
8713,random_bytes,830796,12,caught,66,decode
8714,zeroed_run,6079878,915,SILENT,0,decode
8715,truncation,1938375,7344476,caught,68,decode
8716,header,70,1,SILENT,0,decode
8717,payload,2716427,1,SILENT,0,decode
8718,bit_flip,5122864,1,SILENT,0,decode
8719,random_bytes,1454406,6,caught,66,decode
8720,zeroed_run,6593110,1283,SILENT,0,decode
8721,truncation,6095990,3186861,caught,68,decode
8722,header,834,1,SILENT,0,decode
8723,payload,1109686,1,SILENT,0,decode
8724,bit_flip,7404333,1,SILENT,0,decode
8725,random_bytes,5280258,6,SILENT,0,decode
8726,zeroed_run,1840892,2193,SILENT,0,decode
8727,truncation,2719888,6562963,caught,68,decode
8728,header,849,1,SILENT,0,decode
8729,payload,4680728,1,SILENT,0,decode
8730,bit_flip,7766618,1,SILENT,0,decode
8731,random_bytes,9234241,12,SILENT,0,decode
8732,zeroed_run,5412708,3960,SILENT,0,decode
8733,truncation,4468956,4813895,caught,68,decode
8734,header,1022,1,caught,66,decode
8735,payload,6568838,1,SILENT,0,decode
8736,bit_flip,3135537,1,SILENT,0,decode
8737,random_bytes,8834284,5,SILENT,0,decode
8738,zeroed_run,815365,2404,SILENT,0,decode
8739,truncation,9108103,174748,caught,68,decode
8740,header,767,1,SILENT,0,decode
8741,payload,5565185,1,SILENT,0,decode
8742,bit_flip,3684634,1,caught,66,decode
8743,random_bytes,7587519,15,caught,66,decode
8744,zeroed_run,1102349,1874,SILENT,0,decode
8745,truncation,2810173,6472678,caught,68,decode
8746,header,523,1,SILENT,0,decode
8747,payload,8091580,1,SILENT,0,decode
8748,bit_flip,2530461,1,SILENT,0,decode
8749,random_bytes,1029209,10,caught,66,decode
8750,zeroed_run,512585,1424,SILENT,0,decode
8751,truncation,2509961,6772890,caught,68,decode
8752,header,759,1,SILENT,0,decode
8753,payload,4718531,1,SILENT,0,decode
8754,bit_flip,4109722,1,caught,66,decode
8755,random_bytes,877606,12,caught,66,decode
8756,zeroed_run,8751730,3653,SILENT,0,decode
8757,truncation,3428659,5854192,caught,68,decode
8758,header,206,1,SILENT,0,decode
8759,payload,8754212,1,caught,66,decode
8760,bit_flip,5295357,1,caught,66,decode
8761,random_bytes,1455617,16,SILENT,0,decode
8762,zeroed_run,1634666,2957,SILENT,0,decode
8763,truncation,5238699,4044152,caught,68,decode
8764,header,381,1,SILENT,0,decode
8765,payload,5815892,1,SILENT,0,decode
8766,bit_flip,8812755,1,SILENT,0,decode
8767,random_bytes,5971066,1,SILENT,0,decode
8768,zeroed_run,4017493,3030,SILENT,0,decode
8769,truncation,4134890,5147961,caught,68,decode
8770,header,177,1,SILENT,0,decode
8771,payload,3584036,1,SILENT,0,decode
8772,bit_flip,3636438,1,SILENT,0,decode
8773,random_bytes,7107343,9,caught,66,decode
8774,zeroed_run,8373999,3941,SILENT,0,decode
8775,truncation,2757626,6525225,caught,68,decode
8776,header,281,1,caught,66,decode
8777,payload,3389223,1,SILENT,0,decode
8778,bit_flip,6806982,1,caught,66,decode
8779,random_bytes,7328491,2,caught,66,decode
8780,zeroed_run,8402374,1373,SILENT,0,decode
8781,truncation,2706002,6576849,caught,68,decode
8782,header,606,1,SILENT,0,decode
8783,payload,8844681,1,SILENT,0,decode
8784,bit_flip,1514867,1,SILENT,0,decode
8785,random_bytes,1497718,5,SILENT,0,decode
8786,zeroed_run,5306998,905,SILENT,0,decode
8787,truncation,2490198,6792653,caught,68,decode
8788,header,90,1,caught,66,decode
8789,payload,2121618,1,SILENT,0,decode
8790,bit_flip,1443099,1,SILENT,0,decode
8791,random_bytes,7820894,14,caught,66,decode
8792,zeroed_run,9251315,941,SILENT,0,decode
8793,truncation,8283438,999413,caught,68,decode
8794,header,98,1,caught,66,decode
8795,payload,7069165,1,caught,66,decode
8796,bit_flip,7163935,1,SILENT,0,decode
8797,random_bytes,2574174,6,SILENT,0,decode
8798,zeroed_run,7011040,4031,SILENT,0,decode
8799,truncation,1269122,8013729,caught,68,decode
8800,header,947,1,SILENT,0,decode
8801,payload,9029998,1,SILENT,0,decode
8802,bit_flip,6697409,1,SILENT,0,decode
8803,random_bytes,403768,15,caught,66,decode
8804,zeroed_run,3200359,2414,SILENT,0,decode
8805,truncation,924210,8358641,caught,68,decode
8806,header,789,1,SILENT,0,decode
8807,payload,5530179,1,SILENT,0,decode
8808,bit_flip,6926967,1,SILENT,0,decode
8809,random_bytes,7987996,7,caught,66,decode
8810,zeroed_run,1798115,776,SILENT,0,decode
8811,truncation,7176334,2106517,caught,68,decode
8812,header,979,1,caught,66,decode
8813,payload,5346494,1,caught,66,decode
8814,bit_flip,7002900,1,caught,66,decode
8815,random_bytes,7707552,3,caught,66,decode
8816,zeroed_run,557534,273,SILENT,0,decode
8817,truncation,6892527,2390324,caught,68,decode
8818,header,655,1,caught,66,decode
8819,payload,448348,1,caught,66,decode
8820,bit_flip,7047849,1,SILENT,0,decode
8821,random_bytes,9125094,2,caught,66,decode
8822,zeroed_run,9119522,1562,SILENT,0,decode
8823,truncation,2489213,6793638,caught,68,decode
8824,header,358,1,caught,66,decode
8825,payload,7720190,1,SILENT,0,decode
8826,bit_flip,3221858,1,SILENT,0,decode
8827,random_bytes,127170,16,SILENT,0,decode
8828,zeroed_run,604226,2045,SILENT,0,decode
8829,truncation,676819,8606032,caught,68,decode
8830,header,121,1,caught,66,decode
8831,payload,1334533,1,caught,66,decode
8832,bit_flip,3919829,1,SILENT,0,decode
8833,random_bytes,7068416,3,caught,66,decode
8834,zeroed_run,199372,1037,SILENT,0,decode
8835,truncation,6866851,2416000,caught,68,decode
8836,header,605,1,caught,66,decode
8837,payload,6907328,1,SILENT,0,decode
8838,bit_flip,995872,1,SILENT,0,decode
8839,random_bytes,5352501,9,caught,66,decode
8840,zeroed_run,2536228,466,SILENT,0,decode
8841,truncation,4269384,5013467,caught,68,decode
8842,header,255,1,caught,66,decode
8843,payload,7376268,1,caught,66,decode
8844,bit_flip,6348776,1,SILENT,0,decode
8845,random_bytes,6997401,9,SILENT,0,decode
8846,zeroed_run,521539,1671,SILENT,0,decode
8847,truncation,1892219,7390632,caught,68,decode
8848,header,597,1,SILENT,0,decode
8849,payload,6263580,1,SILENT,0,decode
8850,bit_flip,463487,1,SILENT,0,decode
8851,random_bytes,7580582,6,SILENT,0,decode
8852,zeroed_run,3776130,3005,SILENT,0,decode
8853,truncation,8442876,839975,caught,68,decode
8854,header,535,1,SILENT,0,decode
8855,payload,1623748,1,caught,66,decode
8856,bit_flip,1275607,1,SILENT,0,decode
8857,random_bytes,2616004,6,caught,66,decode
8858,zeroed_run,1889940,2348,SILENT,0,decode
8859,truncation,6037390,3245461,caught,68,decode
8860,header,701,1,SILENT,0,decode
8861,payload,7868256,1,SILENT,0,decode
8862,bit_flip,8305723,1,caught,66,decode
8863,random_bytes,4145433,5,SILENT,0,decode
8864,zeroed_run,3410860,1731,SILENT,0,decode
8865,truncation,5195935,4086916,caught,68,decode
8866,header,912,1,SILENT,0,decode
8867,payload,996572,1,SILENT,0,decode
8868,bit_flip,788917,1,SILENT,0,decode
8869,random_bytes,3916298,13,caught,66,decode
8870,zeroed_run,5365380,582,SILENT,0,decode
8871,truncation,6046374,3236477,caught,68,decode
8872,header,1013,1,SILENT,0,decode
8873,payload,4784475,1,SILENT,0,decode
8874,bit_flip,1022827,1,SILENT,0,decode
8875,random_bytes,8625970,11,caught,66,decode
8876,zeroed_run,5627230,141,SILENT,0,decode
8877,truncation,2031650,7251201,caught,68,decode
8878,header,60,1,caught,66,decode
8879,payload,7790439,1,SILENT,0,decode
8880,bit_flip,7179441,1,SILENT,0,decode
8881,random_bytes,3733027,11,SILENT,0,decode
8882,zeroed_run,4701503,2355,SILENT,0,decode
8883,truncation,7359367,1923484,caught,68,decode
8884,header,524,1,SILENT,0,decode
8885,payload,2007880,1,SILENT,0,decode
8886,bit_flip,1190797,1,caught,66,decode
8887,random_bytes,6874020,1,SILENT,0,decode
8888,zeroed_run,2106612,713,SILENT,0,decode
8889,truncation,2986434,6296417,caught,68,decode
8890,header,510,1,caught,66,decode
8891,payload,7050766,1,SILENT,0,decode
8892,bit_flip,6279454,1,caught,66,decode
8893,random_bytes,7956934,9,caught,66,decode
8894,zeroed_run,8285054,3958,SILENT,0,decode
8895,truncation,8119716,1163135,caught,68,decode
8896,header,735,1,SILENT,0,decode
8897,payload,798333,1,caught,66,decode
8898,bit_flip,5238152,1,caught,66,decode
8899,random_bytes,5265625,1,SILENT,0,decode
8900,zeroed_run,751437,1875,SILENT,0,decode
8901,truncation,6265541,3017310,caught,68,decode
8902,header,1005,1,SILENT,0,decode
8903,payload,1202987,1,SILENT,0,decode
8904,bit_flip,4930530,1,SILENT,0,decode
8905,random_bytes,763805,9,SILENT,0,decode
8906,zeroed_run,6420452,1457,SILENT,0,decode
8907,truncation,9057537,225314,caught,68,decode
8908,header,882,1,SILENT,0,decode
8909,payload,618145,1,SILENT,0,decode
8910,bit_flip,4678109,1,SILENT,0,decode
8911,random_bytes,7445617,12,caught,66,decode
8912,zeroed_run,5002644,1978,SILENT,0,decode
8913,truncation,6936779,2346072,caught,68,decode
8914,header,776,1,SILENT,0,decode
8915,payload,7832105,1,caught,66,decode
8916,bit_flip,3719849,1,SILENT,0,decode
8917,random_bytes,7463641,4,caught,66,decode
8918,zeroed_run,1568689,3701,SILENT,0,decode
8919,truncation,756849,8526002,caught,68,decode
8920,header,636,1,SILENT,0,decode
8921,payload,3628269,1,SILENT,0,decode
8922,bit_flip,8108224,1,caught,66,decode
8923,random_bytes,9121641,13,SILENT,0,decode
8924,zeroed_run,6335590,800,SILENT,0,decode
8925,truncation,5904835,3378016,caught,68,decode
8926,header,390,1,SILENT,0,decode
8927,payload,8520331,1,SILENT,0,decode
8928,bit_flip,1333755,1,SILENT,0,decode
8929,random_bytes,2797248,12,SILENT,0,decode
8930,zeroed_run,8257986,104,SILENT,0,decode
8931,truncation,3913918,5368933,caught,68,decode
8932,header,469,1,caught,66,decode
8933,payload,5762293,1,SILENT,0,decode
8934,bit_flip,5264416,1,SILENT,0,decode
8935,random_bytes,2745949,12,caught,66,decode
8936,zeroed_run,4147084,4023,SILENT,0,decode
8937,truncation,3679617,5603234,caught,68,decode
8938,header,693,1,SILENT,0,decode
8939,payload,926779,1,SILENT,0,decode
8940,bit_flip,3459319,1,SILENT,0,decode
8941,random_bytes,84648,1,SILENT,0,decode
8942,zeroed_run,8914441,251,SILENT,0,decode
8943,truncation,3870074,5412777,caught,68,decode
8944,header,303,1,SILENT,0,decode
8945,payload,8360173,1,caught,66,decode
8946,bit_flip,2822424,1,SILENT,0,decode
8947,random_bytes,3617309,5,SILENT,0,decode
8948,zeroed_run,3279247,2622,SILENT,0,decode
8949,truncation,8326718,956133,caught,68,decode
8950,header,138,1,SILENT,0,decode
8951,payload,7897014,1,SILENT,0,decode
8952,bit_flip,2681064,1,caught,66,decode
8953,random_bytes,8318625,1,caught,66,decode
8954,zeroed_run,5932012,3845,SILENT,0,decode
8955,truncation,7056689,2226162,caught,68,decode
8956,header,984,1,SILENT,0,decode
8957,payload,2867375,1,SILENT,0,decode
8958,bit_flip,2312977,1,SILENT,0,decode
8959,random_bytes,2211873,2,SILENT,0,decode
8960,zeroed_run,641180,3609,SILENT,0,decode
8961,truncation,7712639,1570212,caught,68,decode
8962,header,736,1,SILENT,0,decode
8963,payload,4839627,1,caught,66,decode
8964,bit_flip,6400620,1,SILENT,0,decode
8965,random_bytes,833409,2,SILENT,0,decode
8966,zeroed_run,9070599,1401,SILENT,0,decode
8967,truncation,8242737,1040114,caught,68,decode
8968,header,475,1,SILENT,0,decode
8969,payload,3152635,1,caught,66,decode
8970,bit_flip,2619242,1,SILENT,0,decode
8971,random_bytes,8116432,3,caught,66,decode
8972,zeroed_run,1594764,3316,SILENT,0,decode
8973,truncation,3499487,5783364,caught,68,decode
8974,header,355,1,SILENT,0,decode
8975,payload,8382047,1,caught,66,decode
8976,bit_flip,8046873,1,SILENT,0,decode
8977,random_bytes,2427437,2,SILENT,0,decode
8978,zeroed_run,2845137,2046,SILENT,0,decode
8979,truncation,3945976,5336875,caught,68,decode
8980,header,653,1,SILENT,0,decode
8981,payload,6936766,1,SILENT,0,decode
8982,bit_flip,7284085,1,SILENT,0,decode
8983,random_bytes,7075710,15,caught,66,decode
8984,zeroed_run,7587705,2050,SILENT,0,decode
8985,truncation,7495737,1787114,caught,68,decode
8986,header,25,1,caught,66,decode
8987,payload,3000485,1,caught,66,decode
8988,bit_flip,209661,1,SILENT,0,decode
8989,random_bytes,3686549,2,caught,66,decode
8990,zeroed_run,5458322,3075,SILENT,0,decode
8991,truncation,8299505,983346,caught,68,decode
8992,header,191,1,SILENT,0,decode
8993,payload,1979799,1,SILENT,0,decode
8994,bit_flip,7740608,1,SILENT,0,decode
8995,random_bytes,8135800,8,caught,66,decode
8996,zeroed_run,6959034,3921,caught,66,decode
8997,truncation,5179053,4103798,caught,68,decode
8998,header,877,1,SILENT,0,decode
8999,payload,8229521,1,SILENT,0,decode
9000,bit_flip,1674188,1,caught,66,decode
9001,random_bytes,3940692,8,SILENT,0,decode
9002,zeroed_run,1033105,239,SILENT,0,decode
9003,truncation,6468841,2814010,caught,68,decode
9004,header,594,1,SILENT,0,decode
9005,payload,3865667,1,SILENT,0,decode
9006,bit_flip,8315136,1,SILENT,0,decode
9007,random_bytes,4296511,8,caught,66,decode
9008,zeroed_run,8181163,156,SILENT,0,decode
9009,truncation,938271,8344580,caught,68,decode
9010,header,917,1,caught,66,decode
9011,payload,5120053,1,SILENT,0,decode
9012,bit_flip,3327628,1,SILENT,0,decode
9013,random_bytes,6411436,13,SILENT,0,decode
9014,zeroed_run,3739046,674,SILENT,0,decode
9015,truncation,3971858,5310993,caught,68,decode
9016,header,812,1,caught,66,decode
9017,payload,4870750,1,SILENT,0,decode
9018,bit_flip,6327488,1,SILENT,0,decode
9019,random_bytes,1627203,1,SILENT,0,decode
9020,zeroed_run,6394853,2494,SILENT,0,decode
9021,truncation,597963,8684888,caught,68,decode
9022,header,479,1,caught,66,decode
9023,payload,3866207,1,SILENT,0,decode
9024,bit_flip,1745863,1,SILENT,0,decode
9025,random_bytes,7896464,8,SILENT,0,decode
9026,zeroed_run,240924,2706,SILENT,0,decode
9027,truncation,2068689,7214162,caught,68,decode
9028,header,732,1,SILENT,0,decode
9029,payload,5306491,1,caught,66,decode
9030,bit_flip,6879152,1,SILENT,0,decode
9031,random_bytes,8850580,5,caught,66,decode
9032,zeroed_run,3909029,2252,SILENT,0,decode
9033,truncation,9011313,271538,caught,68,decode
9034,header,130,1,SILENT,0,decode
9035,payload,4649334,1,SILENT,0,decode
9036,bit_flip,9075963,1,SILENT,0,decode
9037,random_bytes,3577704,11,caught,66,decode
9038,zeroed_run,4056875,1233,SILENT,0,decode
9039,truncation,6350728,2932123,caught,68,decode
9040,header,2,1,caught,44,decode
9041,payload,7688889,1,SILENT,0,decode
9042,bit_flip,3615591,1,SILENT,0,decode
9043,random_bytes,3434125,16,caught,66,decode
9044,zeroed_run,2722931,1611,SILENT,0,decode
9045,truncation,4571935,4710916,caught,68,decode
9046,header,740,1,SILENT,0,decode
9047,payload,2431410,1,SILENT,0,decode
9048,bit_flip,8060263,1,SILENT,0,decode
9049,random_bytes,7932889,7,SILENT,0,decode
9050,zeroed_run,1819162,686,SILENT,0,decode
9051,truncation,4675590,4607261,caught,68,decode
9052,header,525,1,caught,66,decode
9053,payload,89491,1,SILENT,0,decode
9054,bit_flip,6786597,1,SILENT,0,decode
9055,random_bytes,127144,6,caught,66,decode
9056,zeroed_run,4996029,2254,SILENT,0,decode
9057,truncation,3589964,5692887,caught,68,decode
9058,header,291,1,SILENT,0,decode
9059,payload,9158150,1,SILENT,0,decode
9060,bit_flip,6563756,1,SILENT,0,decode
9061,random_bytes,7557007,9,SILENT,0,decode
9062,zeroed_run,9006713,1723,SILENT,0,decode
9063,truncation,3949759,5333092,caught,68,decode
9064,header,412,1,SILENT,0,decode
9065,payload,4237900,1,SILENT,0,decode
9066,bit_flip,3202147,1,SILENT,0,decode
9067,random_bytes,7947546,12,caught,66,decode
9068,zeroed_run,5556965,1626,SILENT,0,decode
9069,truncation,1353925,7928926,caught,68,decode
9070,header,735,1,SILENT,0,decode
9071,payload,2337397,1,caught,66,decode
9072,bit_flip,3626810,1,SILENT,0,decode
9073,random_bytes,8779673,2,caught,66,decode
9074,zeroed_run,8271761,1126,SILENT,0,decode
9075,truncation,9050605,232246,caught,68,decode
9076,header,886,1,SILENT,0,decode
9077,payload,4350207,1,SILENT,0,decode
9078,bit_flip,3086238,1,SILENT,0,decode
9079,random_bytes,6582948,7,SILENT,0,decode
9080,zeroed_run,5933642,2770,SILENT,0,decode
9081,truncation,1189806,8093045,caught,68,decode
9082,header,937,1,SILENT,0,decode
9083,payload,1977997,1,SILENT,0,decode
9084,bit_flip,4389900,1,SILENT,0,decode
9085,random_bytes,2389270,11,SILENT,0,decode
9086,zeroed_run,3022940,2447,SILENT,0,decode
9087,truncation,9170051,112800,caught,68,decode
9088,header,186,1,caught,66,decode
9089,payload,77241,1,SILENT,0,decode
9090,bit_flip,8890316,1,SILENT,0,decode
9091,random_bytes,3875231,9,caught,66,decode
9092,zeroed_run,7737287,372,SILENT,0,decode
9093,truncation,640045,8642806,caught,68,decode
9094,header,963,1,SILENT,0,decode
9095,payload,2698320,1,SILENT,0,decode
9096,bit_flip,5398553,1,caught,66,decode
9097,random_bytes,2901381,12,caught,66,decode
9098,zeroed_run,4986103,3092,SILENT,0,decode
9099,truncation,6105950,3176901,caught,68,decode
9100,header,713,1,SILENT,0,decode
9101,payload,2245280,1,SILENT,0,decode
9102,bit_flip,1394508,1,SILENT,0,decode
9103,random_bytes,4798803,13,caught,66,decode
9104,zeroed_run,8322564,1289,SILENT,0,decode
9105,truncation,4630062,4652789,caught,68,decode
9106,header,708,1,SILENT,0,decode
9107,payload,7841654,1,SILENT,0,decode
9108,bit_flip,5412992,1,SILENT,0,decode
9109,random_bytes,2748995,8,caught,66,decode
9110,zeroed_run,2845264,2639,SILENT,0,decode
9111,truncation,7785173,1497678,caught,68,decode
9112,header,121,1,SILENT,0,decode
9113,payload,7230465,1,SILENT,0,decode
9114,bit_flip,2696320,1,SILENT,0,decode
9115,random_bytes,8777400,9,SILENT,0,decode
9116,zeroed_run,1245748,825,SILENT,0,decode
9117,truncation,4547353,4735498,caught,68,decode
9118,header,344,1,caught,66,decode
9119,payload,8614023,1,SILENT,0,decode
9120,bit_flip,7646507,1,SILENT,0,decode
9121,random_bytes,485160,9,SILENT,0,decode
9122,zeroed_run,744882,2778,SILENT,0,decode
9123,truncation,1615616,7667235,caught,68,decode
9124,header,130,1,SILENT,0,decode
9125,payload,275911,1,SILENT,0,decode
9126,bit_flip,6929560,1,caught,66,decode
9127,random_bytes,757662,7,SILENT,0,decode
9128,zeroed_run,996445,4076,SILENT,0,decode
9129,truncation,4168539,5114312,caught,68,decode
9130,header,168,1,SILENT,0,decode
9131,payload,2060967,1,caught,66,decode
9132,bit_flip,7775754,1,SILENT,0,decode
9133,random_bytes,1730363,7,SILENT,0,decode
9134,zeroed_run,6747859,285,SILENT,0,decode
9135,truncation,1124922,8157929,caught,68,decode
9136,header,916,1,SILENT,0,decode
9137,payload,5598305,1,SILENT,0,decode
9138,bit_flip,6812570,1,caught,66,decode
9139,random_bytes,2691926,8,caught,66,decode
9140,zeroed_run,990544,1630,SILENT,0,decode
9141,truncation,2773022,6509829,caught,68,decode
9142,header,31,1,caught,66,decode
9143,payload,3405699,1,SILENT,0,decode
9144,bit_flip,9173123,1,caught,66,decode
9145,random_bytes,7577836,2,caught,66,decode
9146,zeroed_run,7421656,3397,SILENT,0,decode
9147,truncation,878996,8403855,caught,68,decode
9148,header,626,1,SILENT,0,decode
9149,payload,6603040,1,SILENT,0,decode
9150,bit_flip,1340461,1,SILENT,0,decode
9151,random_bytes,6894210,13,caught,66,decode
9152,zeroed_run,5407731,1898,SILENT,0,decode
9153,truncation,1635779,7647072,caught,68,decode
9154,header,492,1,SILENT,0,decode
9155,payload,8769347,1,SILENT,0,decode
9156,bit_flip,5315185,1,SILENT,0,decode
9157,random_bytes,6102484,11,caught,66,decode
9158,zeroed_run,1700521,3601,SILENT,0,decode
9159,truncation,398957,8883894,caught,68,decode
9160,header,501,1,caught,66,decode
9161,payload,4024933,1,caught,66,decode
9162,bit_flip,3469314,1,SILENT,0,decode
9163,random_bytes,6497929,5,SILENT,0,decode
9164,zeroed_run,4859566,597,SILENT,0,decode
9165,truncation,1102130,8180721,caught,68,decode
9166,header,824,1,caught,66,decode
9167,payload,7848274,1,SILENT,0,decode
9168,bit_flip,9261244,1,SILENT,0,decode
9169,random_bytes,4841326,8,caught,66,decode
9170,zeroed_run,264005,1225,SILENT,0,decode
9171,truncation,1747531,7535320,caught,68,decode
9172,header,25,1,caught,66,decode
9173,payload,9035324,1,SILENT,0,decode
9174,bit_flip,8462672,1,SILENT,0,decode
9175,random_bytes,6173838,12,SILENT,0,decode
9176,zeroed_run,6604006,897,SILENT,0,decode
9177,truncation,2698729,6584122,caught,68,decode
9178,header,340,1,SILENT,0,decode
9179,payload,5535269,1,caught,66,decode
9180,bit_flip,1301874,1,caught,66,decode
9181,random_bytes,461845,12,caught,66,decode
9182,zeroed_run,6629004,1609,SILENT,0,decode
9183,truncation,7061902,2220949,caught,68,decode
9184,header,962,1,SILENT,0,decode
9185,payload,6660272,1,SILENT,0,decode
9186,bit_flip,3949608,1,SILENT,0,decode
9187,random_bytes,8201281,14,caught,66,decode
9188,zeroed_run,2302512,1848,SILENT,0,decode
9189,truncation,2032627,7250224,caught,68,decode
9190,header,492,1,SILENT,0,decode
9191,payload,1123987,1,caught,66,decode
9192,bit_flip,6614541,1,SILENT,0,decode
9193,random_bytes,3890267,7,SILENT,0,decode
9194,zeroed_run,504537,1166,SILENT,0,decode
9195,truncation,1272379,8010472,caught,68,decode
9196,header,681,1,SILENT,0,decode
9197,payload,1870315,1,caught,66,decode
9198,bit_flip,4338066,1,SILENT,0,decode
9199,random_bytes,3810248,9,caught,66,decode
9200,zeroed_run,4702329,4053,SILENT,0,decode
9201,truncation,5193932,4088919,caught,68,decode
9202,header,284,1,SILENT,0,decode
9203,payload,343037,1,SILENT,0,decode
9204,bit_flip,1388778,1,caught,66,decode
9205,random_bytes,5915343,10,caught,66,decode
9206,zeroed_run,3402858,1718,SILENT,0,decode
9207,truncation,6416766,2866085,caught,68,decode
9208,header,82,1,SILENT,0,decode
9209,payload,6152661,1,caught,66,decode
9210,bit_flip,9048213,1,caught,66,decode
9211,random_bytes,3704932,14,SILENT,0,decode
9212,zeroed_run,7757948,1035,SILENT,0,decode
9213,truncation,7290618,1992233,caught,68,decode
9214,header,1002,1,SILENT,0,decode
9215,payload,3740590,1,SILENT,0,decode
9216,bit_flip,4027927,1,SILENT,0,decode
9217,random_bytes,1947535,7,caught,66,decode
9218,zeroed_run,5927040,751,SILENT,0,decode
9219,truncation,7343783,1939068,caught,68,decode
9220,header,691,1,SILENT,0,decode
9221,payload,8988507,1,SILENT,0,decode
9222,bit_flip,789545,1,SILENT,0,decode
9223,random_bytes,712198,15,SILENT,0,decode
9224,zeroed_run,6012459,229,SILENT,0,decode
9225,truncation,2384114,6898737,caught,68,decode
9226,header,440,1,SILENT,0,decode
9227,payload,7391272,1,SILENT,0,decode
9228,bit_flip,7059259,1,SILENT,0,decode
9229,random_bytes,9022790,3,SILENT,0,decode
9230,zeroed_run,7127122,3650,SILENT,0,decode
9231,truncation,6393652,2889199,caught,68,decode
9232,header,947,1,caught,66,decode
9233,payload,3507793,1,SILENT,0,decode
9234,bit_flip,2603456,1,caught,66,decode
9235,random_bytes,8561711,1,SILENT,0,decode
9236,zeroed_run,4737609,248,SILENT,0,decode
9237,truncation,7910314,1372537,caught,68,decode
9238,header,331,1,SILENT,0,decode
9239,payload,4599769,1,SILENT,0,decode
9240,bit_flip,8609109,1,SILENT,0,decode
9241,random_bytes,8335827,13,caught,66,decode
9242,zeroed_run,2051043,4026,SILENT,0,decode
9243,truncation,5106910,4175941,caught,68,decode
9244,header,805,1,caught,66,decode
9245,payload,7967491,1,SILENT,0,decode
9246,bit_flip,8302589,1,caught,66,decode
9247,random_bytes,3358003,13,caught,66,decode
9248,zeroed_run,8492531,2679,SILENT,0,decode
9249,truncation,5978974,3303877,caught,68,decode
9250,header,825,1,caught,66,decode
9251,payload,8777531,1,caught,66,decode
9252,bit_flip,1155939,1,SILENT,0,decode
9253,random_bytes,5764120,2,SILENT,0,decode
9254,zeroed_run,4250880,1449,SILENT,0,decode
9255,truncation,7267276,2015575,caught,68,decode
9256,header,270,1,caught,66,decode
9257,payload,724810,1,SILENT,0,decode
9258,bit_flip,1504192,1,SILENT,0,decode
9259,random_bytes,6612388,3,caught,66,decode
9260,zeroed_run,3684485,482,SILENT,0,decode
9261,truncation,7565472,1717379,caught,68,decode
9262,header,518,1,SILENT,0,decode
9263,payload,188162,1,SILENT,0,decode
9264,bit_flip,9073768,1,SILENT,0,decode
9265,random_bytes,6048719,16,SILENT,0,decode
9266,zeroed_run,4520886,3387,SILENT,0,decode
9267,truncation,3502113,5780738,caught,68,decode
9268,header,677,1,SILENT,0,decode
9269,payload,7614116,1,SILENT,0,decode
9270,bit_flip,1186245,1,caught,66,decode
9271,random_bytes,4278966,8,caught,66,decode
9272,zeroed_run,1915550,3514,SILENT,0,decode
9273,truncation,5345772,3937079,caught,68,decode
9274,header,132,1,SILENT,0,decode
9275,payload,3886676,1,caught,66,decode
9276,bit_flip,4146450,1,SILENT,0,decode
9277,random_bytes,8399057,9,SILENT,0,decode
9278,zeroed_run,4367887,1682,SILENT,0,decode
9279,truncation,1001168,8281683,caught,68,decode
9280,header,626,1,SILENT,0,decode
9281,payload,2503021,1,SILENT,0,decode
9282,bit_flip,6720536,1,SILENT,0,decode
9283,random_bytes,7021961,4,caught,66,decode
9284,zeroed_run,6120969,2734,SILENT,0,decode
9285,truncation,4205928,5076923,caught,68,decode
9286,header,962,1,SILENT,0,decode
9287,payload,1679267,1,SILENT,0,decode
9288,bit_flip,5612992,1,SILENT,0,decode
9289,random_bytes,6354041,10,SILENT,0,decode
9290,zeroed_run,3729678,2003,SILENT,0,decode
9291,truncation,7351743,1931108,caught,68,decode
9292,header,582,1,caught,66,decode
9293,payload,4769382,1,SILENT,0,decode
9294,bit_flip,4742928,1,SILENT,0,decode
9295,random_bytes,4381207,9,SILENT,0,decode
9296,zeroed_run,6510668,3633,SILENT,0,decode
9297,truncation,4936775,4346076,caught,68,decode
9298,header,618,1,caught,66,decode
9299,payload,2563000,1,SILENT,0,decode
9300,bit_flip,3170025,1,SILENT,0,decode
9301,random_bytes,3739870,15,SILENT,0,decode
9302,zeroed_run,7563919,121,SILENT,0,decode
9303,truncation,8876027,406824,caught,68,decode
9304,header,256,1,SILENT,0,decode
9305,payload,3557975,1,SILENT,0,decode
9306,bit_flip,5709749,1,SILENT,0,decode
9307,random_bytes,8191868,11,caught,66,decode
9308,zeroed_run,2134264,2544,SILENT,0,decode
9309,truncation,6282530,3000321,caught,68,decode
9310,header,270,1,SILENT,0,decode
9311,payload,5377041,1,SILENT,0,decode
9312,bit_flip,4730320,1,caught,66,decode
9313,random_bytes,2963871,11,caught,66,decode
9314,zeroed_run,1966997,3497,SILENT,0,decode
9315,truncation,8108768,1174083,caught,68,decode
9316,header,52,1,caught,66,decode
9317,payload,2224072,1,SILENT,0,decode
9318,bit_flip,5517703,1,SILENT,0,decode
9319,random_bytes,4200231,16,caught,66,decode
9320,zeroed_run,3215946,3508,SILENT,0,decode
9321,truncation,6173602,3109249,caught,68,decode
9322,header,690,1,SILENT,0,decode
9323,payload,6101243,1,caught,66,decode
9324,bit_flip,5620472,1,SILENT,0,decode
9325,random_bytes,8858404,13,caught,66,decode
9326,zeroed_run,6118751,1470,SILENT,0,decode
9327,truncation,7966014,1316837,caught,68,decode
9328,header,856,1,SILENT,0,decode
9329,payload,7578755,1,SILENT,0,decode
9330,bit_flip,1206475,1,caught,66,decode
9331,random_bytes,7353461,9,caught,66,decode
9332,zeroed_run,4838098,1264,SILENT,0,decode
9333,truncation,5951809,3331042,caught,68,decode
9334,header,50,1,caught,66,decode
9335,payload,5081798,1,SILENT,0,decode
9336,bit_flip,592523,1,SILENT,0,decode
9337,random_bytes,5776742,10,caught,66,decode
9338,zeroed_run,3983754,2600,SILENT,0,decode
9339,truncation,1789041,7493810,caught,68,decode
9340,header,712,1,SILENT,0,decode
9341,payload,7882445,1,SILENT,0,decode
9342,bit_flip,9072684,1,SILENT,0,decode
9343,random_bytes,4606600,10,caught,66,decode
9344,zeroed_run,4250164,496,SILENT,0,decode
9345,truncation,2059807,7223044,caught,68,decode
9346,header,324,1,SILENT,0,decode
9347,payload,3553380,1,SILENT,0,decode
9348,bit_flip,4230982,1,SILENT,0,decode
9349,random_bytes,1831293,10,SILENT,0,decode
9350,zeroed_run,4708047,3565,SILENT,0,decode
9351,truncation,470028,8812823,caught,68,decode
9352,header,170,1,SILENT,0,decode
9353,payload,5565618,1,SILENT,0,decode
9354,bit_flip,5277649,1,SILENT,0,decode
9355,random_bytes,8488598,15,SILENT,0,decode
9356,zeroed_run,3545067,958,SILENT,0,decode
9357,truncation,2284571,6998280,caught,68,decode
9358,header,680,1,SILENT,0,decode
9359,payload,1530926,1,SILENT,0,decode
9360,bit_flip,1557262,1,caught,66,decode
9361,random_bytes,6686865,4,SILENT,0,decode
9362,zeroed_run,3068479,1166,SILENT,0,decode
9363,truncation,6608705,2674146,caught,68,decode
9364,header,17,1,SILENT,0,decode
9365,payload,5542880,1,caught,66,decode
9366,bit_flip,7573708,1,SILENT,0,decode
9367,random_bytes,5637720,12,SILENT,0,decode
9368,zeroed_run,6155615,1431,SILENT,0,decode
9369,truncation,3547325,5735526,caught,68,decode
9370,header,951,1,caught,66,decode
9371,payload,7316971,1,SILENT,0,decode
9372,bit_flip,544071,1,SILENT,0,decode
9373,random_bytes,4387234,15,caught,66,decode
9374,zeroed_run,7619232,3022,SILENT,0,decode
9375,truncation,6270461,3012390,caught,68,decode
9376,header,467,1,SILENT,0,decode
9377,payload,3107447,1,SILENT,0,decode
9378,bit_flip,2156801,1,SILENT,0,decode
9379,random_bytes,1483997,2,caught,66,decode
9380,zeroed_run,1044099,3497,SILENT,0,decode
9381,truncation,8555889,726962,caught,68,decode
9382,header,965,1,caught,66,decode
9383,payload,6241432,1,caught,66,decode
9384,bit_flip,2916297,1,SILENT,0,decode
9385,random_bytes,7667632,14,caught,66,decode
9386,zeroed_run,828750,3258,SILENT,0,decode
9387,truncation,606865,8675986,caught,68,decode
9388,header,161,1,SILENT,0,decode
9389,payload,7738664,1,SILENT,0,decode
9390,bit_flip,3367154,1,SILENT,0,decode
9391,random_bytes,4706267,11,SILENT,0,decode
9392,zeroed_run,614433,2309,SILENT,0,decode
9393,truncation,583277,8699574,caught,68,decode
9394,header,673,1,SILENT,0,decode
9395,payload,187540,1,SILENT,0,decode
9396,bit_flip,4544611,1,SILENT,0,decode
9397,random_bytes,8323372,6,SILENT,0,decode
9398,zeroed_run,8806835,2444,SILENT,0,decode
9399,truncation,8144040,1138811,caught,68,decode
9400,header,488,1,SILENT,0,decode
9401,payload,434599,1,SILENT,0,decode
9402,bit_flip,7127212,1,caught,66,decode
9403,random_bytes,9107637,10,SILENT,0,decode
9404,zeroed_run,2169305,720,SILENT,0,decode
9405,truncation,9001949,280902,caught,68,decode
9406,header,784,1,SILENT,0,decode
9407,payload,1420262,1,SILENT,0,decode
9408,bit_flip,5053191,1,SILENT,0,decode
9409,random_bytes,4731655,2,SILENT,0,decode
9410,zeroed_run,968700,1792,SILENT,0,decode
9411,truncation,8083640,1199211,caught,68,decode
9412,header,589,1,SILENT,0,decode
9413,payload,1041753,1,SILENT,0,decode
9414,bit_flip,6258627,1,SILENT,0,decode
9415,random_bytes,7299357,11,caught,66,decode
9416,zeroed_run,4182861,3908,SILENT,0,decode
9417,truncation,1792099,7490752,caught,68,decode
9418,header,642,1,caught,66,decode
9419,payload,2842819,1,SILENT,0,decode
9420,bit_flip,1937994,1,SILENT,0,decode
9421,random_bytes,656846,10,caught,66,decode
9422,zeroed_run,8777423,183,SILENT,0,decode
9423,truncation,2452653,6830198,caught,68,decode
9424,header,458,1,SILENT,0,decode
9425,payload,7025736,1,SILENT,0,decode
9426,bit_flip,2527729,1,SILENT,0,decode
9427,random_bytes,2106005,16,caught,66,decode
9428,zeroed_run,1555781,528,SILENT,0,decode
9429,truncation,4535220,4747631,caught,68,decode
9430,header,180,1,SILENT,0,decode
9431,payload,381464,1,SILENT,0,decode
9432,bit_flip,8024505,1,SILENT,0,decode
9433,random_bytes,4333096,12,SILENT,0,decode
9434,zeroed_run,8695891,3720,SILENT,0,decode
9435,truncation,6862457,2420394,caught,68,decode
9436,header,996,1,SILENT,0,decode
9437,payload,8359720,1,caught,66,decode
9438,bit_flip,5358587,1,SILENT,0,decode
9439,random_bytes,986786,16,SILENT,0,decode
9440,zeroed_run,1670488,2617,SILENT,0,decode
9441,truncation,7357575,1925276,caught,68,decode
9442,header,693,1,SILENT,0,decode
9443,payload,2142994,1,SILENT,0,decode
9444,bit_flip,1336240,1,SILENT,0,decode
9445,random_bytes,217272,13,SILENT,0,decode
9446,zeroed_run,7588436,2088,SILENT,0,decode
9447,truncation,5198175,4084676,caught,68,decode
9448,header,353,1,SILENT,0,decode
9449,payload,7656565,1,SILENT,0,decode
9450,bit_flip,4178337,1,SILENT,0,decode
9451,random_bytes,4551135,3,SILENT,0,decode
9452,zeroed_run,1033927,775,SILENT,0,decode
9453,truncation,6848789,2434062,caught,68,decode
9454,header,253,1,SILENT,0,decode
9455,payload,320469,1,caught,66,decode
9456,bit_flip,457490,1,caught,66,decode
9457,random_bytes,8913732,7,SILENT,0,decode
9458,zeroed_run,2020707,1372,SILENT,0,decode
9459,truncation,7490319,1792532,caught,68,decode
9460,header,625,1,SILENT,0,decode
9461,payload,4342468,1,SILENT,0,decode
9462,bit_flip,3405164,1,SILENT,0,decode
9463,random_bytes,347332,7,SILENT,0,decode
9464,zeroed_run,8774181,2635,SILENT,0,decode
9465,truncation,8359447,923404,caught,68,decode
9466,header,316,1,SILENT,0,decode
9467,payload,5218356,1,SILENT,0,decode
9468,bit_flip,1513073,1,SILENT,0,decode
9469,random_bytes,7801914,8,SILENT,0,decode
9470,zeroed_run,713044,586,SILENT,0,decode
9471,truncation,3790766,5492085,caught,68,decode
9472,header,322,1,SILENT,0,decode
9473,payload,4504512,1,SILENT,0,decode
9474,bit_flip,6369641,1,SILENT,0,decode
9475,random_bytes,2004967,7,caught,66,decode
9476,zeroed_run,2548302,2045,SILENT,0,decode
9477,truncation,5022382,4260469,caught,68,decode
9478,header,525,1,SILENT,0,decode
9479,payload,5125498,1,SILENT,0,decode
9480,bit_flip,1775350,1,SILENT,0,decode
9481,random_bytes,4906627,10,caught,66,decode
9482,zeroed_run,2377601,175,SILENT,0,decode
9483,truncation,5067756,4215095,caught,68,decode
9484,header,509,1,SILENT,0,decode
9485,payload,1642507,1,caught,66,decode
9486,bit_flip,8258809,1,SILENT,0,decode
9487,random_bytes,1447244,9,caught,66,decode
9488,zeroed_run,8025290,4059,SILENT,0,decode
9489,truncation,1501186,7781665,caught,68,decode
9490,header,153,1,caught,66,decode
9491,payload,4127158,1,caught,66,decode
9492,bit_flip,414922,1,SILENT,0,decode
9493,random_bytes,6535469,1,SILENT,0,decode
9494,zeroed_run,4783101,1653,SILENT,0,decode
9495,truncation,2552720,6730131,caught,68,decode
9496,header,302,1,SILENT,0,decode
9497,payload,256456,1,SILENT,0,decode
9498,bit_flip,3447381,1,caught,66,decode
9499,random_bytes,3059281,13,caught,66,decode
9500,zeroed_run,3038606,3236,SILENT,0,decode
9501,truncation,4827772,4455079,caught,68,decode
9502,header,306,1,SILENT,0,decode
9503,payload,293952,1,caught,66,decode
9504,bit_flip,4011855,1,SILENT,0,decode
9505,random_bytes,5188218,11,caught,66,decode
9506,zeroed_run,922633,2797,SILENT,0,decode
9507,truncation,8391430,891421,caught,68,decode
9508,header,287,1,SILENT,0,decode
9509,payload,432426,1,SILENT,0,decode
9510,bit_flip,3931065,1,caught,66,decode
9511,random_bytes,4675771,3,SILENT,0,decode
9512,zeroed_run,8424883,2612,SILENT,0,decode
9513,truncation,636409,8646442,caught,68,decode
9514,header,739,1,SILENT,0,decode
9515,payload,5589347,1,SILENT,0,decode
9516,bit_flip,8623123,1,SILENT,0,decode
9517,random_bytes,2035352,4,caught,66,decode
9518,zeroed_run,9262656,1983,SILENT,0,decode
9519,truncation,5446331,3836520,caught,68,decode
9520,header,73,1,SILENT,0,decode
9521,payload,998115,1,caught,66,decode
9522,bit_flip,2050747,1,SILENT,0,decode
9523,random_bytes,7255936,3,caught,66,decode
9524,zeroed_run,549303,3145,SILENT,0,decode
9525,truncation,2772212,6510639,caught,68,decode
9526,header,762,1,SILENT,0,decode
9527,payload,2324141,1,caught,66,decode
9528,bit_flip,1296827,1,SILENT,0,decode
9529,random_bytes,5396210,4,SILENT,0,decode
9530,zeroed_run,8191315,3767,SILENT,0,decode
9531,truncation,4943169,4339682,caught,68,decode
9532,header,475,1,SILENT,0,decode
9533,payload,8592208,1,SILENT,0,decode
9534,bit_flip,1721352,1,SILENT,0,decode
9535,random_bytes,6464140,8,caught,66,decode
9536,zeroed_run,2231853,3388,caught,66,decode
9537,truncation,7555786,1727065,caught,68,decode
9538,header,441,1,SILENT,0,decode
9539,payload,5307449,1,SILENT,0,decode
9540,bit_flip,3816046,1,SILENT,0,decode
9541,random_bytes,3765392,5,caught,66,decode
9542,zeroed_run,7146623,3506,SILENT,0,decode
9543,truncation,5168107,4114744,caught,68,decode
9544,header,408,1,SILENT,0,decode
9545,payload,6235866,1,SILENT,0,decode
9546,bit_flip,3197309,1,SILENT,0,decode
9547,random_bytes,434835,9,SILENT,0,decode
9548,zeroed_run,6886102,1834,SILENT,0,decode
9549,truncation,8245854,1036997,caught,68,decode
9550,header,6,1,caught,66,decode
9551,payload,7417048,1,SILENT,0,decode
9552,bit_flip,7512165,1,SILENT,0,decode
9553,random_bytes,3633915,3,caught,66,decode
9554,zeroed_run,5580639,293,SILENT,0,decode
9555,truncation,1407271,7875580,caught,68,decode
9556,header,884,1,SILENT,0,decode
9557,payload,4112850,1,caught,66,decode
9558,bit_flip,3667267,1,caught,66,decode
9559,random_bytes,6957385,12,caught,66,decode
9560,zeroed_run,976688,3271,SILENT,0,decode
9561,truncation,5115554,4167297,caught,68,decode
9562,header,153,1,caught,66,decode
9563,payload,5498443,1,SILENT,0,decode
9564,bit_flip,3031999,1,SILENT,0,decode
9565,random_bytes,6717087,2,SILENT,0,decode
9566,zeroed_run,5161966,2062,SILENT,0,decode
9567,truncation,3960817,5322034,caught,68,decode
9568,header,541,1,caught,66,decode
9569,payload,5852502,1,SILENT,0,decode
9570,bit_flip,6237664,1,SILENT,0,decode
9571,random_bytes,5470219,16,caught,66,decode
9572,zeroed_run,5947247,310,SILENT,0,decode
9573,truncation,1469626,7813225,caught,68,decode
9574,header,599,1,SILENT,0,decode
9575,payload,5832271,1,SILENT,0,decode
9576,bit_flip,1943786,1,SILENT,0,decode
9577,random_bytes,9203520,1,SILENT,0,decode
9578,zeroed_run,1214605,170,SILENT,0,decode
9579,truncation,8529089,753762,caught,68,decode
9580,header,841,1,SILENT,0,decode
9581,payload,7867765,1,SILENT,0,decode
9582,bit_flip,2823331,1,SILENT,0,decode
9583,random_bytes,4605994,15,caught,66,decode
9584,zeroed_run,4361414,980,SILENT,0,decode
9585,truncation,3094906,6187945,caught,68,decode
9586,header,240,1,SILENT,0,decode
9587,payload,9062375,1,SILENT,0,decode
9588,bit_flip,5612489,1,SILENT,0,decode
9589,random_bytes,4503,4,caught,66,decode
9590,zeroed_run,8659021,4049,SILENT,0,decode
9591,truncation,6742741,2540110,caught,68,decode
9592,header,365,1,SILENT,0,decode
9593,payload,8147893,1,SILENT,0,decode
9594,bit_flip,2412550,1,SILENT,0,decode
9595,random_bytes,6779558,10,SILENT,0,decode
9596,zeroed_run,1607936,3661,SILENT,0,decode
9597,truncation,2137279,7145572,caught,68,decode
9598,header,396,1,SILENT,0,decode
9599,payload,6919759,1,SILENT,0,decode
9600,bit_flip,110148,1,SILENT,0,decode
9601,random_bytes,6034393,2,SILENT,0,decode
9602,zeroed_run,3045101,3899,SILENT,0,decode
9603,truncation,6342912,2939939,caught,68,decode
9604,header,938,1,SILENT,0,decode
9605,payload,7011560,1,SILENT,0,decode
9606,bit_flip,5461160,1,SILENT,0,decode
9607,random_bytes,4257196,2,caught,66,decode
9608,zeroed_run,205208,3780,SILENT,0,decode
9609,truncation,591809,8691042,caught,68,decode
9610,header,883,1,SILENT,0,decode
9611,payload,9119955,1,SILENT,0,decode
9612,bit_flip,7401328,1,SILENT,0,decode
9613,random_bytes,2995353,8,caught,66,decode
9614,zeroed_run,6792391,3560,SILENT,0,decode
9615,truncation,2222170,7060681,caught,68,decode
9616,header,629,1,caught,66,decode
9617,payload,1079647,1,SILENT,0,decode
9618,bit_flip,3592366,1,SILENT,0,decode
9619,random_bytes,444988,3,caught,66,decode
9620,zeroed_run,7779762,3997,SILENT,0,decode
9621,truncation,9036313,246538,caught,68,decode
9622,header,533,1,SILENT,0,decode
9623,payload,7132051,1,SILENT,0,decode
9624,bit_flip,5929046,1,SILENT,0,decode
9625,random_bytes,1031608,16,caught,66,decode
9626,zeroed_run,1700007,1681,SILENT,0,decode
9627,truncation,7195681,2087170,caught,68,decode
9628,header,179,1,SILENT,0,decode
9629,payload,5986199,1,caught,66,decode
9630,bit_flip,1030214,1,SILENT,0,decode
9631,random_bytes,2648087,1,SILENT,0,decode
9632,zeroed_run,5844488,2370,SILENT,0,decode
9633,truncation,116918,9165933,caught,68,decode
9634,header,720,1,SILENT,0,decode
9635,payload,2547376,1,SILENT,0,decode
9636,bit_flip,2860481,1,SILENT,0,decode
9637,random_bytes,8085546,8,caught,66,decode
9638,zeroed_run,7234785,3176,SILENT,0,decode
9639,truncation,6630828,2652023,caught,68,decode
9640,header,518,1,SILENT,0,decode
9641,payload,5584478,1,SILENT,0,decode
9642,bit_flip,4361494,1,caught,66,decode
9643,random_bytes,7508071,7,SILENT,0,decode
9644,zeroed_run,8845095,41,SILENT,0,decode
9645,truncation,81616,9201235,caught,68,decode
9646,header,392,1,SILENT,0,decode
9647,payload,1939440,1,SILENT,0,decode
9648,bit_flip,2578656,1,SILENT,0,decode
9649,random_bytes,8299968,7,caught,66,decode
9650,zeroed_run,9205480,729,SILENT,0,decode
9651,truncation,6751527,2531324,caught,68,decode
9652,header,605,1,caught,66,decode
9653,payload,4883472,1,SILENT,0,decode
9654,bit_flip,3722563,1,SILENT,0,decode
9655,random_bytes,3706241,2,SILENT,0,decode
9656,zeroed_run,8546565,2581,SILENT,0,decode
9657,truncation,3323564,5959287,caught,68,decode
9658,header,515,1,caught,66,decode
9659,payload,8266249,1,SILENT,0,decode
9660,bit_flip,527770,1,SILENT,0,decode
9661,random_bytes,9067698,13,SILENT,0,decode
9662,zeroed_run,2318628,1775,SILENT,0,decode
9663,truncation,3547131,5735720,caught,68,decode
9664,header,443,1,SILENT,0,decode
9665,payload,9016178,1,SILENT,0,decode
9666,bit_flip,8138096,1,caught,66,decode
9667,random_bytes,3257739,7,SILENT,0,decode
9668,zeroed_run,6490161,2598,SILENT,0,decode
9669,truncation,2605315,6677536,caught,68,decode
9670,header,199,1,SILENT,0,decode
9671,payload,9051072,1,SILENT,0,decode
9672,bit_flip,3993068,1,SILENT,0,decode
9673,random_bytes,3938485,14,caught,66,decode
9674,zeroed_run,8431864,133,SILENT,0,decode
9675,truncation,190321,9092530,caught,68,decode
9676,header,745,1,SILENT,0,decode
9677,payload,5228540,1,SILENT,0,decode
9678,bit_flip,5588026,1,SILENT,0,decode
9679,random_bytes,1183734,12,caught,66,decode
9680,zeroed_run,6611287,2185,SILENT,0,decode
9681,truncation,2118498,7164353,caught,68,decode
9682,header,332,1,SILENT,0,decode
9683,payload,2279867,1,SILENT,0,decode
9684,bit_flip,7416666,1,SILENT,0,decode
9685,random_bytes,2924809,9,SILENT,0,decode
9686,zeroed_run,5093055,781,SILENT,0,decode
9687,truncation,2741537,6541314,caught,68,decode
9688,header,980,1,SILENT,0,decode
9689,payload,6529561,1,SILENT,0,decode
9690,bit_flip,8290698,1,caught,66,decode
9691,random_bytes,271406,4,SILENT,0,decode
9692,zeroed_run,4808588,2174,SILENT,0,decode
9693,truncation,4532050,4750801,caught,68,decode
9694,header,785,1,SILENT,0,decode
9695,payload,1162418,1,caught,66,decode
9696,bit_flip,1601896,1,SILENT,0,decode
9697,random_bytes,7859568,6,caught,66,decode
9698,zeroed_run,7830215,578,SILENT,0,decode
9699,truncation,1877063,7405788,caught,68,decode
9700,header,417,1,SILENT,0,decode
9701,payload,4104486,1,SILENT,0,decode
9702,bit_flip,6888925,1,SILENT,0,decode
9703,random_bytes,4639062,11,caught,66,decode
9704,zeroed_run,1878995,859,SILENT,0,decode
9705,truncation,7690036,1592815,caught,68,decode
9706,header,713,1,SILENT,0,decode
9707,payload,8384615,1,SILENT,0,decode
9708,bit_flip,3742376,1,caught,66,decode
9709,random_bytes,3480594,4,SILENT,0,decode
9710,zeroed_run,224483,3765,SILENT,0,decode
9711,truncation,6217002,3065849,caught,68,decode
9712,header,915,1,SILENT,0,decode
9713,payload,5817723,1,SILENT,0,decode
9714,bit_flip,7081135,1,SILENT,0,decode
9715,random_bytes,6729441,15,SILENT,0,decode
9716,zeroed_run,138003,3103,SILENT,0,decode
9717,truncation,3676300,5606551,caught,68,decode
9718,header,435,1,SILENT,0,decode
9719,payload,7220649,1,SILENT,0,decode
9720,bit_flip,6216066,1,SILENT,0,decode
9721,random_bytes,2476158,14,SILENT,0,decode
9722,zeroed_run,3793801,488,SILENT,0,decode
9723,truncation,8591335,691516,caught,68,decode
9724,header,202,1,SILENT,0,decode
9725,payload,8449774,1,SILENT,0,decode
9726,bit_flip,6425672,1,SILENT,0,decode
9727,random_bytes,6368316,11,caught,66,decode
9728,zeroed_run,3385024,2870,SILENT,0,decode
9729,truncation,414663,8868188,caught,68,decode
9730,header,362,1,SILENT,0,decode
9731,payload,4671944,1,SILENT,0,decode
9732,bit_flip,5943031,1,caught,66,decode
9733,random_bytes,5766610,15,SILENT,0,decode
9734,zeroed_run,3519018,149,SILENT,0,decode
9735,truncation,3332351,5950500,caught,68,decode
9736,header,105,1,SILENT,0,decode
9737,payload,3421175,1,SILENT,0,decode
9738,bit_flip,9047675,1,SILENT,0,decode
9739,random_bytes,1380630,3,caught,66,decode
9740,zeroed_run,8029734,3131,SILENT,0,decode
9741,truncation,5435460,3847391,caught,68,decode
9742,header,429,1,SILENT,0,decode
9743,payload,8559936,1,SILENT,0,decode
9744,bit_flip,6836262,1,SILENT,0,decode
9745,random_bytes,1208271,6,caught,66,decode
9746,zeroed_run,2247703,3200,SILENT,0,decode
9747,truncation,5897575,3385276,caught,68,decode
9748,header,333,1,SILENT,0,decode
9749,payload,6814962,1,caught,66,decode
9750,bit_flip,5274518,1,SILENT,0,decode
9751,random_bytes,288738,11,caught,66,decode
9752,zeroed_run,5164872,2989,SILENT,0,decode
9753,truncation,8610797,672054,caught,68,decode
9754,header,766,1,SILENT,0,decode
9755,payload,5295929,1,SILENT,0,decode
9756,bit_flip,6820864,1,SILENT,0,decode
9757,random_bytes,7150321,8,caught,66,decode
9758,zeroed_run,1660745,3967,SILENT,0,decode
9759,truncation,4067277,5215574,caught,68,decode
9760,header,494,1,SILENT,0,decode
9761,payload,8863439,1,SILENT,0,decode
9762,bit_flip,8138025,1,SILENT,0,decode
9763,random_bytes,8829819,10,caught,66,decode
9764,zeroed_run,3288960,3032,SILENT,0,decode
9765,truncation,2227840,7055011,caught,68,decode
9766,header,644,1,SILENT,0,decode
9767,payload,7247673,1,SILENT,0,decode
9768,bit_flip,3392301,1,SILENT,0,decode
9769,random_bytes,8609340,9,caught,66,decode
9770,zeroed_run,2023288,1745,SILENT,0,decode
9771,truncation,4088387,5194464,caught,68,decode
9772,header,504,1,SILENT,0,decode
9773,payload,8622161,1,SILENT,0,decode
9774,bit_flip,7352976,1,caught,66,decode
9775,random_bytes,3635711,7,caught,66,decode
9776,zeroed_run,2647154,399,SILENT,0,decode
9777,truncation,8073083,1209768,caught,68,decode
9778,header,952,1,SILENT,0,decode
9779,payload,2650626,1,SILENT,0,decode
9780,bit_flip,8102175,1,caught,66,decode
9781,random_bytes,6550608,2,SILENT,0,decode
9782,zeroed_run,1334803,1085,SILENT,0,decode
9783,truncation,4719559,4563292,caught,68,decode
9784,header,761,1,SILENT,0,decode
9785,payload,5292683,1,caught,66,decode
9786,bit_flip,8644416,1,SILENT,0,decode
9787,random_bytes,7960029,10,SILENT,0,decode
9788,zeroed_run,4660745,3030,SILENT,0,decode
9789,truncation,9032958,249893,caught,68,decode
9790,header,40,1,caught,66,decode
9791,payload,3136577,1,SILENT,0,decode
9792,bit_flip,8193307,1,SILENT,0,decode
9793,random_bytes,874347,9,caught,66,decode
9794,zeroed_run,2375894,2197,SILENT,0,decode
9795,truncation,7327146,1955705,caught,68,decode
9796,header,11,1,caught,66,decode
9797,payload,4044921,1,SILENT,0,decode
9798,bit_flip,4184981,1,SILENT,0,decode
9799,random_bytes,3909425,11,SILENT,0,decode
9800,zeroed_run,3888395,2308,SILENT,0,decode
9801,truncation,6706189,2576662,caught,68,decode
9802,header,1017,1,SILENT,0,decode
9803,payload,86983,1,SILENT,0,decode
9804,bit_flip,8325936,1,SILENT,0,decode
9805,random_bytes,6646187,12,SILENT,0,decode
9806,zeroed_run,9190443,486,SILENT,0,decode
9807,truncation,4794784,4488067,caught,68,decode
9808,header,416,1,caught,66,decode
9809,payload,1527632,1,SILENT,0,decode
9810,bit_flip,7502384,1,SILENT,0,decode
9811,random_bytes,4861843,5,SILENT,0,decode
9812,zeroed_run,4218942,272,SILENT,0,decode
9813,truncation,4053310,5229541,caught,68,decode
9814,header,817,1,SILENT,0,decode
9815,payload,214995,1,SILENT,0,decode
9816,bit_flip,2878833,1,SILENT,0,decode
9817,random_bytes,8469366,12,caught,66,decode
9818,zeroed_run,4728519,3264,SILENT,0,decode
9819,truncation,7812956,1469895,caught,68,decode
9820,header,725,1,SILENT,0,decode
9821,payload,5582555,1,SILENT,0,decode
9822,bit_flip,107533,1,SILENT,0,decode
9823,random_bytes,8635985,11,caught,66,decode
9824,zeroed_run,5123394,3864,SILENT,0,decode
9825,truncation,4552223,4730628,caught,68,decode
9826,header,233,1,SILENT,0,decode
9827,payload,5744916,1,SILENT,0,decode
9828,bit_flip,8717587,1,SILENT,0,decode
9829,random_bytes,407358,10,caught,66,decode
9830,zeroed_run,5484151,1862,SILENT,0,decode
9831,truncation,5450978,3831873,caught,68,decode
9832,header,760,1,SILENT,0,decode
9833,payload,603296,1,SILENT,0,decode
9834,bit_flip,6669273,1,SILENT,0,decode
9835,random_bytes,1889230,13,SILENT,0,decode
9836,zeroed_run,233123,3006,SILENT,0,decode
9837,truncation,7466547,1816304,caught,68,decode
9838,header,48,1,caught,66,decode
9839,payload,9097878,1,SILENT,0,decode
9840,bit_flip,3166966,1,caught,66,decode
9841,random_bytes,5756641,6,caught,66,decode
9842,zeroed_run,8937723,200,SILENT,0,decode
9843,truncation,412363,8870488,caught,68,decode
9844,header,841,1,SILENT,0,decode
9845,payload,5098588,1,SILENT,0,decode
9846,bit_flip,6145489,1,caught,66,decode
9847,random_bytes,1224415,13,SILENT,0,decode
9848,zeroed_run,6829612,2243,SILENT,0,decode
9849,truncation,4249509,5033342,caught,68,decode
9850,header,966,1,SILENT,0,decode
9851,payload,825923,1,caught,66,decode
9852,bit_flip,2029619,1,SILENT,0,decode
9853,random_bytes,5065699,3,caught,66,decode
9854,zeroed_run,3604872,767,SILENT,0,decode
9855,truncation,3870816,5412035,caught,68,decode
9856,header,770,1,SILENT,0,decode
9857,payload,4260978,1,SILENT,0,decode
9858,bit_flip,7691917,1,SILENT,0,decode
9859,random_bytes,3636231,13,SILENT,0,decode
9860,zeroed_run,1333595,3637,SILENT,0,decode
9861,truncation,7358302,1924549,caught,68,decode
9862,header,210,1,SILENT,0,decode
9863,payload,5883121,1,caught,66,decode
9864,bit_flip,4516516,1,caught,66,decode
9865,random_bytes,3892958,6,caught,66,decode
9866,zeroed_run,2299876,2134,SILENT,0,decode
9867,truncation,7789146,1493705,caught,68,decode
9868,header,841,1,SILENT,0,decode
9869,payload,5293869,1,SILENT,0,decode
9870,bit_flip,6829584,1,SILENT,0,decode
9871,random_bytes,6963670,4,caught,66,decode
9872,zeroed_run,4039858,3266,SILENT,0,decode
9873,truncation,107084,9175767,caught,68,decode
9874,header,1,1,caught,44,decode
9875,payload,7975465,1,caught,66,decode
9876,bit_flip,65434,1,SILENT,0,decode
9877,random_bytes,1975288,13,caught,66,decode
9878,zeroed_run,5181701,992,SILENT,0,decode
9879,truncation,9228778,54073,caught,68,decode
9880,header,792,1,SILENT,0,decode
9881,payload,4839652,1,SILENT,0,decode
9882,bit_flip,4069567,1,SILENT,0,decode
9883,random_bytes,1268705,13,SILENT,0,decode
9884,zeroed_run,3373813,3475,SILENT,0,decode
9885,truncation,3566057,5716794,caught,68,decode
9886,header,821,1,SILENT,0,decode
9887,payload,7353699,1,SILENT,0,decode
9888,bit_flip,4250247,1,SILENT,0,decode
9889,random_bytes,8180111,10,caught,66,decode
9890,zeroed_run,5316036,96,SILENT,0,decode
9891,truncation,197007,9085844,caught,68,decode
9892,header,600,1,SILENT,0,decode
9893,payload,5220278,1,SILENT,0,decode
9894,bit_flip,4012032,1,SILENT,0,decode
9895,random_bytes,4452806,10,caught,66,decode
9896,zeroed_run,7291253,611,SILENT,0,decode
9897,truncation,2558365,6724486,caught,68,decode
9898,header,95,1,caught,66,decode
9899,payload,7790985,1,caught,66,decode
9900,bit_flip,750662,1,SILENT,0,decode
9901,random_bytes,4981837,6,caught,66,decode
9902,zeroed_run,4171401,2691,SILENT,0,decode
9903,truncation,6472076,2810775,caught,68,decode
9904,header,664,1,SILENT,0,decode
9905,payload,4723968,1,caught,66,decode
9906,bit_flip,6930943,1,SILENT,0,decode
9907,random_bytes,14409,5,caught,66,decode
9908,zeroed_run,6387967,3825,SILENT,0,decode
9909,truncation,6753202,2529649,caught,68,decode
9910,header,724,1,SILENT,0,decode
9911,payload,442166,1,caught,66,decode
9912,bit_flip,9092549,1,SILENT,0,decode
9913,random_bytes,8425426,1,SILENT,0,decode
9914,zeroed_run,5215534,1263,SILENT,0,decode
9915,truncation,2265133,7017718,caught,68,decode
9916,header,101,1,SILENT,0,decode
9917,payload,4663208,1,SILENT,0,decode
9918,bit_flip,2463861,1,SILENT,0,decode
9919,random_bytes,8553066,6,SILENT,0,decode
9920,zeroed_run,3148321,2371,SILENT,0,decode
9921,truncation,3508377,5774474,caught,68,decode
9922,header,436,1,SILENT,0,decode
9923,payload,4248272,1,caught,66,decode
9924,bit_flip,2883066,1,SILENT,0,decode
9925,random_bytes,5240071,1,SILENT,0,decode
9926,zeroed_run,8543506,3833,SILENT,0,decode
9927,truncation,6404814,2878037,caught,68,decode
9928,header,360,1,SILENT,0,decode
9929,payload,8130337,1,SILENT,0,decode
9930,bit_flip,3485094,1,SILENT,0,decode
9931,random_bytes,8786481,13,caught,66,decode
9932,zeroed_run,5403723,527,SILENT,0,decode
9933,truncation,5298296,3984555,caught,68,decode
9934,header,933,1,SILENT,0,decode
9935,payload,7887362,1,SILENT,0,decode
9936,bit_flip,1484192,1,SILENT,0,decode
9937,random_bytes,2527210,15,caught,66,decode
9938,zeroed_run,9078540,390,SILENT,0,decode
9939,truncation,7502535,1780316,caught,68,decode
9940,header,864,1,SILENT,0,decode
9941,payload,4286249,1,caught,66,decode
9942,bit_flip,711187,1,SILENT,0,decode
9943,random_bytes,5920097,2,caught,66,decode
9944,zeroed_run,2062008,1866,SILENT,0,decode
9945,truncation,3108969,6173882,caught,68,decode
9946,header,690,1,SILENT,0,decode
9947,payload,6882083,1,SILENT,0,decode
9948,bit_flip,83132,1,SILENT,0,decode
9949,random_bytes,3550904,10,caught,66,decode
9950,zeroed_run,5603301,3531,SILENT,0,decode
9951,truncation,345588,8937263,caught,68,decode
9952,header,1009,1,SILENT,0,decode
9953,payload,2908649,1,SILENT,0,decode
9954,bit_flip,8701777,1,SILENT,0,decode
9955,random_bytes,608540,6,caught,66,decode
9956,zeroed_run,4409041,3329,SILENT,0,decode
9957,truncation,2519600,6763251,caught,68,decode
9958,header,756,1,SILENT,0,decode
9959,payload,3692399,1,SILENT,0,decode
9960,bit_flip,1156802,1,SILENT,0,decode
9961,random_bytes,8340859,8,SILENT,0,decode
9962,zeroed_run,5963086,1391,SILENT,0,decode
9963,truncation,329250,8953601,caught,68,decode
9964,header,328,1,SILENT,0,decode
9965,payload,1883949,1,SILENT,0,decode
9966,bit_flip,3393639,1,SILENT,0,decode
9967,random_bytes,2331865,6,caught,66,decode
9968,zeroed_run,2078316,3545,SILENT,0,decode
9969,truncation,5743992,3538859,caught,68,decode
9970,header,314,1,caught,66,decode
9971,payload,2038716,1,SILENT,0,decode
9972,bit_flip,8328402,1,SILENT,0,decode
9973,random_bytes,4229899,5,caught,66,decode
9974,zeroed_run,1044520,1317,SILENT,0,decode
9975,truncation,7376382,1906469,caught,68,decode
9976,header,643,1,SILENT,0,decode
9977,payload,3193470,1,SILENT,0,decode
9978,bit_flip,6753666,1,caught,66,decode
9979,random_bytes,8751559,9,SILENT,0,decode
9980,zeroed_run,7732729,3831,SILENT,0,decode
9981,truncation,9143212,139639,caught,68,decode
9982,header,176,1,SILENT,0,decode
9983,payload,2352426,1,SILENT,0,decode
9984,bit_flip,7759409,1,SILENT,0,decode
9985,random_bytes,7542174,1,SILENT,0,decode
9986,zeroed_run,489383,768,SILENT,0,decode
9987,truncation,3929997,5352854,caught,68,decode
9988,header,245,1,SILENT,0,decode
9989,payload,4051397,1,caught,66,decode
9990,bit_flip,1199087,1,SILENT,0,decode
9991,random_bytes,6059309,11,caught,66,decode
9992,zeroed_run,1081128,3628,SILENT,0,decode
9993,truncation,4439266,4843585,caught,68,decode
9994,header,486,1,SILENT,0,decode
9995,payload,7057736,1,SILENT,0,decode
9996,bit_flip,4939290,1,SILENT,0,decode
9997,random_bytes,6042334,8,caught,66,decode
9998,zeroed_run,3345793,1604,SILENT,0,decode
9999,truncation,1671758,7611093,caught,68,decode
