case,kind,offset,length,outcome,returncode,phase
0,bit_flip,1767044,1,caught,1,decode
1,random_bytes,3845016,11,caught,1,decode
2,zeroed_run,2905967,2888,caught,1,decode
3,truncation,782724,4660821,caught,1,decode
4,header,489,1,caught,1,decode
5,payload,3655847,1,caught,1,decode
6,bit_flip,2138174,1,caught,1,decode
7,random_bytes,2443384,16,caught,1,decode
8,zeroed_run,1088365,3387,caught,1,decode
9,truncation,1450464,3993081,caught,1,decode
10,header,651,1,caught,1,decode
11,payload,4236643,1,caught,1,decode
12,bit_flip,2629089,1,caught,1,decode
13,random_bytes,20590,2,caught,1,decode
14,zeroed_run,4084528,374,caught,1,decode
15,truncation,3801291,1642254,caught,1,decode
16,header,523,1,caught,1,decode
17,payload,2784552,1,caught,1,decode
18,bit_flip,2304870,1,caught,1,decode
19,random_bytes,793149,4,caught,1,decode
20,zeroed_run,442721,151,caught,1,decode
21,truncation,4509154,934391,caught,1,decode
22,header,179,1,caught,1,decode
23,payload,957642,1,caught,1,decode
24,bit_flip,4708384,1,caught,1,decode
25,random_bytes,1542451,15,caught,1,decode
26,zeroed_run,363809,1656,caught,1,decode
27,truncation,1175913,4267632,caught,1,decode
28,header,440,1,caught,1,decode
29,payload,5153294,1,caught,1,decode
30,bit_flip,3284506,1,caught,1,decode
31,random_bytes,1407041,12,caught,1,decode
32,zeroed_run,21231,1080,caught,1,decode
33,truncation,959003,4484542,caught,1,decode
34,header,818,1,caught,1,decode
35,payload,2031800,1,caught,1,decode
36,bit_flip,3887951,1,caught,1,decode
37,random_bytes,4467260,9,caught,1,decode
38,zeroed_run,4320182,1998,caught,1,decode
39,truncation,2564927,2878618,caught,1,decode
40,header,829,1,caught,1,decode
41,payload,2121821,1,caught,1,decode
42,bit_flip,2285305,1,caught,1,decode
43,random_bytes,4039299,14,caught,1,decode
44,zeroed_run,1595802,1736,caught,1,decode
45,truncation,1572100,3871445,caught,1,decode
46,header,725,1,caught,1,decode
47,payload,2341028,1,caught,1,decode
48,bit_flip,1019254,1,caught,1,decode
49,random_bytes,1686377,14,caught,1,decode
50,zeroed_run,5024111,2107,caught,1,decode
51,truncation,822426,4621119,caught,1,decode
52,header,142,1,caught,1,decode
53,payload,2805745,1,caught,1,decode
54,bit_flip,377034,1,caught,1,decode
55,random_bytes,1861572,13,caught,1,decode
56,zeroed_run,2879287,1811,caught,1,decode
57,truncation,5055834,387711,caught,1,decode
58,header,848,1,caught,1,decode
59,payload,1385296,1,caught,1,decode
60,bit_flip,2216993,1,caught,1,decode
61,random_bytes,387617,7,caught,1,decode
62,zeroed_run,2348891,3703,caught,1,decode
63,truncation,1342071,4101474,caught,1,decode
64,header,289,1,caught,1,decode
65,payload,5128163,1,caught,1,decode
66,bit_flip,1092982,1,caught,1,decode
67,random_bytes,2835997,14,caught,1,decode
68,zeroed_run,5410955,1603,caught,1,decode
69,truncation,3816733,1626812,caught,1,decode
70,header,659,1,caught,1,decode
71,payload,2262617,1,caught,1,decode
72,bit_flip,1284342,1,caught,1,decode
73,random_bytes,3127670,2,caught,1,decode
74,zeroed_run,2043324,917,caught,1,decode
75,truncation,302584,5140961,caught,1,decode
76,header,146,1,caught,1,decode
77,payload,1062470,1,caught,1,decode
78,bit_flip,4401282,1,caught,1,decode
79,random_bytes,2555210,15,caught,1,decode
80,zeroed_run,3432151,4044,caught,1,decode
81,truncation,1503698,3939847,caught,1,decode
82,header,837,1,caught,1,decode
83,payload,1791529,1,caught,1,decode
84,bit_flip,1082485,1,caught,1,decode
85,random_bytes,127959,5,caught,1,decode
86,zeroed_run,4361663,2695,caught,1,decode
87,truncation,4204624,1238921,caught,1,decode
88,header,807,1,caught,1,decode
89,payload,728168,1,caught,1,decode
90,bit_flip,4754354,1,caught,1,decode
91,random_bytes,2992645,3,caught,1,decode
92,zeroed_run,914815,3589,caught,1,decode
93,truncation,4327007,1116538,caught,1,decode
94,header,69,1,caught,1,decode
95,payload,3246101,1,caught,1,decode
96,bit_flip,4129347,1,caught,1,decode
97,random_bytes,3649005,4,caught,1,decode
98,zeroed_run,5107560,797,caught,1,decode
99,truncation,3511985,1931560,caught,1,decode
100,header,853,1,caught,1,decode
101,payload,1308135,1,caught,1,decode
102,bit_flip,146849,1,caught,1,decode
103,random_bytes,678823,3,caught,1,decode
104,zeroed_run,389298,1076,caught,1,decode
105,truncation,4986589,456956,caught,1,decode
106,header,597,1,caught,1,decode
107,payload,3853928,1,caught,1,decode
108,bit_flip,5327687,1,caught,1,decode
109,random_bytes,345718,14,caught,1,decode
110,zeroed_run,4184776,2783,caught,1,decode
111,truncation,1183850,4259695,caught,1,decode
112,header,655,1,caught,1,decode
113,payload,4545495,1,caught,1,decode
114,bit_flip,299880,1,caught,1,decode
115,random_bytes,2759044,3,caught,1,decode
116,zeroed_run,206194,1433,caught,1,decode
117,truncation,5178226,265319,caught,1,decode
118,header,622,1,caught,1,decode
119,payload,3164208,1,caught,1,decode
120,bit_flip,4559474,1,caught,1,decode
121,random_bytes,1622054,15,caught,1,decode
122,zeroed_run,3927833,2343,caught,1,decode
123,truncation,994147,4449398,caught,1,decode
124,header,827,1,caught,1,decode
125,payload,538792,1,caught,1,decode
126,bit_flip,4862655,1,caught,1,decode
127,random_bytes,2156314,14,caught,1,decode
128,zeroed_run,2697551,3887,caught,1,decode
129,truncation,5176979,266566,caught,1,decode
130,header,658,1,caught,1,decode
131,payload,907376,1,caught,1,decode
132,bit_flip,2204291,1,caught,1,decode
133,random_bytes,1729764,3,caught,1,decode
134,zeroed_run,3127122,2203,caught,1,decode
135,truncation,4376177,1067368,caught,1,decode
136,header,790,1,caught,1,decode
137,payload,1244405,1,caught,1,decode
138,bit_flip,499177,1,caught,1,decode
139,random_bytes,3310966,2,caught,1,decode
140,zeroed_run,2951827,3371,caught,1,decode
141,truncation,5332053,111492,caught,1,decode
142,header,501,1,caught,1,decode
143,payload,2639252,1,caught,1,decode
144,bit_flip,3106843,1,caught,1,decode
145,random_bytes,2522891,12,caught,1,decode
146,zeroed_run,1161549,3468,caught,1,decode
147,truncation,17824,5425721,caught,1,decode
148,header,901,1,caught,1,decode
149,payload,1712019,1,caught,1,decode
150,bit_flip,1809086,1,caught,1,decode
151,random_bytes,756619,11,caught,1,decode
152,zeroed_run,1086387,259,caught,1,decode
153,truncation,2449289,2994256,caught,1,decode
154,header,845,1,caught,1,decode
155,payload,590777,1,caught,1,decode
156,bit_flip,1399368,1,caught,1,decode
157,random_bytes,751916,11,caught,1,decode
158,zeroed_run,626270,2961,caught,1,decode
159,truncation,3633933,1809612,caught,1,decode
160,header,305,1,caught,1,decode
161,payload,4226453,1,caught,1,decode
162,bit_flip,4557974,1,caught,1,decode
163,random_bytes,4025950,7,caught,1,decode
164,zeroed_run,3616116,3017,caught,1,decode
165,truncation,4892008,551537,caught,1,decode
166,header,997,1,caught,1,decode
167,payload,4962220,1,caught,1,decode
168,bit_flip,4127047,1,caught,1,decode
169,random_bytes,3325663,16,caught,1,decode
170,zeroed_run,1422923,2038,caught,1,decode
171,truncation,2532669,2910876,caught,1,decode
172,header,974,1,caught,1,decode
173,payload,4578628,1,caught,1,decode
174,bit_flip,1703490,1,caught,1,decode
175,random_bytes,981292,13,caught,1,decode
176,zeroed_run,1376325,65,caught,1,decode
177,truncation,5158190,285355,caught,1,decode
178,header,121,1,caught,1,decode
179,payload,2817671,1,caught,1,decode
180,bit_flip,3105037,1,caught,1,decode
181,random_bytes,1089304,6,caught,1,decode
182,zeroed_run,1823458,1445,caught,1,decode
183,truncation,2854021,2589524,caught,1,decode
184,header,336,1,caught,1,decode
185,payload,1848270,1,caught,1,decode
186,bit_flip,4443763,1,caught,1,decode
187,random_bytes,2601385,1,caught,1,decode
188,zeroed_run,832067,1317,caught,1,decode
189,truncation,1850081,3593464,caught,1,decode
190,header,440,1,caught,1,decode
191,payload,5146921,1,caught,1,decode
192,bit_flip,5358706,1,caught,1,decode
193,random_bytes,3239921,8,caught,1,decode
194,zeroed_run,4407448,3426,caught,1,decode
195,truncation,4080641,1362904,caught,1,decode
196,header,61,1,caught,1,decode
197,payload,4453032,1,caught,1,decode
198,bit_flip,5203054,1,caught,1,decode
199,random_bytes,4074745,13,caught,1,decode
200,zeroed_run,3236322,1914,caught,1,decode
201,truncation,1168100,4275445,caught,1,decode
202,header,205,1,caught,1,decode
203,payload,893043,1,caught,1,decode
204,bit_flip,1399275,1,caught,1,decode
205,random_bytes,2770090,3,caught,1,decode
206,zeroed_run,271249,797,caught,1,decode
207,truncation,4406750,1036795,caught,1,decode
208,header,121,1,caught,1,decode
209,payload,1507014,1,caught,1,decode
210,bit_flip,2440509,1,caught,1,decode
211,random_bytes,1966140,11,caught,1,decode
212,zeroed_run,4931139,3284,caught,1,decode
213,truncation,3379339,2064206,caught,1,decode
214,header,38,1,caught,1,decode
215,payload,2582928,1,caught,1,decode
216,bit_flip,4238399,1,caught,1,decode
217,random_bytes,4489713,16,caught,1,decode
218,zeroed_run,4898715,1064,caught,1,decode
219,truncation,4409177,1034368,caught,1,decode
220,header,436,1,caught,1,decode
221,payload,2656471,1,caught,1,decode
222,bit_flip,4600165,1,caught,1,decode
223,random_bytes,4705848,10,caught,1,decode
224,zeroed_run,2554782,2283,caught,1,decode
225,truncation,1852396,3591149,caught,1,decode
226,header,907,1,caught,1,decode
227,payload,1154360,1,caught,1,decode
228,bit_flip,4958296,1,caught,1,decode
229,random_bytes,2703031,10,caught,1,decode
230,zeroed_run,1569107,3983,caught,1,decode
231,truncation,993346,4450199,caught,1,decode
232,header,327,1,caught,1,decode
233,payload,175050,1,caught,1,decode
234,bit_flip,2318770,1,caught,1,decode
235,random_bytes,3018625,16,caught,1,decode
236,zeroed_run,1743891,509,caught,1,decode
237,truncation,4846523,597022,caught,1,decode
238,header,434,1,caught,1,decode
239,payload,3469310,1,caught,1,decode
240,bit_flip,3720207,1,caught,1,decode
241,random_bytes,332456,12,caught,1,decode
242,zeroed_run,2825379,3521,caught,1,decode
243,truncation,2457583,2985962,caught,1,decode
244,header,10,1,caught,1,decode
245,payload,2075124,1,caught,1,decode
246,bit_flip,4191928,1,caught,1,decode
247,random_bytes,4661924,12,caught,1,decode
248,zeroed_run,2783183,3179,caught,1,decode
249,truncation,323926,5119619,caught,1,decode
250,header,886,1,caught,1,decode
251,payload,3231932,1,caught,1,decode
252,bit_flip,1704632,1,caught,1,decode
253,random_bytes,5228427,12,caught,1,decode
254,zeroed_run,3926136,663,caught,1,decode
255,truncation,5358176,85369,caught,1,decode
256,header,921,1,caught,1,decode
257,payload,3896605,1,caught,1,decode
258,bit_flip,3531774,1,caught,1,decode
259,random_bytes,588959,2,caught,1,decode
260,zeroed_run,5403142,2966,caught,1,decode
261,truncation,2222024,3221521,caught,1,decode
262,header,101,1,caught,1,decode
263,payload,5249131,1,caught,1,decode
264,bit_flip,823589,1,caught,1,decode
265,random_bytes,2174778,9,caught,1,decode
266,zeroed_run,3338407,1342,caught,1,decode
267,truncation,77581,5365964,caught,1,decode
268,header,611,1,caught,1,decode
269,payload,2244515,1,caught,1,decode
270,bit_flip,5129800,1,caught,1,decode
271,random_bytes,925770,9,caught,1,decode
272,zeroed_run,2750226,286,caught,1,decode
273,truncation,5087401,356144,caught,1,decode
274,header,551,1,caught,1,decode
275,payload,2658898,1,caught,1,decode
276,bit_flip,4185617,1,caught,1,decode
277,random_bytes,1195160,11,caught,1,decode
278,zeroed_run,2813205,4078,caught,1,decode
279,truncation,1766677,3676868,caught,1,decode
280,header,861,1,caught,1,decode
281,payload,555761,1,caught,1,decode
282,bit_flip,866653,1,caught,1,decode
283,random_bytes,3171939,11,caught,1,decode
284,zeroed_run,1447889,3850,caught,1,decode
285,truncation,2478807,2964738,caught,1,decode
286,header,105,1,caught,1,decode
287,payload,2913061,1,caught,1,decode
288,bit_flip,597469,1,caught,1,decode
289,random_bytes,1285458,16,caught,1,decode
290,zeroed_run,212278,91,caught,1,decode
291,truncation,2040019,3403526,caught,1,decode
292,header,412,1,caught,1,decode
293,payload,797692,1,caught,1,decode
294,bit_flip,390444,1,caught,1,decode
295,random_bytes,2716692,8,caught,1,decode
296,zeroed_run,3408260,4033,caught,1,decode
297,truncation,1072210,4371335,caught,1,decode
298,header,69,1,caught,1,decode
299,payload,2523738,1,caught,1,decode
300,bit_flip,132522,1,caught,1,decode
301,random_bytes,1644617,1,caught,1,decode
302,zeroed_run,2445885,1420,caught,1,decode
303,truncation,959182,4484363,caught,1,decode
304,header,784,1,caught,1,decode
305,payload,3898809,1,caught,1,decode
306,bit_flip,1154656,1,caught,1,decode
307,random_bytes,2627291,2,caught,1,decode
308,zeroed_run,3784152,2954,caught,1,decode
309,truncation,3895585,1547960,caught,1,decode
310,header,347,1,caught,1,decode
311,payload,1175163,1,caught,1,decode
312,bit_flip,3510526,1,caught,1,decode
313,random_bytes,613725,16,caught,1,decode
314,zeroed_run,2122952,2199,caught,1,decode
315,truncation,5165685,277860,caught,1,decode
316,header,678,1,caught,1,decode
317,payload,5262465,1,caught,1,decode
318,bit_flip,4752755,1,caught,1,decode
319,random_bytes,5172509,11,caught,1,decode
320,zeroed_run,3302481,3887,caught,1,decode
321,truncation,4182483,1261062,caught,1,decode
322,header,721,1,caught,1,decode
323,payload,1796185,1,caught,1,decode
324,bit_flip,2614090,1,caught,1,decode
325,random_bytes,4205709,12,caught,1,decode
326,zeroed_run,2358851,3344,caught,1,decode
327,truncation,3031759,2411786,caught,1,decode
328,header,152,1,caught,1,decode
329,payload,3094867,1,caught,1,decode
330,bit_flip,5130079,1,caught,1,decode
331,random_bytes,3662017,2,caught,1,decode
332,zeroed_run,3585396,2588,caught,1,decode
333,truncation,4599934,843611,caught,1,decode
334,header,551,1,caught,1,decode
335,payload,3775436,1,caught,1,decode
336,bit_flip,3588422,1,caught,1,decode
337,random_bytes,2142443,12,caught,1,decode
338,zeroed_run,3960797,463,caught,1,decode
339,truncation,681982,4761563,caught,1,decode
340,header,604,1,caught,1,decode
341,payload,3101988,1,caught,1,decode
342,bit_flip,3491418,1,caught,1,decode
343,random_bytes,950251,15,caught,1,decode
344,zeroed_run,4067507,1006,caught,1,decode
345,truncation,2672007,2771538,caught,1,decode
346,header,151,1,caught,1,decode
347,payload,3031888,1,caught,1,decode
348,bit_flip,175327,1,caught,1,decode
349,random_bytes,4905857,5,caught,1,decode
350,zeroed_run,4436301,3006,caught,1,decode
351,truncation,3348990,2094555,caught,1,decode
352,header,692,1,caught,1,decode
353,payload,3993690,1,caught,1,decode
354,bit_flip,1058850,1,caught,1,decode
355,random_bytes,4655425,3,caught,1,decode
356,zeroed_run,4193116,3155,caught,1,decode
357,truncation,2985697,2457848,caught,1,decode
358,header,85,1,caught,1,decode
359,payload,3117120,1,caught,1,decode
360,bit_flip,1610753,1,caught,1,decode
361,random_bytes,987932,2,caught,1,decode
362,zeroed_run,1082258,47,caught,1,decode
363,truncation,541913,4901632,caught,1,decode
364,header,776,1,caught,1,decode
365,payload,2021604,1,caught,1,decode
366,bit_flip,1665601,1,caught,1,decode
367,random_bytes,2336637,6,caught,1,decode
368,zeroed_run,2867289,3297,caught,1,decode
369,truncation,1587030,3856515,caught,1,decode
370,header,55,1,caught,1,decode
371,payload,3433724,1,caught,1,decode
372,bit_flip,412537,1,caught,1,decode
373,random_bytes,2162106,10,caught,1,decode
374,zeroed_run,206998,3698,caught,1,decode
375,truncation,1622057,3821488,caught,1,decode
376,header,233,1,caught,1,decode
377,payload,4122823,1,caught,1,decode
378,bit_flip,879574,1,caught,1,decode
379,random_bytes,2907858,13,caught,1,decode
380,zeroed_run,3970543,1792,caught,1,decode
381,truncation,402348,5041197,caught,1,decode
382,header,602,1,caught,1,decode
383,payload,2600687,1,caught,1,decode
384,bit_flip,163080,1,caught,1,decode
385,random_bytes,5274753,2,caught,1,decode
386,zeroed_run,2819163,917,caught,1,decode
387,truncation,2351097,3092448,caught,1,decode
388,header,731,1,caught,1,decode
389,payload,2130155,1,caught,1,decode
390,bit_flip,2483455,1,caught,1,decode
391,random_bytes,3970428,9,caught,1,decode
392,zeroed_run,634116,2052,caught,1,decode
393,truncation,2748511,2695034,caught,1,decode
394,header,1019,1,caught,1,decode
395,payload,1913315,1,caught,1,decode
396,bit_flip,1445565,1,caught,1,decode
397,random_bytes,4716229,15,caught,1,decode
398,zeroed_run,358554,2693,caught,1,decode
399,truncation,2394234,3049311,caught,1,decode
400,header,482,1,caught,1,decode
401,payload,2907697,1,caught,1,decode
402,bit_flip,3350397,1,caught,1,decode
403,random_bytes,2288297,13,caught,1,decode
404,zeroed_run,3038260,154,caught,1,decode
405,truncation,3116362,2327183,caught,1,decode
406,header,488,1,caught,1,decode
407,payload,4103013,1,caught,1,decode
408,bit_flip,3731250,1,caught,1,decode
409,random_bytes,1222872,9,caught,1,decode
410,zeroed_run,2924021,2836,caught,1,decode
411,truncation,1119659,4323886,caught,1,decode
412,header,113,1,caught,1,decode
413,payload,4675675,1,caught,1,decode
414,bit_flip,5010166,1,caught,1,decode
415,random_bytes,3865523,6,caught,1,decode
416,zeroed_run,1611980,1680,caught,1,decode
417,truncation,583423,4860122,caught,1,decode
418,header,994,1,caught,1,decode
419,payload,1124949,1,caught,1,decode
420,bit_flip,3241789,1,caught,1,decode
421,random_bytes,4757325,7,caught,1,decode
422,zeroed_run,1732411,3630,caught,1,decode
423,truncation,4464853,978692,caught,1,decode
424,header,905,1,caught,1,decode
425,payload,3603694,1,caught,1,decode
426,bit_flip,1513445,1,caught,1,decode
427,random_bytes,4841040,10,caught,1,decode
428,zeroed_run,2426649,442,caught,1,decode
429,truncation,3503212,1940333,caught,1,decode
430,header,315,1,caught,1,decode
431,payload,1289230,1,caught,1,decode
432,bit_flip,1180885,1,caught,1,decode
433,random_bytes,2418599,5,caught,1,decode
434,zeroed_run,1355744,1030,caught,1,decode
435,truncation,5139044,304501,caught,1,decode
436,header,539,1,caught,1,decode
437,payload,953158,1,caught,1,decode
438,bit_flip,4179036,1,caught,1,decode
439,random_bytes,5188164,2,caught,1,decode
440,zeroed_run,516558,2776,caught,1,decode
441,truncation,4865029,578516,caught,1,decode
442,header,868,1,caught,1,decode
443,payload,2576288,1,caught,1,decode
444,bit_flip,1789947,1,caught,1,decode
445,random_bytes,1537838,6,caught,1,decode
446,zeroed_run,1414237,3792,caught,1,decode
447,truncation,236474,5207071,caught,1,decode
448,header,884,1,caught,1,decode
449,payload,3450210,1,caught,1,decode
450,bit_flip,3018594,1,caught,1,decode
451,random_bytes,1552845,1,caught,1,decode
452,zeroed_run,4851380,1174,caught,1,decode
453,truncation,3365548,2077997,caught,1,decode
454,header,611,1,caught,1,decode
455,payload,1501484,1,caught,1,decode
456,bit_flip,5040667,1,caught,1,decode
457,random_bytes,3138400,3,caught,1,decode
458,zeroed_run,2760890,2781,caught,1,decode
459,truncation,1627059,3816486,caught,1,decode
460,header,447,1,caught,1,decode
461,payload,3159296,1,caught,1,decode
462,bit_flip,4336859,1,caught,1,decode
463,random_bytes,3213038,2,caught,1,decode
464,zeroed_run,4778772,2385,caught,1,decode
465,truncation,833157,4610388,caught,1,decode
466,header,350,1,caught,1,decode
467,payload,224702,1,caught,1,decode
468,bit_flip,2305876,1,caught,1,decode
469,random_bytes,4528793,12,caught,1,decode
470,zeroed_run,2514502,2249,caught,1,decode
471,truncation,1259077,4184468,caught,1,decode
472,header,974,1,caught,1,decode
473,payload,2814742,1,caught,1,decode
474,bit_flip,2854957,1,caught,1,decode
475,random_bytes,3190784,3,caught,1,decode
476,zeroed_run,1673415,72,caught,1,decode
477,truncation,472795,4970750,caught,1,decode
478,header,674,1,caught,1,decode
479,payload,3832280,1,caught,1,decode
480,bit_flip,576039,1,caught,1,decode
481,random_bytes,5275811,1,caught,1,decode
482,zeroed_run,1905310,2464,caught,1,decode
483,truncation,4413972,1029573,caught,1,decode
484,header,201,1,caught,1,decode
485,payload,2759956,1,caught,1,decode
486,bit_flip,1331549,1,caught,1,decode
487,random_bytes,2811267,16,caught,1,decode
488,zeroed_run,45161,2527,caught,1,decode
489,truncation,2913766,2529779,caught,1,decode
490,header,463,1,caught,1,decode
491,payload,4636714,1,caught,1,decode
492,bit_flip,4268589,1,caught,1,decode
493,random_bytes,1212937,4,caught,1,decode
494,zeroed_run,1186226,916,caught,1,decode
495,truncation,1639250,3804295,caught,1,decode
496,header,288,1,caught,1,decode
497,payload,84105,1,caught,1,decode
498,bit_flip,1402051,1,caught,1,decode
499,random_bytes,3266928,9,caught,1,decode
500,zeroed_run,1117064,1942,caught,1,decode
501,truncation,4416779,1026766,caught,1,decode
502,header,741,1,caught,1,decode
503,payload,2133357,1,caught,1,decode
504,bit_flip,1332328,1,caught,1,decode
505,random_bytes,700949,11,caught,1,decode
506,zeroed_run,2706073,2900,caught,1,decode
507,truncation,799094,4644451,caught,1,decode
508,header,883,1,caught,1,decode
509,payload,3972055,1,caught,1,decode
510,bit_flip,5328517,1,caught,1,decode
511,random_bytes,2253534,13,caught,1,decode
512,zeroed_run,5183017,4039,caught,1,decode
513,truncation,1687869,3755676,caught,1,decode
514,header,134,1,caught,1,decode
515,payload,1820956,1,caught,1,decode
516,bit_flip,2277865,1,caught,1,decode
517,random_bytes,3606947,14,caught,1,decode
518,zeroed_run,2983804,2620,caught,1,decode
519,truncation,2748926,2694619,caught,1,decode
520,header,264,1,caught,1,decode
521,payload,866735,1,caught,1,decode
522,bit_flip,4015240,1,caught,1,decode
523,random_bytes,1858493,13,caught,1,decode
524,zeroed_run,4477806,1816,caught,1,decode
525,truncation,2926388,2517157,caught,1,decode
526,header,222,1,caught,1,decode
527,payload,4325220,1,caught,1,decode
528,bit_flip,5029369,1,caught,1,decode
529,random_bytes,5217683,15,caught,1,decode
530,zeroed_run,5360527,2947,caught,1,decode
531,truncation,13763,5429782,caught,1,decode
532,header,172,1,caught,1,decode
533,payload,291462,1,caught,1,decode
534,bit_flip,4406176,1,caught,1,decode
535,random_bytes,4110876,7,caught,1,decode
536,zeroed_run,4602399,272,caught,1,decode
537,truncation,1222272,4221273,caught,1,decode
538,header,654,1,caught,1,decode
539,payload,2303565,1,caught,1,decode
540,bit_flip,2046271,1,caught,1,decode
541,random_bytes,1123690,1,caught,1,decode
542,zeroed_run,3162012,1043,caught,1,decode
543,truncation,1121737,4321808,caught,1,decode
544,header,765,1,caught,1,decode
545,payload,580209,1,caught,1,decode
546,bit_flip,1642002,1,caught,1,decode
547,random_bytes,4937782,2,caught,1,decode
548,zeroed_run,1004661,178,caught,1,decode
549,truncation,3871328,1572217,caught,1,decode
550,header,383,1,caught,1,decode
551,payload,4311090,1,caught,1,decode
552,bit_flip,3754565,1,caught,1,decode
553,random_bytes,4666771,3,caught,1,decode
554,zeroed_run,4575662,3772,caught,1,decode
555,truncation,737871,4705674,caught,1,decode
556,header,36,1,caught,1,decode
557,payload,4633258,1,caught,1,decode
558,bit_flip,714629,1,caught,1,decode
559,random_bytes,3797666,13,caught,1,decode
560,zeroed_run,1338392,1340,caught,1,decode
561,truncation,650787,4792758,caught,1,decode
562,header,209,1,caught,1,decode
563,payload,1566379,1,caught,1,decode
564,bit_flip,3484148,1,caught,1,decode
565,random_bytes,4685650,2,caught,1,decode
566,zeroed_run,1313237,3031,caught,1,decode
567,truncation,3312305,2131240,caught,1,decode
568,header,330,1,caught,1,decode
569,payload,3505497,1,caught,1,decode
570,bit_flip,1789562,1,caught,1,decode
571,random_bytes,3238951,2,caught,1,decode
572,zeroed_run,754728,2046,caught,1,decode
573,truncation,2598794,2844751,caught,1,decode
574,header,490,1,caught,1,decode
575,payload,3716735,1,caught,1,decode
576,bit_flip,1805239,1,caught,1,decode
577,random_bytes,1504876,1,caught,1,decode
578,zeroed_run,3236882,3982,caught,1,decode
579,truncation,1971764,3471781,caught,1,decode
580,header,835,1,caught,1,decode
581,payload,938745,1,caught,1,decode
582,bit_flip,993302,1,caught,1,decode
583,random_bytes,632296,3,caught,1,decode
584,zeroed_run,849863,2129,caught,1,decode
585,truncation,874434,4569111,caught,1,decode
586,header,771,1,caught,1,decode
587,payload,2442996,1,caught,1,decode
588,bit_flip,4915942,1,caught,1,decode
589,random_bytes,2378235,10,caught,1,decode
590,zeroed_run,904258,132,caught,1,decode
591,truncation,3361532,2082013,caught,1,decode
592,header,681,1,caught,1,decode
593,payload,666852,1,caught,1,decode
594,bit_flip,4376700,1,caught,1,decode
595,random_bytes,1600157,14,caught,1,decode
596,zeroed_run,1631754,294,caught,1,decode
597,truncation,1688720,3754825,caught,1,decode
598,header,792,1,caught,1,decode
599,payload,5115161,1,caught,1,decode
600,bit_flip,628102,1,caught,1,decode
601,random_bytes,525099,2,caught,1,decode
602,zeroed_run,4192302,3855,caught,1,decode
603,truncation,3684408,1759137,caught,1,decode
604,header,670,1,caught,1,decode
605,payload,5065477,1,caught,1,decode
606,bit_flip,781652,1,caught,1,decode
607,random_bytes,4747004,4,caught,1,decode
608,zeroed_run,4532347,2078,caught,1,decode
609,truncation,4272720,1170825,caught,1,decode
610,header,2,1,caught,1,decode
611,payload,1529701,1,caught,1,decode
612,bit_flip,163350,1,caught,1,decode
613,random_bytes,3402434,10,caught,1,decode
614,zeroed_run,2532810,365,caught,1,decode
615,truncation,5386109,57436,caught,1,decode
616,header,413,1,caught,1,decode
617,payload,2575903,1,caught,1,decode
618,bit_flip,2739536,1,caught,1,decode
619,random_bytes,1649703,7,caught,1,decode
620,zeroed_run,4407093,3328,caught,1,decode
621,truncation,241634,5201911,caught,1,decode
622,header,854,1,caught,1,decode
623,payload,5144060,1,caught,1,decode
624,bit_flip,889652,1,caught,1,decode
625,random_bytes,4849064,1,caught,1,decode
626,zeroed_run,3187599,2623,caught,1,decode
627,truncation,3953093,1490452,caught,1,decode
628,header,70,1,caught,1,decode
629,payload,4201511,1,caught,1,decode
630,bit_flip,3363563,1,caught,1,decode
631,random_bytes,501264,8,caught,1,decode
632,zeroed_run,299205,1316,caught,1,decode
633,truncation,3039863,2403682,caught,1,decode
634,header,115,1,caught,1,decode
635,payload,981758,1,caught,1,decode
636,bit_flip,4139483,1,caught,1,decode
637,random_bytes,3461290,1,caught,1,decode
638,zeroed_run,964816,2285,caught,1,decode
639,truncation,2700362,2743183,caught,1,decode
640,header,492,1,caught,1,decode
641,payload,4497015,1,caught,1,decode
642,bit_flip,1064131,1,caught,1,decode
643,random_bytes,1736273,3,caught,1,decode
644,zeroed_run,1994138,1369,caught,1,decode
645,truncation,1811243,3632302,caught,1,decode
646,header,758,1,caught,1,decode
647,payload,2425996,1,caught,1,decode
648,bit_flip,2104131,1,caught,1,decode
649,random_bytes,955561,3,caught,1,decode
650,zeroed_run,2785926,1194,caught,1,decode
651,truncation,1164606,4278939,caught,1,decode
652,header,725,1,caught,1,decode
653,payload,5040000,1,caught,1,decode
654,bit_flip,2636842,1,caught,1,decode
655,random_bytes,5424748,1,caught,1,decode
656,zeroed_run,257325,632,caught,1,decode
657,truncation,3253071,2190474,caught,1,decode
658,header,563,1,caught,1,decode
659,payload,2384791,1,caught,1,decode
660,bit_flip,3348387,1,caught,1,decode
661,random_bytes,4101400,4,caught,1,decode
662,zeroed_run,3219594,1170,caught,1,decode
663,truncation,4553647,889898,caught,1,decode
664,header,635,1,caught,1,decode
665,payload,4247607,1,caught,1,decode
666,bit_flip,3125107,1,caught,1,decode
667,random_bytes,4033474,5,caught,1,decode
668,zeroed_run,4743183,3939,caught,1,decode
669,truncation,2088266,3355279,caught,1,decode
670,header,96,1,caught,1,decode
671,payload,4623391,1,caught,1,decode
672,bit_flip,4939886,1,caught,1,decode
673,random_bytes,325154,15,caught,1,decode
674,zeroed_run,508709,2547,caught,1,decode
675,truncation,4273162,1170383,caught,1,decode
676,header,806,1,caught,1,decode
677,payload,1370364,1,caught,1,decode
678,bit_flip,4190027,1,caught,1,decode
679,random_bytes,5340103,16,caught,1,decode
680,zeroed_run,2435292,3423,caught,1,decode
681,truncation,1330114,4113431,caught,1,decode
682,header,267,1,caught,1,decode
683,payload,3964488,1,caught,1,decode
684,bit_flip,4933037,1,caught,1,decode
685,random_bytes,955940,8,caught,1,decode
686,zeroed_run,291069,2125,caught,1,decode
687,truncation,3001119,2442426,caught,1,decode
688,header,496,1,caught,1,decode
689,payload,1075996,1,caught,1,decode
690,bit_flip,4077969,1,caught,1,decode
691,random_bytes,3736150,15,caught,1,decode
692,zeroed_run,1583821,215,caught,1,decode
693,truncation,892160,4551385,caught,1,decode
694,header,206,1,caught,1,decode
695,payload,1891426,1,caught,1,decode
696,bit_flip,30515,1,caught,1,decode
697,random_bytes,4643836,15,caught,1,decode
698,zeroed_run,466628,4013,caught,1,decode
699,truncation,4856620,586925,caught,1,decode
700,header,367,1,caught,1,decode
701,payload,4643004,1,caught,1,decode
702,bit_flip,1184488,1,caught,1,decode
703,random_bytes,1667569,10,caught,1,decode
704,zeroed_run,2336965,2303,caught,1,decode
705,truncation,803755,4639790,caught,1,decode
706,header,902,1,caught,1,decode
707,payload,1799914,1,caught,1,decode
708,bit_flip,2360858,1,caught,1,decode
709,random_bytes,4307659,1,caught,1,decode
710,zeroed_run,4684662,405,caught,1,decode
711,truncation,4385899,1057646,caught,1,decode
712,header,822,1,caught,1,decode
713,payload,2895484,1,caught,1,decode
714,bit_flip,3372457,1,caught,1,decode
715,random_bytes,3902755,15,caught,1,decode
716,zeroed_run,389168,3524,caught,1,decode
717,truncation,3313157,2130388,caught,1,decode
718,header,177,1,caught,1,decode
719,payload,4481792,1,caught,1,decode
720,bit_flip,5350903,1,caught,1,decode
721,random_bytes,5342535,12,caught,1,decode
722,zeroed_run,1441295,367,caught,1,decode
723,truncation,3786491,1657054,caught,1,decode
724,header,901,1,caught,1,decode
725,payload,1894007,1,caught,1,decode
726,bit_flip,1469926,1,caught,1,decode
727,random_bytes,671860,12,caught,1,decode
728,zeroed_run,3909729,1172,caught,1,decode
729,truncation,884996,4558549,caught,1,decode
730,header,862,1,caught,1,decode
731,payload,119410,1,caught,1,decode
732,bit_flip,327104,1,caught,1,decode
733,random_bytes,411416,2,caught,1,decode
734,zeroed_run,1706327,3724,caught,1,decode
735,truncation,94274,5349271,caught,1,decode
736,header,97,1,caught,1,decode
737,payload,1606630,1,caught,1,decode
738,bit_flip,1434243,1,caught,1,decode
739,random_bytes,3442157,8,caught,1,decode
740,zeroed_run,1504135,3245,caught,1,decode
741,truncation,392642,5050903,caught,1,decode
742,header,192,1,caught,1,decode
743,payload,4075725,1,caught,1,decode
744,bit_flip,3394017,1,caught,1,decode
745,random_bytes,2932516,12,caught,1,decode
746,zeroed_run,5177412,3075,caught,1,decode
747,truncation,3215355,2228190,caught,1,decode
748,header,645,1,caught,1,decode
749,payload,4857760,1,caught,1,decode
750,bit_flip,946860,1,caught,1,decode
751,random_bytes,4187920,8,caught,1,decode
752,zeroed_run,4093161,2430,caught,1,decode
753,truncation,53624,5389921,caught,1,decode
754,header,142,1,caught,1,decode
755,payload,482468,1,caught,1,decode
756,bit_flip,2406395,1,caught,1,decode
757,random_bytes,1698054,4,caught,1,decode
758,zeroed_run,5215021,2183,caught,1,decode
759,truncation,1242595,4200950,caught,1,decode
760,header,417,1,caught,1,decode
761,payload,3919094,1,caught,1,decode
762,bit_flip,2614740,1,caught,1,decode
763,random_bytes,3920614,7,caught,1,decode
764,zeroed_run,1469064,2797,caught,1,decode
765,truncation,3034602,2408943,caught,1,decode
766,header,467,1,caught,1,decode
767,payload,2784103,1,caught,1,decode
768,bit_flip,4908587,1,caught,1,decode
769,random_bytes,4948967,15,caught,1,decode
770,zeroed_run,3073789,2632,caught,1,decode
771,truncation,2852251,2591294,caught,1,decode
772,header,143,1,caught,1,decode
773,payload,4323625,1,caught,1,decode
774,bit_flip,676337,1,caught,1,decode
775,random_bytes,4036792,8,caught,1,decode
776,zeroed_run,2764608,3908,caught,1,decode
777,truncation,4407787,1035758,caught,1,decode
778,header,609,1,caught,1,decode
779,payload,4747776,1,caught,1,decode
780,bit_flip,3294495,1,caught,1,decode
781,random_bytes,2659506,3,caught,1,decode
782,zeroed_run,3287674,143,caught,1,decode
783,truncation,3628718,1814827,caught,1,decode
784,header,758,1,caught,1,decode
785,payload,3322115,1,caught,1,decode
786,bit_flip,3537691,1,caught,1,decode
787,random_bytes,2310976,15,caught,1,decode
788,zeroed_run,1297509,231,caught,1,decode
789,truncation,3506589,1936956,caught,1,decode
790,header,914,1,caught,1,decode
791,payload,1158766,1,caught,1,decode
792,bit_flip,5086662,1,caught,1,decode
793,random_bytes,2044298,2,caught,1,decode
794,zeroed_run,2506359,1287,caught,1,decode
795,truncation,3316402,2127143,caught,1,decode
796,header,219,1,caught,1,decode
797,payload,4269272,1,caught,1,decode
798,bit_flip,1444652,1,caught,1,decode
799,random_bytes,753277,7,caught,1,decode
800,zeroed_run,3345634,2142,caught,1,decode
801,truncation,573979,4869566,caught,1,decode
802,header,1004,1,caught,1,decode
803,payload,4502927,1,caught,1,decode
804,bit_flip,16800,1,caught,1,decode
805,random_bytes,3241503,10,caught,1,decode
806,zeroed_run,4025023,3211,caught,1,decode
807,truncation,3760743,1682802,caught,1,decode
808,header,427,1,caught,1,decode
809,payload,4272372,1,caught,1,decode
810,bit_flip,2422275,1,caught,1,decode
811,random_bytes,3259793,13,caught,1,decode
812,zeroed_run,3208675,835,caught,1,decode
813,truncation,471340,4972205,caught,1,decode
814,header,677,1,caught,1,decode
815,payload,1572794,1,caught,1,decode
816,bit_flip,2640914,1,caught,1,decode
817,random_bytes,2723817,5,caught,1,decode
818,zeroed_run,4164530,1359,caught,1,decode
819,truncation,2524680,2918865,caught,1,decode
820,header,287,1,caught,1,decode
821,payload,3691608,1,caught,1,decode
822,bit_flip,4200547,1,caught,1,decode
823,random_bytes,4559929,8,caught,1,decode
824,zeroed_run,5256390,2527,caught,1,decode
825,truncation,3861874,1581671,caught,1,decode
826,header,17,1,caught,1,decode
827,payload,2574592,1,caught,1,decode
828,bit_flip,1583308,1,caught,1,decode
829,random_bytes,1656858,2,caught,1,decode
830,zeroed_run,5018483,3812,caught,1,decode
831,truncation,1184592,4258953,caught,1,decode
832,header,552,1,caught,1,decode
833,payload,3220643,1,caught,1,decode
834,bit_flip,1631996,1,caught,1,decode
835,random_bytes,2129985,3,caught,1,decode
836,zeroed_run,164016,3045,caught,1,decode
837,truncation,2361872,3081673,caught,1,decode
838,header,851,1,caught,1,decode
839,payload,2867617,1,caught,1,decode
840,bit_flip,2727446,1,caught,1,decode
841,random_bytes,3461174,12,caught,1,decode
842,zeroed_run,3781957,2275,caught,1,decode
843,truncation,3363745,2079800,caught,1,decode
844,header,355,1,caught,1,decode
845,payload,3656211,1,caught,1,decode
846,bit_flip,1492756,1,caught,1,decode
847,random_bytes,4362863,11,caught,1,decode
848,zeroed_run,4160810,941,caught,1,decode
849,truncation,3174658,2268887,caught,1,decode
850,header,846,1,caught,1,decode
851,payload,2431198,1,caught,1,decode
852,bit_flip,535372,1,caught,1,decode
853,random_bytes,1050542,16,caught,1,decode
854,zeroed_run,4397507,1228,caught,1,decode
855,truncation,3401442,2042103,caught,1,decode
856,header,247,1,caught,1,decode
857,payload,2504593,1,caught,1,decode
858,bit_flip,1085829,1,caught,1,decode
859,random_bytes,2872913,3,caught,1,decode
860,zeroed_run,3177771,1101,caught,1,decode
861,truncation,5401173,42372,caught,1,decode
862,header,551,1,caught,1,decode
863,payload,5057866,1,caught,1,decode
864,bit_flip,4353154,1,caught,1,decode
865,random_bytes,4153162,12,caught,1,decode
866,zeroed_run,1527589,3831,caught,1,decode
867,truncation,591617,4851928,caught,1,decode
868,header,752,1,caught,1,decode
869,payload,569941,1,caught,1,decode
870,bit_flip,1643152,1,caught,1,decode
871,random_bytes,374561,7,caught,1,decode
872,zeroed_run,202740,3067,caught,1,decode
873,truncation,2242436,3201109,caught,1,decode
874,header,840,1,caught,1,decode
875,payload,4186365,1,caught,1,decode
876,bit_flip,5098795,1,caught,1,decode
877,random_bytes,4841361,4,caught,1,decode
878,zeroed_run,3095691,948,caught,1,decode
879,truncation,5285880,157665,caught,1,decode
880,header,311,1,caught,1,decode
881,payload,4633297,1,caught,1,decode
882,bit_flip,3345908,1,caught,1,decode
883,random_bytes,1686956,6,caught,1,decode
884,zeroed_run,1643746,119,caught,1,decode
885,truncation,3253999,2189546,caught,1,decode
886,header,934,1,caught,1,decode
887,payload,1032545,1,caught,1,decode
888,bit_flip,5100803,1,caught,1,decode
889,random_bytes,1592805,2,caught,1,decode
890,zeroed_run,1689756,2213,caught,1,decode
891,truncation,628916,4814629,caught,1,decode
892,header,138,1,caught,1,decode
893,payload,4688443,1,caught,1,decode
894,bit_flip,516666,1,caught,1,decode
895,random_bytes,458612,12,caught,1,decode
896,zeroed_run,4937105,3688,caught,1,decode
897,truncation,2341011,3102534,caught,1,decode
898,header,585,1,caught,1,decode
899,payload,2770269,1,caught,1,decode
900,bit_flip,3243229,1,caught,1,decode
901,random_bytes,3395593,4,caught,1,decode
902,zeroed_run,3707676,2573,caught,1,decode
903,truncation,5192524,251021,caught,1,decode
904,header,176,1,caught,1,decode
905,payload,3967274,1,caught,1,decode
906,bit_flip,2058734,1,caught,1,decode
907,random_bytes,2052819,6,caught,1,decode
908,zeroed_run,1196103,1927,caught,1,decode
909,truncation,4729242,714303,caught,1,decode
910,header,924,1,caught,1,decode
911,payload,825715,1,caught,1,decode
912,bit_flip,1518783,1,caught,1,decode
913,random_bytes,2383687,7,caught,1,decode
914,zeroed_run,1823813,1105,caught,1,decode
915,truncation,3978368,1465177,caught,1,decode
916,header,327,1,caught,1,decode
917,payload,195223,1,caught,1,decode
918,bit_flip,2505943,1,caught,1,decode
919,random_bytes,1864072,13,caught,1,decode
920,zeroed_run,2270324,165,caught,1,decode
921,truncation,2015198,3428347,caught,1,decode
922,header,774,1,caught,1,decode
923,payload,1651518,1,caught,1,decode
924,bit_flip,2097258,1,caught,1,decode
925,random_bytes,5150896,15,caught,1,decode
926,zeroed_run,2567221,1345,caught,1,decode
927,truncation,2236969,3206576,caught,1,decode
928,header,660,1,caught,1,decode
929,payload,2804602,1,caught,1,decode
930,bit_flip,2161580,1,caught,1,decode
931,random_bytes,67915,3,caught,1,decode
932,zeroed_run,2771833,2271,caught,1,decode
933,truncation,1504945,3938600,caught,1,decode
934,header,365,1,caught,1,decode
935,payload,2142960,1,caught,1,decode
936,bit_flip,125584,1,caught,1,decode
937,random_bytes,4936214,7,caught,1,decode
938,zeroed_run,3887103,174,caught,1,decode
939,truncation,4939861,503684,caught,1,decode
940,header,188,1,caught,1,decode
941,payload,2044113,1,caught,1,decode
942,bit_flip,2888567,1,caught,1,decode
943,random_bytes,4754307,14,caught,1,decode
944,zeroed_run,165775,2274,caught,1,decode
945,truncation,3999686,1443859,caught,1,decode
946,header,675,1,caught,1,decode
947,payload,3496393,1,caught,1,decode
948,bit_flip,2542145,1,caught,1,decode
949,random_bytes,1859418,10,caught,1,decode
950,zeroed_run,2748954,2606,caught,1,decode
951,truncation,723268,4720277,caught,1,decode
952,header,80,1,caught,1,decode
953,payload,1684200,1,caught,1,decode
954,bit_flip,622586,1,caught,1,decode
955,random_bytes,1971262,7,caught,1,decode
956,zeroed_run,4573316,1294,caught,1,decode
957,truncation,5014639,428906,caught,1,decode
958,header,790,1,caught,1,decode
959,payload,5349736,1,caught,1,decode
960,bit_flip,2200723,1,caught,1,decode
961,random_bytes,1826449,7,caught,1,decode
962,zeroed_run,857589,3112,caught,1,decode
963,truncation,1154501,4289044,caught,1,decode
964,header,974,1,caught,1,decode
965,payload,2002213,1,caught,1,decode
966,bit_flip,5343315,1,caught,1,decode
967,random_bytes,183627,13,caught,1,decode
968,zeroed_run,4353716,904,caught,1,decode
969,truncation,2016489,3427056,caught,1,decode
970,header,375,1,caught,1,decode
971,payload,2247950,1,caught,1,decode
972,bit_flip,2923446,1,caught,1,decode
973,random_bytes,2790828,11,caught,1,decode
974,zeroed_run,571474,2272,caught,1,decode
975,truncation,1722777,3720768,caught,1,decode
976,header,645,1,caught,1,decode
977,payload,460282,1,caught,1,decode
978,bit_flip,3949259,1,caught,1,decode
979,random_bytes,3641929,9,caught,1,decode
980,zeroed_run,3806067,502,caught,1,decode
981,truncation,1120775,4322770,caught,1,decode
982,header,670,1,caught,1,decode
983,payload,4510180,1,caught,1,decode
984,bit_flip,4586509,1,caught,1,decode
985,random_bytes,3116452,7,caught,1,decode
986,zeroed_run,1283599,1509,caught,1,decode
987,truncation,3997971,1445574,caught,1,decode
988,header,220,1,caught,1,decode
989,payload,2399342,1,caught,1,decode
990,bit_flip,2822396,1,caught,1,decode
991,random_bytes,3163,5,caught,1,decode
992,zeroed_run,2837063,3568,caught,1,decode
993,truncation,4724517,719028,caught,1,decode
994,header,639,1,caught,1,decode
995,payload,2889292,1,caught,1,decode
996,bit_flip,3920856,1,caught,1,decode
997,random_bytes,667486,8,caught,1,decode
998,zeroed_run,1194422,2417,caught,1,decode
999,truncation,1293897,4149648,caught,1,decode
1000,header,458,1,caught,1,decode
1001,payload,3645241,1,caught,1,decode
1002,bit_flip,3831622,1,caught,1,decode
1003,random_bytes,4286877,2,caught,1,decode
1004,zeroed_run,2413718,3007,caught,1,decode
1005,truncation,1067084,4376461,caught,1,decode
1006,header,732,1,caught,1,decode
1007,payload,606733,1,caught,1,decode
1008,bit_flip,4704410,1,caught,1,decode
1009,random_bytes,1383145,8,caught,1,decode
1010,zeroed_run,4382218,3259,caught,1,decode
1011,truncation,8664,5434881,caught,1,decode
1012,header,572,1,caught,1,decode
1013,payload,3723202,1,caught,1,decode
1014,bit_flip,1793432,1,caught,1,decode
1015,random_bytes,232024,1,caught,1,decode
1016,zeroed_run,4077403,1083,caught,1,decode
1017,truncation,5231392,212153,caught,1,decode
1018,header,820,1,caught,1,decode
1019,payload,439706,1,caught,1,decode
1020,bit_flip,556799,1,caught,1,decode
1021,random_bytes,5100657,9,caught,1,decode
1022,zeroed_run,2541686,1016,caught,1,decode
1023,truncation,26338,5417207,caught,1,decode
1024,header,834,1,caught,1,decode
1025,payload,2910085,1,caught,1,decode
1026,bit_flip,2923253,1,caught,1,decode
1027,random_bytes,5171352,12,caught,1,decode
1028,zeroed_run,891600,3546,caught,1,decode
1029,truncation,1580700,3862845,caught,1,decode
1030,header,621,1,caught,1,decode
1031,payload,2837626,1,caught,1,decode
1032,bit_flip,1529466,1,caught,1,decode
1033,random_bytes,2012723,16,caught,1,decode
1034,zeroed_run,5059474,2951,caught,1,decode
1035,truncation,1115341,4328204,caught,1,decode
1036,header,47,1,caught,1,decode
1037,payload,1804175,1,caught,1,decode
1038,bit_flip,1636782,1,caught,1,decode
1039,random_bytes,2596510,13,caught,1,decode
1040,zeroed_run,1686875,419,caught,1,decode
1041,truncation,1909111,3534434,caught,1,decode
1042,header,933,1,caught,1,decode
1043,payload,3021199,1,caught,1,decode
1044,bit_flip,2715894,1,caught,1,decode
1045,random_bytes,1027452,3,caught,1,decode
1046,zeroed_run,1918614,803,caught,1,decode
1047,truncation,4658029,785516,caught,1,decode
1048,header,339,1,caught,1,decode
1049,payload,4800714,1,caught,1,decode
1050,bit_flip,4956802,1,caught,1,decode
1051,random_bytes,4640984,10,caught,1,decode
1052,zeroed_run,1492838,2169,caught,1,decode
1053,truncation,4137882,1305663,caught,1,decode
1054,header,74,1,caught,1,decode
1055,payload,2000253,1,caught,1,decode
1056,bit_flip,915227,1,caught,1,decode
1057,random_bytes,2741894,12,caught,1,decode
1058,zeroed_run,691598,3426,caught,1,decode
1059,truncation,2163568,3279977,caught,1,decode
1060,header,100,1,caught,1,decode
1061,payload,912991,1,caught,1,decode
1062,bit_flip,2999417,1,caught,1,decode
1063,random_bytes,696162,13,caught,1,decode
1064,zeroed_run,1285351,3452,caught,1,decode
1065,truncation,5357601,85944,caught,1,decode
1066,header,500,1,caught,1,decode
1067,payload,3495628,1,caught,1,decode
1068,bit_flip,744973,1,caught,1,decode
1069,random_bytes,4380683,2,caught,1,decode
1070,zeroed_run,4500422,1834,caught,1,decode
1071,truncation,3854100,1589445,caught,1,decode
1072,header,559,1,caught,1,decode
1073,payload,3824161,1,caught,1,decode
1074,bit_flip,3207195,1,caught,1,decode
1075,random_bytes,2230076,1,caught,1,decode
1076,zeroed_run,1018137,3270,caught,1,decode
1077,truncation,3736564,1706981,caught,1,decode
1078,header,337,1,caught,1,decode
1079,payload,4224436,1,caught,1,decode
1080,bit_flip,2153158,1,caught,1,decode
1081,random_bytes,5074595,5,caught,1,decode
1082,zeroed_run,5422966,778,caught,1,decode
1083,truncation,4945310,498235,caught,1,decode
1084,header,235,1,caught,1,decode
1085,payload,2885709,1,caught,1,decode
1086,bit_flip,1651170,1,caught,1,decode
1087,random_bytes,5421520,12,caught,1,decode
1088,zeroed_run,4011031,83,caught,1,decode
1089,truncation,4152297,1291248,caught,1,decode
1090,header,747,1,caught,1,decode
1091,payload,4794612,1,caught,1,decode
1092,bit_flip,4461998,1,caught,1,decode
1093,random_bytes,4984061,15,caught,1,decode
1094,zeroed_run,5329353,2301,caught,1,decode
1095,truncation,1843833,3599712,caught,1,decode
1096,header,379,1,caught,1,decode
1097,payload,2833375,1,caught,1,decode
1098,bit_flip,217326,1,caught,1,decode
1099,random_bytes,613939,15,caught,1,decode
1100,zeroed_run,3237447,2479,caught,1,decode
1101,truncation,1923515,3520030,caught,1,decode
1102,header,821,1,caught,1,decode
1103,payload,4514084,1,caught,1,decode
1104,bit_flip,338716,1,caught,1,decode
1105,random_bytes,2970905,16,caught,1,decode
1106,zeroed_run,4421246,1732,caught,1,decode
1107,truncation,4490526,953019,caught,1,decode
1108,header,539,1,caught,1,decode
1109,payload,759232,1,caught,1,decode
1110,bit_flip,4979821,1,caught,1,decode
1111,random_bytes,1098304,8,caught,1,decode
1112,zeroed_run,5010635,3732,caught,1,decode
1113,truncation,4243375,1200170,caught,1,decode
1114,header,761,1,caught,1,decode
1115,payload,2381267,1,caught,1,decode
1116,bit_flip,305344,1,caught,1,decode
1117,random_bytes,4386018,7,caught,1,decode
1118,zeroed_run,652020,1941,caught,1,decode
1119,truncation,1528345,3915200,caught,1,decode
1120,header,162,1,caught,1,decode
1121,payload,4090773,1,caught,1,decode
1122,bit_flip,2155889,1,caught,1,decode
1123,random_bytes,1046701,11,caught,1,decode
1124,zeroed_run,649080,1549,caught,1,decode
1125,truncation,3629273,1814272,caught,1,decode
1126,header,116,1,caught,1,decode
1127,payload,5287059,1,caught,1,decode
1128,bit_flip,1331664,1,caught,1,decode
1129,random_bytes,3405273,3,caught,1,decode
1130,zeroed_run,135741,515,caught,1,decode
1131,truncation,1577058,3866487,caught,1,decode
1132,header,208,1,caught,1,decode
1133,payload,1286880,1,caught,1,decode
1134,bit_flip,3027630,1,caught,1,decode
1135,random_bytes,1036344,7,caught,1,decode
1136,zeroed_run,2080471,842,caught,1,decode
1137,truncation,940255,4503290,caught,1,decode
1138,header,380,1,caught,1,decode
1139,payload,1951777,1,caught,1,decode
1140,bit_flip,5271684,1,caught,1,decode
1141,random_bytes,2043582,5,caught,1,decode
1142,zeroed_run,1695766,487,caught,1,decode
1143,truncation,4091958,1351587,caught,1,decode
1144,header,170,1,caught,1,decode
1145,payload,4558609,1,caught,1,decode
1146,bit_flip,4999492,1,caught,1,decode
1147,random_bytes,4960135,11,caught,1,decode
1148,zeroed_run,2308658,224,caught,1,decode
1149,truncation,1928167,3515378,caught,1,decode
1150,header,247,1,caught,1,decode
1151,payload,3035446,1,caught,1,decode
1152,bit_flip,1705196,1,caught,1,decode
1153,random_bytes,64900,1,caught,1,decode
1154,zeroed_run,5295624,172,caught,1,decode
1155,truncation,4632202,811343,caught,1,decode
1156,header,510,1,caught,1,decode
1157,payload,4980471,1,caught,1,decode
1158,bit_flip,3703072,1,caught,1,decode
1159,random_bytes,2210373,2,caught,1,decode
1160,zeroed_run,2030414,2618,caught,1,decode
1161,truncation,22177,5421368,caught,1,decode
1162,header,5,1,caught,1,decode
1163,payload,5188724,1,caught,1,decode
1164,bit_flip,4348434,1,caught,1,decode
1165,random_bytes,4728566,14,caught,1,decode
1166,zeroed_run,4972437,3601,caught,1,decode
1167,truncation,2650864,2792681,caught,1,decode
1168,header,178,1,caught,1,decode
1169,payload,4774558,1,caught,1,decode
1170,bit_flip,3213305,1,caught,1,decode
1171,random_bytes,3015115,6,caught,1,decode
1172,zeroed_run,4050811,3566,caught,1,decode
1173,truncation,811148,4632397,caught,1,decode
1174,header,276,1,caught,1,decode
1175,payload,5178068,1,caught,1,decode
1176,bit_flip,5430625,1,caught,1,decode
1177,random_bytes,3424853,11,caught,1,decode
1178,zeroed_run,4302106,2515,caught,1,decode
1179,truncation,3672502,1771043,caught,1,decode
1180,header,940,1,caught,1,decode
1181,payload,2755738,1,caught,1,decode
1182,bit_flip,1720412,1,caught,1,decode
1183,random_bytes,754885,5,caught,1,decode
1184,zeroed_run,2967468,1720,caught,1,decode
1185,truncation,3303914,2139631,caught,1,decode
1186,header,116,1,caught,1,decode
1187,payload,1703321,1,caught,1,decode
1188,bit_flip,4067520,1,caught,1,decode
1189,random_bytes,4348950,8,caught,1,decode
1190,zeroed_run,1994400,2976,caught,1,decode
1191,truncation,2440818,3002727,caught,1,decode
1192,header,859,1,caught,1,decode
1193,payload,1026148,1,caught,1,decode
1194,bit_flip,1138747,1,caught,1,decode
1195,random_bytes,2582317,6,caught,1,decode
1196,zeroed_run,2419140,23,caught,1,decode
1197,truncation,4992321,451224,caught,1,decode
1198,header,640,1,caught,1,decode
1199,payload,1171361,1,caught,1,decode
1200,bit_flip,5228932,1,caught,1,decode
1201,random_bytes,2758255,11,caught,1,decode
1202,zeroed_run,1918040,688,caught,1,decode
1203,truncation,187843,5255702,caught,1,decode
1204,header,66,1,caught,1,decode
1205,payload,1446131,1,caught,1,decode
1206,bit_flip,5340765,1,caught,1,decode
1207,random_bytes,5349153,11,caught,1,decode
1208,zeroed_run,3505422,1753,caught,1,decode
1209,truncation,4505870,937675,caught,1,decode
1210,header,645,1,caught,1,decode
1211,payload,2036269,1,caught,1,decode
1212,bit_flip,5058910,1,caught,1,decode
1213,random_bytes,4024402,8,caught,1,decode
1214,zeroed_run,5001255,627,caught,1,decode
1215,truncation,4581311,862234,caught,1,decode
1216,header,954,1,caught,1,decode
1217,payload,4423199,1,caught,1,decode
1218,bit_flip,4642688,1,caught,1,decode
1219,random_bytes,196381,15,caught,1,decode
1220,zeroed_run,4884997,3516,caught,1,decode
1221,truncation,3219562,2223983,caught,1,decode
1222,header,923,1,caught,1,decode
1223,payload,3631476,1,caught,1,decode
1224,bit_flip,1643047,1,caught,1,decode
1225,random_bytes,2712095,15,caught,1,decode
1226,zeroed_run,438434,1788,caught,1,decode
1227,truncation,5278736,164809,caught,1,decode
1228,header,43,1,caught,1,decode
1229,payload,952045,1,caught,1,decode
1230,bit_flip,2819308,1,caught,1,decode
1231,random_bytes,5374106,16,caught,1,decode
1232,zeroed_run,42690,464,caught,1,decode
1233,truncation,5285392,158153,caught,1,decode
1234,header,60,1,caught,1,decode
1235,payload,1028347,1,caught,1,decode
1236,bit_flip,388793,1,caught,1,decode
1237,random_bytes,610309,12,caught,1,decode
1238,zeroed_run,4664544,2319,caught,1,decode
1239,truncation,5390833,52712,caught,1,decode
1240,header,1019,1,caught,1,decode
1241,payload,3476113,1,caught,1,decode
1242,bit_flip,817889,1,caught,1,decode
1243,random_bytes,3997267,10,caught,1,decode
1244,zeroed_run,1813771,1016,caught,1,decode
1245,truncation,3372011,2071534,caught,1,decode
1246,header,205,1,caught,1,decode
1247,payload,2247864,1,caught,1,decode
1248,bit_flip,1160108,1,caught,1,decode
1249,random_bytes,5381900,13,caught,1,decode
1250,zeroed_run,4034500,2126,caught,1,decode
1251,truncation,2107538,3336007,caught,1,decode
1252,header,2,1,caught,1,decode
1253,payload,2373540,1,caught,1,decode
1254,bit_flip,4501050,1,caught,1,decode
1255,random_bytes,5410734,15,caught,1,decode
1256,zeroed_run,128326,1210,caught,1,decode
1257,truncation,4177581,1265964,caught,1,decode
1258,header,418,1,caught,1,decode
1259,payload,5272781,1,caught,1,decode
1260,bit_flip,4907148,1,caught,1,decode
1261,random_bytes,4281854,8,caught,1,decode
1262,zeroed_run,5301731,1110,caught,1,decode
1263,truncation,5265319,178226,caught,1,decode
1264,header,949,1,caught,1,decode
1265,payload,1243488,1,caught,1,decode
1266,bit_flip,3087079,1,caught,1,decode
1267,random_bytes,417229,7,caught,1,decode
1268,zeroed_run,4320554,1150,caught,1,decode
1269,truncation,772233,4671312,caught,1,decode
1270,header,307,1,caught,1,decode
1271,payload,3385502,1,caught,1,decode
1272,bit_flip,3338363,1,caught,1,decode
1273,random_bytes,3179708,8,caught,1,decode
1274,zeroed_run,227401,1901,caught,1,decode
1275,truncation,552273,4891272,caught,1,decode
1276,header,657,1,caught,1,decode
1277,payload,1891913,1,caught,1,decode
1278,bit_flip,331588,1,caught,1,decode
1279,random_bytes,5020482,4,caught,1,decode
1280,zeroed_run,3029542,1287,caught,1,decode
1281,truncation,3881782,1561763,caught,1,decode
1282,header,907,1,caught,1,decode
1283,payload,3445178,1,caught,1,decode
1284,bit_flip,3941805,1,caught,1,decode
1285,random_bytes,1361658,1,caught,1,decode
1286,zeroed_run,2166956,2521,caught,1,decode
1287,truncation,2598256,2845289,caught,1,decode
1288,header,704,1,caught,1,decode
1289,payload,1801291,1,caught,1,decode
1290,bit_flip,3593315,1,caught,1,decode
1291,random_bytes,2527594,6,caught,1,decode
1292,zeroed_run,1564686,674,caught,1,decode
1293,truncation,2129828,3313717,caught,1,decode
1294,header,420,1,caught,1,decode
1295,payload,3691971,1,caught,1,decode
1296,bit_flip,4797915,1,caught,1,decode
1297,random_bytes,4893208,11,caught,1,decode
1298,zeroed_run,4333694,1089,caught,1,decode
1299,truncation,149987,5293558,caught,1,decode
1300,header,908,1,caught,1,decode
1301,payload,4861227,1,caught,1,decode
1302,bit_flip,1906945,1,caught,1,decode
1303,random_bytes,1073449,4,caught,1,decode
1304,zeroed_run,2058083,389,caught,1,decode
1305,truncation,488109,4955436,caught,1,decode
1306,header,855,1,caught,1,decode
1307,payload,3644265,1,caught,1,decode
1308,bit_flip,4519398,1,caught,1,decode
1309,random_bytes,1319554,15,caught,1,decode
1310,zeroed_run,733820,2625,caught,1,decode
1311,truncation,621400,4822145,caught,1,decode
1312,header,139,1,caught,1,decode
1313,payload,1893798,1,caught,1,decode
1314,bit_flip,1824955,1,caught,1,decode
1315,random_bytes,3852645,6,caught,1,decode
1316,zeroed_run,3763776,910,caught,1,decode
1317,truncation,2747977,2695568,caught,1,decode
1318,header,355,1,caught,1,decode
1319,payload,3465089,1,caught,1,decode
1320,bit_flip,2980272,1,caught,1,decode
1321,random_bytes,4953276,8,caught,1,decode
1322,zeroed_run,4747384,3909,caught,1,decode
1323,truncation,4551387,892158,caught,1,decode
1324,header,170,1,caught,1,decode
1325,payload,1015558,1,caught,1,decode
1326,bit_flip,466192,1,caught,1,decode
1327,random_bytes,4939899,5,caught,1,decode
1328,zeroed_run,1249004,2188,caught,1,decode
1329,truncation,745167,4698378,caught,1,decode
1330,header,41,1,caught,1,decode
1331,payload,5414970,1,caught,1,decode
1332,bit_flip,2618473,1,caught,1,decode
1333,random_bytes,2583429,13,caught,1,decode
1334,zeroed_run,2592093,2994,caught,1,decode
1335,truncation,4286924,1156621,caught,1,decode
1336,header,892,1,caught,1,decode
1337,payload,5205322,1,caught,1,decode
1338,bit_flip,2882500,1,caught,1,decode
1339,random_bytes,2561675,4,caught,1,decode
1340,zeroed_run,1321144,2810,caught,1,decode
1341,truncation,798703,4644842,caught,1,decode
1342,header,494,1,caught,1,decode
1343,payload,1184415,1,caught,1,decode
1344,bit_flip,4046649,1,caught,1,decode
1345,random_bytes,2224567,10,caught,1,decode
1346,zeroed_run,556940,3551,caught,1,decode
1347,truncation,5100506,343039,caught,1,decode
1348,header,103,1,caught,1,decode
1349,payload,2027548,1,caught,1,decode
1350,bit_flip,4770552,1,caught,1,decode
1351,random_bytes,294047,14,caught,1,decode
1352,zeroed_run,1204458,3395,caught,1,decode
1353,truncation,556005,4887540,caught,1,decode
1354,header,82,1,caught,1,decode
1355,payload,1895248,1,caught,1,decode
1356,bit_flip,1817314,1,caught,1,decode
1357,random_bytes,4108316,3,caught,1,decode
1358,zeroed_run,2548921,3357,caught,1,decode
1359,truncation,2183264,3260281,caught,1,decode
1360,header,570,1,caught,1,decode
1361,payload,3260919,1,caught,1,decode
1362,bit_flip,419748,1,caught,1,decode
1363,random_bytes,2911643,8,caught,1,decode
1364,zeroed_run,2678657,2994,caught,1,decode
1365,truncation,4302514,1141031,caught,1,decode
1366,header,312,1,caught,1,decode
1367,payload,902969,1,caught,1,decode
1368,bit_flip,3844559,1,caught,1,decode
1369,random_bytes,2340438,8,caught,1,decode
1370,zeroed_run,3872983,1118,caught,1,decode
1371,truncation,1234453,4209092,caught,1,decode
1372,header,672,1,caught,1,decode
1373,payload,5103470,1,caught,1,decode
1374,bit_flip,353048,1,caught,1,decode
1375,random_bytes,1943049,1,caught,1,decode
1376,zeroed_run,3897833,3004,caught,1,decode
1377,truncation,1728092,3715453,caught,1,decode
1378,header,813,1,caught,1,decode
1379,payload,3244113,1,caught,1,decode
1380,bit_flip,3878597,1,caught,1,decode
1381,random_bytes,4040638,7,caught,1,decode
1382,zeroed_run,2947620,3702,caught,1,decode
1383,truncation,12235,5431310,caught,1,decode
1384,header,997,1,caught,1,decode
1385,payload,2469679,1,caught,1,decode
1386,bit_flip,1310864,1,caught,1,decode
1387,random_bytes,4447159,4,caught,1,decode
1388,zeroed_run,4930088,3286,caught,1,decode
1389,truncation,878873,4564672,caught,1,decode
1390,header,310,1,caught,1,decode
1391,payload,3929665,1,caught,1,decode
1392,bit_flip,130756,1,caught,1,decode
1393,random_bytes,275876,4,caught,1,decode
1394,zeroed_run,3364619,3773,caught,1,decode
1395,truncation,2045374,3398171,caught,1,decode
1396,header,672,1,caught,1,decode
1397,payload,2813217,1,caught,1,decode
1398,bit_flip,1821933,1,caught,1,decode
1399,random_bytes,624457,16,caught,1,decode
1400,zeroed_run,3885099,1510,caught,1,decode
1401,truncation,2736638,2706907,caught,1,decode
1402,header,491,1,caught,1,decode
1403,payload,4296905,1,caught,1,decode
1404,bit_flip,2301547,1,caught,1,decode
1405,random_bytes,1773524,9,caught,1,decode
1406,zeroed_run,3331003,1217,caught,1,decode
1407,truncation,57624,5385921,caught,1,decode
1408,header,446,1,caught,1,decode
1409,payload,1425476,1,caught,1,decode
1410,bit_flip,606644,1,caught,1,decode
1411,random_bytes,3289525,3,caught,1,decode
1412,zeroed_run,4316731,641,caught,1,decode
1413,truncation,4613358,830187,caught,1,decode
1414,header,49,1,caught,1,decode
1415,payload,240802,1,caught,1,decode
1416,bit_flip,459267,1,caught,1,decode
1417,random_bytes,1916481,6,caught,1,decode
1418,zeroed_run,4728502,3195,caught,1,decode
1419,truncation,991803,4451742,caught,1,decode
1420,header,597,1,caught,1,decode
1421,payload,1334548,1,caught,1,decode
1422,bit_flip,1732323,1,caught,1,decode
1423,random_bytes,4298259,7,caught,1,decode
1424,zeroed_run,5074197,3164,caught,1,decode
1425,truncation,597802,4845743,caught,1,decode
1426,header,917,1,caught,1,decode
1427,payload,1583226,1,caught,1,decode
1428,bit_flip,5384496,1,caught,1,decode
1429,random_bytes,5432300,7,caught,1,decode
1430,zeroed_run,3277661,2162,caught,1,decode
1431,truncation,2921607,2521938,caught,1,decode
1432,header,673,1,caught,1,decode
1433,payload,2253803,1,caught,1,decode
1434,bit_flip,1013142,1,caught,1,decode
1435,random_bytes,2002206,5,caught,1,decode
1436,zeroed_run,4602415,3091,caught,1,decode
1437,truncation,6653,5436892,caught,1,decode
1438,header,771,1,caught,1,decode
1439,payload,4004347,1,caught,1,decode
1440,bit_flip,4877002,1,caught,1,decode
1441,random_bytes,2804952,1,caught,1,decode
1442,zeroed_run,1246904,2496,caught,1,decode
1443,truncation,255877,5187668,caught,1,decode
1444,header,878,1,caught,1,decode
1445,payload,375025,1,caught,1,decode
1446,bit_flip,868452,1,caught,1,decode
1447,random_bytes,154810,9,caught,1,decode
1448,zeroed_run,2393346,3263,caught,1,decode
1449,truncation,1928524,3515021,caught,1,decode
1450,header,373,1,caught,1,decode
1451,payload,531448,1,caught,1,decode
1452,bit_flip,3020530,1,caught,1,decode
1453,random_bytes,3617647,4,caught,1,decode
1454,zeroed_run,248655,2374,caught,1,decode
1455,truncation,2850996,2592549,caught,1,decode
1456,header,152,1,caught,1,decode
1457,payload,1375515,1,caught,1,decode
1458,bit_flip,5350243,1,caught,1,decode
1459,random_bytes,357359,4,caught,1,decode
1460,zeroed_run,3770445,3934,caught,1,decode
1461,truncation,2714049,2729496,caught,1,decode
1462,header,778,1,caught,1,decode
1463,payload,563830,1,caught,1,decode
1464,bit_flip,2388866,1,caught,1,decode
1465,random_bytes,56559,16,caught,1,decode
1466,zeroed_run,2755132,1232,caught,1,decode
1467,truncation,1197425,4246120,caught,1,decode
1468,header,1009,1,caught,1,decode
1469,payload,5286300,1,caught,1,decode
1470,bit_flip,1010014,1,caught,1,decode
1471,random_bytes,2971880,16,caught,1,decode
1472,zeroed_run,2797799,2594,caught,1,decode
1473,truncation,2579151,2864394,caught,1,decode
1474,header,171,1,caught,1,decode
1475,payload,1530511,1,caught,1,decode
1476,bit_flip,4282607,1,caught,1,decode
1477,random_bytes,4091657,5,caught,1,decode
1478,zeroed_run,1955280,543,caught,1,decode
1479,truncation,483240,4960305,caught,1,decode
1480,header,279,1,caught,1,decode
1481,payload,4005009,1,caught,1,decode
1482,bit_flip,3631149,1,caught,1,decode
1483,random_bytes,2678108,8,caught,1,decode
1484,zeroed_run,1963810,2894,caught,1,decode
1485,truncation,2419747,3023798,caught,1,decode
1486,header,377,1,caught,1,decode
1487,payload,3045872,1,caught,1,decode
1488,bit_flip,1553235,1,caught,1,decode
1489,random_bytes,3749387,9,caught,1,decode
1490,zeroed_run,2595243,3308,caught,1,decode
1491,truncation,1019002,4424543,caught,1,decode
1492,header,266,1,caught,1,decode
1493,payload,1389841,1,caught,1,decode
1494,bit_flip,2184647,1,caught,1,decode
1495,random_bytes,1102637,13,caught,1,decode
1496,zeroed_run,5222833,3449,caught,1,decode
1497,truncation,3843044,1600501,caught,1,decode
1498,header,538,1,caught,1,decode
1499,payload,53673,1,caught,1,decode
1500,bit_flip,4132923,1,caught,1,decode
1501,random_bytes,4096408,15,caught,1,decode
1502,zeroed_run,5407793,1841,caught,1,decode
1503,truncation,720979,4722566,caught,1,decode
1504,header,340,1,caught,1,decode
1505,payload,3175876,1,caught,1,decode
1506,bit_flip,2462767,1,caught,1,decode
1507,random_bytes,4800906,8,caught,1,decode
1508,zeroed_run,2163432,1198,caught,1,decode
1509,truncation,5170553,272992,caught,1,decode
1510,header,830,1,caught,1,decode
1511,payload,2339201,1,caught,1,decode
1512,bit_flip,4469161,1,caught,1,decode
1513,random_bytes,31359,14,caught,1,decode
1514,zeroed_run,1359502,136,caught,1,decode
1515,truncation,4604240,839305,caught,1,decode
1516,header,370,1,caught,1,decode
1517,payload,737907,1,caught,1,decode
1518,bit_flip,1600959,1,caught,1,decode
1519,random_bytes,5012925,12,caught,1,decode
1520,zeroed_run,2864135,1770,caught,1,decode
1521,truncation,1933611,3509934,caught,1,decode
1522,header,416,1,caught,1,decode
1523,payload,4662222,1,caught,1,decode
1524,bit_flip,3051288,1,caught,1,decode
1525,random_bytes,4816814,15,caught,1,decode
1526,zeroed_run,950890,415,caught,1,decode
1527,truncation,2280764,3162781,caught,1,decode
1528,header,885,1,caught,1,decode
1529,payload,2392280,1,caught,1,decode
1530,bit_flip,5353321,1,caught,1,decode
1531,random_bytes,2782498,3,caught,1,decode
1532,zeroed_run,1323437,154,caught,1,decode
1533,truncation,4603387,840158,caught,1,decode
1534,header,782,1,caught,1,decode
1535,payload,2014571,1,caught,1,decode
1536,bit_flip,2840191,1,caught,1,decode
1537,random_bytes,2230066,12,caught,1,decode
1538,zeroed_run,1925477,2348,caught,1,decode
1539,truncation,4962154,481391,caught,1,decode
1540,header,105,1,caught,1,decode
1541,payload,830718,1,caught,1,decode
1542,bit_flip,936521,1,caught,1,decode
1543,random_bytes,3169039,16,caught,1,decode
1544,zeroed_run,5093158,560,caught,1,decode
1545,truncation,1207257,4236288,caught,1,decode
1546,header,469,1,caught,1,decode
1547,payload,1732375,1,caught,1,decode
1548,bit_flip,369304,1,caught,1,decode
1549,random_bytes,3628364,6,caught,1,decode
1550,zeroed_run,691346,375,caught,1,decode
1551,truncation,392637,5050908,caught,1,decode
1552,header,259,1,caught,1,decode
1553,payload,104943,1,caught,1,decode
1554,bit_flip,4617888,1,caught,1,decode
1555,random_bytes,2356205,6,caught,1,decode
1556,zeroed_run,944444,1119,caught,1,decode
1557,truncation,178429,5265116,caught,1,decode
1558,header,729,1,caught,1,decode
1559,payload,3027042,1,caught,1,decode
1560,bit_flip,3693329,1,caught,1,decode
1561,random_bytes,1552275,9,caught,1,decode
1562,zeroed_run,1733828,1047,caught,1,decode
1563,truncation,3400732,2042813,caught,1,decode
1564,header,280,1,caught,1,decode
1565,payload,1103532,1,caught,1,decode
1566,bit_flip,3759208,1,caught,1,decode
1567,random_bytes,2745815,5,caught,1,decode
1568,zeroed_run,4220044,758,caught,1,decode
1569,truncation,4494845,948700,caught,1,decode
1570,header,194,1,caught,1,decode
1571,payload,2775563,1,caught,1,decode
1572,bit_flip,2389524,1,caught,1,decode
1573,random_bytes,2446450,10,caught,1,decode
1574,zeroed_run,3815690,1636,caught,1,decode
1575,truncation,1856278,3587267,caught,1,decode
1576,header,910,1,caught,1,decode
1577,payload,3912996,1,caught,1,decode
1578,bit_flip,4753025,1,caught,1,decode
1579,random_bytes,649440,9,caught,1,decode
1580,zeroed_run,2720230,3745,caught,1,decode
1581,truncation,3184257,2259288,caught,1,decode
1582,header,392,1,caught,1,decode
1583,payload,5411828,1,caught,1,decode
1584,bit_flip,2992928,1,caught,1,decode
1585,random_bytes,2059716,7,caught,1,decode
1586,zeroed_run,1061000,2885,caught,1,decode
1587,truncation,2775776,2667769,caught,1,decode
1588,header,42,1,caught,1,decode
1589,payload,296445,1,caught,1,decode
1590,bit_flip,5092758,1,caught,1,decode
1591,random_bytes,4200727,2,caught,1,decode
1592,zeroed_run,852009,2773,caught,1,decode
1593,truncation,769865,4673680,caught,1,decode
1594,header,40,1,caught,1,decode
1595,payload,1134034,1,caught,1,decode
1596,bit_flip,3203130,1,caught,1,decode
1597,random_bytes,4236773,15,caught,1,decode
1598,zeroed_run,4551415,1857,caught,1,decode
1599,truncation,2153214,3290331,caught,1,decode
1600,header,699,1,caught,1,decode
1601,payload,961603,1,caught,1,decode
1602,bit_flip,46290,1,caught,1,decode
1603,random_bytes,3857985,1,caught,1,decode
1604,zeroed_run,1080044,1597,caught,1,decode
1605,truncation,1129373,4314172,caught,1,decode
1606,header,381,1,caught,1,decode
1607,payload,3553952,1,caught,1,decode
1608,bit_flip,625700,1,caught,1,decode
1609,random_bytes,2311955,15,caught,1,decode
1610,zeroed_run,3684454,3131,caught,1,decode
1611,truncation,5328481,115064,caught,1,decode
1612,header,101,1,caught,1,decode
1613,payload,1676481,1,caught,1,decode
1614,bit_flip,2456086,1,caught,1,decode
1615,random_bytes,117118,8,caught,1,decode
1616,zeroed_run,767728,3800,caught,1,decode
1617,truncation,5068267,375278,caught,1,decode
1618,header,531,1,caught,1,decode
1619,payload,93036,1,caught,1,decode
1620,bit_flip,701454,1,caught,1,decode
1621,random_bytes,1020192,6,caught,1,decode
1622,zeroed_run,2194710,2395,caught,1,decode
1623,truncation,5372188,71357,caught,1,decode
1624,header,195,1,caught,1,decode
1625,payload,1853642,1,caught,1,decode
1626,bit_flip,5131967,1,caught,1,decode
1627,random_bytes,3459094,7,caught,1,decode
1628,zeroed_run,5081343,812,caught,1,decode
1629,truncation,76172,5367373,caught,1,decode
1630,header,715,1,caught,1,decode
1631,payload,815361,1,caught,1,decode
1632,bit_flip,4453774,1,caught,1,decode
1633,random_bytes,371890,9,caught,1,decode
1634,zeroed_run,1624288,2595,caught,1,decode
1635,truncation,595494,4848051,caught,1,decode
1636,header,710,1,caught,1,decode
1637,payload,4949996,1,caught,1,decode
1638,bit_flip,1321236,1,caught,1,decode
1639,random_bytes,97947,4,caught,1,decode
1640,zeroed_run,1442655,3308,caught,1,decode
1641,truncation,4272557,1170988,caught,1,decode
1642,header,818,1,caught,1,decode
1643,payload,3218512,1,caught,1,decode
1644,bit_flip,2236740,1,caught,1,decode
1645,random_bytes,3774594,14,caught,1,decode
1646,zeroed_run,64728,3320,caught,1,decode
1647,truncation,4480799,962746,caught,1,decode
1648,header,999,1,caught,1,decode
1649,payload,1039739,1,caught,1,decode
1650,bit_flip,4241132,1,caught,1,decode
1651,random_bytes,2583652,5,caught,1,decode
1652,zeroed_run,977159,2845,caught,1,decode
1653,truncation,4865637,577908,caught,1,decode
1654,header,93,1,caught,1,decode
1655,payload,634777,1,caught,1,decode
1656,bit_flip,4404137,1,caught,1,decode
1657,random_bytes,26872,13,caught,1,decode
1658,zeroed_run,1867139,3383,caught,1,decode
1659,truncation,1729802,3713743,caught,1,decode
1660,header,773,1,caught,1,decode
1661,payload,4596207,1,caught,1,decode
1662,bit_flip,5339658,1,caught,1,decode
1663,random_bytes,1892604,12,caught,1,decode
1664,zeroed_run,2497497,3755,caught,1,decode
1665,truncation,710815,4732730,caught,1,decode
1666,header,452,1,caught,1,decode
1667,payload,5178132,1,caught,1,decode
1668,bit_flip,3023755,1,caught,1,decode
1669,random_bytes,3251083,12,caught,1,decode
1670,zeroed_run,3789247,2682,caught,1,decode
1671,truncation,3320814,2122731,caught,1,decode
1672,header,435,1,caught,1,decode
1673,payload,5078911,1,caught,1,decode
1674,bit_flip,81159,1,caught,1,decode
1675,random_bytes,1669458,8,caught,1,decode
1676,zeroed_run,1205013,19,caught,1,decode
1677,truncation,931900,4511645,caught,1,decode
1678,header,562,1,caught,1,decode
1679,payload,3967199,1,caught,1,decode
1680,bit_flip,4515519,1,caught,1,decode
1681,random_bytes,3526393,8,caught,1,decode
1682,zeroed_run,1694811,1124,caught,1,decode
1683,truncation,2139563,3303982,caught,1,decode
1684,header,639,1,caught,1,decode
1685,payload,630186,1,caught,1,decode
1686,bit_flip,3286044,1,caught,1,decode
1687,random_bytes,3362301,13,caught,1,decode
1688,zeroed_run,3802478,526,caught,1,decode
1689,truncation,2048537,3395008,caught,1,decode
1690,header,66,1,caught,1,decode
1691,payload,809015,1,caught,1,decode
1692,bit_flip,2350304,1,caught,1,decode
1693,random_bytes,2233780,14,caught,1,decode
1694,zeroed_run,719696,3962,caught,1,decode
1695,truncation,3974338,1469207,caught,1,decode
1696,header,903,1,caught,1,decode
1697,payload,3730965,1,caught,1,decode
1698,bit_flip,702740,1,caught,1,decode
1699,random_bytes,512710,7,caught,1,decode
1700,zeroed_run,1481931,1695,caught,1,decode
1701,truncation,1612727,3830818,caught,1,decode
1702,header,104,1,caught,1,decode
1703,payload,3554982,1,caught,1,decode
1704,bit_flip,3005968,1,caught,1,decode
1705,random_bytes,3014056,14,caught,1,decode
1706,zeroed_run,2620539,3453,caught,1,decode
1707,truncation,1837762,3605783,caught,1,decode
1708,header,58,1,caught,1,decode
1709,payload,2614617,1,caught,1,decode
1710,bit_flip,3778315,1,caught,1,decode
1711,random_bytes,1996366,12,caught,1,decode
1712,zeroed_run,1326384,1167,caught,1,decode
1713,truncation,2476097,2967448,caught,1,decode
1714,header,291,1,caught,1,decode
1715,payload,2998196,1,caught,1,decode
1716,bit_flip,4334111,1,caught,1,decode
1717,random_bytes,4690530,13,caught,1,decode
1718,zeroed_run,3376102,1854,caught,1,decode
1719,truncation,456502,4987043,caught,1,decode
1720,header,778,1,caught,1,decode
1721,payload,397466,1,caught,1,decode
1722,bit_flip,830219,1,caught,1,decode
1723,random_bytes,1047228,3,caught,1,decode
1724,zeroed_run,5332680,791,caught,1,decode
1725,truncation,5352445,91100,caught,1,decode
1726,header,151,1,caught,1,decode
1727,payload,1436106,1,caught,1,decode
1728,bit_flip,3102279,1,caught,1,decode
1729,random_bytes,2997933,15,caught,1,decode
1730,zeroed_run,2752918,2779,caught,1,decode
1731,truncation,4039194,1404351,caught,1,decode
1732,header,414,1,caught,1,decode
1733,payload,3772858,1,caught,1,decode
1734,bit_flip,3069088,1,caught,1,decode
1735,random_bytes,5153598,6,caught,1,decode
1736,zeroed_run,1590158,2377,caught,1,decode
1737,truncation,3193252,2250293,caught,1,decode
1738,header,48,1,caught,1,decode
1739,payload,1117031,1,caught,1,decode
1740,bit_flip,4175316,1,caught,1,decode
1741,random_bytes,4719067,5,caught,1,decode
1742,zeroed_run,3839870,652,caught,1,decode
1743,truncation,3504479,1939066,caught,1,decode
1744,header,171,1,caught,1,decode
1745,payload,5068701,1,caught,1,decode
1746,bit_flip,3524010,1,caught,1,decode
1747,random_bytes,2518472,8,caught,1,decode
1748,zeroed_run,4050593,289,caught,1,decode
1749,truncation,1480249,3963296,caught,1,decode
1750,header,309,1,caught,1,decode
1751,payload,2837647,1,caught,1,decode
1752,bit_flip,1630542,1,caught,1,decode
1753,random_bytes,5266260,3,caught,1,decode
1754,zeroed_run,1723102,558,caught,1,decode
1755,truncation,1823560,3619985,caught,1,decode
1756,header,993,1,caught,1,decode
1757,payload,3595096,1,caught,1,decode
1758,bit_flip,1014403,1,caught,1,decode
1759,random_bytes,5272495,1,caught,1,decode
1760,zeroed_run,3328331,3663,caught,1,decode
1761,truncation,1473004,3970541,caught,1,decode
1762,header,114,1,caught,1,decode
1763,payload,3149604,1,caught,1,decode
1764,bit_flip,4673039,1,caught,1,decode
1765,random_bytes,2739433,10,caught,1,decode
1766,zeroed_run,1165539,1806,caught,1,decode
1767,truncation,2993141,2450404,caught,1,decode
1768,header,426,1,caught,1,decode
1769,payload,799090,1,caught,1,decode
1770,bit_flip,3839014,1,caught,1,decode
1771,random_bytes,142543,9,caught,1,decode
1772,zeroed_run,175264,4048,caught,1,decode
1773,truncation,622388,4821157,caught,1,decode
1774,header,741,1,caught,1,decode
1775,payload,2747643,1,caught,1,decode
1776,bit_flip,3357178,1,caught,1,decode
1777,random_bytes,338067,3,caught,1,decode
1778,zeroed_run,2015011,1034,caught,1,decode
1779,truncation,404588,5038957,caught,1,decode
1780,header,998,1,caught,1,decode
1781,payload,4058288,1,caught,1,decode
1782,bit_flip,3603270,1,caught,1,decode
1783,random_bytes,3753162,6,caught,1,decode
1784,zeroed_run,573005,2499,caught,1,decode
1785,truncation,736704,4706841,caught,1,decode
1786,header,982,1,caught,1,decode
1787,payload,622620,1,caught,1,decode
1788,bit_flip,4340518,1,caught,1,decode
1789,random_bytes,2519483,3,caught,1,decode
1790,zeroed_run,4012494,951,caught,1,decode
1791,truncation,1059058,4384487,caught,1,decode
1792,header,817,1,caught,1,decode
1793,payload,4313143,1,caught,1,decode
1794,bit_flip,573978,1,caught,1,decode
1795,random_bytes,228781,14,caught,1,decode
1796,zeroed_run,3723118,1753,caught,1,decode
1797,truncation,5320926,122619,caught,1,decode
1798,header,165,1,caught,1,decode
1799,payload,3179523,1,caught,1,decode
1800,bit_flip,4315517,1,caught,1,decode
1801,random_bytes,271442,3,caught,1,decode
1802,zeroed_run,4925351,1816,caught,1,decode
1803,truncation,2949662,2493883,caught,1,decode
1804,header,110,1,caught,1,decode
1805,payload,949616,1,caught,1,decode
1806,bit_flip,846860,1,caught,1,decode
1807,random_bytes,441495,15,caught,1,decode
1808,zeroed_run,2245353,652,caught,1,decode
1809,truncation,3825988,1617557,caught,1,decode
1810,header,110,1,caught,1,decode
1811,payload,3143698,1,caught,1,decode
1812,bit_flip,475306,1,caught,1,decode
1813,random_bytes,3453758,7,caught,1,decode
1814,zeroed_run,1011124,1638,caught,1,decode
1815,truncation,1739513,3704032,caught,1,decode
1816,header,1000,1,caught,1,decode
1817,payload,4895868,1,caught,1,decode
1818,bit_flip,5409808,1,caught,1,decode
1819,random_bytes,2877797,1,caught,1,decode
1820,zeroed_run,1355557,3569,caught,1,decode
1821,truncation,5001845,441700,caught,1,decode
1822,header,408,1,caught,1,decode
1823,payload,3191172,1,caught,1,decode
1824,bit_flip,121409,1,caught,1,decode
1825,random_bytes,4118432,6,caught,1,decode
1826,zeroed_run,993443,1517,caught,1,decode
1827,truncation,1452376,3991169,caught,1,decode
1828,header,774,1,caught,1,decode
1829,payload,3397330,1,caught,1,decode
1830,bit_flip,1458875,1,caught,1,decode
1831,random_bytes,3804716,9,caught,1,decode
1832,zeroed_run,1145309,932,caught,1,decode
1833,truncation,4427376,1016169,caught,1,decode
1834,header,821,1,caught,1,decode
1835,payload,718802,1,caught,1,decode
1836,bit_flip,3451617,1,caught,1,decode
1837,random_bytes,2059302,4,caught,1,decode
1838,zeroed_run,5369521,267,caught,1,decode
1839,truncation,1742281,3701264,caught,1,decode
1840,header,75,1,caught,1,decode
1841,payload,656946,1,caught,1,decode
1842,bit_flip,1839995,1,caught,1,decode
1843,random_bytes,3214775,4,caught,1,decode
1844,zeroed_run,5339846,2676,caught,1,decode
1845,truncation,572215,4871330,caught,1,decode
1846,header,28,1,caught,1,decode
1847,payload,2876012,1,caught,1,decode
1848,bit_flip,663713,1,caught,1,decode
1849,random_bytes,2477293,2,caught,1,decode
1850,zeroed_run,3945573,1580,caught,1,decode
1851,truncation,2548342,2895203,caught,1,decode
1852,header,525,1,caught,1,decode
1853,payload,1487187,1,caught,1,decode
1854,bit_flip,2656226,1,caught,1,decode
1855,random_bytes,253122,9,caught,1,decode
1856,zeroed_run,1614440,2135,caught,1,decode
1857,truncation,364329,5079216,caught,1,decode
1858,header,789,1,caught,1,decode
1859,payload,1228562,1,caught,1,decode
1860,bit_flip,4365849,1,caught,1,decode
1861,random_bytes,1346452,12,caught,1,decode
1862,zeroed_run,3838988,3145,caught,1,decode
1863,truncation,4575903,867642,caught,1,decode
1864,header,4,1,caught,1,decode
1865,payload,5137375,1,caught,1,decode
1866,bit_flip,2344744,1,caught,1,decode
1867,random_bytes,3658446,11,caught,1,decode
1868,zeroed_run,410185,438,caught,1,decode
1869,truncation,359408,5084137,caught,1,decode
1870,header,39,1,caught,1,decode
1871,payload,3283545,1,caught,1,decode
1872,bit_flip,2097895,1,caught,1,decode
1873,random_bytes,1111291,7,caught,1,decode
1874,zeroed_run,2621023,2614,caught,1,decode
1875,truncation,5098627,344918,caught,1,decode
1876,header,168,1,caught,1,decode
1877,payload,1509706,1,caught,1,decode
1878,bit_flip,3551647,1,caught,1,decode
1879,random_bytes,1375667,12,caught,1,decode
1880,zeroed_run,3588460,1971,caught,1,decode
1881,truncation,884508,4559037,caught,1,decode
1882,header,53,1,caught,1,decode
1883,payload,5281876,1,caught,1,decode
1884,bit_flip,2827207,1,caught,1,decode
1885,random_bytes,406187,15,caught,1,decode
1886,zeroed_run,1646120,3736,caught,1,decode
1887,truncation,1099355,4344190,caught,1,decode
1888,header,770,1,caught,1,decode
1889,payload,2660628,1,caught,1,decode
1890,bit_flip,1224260,1,caught,1,decode
1891,random_bytes,1283765,1,caught,1,decode
1892,zeroed_run,1911301,569,caught,1,decode
1893,truncation,154241,5289304,caught,1,decode
1894,header,975,1,caught,1,decode
1895,payload,329667,1,caught,1,decode
1896,bit_flip,1250702,1,caught,1,decode
1897,random_bytes,4024917,10,caught,1,decode
1898,zeroed_run,2047086,966,caught,1,decode
1899,truncation,220266,5223279,caught,1,decode
1900,header,285,1,caught,1,decode
1901,payload,3594865,1,caught,1,decode
1902,bit_flip,5312359,1,caught,1,decode
1903,random_bytes,3409835,15,caught,1,decode
1904,zeroed_run,774973,2786,caught,1,decode
1905,truncation,2504125,2939420,caught,1,decode
1906,header,137,1,caught,1,decode
1907,payload,3138415,1,caught,1,decode
1908,bit_flip,4510350,1,caught,1,decode
1909,random_bytes,2423831,1,caught,1,decode
1910,zeroed_run,2249048,3885,caught,1,decode
1911,truncation,1599477,3844068,caught,1,decode
1912,header,498,1,caught,1,decode
1913,payload,2232199,1,caught,1,decode
1914,bit_flip,4367075,1,caught,1,decode
1915,random_bytes,2012679,6,caught,1,decode
1916,zeroed_run,4642009,498,caught,1,decode
1917,truncation,2976073,2467472,caught,1,decode
1918,header,595,1,caught,1,decode
1919,payload,1756983,1,caught,1,decode
1920,bit_flip,3924345,1,caught,1,decode
1921,random_bytes,4436490,10,caught,1,decode
1922,zeroed_run,184227,2045,caught,1,decode
1923,truncation,1085183,4358362,caught,1,decode
1924,header,59,1,caught,1,decode
1925,payload,4086639,1,caught,1,decode
1926,bit_flip,1191740,1,caught,1,decode
1927,random_bytes,1501406,2,caught,1,decode
1928,zeroed_run,2278634,1874,caught,1,decode
1929,truncation,3255251,2188294,caught,1,decode
1930,header,786,1,caught,1,decode
1931,payload,2671018,1,caught,1,decode
1932,bit_flip,1761326,1,caught,1,decode
1933,random_bytes,2712253,16,caught,1,decode
1934,zeroed_run,4954922,2262,caught,1,decode
1935,truncation,1240889,4202656,caught,1,decode
1936,header,946,1,caught,1,decode
1937,payload,5273022,1,caught,1,decode
1938,bit_flip,1675319,1,caught,1,decode
1939,random_bytes,4373756,9,caught,1,decode
1940,zeroed_run,3376377,1412,caught,1,decode
1941,truncation,3735401,1708144,caught,1,decode
1942,header,676,1,caught,1,decode
1943,payload,1709389,1,caught,1,decode
1944,bit_flip,1722614,1,caught,1,decode
1945,random_bytes,3082574,3,caught,1,decode
1946,zeroed_run,407928,2064,caught,1,decode
1947,truncation,4701804,741741,caught,1,decode
1948,header,19,1,caught,1,decode
1949,payload,2624410,1,caught,1,decode
1950,bit_flip,3113319,1,caught,1,decode
1951,random_bytes,1368135,13,caught,1,decode
1952,zeroed_run,1270414,1149,caught,1,decode
1953,truncation,330655,5112890,caught,1,decode
1954,header,491,1,caught,1,decode
1955,payload,5082066,1,caught,1,decode
1956,bit_flip,2376521,1,caught,1,decode
1957,random_bytes,4781894,16,caught,1,decode
1958,zeroed_run,1818652,519,caught,1,decode
1959,truncation,2467751,2975794,caught,1,decode
1960,header,248,1,caught,1,decode
1961,payload,4173998,1,caught,1,decode
1962,bit_flip,4201982,1,caught,1,decode
1963,random_bytes,1052133,4,caught,1,decode
1964,zeroed_run,2394209,1344,caught,1,decode
1965,truncation,886230,4557315,caught,1,decode
1966,header,307,1,caught,1,decode
1967,payload,2755519,1,caught,1,decode
1968,bit_flip,84398,1,caught,1,decode
1969,random_bytes,1029267,8,caught,1,decode
1970,zeroed_run,5423957,1661,caught,1,decode
1971,truncation,2701950,2741595,caught,1,decode
1972,header,396,1,caught,1,decode
1973,payload,2278319,1,caught,1,decode
1974,bit_flip,1382517,1,caught,1,decode
1975,random_bytes,3618833,3,caught,1,decode
1976,zeroed_run,3946952,3179,caught,1,decode
1977,truncation,4302179,1141366,caught,1,decode
1978,header,892,1,caught,1,decode
1979,payload,3025085,1,caught,1,decode
1980,bit_flip,2194420,1,caught,1,decode
1981,random_bytes,644261,13,caught,1,decode
1982,zeroed_run,4080033,3762,caught,1,decode
1983,truncation,579686,4863859,caught,1,decode
1984,header,240,1,caught,1,decode
1985,payload,2547310,1,caught,1,decode
1986,bit_flip,1524921,1,caught,1,decode
1987,random_bytes,1788644,16,caught,1,decode
1988,zeroed_run,1350299,2443,caught,1,decode
1989,truncation,1046062,4397483,caught,1,decode
1990,header,789,1,caught,1,decode
1991,payload,3952288,1,caught,1,decode
1992,bit_flip,2566530,1,caught,1,decode
1993,random_bytes,979583,1,caught,1,decode
1994,zeroed_run,5243093,428,caught,1,decode
1995,truncation,4724140,719405,caught,1,decode
1996,header,524,1,caught,1,decode
1997,payload,99468,1,caught,1,decode
1998,bit_flip,4037316,1,caught,1,decode
1999,random_bytes,5063480,1,caught,1,decode
2000,zeroed_run,3237572,1433,caught,1,decode
2001,truncation,2628914,2814631,caught,1,decode
2002,header,724,1,caught,1,decode
2003,payload,11266,1,caught,1,decode
2004,bit_flip,3189288,1,caught,1,decode
2005,random_bytes,3767772,10,caught,1,decode
2006,zeroed_run,2293200,918,caught,1,decode
2007,truncation,2347380,3096165,caught,1,decode
2008,header,902,1,caught,1,decode
2009,payload,3275012,1,caught,1,decode
2010,bit_flip,2506640,1,caught,1,decode
2011,random_bytes,4815018,14,caught,1,decode
2012,zeroed_run,2355694,1681,caught,1,decode
2013,truncation,647638,4795907,caught,1,decode
2014,header,29,1,caught,1,decode
2015,payload,2284146,1,caught,1,decode
2016,bit_flip,3668743,1,caught,1,decode
2017,random_bytes,5282357,7,caught,1,decode
2018,zeroed_run,8461,1407,caught,1,decode
2019,truncation,322420,5121125,caught,1,decode
2020,header,535,1,caught,1,decode
2021,payload,208279,1,caught,1,decode
2022,bit_flip,3272082,1,caught,1,decode
2023,random_bytes,1911689,16,caught,1,decode
2024,zeroed_run,744135,2287,caught,1,decode
2025,truncation,3299088,2144457,caught,1,decode
2026,header,800,1,caught,1,decode
2027,payload,966924,1,caught,1,decode
2028,bit_flip,5439942,1,caught,1,decode
2029,random_bytes,562952,9,caught,1,decode
2030,zeroed_run,810249,1967,caught,1,decode
2031,truncation,2513026,2930519,caught,1,decode
2032,header,72,1,caught,1,decode
2033,payload,1565533,1,caught,1,decode
2034,bit_flip,2645957,1,caught,1,decode
2035,random_bytes,3940393,14,caught,1,decode
2036,zeroed_run,1320258,1575,caught,1,decode
2037,truncation,2506299,2937246,caught,1,decode
2038,header,999,1,caught,1,decode
2039,payload,1880895,1,caught,1,decode
2040,bit_flip,3010392,1,caught,1,decode
2041,random_bytes,1326661,5,caught,1,decode
2042,zeroed_run,1218687,979,caught,1,decode
2043,truncation,1509498,3934047,caught,1,decode
2044,header,554,1,caught,1,decode
2045,payload,1217770,1,caught,1,decode
2046,bit_flip,4608526,1,caught,1,decode
2047,random_bytes,3964692,3,caught,1,decode
2048,zeroed_run,3033384,2001,caught,1,decode
2049,truncation,4644815,798730,caught,1,decode
2050,header,202,1,caught,1,decode
2051,payload,2995237,1,caught,1,decode
2052,bit_flip,2238684,1,caught,1,decode
2053,random_bytes,2954363,9,caught,1,decode
2054,zeroed_run,2878519,2393,caught,1,decode
2055,truncation,3978263,1465282,caught,1,decode
2056,header,545,1,caught,1,decode
2057,payload,2113044,1,caught,1,decode
2058,bit_flip,4168760,1,caught,1,decode
2059,random_bytes,4061502,5,caught,1,decode
2060,zeroed_run,4848478,3363,caught,1,decode
2061,truncation,1489723,3953822,caught,1,decode
2062,header,669,1,caught,1,decode
2063,payload,103939,1,caught,1,decode
2064,bit_flip,2288646,1,caught,1,decode
2065,random_bytes,601335,15,caught,1,decode
2066,zeroed_run,3706540,3512,caught,1,decode
2067,truncation,3818085,1625460,caught,1,decode
2068,header,76,1,caught,1,decode
2069,payload,2107486,1,caught,1,decode
2070,bit_flip,5388403,1,caught,1,decode
2071,random_bytes,1109240,7,caught,1,decode
2072,zeroed_run,3045861,913,caught,1,decode
2073,truncation,2639948,2803597,caught,1,decode
2074,header,202,1,caught,1,decode
2075,payload,3036431,1,caught,1,decode
2076,bit_flip,3764357,1,caught,1,decode
2077,random_bytes,1802696,6,caught,1,decode
2078,zeroed_run,1712792,1313,caught,1,decode
2079,truncation,3076632,2366913,caught,1,decode
2080,header,829,1,caught,1,decode
2081,payload,73423,1,caught,1,decode
2082,bit_flip,3385012,1,caught,1,decode
2083,random_bytes,5052171,16,caught,1,decode
2084,zeroed_run,616141,1824,caught,1,decode
2085,truncation,5143391,300154,caught,1,decode
2086,header,291,1,caught,1,decode
2087,payload,4511298,1,caught,1,decode
2088,bit_flip,3822341,1,caught,1,decode
2089,random_bytes,5270544,1,caught,1,decode
2090,zeroed_run,184799,1359,caught,1,decode
2091,truncation,2568819,2874726,caught,1,decode
2092,header,565,1,caught,1,decode
2093,payload,1911111,1,caught,1,decode
2094,bit_flip,1639831,1,caught,1,decode
2095,random_bytes,4134549,1,caught,1,decode
2096,zeroed_run,242990,405,caught,1,decode
2097,truncation,4336314,1107231,caught,1,decode
2098,header,398,1,caught,1,decode
2099,payload,4703693,1,caught,1,decode
2100,bit_flip,1375373,1,caught,1,decode
2101,random_bytes,4315096,16,caught,1,decode
2102,zeroed_run,2993995,1201,caught,1,decode
2103,truncation,2290798,3152747,caught,1,decode
2104,header,1009,1,caught,1,decode
2105,payload,853306,1,caught,1,decode
2106,bit_flip,4124853,1,caught,1,decode
2107,random_bytes,3342254,9,caught,1,decode
2108,zeroed_run,1765270,674,caught,1,decode
2109,truncation,1543286,3900259,caught,1,decode
2110,header,1020,1,caught,1,decode
2111,payload,3947649,1,caught,1,decode
2112,bit_flip,2614863,1,caught,1,decode
2113,random_bytes,3300852,10,caught,1,decode
2114,zeroed_run,1145299,2444,caught,1,decode
2115,truncation,3299615,2143930,caught,1,decode
2116,header,802,1,caught,1,decode
2117,payload,3827249,1,caught,1,decode
2118,bit_flip,2079430,1,caught,1,decode
2119,random_bytes,3733192,11,caught,1,decode
2120,zeroed_run,4554399,3793,caught,1,decode
2121,truncation,1480105,3963440,caught,1,decode
2122,header,419,1,caught,1,decode
2123,payload,2540596,1,caught,1,decode
2124,bit_flip,1721256,1,caught,1,decode
2125,random_bytes,2691969,1,caught,1,decode
2126,zeroed_run,4466887,2646,caught,1,decode
2127,truncation,487438,4956107,caught,1,decode
2128,header,127,1,caught,1,decode
2129,payload,1441689,1,caught,1,decode
2130,bit_flip,87219,1,caught,1,decode
2131,random_bytes,1846759,10,caught,1,decode
2132,zeroed_run,3755983,3646,caught,1,decode
2133,truncation,1110696,4332849,caught,1,decode
2134,header,952,1,caught,1,decode
2135,payload,4801232,1,caught,1,decode
2136,bit_flip,110985,1,caught,1,decode
2137,random_bytes,2930735,11,caught,1,decode
2138,zeroed_run,4349248,281,caught,1,decode
2139,truncation,135855,5307690,caught,1,decode
2140,header,171,1,caught,1,decode
2141,payload,5067597,1,caught,1,decode
2142,bit_flip,1196817,1,caught,1,decode
2143,random_bytes,4517233,14,caught,1,decode
2144,zeroed_run,91293,1425,caught,1,decode
2145,truncation,515692,4927853,caught,1,decode
2146,header,75,1,caught,1,decode
2147,payload,3283359,1,caught,1,decode
2148,bit_flip,2567886,1,caught,1,decode
2149,random_bytes,2761465,10,caught,1,decode
2150,zeroed_run,1248213,1697,caught,1,decode
2151,truncation,2017899,3425646,caught,1,decode
2152,header,184,1,caught,1,decode
2153,payload,133476,1,caught,1,decode
2154,bit_flip,2423611,1,caught,1,decode
2155,random_bytes,4362293,8,caught,1,decode
2156,zeroed_run,432491,3892,caught,1,decode
2157,truncation,644232,4799313,caught,1,decode
2158,header,73,1,caught,1,decode
2159,payload,2660512,1,caught,1,decode
2160,bit_flip,866610,1,caught,1,decode
2161,random_bytes,3571305,10,caught,1,decode
2162,zeroed_run,1104678,2407,caught,1,decode
2163,truncation,1073029,4370516,caught,1,decode
2164,header,421,1,caught,1,decode
2165,payload,3481442,1,caught,1,decode
2166,bit_flip,58262,1,caught,1,decode
2167,random_bytes,4342750,4,caught,1,decode
2168,zeroed_run,3195875,120,caught,1,decode
2169,truncation,4537261,906284,caught,1,decode
2170,header,288,1,caught,1,decode
2171,payload,1342252,1,caught,1,decode
2172,bit_flip,1401915,1,caught,1,decode
2173,random_bytes,4766012,5,caught,1,decode
2174,zeroed_run,3773856,3659,caught,1,decode
2175,truncation,3966280,1477265,caught,1,decode
2176,header,417,1,caught,1,decode
2177,payload,2627375,1,caught,1,decode
2178,bit_flip,4258135,1,caught,1,decode
2179,random_bytes,677834,3,caught,1,decode
2180,zeroed_run,3861536,3396,caught,1,decode
2181,truncation,4262467,1181078,caught,1,decode
2182,header,791,1,caught,1,decode
2183,payload,4852607,1,caught,1,decode
2184,bit_flip,2473067,1,caught,1,decode
2185,random_bytes,105784,10,caught,1,decode
2186,zeroed_run,2610080,2125,caught,1,decode
2187,truncation,875768,4567777,caught,1,decode
2188,header,734,1,caught,1,decode
2189,payload,5402216,1,caught,1,decode
2190,bit_flip,116611,1,caught,1,decode
2191,random_bytes,1209409,5,caught,1,decode
2192,zeroed_run,2130309,194,caught,1,decode
2193,truncation,1995467,3448078,caught,1,decode
2194,header,916,1,caught,1,decode
2195,payload,4217994,1,caught,1,decode
2196,bit_flip,257730,1,caught,1,decode
2197,random_bytes,3626568,15,caught,1,decode
2198,zeroed_run,2134256,78,caught,1,decode
2199,truncation,3904214,1539331,caught,1,decode
2200,header,892,1,caught,1,decode
2201,payload,795588,1,caught,1,decode
2202,bit_flip,4771781,1,caught,1,decode
2203,random_bytes,1247485,10,caught,1,decode
2204,zeroed_run,1983449,1355,caught,1,decode
2205,truncation,2775525,2668020,caught,1,decode
2206,header,944,1,caught,1,decode
2207,payload,4774769,1,caught,1,decode
2208,bit_flip,697704,1,caught,1,decode
2209,random_bytes,4122209,16,caught,1,decode
2210,zeroed_run,3102021,1075,caught,1,decode
2211,truncation,1347020,4096525,caught,1,decode
2212,header,337,1,caught,1,decode
2213,payload,2989454,1,caught,1,decode
2214,bit_flip,2188867,1,caught,1,decode
2215,random_bytes,121109,5,caught,1,decode
2216,zeroed_run,61105,511,caught,1,decode
2217,truncation,3424686,2018859,caught,1,decode
2218,header,348,1,caught,1,decode
2219,payload,981615,1,caught,1,decode
2220,bit_flip,3290877,1,caught,1,decode
2221,random_bytes,666589,14,caught,1,decode
2222,zeroed_run,4718432,416,caught,1,decode
2223,truncation,4405385,1038160,caught,1,decode
2224,header,480,1,caught,1,decode
2225,payload,4638340,1,caught,1,decode
2226,bit_flip,3582108,1,caught,1,decode
2227,random_bytes,1123462,12,caught,1,decode
2228,zeroed_run,2831998,203,caught,1,decode
2229,truncation,3241594,2201951,caught,1,decode
2230,header,954,1,caught,1,decode
2231,payload,1521981,1,caught,1,decode
2232,bit_flip,1889907,1,caught,1,decode
2233,random_bytes,1473825,12,caught,1,decode
2234,zeroed_run,3663739,2258,caught,1,decode
2235,truncation,2171657,3271888,caught,1,decode
2236,header,101,1,caught,1,decode
2237,payload,2285350,1,caught,1,decode
2238,bit_flip,408704,1,caught,1,decode
2239,random_bytes,3862125,9,caught,1,decode
2240,zeroed_run,4811846,838,caught,1,decode
2241,truncation,4072597,1370948,caught,1,decode
2242,header,202,1,caught,1,decode
2243,payload,2723610,1,caught,1,decode
2244,bit_flip,2698546,1,caught,1,decode
2245,random_bytes,2737383,4,caught,1,decode
2246,zeroed_run,1410772,3267,caught,1,decode
2247,truncation,1344074,4099471,caught,1,decode
2248,header,354,1,caught,1,decode
2249,payload,5079351,1,caught,1,decode
2250,bit_flip,4907273,1,caught,1,decode
2251,random_bytes,4716856,10,caught,1,decode
2252,zeroed_run,1258800,3463,caught,1,decode
2253,truncation,2395658,3047887,caught,1,decode
2254,header,33,1,caught,1,decode
2255,payload,1848064,1,caught,1,decode
2256,bit_flip,3327106,1,caught,1,decode
2257,random_bytes,2263290,12,caught,1,decode
2258,zeroed_run,3538167,41,caught,1,decode
2259,truncation,3107670,2335875,caught,1,decode
2260,header,461,1,caught,1,decode
2261,payload,2895361,1,caught,1,decode
2262,bit_flip,4404907,1,caught,1,decode
2263,random_bytes,3253402,16,caught,1,decode
2264,zeroed_run,3240837,3886,caught,1,decode
2265,truncation,5318049,125496,caught,1,decode
2266,header,864,1,caught,1,decode
2267,payload,2151585,1,caught,1,decode
2268,bit_flip,3703248,1,caught,1,decode
2269,random_bytes,3978070,4,caught,1,decode
2270,zeroed_run,2568079,2739,caught,1,decode
2271,truncation,3299444,2144101,caught,1,decode
2272,header,465,1,caught,1,decode
2273,payload,3433847,1,caught,1,decode
2274,bit_flip,2704097,1,caught,1,decode
2275,random_bytes,5311051,7,caught,1,decode
2276,zeroed_run,1473570,1388,caught,1,decode
2277,truncation,2400816,3042729,caught,1,decode
2278,header,72,1,caught,1,decode
2279,payload,635660,1,caught,1,decode
2280,bit_flip,2480966,1,caught,1,decode
2281,random_bytes,3125122,5,caught,1,decode
2282,zeroed_run,1712072,3631,caught,1,decode
2283,truncation,3993641,1449904,caught,1,decode
2284,header,99,1,caught,1,decode
2285,payload,744293,1,caught,1,decode
2286,bit_flip,1069044,1,caught,1,decode
2287,random_bytes,4995791,1,caught,1,decode
2288,zeroed_run,146234,3418,caught,1,decode
2289,truncation,5302357,141188,caught,1,decode
2290,header,603,1,caught,1,decode
2291,payload,3314945,1,caught,1,decode
2292,bit_flip,4685511,1,caught,1,decode
2293,random_bytes,4226729,15,caught,1,decode
2294,zeroed_run,2389524,3205,caught,1,decode
2295,truncation,4834948,608597,caught,1,decode
2296,header,561,1,caught,1,decode
2297,payload,1982064,1,caught,1,decode
2298,bit_flip,3688574,1,caught,1,decode
2299,random_bytes,1600826,4,caught,1,decode
2300,zeroed_run,230590,4038,caught,1,decode
2301,truncation,4175895,1267650,caught,1,decode
2302,header,572,1,caught,1,decode
2303,payload,2094,1,caught,1,decode
2304,bit_flip,3859307,1,caught,1,decode
2305,random_bytes,934687,7,caught,1,decode
2306,zeroed_run,2478031,1980,caught,1,decode
2307,truncation,2200740,3242805,caught,1,decode
2308,header,632,1,caught,1,decode
2309,payload,3843809,1,caught,1,decode
2310,bit_flip,5230364,1,caught,1,decode
2311,random_bytes,46179,8,caught,1,decode
2312,zeroed_run,4146376,3038,caught,1,decode
2313,truncation,3609301,1834244,caught,1,decode
2314,header,330,1,caught,1,decode
2315,payload,4435195,1,caught,1,decode
2316,bit_flip,3194563,1,caught,1,decode
2317,random_bytes,192138,9,caught,1,decode
2318,zeroed_run,4204120,748,caught,1,decode
2319,truncation,3465943,1977602,caught,1,decode
2320,header,21,1,harmless,0,decode
2321,payload,3544792,1,caught,1,decode
2322,bit_flip,4940131,1,caught,1,decode
2323,random_bytes,3979211,4,caught,1,decode
2324,zeroed_run,1341978,1703,caught,1,decode
2325,truncation,4677803,765742,caught,1,decode
2326,header,389,1,caught,1,decode
2327,payload,3797943,1,caught,1,decode
2328,bit_flip,5025554,1,caught,1,decode
2329,random_bytes,4032148,5,caught,1,decode
2330,zeroed_run,4962860,665,caught,1,decode
2331,truncation,5068120,375425,caught,1,decode
2332,header,49,1,caught,1,decode
2333,payload,3548923,1,caught,1,decode
2334,bit_flip,1068830,1,caught,1,decode
2335,random_bytes,3971950,4,caught,1,decode
2336,zeroed_run,4137885,2211,caught,1,decode
2337,truncation,1411554,4031991,caught,1,decode
2338,header,848,1,caught,1,decode
2339,payload,4466406,1,caught,1,decode
2340,bit_flip,4888413,1,caught,1,decode
2341,random_bytes,5197824,12,caught,1,decode
2342,zeroed_run,3865109,297,caught,1,decode
2343,truncation,4191108,1252437,caught,1,decode
2344,header,128,1,caught,1,decode
2345,payload,2230651,1,caught,1,decode
2346,bit_flip,3797807,1,caught,1,decode
2347,random_bytes,3433470,7,caught,1,decode
2348,zeroed_run,1722936,584,caught,1,decode
2349,truncation,3765685,1677860,caught,1,decode
2350,header,872,1,caught,1,decode
2351,payload,305525,1,caught,1,decode
2352,bit_flip,5302099,1,caught,1,decode
2353,random_bytes,4587935,11,caught,1,decode
2354,zeroed_run,2631840,2709,caught,1,decode
2355,truncation,565839,4877706,caught,1,decode
2356,header,298,1,caught,1,decode
2357,payload,4223455,1,caught,1,decode
2358,bit_flip,701787,1,caught,1,decode
2359,random_bytes,3942344,12,caught,1,decode
2360,zeroed_run,689341,3044,caught,1,decode
2361,truncation,2180219,3263326,caught,1,decode
2362,header,14,1,caught,1,decode
2363,payload,3279338,1,caught,1,decode
2364,bit_flip,4377543,1,caught,1,decode
2365,random_bytes,5070322,9,caught,1,decode
2366,zeroed_run,4025120,83,caught,1,decode
2367,truncation,2533988,2909557,caught,1,decode
2368,header,586,1,caught,1,decode
2369,payload,1414916,1,caught,1,decode
2370,bit_flip,5168424,1,caught,1,decode
2371,random_bytes,415552,9,caught,1,decode
2372,zeroed_run,2908812,3463,caught,1,decode
2373,truncation,41746,5401799,caught,1,decode
2374,header,347,1,caught,1,decode
2375,payload,2730253,1,caught,1,decode
2376,bit_flip,4311058,1,caught,1,decode
2377,random_bytes,5128002,2,caught,1,decode
2378,zeroed_run,1403117,2357,caught,1,decode
2379,truncation,4520798,922747,caught,1,decode
2380,header,69,1,caught,1,decode
2381,payload,3578153,1,caught,1,decode
2382,bit_flip,851676,1,caught,1,decode
2383,random_bytes,4243160,6,caught,1,decode
2384,zeroed_run,1400783,501,caught,1,decode
2385,truncation,3835350,1608195,caught,1,decode
2386,header,486,1,caught,1,decode
2387,payload,2869075,1,caught,1,decode
2388,bit_flip,4509588,1,caught,1,decode
2389,random_bytes,2835607,4,caught,1,decode
2390,zeroed_run,2975804,3964,caught,1,decode
2391,truncation,4474815,968730,caught,1,decode
2392,header,181,1,caught,1,decode
2393,payload,2705721,1,caught,1,decode
2394,bit_flip,5119897,1,caught,1,decode
2395,random_bytes,3059096,10,caught,1,decode
2396,zeroed_run,1444379,1968,caught,1,decode
2397,truncation,39355,5404190,caught,1,decode
2398,header,56,1,caught,1,decode
2399,payload,2883520,1,caught,1,decode
2400,bit_flip,353812,1,caught,1,decode
2401,random_bytes,4480024,7,caught,1,decode
2402,zeroed_run,5197112,3201,caught,1,decode
2403,truncation,4011192,1432353,caught,1,decode
2404,header,613,1,caught,1,decode
2405,payload,2180267,1,caught,1,decode
2406,bit_flip,2865994,1,caught,1,decode
2407,random_bytes,4129060,3,caught,1,decode
2408,zeroed_run,2854038,1040,caught,1,decode
2409,truncation,3904394,1539151,caught,1,decode
2410,header,96,1,caught,1,decode
2411,payload,1407158,1,caught,1,decode
2412,bit_flip,3343473,1,caught,1,decode
2413,random_bytes,3563135,4,caught,1,decode
2414,zeroed_run,4032375,3596,caught,1,decode
2415,truncation,597677,4845868,caught,1,decode
2416,header,390,1,caught,1,decode
2417,payload,39646,1,caught,1,decode
2418,bit_flip,1726879,1,caught,1,decode
2419,random_bytes,3021710,11,caught,1,decode
2420,zeroed_run,4095849,1533,caught,1,decode
2421,truncation,2595911,2847634,caught,1,decode
2422,header,420,1,caught,1,decode
2423,payload,5435815,1,caught,1,decode
2424,bit_flip,3550372,1,caught,1,decode
2425,random_bytes,1934854,13,caught,1,decode
2426,zeroed_run,4869755,3909,caught,1,decode
2427,truncation,1325918,4117627,caught,1,decode
2428,header,926,1,caught,1,decode
2429,payload,1626692,1,caught,1,decode
2430,bit_flip,4495967,1,caught,1,decode
2431,random_bytes,4606644,12,caught,1,decode
2432,zeroed_run,3159497,2002,caught,1,decode
2433,truncation,5066599,376946,caught,1,decode
2434,header,449,1,caught,1,decode
2435,payload,3827205,1,caught,1,decode
2436,bit_flip,3457574,1,caught,1,decode
2437,random_bytes,4176350,7,caught,1,decode
2438,zeroed_run,5269453,319,caught,1,decode
2439,truncation,2573735,2869810,caught,1,decode
2440,header,396,1,caught,1,decode
2441,payload,168290,1,caught,1,decode
2442,bit_flip,3749276,1,caught,1,decode
2443,random_bytes,1412774,2,caught,1,decode
2444,zeroed_run,962489,404,caught,1,decode
2445,truncation,441577,5001968,caught,1,decode
2446,header,565,1,caught,1,decode
2447,payload,1745177,1,caught,1,decode
2448,bit_flip,1477755,1,caught,1,decode
2449,random_bytes,4317869,14,caught,1,decode
2450,zeroed_run,4824669,3856,caught,1,decode
2451,truncation,3754438,1689107,caught,1,decode
2452,header,436,1,caught,1,decode
2453,payload,1238934,1,caught,1,decode
2454,bit_flip,923108,1,caught,1,decode
2455,random_bytes,3270929,13,caught,1,decode
2456,zeroed_run,3597045,3331,caught,1,decode
2457,truncation,1958703,3484842,caught,1,decode
2458,header,889,1,caught,1,decode
2459,payload,2213620,1,caught,1,decode
2460,bit_flip,1739775,1,caught,1,decode
2461,random_bytes,1440484,15,caught,1,decode
2462,zeroed_run,2064255,4092,caught,1,decode
2463,truncation,3452326,1991219,caught,1,decode
2464,header,976,1,caught,1,decode
2465,payload,1634694,1,caught,1,decode
2466,bit_flip,2988915,1,caught,1,decode
2467,random_bytes,2308388,15,caught,1,decode
2468,zeroed_run,3917889,41,caught,1,decode
2469,truncation,3550457,1893088,caught,1,decode
2470,header,625,1,caught,1,decode
2471,payload,4605986,1,caught,1,decode
2472,bit_flip,3959249,1,caught,1,decode
2473,random_bytes,2199255,2,caught,1,decode
2474,zeroed_run,1848303,3192,caught,1,decode
2475,truncation,4088422,1355123,caught,1,decode
2476,header,465,1,caught,1,decode
2477,payload,4566486,1,caught,1,decode
2478,bit_flip,5336853,1,caught,1,decode
2479,random_bytes,4077881,10,caught,1,decode
2480,zeroed_run,249929,3242,caught,1,decode
2481,truncation,3225273,2218272,caught,1,decode
2482,header,512,1,caught,1,decode
2483,payload,4225662,1,caught,1,decode
2484,bit_flip,3261065,1,caught,1,decode
2485,random_bytes,1956176,1,caught,1,decode
2486,zeroed_run,2721759,1803,caught,1,decode
2487,truncation,1386880,4056665,caught,1,decode
2488,header,639,1,caught,1,decode
2489,payload,984989,1,caught,1,decode
2490,bit_flip,1960202,1,caught,1,decode
2491,random_bytes,1171935,13,caught,1,decode
2492,zeroed_run,2948242,807,caught,1,decode
2493,truncation,421477,5022068,caught,1,decode
2494,header,213,1,caught,1,decode
2495,payload,1659167,1,caught,1,decode
2496,bit_flip,3370797,1,caught,1,decode
2497,random_bytes,3935497,11,caught,1,decode
2498,zeroed_run,563162,3599,caught,1,decode
2499,truncation,2514845,2928700,caught,1,decode
2500,header,397,1,caught,1,decode
2501,payload,3798860,1,caught,1,decode
2502,bit_flip,5376786,1,caught,1,decode
2503,random_bytes,1912190,9,caught,1,decode
2504,zeroed_run,2846688,1783,caught,1,decode
2505,truncation,1784364,3659181,caught,1,decode
2506,header,426,1,caught,1,decode
2507,payload,430271,1,caught,1,decode
2508,bit_flip,5090268,1,caught,1,decode
2509,random_bytes,2153193,13,caught,1,decode
2510,zeroed_run,2650820,3851,caught,1,decode
2511,truncation,2955378,2488167,caught,1,decode
2512,header,946,1,caught,1,decode
2513,payload,5226002,1,caught,1,decode
2514,bit_flip,191480,1,caught,1,decode
2515,random_bytes,2673048,15,caught,1,decode
2516,zeroed_run,3067449,2307,caught,1,decode
2517,truncation,5029444,414101,caught,1,decode
2518,header,15,1,caught,1,decode
2519,payload,3083698,1,caught,1,decode
2520,bit_flip,384946,1,caught,1,decode
2521,random_bytes,648042,10,caught,1,decode
2522,zeroed_run,2376013,3608,caught,1,decode
2523,truncation,1071208,4372337,caught,1,decode
2524,header,19,1,caught,1,decode
2525,payload,1600852,1,caught,1,decode
2526,bit_flip,1871890,1,caught,1,decode
2527,random_bytes,873026,7,caught,1,decode
2528,zeroed_run,855918,1917,caught,1,decode
2529,truncation,2045943,3397602,caught,1,decode
2530,header,72,1,caught,1,decode
2531,payload,4805840,1,caught,1,decode
2532,bit_flip,703563,1,caught,1,decode
2533,random_bytes,1679331,6,caught,1,decode
2534,zeroed_run,3719463,1990,caught,1,decode
2535,truncation,2778101,2665444,caught,1,decode
2536,header,565,1,caught,1,decode
2537,payload,2757169,1,caught,1,decode
2538,bit_flip,127782,1,caught,1,decode
2539,random_bytes,1771296,8,caught,1,decode
2540,zeroed_run,5377776,2984,caught,1,decode
2541,truncation,3689407,1754138,caught,1,decode
2542,header,950,1,caught,1,decode
2543,payload,1361444,1,caught,1,decode
2544,bit_flip,5427816,1,caught,1,decode
2545,random_bytes,4379529,9,caught,1,decode
2546,zeroed_run,4888993,2861,caught,1,decode
2547,truncation,550822,4892723,caught,1,decode
2548,header,78,1,caught,1,decode
2549,payload,3669124,1,caught,1,decode
2550,bit_flip,2008978,1,caught,1,decode
2551,random_bytes,993262,12,caught,1,decode
2552,zeroed_run,1020614,1060,caught,1,decode
2553,truncation,3558793,1884752,caught,1,decode
2554,header,146,1,caught,1,decode
2555,payload,1765472,1,caught,1,decode
2556,bit_flip,2760217,1,caught,1,decode
2557,random_bytes,4265458,11,caught,1,decode
2558,zeroed_run,2928183,1500,caught,1,decode
2559,truncation,1161844,4281701,caught,1,decode
2560,header,613,1,caught,1,decode
2561,payload,902010,1,caught,1,decode
2562,bit_flip,3025976,1,caught,1,decode
2563,random_bytes,2741948,15,caught,1,decode
2564,zeroed_run,4993161,3766,caught,1,decode
2565,truncation,2953180,2490365,caught,1,decode
2566,header,439,1,caught,1,decode
2567,payload,1227381,1,caught,1,decode
2568,bit_flip,2392065,1,caught,1,decode
2569,random_bytes,3257807,2,caught,1,decode
2570,zeroed_run,4016926,2385,caught,1,decode
2571,truncation,4862399,581146,caught,1,decode
2572,header,432,1,caught,1,decode
2573,payload,1842009,1,caught,1,decode
2574,bit_flip,2206752,1,caught,1,decode
2575,random_bytes,1629275,13,caught,1,decode
2576,zeroed_run,4970985,2022,caught,1,decode
2577,truncation,2554997,2888548,caught,1,decode
2578,header,288,1,caught,1,decode
2579,payload,2025508,1,caught,1,decode
2580,bit_flip,5305296,1,caught,1,decode
2581,random_bytes,2857321,15,caught,1,decode
2582,zeroed_run,99794,1196,caught,1,decode
2583,truncation,4131771,1311774,caught,1,decode
2584,header,109,1,caught,1,decode
2585,payload,774014,1,caught,1,decode
2586,bit_flip,5400568,1,caught,1,decode
2587,random_bytes,3383720,14,caught,1,decode
2588,zeroed_run,5040909,2890,caught,1,decode
2589,truncation,4092191,1351354,caught,1,decode
2590,header,452,1,caught,1,decode
2591,payload,2045531,1,caught,1,decode
2592,bit_flip,1383808,1,caught,1,decode
2593,random_bytes,2556839,2,caught,1,decode
2594,zeroed_run,3530851,3624,caught,1,decode
2595,truncation,177706,5265839,caught,1,decode
2596,header,113,1,caught,1,decode
2597,payload,3321010,1,caught,1,decode
2598,bit_flip,1835228,1,caught,1,decode
2599,random_bytes,1792440,15,caught,1,decode
2600,zeroed_run,1325105,599,caught,1,decode
2601,truncation,2579012,2864533,caught,1,decode
2602,header,943,1,caught,1,decode
2603,payload,1067290,1,caught,1,decode
2604,bit_flip,2053263,1,caught,1,decode
2605,random_bytes,790254,13,caught,1,decode
2606,zeroed_run,1235575,2741,caught,1,decode
2607,truncation,2230735,3212810,caught,1,decode
2608,header,205,1,caught,1,decode
2609,payload,5012444,1,caught,1,decode
2610,bit_flip,5226863,1,caught,1,decode
2611,random_bytes,1329725,10,caught,1,decode
2612,zeroed_run,2847295,668,caught,1,decode
2613,truncation,1673119,3770426,caught,1,decode
2614,header,938,1,caught,1,decode
2615,payload,2542320,1,caught,1,decode
2616,bit_flip,2531772,1,caught,1,decode
2617,random_bytes,4646380,13,caught,1,decode
2618,zeroed_run,82618,729,caught,1,decode
2619,truncation,413056,5030489,caught,1,decode
2620,header,974,1,caught,1,decode
2621,payload,2423225,1,caught,1,decode
2622,bit_flip,4575984,1,caught,1,decode
2623,random_bytes,4214600,2,caught,1,decode
2624,zeroed_run,5439895,2151,caught,1,decode
2625,truncation,202823,5240722,caught,1,decode
2626,header,236,1,caught,1,decode
2627,payload,2478151,1,caught,1,decode
2628,bit_flip,1874790,1,caught,1,decode
2629,random_bytes,2911559,10,caught,1,decode
2630,zeroed_run,5191987,2776,caught,1,decode
2631,truncation,4035999,1407546,caught,1,decode
2632,header,145,1,caught,1,decode
2633,payload,3730397,1,caught,1,decode
2634,bit_flip,895398,1,caught,1,decode
2635,random_bytes,3323010,11,caught,1,decode
2636,zeroed_run,3305715,1754,caught,1,decode
2637,truncation,1665719,3777826,caught,1,decode
2638,header,352,1,caught,1,decode
2639,payload,1923394,1,caught,1,decode
2640,bit_flip,50724,1,caught,1,decode
2641,random_bytes,2707798,9,caught,1,decode
2642,zeroed_run,2190759,874,caught,1,decode
2643,truncation,4007975,1435570,caught,1,decode
2644,header,234,1,caught,1,decode
2645,payload,1773150,1,caught,1,decode
2646,bit_flip,2731774,1,caught,1,decode
2647,random_bytes,4119174,12,caught,1,decode
2648,zeroed_run,2095972,101,caught,1,decode
2649,truncation,4805890,637655,caught,1,decode
2650,header,59,1,caught,1,decode
2651,payload,3244052,1,caught,1,decode
2652,bit_flip,1538340,1,caught,1,decode
2653,random_bytes,4850452,11,caught,1,decode
2654,zeroed_run,2788067,3998,caught,1,decode
2655,truncation,3531288,1912257,caught,1,decode
2656,header,895,1,caught,1,decode
2657,payload,624965,1,caught,1,decode
2658,bit_flip,1346986,1,caught,1,decode
2659,random_bytes,5350634,6,caught,1,decode
2660,zeroed_run,5431610,3248,caught,1,decode
2661,truncation,4729418,714127,caught,1,decode
2662,header,29,1,caught,1,decode
2663,payload,1078650,1,caught,1,decode
2664,bit_flip,3594198,1,caught,1,decode
2665,random_bytes,2756239,1,caught,1,decode
2666,zeroed_run,1068742,175,caught,1,decode
2667,truncation,3635010,1808535,caught,1,decode
2668,header,909,1,caught,1,decode
2669,payload,1923022,1,caught,1,decode
2670,bit_flip,5020512,1,caught,1,decode
2671,random_bytes,2422291,8,caught,1,decode
2672,zeroed_run,348907,1950,caught,1,decode
2673,truncation,3123085,2320460,caught,1,decode
2674,header,221,1,caught,1,decode
2675,payload,4096208,1,caught,1,decode
2676,bit_flip,5234441,1,caught,1,decode
2677,random_bytes,1928692,3,caught,1,decode
2678,zeroed_run,2471763,3744,caught,1,decode
2679,truncation,3069668,2373877,caught,1,decode
2680,header,767,1,caught,1,decode
2681,payload,3572236,1,caught,1,decode
2682,bit_flip,1859306,1,caught,1,decode
2683,random_bytes,4104999,3,caught,1,decode
2684,zeroed_run,4843790,2317,caught,1,decode
2685,truncation,1635223,3808322,caught,1,decode
2686,header,284,1,caught,1,decode
2687,payload,4610517,1,caught,1,decode
2688,bit_flip,3943056,1,caught,1,decode
2689,random_bytes,279408,16,caught,1,decode
2690,zeroed_run,1763043,3705,caught,1,decode
2691,truncation,537614,4905931,caught,1,decode
2692,header,21,1,caught,1,decode
2693,payload,1587468,1,caught,1,decode
2694,bit_flip,1393285,1,caught,1,decode
2695,random_bytes,5171676,15,caught,1,decode
2696,zeroed_run,1216533,977,caught,1,decode
2697,truncation,1530299,3913246,caught,1,decode
2698,header,480,1,caught,1,decode
2699,payload,4576626,1,caught,1,decode
2700,bit_flip,3445458,1,caught,1,decode
2701,random_bytes,1737867,12,caught,1,decode
2702,zeroed_run,92477,3950,caught,1,decode
2703,truncation,4813688,629857,caught,1,decode
2704,header,577,1,caught,1,decode
2705,payload,4837372,1,caught,1,decode
2706,bit_flip,506028,1,caught,1,decode
2707,random_bytes,1511409,14,caught,1,decode
2708,zeroed_run,2875772,1440,caught,1,decode
2709,truncation,4834302,609243,caught,1,decode
2710,header,293,1,caught,1,decode
2711,payload,3694658,1,caught,1,decode
2712,bit_flip,3150429,1,caught,1,decode
2713,random_bytes,3670803,11,caught,1,decode
2714,zeroed_run,4757190,1674,caught,1,decode
2715,truncation,4925243,518302,caught,1,decode
2716,header,792,1,caught,1,decode
2717,payload,1162580,1,caught,1,decode
2718,bit_flip,1696351,1,caught,1,decode
2719,random_bytes,879650,15,caught,1,decode
2720,zeroed_run,1857217,701,caught,1,decode
2721,truncation,3703301,1740244,caught,1,decode
2722,header,385,1,caught,1,decode
2723,payload,4605890,1,caught,1,decode
2724,bit_flip,4612678,1,caught,1,decode
2725,random_bytes,899362,15,caught,1,decode
2726,zeroed_run,3652610,3147,caught,1,decode
2727,truncation,3099626,2343919,caught,1,decode
2728,header,359,1,caught,1,decode
2729,payload,4239309,1,caught,1,decode
2730,bit_flip,909846,1,caught,1,decode
2731,random_bytes,3483791,11,caught,1,decode
2732,zeroed_run,4226949,3949,caught,1,decode
2733,truncation,3921804,1521741,caught,1,decode
2734,header,372,1,caught,1,decode
2735,payload,936604,1,caught,1,decode
2736,bit_flip,1329094,1,caught,1,decode
2737,random_bytes,2417573,11,caught,1,decode
2738,zeroed_run,2359852,2888,caught,1,decode
2739,truncation,4256370,1187175,caught,1,decode
2740,header,1021,1,caught,1,decode
2741,payload,1436050,1,caught,1,decode
2742,bit_flip,1419395,1,caught,1,decode
2743,random_bytes,4258538,4,caught,1,decode
2744,zeroed_run,4857917,1851,caught,1,decode
2745,truncation,686551,4756994,caught,1,decode
2746,header,2,1,caught,1,decode
2747,payload,4756661,1,caught,1,decode
2748,bit_flip,4579165,1,caught,1,decode
2749,random_bytes,3366286,9,caught,1,decode
2750,zeroed_run,2112610,3101,caught,1,decode
2751,truncation,4748816,694729,caught,1,decode
2752,header,403,1,caught,1,decode
2753,payload,4423207,1,caught,1,decode
2754,bit_flip,1113487,1,caught,1,decode
2755,random_bytes,4671484,5,caught,1,decode
2756,zeroed_run,2010748,780,caught,1,decode
2757,truncation,3277100,2166445,caught,1,decode
2758,header,995,1,caught,1,decode
2759,payload,4756586,1,caught,1,decode
2760,bit_flip,1913009,1,caught,1,decode
2761,random_bytes,3570746,12,caught,1,decode
2762,zeroed_run,2252177,531,caught,1,decode
2763,truncation,4537397,906148,caught,1,decode
2764,header,595,1,caught,1,decode
2765,payload,929234,1,caught,1,decode
2766,bit_flip,3040302,1,caught,1,decode
2767,random_bytes,4332824,6,caught,1,decode
2768,zeroed_run,1150475,1598,caught,1,decode
2769,truncation,635534,4808011,caught,1,decode
2770,header,615,1,caught,1,decode
2771,payload,3478335,1,caught,1,decode
2772,bit_flip,1363301,1,caught,1,decode
2773,random_bytes,1342301,4,caught,1,decode
2774,zeroed_run,1877123,3237,caught,1,decode
2775,truncation,1246875,4196670,caught,1,decode
2776,header,557,1,caught,1,decode
2777,payload,2939374,1,caught,1,decode
2778,bit_flip,673064,1,caught,1,decode
2779,random_bytes,4841237,16,caught,1,decode
2780,zeroed_run,2063681,797,caught,1,decode
2781,truncation,3770755,1672790,caught,1,decode
2782,header,262,1,caught,1,decode
2783,payload,3276658,1,caught,1,decode
2784,bit_flip,4232620,1,caught,1,decode
2785,random_bytes,3859295,13,caught,1,decode
2786,zeroed_run,2150170,4089,caught,1,decode
2787,truncation,2044883,3398662,caught,1,decode
2788,header,331,1,caught,1,decode
2789,payload,3056219,1,caught,1,decode
2790,bit_flip,1124962,1,caught,1,decode
2791,random_bytes,1072537,3,caught,1,decode
2792,zeroed_run,1210477,523,caught,1,decode
2793,truncation,21123,5422422,caught,1,decode
2794,header,194,1,caught,1,decode
2795,payload,948907,1,caught,1,decode
2796,bit_flip,4578825,1,caught,1,decode
2797,random_bytes,5423660,1,caught,1,decode
2798,zeroed_run,1059287,985,caught,1,decode
2799,truncation,5126198,317347,caught,1,decode
2800,header,618,1,caught,1,decode
2801,payload,2601099,1,caught,1,decode
2802,bit_flip,1539754,1,caught,1,decode
2803,random_bytes,4422100,2,caught,1,decode
2804,zeroed_run,3407764,1505,caught,1,decode
2805,truncation,2202151,3241394,caught,1,decode
2806,header,573,1,caught,1,decode
2807,payload,3916744,1,caught,1,decode
2808,bit_flip,4190733,1,caught,1,decode
2809,random_bytes,1576176,13,caught,1,decode
2810,zeroed_run,2263097,1810,caught,1,decode
2811,truncation,282257,5161288,caught,1,decode
2812,header,829,1,caught,1,decode
2813,payload,833082,1,caught,1,decode
2814,bit_flip,2698926,1,caught,1,decode
2815,random_bytes,4300335,11,caught,1,decode
2816,zeroed_run,2499588,1373,caught,1,decode
2817,truncation,2466457,2977088,caught,1,decode
2818,header,828,1,caught,1,decode
2819,payload,264956,1,caught,1,decode
2820,bit_flip,262810,1,caught,1,decode
2821,random_bytes,4637702,7,caught,1,decode
2822,zeroed_run,4671928,2608,caught,1,decode
2823,truncation,1873341,3570204,caught,1,decode
2824,header,927,1,caught,1,decode
2825,payload,4183939,1,caught,1,decode
2826,bit_flip,4475310,1,caught,1,decode
2827,random_bytes,4346820,3,caught,1,decode
2828,zeroed_run,1444745,184,caught,1,decode
2829,truncation,3858116,1585429,caught,1,decode
2830,header,835,1,caught,1,decode
2831,payload,1826618,1,caught,1,decode
2832,bit_flip,637991,1,caught,1,decode
2833,random_bytes,3507040,9,caught,1,decode
2834,zeroed_run,4028353,2574,caught,1,decode
2835,truncation,3030482,2413063,caught,1,decode
2836,header,341,1,caught,1,decode
2837,payload,4125221,1,caught,1,decode
2838,bit_flip,660413,1,caught,1,decode
2839,random_bytes,2061474,16,caught,1,decode
2840,zeroed_run,2132003,2637,caught,1,decode
2841,truncation,2208485,3235060,caught,1,decode
2842,header,833,1,caught,1,decode
2843,payload,739196,1,caught,1,decode
2844,bit_flip,2298292,1,caught,1,decode
2845,random_bytes,3268360,8,caught,1,decode
2846,zeroed_run,1952575,994,caught,1,decode
2847,truncation,919272,4524273,caught,1,decode
2848,header,641,1,caught,1,decode
2849,payload,3658873,1,caught,1,decode
2850,bit_flip,2090014,1,caught,1,decode
2851,random_bytes,5342186,14,caught,1,decode
2852,zeroed_run,2975548,2139,caught,1,decode
2853,truncation,959636,4483909,caught,1,decode
2854,header,569,1,caught,1,decode
2855,payload,5376887,1,caught,1,decode
2856,bit_flip,3227163,1,caught,1,decode
2857,random_bytes,3015266,11,caught,1,decode
2858,zeroed_run,1859707,578,caught,1,decode
2859,truncation,351336,5092209,caught,1,decode
2860,header,473,1,caught,1,decode
2861,payload,940569,1,caught,1,decode
2862,bit_flip,4899730,1,caught,1,decode
2863,random_bytes,4933082,10,caught,1,decode
2864,zeroed_run,4058745,857,caught,1,decode
2865,truncation,1814818,3628727,caught,1,decode
2866,header,466,1,caught,1,decode
2867,payload,1189606,1,caught,1,decode
2868,bit_flip,671063,1,caught,1,decode
2869,random_bytes,5364296,9,caught,1,decode
2870,zeroed_run,1996919,1329,caught,1,decode
2871,truncation,4126381,1317164,caught,1,decode
2872,header,853,1,caught,1,decode
2873,payload,425244,1,caught,1,decode
2874,bit_flip,5349076,1,caught,1,decode
2875,random_bytes,3084037,14,caught,1,decode
2876,zeroed_run,4109034,3187,caught,1,decode
2877,truncation,2171880,3271665,caught,1,decode
2878,header,716,1,caught,1,decode
2879,payload,713695,1,caught,1,decode
2880,bit_flip,5093840,1,caught,1,decode
2881,random_bytes,426922,14,caught,1,decode
2882,zeroed_run,1536895,909,caught,1,decode
2883,truncation,2278742,3164803,caught,1,decode
2884,header,157,1,caught,1,decode
2885,payload,4855323,1,caught,1,decode
2886,bit_flip,178023,1,caught,1,decode
2887,random_bytes,930378,10,caught,1,decode
2888,zeroed_run,5053341,1814,caught,1,decode
2889,truncation,1938196,3505349,caught,1,decode
2890,header,719,1,caught,1,decode
2891,payload,5167278,1,caught,1,decode
2892,bit_flip,4482096,1,caught,1,decode
2893,random_bytes,358336,3,caught,1,decode
2894,zeroed_run,1602015,3263,caught,1,decode
2895,truncation,510274,4933271,caught,1,decode
2896,header,85,1,caught,1,decode
2897,payload,240526,1,caught,1,decode
2898,bit_flip,3382379,1,caught,1,decode
2899,random_bytes,4963057,3,caught,1,decode
2900,zeroed_run,4707655,1698,caught,1,decode
2901,truncation,6555,5436990,caught,1,decode
2902,header,902,1,caught,1,decode
2903,payload,4955730,1,caught,1,decode
2904,bit_flip,3385856,1,caught,1,decode
2905,random_bytes,4984503,15,caught,1,decode
2906,zeroed_run,5045470,909,caught,1,decode
2907,truncation,4496286,947259,caught,1,decode
2908,header,253,1,caught,1,decode
2909,payload,3148791,1,caught,1,decode
2910,bit_flip,1672673,1,caught,1,decode
2911,random_bytes,4595077,4,caught,1,decode
2912,zeroed_run,626949,1454,caught,1,decode
2913,truncation,1767754,3675791,caught,1,decode
2914,header,289,1,caught,1,decode
2915,payload,3702452,1,caught,1,decode
2916,bit_flip,663609,1,caught,1,decode
2917,random_bytes,2547072,3,caught,1,decode
2918,zeroed_run,5013043,866,caught,1,decode
2919,truncation,4176560,1266985,caught,1,decode
2920,header,344,1,caught,1,decode
2921,payload,1407401,1,caught,1,decode
2922,bit_flip,3308941,1,caught,1,decode
2923,random_bytes,2393351,13,caught,1,decode
2924,zeroed_run,853622,3137,caught,1,decode
2925,truncation,3500146,1943399,caught,1,decode
2926,header,138,1,caught,1,decode
2927,payload,3535164,1,caught,1,decode
2928,bit_flip,737386,1,caught,1,decode
2929,random_bytes,1755250,15,caught,1,decode
2930,zeroed_run,1751992,623,caught,1,decode
2931,truncation,2459594,2983951,caught,1,decode
2932,header,321,1,caught,1,decode
2933,payload,4041597,1,caught,1,decode
2934,bit_flip,4060644,1,caught,1,decode
2935,random_bytes,1166913,13,caught,1,decode
2936,zeroed_run,4912514,3829,caught,1,decode
2937,truncation,2558360,2885185,caught,1,decode
2938,header,746,1,caught,1,decode
2939,payload,13643,1,caught,1,decode
2940,bit_flip,1157235,1,caught,1,decode
2941,random_bytes,2764139,6,caught,1,decode
2942,zeroed_run,4727873,50,caught,1,decode
2943,truncation,1755653,3687892,caught,1,decode
2944,header,652,1,caught,1,decode
2945,payload,3080759,1,caught,1,decode
2946,bit_flip,3738107,1,caught,1,decode
2947,random_bytes,4900079,16,caught,1,decode
2948,zeroed_run,4557883,3978,caught,1,decode
2949,truncation,2866985,2576560,caught,1,decode
2950,header,94,1,caught,1,decode
2951,payload,182781,1,caught,1,decode
2952,bit_flip,1548489,1,caught,1,decode
2953,random_bytes,5014966,16,caught,1,decode
2954,zeroed_run,823653,2526,caught,1,decode
2955,truncation,4008262,1435283,caught,1,decode
2956,header,155,1,caught,1,decode
2957,payload,474444,1,caught,1,decode
2958,bit_flip,3309708,1,caught,1,decode
2959,random_bytes,4449006,11,caught,1,decode
2960,zeroed_run,557652,2412,caught,1,decode
2961,truncation,2421574,3021971,caught,1,decode
2962,header,233,1,caught,1,decode
2963,payload,4875846,1,caught,1,decode
2964,bit_flip,1356942,1,caught,1,decode
2965,random_bytes,692650,7,caught,1,decode
2966,zeroed_run,2098195,685,caught,1,decode
2967,truncation,4813615,629930,caught,1,decode
2968,header,814,1,caught,1,decode
2969,payload,1028530,1,caught,1,decode
2970,bit_flip,5428535,1,caught,1,decode
2971,random_bytes,993258,9,caught,1,decode
2972,zeroed_run,889631,2075,caught,1,decode
2973,truncation,2383816,3059729,caught,1,decode
2974,header,906,1,caught,1,decode
2975,payload,2293865,1,caught,1,decode
2976,bit_flip,2143355,1,caught,1,decode
2977,random_bytes,4322514,6,caught,1,decode
2978,zeroed_run,2798518,2891,caught,1,decode
2979,truncation,4557362,886183,caught,1,decode
2980,header,278,1,caught,1,decode
2981,payload,4300871,1,caught,1,decode
2982,bit_flip,2511731,1,caught,1,decode
2983,random_bytes,3589954,8,caught,1,decode
2984,zeroed_run,4837367,1016,caught,1,decode
2985,truncation,5253391,190154,caught,1,decode
2986,header,358,1,caught,1,decode
2987,payload,4240640,1,caught,1,decode
2988,bit_flip,3355093,1,caught,1,decode
2989,random_bytes,1631236,12,caught,1,decode
2990,zeroed_run,1147839,2885,caught,1,decode
2991,truncation,1416336,4027209,caught,1,decode
2992,header,172,1,caught,1,decode
2993,payload,5402325,1,caught,1,decode
2994,bit_flip,3722732,1,caught,1,decode
2995,random_bytes,4175852,3,caught,1,decode
2996,zeroed_run,869000,180,caught,1,decode
2997,truncation,1162096,4281449,caught,1,decode
2998,header,64,1,caught,1,decode
2999,payload,2273578,1,caught,1,decode
3000,bit_flip,5349699,1,caught,1,decode
3001,random_bytes,2338810,12,caught,1,decode
3002,zeroed_run,3025461,1180,caught,1,decode
3003,truncation,4059424,1384121,caught,1,decode
3004,header,556,1,caught,1,decode
3005,payload,2736117,1,caught,1,decode
3006,bit_flip,2425639,1,caught,1,decode
3007,random_bytes,2096817,15,caught,1,decode
3008,zeroed_run,531350,690,caught,1,decode
3009,truncation,2378625,3064920,caught,1,decode
3010,header,211,1,caught,1,decode
3011,payload,5254178,1,caught,1,decode
3012,bit_flip,3210243,1,caught,1,decode
3013,random_bytes,2123684,13,caught,1,decode
3014,zeroed_run,2735898,2526,caught,1,decode
3015,truncation,1315519,4128026,caught,1,decode
3016,header,6,1,caught,1,decode
3017,payload,4984795,1,caught,1,decode
3018,bit_flip,3759343,1,caught,1,decode
3019,random_bytes,5388956,5,caught,1,decode
3020,zeroed_run,1054812,1293,caught,1,decode
3021,truncation,2630766,2812779,caught,1,decode
3022,header,674,1,caught,1,decode
3023,payload,3618063,1,caught,1,decode
3024,bit_flip,270709,1,caught,1,decode
3025,random_bytes,1788801,6,caught,1,decode
3026,zeroed_run,4985400,3943,caught,1,decode
3027,truncation,3925229,1518316,caught,1,decode
3028,header,305,1,caught,1,decode
3029,payload,1388909,1,caught,1,decode
3030,bit_flip,3685507,1,caught,1,decode
3031,random_bytes,198384,7,caught,1,decode
3032,zeroed_run,4806194,1493,caught,1,decode
3033,truncation,2336023,3107522,caught,1,decode
3034,header,595,1,caught,1,decode
3035,payload,157030,1,caught,1,decode
3036,bit_flip,1861692,1,caught,1,decode
3037,random_bytes,4175136,14,caught,1,decode
3038,zeroed_run,1289225,2495,caught,1,decode
3039,truncation,3071146,2372399,caught,1,decode
3040,header,731,1,caught,1,decode
3041,payload,2615914,1,caught,1,decode
3042,bit_flip,2703613,1,caught,1,decode
3043,random_bytes,920854,6,caught,1,decode
3044,zeroed_run,2841850,3994,caught,1,decode
3045,truncation,1559246,3884299,caught,1,decode
3046,header,159,1,caught,1,decode
3047,payload,186736,1,caught,1,decode
3048,bit_flip,4825517,1,caught,1,decode
3049,random_bytes,1623237,4,caught,1,decode
3050,zeroed_run,651142,511,caught,1,decode
3051,truncation,733372,4710173,caught,1,decode
3052,header,946,1,caught,1,decode
3053,payload,5215830,1,caught,1,decode
3054,bit_flip,3516663,1,caught,1,decode
3055,random_bytes,230096,13,caught,1,decode
3056,zeroed_run,5297419,2366,caught,1,decode
3057,truncation,1635716,3807829,caught,1,decode
3058,header,429,1,caught,1,decode
3059,payload,574419,1,caught,1,decode
3060,bit_flip,3242941,1,caught,1,decode
3061,random_bytes,3900695,14,caught,1,decode
3062,zeroed_run,3176743,2166,caught,1,decode
3063,truncation,1353458,4090087,caught,1,decode
3064,header,678,1,caught,1,decode
3065,payload,3424592,1,caught,1,decode
3066,bit_flip,3279547,1,caught,1,decode
3067,random_bytes,51057,14,caught,1,decode
3068,zeroed_run,4089988,243,caught,1,decode
3069,truncation,3986869,1456676,caught,1,decode
3070,header,821,1,caught,1,decode
3071,payload,3818428,1,caught,1,decode
3072,bit_flip,4427435,1,caught,1,decode
3073,random_bytes,2827192,13,caught,1,decode
3074,zeroed_run,4340926,3036,caught,1,decode
3075,truncation,1959227,3484318,caught,1,decode
3076,header,958,1,caught,1,decode
3077,payload,3462795,1,caught,1,decode
3078,bit_flip,3057836,1,caught,1,decode
3079,random_bytes,1851225,9,caught,1,decode
3080,zeroed_run,5280087,1376,caught,1,decode
3081,truncation,4252270,1191275,caught,1,decode
3082,header,935,1,caught,1,decode
3083,payload,1646860,1,caught,1,decode
3084,bit_flip,2571997,1,caught,1,decode
3085,random_bytes,555284,1,caught,1,decode
3086,zeroed_run,1220405,1733,caught,1,decode
3087,truncation,2388260,3055285,caught,1,decode
3088,header,31,1,caught,1,decode
3089,payload,5404388,1,caught,1,decode
3090,bit_flip,2810066,1,caught,1,decode
3091,random_bytes,4873543,6,caught,1,decode
3092,zeroed_run,2869251,3892,caught,1,decode
3093,truncation,1516536,3927009,caught,1,decode
3094,header,919,1,caught,1,decode
3095,payload,848909,1,caught,1,decode
3096,bit_flip,1607223,1,caught,1,decode
3097,random_bytes,1120112,8,caught,1,decode
3098,zeroed_run,2505254,4007,caught,1,decode
3099,truncation,1517320,3926225,caught,1,decode
3100,header,648,1,caught,1,decode
3101,payload,5057493,1,caught,1,decode
3102,bit_flip,1770836,1,caught,1,decode
3103,random_bytes,248983,11,caught,1,decode
3104,zeroed_run,1287862,3267,caught,1,decode
3105,truncation,1637169,3806376,caught,1,decode
3106,header,858,1,caught,1,decode
3107,payload,1564264,1,caught,1,decode
3108,bit_flip,5234023,1,caught,1,decode
3109,random_bytes,5123661,10,caught,1,decode
3110,zeroed_run,4228320,1512,caught,1,decode
3111,truncation,117927,5325618,caught,1,decode
3112,header,695,1,caught,1,decode
3113,payload,3438459,1,caught,1,decode
3114,bit_flip,1605967,1,caught,1,decode
3115,random_bytes,2778062,10,caught,1,decode
3116,zeroed_run,563241,1428,caught,1,decode
3117,truncation,713220,4730325,caught,1,decode
3118,header,896,1,caught,1,decode
3119,payload,1933171,1,caught,1,decode
3120,bit_flip,3791103,1,caught,1,decode
3121,random_bytes,3029140,9,caught,1,decode
3122,zeroed_run,4522425,1022,caught,1,decode
3123,truncation,270841,5172704,caught,1,decode
3124,header,379,1,caught,1,decode
3125,payload,3418552,1,caught,1,decode
3126,bit_flip,4738956,1,caught,1,decode
3127,random_bytes,3433501,7,caught,1,decode
3128,zeroed_run,1711175,3483,caught,1,decode
3129,truncation,1798663,3644882,caught,1,decode
3130,header,100,1,caught,1,decode
3131,payload,788595,1,caught,1,decode
3132,bit_flip,2602693,1,caught,1,decode
3133,random_bytes,534534,6,caught,1,decode
3134,zeroed_run,1502482,3264,caught,1,decode
3135,truncation,4757673,685872,caught,1,decode
3136,header,324,1,caught,1,decode
3137,payload,3484663,1,caught,1,decode
3138,bit_flip,733691,1,caught,1,decode
3139,random_bytes,1321600,15,caught,1,decode
3140,zeroed_run,4979492,732,caught,1,decode
3141,truncation,385940,5057605,caught,1,decode
3142,header,735,1,caught,1,decode
3143,payload,1770991,1,caught,1,decode
3144,bit_flip,2001609,1,caught,1,decode
3145,random_bytes,2436900,12,caught,1,decode
3146,zeroed_run,3542476,3761,caught,1,decode
3147,truncation,3898655,1544890,caught,1,decode
3148,header,652,1,caught,1,decode
3149,payload,3966505,1,caught,1,decode
3150,bit_flip,540243,1,harmless,0,decode
3151,random_bytes,759419,14,caught,1,decode
3152,zeroed_run,3631445,2879,caught,1,decode
3153,truncation,1063195,4380350,caught,1,decode
3154,header,835,1,caught,1,decode
3155,payload,4263417,1,caught,1,decode
3156,bit_flip,2968345,1,caught,1,decode
3157,random_bytes,2818462,13,caught,1,decode
3158,zeroed_run,1228923,561,caught,1,decode
3159,truncation,603550,4839995,caught,1,decode
3160,header,297,1,caught,1,decode
3161,payload,3550589,1,caught,1,decode
3162,bit_flip,4189245,1,caught,1,decode
3163,random_bytes,4439039,6,caught,1,decode
3164,zeroed_run,961319,277,caught,1,decode
3165,truncation,1954257,3489288,caught,1,decode
3166,header,242,1,caught,1,decode
3167,payload,700037,1,caught,1,decode
3168,bit_flip,1831563,1,caught,1,decode
3169,random_bytes,1317952,11,caught,1,decode
3170,zeroed_run,5004078,1409,caught,1,decode
3171,truncation,332748,5110797,caught,1,decode
3172,header,882,1,caught,1,decode
3173,payload,4288231,1,caught,1,decode
3174,bit_flip,3537051,1,caught,1,decode
3175,random_bytes,571183,10,caught,1,decode
3176,zeroed_run,2502662,1580,caught,1,decode
3177,truncation,4173915,1269630,caught,1,decode
3178,header,783,1,caught,1,decode
3179,payload,5271737,1,caught,1,decode
3180,bit_flip,1208590,1,caught,1,decode
3181,random_bytes,3273524,15,caught,1,decode
3182,zeroed_run,5094475,19,caught,1,decode
3183,truncation,2974482,2469063,caught,1,decode
3184,header,527,1,caught,1,decode
3185,payload,3594660,1,caught,1,decode
3186,bit_flip,2898765,1,caught,1,decode
3187,random_bytes,2670427,5,caught,1,decode
3188,zeroed_run,2193534,3184,caught,1,decode
3189,truncation,1404937,4038608,caught,1,decode
3190,header,536,1,caught,1,decode
3191,payload,606127,1,caught,1,decode
3192,bit_flip,1450633,1,caught,1,decode
3193,random_bytes,1752721,6,caught,1,decode
3194,zeroed_run,5153339,1151,caught,1,decode
3195,truncation,5250595,192950,caught,1,decode
3196,header,780,1,caught,1,decode
3197,payload,448996,1,caught,1,decode
3198,bit_flip,4996723,1,caught,1,decode
3199,random_bytes,3576652,9,caught,1,decode
3200,zeroed_run,2370014,1770,caught,1,decode
3201,truncation,3483584,1959961,caught,1,decode
3202,header,817,1,caught,1,decode
3203,payload,5102577,1,caught,1,decode
3204,bit_flip,4381362,1,caught,1,decode
3205,random_bytes,310132,10,caught,1,decode
3206,zeroed_run,5306296,3251,caught,1,decode
3207,truncation,662437,4781108,caught,1,decode
3208,header,925,1,caught,1,decode
3209,payload,5172446,1,caught,1,decode
3210,bit_flip,3024280,1,caught,1,decode
3211,random_bytes,4116307,7,caught,1,decode
3212,zeroed_run,1255870,3320,caught,1,decode
3213,truncation,60523,5383022,caught,1,decode
3214,header,156,1,caught,1,decode
3215,payload,2390896,1,caught,1,decode
3216,bit_flip,2098720,1,caught,1,decode
3217,random_bytes,4541609,5,caught,1,decode
3218,zeroed_run,3542630,2127,caught,1,decode
3219,truncation,4390313,1053232,caught,1,decode
3220,header,434,1,caught,1,decode
3221,payload,2228,1,caught,1,decode
3222,bit_flip,1420571,1,caught,1,decode
3223,random_bytes,1231533,14,caught,1,decode
3224,zeroed_run,5100172,638,caught,1,decode
3225,truncation,4385778,1057767,caught,1,decode
3226,header,654,1,caught,1,decode
3227,payload,676363,1,caught,1,decode
3228,bit_flip,2994348,1,caught,1,decode
3229,random_bytes,2374093,6,caught,1,decode
3230,zeroed_run,5435707,850,caught,1,decode
3231,truncation,1808989,3634556,caught,1,decode
3232,header,316,1,caught,1,decode
3233,payload,4274253,1,caught,1,decode
3234,bit_flip,1675942,1,caught,1,decode
3235,random_bytes,5431795,6,caught,1,decode
3236,zeroed_run,2966818,634,caught,1,decode
3237,truncation,1033644,4409901,caught,1,decode
3238,header,524,1,caught,1,decode
3239,payload,1171542,1,caught,1,decode
3240,bit_flip,287921,1,caught,1,decode
3241,random_bytes,1694412,13,caught,1,decode
3242,zeroed_run,3387859,1522,caught,1,decode
3243,truncation,4986539,457006,caught,1,decode
3244,header,496,1,caught,1,decode
3245,payload,3593849,1,caught,1,decode
3246,bit_flip,994931,1,caught,1,decode
3247,random_bytes,2838375,15,caught,1,decode
3248,zeroed_run,2953897,1899,caught,1,decode
3249,truncation,51310,5392235,caught,1,decode
3250,header,822,1,caught,1,decode
3251,payload,2240632,1,caught,1,decode
3252,bit_flip,4321750,1,caught,1,decode
3253,random_bytes,825667,4,caught,1,decode
3254,zeroed_run,701619,2507,caught,1,decode
3255,truncation,5136056,307489,caught,1,decode
3256,header,436,1,caught,1,decode
3257,payload,4470244,1,caught,1,decode
3258,bit_flip,2615312,1,caught,1,decode
3259,random_bytes,148611,8,caught,1,decode
3260,zeroed_run,3866014,1361,caught,1,decode
3261,truncation,3206226,2237319,caught,1,decode
3262,header,934,1,caught,1,decode
3263,payload,3728101,1,caught,1,decode
3264,bit_flip,5400639,1,caught,1,decode
3265,random_bytes,4938525,13,caught,1,decode
3266,zeroed_run,4852664,3222,caught,1,decode
3267,truncation,3197544,2246001,caught,1,decode
3268,header,855,1,caught,1,decode
3269,payload,2929089,1,caught,1,decode
3270,bit_flip,2054584,1,caught,1,decode
3271,random_bytes,3460313,12,caught,1,decode
3272,zeroed_run,5262651,3835,caught,1,decode
3273,truncation,1401744,4041801,caught,1,decode
3274,header,285,1,caught,1,decode
3275,payload,4149360,1,caught,1,decode
3276,bit_flip,4147007,1,caught,1,decode
3277,random_bytes,1996727,4,caught,1,decode
3278,zeroed_run,897936,3179,caught,1,decode
3279,truncation,5389407,54138,caught,1,decode
3280,header,960,1,caught,1,decode
3281,payload,981501,1,caught,1,decode
3282,bit_flip,2813517,1,caught,1,decode
3283,random_bytes,1902613,13,caught,1,decode
3284,zeroed_run,3988928,3150,caught,1,decode
3285,truncation,4844239,599306,caught,1,decode
3286,header,933,1,caught,1,decode
3287,payload,2791030,1,caught,1,decode
3288,bit_flip,4242378,1,caught,1,decode
3289,random_bytes,4366105,4,caught,1,decode
3290,zeroed_run,4428101,1512,caught,1,decode
3291,truncation,4631842,811703,caught,1,decode
3292,header,543,1,caught,1,decode
3293,payload,4026314,1,caught,1,decode
3294,bit_flip,3374692,1,caught,1,decode
3295,random_bytes,2989339,1,caught,1,decode
3296,zeroed_run,1037151,4093,caught,1,decode
3297,truncation,4943529,500016,caught,1,decode
3298,header,14,1,caught,1,decode
3299,payload,3800067,1,caught,1,decode
3300,bit_flip,1550427,1,caught,1,decode
3301,random_bytes,1806771,2,caught,1,decode
3302,zeroed_run,3239802,1454,caught,1,decode
3303,truncation,5352932,90613,caught,1,decode
3304,header,946,1,caught,1,decode
3305,payload,2292121,1,caught,1,decode
3306,bit_flip,2156603,1,caught,1,decode
3307,random_bytes,1921697,5,caught,1,decode
3308,zeroed_run,4663183,971,caught,1,decode
3309,truncation,115045,5328500,caught,1,decode
3310,header,997,1,caught,1,decode
3311,payload,569005,1,caught,1,decode
3312,bit_flip,2497520,1,caught,1,decode
3313,random_bytes,4643710,3,caught,1,decode
3314,zeroed_run,3269443,1629,caught,1,decode
3315,truncation,2785248,2658297,caught,1,decode
3316,header,62,1,caught,1,decode
3317,payload,647828,1,caught,1,decode
3318,bit_flip,308011,1,caught,1,decode
3319,random_bytes,3853002,11,caught,1,decode
3320,zeroed_run,4497633,3201,caught,1,decode
3321,truncation,1987618,3455927,caught,1,decode
3322,header,412,1,caught,1,decode
3323,payload,1655101,1,caught,1,decode
3324,bit_flip,571963,1,caught,1,decode
3325,random_bytes,4374541,14,caught,1,decode
3326,zeroed_run,2298802,2079,caught,1,decode
3327,truncation,66289,5377256,caught,1,decode
3328,header,242,1,caught,1,decode
3329,payload,1589091,1,caught,1,decode
3330,bit_flip,3624155,1,caught,1,decode
3331,random_bytes,5435816,16,caught,1,decode
3332,zeroed_run,5018901,3890,caught,1,decode
3333,truncation,3148794,2294751,caught,1,decode
3334,header,488,1,caught,1,decode
3335,payload,2050432,1,caught,1,decode
3336,bit_flip,5077275,1,caught,1,decode
3337,random_bytes,4833396,4,caught,1,decode
3338,zeroed_run,4884229,2708,caught,1,decode
3339,truncation,3361235,2082310,caught,1,decode
3340,header,12,1,caught,1,decode
3341,payload,549372,1,caught,1,decode
3342,bit_flip,5005484,1,caught,1,decode
3343,random_bytes,655543,10,caught,1,decode
3344,zeroed_run,2682567,2789,caught,1,decode
3345,truncation,5423669,19876,caught,1,decode
3346,header,644,1,caught,1,decode
3347,payload,2022941,1,caught,1,decode
3348,bit_flip,771138,1,caught,1,decode
3349,random_bytes,1758339,6,caught,1,decode
3350,zeroed_run,3642708,63,caught,1,decode
3351,truncation,2385762,3057783,caught,1,decode
3352,header,68,1,caught,1,decode
3353,payload,4880253,1,caught,1,decode
3354,bit_flip,2937779,1,caught,1,decode
3355,random_bytes,4304677,7,caught,1,decode
3356,zeroed_run,5308893,522,caught,1,decode
3357,truncation,186293,5257252,caught,1,decode
3358,header,543,1,caught,1,decode
3359,payload,1020869,1,caught,1,decode
3360,bit_flip,609739,1,caught,1,decode
3361,random_bytes,470483,11,caught,1,decode
3362,zeroed_run,1392405,1791,caught,1,decode
3363,truncation,3047280,2396265,caught,1,decode
3364,header,820,1,caught,1,decode
3365,payload,3056557,1,caught,1,decode
3366,bit_flip,2745283,1,caught,1,decode
3367,random_bytes,1490041,11,caught,1,decode
3368,zeroed_run,1875889,2905,caught,1,decode
3369,truncation,2090850,3352695,caught,1,decode
3370,header,100,1,caught,1,decode
3371,payload,2662950,1,caught,1,decode
3372,bit_flip,3587416,1,caught,1,decode
3373,random_bytes,3743553,10,caught,1,decode
3374,zeroed_run,1417837,2790,caught,1,decode
3375,truncation,1151001,4292544,caught,1,decode
3376,header,152,1,caught,1,decode
3377,payload,3288859,1,caught,1,decode
3378,bit_flip,3085098,1,caught,1,decode
3379,random_bytes,5361707,1,caught,1,decode
3380,zeroed_run,5200128,3557,caught,1,decode
3381,truncation,858423,4585122,caught,1,decode
3382,header,214,1,caught,1,decode
3383,payload,4710371,1,caught,1,decode
3384,bit_flip,5195314,1,caught,1,decode
3385,random_bytes,157861,11,caught,1,decode
3386,zeroed_run,2198666,95,caught,1,decode
3387,truncation,2230702,3212843,caught,1,decode
3388,header,198,1,caught,1,decode
3389,payload,1918124,1,caught,1,decode
3390,bit_flip,3852716,1,caught,1,decode
3391,random_bytes,1288139,8,caught,1,decode
3392,zeroed_run,2764918,2078,caught,1,decode
3393,truncation,4331398,1112147,caught,1,decode
3394,header,903,1,caught,1,decode
3395,payload,3986710,1,caught,1,decode
3396,bit_flip,1252085,1,caught,1,decode
3397,random_bytes,3033846,3,caught,1,decode
3398,zeroed_run,3756910,2197,caught,1,decode
3399,truncation,5376448,67097,caught,1,decode
3400,header,412,1,caught,1,decode
3401,payload,3287266,1,caught,1,decode
3402,bit_flip,3078838,1,caught,1,decode
3403,random_bytes,311357,2,caught,1,decode
3404,zeroed_run,407400,2065,caught,1,decode
3405,truncation,1885312,3558233,caught,1,decode
3406,header,423,1,caught,1,decode
3407,payload,2683285,1,caught,1,decode
3408,bit_flip,280810,1,caught,1,decode
3409,random_bytes,5016254,5,caught,1,decode
3410,zeroed_run,938634,2957,caught,1,decode
3411,truncation,4871327,572218,caught,1,decode
3412,header,925,1,caught,1,decode
3413,payload,2438686,1,caught,1,decode
3414,bit_flip,540136,1,caught,1,decode
3415,random_bytes,3579987,2,caught,1,decode
3416,zeroed_run,3982648,3007,caught,1,decode
3417,truncation,4871167,572378,caught,1,decode
3418,header,158,1,caught,1,decode
3419,payload,3053994,1,caught,1,decode
3420,bit_flip,4502838,1,caught,1,decode
3421,random_bytes,3730927,5,caught,1,decode
3422,zeroed_run,914512,82,caught,1,decode
3423,truncation,2303377,3140168,caught,1,decode
3424,header,379,1,caught,1,decode
3425,payload,1484446,1,caught,1,decode
3426,bit_flip,5267452,1,caught,1,decode
3427,random_bytes,2409212,1,caught,1,decode
3428,zeroed_run,940236,1390,caught,1,decode
3429,truncation,5009353,434192,caught,1,decode
3430,header,77,1,caught,1,decode
3431,payload,4191711,1,caught,1,decode
3432,bit_flip,2132788,1,caught,1,decode
3433,random_bytes,5003963,16,caught,1,decode
3434,zeroed_run,885395,4085,caught,1,decode
3435,truncation,1034553,4408992,caught,1,decode
3436,header,925,1,caught,1,decode
3437,payload,1518111,1,caught,1,decode
3438,bit_flip,5120547,1,caught,1,decode
3439,random_bytes,610384,8,caught,1,decode
3440,zeroed_run,11774,3264,caught,1,decode
3441,truncation,2015673,3427872,caught,1,decode
3442,header,363,1,caught,1,decode
3443,payload,3215526,1,caught,1,decode
3444,bit_flip,4023687,1,caught,1,decode
3445,random_bytes,1539837,7,caught,1,decode
3446,zeroed_run,843624,4018,caught,1,decode
3447,truncation,2287373,3156172,caught,1,decode
3448,header,207,1,caught,1,decode
3449,payload,1956769,1,caught,1,decode
3450,bit_flip,4640391,1,caught,1,decode
3451,random_bytes,4790827,15,caught,1,decode
3452,zeroed_run,45814,1806,caught,1,decode
3453,truncation,1282227,4161318,caught,1,decode
3454,header,663,1,caught,1,decode
3455,payload,42324,1,caught,1,decode
3456,bit_flip,655932,1,caught,1,decode
3457,random_bytes,4227113,9,caught,1,decode
3458,zeroed_run,2835564,2768,caught,1,decode
3459,truncation,1737689,3705856,caught,1,decode
3460,header,663,1,caught,1,decode
3461,payload,2061661,1,caught,1,decode
3462,bit_flip,3583550,1,caught,1,decode
3463,random_bytes,3476618,14,caught,1,decode
3464,zeroed_run,4200087,2444,caught,1,decode
3465,truncation,1427082,4016463,caught,1,decode
3466,header,630,1,caught,1,decode
3467,payload,3595061,1,caught,1,decode
3468,bit_flip,1602224,1,caught,1,decode
3469,random_bytes,2289838,16,caught,1,decode
3470,zeroed_run,165923,3215,caught,1,decode
3471,truncation,481123,4962422,caught,1,decode
3472,header,613,1,caught,1,decode
3473,payload,2128680,1,caught,1,decode
3474,bit_flip,1964714,1,caught,1,decode
3475,random_bytes,3583887,7,caught,1,decode
3476,zeroed_run,1106878,2521,caught,1,decode
3477,truncation,1462881,3980664,caught,1,decode
3478,header,189,1,caught,1,decode
3479,payload,1080136,1,caught,1,decode
3480,bit_flip,1813538,1,caught,1,decode
3481,random_bytes,2515565,11,caught,1,decode
3482,zeroed_run,849129,3657,caught,1,decode
3483,truncation,378503,5065042,caught,1,decode
3484,header,840,1,caught,1,decode
3485,payload,3740602,1,caught,1,decode
3486,bit_flip,3379556,1,caught,1,decode
3487,random_bytes,1829021,3,caught,1,decode
3488,zeroed_run,3824518,3157,caught,1,decode
3489,truncation,4495676,947869,caught,1,decode
3490,header,396,1,caught,1,decode
3491,payload,4635215,1,caught,1,decode
3492,bit_flip,4824096,1,caught,1,decode
3493,random_bytes,354542,14,caught,1,decode
3494,zeroed_run,1104171,138,caught,1,decode
3495,truncation,3438747,2004798,caught,1,decode
3496,header,390,1,caught,1,decode
3497,payload,3760300,1,caught,1,decode
3498,bit_flip,3146536,1,caught,1,decode
3499,random_bytes,67520,5,caught,1,decode
3500,zeroed_run,763939,3091,caught,1,decode
3501,truncation,2737404,2706141,caught,1,decode
3502,header,869,1,caught,1,decode
3503,payload,1112692,1,caught,1,decode
3504,bit_flip,3768605,1,caught,1,decode
3505,random_bytes,737485,16,caught,1,decode
3506,zeroed_run,3675923,3191,caught,1,decode
3507,truncation,3514884,1928661,caught,1,decode
3508,header,92,1,caught,1,decode
3509,payload,21672,1,caught,1,decode
3510,bit_flip,1551712,1,caught,1,decode
3511,random_bytes,1420618,13,caught,1,decode
3512,zeroed_run,4936472,1072,caught,1,decode
3513,truncation,1781379,3662166,caught,1,decode
3514,header,874,1,caught,1,decode
3515,payload,3361625,1,caught,1,decode
3516,bit_flip,3982591,1,caught,1,decode
3517,random_bytes,3201810,11,caught,1,decode
3518,zeroed_run,1851705,2252,caught,1,decode
3519,truncation,2794374,2649171,caught,1,decode
3520,header,771,1,caught,1,decode
3521,payload,909710,1,caught,1,decode
3522,bit_flip,790677,1,caught,1,decode
3523,random_bytes,4174900,6,caught,1,decode
3524,zeroed_run,560862,303,caught,1,decode
3525,truncation,4844706,598839,caught,1,decode
3526,header,611,1,caught,1,decode
3527,payload,3152877,1,caught,1,decode
3528,bit_flip,1633158,1,caught,1,decode
3529,random_bytes,348664,13,caught,1,decode
3530,zeroed_run,4062883,986,caught,1,decode
3531,truncation,2444865,2998680,caught,1,decode
3532,header,67,1,caught,1,decode
3533,payload,3654105,1,caught,1,decode
3534,bit_flip,5217221,1,caught,1,decode
3535,random_bytes,4811274,12,caught,1,decode
3536,zeroed_run,3666129,3007,caught,1,decode
3537,truncation,3368849,2074696,caught,1,decode
3538,header,894,1,caught,1,decode
3539,payload,2662293,1,caught,1,decode
3540,bit_flip,5262394,1,caught,1,decode
3541,random_bytes,3200306,5,caught,1,decode
3542,zeroed_run,4291919,857,caught,1,decode
3543,truncation,1012962,4430583,caught,1,decode
3544,header,533,1,caught,1,decode
3545,payload,1045619,1,caught,1,decode
3546,bit_flip,2843348,1,caught,1,decode
3547,random_bytes,3387892,9,caught,1,decode
3548,zeroed_run,1622998,1618,caught,1,decode
3549,truncation,4610176,833369,caught,1,decode
3550,header,991,1,caught,1,decode
3551,payload,1622562,1,caught,1,decode
3552,bit_flip,1348939,1,caught,1,decode
3553,random_bytes,4964459,7,caught,1,decode
3554,zeroed_run,725774,2502,caught,1,decode
3555,truncation,4819527,624018,caught,1,decode
3556,header,858,1,caught,1,decode
3557,payload,3581066,1,caught,1,decode
3558,bit_flip,2987628,1,caught,1,decode
3559,random_bytes,1706203,15,caught,1,decode
3560,zeroed_run,5357368,3844,caught,1,decode
3561,truncation,2325456,3118089,caught,1,decode
3562,header,475,1,caught,1,decode
3563,payload,1084821,1,caught,1,decode
3564,bit_flip,1949945,1,caught,1,decode
3565,random_bytes,1921840,7,caught,1,decode
3566,zeroed_run,2859095,2675,caught,1,decode
3567,truncation,1015200,4428345,caught,1,decode
3568,header,376,1,caught,1,decode
3569,payload,501805,1,caught,1,decode
3570,bit_flip,4382609,1,caught,1,decode
3571,random_bytes,4281725,14,caught,1,decode
3572,zeroed_run,977917,2404,caught,1,decode
3573,truncation,1692545,3751000,caught,1,decode
3574,header,958,1,caught,1,decode
3575,payload,2884423,1,caught,1,decode
3576,bit_flip,1709094,1,caught,1,decode
3577,random_bytes,472551,1,caught,1,decode
3578,zeroed_run,530089,1760,caught,1,decode
3579,truncation,1140110,4303435,caught,1,decode
3580,header,363,1,caught,1,decode
3581,payload,3101796,1,caught,1,decode
3582,bit_flip,2053110,1,caught,1,decode
3583,random_bytes,149902,15,caught,1,decode
3584,zeroed_run,1586860,2350,caught,1,decode
3585,truncation,1430254,4013291,caught,1,decode
3586,header,411,1,caught,1,decode
3587,payload,4456629,1,caught,1,decode
3588,bit_flip,3474652,1,caught,1,decode
3589,random_bytes,151435,9,caught,1,decode
3590,zeroed_run,1746424,1750,caught,1,decode
3591,truncation,2171406,3272139,caught,1,decode
3592,header,556,1,caught,1,decode
3593,payload,2152545,1,caught,1,decode
3594,bit_flip,4594406,1,caught,1,decode
3595,random_bytes,78112,2,caught,1,decode
3596,zeroed_run,3502910,470,caught,1,decode
3597,truncation,3231523,2212022,caught,1,decode
3598,header,491,1,caught,1,decode
3599,payload,4296733,1,caught,1,decode
3600,bit_flip,1283105,1,caught,1,decode
3601,random_bytes,3174876,6,caught,1,decode
3602,zeroed_run,1587606,3156,caught,1,decode
3603,truncation,1868165,3575380,caught,1,decode
3604,header,789,1,caught,1,decode
3605,payload,334112,1,caught,1,decode
3606,bit_flip,2436453,1,caught,1,decode
3607,random_bytes,2814112,15,caught,1,decode
3608,zeroed_run,3408595,3608,caught,1,decode
3609,truncation,3396065,2047480,caught,1,decode
3610,header,969,1,caught,1,decode
3611,payload,1619212,1,caught,1,decode
3612,bit_flip,2659676,1,caught,1,decode
3613,random_bytes,5275210,7,caught,1,decode
3614,zeroed_run,4944996,1047,caught,1,decode
3615,truncation,4597297,846248,caught,1,decode
3616,header,408,1,caught,1,decode
3617,payload,3320936,1,caught,1,decode
3618,bit_flip,2948153,1,caught,1,decode
3619,random_bytes,329853,4,caught,1,decode
3620,zeroed_run,1420368,743,caught,1,decode
3621,truncation,3341553,2101992,caught,1,decode
3622,header,717,1,caught,1,decode
3623,payload,4461232,1,caught,1,decode
3624,bit_flip,635378,1,caught,1,decode
3625,random_bytes,2772920,3,caught,1,decode
3626,zeroed_run,687463,3072,caught,1,decode
3627,truncation,4501743,941802,caught,1,decode
3628,header,683,1,caught,1,decode
3629,payload,2455216,1,caught,1,decode
3630,bit_flip,105204,1,caught,1,decode
3631,random_bytes,1508516,7,caught,1,decode
3632,zeroed_run,958820,2753,caught,1,decode
3633,truncation,310373,5133172,caught,1,decode
3634,header,324,1,caught,1,decode
3635,payload,4861585,1,caught,1,decode
3636,bit_flip,197538,1,caught,1,decode
3637,random_bytes,4782403,13,caught,1,decode
3638,zeroed_run,1940680,3376,caught,1,decode
3639,truncation,4904576,538969,caught,1,decode
3640,header,69,1,caught,1,decode
3641,payload,2995566,1,caught,1,decode
3642,bit_flip,228760,1,caught,1,decode
3643,random_bytes,4291993,6,caught,1,decode
3644,zeroed_run,3305569,3454,caught,1,decode
3645,truncation,2064847,3378698,caught,1,decode
3646,header,787,1,caught,1,decode
3647,payload,849505,1,caught,1,decode
3648,bit_flip,4470425,1,caught,1,decode
3649,random_bytes,535028,7,caught,1,decode
3650,zeroed_run,829636,2963,caught,1,decode
3651,truncation,4003784,1439761,caught,1,decode
3652,header,573,1,caught,1,decode
3653,payload,5360433,1,caught,1,decode
3654,bit_flip,4436523,1,caught,1,decode
3655,random_bytes,5165760,5,caught,1,decode
3656,zeroed_run,4791135,3784,caught,1,decode
3657,truncation,1653066,3790479,caught,1,decode
3658,header,987,1,caught,1,decode
3659,payload,232003,1,caught,1,decode
3660,bit_flip,948954,1,caught,1,decode
3661,random_bytes,4571097,6,caught,1,decode
3662,zeroed_run,1907871,256,caught,1,decode
3663,truncation,1229534,4214011,caught,1,decode
3664,header,59,1,caught,1,decode
3665,payload,5039413,1,caught,1,decode
3666,bit_flip,459757,1,caught,1,decode
3667,random_bytes,745089,4,caught,1,decode
3668,zeroed_run,5434351,657,caught,1,decode
3669,truncation,3604617,1838928,caught,1,decode
3670,header,133,1,caught,1,decode
3671,payload,4955239,1,caught,1,decode
3672,bit_flip,1777883,1,caught,1,decode
3673,random_bytes,5333255,12,caught,1,decode
3674,zeroed_run,3351420,533,caught,1,decode
3675,truncation,4176928,1266617,caught,1,decode
3676,header,863,1,caught,1,decode
3677,payload,5240672,1,caught,1,decode
3678,bit_flip,2422403,1,caught,1,decode
3679,random_bytes,3437625,3,caught,1,decode
3680,zeroed_run,3675099,636,caught,1,decode
3681,truncation,266838,5176707,caught,1,decode
3682,header,862,1,caught,1,decode
3683,payload,4488855,1,caught,1,decode
3684,bit_flip,4889777,1,caught,1,decode
3685,random_bytes,394381,6,caught,1,decode
3686,zeroed_run,3663399,464,caught,1,decode
3687,truncation,1935110,3508435,caught,1,decode
3688,header,452,1,caught,1,decode
3689,payload,4640207,1,caught,1,decode
3690,bit_flip,544606,1,caught,1,decode
3691,random_bytes,5053246,15,caught,1,decode
3692,zeroed_run,4780919,3346,caught,1,decode
3693,truncation,2136863,3306682,caught,1,decode
3694,header,609,1,caught,1,decode
3695,payload,4018551,1,caught,1,decode
3696,bit_flip,3031926,1,caught,1,decode
3697,random_bytes,247114,12,caught,1,decode
3698,zeroed_run,2629220,3674,caught,1,decode
3699,truncation,2471686,2971859,caught,1,decode
3700,header,134,1,caught,1,decode
3701,payload,646153,1,caught,1,decode
3702,bit_flip,2444239,1,caught,1,decode
3703,random_bytes,4499630,10,caught,1,decode
3704,zeroed_run,1284877,2511,caught,1,decode
3705,truncation,2117802,3325743,caught,1,decode
3706,header,259,1,caught,1,decode
3707,payload,3080873,1,caught,1,decode
3708,bit_flip,458979,1,caught,1,decode
3709,random_bytes,2018630,11,caught,1,decode
3710,zeroed_run,2013665,845,caught,1,decode
3711,truncation,765464,4678081,caught,1,decode
3712,header,76,1,caught,1,decode
3713,payload,2864341,1,caught,1,decode
3714,bit_flip,2058109,1,caught,1,decode
3715,random_bytes,5094223,13,caught,1,decode
3716,zeroed_run,851579,2888,caught,1,decode
3717,truncation,2951271,2492274,caught,1,decode
3718,header,943,1,caught,1,decode
3719,payload,1843498,1,caught,1,decode
3720,bit_flip,1641469,1,caught,1,decode
3721,random_bytes,1536841,8,caught,1,decode
3722,zeroed_run,4489576,2642,caught,1,decode
3723,truncation,522715,4920830,caught,1,decode
3724,header,502,1,caught,1,decode
3725,payload,1836739,1,caught,1,decode
3726,bit_flip,31954,1,caught,1,decode
3727,random_bytes,2287818,13,caught,1,decode
3728,zeroed_run,1095673,3237,caught,1,decode
3729,truncation,4524851,918694,caught,1,decode
3730,header,492,1,caught,1,decode
3731,payload,2335300,1,caught,1,decode
3732,bit_flip,453956,1,caught,1,decode
3733,random_bytes,1358166,14,caught,1,decode
3734,zeroed_run,1148839,2653,caught,1,decode
3735,truncation,1335386,4108159,caught,1,decode
3736,header,72,1,caught,1,decode
3737,payload,2990044,1,caught,1,decode
3738,bit_flip,1022934,1,caught,1,decode
3739,random_bytes,298864,4,caught,1,decode
3740,zeroed_run,2338836,3858,caught,1,decode
3741,truncation,5050800,392745,caught,1,decode
3742,header,498,1,caught,1,decode
3743,payload,429264,1,caught,1,decode
3744,bit_flip,2626793,1,caught,1,decode
3745,random_bytes,1653056,7,caught,1,decode
3746,zeroed_run,962296,2121,caught,1,decode
3747,truncation,417493,5026052,caught,1,decode
3748,header,380,1,caught,1,decode
3749,payload,246858,1,caught,1,decode
3750,bit_flip,4986862,1,caught,1,decode
3751,random_bytes,304849,5,caught,1,decode
3752,zeroed_run,4602375,76,caught,1,decode
3753,truncation,3841526,1602019,caught,1,decode
3754,header,238,1,caught,1,decode
3755,payload,3711096,1,caught,1,decode
3756,bit_flip,2164290,1,caught,1,decode
3757,random_bytes,1711155,13,caught,1,decode
3758,zeroed_run,4293648,3428,caught,1,decode
3759,truncation,1558888,3884657,caught,1,decode
3760,header,136,1,caught,1,decode
3761,payload,56080,1,caught,1,decode
3762,bit_flip,2566456,1,caught,1,decode
3763,random_bytes,173191,13,caught,1,decode
3764,zeroed_run,5402480,3976,caught,1,decode
3765,truncation,2148513,3295032,caught,1,decode
3766,header,428,1,caught,1,decode
3767,payload,5084091,1,caught,1,decode
3768,bit_flip,3968645,1,caught,1,decode
3769,random_bytes,1448199,13,caught,1,decode
3770,zeroed_run,2247501,1663,caught,1,decode
3771,truncation,1385704,4057841,caught,1,decode
3772,header,122,1,caught,1,decode
3773,payload,1879403,1,caught,1,decode
3774,bit_flip,5440633,1,caught,1,decode
3775,random_bytes,4744659,16,caught,1,decode
3776,zeroed_run,3156448,1364,caught,1,decode
3777,truncation,2243181,3200364,caught,1,decode
3778,header,986,1,caught,1,decode
3779,payload,1253499,1,caught,1,decode
3780,bit_flip,3198785,1,caught,1,decode
3781,random_bytes,3224634,6,caught,1,decode
3782,zeroed_run,2341002,3741,caught,1,decode
3783,truncation,4182823,1260722,caught,1,decode
3784,header,733,1,caught,1,decode
3785,payload,5180857,1,caught,1,decode
3786,bit_flip,5272730,1,caught,1,decode
3787,random_bytes,2698179,7,caught,1,decode
3788,zeroed_run,5271383,439,caught,1,decode
3789,truncation,2190802,3252743,caught,1,decode
3790,header,332,1,caught,1,decode
3791,payload,2142592,1,caught,1,decode
3792,bit_flip,1971241,1,caught,1,decode
3793,random_bytes,4775388,4,caught,1,decode
3794,zeroed_run,369124,453,caught,1,decode
3795,truncation,405650,5037895,caught,1,decode
3796,header,72,1,caught,1,decode
3797,payload,2889200,1,caught,1,decode
3798,bit_flip,2540127,1,caught,1,decode
3799,random_bytes,1997775,5,caught,1,decode
3800,zeroed_run,1691221,1408,caught,1,decode
3801,truncation,3472737,1970808,caught,1,decode
3802,header,721,1,caught,1,decode
3803,payload,4196812,1,caught,1,decode
3804,bit_flip,1132395,1,caught,1,decode
3805,random_bytes,3452240,13,caught,1,decode
3806,zeroed_run,714105,2757,caught,1,decode
3807,truncation,4599828,843717,caught,1,decode
3808,header,597,1,caught,1,decode
3809,payload,1859383,1,caught,1,decode
3810,bit_flip,168611,1,caught,1,decode
3811,random_bytes,1280092,1,caught,1,decode
3812,zeroed_run,1859184,2021,caught,1,decode
3813,truncation,4274913,1168632,caught,1,decode
3814,header,814,1,caught,1,decode
3815,payload,3522639,1,caught,1,decode
3816,bit_flip,824726,1,caught,1,decode
3817,random_bytes,4580050,10,caught,1,decode
3818,zeroed_run,4494992,2365,caught,1,decode
3819,truncation,2512567,2930978,caught,1,decode
3820,header,118,1,caught,1,decode
3821,payload,1355328,1,caught,1,decode
3822,bit_flip,4290732,1,caught,1,decode
3823,random_bytes,546455,11,caught,1,decode
3824,zeroed_run,1976384,3894,caught,1,decode
3825,truncation,2382791,3060754,caught,1,decode
3826,header,983,1,caught,1,decode
3827,payload,253652,1,caught,1,decode
3828,bit_flip,5376733,1,caught,1,decode
3829,random_bytes,2934859,4,caught,1,decode
3830,zeroed_run,4910915,3374,caught,1,decode
3831,truncation,2800705,2642840,caught,1,decode
3832,header,440,1,caught,1,decode
3833,payload,1607987,1,caught,1,decode
3834,bit_flip,525675,1,caught,1,decode
3835,random_bytes,1508736,6,caught,1,decode
3836,zeroed_run,1135314,1011,caught,1,decode
3837,truncation,1249026,4194519,caught,1,decode
3838,header,162,1,caught,1,decode
3839,payload,5229893,1,caught,1,decode
3840,bit_flip,4394888,1,caught,1,decode
3841,random_bytes,4837714,15,caught,1,decode
3842,zeroed_run,536666,2289,caught,1,decode
3843,truncation,162142,5281403,caught,1,decode
3844,header,14,1,caught,1,decode
3845,payload,490266,1,caught,1,decode
3846,bit_flip,4134607,1,caught,1,decode
3847,random_bytes,5414940,9,caught,1,decode
3848,zeroed_run,913307,2513,caught,1,decode
3849,truncation,2426582,3016963,caught,1,decode
3850,header,220,1,caught,1,decode
3851,payload,3479662,1,caught,1,decode
3852,bit_flip,2590687,1,caught,1,decode
3853,random_bytes,1959950,8,caught,1,decode
3854,zeroed_run,956014,3994,caught,1,decode
3855,truncation,2159139,3284406,caught,1,decode
3856,header,842,1,caught,1,decode
3857,payload,3302871,1,caught,1,decode
3858,bit_flip,5244362,1,caught,1,decode
3859,random_bytes,3344629,13,caught,1,decode
3860,zeroed_run,439661,3721,caught,1,decode
3861,truncation,2966452,2477093,caught,1,decode
3862,header,230,1,caught,1,decode
3863,payload,971299,1,caught,1,decode
3864,bit_flip,4442388,1,caught,1,decode
3865,random_bytes,2908578,12,caught,1,decode
3866,zeroed_run,4423599,3019,caught,1,decode
3867,truncation,3193961,2249584,caught,1,decode
3868,header,172,1,caught,1,decode
3869,payload,4529727,1,caught,1,decode
3870,bit_flip,656242,1,caught,1,decode
3871,random_bytes,1827683,14,caught,1,decode
3872,zeroed_run,4404954,4003,caught,1,decode
3873,truncation,2378008,3065537,caught,1,decode
3874,header,203,1,caught,1,decode
3875,payload,1809972,1,caught,1,decode
3876,bit_flip,1063586,1,caught,1,decode
3877,random_bytes,4816268,2,caught,1,decode
3878,zeroed_run,71071,3033,caught,1,decode
3879,truncation,267064,5176481,caught,1,decode
3880,header,470,1,caught,1,decode
3881,payload,229598,1,caught,1,decode
3882,bit_flip,411133,1,caught,1,decode
3883,random_bytes,855985,15,caught,1,decode
3884,zeroed_run,4919152,1451,caught,1,decode
3885,truncation,133233,5310312,caught,1,decode
3886,header,11,1,caught,1,decode
3887,payload,1372355,1,caught,1,decode
3888,bit_flip,627012,1,caught,1,decode
3889,random_bytes,4330756,3,caught,1,decode
3890,zeroed_run,4951855,1730,caught,1,decode
3891,truncation,2619200,2824345,caught,1,decode
3892,header,763,1,caught,1,decode
3893,payload,3537937,1,caught,1,decode
3894,bit_flip,592214,1,caught,1,decode
3895,random_bytes,4387865,4,caught,1,decode
3896,zeroed_run,1280410,1538,caught,1,decode
3897,truncation,3241162,2202383,caught,1,decode
3898,header,61,1,caught,1,decode
3899,payload,1177725,1,caught,1,decode
3900,bit_flip,4789652,1,caught,1,decode
3901,random_bytes,496311,3,caught,1,decode
3902,zeroed_run,2273448,1298,caught,1,decode
3903,truncation,3401521,2042024,caught,1,decode
3904,header,223,1,caught,1,decode
3905,payload,3555266,1,caught,1,decode
3906,bit_flip,4413677,1,caught,1,decode
3907,random_bytes,7842,2,caught,1,decode
3908,zeroed_run,4225980,1716,caught,1,decode
3909,truncation,4821897,621648,caught,1,decode
3910,header,277,1,caught,1,decode
3911,payload,625116,1,caught,1,decode
3912,bit_flip,3735236,1,caught,1,decode
3913,random_bytes,5293955,14,caught,1,decode
3914,zeroed_run,5211179,1617,caught,1,decode
3915,truncation,4673366,770179,caught,1,decode
3916,header,109,1,caught,1,decode
3917,payload,3245286,1,caught,1,decode
3918,bit_flip,1629543,1,caught,1,decode
3919,random_bytes,548942,1,caught,1,decode
3920,zeroed_run,2528027,563,caught,1,decode
3921,truncation,3848133,1595412,caught,1,decode
3922,header,931,1,caught,1,decode
3923,payload,4577047,1,caught,1,decode
3924,bit_flip,260439,1,caught,1,decode
3925,random_bytes,5383665,6,caught,1,decode
3926,zeroed_run,1763590,798,caught,1,decode
3927,truncation,1794882,3648663,caught,1,decode
3928,header,121,1,caught,1,decode
3929,payload,4060479,1,caught,1,decode
3930,bit_flip,989167,1,caught,1,decode
3931,random_bytes,3277732,6,caught,1,decode
3932,zeroed_run,5222268,611,caught,1,decode
3933,truncation,730742,4712803,caught,1,decode
3934,header,761,1,caught,1,decode
3935,payload,4973352,1,caught,1,decode
3936,bit_flip,5314024,1,caught,1,decode
3937,random_bytes,134607,6,caught,1,decode
3938,zeroed_run,2162324,815,caught,1,decode
3939,truncation,265081,5178464,caught,1,decode
3940,header,311,1,caught,1,decode
3941,payload,1636607,1,caught,1,decode
3942,bit_flip,2832470,1,caught,1,decode
3943,random_bytes,1609271,7,caught,1,decode
3944,zeroed_run,4574825,3753,caught,1,decode
3945,truncation,3367091,2076454,caught,1,decode
3946,header,386,1,caught,1,decode
3947,payload,778240,1,caught,1,decode
3948,bit_flip,4162578,1,caught,1,decode
3949,random_bytes,4746441,15,caught,1,decode
3950,zeroed_run,1584036,2058,caught,1,decode
3951,truncation,977979,4465566,caught,1,decode
3952,header,1001,1,caught,1,decode
3953,payload,3190415,1,caught,1,decode
3954,bit_flip,101673,1,caught,1,decode
3955,random_bytes,1187715,8,caught,1,decode
3956,zeroed_run,4026101,3607,caught,1,decode
3957,truncation,613760,4829785,caught,1,decode
3958,header,415,1,caught,1,decode
3959,payload,3630811,1,caught,1,decode
3960,bit_flip,2425291,1,caught,1,decode
3961,random_bytes,5428924,11,caught,1,decode
3962,zeroed_run,888336,2025,caught,1,decode
3963,truncation,2584260,2859285,caught,1,decode
3964,header,423,1,caught,1,decode
3965,payload,2327272,1,caught,1,decode
3966,bit_flip,5025799,1,caught,1,decode
3967,random_bytes,2452362,9,caught,1,decode
3968,zeroed_run,3138415,3195,caught,1,decode
3969,truncation,2688971,2754574,caught,1,decode
3970,header,769,1,caught,1,decode
3971,payload,3607519,1,caught,1,decode
3972,bit_flip,242943,1,caught,1,decode
3973,random_bytes,2387328,15,caught,1,decode
3974,zeroed_run,4830893,614,caught,1,decode
3975,truncation,1835629,3607916,caught,1,decode
3976,header,931,1,caught,1,decode
3977,payload,2317105,1,caught,1,decode
3978,bit_flip,3283716,1,caught,1,decode
3979,random_bytes,3292764,4,caught,1,decode
3980,zeroed_run,2293619,987,caught,1,decode
3981,truncation,3694942,1748603,caught,1,decode
3982,header,105,1,caught,1,decode
3983,payload,2141040,1,caught,1,decode
3984,bit_flip,626490,1,caught,1,decode
3985,random_bytes,2599205,14,caught,1,decode
3986,zeroed_run,5186551,1331,caught,1,decode
3987,truncation,4359722,1083823,caught,1,decode
3988,header,850,1,caught,1,decode
3989,payload,3608581,1,caught,1,decode
3990,bit_flip,5282527,1,caught,1,decode
3991,random_bytes,821215,2,caught,1,decode
3992,zeroed_run,2573692,3135,caught,1,decode
3993,truncation,4315494,1128051,caught,1,decode
3994,header,891,1,caught,1,decode
3995,payload,1619247,1,caught,1,decode
3996,bit_flip,4086151,1,caught,1,decode
3997,random_bytes,3522257,14,caught,1,decode
3998,zeroed_run,1898717,69,caught,1,decode
3999,truncation,1117073,4326472,caught,1,decode
4000,header,418,1,caught,1,decode
4001,payload,1157374,1,caught,1,decode
4002,bit_flip,1803282,1,caught,1,decode
4003,random_bytes,899854,8,caught,1,decode
4004,zeroed_run,1947265,1281,caught,1,decode
4005,truncation,897145,4546400,caught,1,decode
4006,header,133,1,caught,1,decode
4007,payload,610349,1,caught,1,decode
4008,bit_flip,2932782,1,caught,1,decode
4009,random_bytes,4958109,13,caught,1,decode
4010,zeroed_run,2825601,877,caught,1,decode
4011,truncation,4035264,1408281,caught,1,decode
4012,header,225,1,caught,1,decode
4013,payload,1295058,1,caught,1,decode
4014,bit_flip,655669,1,caught,1,decode
4015,random_bytes,53419,14,caught,1,decode
4016,zeroed_run,1227998,322,caught,1,decode
4017,truncation,1946664,3496881,caught,1,decode
4018,header,102,1,caught,1,decode
4019,payload,232601,1,caught,1,decode
4020,bit_flip,3131163,1,caught,1,decode
4021,random_bytes,2483672,4,caught,1,decode
4022,zeroed_run,5033640,2229,caught,1,decode
4023,truncation,4175127,1268418,caught,1,decode
4024,header,132,1,caught,1,decode
4025,payload,457571,1,caught,1,decode
4026,bit_flip,2308768,1,caught,1,decode
4027,random_bytes,523270,8,caught,1,decode
4028,zeroed_run,2518314,662,caught,1,decode
4029,truncation,401290,5042255,caught,1,decode
4030,header,678,1,caught,1,decode
4031,payload,3476304,1,caught,1,decode
4032,bit_flip,3323411,1,caught,1,decode
4033,random_bytes,3667100,10,caught,1,decode
4034,zeroed_run,2096803,2641,caught,1,decode
4035,truncation,2976268,2467277,caught,1,decode
4036,header,974,1,caught,1,decode
4037,payload,2685341,1,caught,1,decode
4038,bit_flip,2076746,1,caught,1,decode
4039,random_bytes,4285815,16,caught,1,decode
4040,zeroed_run,1929889,3742,caught,1,decode
4041,truncation,4415418,1028127,caught,1,decode
4042,header,749,1,caught,1,decode
4043,payload,2878696,1,caught,1,decode
4044,bit_flip,4075620,1,caught,1,decode
4045,random_bytes,4771062,3,caught,1,decode
4046,zeroed_run,959319,2683,caught,1,decode
4047,truncation,3093015,2350530,caught,1,decode
4048,header,896,1,caught,1,decode
4049,payload,4071934,1,caught,1,decode
4050,bit_flip,2580869,1,caught,1,decode
4051,random_bytes,2087620,2,caught,1,decode
4052,zeroed_run,2887057,3225,caught,1,decode
4053,truncation,1223330,4220215,caught,1,decode
4054,header,852,1,caught,1,decode
4055,payload,1693230,1,caught,1,decode
4056,bit_flip,4207360,1,caught,1,decode
4057,random_bytes,4898722,14,caught,1,decode
4058,zeroed_run,5112145,3313,caught,1,decode
4059,truncation,953950,4489595,caught,1,decode
4060,header,464,1,caught,1,decode
4061,payload,4613914,1,caught,1,decode
4062,bit_flip,19375,1,caught,1,decode
4063,random_bytes,4394788,1,caught,1,decode
4064,zeroed_run,1734544,2148,caught,1,decode
4065,truncation,1645636,3797909,caught,1,decode
4066,header,445,1,caught,1,decode
4067,payload,4405151,1,caught,1,decode
4068,bit_flip,7568,1,caught,1,decode
4069,random_bytes,1875115,8,caught,1,decode
4070,zeroed_run,1597081,2456,caught,1,decode
4071,truncation,955195,4488350,caught,1,decode
4072,header,844,1,caught,1,decode
4073,payload,5270333,1,caught,1,decode
4074,bit_flip,4774744,1,caught,1,decode
4075,random_bytes,1103313,15,caught,1,decode
4076,zeroed_run,921954,1056,caught,1,decode
4077,truncation,1282039,4161506,caught,1,decode
4078,header,706,1,caught,1,decode
4079,payload,552878,1,caught,1,decode
4080,bit_flip,2034255,1,caught,1,decode
4081,random_bytes,2375191,1,caught,1,decode
4082,zeroed_run,842309,684,caught,1,decode
4083,truncation,1624369,3819176,caught,1,decode
4084,header,535,1,caught,1,decode
4085,payload,2797211,1,caught,1,decode
4086,bit_flip,5048338,1,caught,1,decode
4087,random_bytes,3399125,7,caught,1,decode
4088,zeroed_run,3987364,590,caught,1,decode
4089,truncation,4331421,1112124,caught,1,decode
4090,header,538,1,caught,1,decode
4091,payload,4456304,1,caught,1,decode
4092,bit_flip,911176,1,caught,1,decode
4093,random_bytes,4109585,10,caught,1,decode
4094,zeroed_run,528078,1263,caught,1,decode
4095,truncation,5061125,382420,caught,1,decode
4096,header,567,1,caught,1,decode
4097,payload,4842437,1,caught,1,decode
4098,bit_flip,708577,1,caught,1,decode
4099,random_bytes,5101510,7,caught,1,decode
4100,zeroed_run,579123,3916,caught,1,decode
4101,truncation,1060841,4382704,caught,1,decode
4102,header,25,1,caught,1,decode
4103,payload,4906879,1,caught,1,decode
4104,bit_flip,5260873,1,caught,1,decode
4105,random_bytes,4761423,16,caught,1,decode
4106,zeroed_run,186664,3573,caught,1,decode
4107,truncation,5425347,18198,caught,1,decode
4108,header,191,1,caught,1,decode
4109,payload,3582087,1,caught,1,decode
4110,bit_flip,1916658,1,caught,1,decode
4111,random_bytes,598285,7,caught,1,decode
4112,zeroed_run,5083648,2815,caught,1,decode
4113,truncation,985450,4458095,caught,1,decode
4114,header,388,1,caught,1,decode
4115,payload,1386209,1,caught,1,decode
4116,bit_flip,58686,1,caught,1,decode
4117,random_bytes,4097282,12,caught,1,decode
4118,zeroed_run,3039192,1992,caught,1,decode
4119,truncation,419023,5024522,caught,1,decode
4120,header,277,1,caught,1,decode
4121,payload,4462234,1,caught,1,decode
4122,bit_flip,1798027,1,caught,1,decode
4123,random_bytes,2399281,10,caught,1,decode
4124,zeroed_run,5309035,3613,caught,1,decode
4125,truncation,4467516,976029,caught,1,decode
4126,header,317,1,caught,1,decode
4127,payload,4529947,1,caught,1,decode
4128,bit_flip,5151645,1,caught,1,decode
4129,random_bytes,3264106,9,caught,1,decode
4130,zeroed_run,2318689,2639,caught,1,decode
4131,truncation,675433,4768112,caught,1,decode
4132,header,271,1,caught,1,decode
4133,payload,4206396,1,caught,1,decode
4134,bit_flip,4023250,1,caught,1,decode
4135,random_bytes,4230126,4,caught,1,decode
4136,zeroed_run,3171610,848,caught,1,decode
4137,truncation,679882,4763663,caught,1,decode
4138,header,263,1,caught,1,decode
4139,payload,5285228,1,caught,1,decode
4140,bit_flip,3634880,1,caught,1,decode
4141,random_bytes,3264144,3,caught,1,decode
4142,zeroed_run,1290051,3389,caught,1,decode
4143,truncation,3277824,2165721,caught,1,decode
4144,header,992,1,caught,1,decode
4145,payload,5289151,1,caught,1,decode
4146,bit_flip,2059622,1,caught,1,decode
4147,random_bytes,1115955,13,caught,1,decode
4148,zeroed_run,3240280,1670,caught,1,decode
4149,truncation,1289443,4154102,caught,1,decode
4150,header,234,1,caught,1,decode
4151,payload,4463611,1,caught,1,decode
4152,bit_flip,52062,1,caught,1,decode
4153,random_bytes,3248181,16,caught,1,decode
4154,zeroed_run,3318757,233,caught,1,decode
4155,truncation,1503596,3939949,caught,1,decode
4156,header,500,1,caught,1,decode
4157,payload,1618094,1,caught,1,decode
4158,bit_flip,4527135,1,caught,1,decode
4159,random_bytes,5053202,13,caught,1,decode
4160,zeroed_run,691554,3430,caught,1,decode
4161,truncation,4197652,1245893,caught,1,decode
4162,header,428,1,caught,1,decode
4163,payload,2388925,1,caught,1,decode
4164,bit_flip,5325055,1,caught,1,decode
4165,random_bytes,2162734,15,caught,1,decode
4166,zeroed_run,2750221,4029,caught,1,decode
4167,truncation,5206187,237358,caught,1,decode
4168,header,565,1,caught,1,decode
4169,payload,4358468,1,caught,1,decode
4170,bit_flip,1771891,1,caught,1,decode
4171,random_bytes,1419554,16,caught,1,decode
4172,zeroed_run,810543,491,caught,1,decode
4173,truncation,1600764,3842781,caught,1,decode
4174,header,723,1,caught,1,decode
4175,payload,2311981,1,caught,1,decode
4176,bit_flip,5277754,1,caught,1,decode
4177,random_bytes,3628014,6,caught,1,decode
4178,zeroed_run,2113465,2338,caught,1,decode
4179,truncation,2822831,2620714,caught,1,decode
4180,header,227,1,caught,1,decode
4181,payload,964828,1,caught,1,decode
4182,bit_flip,4185682,1,caught,1,decode
4183,random_bytes,4574460,6,caught,1,decode
4184,zeroed_run,1139644,2087,caught,1,decode
4185,truncation,3501419,1942126,caught,1,decode
4186,header,625,1,caught,1,decode
4187,payload,2388664,1,caught,1,decode
4188,bit_flip,4910016,1,caught,1,decode
4189,random_bytes,4701061,10,caught,1,decode
4190,zeroed_run,4756991,3307,caught,1,decode
4191,truncation,2584273,2859272,caught,1,decode
4192,header,594,1,caught,1,decode
4193,payload,4140253,1,caught,1,decode
4194,bit_flip,503189,1,caught,1,decode
4195,random_bytes,3822804,10,caught,1,decode
4196,zeroed_run,4270859,3089,caught,1,decode
4197,truncation,366818,5076727,caught,1,decode
4198,header,699,1,caught,1,decode
4199,payload,1579223,1,caught,1,decode
4200,bit_flip,5433283,1,caught,1,decode
4201,random_bytes,1187719,10,caught,1,decode
4202,zeroed_run,3195839,3950,caught,1,decode
4203,truncation,1593683,3849862,caught,1,decode
4204,header,433,1,caught,1,decode
4205,payload,1039632,1,caught,1,decode
4206,bit_flip,530579,1,caught,1,decode
4207,random_bytes,2506182,6,caught,1,decode
4208,zeroed_run,2870326,2551,caught,1,decode
4209,truncation,3340886,2102659,caught,1,decode
4210,header,288,1,caught,1,decode
4211,payload,3629868,1,caught,1,decode
4212,bit_flip,56550,1,caught,1,decode
4213,random_bytes,3793893,8,caught,1,decode
4214,zeroed_run,395973,43,caught,1,decode
4215,truncation,325166,5118379,caught,1,decode
4216,header,804,1,caught,1,decode
4217,payload,3989797,1,caught,1,decode
4218,bit_flip,1323909,1,caught,1,decode
4219,random_bytes,1579826,11,caught,1,decode
4220,zeroed_run,702899,1864,caught,1,decode
4221,truncation,259366,5184179,caught,1,decode
4222,header,711,1,caught,1,decode
4223,payload,5224391,1,caught,1,decode
4224,bit_flip,3775446,1,caught,1,decode
4225,random_bytes,4444569,4,caught,1,decode
4226,zeroed_run,4499555,3744,caught,1,decode
4227,truncation,2103589,3339956,caught,1,decode
4228,header,369,1,caught,1,decode
4229,payload,45109,1,caught,1,decode
4230,bit_flip,3477170,1,caught,1,decode
4231,random_bytes,331393,14,caught,1,decode
4232,zeroed_run,2592405,2801,caught,1,decode
4233,truncation,31108,5412437,caught,1,decode
4234,header,288,1,caught,1,decode
4235,payload,2806135,1,caught,1,decode
4236,bit_flip,822057,1,caught,1,decode
4237,random_bytes,401674,9,caught,1,decode
4238,zeroed_run,1800144,3965,caught,1,decode
4239,truncation,4583101,860444,caught,1,decode
4240,header,366,1,caught,1,decode
4241,payload,2791624,1,caught,1,decode
4242,bit_flip,312683,1,caught,1,decode
4243,random_bytes,4433348,11,caught,1,decode
4244,zeroed_run,627673,2617,caught,1,decode
4245,truncation,4426855,1016690,caught,1,decode
4246,header,36,1,caught,1,decode
4247,payload,2893309,1,caught,1,decode
4248,bit_flip,3786948,1,caught,1,decode
4249,random_bytes,1870009,8,caught,1,decode
4250,zeroed_run,1536632,3019,caught,1,decode
4251,truncation,4201394,1242151,caught,1,decode
4252,header,305,1,caught,1,decode
4253,payload,1010958,1,caught,1,decode
4254,bit_flip,5072114,1,caught,1,decode
4255,random_bytes,3174917,5,caught,1,decode
4256,zeroed_run,228712,2190,caught,1,decode
4257,truncation,3690303,1753242,caught,1,decode
4258,header,148,1,caught,1,decode
4259,payload,1903957,1,caught,1,decode
4260,bit_flip,1139082,1,caught,1,decode
4261,random_bytes,1506950,11,caught,1,decode
4262,zeroed_run,1977880,2940,caught,1,decode
4263,truncation,2173116,3270429,caught,1,decode
4264,header,541,1,caught,1,decode
4265,payload,1698567,1,caught,1,decode
4266,bit_flip,1401441,1,caught,1,decode
4267,random_bytes,2041769,8,caught,1,decode
4268,zeroed_run,2310468,2083,caught,1,decode
4269,truncation,1981388,3462157,caught,1,decode
4270,header,666,1,caught,1,decode
4271,payload,2583850,1,caught,1,decode
4272,bit_flip,4574821,1,caught,1,decode
4273,random_bytes,2145913,11,caught,1,decode
4274,zeroed_run,2947553,2590,caught,1,decode
4275,truncation,3876428,1567117,caught,1,decode
4276,header,214,1,caught,1,decode
4277,payload,2229478,1,caught,1,decode
4278,bit_flip,5259966,1,caught,1,decode
4279,random_bytes,2198712,5,caught,1,decode
4280,zeroed_run,1772008,3305,caught,1,decode
4281,truncation,2014545,3429000,caught,1,decode
4282,header,256,1,caught,1,decode
4283,payload,3864608,1,caught,1,decode
4284,bit_flip,3527667,1,caught,1,decode
4285,random_bytes,2623094,4,caught,1,decode
4286,zeroed_run,5019848,644,caught,1,decode
4287,truncation,934415,4509130,caught,1,decode
4288,header,838,1,caught,1,decode
4289,payload,4105758,1,caught,1,decode
4290,bit_flip,1339745,1,caught,1,decode
4291,random_bytes,1208023,3,caught,1,decode
4292,zeroed_run,4738882,1271,caught,1,decode
4293,truncation,4232932,1210613,caught,1,decode
4294,header,304,1,caught,1,decode
4295,payload,624228,1,caught,1,decode
4296,bit_flip,2626525,1,caught,1,decode
4297,random_bytes,3555973,11,caught,1,decode
4298,zeroed_run,1875121,1516,caught,1,decode
4299,truncation,3626019,1817526,caught,1,decode
4300,header,877,1,caught,1,decode
4301,payload,1038999,1,caught,1,decode
4302,bit_flip,2692698,1,caught,1,decode
4303,random_bytes,369796,6,caught,1,decode
4304,zeroed_run,1740830,375,caught,1,decode
4305,truncation,5427894,15651,caught,1,decode
4306,header,958,1,caught,1,decode
4307,payload,423142,1,caught,1,decode
4308,bit_flip,734097,1,caught,1,decode
4309,random_bytes,2500770,12,caught,1,decode
4310,zeroed_run,2629017,1657,caught,1,decode
4311,truncation,4139933,1303612,caught,1,decode
4312,header,979,1,caught,1,decode
4313,payload,2646098,1,caught,1,decode
4314,bit_flip,3233189,1,caught,1,decode
4315,random_bytes,4479071,9,caught,1,decode
4316,zeroed_run,3202888,753,caught,1,decode
4317,truncation,1185533,4258012,caught,1,decode
4318,header,560,1,caught,1,decode
4319,payload,4715881,1,caught,1,decode
4320,bit_flip,714158,1,caught,1,decode
4321,random_bytes,4148329,6,caught,1,decode
4322,zeroed_run,2914283,3248,caught,1,decode
4323,truncation,1374940,4068605,caught,1,decode
4324,header,528,1,caught,1,decode
4325,payload,3030108,1,caught,1,decode
4326,bit_flip,4451918,1,caught,1,decode
4327,random_bytes,4472278,15,caught,1,decode
4328,zeroed_run,1532577,4026,caught,1,decode
4329,truncation,5224500,219045,caught,1,decode
4330,header,312,1,caught,1,decode
4331,payload,2803180,1,caught,1,decode
4332,bit_flip,1869538,1,caught,1,decode
4333,random_bytes,61729,7,caught,1,decode
4334,zeroed_run,752265,962,caught,1,decode
4335,truncation,3018025,2425520,caught,1,decode
4336,header,632,1,caught,1,decode
4337,payload,2070047,1,caught,1,decode
4338,bit_flip,1460435,1,caught,1,decode
4339,random_bytes,2227684,10,caught,1,decode
4340,zeroed_run,3316705,563,caught,1,decode
4341,truncation,238765,5204780,caught,1,decode
4342,header,150,1,caught,1,decode
4343,payload,5404884,1,caught,1,decode
4344,bit_flip,3128915,1,caught,1,decode
4345,random_bytes,1670326,2,caught,1,decode
4346,zeroed_run,3183964,463,caught,1,decode
4347,truncation,2098673,3344872,caught,1,decode
4348,header,538,1,caught,1,decode
4349,payload,3881368,1,caught,1,decode
4350,bit_flip,2120869,1,caught,1,decode
4351,random_bytes,1698213,1,caught,1,decode
4352,zeroed_run,412990,2731,caught,1,decode
4353,truncation,448649,4994896,caught,1,decode
4354,header,312,1,caught,1,decode
4355,payload,3067272,1,caught,1,decode
4356,bit_flip,968967,1,caught,1,decode
4357,random_bytes,3744971,5,caught,1,decode
4358,zeroed_run,3967581,1641,caught,1,decode
4359,truncation,1112930,4330615,caught,1,decode
4360,header,520,1,caught,1,decode
4361,payload,1109139,1,caught,1,decode
4362,bit_flip,2220642,1,caught,1,decode
4363,random_bytes,2418405,15,caught,1,decode
4364,zeroed_run,4776412,2906,caught,1,decode
4365,truncation,3014387,2429158,caught,1,decode
4366,header,916,1,caught,1,decode
4367,payload,1169854,1,caught,1,decode
4368,bit_flip,2471492,1,caught,1,decode
4369,random_bytes,3330827,12,caught,1,decode
4370,zeroed_run,2992820,1760,caught,1,decode
4371,truncation,1628914,3814631,caught,1,decode
4372,header,835,1,caught,1,decode
4373,payload,3115822,1,caught,1,decode
4374,bit_flip,716642,1,caught,1,decode
4375,random_bytes,2789436,5,caught,1,decode
4376,zeroed_run,2454534,1349,caught,1,decode
4377,truncation,4806689,636856,caught,1,decode
4378,header,881,1,caught,1,decode
4379,payload,3361160,1,caught,1,decode
4380,bit_flip,3847345,1,caught,1,decode
4381,random_bytes,4872943,7,caught,1,decode
4382,zeroed_run,409099,3063,caught,1,decode
4383,truncation,3922722,1520823,caught,1,decode
4384,header,190,1,caught,1,decode
4385,payload,1940768,1,caught,1,decode
4386,bit_flip,1319644,1,caught,1,decode
4387,random_bytes,3699015,10,caught,1,decode
4388,zeroed_run,4321008,3413,caught,1,decode
4389,truncation,3016694,2426851,caught,1,decode
4390,header,811,1,caught,1,decode
4391,payload,2238034,1,caught,1,decode
4392,bit_flip,2170859,1,caught,1,decode
4393,random_bytes,4816495,3,caught,1,decode
4394,zeroed_run,1418762,3342,caught,1,decode
4395,truncation,4915387,528158,caught,1,decode
4396,header,307,1,caught,1,decode
4397,payload,386854,1,caught,1,decode
4398,bit_flip,2088790,1,caught,1,decode
4399,random_bytes,2065232,6,caught,1,decode
4400,zeroed_run,2371285,384,caught,1,decode
4401,truncation,3318684,2124861,caught,1,decode
4402,header,857,1,caught,1,decode
4403,payload,2336506,1,caught,1,decode
4404,bit_flip,1113475,1,caught,1,decode
4405,random_bytes,3436258,7,caught,1,decode
4406,zeroed_run,3581637,4029,caught,1,decode
4407,truncation,2984408,2459137,caught,1,decode
4408,header,720,1,caught,1,decode
4409,payload,308645,1,caught,1,decode
4410,bit_flip,3866210,1,caught,1,decode
4411,random_bytes,3446424,12,caught,1,decode
4412,zeroed_run,3100062,2622,caught,1,decode
4413,truncation,1315942,4127603,caught,1,decode
4414,header,420,1,caught,1,decode
4415,payload,2344942,1,caught,1,decode
4416,bit_flip,1700825,1,caught,1,decode
4417,random_bytes,2085641,10,caught,1,decode
4418,zeroed_run,1298235,1027,caught,1,decode
4419,truncation,406318,5037227,caught,1,decode
4420,header,1,1,caught,1,decode
4421,payload,4973449,1,caught,1,decode
4422,bit_flip,4497735,1,caught,1,decode
4423,random_bytes,4182579,1,caught,1,decode
4424,zeroed_run,3494487,1833,caught,1,decode
4425,truncation,4310979,1132566,caught,1,decode
4426,header,357,1,caught,1,decode
4427,payload,5151042,1,caught,1,decode
4428,bit_flip,2637347,1,caught,1,decode
4429,random_bytes,2060058,9,caught,1,decode
4430,zeroed_run,429691,2479,caught,1,decode
4431,truncation,1697605,3745940,caught,1,decode
4432,header,947,1,caught,1,decode
4433,payload,979305,1,caught,1,decode
4434,bit_flip,1069085,1,caught,1,decode
4435,random_bytes,2426598,6,caught,1,decode
4436,zeroed_run,2071957,3793,caught,1,decode
4437,truncation,1326513,4117032,caught,1,decode
4438,header,826,1,caught,1,decode
4439,payload,2730424,1,caught,1,decode
4440,bit_flip,3174132,1,caught,1,decode
4441,random_bytes,4264473,11,caught,1,decode
4442,zeroed_run,560755,3855,caught,1,decode
4443,truncation,2258958,3184587,caught,1,decode
4444,header,800,1,caught,1,decode
4445,payload,3679903,1,caught,1,decode
4446,bit_flip,5405781,1,caught,1,decode
4447,random_bytes,3246874,5,caught,1,decode
4448,zeroed_run,2459963,3604,caught,1,decode
4449,truncation,5211491,232054,caught,1,decode
4450,header,490,1,caught,1,decode
4451,payload,4246731,1,caught,1,decode
4452,bit_flip,629863,1,caught,1,decode
4453,random_bytes,3425257,12,caught,1,decode
4454,zeroed_run,2188558,2293,caught,1,decode
4455,truncation,5227992,215553,caught,1,decode
4456,header,416,1,caught,1,decode
4457,payload,2765252,1,caught,1,decode
4458,bit_flip,3590327,1,caught,1,decode
4459,random_bytes,190277,9,caught,1,decode
4460,zeroed_run,1117511,1922,caught,1,decode
4461,truncation,4194427,1249118,caught,1,decode
4462,header,467,1,caught,1,decode
4463,payload,3740085,1,caught,1,decode
4464,bit_flip,727911,1,caught,1,decode
4465,random_bytes,2872284,12,caught,1,decode
4466,zeroed_run,2247624,3102,caught,1,decode
4467,truncation,1348512,4095033,caught,1,decode
4468,header,392,1,caught,1,decode
4469,payload,368101,1,caught,1,decode
4470,bit_flip,747214,1,caught,1,decode
4471,random_bytes,1815007,9,caught,1,decode
4472,zeroed_run,1167225,17,caught,1,decode
4473,truncation,3876668,1566877,caught,1,decode
4474,header,203,1,caught,1,decode
4475,payload,259615,1,caught,1,decode
4476,bit_flip,1839158,1,caught,1,decode
4477,random_bytes,698433,3,caught,1,decode
4478,zeroed_run,5129426,682,caught,1,decode
4479,truncation,1509559,3933986,caught,1,decode
4480,header,751,1,caught,1,decode
4481,payload,2110757,1,caught,1,decode
4482,bit_flip,5151396,1,caught,1,decode
4483,random_bytes,2318003,12,caught,1,decode
4484,zeroed_run,3834087,3033,caught,1,decode
4485,truncation,1262299,4181246,caught,1,decode
4486,header,463,1,caught,1,decode
4487,payload,1596878,1,caught,1,decode
4488,bit_flip,3333468,1,caught,1,decode
4489,random_bytes,765841,7,caught,1,decode
4490,zeroed_run,2753589,2792,caught,1,decode
4491,truncation,5225420,218125,caught,1,decode
4492,header,525,1,caught,1,decode
4493,payload,5254438,1,caught,1,decode
4494,bit_flip,4187756,1,caught,1,decode
4495,random_bytes,1690889,12,caught,1,decode
4496,zeroed_run,5045996,1056,caught,1,decode
4497,truncation,5440794,2751,caught,1,decode
4498,header,599,1,caught,1,decode
4499,payload,831349,1,caught,1,decode
4500,bit_flip,1274356,1,caught,1,decode
4501,random_bytes,3545698,5,caught,1,decode
4502,zeroed_run,2374139,856,caught,1,decode
4503,truncation,4768584,674961,caught,1,decode
4504,header,251,1,caught,1,decode
4505,payload,3103151,1,caught,1,decode
4506,bit_flip,4124579,1,caught,1,decode
4507,random_bytes,2667029,9,caught,1,decode
4508,zeroed_run,4989085,1004,caught,1,decode
4509,truncation,2117859,3325686,caught,1,decode
4510,header,400,1,caught,1,decode
4511,payload,406836,1,caught,1,decode
4512,bit_flip,2134071,1,caught,1,decode
4513,random_bytes,3150568,4,caught,1,decode
4514,zeroed_run,5236243,3880,caught,1,decode
4515,truncation,1737480,3706065,caught,1,decode
4516,header,176,1,caught,1,decode
4517,payload,4772254,1,caught,1,decode
4518,bit_flip,702719,1,caught,1,decode
4519,random_bytes,4789062,13,caught,1,decode
4520,zeroed_run,3003074,640,caught,1,decode
4521,truncation,3172471,2271074,caught,1,decode
4522,header,523,1,caught,1,decode
4523,payload,782872,1,caught,1,decode
4524,bit_flip,283557,1,caught,1,decode
4525,random_bytes,3658629,10,caught,1,decode
4526,zeroed_run,2404909,998,caught,1,decode
4527,truncation,3630656,1812889,caught,1,decode
4528,header,985,1,caught,1,decode
4529,payload,3708748,1,caught,1,decode
4530,bit_flip,5233215,1,caught,1,decode
4531,random_bytes,567153,9,caught,1,decode
4532,zeroed_run,463272,3517,caught,1,decode
4533,truncation,3310773,2132772,caught,1,decode
4534,header,293,1,caught,1,decode
4535,payload,4615462,1,caught,1,decode
4536,bit_flip,1257938,1,caught,1,decode
4537,random_bytes,3153740,6,caught,1,decode
4538,zeroed_run,2619070,849,caught,1,decode
4539,truncation,4512313,931232,caught,1,decode
4540,header,845,1,caught,1,decode
4541,payload,3142557,1,caught,1,decode
4542,bit_flip,512,1,caught,1,decode
4543,random_bytes,4443337,1,caught,1,decode
4544,zeroed_run,1917800,1360,caught,1,decode
4545,truncation,4495462,948083,caught,1,decode
4546,header,918,1,caught,1,decode
4547,payload,1110842,1,caught,1,decode
4548,bit_flip,2670896,1,caught,1,decode
4549,random_bytes,477463,13,caught,1,decode
4550,zeroed_run,5191308,1749,caught,1,decode
4551,truncation,2993007,2450538,caught,1,decode
4552,header,747,1,caught,1,decode
4553,payload,1643204,1,caught,1,decode
4554,bit_flip,4364751,1,caught,1,decode
4555,random_bytes,1967805,1,caught,1,decode
4556,zeroed_run,3215454,310,caught,1,decode
4557,truncation,1570340,3873205,caught,1,decode
4558,header,948,1,caught,1,decode
4559,payload,2238944,1,caught,1,decode
4560,bit_flip,4397947,1,caught,1,decode
4561,random_bytes,238117,14,caught,1,decode
4562,zeroed_run,4553616,375,caught,1,decode
4563,truncation,4822252,621293,caught,1,decode
4564,header,564,1,caught,1,decode
4565,payload,2517620,1,caught,1,decode
4566,bit_flip,414258,1,caught,1,decode
4567,random_bytes,2974357,2,caught,1,decode
4568,zeroed_run,5152740,3979,caught,1,decode
4569,truncation,513808,4929737,caught,1,decode
4570,header,377,1,caught,1,decode
4571,payload,5211339,1,caught,1,decode
4572,bit_flip,3558886,1,caught,1,decode
4573,random_bytes,3057473,2,caught,1,decode
4574,zeroed_run,1756397,1627,caught,1,decode
4575,truncation,1671319,3772226,caught,1,decode
4576,header,438,1,caught,1,decode
4577,payload,3757008,1,caught,1,decode
4578,bit_flip,818395,1,caught,1,decode
4579,random_bytes,539017,4,caught,1,decode
4580,zeroed_run,4569182,2073,caught,1,decode
4581,truncation,5055901,387644,caught,1,decode
4582,header,887,1,caught,1,decode
4583,payload,3198038,1,caught,1,decode
4584,bit_flip,5093022,1,caught,1,decode
4585,random_bytes,91087,12,caught,1,decode
4586,zeroed_run,2299282,805,caught,1,decode
4587,truncation,3733631,1709914,caught,1,decode
4588,header,170,1,caught,1,decode
4589,payload,2593492,1,caught,1,decode
4590,bit_flip,828,1,caught,1,decode
4591,random_bytes,1881279,6,caught,1,decode
4592,zeroed_run,446710,1709,caught,1,decode
4593,truncation,316443,5127102,caught,1,decode
4594,header,815,1,caught,1,decode
4595,payload,1190815,1,caught,1,decode
4596,bit_flip,3708026,1,caught,1,decode
4597,random_bytes,1002853,1,caught,1,decode
4598,zeroed_run,2707420,3429,caught,1,decode
4599,truncation,4819418,624127,caught,1,decode
4600,header,245,1,caught,1,decode
4601,payload,114211,1,caught,1,decode
4602,bit_flip,3218204,1,caught,1,decode
4603,random_bytes,4398703,7,caught,1,decode
4604,zeroed_run,2238460,1682,caught,1,decode
4605,truncation,5122891,320654,caught,1,decode
4606,header,452,1,caught,1,decode
4607,payload,3233208,1,caught,1,decode
4608,bit_flip,1887958,1,caught,1,decode
4609,random_bytes,443660,14,caught,1,decode
4610,zeroed_run,3537555,1465,caught,1,decode
4611,truncation,3747787,1695758,caught,1,decode
4612,header,835,1,caught,1,decode
4613,payload,4867825,1,caught,1,decode
4614,bit_flip,501614,1,caught,1,decode
4615,random_bytes,4863467,5,caught,1,decode
4616,zeroed_run,1678242,1548,caught,1,decode
4617,truncation,3388770,2054775,caught,1,decode
4618,header,754,1,caught,1,decode
4619,payload,2679126,1,caught,1,decode
4620,bit_flip,5096705,1,caught,1,decode
4621,random_bytes,1801268,11,caught,1,decode
4622,zeroed_run,2620766,2920,caught,1,decode
4623,truncation,779103,4664442,caught,1,decode
4624,header,91,1,caught,1,decode
4625,payload,2762531,1,caught,1,decode
4626,bit_flip,1405026,1,caught,1,decode
4627,random_bytes,3549123,15,caught,1,decode
4628,zeroed_run,954023,640,caught,1,decode
4629,truncation,3315125,2128420,caught,1,decode
4630,header,814,1,caught,1,decode
4631,payload,1103846,1,caught,1,decode
4632,bit_flip,1974184,1,caught,1,decode
4633,random_bytes,2501511,13,caught,1,decode
4634,zeroed_run,4871099,467,caught,1,decode
4635,truncation,4372113,1071432,caught,1,decode
4636,header,135,1,caught,1,decode
4637,payload,2446198,1,caught,1,decode
4638,bit_flip,886931,1,caught,1,decode
4639,random_bytes,1951744,10,caught,1,decode
4640,zeroed_run,5160113,1984,caught,1,decode
4641,truncation,664693,4778852,caught,1,decode
4642,header,259,1,caught,1,decode
4643,payload,1031356,1,caught,1,decode
4644,bit_flip,587244,1,caught,1,decode
4645,random_bytes,4211652,7,caught,1,decode
4646,zeroed_run,4967651,685,caught,1,decode
4647,truncation,596366,4847179,caught,1,decode
4648,header,966,1,caught,1,decode
4649,payload,5398069,1,caught,1,decode
4650,bit_flip,4676121,1,caught,1,decode
4651,random_bytes,2693787,1,caught,1,decode
4652,zeroed_run,329192,3735,caught,1,decode
4653,truncation,3441831,2001714,caught,1,decode
4654,header,563,1,caught,1,decode
4655,payload,886984,1,caught,1,decode
4656,bit_flip,5209186,1,caught,1,decode
4657,random_bytes,1193403,1,caught,1,decode
4658,zeroed_run,974268,2048,caught,1,decode
4659,truncation,1426032,4017513,caught,1,decode
4660,header,567,1,caught,1,decode
4661,payload,5166982,1,caught,1,decode
4662,bit_flip,372804,1,caught,1,decode
4663,random_bytes,4167621,15,caught,1,decode
4664,zeroed_run,1210028,701,caught,1,decode
4665,truncation,1712816,3730729,caught,1,decode
4666,header,30,1,caught,1,decode
4667,payload,4457694,1,caught,1,decode
4668,bit_flip,2404457,1,caught,1,decode
4669,random_bytes,5053298,10,caught,1,decode
4670,zeroed_run,740325,1599,caught,1,decode
4671,truncation,180293,5263252,caught,1,decode
4672,header,356,1,caught,1,decode
4673,payload,2214498,1,caught,1,decode
4674,bit_flip,3641378,1,caught,1,decode
4675,random_bytes,3593692,1,caught,1,decode
4676,zeroed_run,3006536,3024,caught,1,decode
4677,truncation,3098035,2345510,caught,1,decode
4678,header,533,1,caught,1,decode
4679,payload,4135167,1,caught,1,decode
4680,bit_flip,4076497,1,caught,1,decode
4681,random_bytes,3397610,9,caught,1,decode
4682,zeroed_run,3134332,2952,caught,1,decode
4683,truncation,307795,5135750,caught,1,decode
4684,header,649,1,caught,1,decode
4685,payload,2995201,1,caught,1,decode
4686,bit_flip,2997225,1,caught,1,decode
4687,random_bytes,112833,11,caught,1,decode
4688,zeroed_run,5354940,3894,caught,1,decode
4689,truncation,727428,4716117,caught,1,decode
4690,header,161,1,caught,1,decode
4691,payload,252730,1,caught,1,decode
4692,bit_flip,2060173,1,caught,1,decode
4693,random_bytes,20762,1,caught,1,decode
4694,zeroed_run,5347606,222,caught,1,decode
4695,truncation,4034743,1408802,caught,1,decode
4696,header,894,1,caught,1,decode
4697,payload,246976,1,caught,1,decode
4698,bit_flip,391188,1,caught,1,decode
4699,random_bytes,4561410,16,caught,1,decode
4700,zeroed_run,2506591,1638,caught,1,decode
4701,truncation,5215413,228132,caught,1,decode
4702,header,32,1,caught,1,decode
4703,payload,5338561,1,caught,1,decode
4704,bit_flip,311162,1,caught,1,decode
4705,random_bytes,3443111,5,caught,1,decode
4706,zeroed_run,1233767,1754,caught,1,decode
4707,truncation,2782430,2661115,caught,1,decode
4708,header,928,1,caught,1,decode
4709,payload,3335064,1,caught,1,decode
4710,bit_flip,3207865,1,caught,1,decode
4711,random_bytes,1305131,7,caught,1,decode
4712,zeroed_run,5208574,3221,caught,1,decode
4713,truncation,268863,5174682,caught,1,decode
4714,header,375,1,caught,1,decode
4715,payload,330948,1,caught,1,decode
4716,bit_flip,1682477,1,caught,1,decode
4717,random_bytes,4408917,16,caught,1,decode
4718,zeroed_run,888446,2553,caught,1,decode
4719,truncation,2231067,3212478,caught,1,decode
4720,header,539,1,caught,1,decode
4721,payload,3842162,1,caught,1,decode
4722,bit_flip,329793,1,caught,1,decode
4723,random_bytes,1527041,13,caught,1,decode
4724,zeroed_run,2147545,2041,caught,1,decode
4725,truncation,3143841,2299704,caught,1,decode
4726,header,180,1,caught,1,decode
4727,payload,2130893,1,caught,1,decode
4728,bit_flip,4566417,1,caught,1,decode
4729,random_bytes,3769210,9,caught,1,decode
4730,zeroed_run,5381946,3880,caught,1,decode
4731,truncation,4557274,886271,caught,1,decode
4732,header,430,1,caught,1,decode
4733,payload,1281243,1,caught,1,decode
4734,bit_flip,3453633,1,caught,1,decode
4735,random_bytes,4450341,11,caught,1,decode
4736,zeroed_run,2807329,1912,caught,1,decode
4737,truncation,3957311,1486234,caught,1,decode
4738,header,898,1,caught,1,decode
4739,payload,502752,1,caught,1,decode
4740,bit_flip,307514,1,caught,1,decode
4741,random_bytes,3453462,14,caught,1,decode
4742,zeroed_run,3211937,1682,caught,1,decode
4743,truncation,5431706,11839,caught,1,decode
4744,header,949,1,caught,1,decode
4745,payload,1039906,1,caught,1,decode
4746,bit_flip,627392,1,caught,1,decode
4747,random_bytes,1922244,10,caught,1,decode
4748,zeroed_run,2528346,3834,caught,1,decode
4749,truncation,3425976,2017569,caught,1,decode
4750,header,2,1,caught,1,decode
4751,payload,325686,1,caught,1,decode
4752,bit_flip,171625,1,caught,1,decode
4753,random_bytes,533947,13,caught,1,decode
4754,zeroed_run,1712698,1774,caught,1,decode
4755,truncation,983056,4460489,caught,1,decode
4756,header,973,1,caught,1,decode
4757,payload,2786847,1,caught,1,decode
4758,bit_flip,5272157,1,caught,1,decode
4759,random_bytes,3033084,12,caught,1,decode
4760,zeroed_run,4755,1221,caught,1,decode
4761,truncation,5438565,4980,caught,1,decode
4762,header,526,1,caught,1,decode
4763,payload,1331368,1,caught,1,decode
4764,bit_flip,3707010,1,caught,1,decode
4765,random_bytes,607311,12,caught,1,decode
4766,zeroed_run,1418071,2382,caught,1,decode
4767,truncation,676153,4767392,caught,1,decode
4768,header,970,1,caught,1,decode
4769,payload,4606031,1,caught,1,decode
4770,bit_flip,598564,1,caught,1,decode
4771,random_bytes,4304967,13,caught,1,decode
4772,zeroed_run,527756,3667,caught,1,decode
4773,truncation,3929030,1514515,caught,1,decode
4774,header,240,1,caught,1,decode
4775,payload,289398,1,caught,1,decode
4776,bit_flip,3269477,1,caught,1,decode
4777,random_bytes,4121074,7,caught,1,decode
4778,zeroed_run,756959,2373,caught,1,decode
4779,truncation,4574724,868821,caught,1,decode
4780,header,315,1,caught,1,decode
4781,payload,2235325,1,caught,1,decode
4782,bit_flip,1667860,1,caught,1,decode
4783,random_bytes,38505,8,caught,1,decode
4784,zeroed_run,1969090,1182,caught,1,decode
4785,truncation,5030925,412620,caught,1,decode
4786,header,420,1,caught,1,decode
4787,payload,1349234,1,caught,1,decode
4788,bit_flip,3155676,1,caught,1,decode
4789,random_bytes,1879990,3,caught,1,decode
4790,zeroed_run,3369961,1212,caught,1,decode
4791,truncation,602649,4840896,caught,1,decode
4792,header,244,1,caught,1,decode
4793,payload,4766091,1,caught,1,decode
4794,bit_flip,4328241,1,caught,1,decode
4795,random_bytes,2814252,2,caught,1,decode
4796,zeroed_run,484879,1463,caught,1,decode
4797,truncation,3055190,2388355,caught,1,decode
4798,header,377,1,caught,1,decode
4799,payload,4772138,1,caught,1,decode
4800,bit_flip,2301536,1,caught,1,decode
4801,random_bytes,3685184,7,caught,1,decode
4802,zeroed_run,4626292,984,caught,1,decode
4803,truncation,2331583,3111962,caught,1,decode
4804,header,396,1,caught,1,decode
4805,payload,4813950,1,caught,1,decode
4806,bit_flip,475906,1,caught,1,decode
4807,random_bytes,2455219,3,caught,1,decode
4808,zeroed_run,3423689,753,caught,1,decode
4809,truncation,4363085,1080460,caught,1,decode
4810,header,667,1,caught,1,decode
4811,payload,3785691,1,caught,1,decode
4812,bit_flip,68123,1,caught,1,decode
4813,random_bytes,2677111,10,caught,1,decode
4814,zeroed_run,814462,1844,caught,1,decode
4815,truncation,4245314,1198231,caught,1,decode
4816,header,492,1,caught,1,decode
4817,payload,5051763,1,caught,1,decode
4818,bit_flip,4484591,1,caught,1,decode
4819,random_bytes,4894932,2,caught,1,decode
4820,zeroed_run,4848855,3129,caught,1,decode
4821,truncation,369383,5074162,caught,1,decode
4822,header,310,1,caught,1,decode
4823,payload,624515,1,caught,1,decode
4824,bit_flip,1426857,1,caught,1,decode
4825,random_bytes,1863218,1,caught,1,decode
4826,zeroed_run,2620451,43,caught,1,decode
4827,truncation,907047,4536498,caught,1,decode
4828,header,332,1,caught,1,decode
4829,payload,2532156,1,caught,1,decode
4830,bit_flip,4417256,1,caught,1,decode
4831,random_bytes,2341314,4,caught,1,decode
4832,zeroed_run,5110090,3371,caught,1,decode
4833,truncation,4376564,1066981,caught,1,decode
4834,header,872,1,caught,1,decode
4835,payload,739710,1,caught,1,decode
4836,bit_flip,3475595,1,caught,1,decode
4837,random_bytes,909284,7,caught,1,decode
4838,zeroed_run,2140995,1849,caught,1,decode
4839,truncation,72568,5370977,caught,1,decode
4840,header,776,1,caught,1,decode
4841,payload,5409428,1,caught,1,decode
4842,bit_flip,3396173,1,caught,1,decode
4843,random_bytes,249943,8,caught,1,decode
4844,zeroed_run,2999441,3220,caught,1,decode
4845,truncation,4932361,511184,caught,1,decode
4846,header,481,1,caught,1,decode
4847,payload,3008375,1,caught,1,decode
4848,bit_flip,4565316,1,caught,1,decode
4849,random_bytes,3221759,3,caught,1,decode
4850,zeroed_run,1243850,2772,caught,1,decode
4851,truncation,1876676,3566869,caught,1,decode
4852,header,166,1,caught,1,decode
4853,payload,2199506,1,caught,1,decode
4854,bit_flip,4400422,1,caught,1,decode
4855,random_bytes,3688951,13,caught,1,decode
4856,zeroed_run,3118470,3096,caught,1,decode
4857,truncation,2508191,2935354,caught,1,decode
4858,header,312,1,caught,1,decode
4859,payload,3405509,1,caught,1,decode
4860,bit_flip,953027,1,caught,1,decode
4861,random_bytes,4269166,4,caught,1,decode
4862,zeroed_run,1607544,2295,caught,1,decode
4863,truncation,4470496,973049,caught,1,decode
4864,header,994,1,caught,1,decode
4865,payload,4201271,1,caught,1,decode
4866,bit_flip,3509475,1,caught,1,decode
4867,random_bytes,2343564,5,caught,1,decode
4868,zeroed_run,2457088,3158,caught,1,decode
4869,truncation,1567868,3875677,caught,1,decode
4870,header,27,1,caught,1,decode
4871,payload,1810075,1,caught,1,decode
4872,bit_flip,3512251,1,caught,1,decode
4873,random_bytes,1808069,10,caught,1,decode
4874,zeroed_run,3124174,525,caught,1,decode
4875,truncation,1169931,4273614,caught,1,decode
4876,header,164,1,caught,1,decode
4877,payload,536412,1,caught,1,decode
4878,bit_flip,4111156,1,caught,1,decode
4879,random_bytes,435067,2,caught,1,decode
4880,zeroed_run,3403158,299,caught,1,decode
4881,truncation,1864467,3579078,caught,1,decode
4882,header,157,1,caught,1,decode
4883,payload,993718,1,caught,1,decode
4884,bit_flip,741342,1,caught,1,decode
4885,random_bytes,596629,13,caught,1,decode
4886,zeroed_run,1815236,272,caught,1,decode
4887,truncation,2393472,3050073,caught,1,decode
4888,header,721,1,caught,1,decode
4889,payload,1992353,1,caught,1,decode
4890,bit_flip,212348,1,caught,1,decode
4891,random_bytes,4401331,9,caught,1,decode
4892,zeroed_run,476469,1020,caught,1,decode
4893,truncation,789589,4653956,caught,1,decode
4894,header,141,1,caught,1,decode
4895,payload,2705117,1,caught,1,decode
4896,bit_flip,4411026,1,caught,1,decode
4897,random_bytes,1410549,5,caught,1,decode
4898,zeroed_run,639997,3732,caught,1,decode
4899,truncation,5087022,356523,caught,1,decode
4900,header,643,1,caught,1,decode
4901,payload,2805638,1,caught,1,decode
4902,bit_flip,4089543,1,caught,1,decode
4903,random_bytes,1205603,1,caught,1,decode
4904,zeroed_run,3479544,2241,caught,1,decode
4905,truncation,2667380,2776165,caught,1,decode
4906,header,239,1,caught,1,decode
4907,payload,2314887,1,caught,1,decode
4908,bit_flip,5100152,1,caught,1,decode
4909,random_bytes,3674081,15,caught,1,decode
4910,zeroed_run,4163374,1665,caught,1,decode
4911,truncation,1020668,4422877,caught,1,decode
4912,header,276,1,caught,1,decode
4913,payload,5371721,1,caught,1,decode
4914,bit_flip,3789606,1,caught,1,decode
4915,random_bytes,4810576,1,caught,1,decode
4916,zeroed_run,2411343,703,caught,1,decode
4917,truncation,4840859,602686,caught,1,decode
4918,header,49,1,caught,1,decode
4919,payload,4383672,1,caught,1,decode
4920,bit_flip,3485089,1,caught,1,decode
4921,random_bytes,5180573,2,caught,1,decode
4922,zeroed_run,4579334,1722,caught,1,decode
4923,truncation,3788580,1654965,caught,1,decode
4924,header,161,1,caught,1,decode
4925,payload,3778702,1,caught,1,decode
4926,bit_flip,2611422,1,caught,1,decode
4927,random_bytes,3828603,16,caught,1,decode
4928,zeroed_run,3493356,2103,caught,1,decode
4929,truncation,2317779,3125766,caught,1,decode
4930,header,84,1,caught,1,decode
4931,payload,1644184,1,caught,1,decode
4932,bit_flip,2996901,1,caught,1,decode
4933,random_bytes,3031296,5,caught,1,decode
4934,zeroed_run,4918253,1878,caught,1,decode
4935,truncation,1784023,3659522,caught,1,decode
4936,header,57,1,caught,1,decode
4937,payload,3160224,1,caught,1,decode
4938,bit_flip,3766351,1,caught,1,decode
4939,random_bytes,3247254,1,caught,1,decode
4940,zeroed_run,4072958,2251,caught,1,decode
4941,truncation,2619620,2823925,caught,1,decode
4942,header,1006,1,caught,1,decode
4943,payload,3968210,1,caught,1,decode
4944,bit_flip,892986,1,caught,1,decode
4945,random_bytes,1255098,6,caught,1,decode
4946,zeroed_run,3232996,2768,caught,1,decode
4947,truncation,1683748,3759797,caught,1,decode
4948,header,568,1,caught,1,decode
4949,payload,1073653,1,caught,1,decode
4950,bit_flip,4131576,1,caught,1,decode
4951,random_bytes,5418670,8,caught,1,decode
4952,zeroed_run,3510661,3155,caught,1,decode
4953,truncation,3758486,1685059,caught,1,decode
4954,header,681,1,caught,1,decode
4955,payload,5077566,1,caught,1,decode
4956,bit_flip,1915362,1,caught,1,decode
4957,random_bytes,4365143,15,caught,1,decode
4958,zeroed_run,3459993,2660,caught,1,decode
4959,truncation,1841930,3601615,caught,1,decode
4960,header,948,1,caught,1,decode
4961,payload,1739141,1,caught,1,decode
4962,bit_flip,1327102,1,caught,1,decode
4963,random_bytes,3481563,10,caught,1,decode
4964,zeroed_run,1795375,288,caught,1,decode
4965,truncation,690061,4753484,caught,1,decode
4966,header,568,1,caught,1,decode
4967,payload,3907700,1,caught,1,decode
4968,bit_flip,2753249,1,caught,1,decode
4969,random_bytes,5287232,3,caught,1,decode
4970,zeroed_run,1631142,3496,caught,1,decode
4971,truncation,3828575,1614970,caught,1,decode
4972,header,87,1,caught,1,decode
4973,payload,1595643,1,caught,1,decode
4974,bit_flip,2236906,1,caught,1,decode
4975,random_bytes,647796,9,caught,1,decode
4976,zeroed_run,2296644,709,caught,1,decode
4977,truncation,2448022,2995523,caught,1,decode
4978,header,793,1,caught,1,decode
4979,payload,4173729,1,caught,1,decode
4980,bit_flip,1661294,1,caught,1,decode
4981,random_bytes,2978778,10,caught,1,decode
4982,zeroed_run,4502683,2916,caught,1,decode
4983,truncation,3482367,1961178,caught,1,decode
4984,header,509,1,caught,1,decode
4985,payload,403320,1,caught,1,decode
4986,bit_flip,1475061,1,caught,1,decode
4987,random_bytes,2857595,6,caught,1,decode
4988,zeroed_run,3653697,4002,caught,1,decode
4989,truncation,5148305,295240,caught,1,decode
4990,header,416,1,caught,1,decode
4991,payload,2175865,1,caught,1,decode
4992,bit_flip,5406344,1,caught,1,decode
4993,random_bytes,1815468,9,caught,1,decode
4994,zeroed_run,4461644,643,caught,1,decode
4995,truncation,3326845,2116700,caught,1,decode
4996,header,866,1,caught,1,decode
4997,payload,2569232,1,caught,1,decode
4998,bit_flip,1202471,1,caught,1,decode
4999,random_bytes,40213,9,caught,1,decode
5000,zeroed_run,935135,355,caught,1,decode
5001,truncation,694796,4748749,caught,1,decode
5002,header,988,1,caught,1,decode
5003,payload,2239961,1,caught,1,decode
5004,bit_flip,5085085,1,caught,1,decode
5005,random_bytes,5284404,2,caught,1,decode
5006,zeroed_run,4449884,3271,caught,1,decode
5007,truncation,5295955,147590,caught,1,decode
5008,header,460,1,caught,1,decode
5009,payload,197257,1,caught,1,decode
5010,bit_flip,3043809,1,caught,1,decode
5011,random_bytes,342694,16,caught,1,decode
5012,zeroed_run,5198354,3353,caught,1,decode
5013,truncation,1231637,4211908,caught,1,decode
5014,header,917,1,caught,1,decode
5015,payload,3044950,1,caught,1,decode
5016,bit_flip,3408671,1,caught,1,decode
5017,random_bytes,3654311,12,caught,1,decode
5018,zeroed_run,889330,3602,caught,1,decode
5019,truncation,2076355,3367190,caught,1,decode
5020,header,649,1,caught,1,decode
5021,payload,2802504,1,caught,1,decode
5022,bit_flip,2165360,1,caught,1,decode
5023,random_bytes,3832600,12,caught,1,decode
5024,zeroed_run,4135926,779,caught,1,decode
5025,truncation,1272286,4171259,caught,1,decode
5026,header,667,1,caught,1,decode
5027,payload,3813156,1,caught,1,decode
5028,bit_flip,3740358,1,caught,1,decode
5029,random_bytes,3437819,12,caught,1,decode
5030,zeroed_run,4270884,1104,caught,1,decode
5031,truncation,1010266,4433279,caught,1,decode
5032,header,120,1,caught,1,decode
5033,payload,3353230,1,caught,1,decode
5034,bit_flip,1735641,1,caught,1,decode
5035,random_bytes,128481,7,caught,1,decode
5036,zeroed_run,3638026,3666,caught,1,decode
5037,truncation,5225379,218166,caught,1,decode
5038,header,531,1,caught,1,decode
5039,payload,1591582,1,caught,1,decode
5040,bit_flip,1130681,1,caught,1,decode
5041,random_bytes,454175,7,caught,1,decode
5042,zeroed_run,1055854,1669,caught,1,decode
5043,truncation,429324,5014221,caught,1,decode
5044,header,49,1,caught,1,decode
5045,payload,3187573,1,caught,1,decode
5046,bit_flip,369459,1,caught,1,decode
5047,random_bytes,5027568,3,caught,1,decode
5048,zeroed_run,1570289,2584,caught,1,decode
5049,truncation,966231,4477314,caught,1,decode
5050,header,537,1,caught,1,decode
5051,payload,851168,1,caught,1,decode
5052,bit_flip,3522454,1,caught,1,decode
5053,random_bytes,5037622,4,caught,1,decode
5054,zeroed_run,2334438,2610,caught,1,decode
5055,truncation,1687880,3755665,caught,1,decode
5056,header,641,1,caught,1,decode
5057,payload,3913563,1,caught,1,decode
5058,bit_flip,3187972,1,caught,1,decode
5059,random_bytes,1038680,14,caught,1,decode
5060,zeroed_run,4963827,3514,caught,1,decode
5061,truncation,3027738,2415807,caught,1,decode
5062,header,75,1,caught,1,decode
5063,payload,2910407,1,caught,1,decode
5064,bit_flip,2364080,1,caught,1,decode
5065,random_bytes,5294583,16,caught,1,decode
5066,zeroed_run,767181,1894,caught,1,decode
5067,truncation,4087634,1355911,caught,1,decode
5068,header,836,1,caught,1,decode
5069,payload,5145911,1,caught,1,decode
5070,bit_flip,868548,1,caught,1,decode
5071,random_bytes,3218652,12,caught,1,decode
5072,zeroed_run,4722027,3305,caught,1,decode
5073,truncation,4122629,1320916,caught,1,decode
5074,header,152,1,caught,1,decode
5075,payload,1939837,1,caught,1,decode
5076,bit_flip,724348,1,caught,1,decode
5077,random_bytes,4204486,15,caught,1,decode
5078,zeroed_run,4958956,2770,caught,1,decode
5079,truncation,3645416,1798129,caught,1,decode
5080,header,127,1,caught,1,decode
5081,payload,71353,1,caught,1,decode
5082,bit_flip,188609,1,caught,1,decode
5083,random_bytes,4183779,2,caught,1,decode
5084,zeroed_run,2513658,1688,caught,1,decode
5085,truncation,2959284,2484261,caught,1,decode
5086,header,854,1,caught,1,decode
5087,payload,3504470,1,caught,1,decode
5088,bit_flip,5335037,1,caught,1,decode
5089,random_bytes,747400,3,caught,1,decode
5090,zeroed_run,4275200,2464,caught,1,decode
5091,truncation,5022162,421383,caught,1,decode
5092,header,653,1,caught,1,decode
5093,payload,2561755,1,caught,1,decode
5094,bit_flip,4448756,1,caught,1,decode
5095,random_bytes,5402607,16,caught,1,decode
5096,zeroed_run,1605315,606,caught,1,decode
5097,truncation,3651891,1791654,caught,1,decode
5098,header,47,1,caught,1,decode
5099,payload,2806476,1,caught,1,decode
5100,bit_flip,3798750,1,caught,1,decode
5101,random_bytes,991869,3,caught,1,decode
5102,zeroed_run,1571536,3966,caught,1,decode
5103,truncation,4660148,783397,caught,1,decode
5104,header,642,1,caught,1,decode
5105,payload,1906595,1,caught,1,decode
5106,bit_flip,4383012,1,caught,1,decode
5107,random_bytes,1847950,9,caught,1,decode
5108,zeroed_run,1386034,761,caught,1,decode
5109,truncation,55746,5387799,caught,1,decode
5110,header,750,1,caught,1,decode
5111,payload,1811648,1,caught,1,decode
5112,bit_flip,4378024,1,caught,1,decode
5113,random_bytes,2512340,12,caught,1,decode
5114,zeroed_run,3320931,2779,caught,1,decode
5115,truncation,1918566,3524979,caught,1,decode
5116,header,8,1,caught,1,decode
5117,payload,299776,1,caught,1,decode
5118,bit_flip,4527802,1,caught,1,decode
5119,random_bytes,2659753,16,caught,1,decode
5120,zeroed_run,5157036,1399,caught,1,decode
5121,truncation,1607368,3836177,caught,1,decode
5122,header,674,1,caught,1,decode
5123,payload,164979,1,caught,1,decode
5124,bit_flip,5259962,1,caught,1,decode
5125,random_bytes,621869,5,caught,1,decode
5126,zeroed_run,199036,3779,caught,1,decode
5127,truncation,2643449,2800096,caught,1,decode
5128,header,398,1,caught,1,decode
5129,payload,5243925,1,caught,1,decode
5130,bit_flip,1156274,1,caught,1,decode
5131,random_bytes,2077469,4,caught,1,decode
5132,zeroed_run,4163693,3896,caught,1,decode
5133,truncation,2564251,2879294,caught,1,decode
5134,header,187,1,caught,1,decode
5135,payload,1303074,1,caught,1,decode
5136,bit_flip,4050727,1,caught,1,decode
5137,random_bytes,4581484,8,caught,1,decode
5138,zeroed_run,668607,1630,caught,1,decode
5139,truncation,3862048,1581497,caught,1,decode
5140,header,495,1,caught,1,decode
5141,payload,1268299,1,caught,1,decode
5142,bit_flip,2834837,1,caught,1,decode
5143,random_bytes,2976642,9,caught,1,decode
5144,zeroed_run,2276904,3005,caught,1,decode
5145,truncation,2054066,3389479,caught,1,decode
5146,header,832,1,caught,1,decode
5147,payload,2204251,1,caught,1,decode
5148,bit_flip,3401131,1,caught,1,decode
5149,random_bytes,182085,12,caught,1,decode
5150,zeroed_run,130047,2734,caught,1,decode
5151,truncation,1068584,4374961,caught,1,decode
5152,header,488,1,caught,1,decode
5153,payload,3811803,1,caught,1,decode
5154,bit_flip,1015283,1,caught,1,decode
5155,random_bytes,3376212,3,caught,1,decode
5156,zeroed_run,2122919,689,caught,1,decode
5157,truncation,4777871,665674,caught,1,decode
5158,header,221,1,caught,1,decode
5159,payload,4885809,1,caught,1,decode
5160,bit_flip,3405962,1,caught,1,decode
5161,random_bytes,147901,5,caught,1,decode
5162,zeroed_run,3171038,2242,caught,1,decode
5163,truncation,3270110,2173435,caught,1,decode
5164,header,904,1,caught,1,decode
5165,payload,5188147,1,caught,1,decode
5166,bit_flip,1476089,1,caught,1,decode
5167,random_bytes,2743615,12,caught,1,decode
5168,zeroed_run,2083363,1617,caught,1,decode
5169,truncation,4802244,641301,caught,1,decode
5170,header,561,1,caught,1,decode
5171,payload,4216481,1,caught,1,decode
5172,bit_flip,4174745,1,caught,1,decode
5173,random_bytes,2834805,6,caught,1,decode
5174,zeroed_run,2774269,93,caught,1,decode
5175,truncation,1705213,3738332,caught,1,decode
5176,header,7,1,caught,1,decode
5177,payload,4866840,1,caught,1,decode
5178,bit_flip,3959446,1,caught,1,decode
5179,random_bytes,2382514,11,caught,1,decode
5180,zeroed_run,3568083,1022,caught,1,decode
5181,truncation,329214,5114331,caught,1,decode
5182,header,249,1,caught,1,decode
5183,payload,4409911,1,caught,1,decode
5184,bit_flip,1392546,1,caught,1,decode
5185,random_bytes,2939331,1,caught,1,decode
5186,zeroed_run,1480641,1029,caught,1,decode
5187,truncation,4231003,1212542,caught,1,decode
5188,header,443,1,caught,1,decode
5189,payload,4849954,1,caught,1,decode
5190,bit_flip,174391,1,caught,1,decode
5191,random_bytes,605422,6,caught,1,decode
5192,zeroed_run,1677258,2869,caught,1,decode
5193,truncation,4423797,1019748,caught,1,decode
5194,header,45,1,caught,1,decode
5195,payload,897011,1,caught,1,decode
5196,bit_flip,4327447,1,caught,1,decode
5197,random_bytes,126055,5,caught,1,decode
5198,zeroed_run,2605665,2876,caught,1,decode
5199,truncation,91230,5352315,caught,1,decode
5200,header,859,1,caught,1,decode
5201,payload,2116835,1,caught,1,decode
5202,bit_flip,4449181,1,caught,1,decode
5203,random_bytes,100282,11,caught,1,decode
5204,zeroed_run,980968,2316,caught,1,decode
5205,truncation,1995150,3448395,caught,1,decode
5206,header,620,1,caught,1,decode
5207,payload,4844418,1,caught,1,decode
5208,bit_flip,4858203,1,caught,1,decode
5209,random_bytes,2013520,7,caught,1,decode
5210,zeroed_run,1986130,2965,caught,1,decode
5211,truncation,2583522,2860023,caught,1,decode
5212,header,186,1,caught,1,decode
5213,payload,493605,1,caught,1,decode
5214,bit_flip,3218871,1,caught,1,decode
5215,random_bytes,3332053,11,caught,1,decode
5216,zeroed_run,2095129,562,caught,1,decode
5217,truncation,2554196,2889349,caught,1,decode
5218,header,749,1,caught,1,decode
5219,payload,4084375,1,caught,1,decode
5220,bit_flip,257548,1,caught,1,decode
5221,random_bytes,4218883,1,caught,1,decode
5222,zeroed_run,3184424,3192,caught,1,decode
5223,truncation,4807880,635665,caught,1,decode
5224,header,871,1,caught,1,decode
5225,payload,2994926,1,caught,1,decode
5226,bit_flip,5182008,1,caught,1,decode
5227,random_bytes,1020240,9,caught,1,decode
5228,zeroed_run,3533149,785,caught,1,decode
5229,truncation,1120389,4323156,caught,1,decode
5230,header,224,1,caught,1,decode
5231,payload,1739623,1,caught,1,decode
5232,bit_flip,755554,1,caught,1,decode
5233,random_bytes,5015413,1,caught,1,decode
5234,zeroed_run,792375,3317,caught,1,decode
5235,truncation,3216813,2226732,caught,1,decode
5236,header,831,1,caught,1,decode
5237,payload,4895347,1,caught,1,decode
5238,bit_flip,4531735,1,caught,1,decode
5239,random_bytes,1062511,12,caught,1,decode
5240,zeroed_run,2893233,2576,caught,1,decode
5241,truncation,3749177,1694368,caught,1,decode
5242,header,606,1,caught,1,decode
5243,payload,3699831,1,caught,1,decode
5244,bit_flip,4064221,1,caught,1,decode
5245,random_bytes,2394076,3,caught,1,decode
5246,zeroed_run,2887011,603,caught,1,decode
5247,truncation,5405350,38195,caught,1,decode
5248,header,221,1,caught,1,decode
5249,payload,343549,1,caught,1,decode
5250,bit_flip,3530500,1,caught,1,decode
5251,random_bytes,3134659,11,caught,1,decode
5252,zeroed_run,232916,1459,caught,1,decode
5253,truncation,955675,4487870,caught,1,decode
5254,header,246,1,caught,1,decode
5255,payload,1433237,1,caught,1,decode
5256,bit_flip,2548763,1,caught,1,decode
5257,random_bytes,2091174,8,caught,1,decode
5258,zeroed_run,3016284,3392,caught,1,decode
5259,truncation,1875789,3567756,caught,1,decode
5260,header,380,1,caught,1,decode
5261,payload,4679770,1,caught,1,decode
5262,bit_flip,523502,1,caught,1,decode
5263,random_bytes,4267952,8,caught,1,decode
5264,zeroed_run,3537388,2837,caught,1,decode
5265,truncation,3162484,2281061,caught,1,decode
5266,header,361,1,caught,1,decode
5267,payload,584432,1,caught,1,decode
5268,bit_flip,1409453,1,caught,1,decode
5269,random_bytes,3446906,11,caught,1,decode
5270,zeroed_run,5138070,1119,caught,1,decode
5271,truncation,784601,4658944,caught,1,decode
5272,header,604,1,caught,1,decode
5273,payload,1797949,1,caught,1,decode
5274,bit_flip,123713,1,caught,1,decode
5275,random_bytes,1253982,1,harmless,0,decode
5276,zeroed_run,2864900,772,caught,1,decode
5277,truncation,802645,4640900,caught,1,decode
5278,header,999,1,caught,1,decode
5279,payload,2013563,1,caught,1,decode
5280,bit_flip,677454,1,caught,1,decode
5281,random_bytes,275415,12,caught,1,decode
5282,zeroed_run,1989205,1395,caught,1,decode
5283,truncation,4047778,1395767,caught,1,decode
5284,header,504,1,caught,1,decode
5285,payload,2924385,1,caught,1,decode
5286,bit_flip,378137,1,caught,1,decode
5287,random_bytes,2082069,5,caught,1,decode
5288,zeroed_run,379969,2262,caught,1,decode
5289,truncation,130166,5313379,caught,1,decode
5290,header,443,1,caught,1,decode
5291,payload,3724382,1,caught,1,decode
5292,bit_flip,2695227,1,caught,1,decode
5293,random_bytes,4415075,14,caught,1,decode
5294,zeroed_run,973042,1221,caught,1,decode
5295,truncation,1255306,4188239,caught,1,decode
5296,header,975,1,caught,1,decode
5297,payload,4174761,1,caught,1,decode
5298,bit_flip,2187836,1,caught,1,decode
5299,random_bytes,1257681,3,caught,1,decode
5300,zeroed_run,4097688,2849,caught,1,decode
5301,truncation,4773422,670123,caught,1,decode
5302,header,987,1,caught,1,decode
5303,payload,3404713,1,caught,1,decode
5304,bit_flip,607676,1,caught,1,decode
5305,random_bytes,3052580,2,caught,1,decode
5306,zeroed_run,4582418,2889,caught,1,decode
5307,truncation,1931370,3512175,caught,1,decode
5308,header,400,1,caught,1,decode
5309,payload,79020,1,caught,1,decode
5310,bit_flip,4898293,1,caught,1,decode
5311,random_bytes,1436729,16,caught,1,decode
5312,zeroed_run,987740,2490,caught,1,decode
5313,truncation,1183602,4259943,caught,1,decode
5314,header,490,1,caught,1,decode
5315,payload,3943795,1,caught,1,decode
5316,bit_flip,4166861,1,caught,1,decode
5317,random_bytes,4766430,15,caught,1,decode
5318,zeroed_run,5184581,1819,caught,1,decode
5319,truncation,5390337,53208,caught,1,decode
5320,header,595,1,caught,1,decode
5321,payload,2823864,1,caught,1,decode
5322,bit_flip,2452691,1,caught,1,decode
5323,random_bytes,2360011,9,caught,1,decode
5324,zeroed_run,1696921,3919,caught,1,decode
5325,truncation,5068868,374677,caught,1,decode
5326,header,873,1,caught,1,decode
5327,payload,4875837,1,caught,1,decode
5328,bit_flip,4088988,1,caught,1,decode
5329,random_bytes,3014352,2,caught,1,decode
5330,zeroed_run,4082647,3731,caught,1,decode
5331,truncation,4740508,703037,caught,1,decode
5332,header,917,1,caught,1,decode
5333,payload,4556901,1,caught,1,decode
5334,bit_flip,4810667,1,caught,1,decode
5335,random_bytes,5353058,3,caught,1,decode
5336,zeroed_run,178428,3195,caught,1,decode
5337,truncation,3645775,1797770,caught,1,decode
5338,header,157,1,caught,1,decode
5339,payload,1770560,1,caught,1,decode
5340,bit_flip,1166493,1,caught,1,decode
5341,random_bytes,3962190,7,caught,1,decode
5342,zeroed_run,2493065,393,caught,1,decode
5343,truncation,2464193,2979352,caught,1,decode
5344,header,1008,1,caught,1,decode
5345,payload,4011428,1,caught,1,decode
5346,bit_flip,276507,1,caught,1,decode
5347,random_bytes,1957489,14,caught,1,decode
5348,zeroed_run,3432738,3748,caught,1,decode
5349,truncation,4619557,823988,caught,1,decode
5350,header,700,1,caught,1,decode
5351,payload,3293458,1,caught,1,decode
5352,bit_flip,4468354,1,caught,1,decode
5353,random_bytes,3211385,3,caught,1,decode
5354,zeroed_run,3065979,2689,caught,1,decode
5355,truncation,1652566,3790979,caught,1,decode
5356,header,459,1,caught,1,decode
5357,payload,3506384,1,caught,1,decode
5358,bit_flip,3056902,1,caught,1,decode
5359,random_bytes,1365710,7,caught,1,decode
5360,zeroed_run,1516489,769,caught,1,decode
5361,truncation,2819244,2624301,caught,1,decode
5362,header,134,1,caught,1,decode
5363,payload,3834778,1,caught,1,decode
5364,bit_flip,142641,1,caught,1,decode
5365,random_bytes,2594146,13,caught,1,decode
5366,zeroed_run,1277665,684,caught,1,decode
5367,truncation,3560305,1883240,caught,1,decode
5368,header,999,1,caught,1,decode
5369,payload,3577234,1,caught,1,decode
5370,bit_flip,451575,1,caught,1,decode
5371,random_bytes,2499678,7,caught,1,decode
5372,zeroed_run,389337,466,caught,1,decode
5373,truncation,3597483,1846062,caught,1,decode
5374,header,403,1,caught,1,decode
5375,payload,4948568,1,caught,1,decode
5376,bit_flip,803531,1,caught,1,decode
5377,random_bytes,1260998,14,caught,1,decode
5378,zeroed_run,1416928,1080,caught,1,decode
5379,truncation,4312202,1131343,caught,1,decode
5380,header,606,1,caught,1,decode
5381,payload,3955393,1,caught,1,decode
5382,bit_flip,1911937,1,caught,1,decode
5383,random_bytes,3890400,15,caught,1,decode
5384,zeroed_run,4880796,1534,caught,1,decode
5385,truncation,4150920,1292625,caught,1,decode
5386,header,408,1,caught,1,decode
5387,payload,654380,1,caught,1,decode
5388,bit_flip,5374884,1,caught,1,decode
5389,random_bytes,2830378,10,caught,1,decode
5390,zeroed_run,4519792,3805,caught,1,decode
5391,truncation,2396829,3046716,caught,1,decode
5392,header,677,1,caught,1,decode
5393,payload,5128871,1,caught,1,decode
5394,bit_flip,4829236,1,caught,1,decode
5395,random_bytes,3758400,16,caught,1,decode
5396,zeroed_run,564916,3045,caught,1,decode
5397,truncation,1237081,4206464,caught,1,decode
5398,header,233,1,caught,1,decode
5399,payload,5336414,1,caught,1,decode
5400,bit_flip,4434545,1,caught,1,decode
5401,random_bytes,5417139,15,caught,1,decode
5402,zeroed_run,517186,602,caught,1,decode
5403,truncation,3138942,2304603,caught,1,decode
5404,header,484,1,caught,1,decode
5405,payload,3924641,1,caught,1,decode
5406,bit_flip,5205408,1,caught,1,decode
5407,random_bytes,4698784,1,caught,1,decode
5408,zeroed_run,1278447,3261,caught,1,decode
5409,truncation,1545743,3897802,caught,1,decode
5410,header,413,1,caught,1,decode
5411,payload,3199722,1,caught,1,decode
5412,bit_flip,1345955,1,caught,1,decode
5413,random_bytes,4159360,12,caught,1,decode
5414,zeroed_run,629392,868,caught,1,decode
5415,truncation,1853156,3590389,caught,1,decode
5416,header,873,1,caught,1,decode
5417,payload,1973920,1,caught,1,decode
5418,bit_flip,2258070,1,caught,1,decode
5419,random_bytes,2273230,3,caught,1,decode
5420,zeroed_run,4399226,4084,caught,1,decode
5421,truncation,1589613,3853932,caught,1,decode
5422,header,527,1,caught,1,decode
5423,payload,273545,1,caught,1,decode
5424,bit_flip,3960258,1,caught,1,decode
5425,random_bytes,3454115,11,caught,1,decode
5426,zeroed_run,4087904,2412,caught,1,decode
5427,truncation,1244096,4199449,caught,1,decode
5428,header,105,1,caught,1,decode
5429,payload,3039469,1,caught,1,decode
5430,bit_flip,2115329,1,caught,1,decode
5431,random_bytes,2183116,3,caught,1,decode
5432,zeroed_run,3642471,955,caught,1,decode
5433,truncation,292708,5150837,caught,1,decode
5434,header,204,1,caught,1,decode
5435,payload,843546,1,caught,1,decode
5436,bit_flip,5311416,1,caught,1,decode
5437,random_bytes,5057713,5,caught,1,decode
5438,zeroed_run,4581825,1389,caught,1,decode
5439,truncation,2902482,2541063,caught,1,decode
5440,header,204,1,caught,1,decode
5441,payload,4068238,1,caught,1,decode
5442,bit_flip,3546164,1,caught,1,decode
5443,random_bytes,2112205,3,caught,1,decode
5444,zeroed_run,4149932,3161,caught,1,decode
5445,truncation,4921079,522466,caught,1,decode
5446,header,204,1,caught,1,decode
5447,payload,1709773,1,caught,1,decode
5448,bit_flip,855755,1,caught,1,decode
5449,random_bytes,4763401,5,caught,1,decode
5450,zeroed_run,2443118,1238,caught,1,decode
5451,truncation,223804,5219741,caught,1,decode
5452,header,548,1,caught,1,decode
5453,payload,91790,1,caught,1,decode
5454,bit_flip,5025364,1,caught,1,decode
5455,random_bytes,4684354,12,caught,1,decode
5456,zeroed_run,4566522,143,caught,1,decode
5457,truncation,1759395,3684150,caught,1,decode
5458,header,798,1,caught,1,decode
5459,payload,4275213,1,caught,1,decode
5460,bit_flip,5863,1,caught,1,decode
5461,random_bytes,3076141,9,caught,1,decode
5462,zeroed_run,3075313,1745,caught,1,decode
5463,truncation,39309,5404236,caught,1,decode
5464,header,665,1,caught,1,decode
5465,payload,2186024,1,caught,1,decode
5466,bit_flip,1735589,1,caught,1,decode
5467,random_bytes,3049026,6,caught,1,decode
5468,zeroed_run,5247545,3054,caught,1,decode
5469,truncation,2660126,2783419,caught,1,decode
5470,header,561,1,caught,1,decode
5471,payload,1223657,1,caught,1,decode
5472,bit_flip,4027764,1,caught,1,decode
5473,random_bytes,1924309,1,caught,1,decode
5474,zeroed_run,3967448,1672,caught,1,decode
5475,truncation,1940977,3502568,caught,1,decode
5476,header,505,1,caught,1,decode
5477,payload,1459311,1,caught,1,decode
5478,bit_flip,2779841,1,caught,1,decode
5479,random_bytes,2482455,5,caught,1,decode
5480,zeroed_run,2746904,2143,caught,1,decode
5481,truncation,651361,4792184,caught,1,decode
5482,header,611,1,caught,1,decode
5483,payload,4207940,1,caught,1,decode
5484,bit_flip,1272576,1,caught,1,decode
5485,random_bytes,1770802,15,caught,1,decode
5486,zeroed_run,4833934,2630,caught,1,decode
5487,truncation,5186441,257104,caught,1,decode
5488,header,785,1,caught,1,decode
5489,payload,5327825,1,caught,1,decode
5490,bit_flip,902710,1,caught,1,decode
5491,random_bytes,4719474,14,caught,1,decode
5492,zeroed_run,1794041,3766,caught,1,decode
5493,truncation,4570464,873081,caught,1,decode
5494,header,154,1,caught,1,decode
5495,payload,4817384,1,caught,1,decode
5496,bit_flip,1991141,1,caught,1,decode
5497,random_bytes,3723303,4,caught,1,decode
5498,zeroed_run,4741475,666,caught,1,decode
5499,truncation,1155902,4287643,caught,1,decode
5500,header,209,1,caught,1,decode
5501,payload,2256360,1,caught,1,decode
5502,bit_flip,3835550,1,caught,1,decode
5503,random_bytes,1085249,2,caught,1,decode
5504,zeroed_run,4265606,3572,caught,1,decode
5505,truncation,4136603,1306942,caught,1,decode
5506,header,554,1,caught,1,decode
5507,payload,3508965,1,caught,1,decode
5508,bit_flip,4886317,1,caught,1,decode
5509,random_bytes,2918405,14,caught,1,decode
5510,zeroed_run,460041,2365,caught,1,decode
5511,truncation,1604147,3839398,caught,1,decode
5512,header,65,1,caught,1,decode
5513,payload,5334112,1,caught,1,decode
5514,bit_flip,381813,1,caught,1,decode
5515,random_bytes,5117697,7,caught,1,decode
5516,zeroed_run,3081417,2596,caught,1,decode
5517,truncation,242686,5200859,caught,1,decode
5518,header,641,1,caught,1,decode
5519,payload,800778,1,caught,1,decode
5520,bit_flip,1475938,1,caught,1,decode
5521,random_bytes,5333656,11,caught,1,decode
5522,zeroed_run,4755427,3213,caught,1,decode
5523,truncation,3670456,1773089,caught,1,decode
5524,header,143,1,caught,1,decode
5525,payload,2374989,1,caught,1,decode
5526,bit_flip,890952,1,caught,1,decode
5527,random_bytes,3511000,8,caught,1,decode
5528,zeroed_run,4180472,2124,caught,1,decode
5529,truncation,2885419,2558126,caught,1,decode
5530,header,1013,1,caught,1,decode
5531,payload,2840641,1,caught,1,decode
5532,bit_flip,3177493,1,caught,1,decode
5533,random_bytes,2571161,12,caught,1,decode
5534,zeroed_run,514097,837,caught,1,decode
5535,truncation,5061590,381955,caught,1,decode
5536,header,675,1,caught,1,decode
5537,payload,1271248,1,caught,1,decode
5538,bit_flip,1545511,1,caught,1,decode
5539,random_bytes,781603,15,caught,1,decode
5540,zeroed_run,3493021,1066,caught,1,decode
5541,truncation,1549971,3893574,caught,1,decode
5542,header,780,1,caught,1,decode
5543,payload,4907070,1,caught,1,decode
5544,bit_flip,3247627,1,caught,1,decode
5545,random_bytes,1296011,7,caught,1,decode
5546,zeroed_run,400159,3231,caught,1,decode
5547,truncation,886753,4556792,caught,1,decode
5548,header,383,1,caught,1,decode
5549,payload,381396,1,caught,1,decode
5550,bit_flip,1517478,1,caught,1,decode
5551,random_bytes,1939623,10,caught,1,decode
5552,zeroed_run,32961,169,caught,1,decode
5553,truncation,826416,4617129,caught,1,decode
5554,header,802,1,caught,1,decode
5555,payload,186341,1,caught,1,decode
5556,bit_flip,4440275,1,caught,1,decode
5557,random_bytes,1500825,10,caught,1,decode
5558,zeroed_run,3475831,2578,caught,1,decode
5559,truncation,233586,5209959,caught,1,decode
5560,header,268,1,caught,1,decode
5561,payload,1294868,1,caught,1,decode
5562,bit_flip,486132,1,caught,1,decode
5563,random_bytes,3607052,5,caught,1,decode
5564,zeroed_run,554073,2094,caught,1,decode
5565,truncation,4483184,960361,caught,1,decode
5566,header,802,1,caught,1,decode
5567,payload,2414051,1,caught,1,decode
5568,bit_flip,899589,1,caught,1,decode
5569,random_bytes,5148888,4,caught,1,decode
5570,zeroed_run,4514457,3854,caught,1,decode
5571,truncation,4138974,1304571,caught,1,decode
5572,header,627,1,caught,1,decode
5573,payload,144869,1,caught,1,decode
5574,bit_flip,4095263,1,caught,1,decode
5575,random_bytes,3962957,13,caught,1,decode
5576,zeroed_run,4147900,3539,caught,1,decode
5577,truncation,3471954,1971591,caught,1,decode
5578,header,629,1,caught,1,decode
5579,payload,2078926,1,caught,1,decode
5580,bit_flip,162833,1,caught,1,decode
5581,random_bytes,1299132,12,caught,1,decode
5582,zeroed_run,968471,1373,caught,1,decode
5583,truncation,5254718,188827,caught,1,decode
5584,header,120,1,caught,1,decode
5585,payload,1732123,1,caught,1,decode
5586,bit_flip,5086221,1,caught,1,decode
5587,random_bytes,596313,6,caught,1,decode
5588,zeroed_run,4175209,165,caught,1,decode
5589,truncation,3840416,1603129,caught,1,decode
5590,header,688,1,caught,1,decode
5591,payload,319649,1,caught,1,decode
5592,bit_flip,5083242,1,caught,1,decode
5593,random_bytes,1571780,13,caught,1,decode
5594,zeroed_run,114690,841,caught,1,decode
5595,truncation,292415,5151130,caught,1,decode
5596,header,581,1,caught,1,decode
5597,payload,5193439,1,caught,1,decode
5598,bit_flip,1292067,1,caught,1,decode
5599,random_bytes,1798176,11,caught,1,decode
5600,zeroed_run,3665818,3680,caught,1,decode
5601,truncation,5065700,377845,caught,1,decode
5602,header,907,1,caught,1,decode
5603,payload,3023848,1,caught,1,decode
5604,bit_flip,871503,1,caught,1,decode
5605,random_bytes,4022224,9,caught,1,decode
5606,zeroed_run,4917322,3188,caught,1,decode
5607,truncation,3127826,2315719,caught,1,decode
5608,header,111,1,caught,1,decode
5609,payload,1196397,1,caught,1,decode
5610,bit_flip,3334828,1,caught,1,decode
5611,random_bytes,1914879,7,caught,1,decode
5612,zeroed_run,1805461,3263,caught,1,decode
5613,truncation,551324,4892221,caught,1,decode
5614,header,749,1,caught,1,decode
5615,payload,2105390,1,caught,1,decode
5616,bit_flip,3650555,1,caught,1,decode
5617,random_bytes,3943175,12,caught,1,decode
5618,zeroed_run,3504503,2424,caught,1,decode
5619,truncation,2214868,3228677,caught,1,decode
5620,header,661,1,caught,1,decode
5621,payload,5019542,1,caught,1,decode
5622,bit_flip,3565802,1,caught,1,decode
5623,random_bytes,2464506,15,caught,1,decode
5624,zeroed_run,850554,277,caught,1,decode
5625,truncation,5063901,379644,caught,1,decode
5626,header,516,1,caught,1,decode
5627,payload,2083334,1,caught,1,decode
5628,bit_flip,3019651,1,caught,1,decode
5629,random_bytes,1954169,7,caught,1,decode
5630,zeroed_run,1549797,3976,caught,1,decode
5631,truncation,315541,5128004,caught,1,decode
5632,header,1001,1,caught,1,decode
5633,payload,479696,1,caught,1,decode
5634,bit_flip,5058719,1,caught,1,decode
5635,random_bytes,3008238,4,caught,1,decode
5636,zeroed_run,939951,4055,caught,1,decode
5637,truncation,2301326,3142219,caught,1,decode
5638,header,959,1,caught,1,decode
5639,payload,1907903,1,caught,1,decode
5640,bit_flip,664278,1,caught,1,decode
5641,random_bytes,369069,11,caught,1,decode
5642,zeroed_run,2773006,159,caught,1,decode
5643,truncation,1107817,4335728,caught,1,decode
5644,header,817,1,caught,1,decode
5645,payload,1280161,1,caught,1,decode
5646,bit_flip,3583883,1,caught,1,decode
5647,random_bytes,1039900,7,caught,1,decode
5648,zeroed_run,5315716,3095,caught,1,decode
5649,truncation,2503190,2940355,caught,1,decode
5650,header,14,1,caught,1,decode
5651,payload,1037368,1,caught,1,decode
5652,bit_flip,1469267,1,caught,1,decode
5653,random_bytes,876991,9,caught,1,decode
5654,zeroed_run,631251,3334,caught,1,decode
5655,truncation,2850389,2593156,caught,1,decode
5656,header,789,1,caught,1,decode
5657,payload,3037334,1,caught,1,decode
5658,bit_flip,4310861,1,caught,1,decode
5659,random_bytes,2325549,2,caught,1,decode
5660,zeroed_run,755387,3462,caught,1,decode
5661,truncation,104064,5339481,caught,1,decode
5662,header,749,1,caught,1,decode
5663,payload,5065766,1,caught,1,decode
5664,bit_flip,1733984,1,caught,1,decode
5665,random_bytes,4786020,1,caught,1,decode
5666,zeroed_run,1870149,1618,caught,1,decode
5667,truncation,4500866,942679,caught,1,decode
5668,header,21,1,harmless,0,decode
5669,payload,2054764,1,caught,1,decode
5670,bit_flip,1185698,1,caught,1,decode
5671,random_bytes,4162001,12,caught,1,decode
5672,zeroed_run,2918932,220,caught,1,decode
5673,truncation,3230988,2212557,caught,1,decode
5674,header,397,1,caught,1,decode
5675,payload,511437,1,caught,1,decode
5676,bit_flip,3993949,1,caught,1,decode
5677,random_bytes,1191861,4,caught,1,decode
5678,zeroed_run,2859955,2231,caught,1,decode
5679,truncation,5394042,49503,caught,1,decode
5680,header,909,1,caught,1,decode
5681,payload,1977085,1,caught,1,decode
5682,bit_flip,4475946,1,caught,1,decode
5683,random_bytes,4912487,6,caught,1,decode
5684,zeroed_run,2169290,503,caught,1,decode
5685,truncation,2055542,3388003,caught,1,decode
5686,header,1018,1,caught,1,decode
5687,payload,3705917,1,caught,1,decode
5688,bit_flip,1290030,1,caught,1,decode
5689,random_bytes,3314941,13,caught,1,decode
5690,zeroed_run,1444886,3708,caught,1,decode
5691,truncation,4780949,662596,caught,1,decode
5692,header,59,1,caught,1,decode
5693,payload,4539511,1,caught,1,decode
5694,bit_flip,2213865,1,caught,1,decode
5695,random_bytes,3719877,6,caught,1,decode
5696,zeroed_run,5051608,1893,caught,1,decode
5697,truncation,1555316,3888229,caught,1,decode
5698,header,73,1,caught,1,decode
5699,payload,3255144,1,caught,1,decode
5700,bit_flip,1670970,1,caught,1,decode
5701,random_bytes,4706407,8,caught,1,decode
5702,zeroed_run,4163805,3314,caught,1,decode
5703,truncation,2176445,3267100,caught,1,decode
5704,header,947,1,caught,1,decode
5705,payload,3962907,1,caught,1,decode
5706,bit_flip,107288,1,caught,1,decode
5707,random_bytes,1550700,6,caught,1,decode
5708,zeroed_run,1001559,1222,caught,1,decode
5709,truncation,2229370,3214175,caught,1,decode
5710,header,971,1,caught,1,decode
5711,payload,1089945,1,caught,1,decode
5712,bit_flip,3131412,1,caught,1,decode
5713,random_bytes,2036941,11,caught,1,decode
5714,zeroed_run,839808,3407,caught,1,decode
5715,truncation,3819157,1624388,caught,1,decode
5716,header,992,1,caught,1,decode
5717,payload,4867168,1,caught,1,decode
5718,bit_flip,4778186,1,caught,1,decode
5719,random_bytes,1494535,16,caught,1,decode
5720,zeroed_run,5008779,258,caught,1,decode
5721,truncation,4217035,1226510,caught,1,decode
5722,header,40,1,caught,1,decode
5723,payload,3802042,1,caught,1,decode
5724,bit_flip,2880191,1,caught,1,decode
5725,random_bytes,3310121,10,caught,1,decode
5726,zeroed_run,997216,4061,caught,1,decode
5727,truncation,2615593,2827952,caught,1,decode
5728,header,1006,1,caught,1,decode
5729,payload,493704,1,caught,1,decode
5730,bit_flip,5216575,1,caught,1,decode
5731,random_bytes,2741401,3,caught,1,decode
5732,zeroed_run,2881426,2782,caught,1,decode
5733,truncation,4682008,761537,caught,1,decode
5734,header,383,1,caught,1,decode
5735,payload,4484610,1,caught,1,decode
5736,bit_flip,3021445,1,caught,1,decode
5737,random_bytes,4802668,10,caught,1,decode
5738,zeroed_run,3691392,2574,caught,1,decode
5739,truncation,3314269,2129276,caught,1,decode
5740,header,407,1,caught,1,decode
5741,payload,1815774,1,caught,1,decode
5742,bit_flip,4476708,1,caught,1,decode
5743,random_bytes,541932,9,caught,1,decode
5744,zeroed_run,3858132,3863,caught,1,decode
5745,truncation,2010874,3432671,caught,1,decode
5746,header,858,1,caught,1,decode
5747,payload,723809,1,caught,1,decode
5748,bit_flip,4420331,1,caught,1,decode
5749,random_bytes,541317,4,caught,1,decode
5750,zeroed_run,3390309,2974,caught,1,decode
5751,truncation,446067,4997478,caught,1,decode
5752,header,672,1,caught,1,decode
5753,payload,1125368,1,caught,1,decode
5754,bit_flip,4463058,1,caught,1,decode
5755,random_bytes,5333509,8,caught,1,decode
5756,zeroed_run,897006,1484,caught,1,decode
5757,truncation,1072988,4370557,caught,1,decode
5758,header,526,1,caught,1,decode
5759,payload,4766749,1,caught,1,decode
5760,bit_flip,2088810,1,caught,1,decode
5761,random_bytes,4571847,3,caught,1,decode
5762,zeroed_run,475259,54,caught,1,decode
5763,truncation,3990193,1453352,caught,1,decode
5764,header,434,1,caught,1,decode
5765,payload,4583990,1,caught,1,decode
5766,bit_flip,3204145,1,caught,1,decode
5767,random_bytes,4560525,8,caught,1,decode
5768,zeroed_run,1202198,1264,caught,1,decode
5769,truncation,2477661,2965884,caught,1,decode
5770,header,771,1,caught,1,decode
5771,payload,5295714,1,caught,1,decode
5772,bit_flip,1369721,1,caught,1,decode
5773,random_bytes,1287558,3,caught,1,decode
5774,zeroed_run,4240407,3355,caught,1,decode
5775,truncation,1359978,4083567,caught,1,decode
5776,header,43,1,caught,1,decode
5777,payload,2163902,1,caught,1,decode
5778,bit_flip,838261,1,caught,1,decode
5779,random_bytes,4441186,16,caught,1,decode
5780,zeroed_run,1111173,2154,caught,1,decode
5781,truncation,214991,5228554,caught,1,decode
5782,header,383,1,caught,1,decode
5783,payload,358828,1,caught,1,decode
5784,bit_flip,2833461,1,caught,1,decode
5785,random_bytes,2693800,1,caught,1,decode
5786,zeroed_run,2662153,3088,caught,1,decode
5787,truncation,3779434,1664111,caught,1,decode
5788,header,439,1,caught,1,decode
5789,payload,2980404,1,caught,1,decode
5790,bit_flip,2812548,1,caught,1,decode
5791,random_bytes,5115822,8,caught,1,decode
5792,zeroed_run,407599,1589,caught,1,decode
5793,truncation,2325199,3118346,caught,1,decode
5794,header,1000,1,caught,1,decode
5795,payload,2072904,1,caught,1,decode
5796,bit_flip,4529067,1,caught,1,decode
5797,random_bytes,2838731,3,caught,1,decode
5798,zeroed_run,4399392,1654,caught,1,decode
5799,truncation,603784,4839761,caught,1,decode
5800,header,741,1,caught,1,decode
5801,payload,4987785,1,caught,1,decode
5802,bit_flip,4828053,1,caught,1,decode
5803,random_bytes,1043255,3,caught,1,decode
5804,zeroed_run,1866989,562,caught,1,decode
5805,truncation,1608173,3835372,caught,1,decode
5806,header,771,1,caught,1,decode
5807,payload,1151347,1,caught,1,decode
5808,bit_flip,5323113,1,caught,1,decode
5809,random_bytes,1278613,11,caught,1,decode
5810,zeroed_run,743913,4020,caught,1,decode
5811,truncation,1116904,4326641,caught,1,decode
5812,header,156,1,caught,1,decode
5813,payload,3441608,1,caught,1,decode
5814,bit_flip,4580478,1,caught,1,decode
5815,random_bytes,2326539,5,caught,1,decode
5816,zeroed_run,4713146,157,caught,1,decode
5817,truncation,3986102,1457443,caught,1,decode
5818,header,952,1,caught,1,decode
5819,payload,2971415,1,caught,1,decode
5820,bit_flip,2185731,1,caught,1,decode
5821,random_bytes,2072822,6,caught,1,decode
5822,zeroed_run,550140,1751,caught,1,decode
5823,truncation,4347065,1096480,caught,1,decode
5824,header,73,1,caught,1,decode
5825,payload,3938644,1,caught,1,decode
5826,bit_flip,4809709,1,caught,1,decode
5827,random_bytes,5418542,16,caught,1,decode
5828,zeroed_run,3928560,3409,caught,1,decode
5829,truncation,3256765,2186780,caught,1,decode
5830,header,584,1,caught,1,decode
5831,payload,1221858,1,caught,1,decode
5832,bit_flip,294423,1,caught,1,decode
5833,random_bytes,5114770,8,caught,1,decode
5834,zeroed_run,3204586,508,caught,1,decode
5835,truncation,142526,5301019,caught,1,decode
5836,header,508,1,caught,1,decode
5837,payload,3179306,1,caught,1,decode
5838,bit_flip,1097768,1,caught,1,decode
5839,random_bytes,3773193,16,caught,1,decode
5840,zeroed_run,2015402,3802,caught,1,decode
5841,truncation,1107793,4335752,caught,1,decode
5842,header,806,1,caught,1,decode
5843,payload,1981868,1,caught,1,decode
5844,bit_flip,4076941,1,caught,1,decode
5845,random_bytes,4249391,1,caught,1,decode
5846,zeroed_run,971533,263,caught,1,decode
5847,truncation,3531155,1912390,caught,1,decode
5848,header,699,1,caught,1,decode
5849,payload,5037958,1,caught,1,decode
5850,bit_flip,4830701,1,caught,1,decode
5851,random_bytes,3420691,6,caught,1,decode
5852,zeroed_run,2300502,1557,caught,1,decode
5853,truncation,2357694,3085851,caught,1,decode
5854,header,944,1,caught,1,decode
5855,payload,823134,1,caught,1,decode
5856,bit_flip,798839,1,caught,1,decode
5857,random_bytes,3933820,13,caught,1,decode
5858,zeroed_run,3103297,2674,caught,1,decode
5859,truncation,344868,5098677,caught,1,decode
5860,header,682,1,caught,1,decode
5861,payload,3999979,1,caught,1,decode
5862,bit_flip,4059999,1,caught,1,decode
5863,random_bytes,1698268,8,caught,1,decode
5864,zeroed_run,4051191,383,caught,1,decode
5865,truncation,5006652,436893,caught,1,decode
5866,header,250,1,caught,1,decode
5867,payload,1298024,1,caught,1,decode
5868,bit_flip,2339594,1,caught,1,decode
5869,random_bytes,3330417,4,caught,1,decode
5870,zeroed_run,177437,1279,caught,1,decode
5871,truncation,2073619,3369926,caught,1,decode
5872,header,746,1,caught,1,decode
5873,payload,520779,1,caught,1,decode
5874,bit_flip,3928926,1,caught,1,decode
5875,random_bytes,5178966,11,caught,1,decode
5876,zeroed_run,5432067,3493,caught,1,decode
5877,truncation,3517082,1926463,caught,1,decode
5878,header,283,1,caught,1,decode
5879,payload,3450584,1,caught,1,decode
5880,bit_flip,3649351,1,caught,1,decode
5881,random_bytes,1330719,15,caught,1,decode
5882,zeroed_run,3832623,2415,caught,1,decode
5883,truncation,106651,5336894,caught,1,decode
5884,header,190,1,caught,1,decode
5885,payload,1702141,1,caught,1,decode
5886,bit_flip,1994324,1,caught,1,decode
5887,random_bytes,1885110,3,caught,1,decode
5888,zeroed_run,2010999,2787,caught,1,decode
5889,truncation,2623857,2819688,caught,1,decode
5890,header,54,1,caught,1,decode
5891,payload,5202252,1,caught,1,decode
5892,bit_flip,3602720,1,caught,1,decode
5893,random_bytes,984009,11,caught,1,decode
5894,zeroed_run,112586,1546,caught,1,decode
5895,truncation,4038872,1404673,caught,1,decode
5896,header,843,1,caught,1,decode
5897,payload,2215399,1,caught,1,decode
5898,bit_flip,2981485,1,caught,1,decode
5899,random_bytes,264484,13,caught,1,decode
5900,zeroed_run,3751039,3978,caught,1,decode
5901,truncation,5214302,229243,caught,1,decode
5902,header,633,1,caught,1,decode
5903,payload,1681249,1,caught,1,decode
5904,bit_flip,327270,1,caught,1,decode
5905,random_bytes,3792145,16,caught,1,decode
5906,zeroed_run,900868,4035,caught,1,decode
5907,truncation,2359127,3084418,caught,1,decode
5908,header,125,1,caught,1,decode
5909,payload,2299079,1,caught,1,decode
5910,bit_flip,3162822,1,caught,1,decode
5911,random_bytes,15397,11,caught,1,decode
5912,zeroed_run,3430855,3317,caught,1,decode
5913,truncation,4684236,759309,caught,1,decode
5914,header,808,1,caught,1,decode
5915,payload,2680509,1,caught,1,decode
5916,bit_flip,277017,1,caught,1,decode
5917,random_bytes,4345739,14,caught,1,decode
5918,zeroed_run,4281855,2823,caught,1,decode
5919,truncation,4235096,1208449,caught,1,decode
5920,header,138,1,caught,1,decode
5921,payload,4055407,1,caught,1,decode
5922,bit_flip,1214360,1,caught,1,decode
5923,random_bytes,4551445,6,caught,1,decode
5924,zeroed_run,2709242,3377,caught,1,decode
5925,truncation,3898947,1544598,caught,1,decode
5926,header,87,1,caught,1,decode
5927,payload,2825119,1,caught,1,decode
5928,bit_flip,3097599,1,caught,1,decode
5929,random_bytes,3571459,9,caught,1,decode
5930,zeroed_run,4138838,2951,caught,1,decode
5931,truncation,1244049,4199496,caught,1,decode
5932,header,441,1,caught,1,decode
5933,payload,5187723,1,caught,1,decode
5934,bit_flip,4939165,1,caught,1,decode
5935,random_bytes,2629949,9,caught,1,decode
5936,zeroed_run,4845463,44,caught,1,decode
5937,truncation,2669504,2774041,caught,1,decode
5938,header,702,1,caught,1,decode
5939,payload,3413712,1,caught,1,decode
5940,bit_flip,2947314,1,caught,1,decode
5941,random_bytes,4133983,14,caught,1,decode
5942,zeroed_run,5305697,1561,caught,1,decode
5943,truncation,339594,5103951,caught,1,decode
5944,header,39,1,caught,1,decode
5945,payload,1281766,1,caught,1,decode
5946,bit_flip,650998,1,caught,1,decode
5947,random_bytes,4615875,16,caught,1,decode
5948,zeroed_run,1319285,1453,caught,1,decode
5949,truncation,2895115,2548430,caught,1,decode
5950,header,642,1,caught,1,decode
5951,payload,5300464,1,caught,1,decode
5952,bit_flip,3526376,1,caught,1,decode
5953,random_bytes,4875055,14,caught,1,decode
5954,zeroed_run,9865,1475,caught,1,decode
5955,truncation,1963280,3480265,caught,1,decode
5956,header,771,1,caught,1,decode
5957,payload,2454833,1,caught,1,decode
5958,bit_flip,2472878,1,caught,1,decode
5959,random_bytes,2253857,15,caught,1,decode
5960,zeroed_run,2790978,1879,caught,1,decode
5961,truncation,4731282,712263,caught,1,decode
5962,header,920,1,caught,1,decode
5963,payload,398219,1,caught,1,decode
5964,bit_flip,4992779,1,caught,1,decode
5965,random_bytes,2059942,9,caught,1,decode
5966,zeroed_run,1983915,514,caught,1,decode
5967,truncation,5044777,398768,caught,1,decode
5968,header,846,1,caught,1,decode
5969,payload,3929659,1,caught,1,decode
5970,bit_flip,392208,1,caught,1,decode
5971,random_bytes,208842,8,caught,1,decode
5972,zeroed_run,364587,1630,caught,1,decode
5973,truncation,1489109,3954436,caught,1,decode
5974,header,770,1,caught,1,decode
5975,payload,2562185,1,caught,1,decode
5976,bit_flip,5094115,1,caught,1,decode
5977,random_bytes,5034414,10,caught,1,decode
5978,zeroed_run,4221269,2047,caught,1,decode
5979,truncation,292571,5150974,caught,1,decode
5980,header,34,1,caught,1,decode
5981,payload,1032365,1,caught,1,decode
5982,bit_flip,1162550,1,caught,1,decode
5983,random_bytes,4057702,2,caught,1,decode
5984,zeroed_run,1580551,3817,caught,1,decode
5985,truncation,2751092,2692453,caught,1,decode
5986,header,490,1,caught,1,decode
5987,payload,1554577,1,caught,1,decode
5988,bit_flip,1249784,1,caught,1,decode
5989,random_bytes,2564507,2,caught,1,decode
5990,zeroed_run,4490932,2945,caught,1,decode
5991,truncation,3185245,2258300,caught,1,decode
5992,header,236,1,caught,1,decode
5993,payload,151676,1,caught,1,decode
5994,bit_flip,1770326,1,caught,1,decode
5995,random_bytes,155555,16,caught,1,decode
5996,zeroed_run,2804383,2148,caught,1,decode
5997,truncation,3673889,1769656,caught,1,decode
5998,header,794,1,caught,1,decode
5999,payload,719489,1,caught,1,decode
6000,bit_flip,324842,1,caught,1,decode
6001,random_bytes,593957,9,caught,1,decode
6002,zeroed_run,34100,3414,caught,1,decode
6003,truncation,5256202,187343,caught,1,decode
6004,header,8,1,caught,1,decode
6005,payload,3171083,1,caught,1,decode
6006,bit_flip,2438316,1,caught,1,decode
6007,random_bytes,1324268,16,caught,1,decode
6008,zeroed_run,3368217,3193,caught,1,decode
6009,truncation,3687771,1755774,caught,1,decode
6010,header,683,1,caught,1,decode
6011,payload,2277027,1,caught,1,decode
6012,bit_flip,2031389,1,caught,1,decode
6013,random_bytes,4522054,14,caught,1,decode
6014,zeroed_run,2091257,1763,caught,1,decode
6015,truncation,5110376,333169,caught,1,decode
6016,header,545,1,caught,1,decode
6017,payload,2507023,1,caught,1,decode
6018,bit_flip,3693984,1,caught,1,decode
6019,random_bytes,3137049,9,caught,1,decode
6020,zeroed_run,836732,1856,caught,1,decode
6021,truncation,4596279,847266,caught,1,decode
6022,header,111,1,caught,1,decode
6023,payload,213061,1,caught,1,decode
6024,bit_flip,3438526,1,caught,1,decode
6025,random_bytes,753545,11,caught,1,decode
6026,zeroed_run,2790868,3530,caught,1,decode
6027,truncation,3289590,2153955,caught,1,decode
6028,header,859,1,caught,1,decode
6029,payload,4470264,1,caught,1,decode
6030,bit_flip,3363205,1,caught,1,decode
6031,random_bytes,84600,15,caught,1,decode
6032,zeroed_run,1409904,2380,caught,1,decode
6033,truncation,4767967,675578,caught,1,decode
6034,header,850,1,caught,1,decode
6035,payload,2290713,1,caught,1,decode
6036,bit_flip,3217106,1,caught,1,decode
6037,random_bytes,821469,9,caught,1,decode
6038,zeroed_run,4884915,3737,caught,1,decode
6039,truncation,415909,5027636,caught,1,decode
6040,header,569,1,caught,1,decode
6041,payload,1586168,1,caught,1,decode
6042,bit_flip,3753481,1,caught,1,decode
6043,random_bytes,2302298,4,caught,1,decode
6044,zeroed_run,3095053,2120,caught,1,decode
6045,truncation,2258176,3185369,caught,1,decode
6046,header,591,1,caught,1,decode
6047,payload,5001960,1,caught,1,decode
6048,bit_flip,3384321,1,caught,1,decode
6049,random_bytes,2146863,16,caught,1,decode
6050,zeroed_run,1841506,2786,caught,1,decode
6051,truncation,1831708,3611837,caught,1,decode
6052,header,174,1,caught,1,decode
6053,payload,3078519,1,caught,1,decode
6054,bit_flip,1927689,1,caught,1,decode
6055,random_bytes,57317,2,caught,1,decode
6056,zeroed_run,736837,1753,caught,1,decode
6057,truncation,3110146,2333399,caught,1,decode
6058,header,386,1,caught,1,decode
6059,payload,3210832,1,caught,1,decode
6060,bit_flip,3956637,1,caught,1,decode
6061,random_bytes,5240343,6,caught,1,decode
6062,zeroed_run,225829,2856,caught,1,decode
6063,truncation,577635,4865910,caught,1,decode
6064,header,508,1,caught,1,decode
6065,payload,3579043,1,caught,1,decode
6066,bit_flip,4693563,1,caught,1,decode
6067,random_bytes,1451994,11,caught,1,decode
6068,zeroed_run,751018,977,caught,1,decode
6069,truncation,2018345,3425200,caught,1,decode
6070,header,279,1,caught,1,decode
6071,payload,4358036,1,caught,1,decode
6072,bit_flip,789180,1,caught,1,decode
6073,random_bytes,3522870,12,caught,1,decode
6074,zeroed_run,4889861,1366,caught,1,decode
6075,truncation,4029769,1413776,caught,1,decode
6076,header,215,1,caught,1,decode
6077,payload,5041484,1,caught,1,decode
6078,bit_flip,2220981,1,caught,1,decode
6079,random_bytes,3863880,3,caught,1,decode
6080,zeroed_run,4440798,1320,caught,1,decode
6081,truncation,3009,5440536,caught,1,decode
6082,header,464,1,caught,1,decode
6083,payload,3747965,1,caught,1,decode
6084,bit_flip,3527886,1,caught,1,decode
6085,random_bytes,4058488,12,caught,1,decode
6086,zeroed_run,2983275,2862,caught,1,decode
6087,truncation,3733340,1710205,caught,1,decode
6088,header,939,1,caught,1,decode
6089,payload,2010859,1,caught,1,decode
6090,bit_flip,5203842,1,caught,1,decode
6091,random_bytes,2279238,8,caught,1,decode
6092,zeroed_run,1655,2760,caught,1,decode
6093,truncation,3576365,1867180,caught,1,decode
6094,header,424,1,caught,1,decode
6095,payload,390774,1,caught,1,decode
6096,bit_flip,2041485,1,caught,1,decode
6097,random_bytes,3704670,16,caught,1,decode
6098,zeroed_run,5376653,2613,caught,1,decode
6099,truncation,1232467,4211078,caught,1,decode
6100,header,665,1,caught,1,decode
6101,payload,213500,1,caught,1,decode
6102,bit_flip,575462,1,caught,1,decode
6103,random_bytes,4227084,1,caught,1,decode
6104,zeroed_run,1712231,2143,caught,1,decode
6105,truncation,665654,4777891,caught,1,decode
6106,header,972,1,caught,1,decode
6107,payload,3263087,1,caught,1,decode
6108,bit_flip,1097230,1,caught,1,decode
6109,random_bytes,672991,12,caught,1,decode
6110,zeroed_run,3822108,683,caught,1,decode
6111,truncation,3179201,2264344,caught,1,decode
6112,header,184,1,caught,1,decode
6113,payload,1785579,1,caught,1,decode
6114,bit_flip,4418261,1,caught,1,decode
6115,random_bytes,5354600,16,caught,1,decode
6116,zeroed_run,1520902,393,caught,1,decode
6117,truncation,2144716,3298829,caught,1,decode
6118,header,201,1,caught,1,decode
6119,payload,4336879,1,caught,1,decode
6120,bit_flip,4602205,1,caught,1,decode
6121,random_bytes,4041145,8,caught,1,decode
6122,zeroed_run,402579,1983,caught,1,decode
6123,truncation,1782933,3660612,caught,1,decode
6124,header,329,1,caught,1,decode
6125,payload,3187398,1,caught,1,decode
6126,bit_flip,3084673,1,caught,1,decode
6127,random_bytes,1592118,7,caught,1,decode
6128,zeroed_run,699314,2445,caught,1,decode
6129,truncation,804139,4639406,caught,1,decode
6130,header,382,1,caught,1,decode
6131,payload,603932,1,caught,1,decode
6132,bit_flip,2595988,1,caught,1,decode
6133,random_bytes,5278365,12,caught,1,decode
6134,zeroed_run,1872838,378,caught,1,decode
6135,truncation,3216128,2227417,caught,1,decode
6136,header,973,1,caught,1,decode
6137,payload,1834248,1,caught,1,decode
6138,bit_flip,2328559,1,caught,1,decode
6139,random_bytes,4443243,5,caught,1,decode
6140,zeroed_run,911003,1224,caught,1,decode
6141,truncation,3814615,1628930,caught,1,decode
6142,header,423,1,caught,1,decode
6143,payload,3476521,1,caught,1,decode
6144,bit_flip,1807777,1,caught,1,decode
6145,random_bytes,4485308,3,caught,1,decode
6146,zeroed_run,2372165,1479,caught,1,decode
6147,truncation,5359192,84353,caught,1,decode
6148,header,512,1,caught,1,decode
6149,payload,3987740,1,caught,1,decode
6150,bit_flip,4640513,1,caught,1,decode
6151,random_bytes,1241186,4,caught,1,decode
6152,zeroed_run,4828428,273,caught,1,decode
6153,truncation,3535150,1908395,caught,1,decode
6154,header,731,1,caught,1,decode
6155,payload,4244600,1,caught,1,decode
6156,bit_flip,4483160,1,caught,1,decode
6157,random_bytes,4459469,3,caught,1,decode
6158,zeroed_run,4075006,3500,caught,1,decode
6159,truncation,3434476,2009069,caught,1,decode
6160,header,95,1,caught,1,decode
6161,payload,2045423,1,caught,1,decode
6162,bit_flip,4171779,1,caught,1,decode
6163,random_bytes,744645,11,caught,1,decode
6164,zeroed_run,4533540,1309,caught,1,decode
6165,truncation,883550,4559995,caught,1,decode
6166,header,5,1,caught,1,decode
6167,payload,5422773,1,caught,1,decode
6168,bit_flip,3951266,1,caught,1,decode
6169,random_bytes,1168939,15,caught,1,decode
6170,zeroed_run,74898,1039,caught,1,decode
6171,truncation,4725480,718065,caught,1,decode
6172,header,829,1,caught,1,decode
6173,payload,706382,1,caught,1,decode
6174,bit_flip,2063835,1,caught,1,decode
6175,random_bytes,4541314,6,caught,1,decode
6176,zeroed_run,2130711,2331,caught,1,decode
6177,truncation,1170413,4273132,caught,1,decode
6178,header,147,1,caught,1,decode
6179,payload,1908456,1,caught,1,decode
6180,bit_flip,5118299,1,caught,1,decode
6181,random_bytes,3657514,5,caught,1,decode
6182,zeroed_run,4141507,575,caught,1,decode
6183,truncation,1220049,4223496,caught,1,decode
6184,header,579,1,caught,1,decode
6185,payload,380279,1,caught,1,decode
6186,bit_flip,4427285,1,caught,1,decode
6187,random_bytes,2197003,3,caught,1,decode
6188,zeroed_run,2968154,156,caught,1,decode
6189,truncation,3133204,2310341,caught,1,decode
6190,header,993,1,caught,1,decode
6191,payload,536645,1,caught,1,decode
6192,bit_flip,1759476,1,caught,1,decode
6193,random_bytes,3859967,13,caught,1,decode
6194,zeroed_run,3661569,2320,caught,1,decode
6195,truncation,915337,4528208,caught,1,decode
6196,header,802,1,caught,1,decode
6197,payload,759243,1,caught,1,decode
6198,bit_flip,1212403,1,caught,1,decode
6199,random_bytes,2586057,7,caught,1,decode
6200,zeroed_run,4644632,3240,caught,1,decode
6201,truncation,2568852,2874693,caught,1,decode
6202,header,432,1,caught,1,decode
6203,payload,1202886,1,caught,1,decode
6204,bit_flip,2172618,1,caught,1,decode
6205,random_bytes,3474153,11,caught,1,decode
6206,zeroed_run,2933919,507,caught,1,decode
6207,truncation,4079020,1364525,caught,1,decode
6208,header,258,1,caught,1,decode
6209,payload,2812025,1,caught,1,decode
6210,bit_flip,4570925,1,caught,1,decode
6211,random_bytes,4326503,14,caught,1,decode
6212,zeroed_run,2901228,429,caught,1,decode
6213,truncation,610707,4832838,caught,1,decode
6214,header,425,1,caught,1,decode
6215,payload,3765510,1,caught,1,decode
6216,bit_flip,3714029,1,caught,1,decode
6217,random_bytes,2354674,4,caught,1,decode
6218,zeroed_run,4267973,1121,caught,1,decode
6219,truncation,5051766,391779,caught,1,decode
6220,header,796,1,caught,1,decode
6221,payload,1369242,1,caught,1,decode
6222,bit_flip,4213282,1,caught,1,decode
6223,random_bytes,3711705,10,caught,1,decode
6224,zeroed_run,7596,140,caught,1,decode
6225,truncation,791121,4652424,caught,1,decode
6226,header,391,1,caught,1,decode
6227,payload,3685704,1,caught,1,decode
6228,bit_flip,4902746,1,caught,1,decode
6229,random_bytes,206909,13,caught,1,decode
6230,zeroed_run,2737539,2517,caught,1,decode
6231,truncation,2464081,2979464,caught,1,decode
6232,header,852,1,caught,1,decode
6233,payload,738830,1,caught,1,decode
6234,bit_flip,3644640,1,caught,1,decode
6235,random_bytes,3335657,3,caught,1,decode
6236,zeroed_run,1421164,1721,caught,1,decode
6237,truncation,22124,5421421,caught,1,decode
6238,header,856,1,caught,1,decode
6239,payload,3882909,1,caught,1,decode
6240,bit_flip,1004153,1,caught,1,decode
6241,random_bytes,4820182,14,caught,1,decode
6242,zeroed_run,499922,3128,caught,1,decode
6243,truncation,734129,4709416,caught,1,decode
6244,header,659,1,caught,1,decode
6245,payload,628563,1,caught,1,decode
6246,bit_flip,1770405,1,caught,1,decode
6247,random_bytes,5329533,12,caught,1,decode
6248,zeroed_run,4500481,255,caught,1,decode
6249,truncation,3634884,1808661,caught,1,decode
6250,header,593,1,caught,1,decode
6251,payload,3606398,1,caught,1,decode
6252,bit_flip,1037229,1,caught,1,decode
6253,random_bytes,3147116,5,caught,1,decode
6254,zeroed_run,784357,183,caught,1,decode
6255,truncation,4080390,1363155,caught,1,decode
6256,header,618,1,caught,1,decode
6257,payload,595848,1,caught,1,decode
6258,bit_flip,489324,1,caught,1,decode
6259,random_bytes,1009872,16,caught,1,decode
6260,zeroed_run,4990428,1619,caught,1,decode
6261,truncation,4896656,546889,caught,1,decode
6262,header,298,1,caught,1,decode
6263,payload,3968277,1,caught,1,decode
6264,bit_flip,5245807,1,caught,1,decode
6265,random_bytes,3631881,11,caught,1,decode
6266,zeroed_run,2054661,2674,caught,1,decode
6267,truncation,871241,4572304,caught,1,decode
6268,header,716,1,caught,1,decode
6269,payload,315133,1,caught,1,decode
6270,bit_flip,3397253,1,caught,1,decode
6271,random_bytes,781630,5,caught,1,decode
6272,zeroed_run,4267963,2831,caught,1,decode
6273,truncation,4955048,488497,caught,1,decode
6274,header,287,1,caught,1,decode
6275,payload,1370872,1,caught,1,decode
6276,bit_flip,4050304,1,caught,1,decode
6277,random_bytes,1986406,14,caught,1,decode
6278,zeroed_run,2261464,2133,caught,1,decode
6279,truncation,1935586,3507959,caught,1,decode
6280,header,341,1,caught,1,decode
6281,payload,1470547,1,caught,1,decode
6282,bit_flip,3656493,1,caught,1,decode
6283,random_bytes,591129,11,caught,1,decode
6284,zeroed_run,2970458,2830,caught,1,decode
6285,truncation,2074240,3369305,caught,1,decode
6286,header,769,1,caught,1,decode
6287,payload,2105872,1,caught,1,decode
6288,bit_flip,3765197,1,caught,1,decode
6289,random_bytes,2259113,1,caught,1,decode
6290,zeroed_run,4715861,2767,caught,1,decode
6291,truncation,4998619,444926,caught,1,decode
6292,header,816,1,caught,1,decode
6293,payload,1869376,1,caught,1,decode
6294,bit_flip,3957141,1,caught,1,decode
6295,random_bytes,4549491,7,caught,1,decode
6296,zeroed_run,2367410,3244,caught,1,decode
6297,truncation,3539391,1904154,caught,1,decode
6298,header,490,1,caught,1,decode
6299,payload,955475,1,caught,1,decode
6300,bit_flip,1786026,1,caught,1,decode
6301,random_bytes,3896601,16,caught,1,decode
6302,zeroed_run,3639003,3720,caught,1,decode
6303,truncation,5168133,275412,caught,1,decode
6304,header,55,1,caught,1,decode
6305,payload,3754621,1,caught,1,decode
6306,bit_flip,2725754,1,caught,1,decode
6307,random_bytes,2507422,7,caught,1,decode
6308,zeroed_run,1750258,1632,caught,1,decode
6309,truncation,4443740,999805,caught,1,decode
6310,header,474,1,caught,1,decode
6311,payload,4163482,1,caught,1,decode
6312,bit_flip,2568771,1,caught,1,decode
6313,random_bytes,3369537,5,caught,1,decode
6314,zeroed_run,3720848,2984,caught,1,decode
6315,truncation,3019893,2423652,caught,1,decode
6316,header,790,1,caught,1,decode
6317,payload,1144986,1,caught,1,decode
6318,bit_flip,2939713,1,caught,1,decode
6319,random_bytes,3112657,14,caught,1,decode
6320,zeroed_run,3761146,3464,caught,1,decode
6321,truncation,4750664,692881,caught,1,decode
6322,header,809,1,caught,1,decode
6323,payload,2329794,1,caught,1,decode
6324,bit_flip,4338864,1,caught,1,decode
6325,random_bytes,2503585,7,caught,1,decode
6326,zeroed_run,3603146,3206,caught,1,decode
6327,truncation,2298113,3145432,caught,1,decode
6328,header,319,1,caught,1,decode
6329,payload,4310473,1,caught,1,decode
6330,bit_flip,4650674,1,caught,1,decode
6331,random_bytes,1004936,16,caught,1,decode
6332,zeroed_run,1860978,1791,caught,1,decode
6333,truncation,500281,4943264,caught,1,decode
6334,header,338,1,caught,1,decode
6335,payload,2088419,1,caught,1,decode
6336,bit_flip,1650691,1,caught,1,decode
6337,random_bytes,5182582,9,caught,1,decode
6338,zeroed_run,4773992,1406,caught,1,decode
6339,truncation,4948255,495290,caught,1,decode
6340,header,685,1,caught,1,decode
6341,payload,507604,1,caught,1,decode
6342,bit_flip,899354,1,caught,1,decode
6343,random_bytes,2690414,10,caught,1,decode
6344,zeroed_run,3345087,693,caught,1,decode
6345,truncation,458786,4984759,caught,1,decode
6346,header,135,1,caught,1,decode
6347,payload,2197431,1,caught,1,decode
6348,bit_flip,3854447,1,caught,1,decode
6349,random_bytes,917456,14,caught,1,decode
6350,zeroed_run,1260238,822,caught,1,decode
6351,truncation,1763814,3679731,caught,1,decode
6352,header,220,1,caught,1,decode
6353,payload,476910,1,caught,1,decode
6354,bit_flip,4633894,1,caught,1,decode
6355,random_bytes,4012195,14,caught,1,decode
6356,zeroed_run,4464684,1349,caught,1,decode
6357,truncation,3291923,2151622,caught,1,decode
6358,header,977,1,caught,1,decode
6359,payload,2327030,1,caught,1,decode
6360,bit_flip,1942910,1,caught,1,decode
6361,random_bytes,2286738,4,caught,1,decode
6362,zeroed_run,2432384,3606,caught,1,decode
6363,truncation,1310645,4132900,caught,1,decode
6364,header,95,1,caught,1,decode
6365,payload,4039916,1,caught,1,decode
6366,bit_flip,2055680,1,caught,1,decode
6367,random_bytes,5035191,12,caught,1,decode
6368,zeroed_run,1760631,351,caught,1,decode
6369,truncation,1862057,3581488,caught,1,decode
6370,header,763,1,caught,1,decode
6371,payload,4992607,1,caught,1,decode
6372,bit_flip,4861503,1,caught,1,decode
6373,random_bytes,4632874,3,caught,1,decode
6374,zeroed_run,4291884,2264,caught,1,decode
6375,truncation,138169,5305376,caught,1,decode
6376,header,273,1,caught,1,decode
6377,payload,4671316,1,caught,1,decode
6378,bit_flip,3696485,1,caught,1,decode
6379,random_bytes,1205283,1,caught,1,decode
6380,zeroed_run,2970753,3079,caught,1,decode
6381,truncation,1944272,3499273,caught,1,decode
6382,header,690,1,caught,1,decode
6383,payload,2793704,1,caught,1,decode
6384,bit_flip,3362122,1,caught,1,decode
6385,random_bytes,5132381,10,caught,1,decode
6386,zeroed_run,1168731,1517,caught,1,decode
6387,truncation,5242110,201435,caught,1,decode
6388,header,315,1,caught,1,decode
6389,payload,4526712,1,caught,1,decode
6390,bit_flip,4976868,1,caught,1,decode
6391,random_bytes,2445418,11,caught,1,decode
6392,zeroed_run,3772075,2835,caught,1,decode
6393,truncation,788197,4655348,caught,1,decode
6394,header,450,1,caught,1,decode
6395,payload,3172586,1,caught,1,decode
6396,bit_flip,4933110,1,caught,1,decode
6397,random_bytes,5392254,6,caught,1,decode
6398,zeroed_run,4433823,3529,caught,1,decode
6399,truncation,2744470,2699075,caught,1,decode
6400,header,834,1,caught,1,decode
6401,payload,235657,1,caught,1,decode
6402,bit_flip,2428792,1,caught,1,decode
6403,random_bytes,1764503,8,caught,1,decode
6404,zeroed_run,3514513,223,caught,1,decode
6405,truncation,1106848,4336697,caught,1,decode
6406,header,167,1,caught,1,decode
6407,payload,3493122,1,caught,1,decode
6408,bit_flip,4398190,1,caught,1,decode
6409,random_bytes,3282670,12,caught,1,decode
6410,zeroed_run,1487940,2087,caught,1,decode
6411,truncation,563475,4880070,caught,1,decode
6412,header,54,1,caught,1,decode
6413,payload,1113178,1,caught,1,decode
6414,bit_flip,2070325,1,caught,1,decode
6415,random_bytes,5131666,9,caught,1,decode
6416,zeroed_run,3239630,1587,caught,1,decode
6417,truncation,234327,5209218,caught,1,decode
6418,header,664,1,caught,1,decode
6419,payload,3864256,1,caught,1,decode
6420,bit_flip,4682049,1,caught,1,decode
6421,random_bytes,1598765,2,caught,1,decode
6422,zeroed_run,4165639,2554,caught,1,decode
6423,truncation,3751805,1691740,caught,1,decode
6424,header,467,1,caught,1,decode
6425,payload,2250538,1,caught,1,decode
6426,bit_flip,1899261,1,caught,1,decode
6427,random_bytes,1644012,9,caught,1,decode
6428,zeroed_run,346187,3732,caught,1,decode
6429,truncation,937119,4506426,caught,1,decode
6430,header,152,1,caught,1,decode
6431,payload,611402,1,caught,1,decode
6432,bit_flip,4163258,1,caught,1,decode
6433,random_bytes,1619085,11,caught,1,decode
6434,zeroed_run,3856387,1178,caught,1,decode
6435,truncation,3624191,1819354,caught,1,decode
6436,header,213,1,caught,1,decode
6437,payload,709761,1,caught,1,decode
6438,bit_flip,1310118,1,caught,1,decode
6439,random_bytes,1313152,9,caught,1,decode
6440,zeroed_run,3723880,2892,caught,1,decode
6441,truncation,4761492,682053,caught,1,decode
6442,header,806,1,caught,1,decode
6443,payload,148305,1,caught,1,decode
6444,bit_flip,3884834,1,caught,1,decode
6445,random_bytes,5215992,9,caught,1,decode
6446,zeroed_run,5223225,4017,caught,1,decode
6447,truncation,1382977,4060568,caught,1,decode
6448,header,442,1,caught,1,decode
6449,payload,5288172,1,caught,1,decode
6450,bit_flip,1200054,1,caught,1,decode
6451,random_bytes,4287861,8,caught,1,decode
6452,zeroed_run,1089050,158,caught,1,decode
6453,truncation,4432763,1010782,caught,1,decode
6454,header,313,1,caught,1,decode
6455,payload,5043850,1,caught,1,decode
6456,bit_flip,3487877,1,caught,1,decode
6457,random_bytes,2842849,4,caught,1,decode
6458,zeroed_run,3984764,2147,caught,1,decode
6459,truncation,2639664,2803881,caught,1,decode
6460,header,320,1,caught,1,decode
6461,payload,780750,1,caught,1,decode
6462,bit_flip,1003996,1,caught,1,decode
6463,random_bytes,3340603,1,caught,1,decode
6464,zeroed_run,4696237,609,caught,1,decode
6465,truncation,1623086,3820459,caught,1,decode
6466,header,27,1,caught,1,decode
6467,payload,645513,1,caught,1,decode
6468,bit_flip,516806,1,caught,1,decode
6469,random_bytes,4370214,12,caught,1,decode
6470,zeroed_run,1519931,227,caught,1,decode
6471,truncation,62609,5380936,caught,1,decode
6472,header,98,1,caught,1,decode
6473,payload,958581,1,caught,1,decode
6474,bit_flip,1947928,1,caught,1,decode
6475,random_bytes,5346718,13,caught,1,decode
6476,zeroed_run,2153917,1364,caught,1,decode
6477,truncation,4529571,913974,caught,1,decode
6478,header,863,1,caught,1,decode
6479,payload,3834452,1,caught,1,decode
6480,bit_flip,3221608,1,caught,1,decode
6481,random_bytes,2995375,4,caught,1,decode
6482,zeroed_run,307024,3633,caught,1,decode
6483,truncation,772475,4671070,caught,1,decode
6484,header,676,1,caught,1,decode
6485,payload,374251,1,caught,1,decode
6486,bit_flip,2963702,1,caught,1,decode
6487,random_bytes,623487,15,caught,1,decode
6488,zeroed_run,4382493,2626,caught,1,decode
6489,truncation,327309,5116236,caught,1,decode
6490,header,19,1,caught,1,decode
6491,payload,1716981,1,caught,1,decode
6492,bit_flip,3235733,1,caught,1,decode
6493,random_bytes,1590760,9,caught,1,decode
6494,zeroed_run,3004760,3058,caught,1,decode
6495,truncation,4289059,1154486,caught,1,decode
6496,header,427,1,caught,1,decode
6497,payload,4707333,1,caught,1,decode
6498,bit_flip,1168157,1,caught,1,decode
6499,random_bytes,2247440,5,caught,1,decode
6500,zeroed_run,4746153,1656,caught,1,decode
6501,truncation,3695192,1748353,caught,1,decode
6502,header,216,1,caught,1,decode
6503,payload,5331541,1,caught,1,decode
6504,bit_flip,865856,1,caught,1,decode
6505,random_bytes,2595271,7,caught,1,decode
6506,zeroed_run,2753014,1237,caught,1,decode
6507,truncation,857455,4586090,caught,1,decode
6508,header,405,1,caught,1,decode
6509,payload,4490104,1,caught,1,decode
6510,bit_flip,1026244,1,caught,1,decode
6511,random_bytes,2107174,16,caught,1,decode
6512,zeroed_run,3081591,2347,caught,1,decode
6513,truncation,4234509,1209036,caught,1,decode
6514,header,851,1,caught,1,decode
6515,payload,2612801,1,caught,1,decode
6516,bit_flip,3367335,1,caught,1,decode
6517,random_bytes,2770569,10,caught,1,decode
6518,zeroed_run,4758528,2463,caught,1,decode
6519,truncation,4042956,1400589,caught,1,decode
6520,header,700,1,caught,1,decode
6521,payload,4017759,1,caught,1,decode
6522,bit_flip,291002,1,caught,1,decode
6523,random_bytes,2871630,15,caught,1,decode
6524,zeroed_run,4543295,1358,caught,1,decode
6525,truncation,939215,4504330,caught,1,decode
6526,header,505,1,caught,1,decode
6527,payload,952083,1,caught,1,decode
6528,bit_flip,343341,1,caught,1,decode
6529,random_bytes,4643836,9,caught,1,decode
6530,zeroed_run,4536270,1512,caught,1,decode
6531,truncation,4949888,493657,caught,1,decode
6532,header,745,1,caught,1,decode
6533,payload,3329846,1,caught,1,decode
6534,bit_flip,1458133,1,caught,1,decode
6535,random_bytes,2734258,1,caught,1,decode
6536,zeroed_run,3565765,3065,caught,1,decode
6537,truncation,4906016,537529,caught,1,decode
6538,header,333,1,caught,1,decode
6539,payload,4422535,1,caught,1,decode
6540,bit_flip,1606062,1,caught,1,decode
6541,random_bytes,3270459,12,caught,1,decode
6542,zeroed_run,1969024,3895,caught,1,decode
6543,truncation,1975288,3468257,caught,1,decode
6544,header,470,1,caught,1,decode
6545,payload,1883188,1,caught,1,decode
6546,bit_flip,3522769,1,caught,1,decode
6547,random_bytes,5027653,10,caught,1,decode
6548,zeroed_run,2019837,938,caught,1,decode
6549,truncation,820231,4623314,caught,1,decode
6550,header,513,1,caught,1,decode
6551,payload,4273806,1,caught,1,decode
6552,bit_flip,2162053,1,caught,1,decode
6553,random_bytes,1636040,13,caught,1,decode
6554,zeroed_run,672317,3436,caught,1,decode
6555,truncation,3846298,1597247,caught,1,decode
6556,header,490,1,caught,1,decode
6557,payload,3679705,1,caught,1,decode
6558,bit_flip,187643,1,caught,1,decode
6559,random_bytes,538689,2,caught,1,decode
6560,zeroed_run,324274,857,caught,1,decode
6561,truncation,4746285,697260,caught,1,decode
6562,header,1002,1,caught,1,decode
6563,payload,3209169,1,caught,1,decode
6564,bit_flip,2932038,1,caught,1,decode
6565,random_bytes,5110210,12,caught,1,decode
6566,zeroed_run,3976103,2678,caught,1,decode
6567,truncation,3943825,1499720,caught,1,decode
6568,header,832,1,caught,1,decode
6569,payload,3657079,1,caught,1,decode
6570,bit_flip,1885550,1,caught,1,decode
6571,random_bytes,805375,8,caught,1,decode
6572,zeroed_run,4991480,2886,caught,1,decode
6573,truncation,4879596,563949,caught,1,decode
6574,header,931,1,caught,1,decode
6575,payload,5441775,1,caught,1,decode
6576,bit_flip,1298587,1,caught,1,decode
6577,random_bytes,4952225,14,caught,1,decode
6578,zeroed_run,4815511,877,caught,1,decode
6579,truncation,1513200,3930345,caught,1,decode
6580,header,459,1,caught,1,decode
6581,payload,1494631,1,caught,1,decode
6582,bit_flip,4350109,1,caught,1,decode
6583,random_bytes,786521,3,caught,1,decode
6584,zeroed_run,1817955,1609,caught,1,decode
6585,truncation,251363,5192182,caught,1,decode
6586,header,437,1,caught,1,decode
6587,payload,672982,1,caught,1,decode
6588,bit_flip,2641506,1,caught,1,decode
6589,random_bytes,933429,8,caught,1,decode
6590,zeroed_run,2505434,1471,caught,1,decode
6591,truncation,2119416,3324129,caught,1,decode
6592,header,639,1,caught,1,decode
6593,payload,3746842,1,caught,1,decode
6594,bit_flip,4639312,1,caught,1,decode
6595,random_bytes,321509,7,caught,1,decode
6596,zeroed_run,760769,390,caught,1,decode
6597,truncation,3116358,2327187,caught,1,decode
6598,header,224,1,caught,1,decode
6599,payload,2921176,1,caught,1,decode
6600,bit_flip,3263106,1,caught,1,decode
6601,random_bytes,4119861,2,caught,1,decode
6602,zeroed_run,2112857,3556,caught,1,decode
6603,truncation,5394015,49530,caught,1,decode
6604,header,80,1,caught,1,decode
6605,payload,1113544,1,caught,1,decode
6606,bit_flip,4688387,1,caught,1,decode
6607,random_bytes,1454127,1,caught,1,decode
6608,zeroed_run,4506367,483,caught,1,decode
6609,truncation,4874697,568848,caught,1,decode
6610,header,265,1,caught,1,decode
6611,payload,4101759,1,caught,1,decode
6612,bit_flip,1429328,1,caught,1,decode
6613,random_bytes,2995097,3,caught,1,decode
6614,zeroed_run,4673332,2193,caught,1,decode
6615,truncation,2342681,3100864,caught,1,decode
6616,header,845,1,caught,1,decode
6617,payload,3461952,1,caught,1,decode
6618,bit_flip,3839925,1,caught,1,decode
6619,random_bytes,4777008,11,caught,1,decode
6620,zeroed_run,996455,2990,caught,1,decode
6621,truncation,1815480,3628065,caught,1,decode
6622,header,344,1,caught,1,decode
6623,payload,5333565,1,caught,1,decode
6624,bit_flip,347351,1,caught,1,decode
6625,random_bytes,685506,10,caught,1,decode
6626,zeroed_run,1243363,1420,caught,1,decode
6627,truncation,4887184,556361,caught,1,decode
6628,header,340,1,caught,1,decode
6629,payload,216474,1,caught,1,decode
6630,bit_flip,2789693,1,caught,1,decode
6631,random_bytes,1173187,2,caught,1,decode
6632,zeroed_run,2030550,2016,caught,1,decode
6633,truncation,3572408,1871137,caught,1,decode
6634,header,741,1,caught,1,decode
6635,payload,3149946,1,caught,1,decode
6636,bit_flip,160474,1,caught,1,decode
6637,random_bytes,4715821,12,caught,1,decode
6638,zeroed_run,4772268,3145,caught,1,decode
6639,truncation,4650620,792925,caught,1,decode
6640,header,489,1,caught,1,decode
6641,payload,4550101,1,caught,1,decode
6642,bit_flip,801542,1,caught,1,decode
6643,random_bytes,5294174,16,caught,1,decode
6644,zeroed_run,3995393,2015,caught,1,decode
6645,truncation,1045962,4397583,caught,1,decode
6646,header,228,1,caught,1,decode
6647,payload,1895834,1,caught,1,decode
6648,bit_flip,2708510,1,caught,1,decode
6649,random_bytes,233249,12,caught,1,decode
6650,zeroed_run,3943972,1136,caught,1,decode
6651,truncation,2959247,2484298,caught,1,decode
6652,header,371,1,caught,1,decode
6653,payload,3490489,1,caught,1,decode
6654,bit_flip,4282446,1,caught,1,decode
6655,random_bytes,1847920,9,caught,1,decode
6656,zeroed_run,980370,502,caught,1,decode
6657,truncation,2768475,2675070,caught,1,decode
6658,header,505,1,caught,1,decode
6659,payload,5005335,1,caught,1,decode
6660,bit_flip,4472030,1,caught,1,decode
6661,random_bytes,1750497,8,caught,1,decode
6662,zeroed_run,2284974,2797,caught,1,decode
6663,truncation,4222383,1221162,caught,1,decode
6664,header,374,1,caught,1,decode
6665,payload,908293,1,caught,1,decode
6666,bit_flip,769313,1,caught,1,decode
6667,random_bytes,5231204,2,caught,1,decode
6668,zeroed_run,4099008,3915,caught,1,decode
6669,truncation,2665944,2777601,caught,1,decode
6670,header,646,1,caught,1,decode
6671,payload,5054854,1,caught,1,decode
6672,bit_flip,3452868,1,caught,1,decode
6673,random_bytes,5353794,12,caught,1,decode
6674,zeroed_run,4257775,2097,caught,1,decode
6675,truncation,110192,5333353,caught,1,decode
6676,header,346,1,caught,1,decode
6677,payload,2963122,1,caught,1,decode
6678,bit_flip,4772610,1,caught,1,decode
6679,random_bytes,3451850,11,caught,1,decode
6680,zeroed_run,4477281,273,caught,1,decode
6681,truncation,5351928,91617,caught,1,decode
6682,header,913,1,caught,1,decode
6683,payload,4926284,1,caught,1,decode
6684,bit_flip,3424857,1,caught,1,decode
6685,random_bytes,4509581,4,caught,1,decode
6686,zeroed_run,5279743,397,caught,1,decode
6687,truncation,5224860,218685,caught,1,decode
6688,header,173,1,caught,1,decode
6689,payload,3466464,1,caught,1,decode
6690,bit_flip,1668374,1,caught,1,decode
6691,random_bytes,540248,1,caught,1,decode
6692,zeroed_run,548446,1029,caught,1,decode
6693,truncation,442977,5000568,caught,1,decode
6694,header,305,1,caught,1,decode
6695,payload,2820825,1,caught,1,decode
6696,bit_flip,3171398,1,caught,1,decode
6697,random_bytes,2379838,6,caught,1,decode
6698,zeroed_run,1508856,2368,caught,1,decode
6699,truncation,918018,4525527,caught,1,decode
6700,header,215,1,caught,1,decode
6701,payload,2539251,1,caught,1,decode
6702,bit_flip,3131133,1,caught,1,decode
6703,random_bytes,1915484,14,caught,1,decode
6704,zeroed_run,4994559,1902,caught,1,decode
6705,truncation,1575669,3867876,caught,1,decode
6706,header,249,1,caught,1,decode
6707,payload,1807697,1,caught,1,decode
6708,bit_flip,2130169,1,caught,1,decode
6709,random_bytes,2779755,9,caught,1,decode
6710,zeroed_run,1022369,1571,caught,1,decode
6711,truncation,3170558,2272987,caught,1,decode
6712,header,388,1,caught,1,decode
6713,payload,786762,1,caught,1,decode
6714,bit_flip,663835,1,caught,1,decode
6715,random_bytes,4627965,5,caught,1,decode
6716,zeroed_run,1250964,1797,caught,1,decode
6717,truncation,2161105,3282440,caught,1,decode
6718,header,1008,1,caught,1,decode
6719,payload,1388626,1,caught,1,decode
6720,bit_flip,3535883,1,caught,1,decode
6721,random_bytes,4846888,16,caught,1,decode
6722,zeroed_run,123837,1378,caught,1,decode
6723,truncation,4060977,1382568,caught,1,decode
6724,header,510,1,caught,1,decode
6725,payload,3354776,1,caught,1,decode
6726,bit_flip,1545344,1,caught,1,decode
6727,random_bytes,4660600,4,caught,1,decode
6728,zeroed_run,160014,3180,caught,1,decode
6729,truncation,4010871,1432674,caught,1,decode
6730,header,514,1,caught,1,decode
6731,payload,4928578,1,caught,1,decode
6732,bit_flip,4152576,1,caught,1,decode
6733,random_bytes,1018304,15,caught,1,decode
6734,zeroed_run,3075565,3457,caught,1,decode
6735,truncation,2898103,2545442,caught,1,decode
6736,header,287,1,caught,1,decode
6737,payload,1899265,1,caught,1,decode
6738,bit_flip,3738939,1,caught,1,decode
6739,random_bytes,1068370,9,caught,1,decode
6740,zeroed_run,3329263,1215,caught,1,decode
6741,truncation,1142043,4301502,caught,1,decode
6742,header,921,1,caught,1,decode
6743,payload,5053634,1,caught,1,decode
6744,bit_flip,4290222,1,caught,1,decode
6745,random_bytes,4103407,16,caught,1,decode
6746,zeroed_run,4900731,245,caught,1,decode
6747,truncation,87028,5356517,caught,1,decode
6748,header,502,1,caught,1,decode
6749,payload,465533,1,caught,1,decode
6750,bit_flip,721191,1,caught,1,decode
6751,random_bytes,2399661,2,caught,1,decode
6752,zeroed_run,2508730,1410,caught,1,decode
6753,truncation,1148342,4295203,caught,1,decode
6754,header,366,1,caught,1,decode
6755,payload,1936585,1,caught,1,decode
6756,bit_flip,83411,1,caught,1,decode
6757,random_bytes,2858837,2,caught,1,decode
6758,zeroed_run,4608827,3101,caught,1,decode
6759,truncation,3029159,2414386,caught,1,decode
6760,header,580,1,caught,1,decode
6761,payload,5009313,1,caught,1,decode
6762,bit_flip,3620972,1,caught,1,decode
6763,random_bytes,2380688,11,caught,1,decode
6764,zeroed_run,3109330,3678,caught,1,decode
6765,truncation,5212610,230935,caught,1,decode
6766,header,152,1,caught,1,decode
6767,payload,5190266,1,caught,1,decode
6768,bit_flip,1404432,1,caught,1,decode
6769,random_bytes,3312618,7,caught,1,decode
6770,zeroed_run,853135,1262,caught,1,decode
6771,truncation,1259466,4184079,caught,1,decode
6772,header,465,1,caught,1,decode
6773,payload,1801043,1,caught,1,decode
6774,bit_flip,2887029,1,caught,1,decode
6775,random_bytes,1728404,15,caught,1,decode
6776,zeroed_run,4344094,3840,caught,1,decode
6777,truncation,3921499,1522046,caught,1,decode
6778,header,158,1,caught,1,decode
6779,payload,845462,1,caught,1,decode
6780,bit_flip,3094446,1,caught,1,decode
6781,random_bytes,3249571,9,caught,1,decode
6782,zeroed_run,1204698,2840,caught,1,decode
6783,truncation,1063237,4380308,caught,1,decode
6784,header,212,1,caught,1,decode
6785,payload,1684787,1,caught,1,decode
6786,bit_flip,2500719,1,caught,1,decode
6787,random_bytes,3576172,16,caught,1,decode
6788,zeroed_run,4769632,2110,caught,1,decode
6789,truncation,2501577,2941968,caught,1,decode
6790,header,118,1,caught,1,decode
6791,payload,5267666,1,caught,1,decode
6792,bit_flip,2703269,1,caught,1,decode
6793,random_bytes,3059248,4,caught,1,decode
6794,zeroed_run,3644914,2692,caught,1,decode
6795,truncation,4450503,993042,caught,1,decode
6796,header,896,1,caught,1,decode
6797,payload,4592354,1,caught,1,decode
6798,bit_flip,4859205,1,caught,1,decode
6799,random_bytes,3203286,16,caught,1,decode
6800,zeroed_run,2761033,2020,caught,1,decode
6801,truncation,2603521,2840024,caught,1,decode
6802,header,24,1,caught,1,decode
6803,payload,5183946,1,caught,1,decode
6804,bit_flip,463233,1,caught,1,decode
6805,random_bytes,2899147,16,caught,1,decode
6806,zeroed_run,908642,1156,caught,1,decode
6807,truncation,1646900,3796645,caught,1,decode
6808,header,733,1,caught,1,decode
6809,payload,3347016,1,caught,1,decode
6810,bit_flip,4190994,1,caught,1,decode
6811,random_bytes,1703689,13,caught,1,decode
6812,zeroed_run,3541935,3620,caught,1,decode
6813,truncation,2177935,3265610,caught,1,decode
6814,header,327,1,caught,1,decode
6815,payload,3630180,1,caught,1,decode
6816,bit_flip,2662062,1,caught,1,decode
6817,random_bytes,4842766,4,caught,1,decode
6818,zeroed_run,724350,2417,caught,1,decode
6819,truncation,4070721,1372824,caught,1,decode
6820,header,936,1,caught,1,decode
6821,payload,2140392,1,caught,1,decode
6822,bit_flip,762319,1,caught,1,decode
6823,random_bytes,2770376,6,caught,1,decode
6824,zeroed_run,1987884,1724,caught,1,decode
6825,truncation,2483480,2960065,caught,1,decode
6826,header,1017,1,caught,1,decode
6827,payload,1076097,1,caught,1,decode
6828,bit_flip,987611,1,caught,1,decode
6829,random_bytes,2928640,8,caught,1,decode
6830,zeroed_run,284345,1865,caught,1,decode
6831,truncation,5130701,312844,caught,1,decode
6832,header,926,1,caught,1,decode
6833,payload,4914950,1,caught,1,decode
6834,bit_flip,3672298,1,caught,1,decode
6835,random_bytes,5026363,7,caught,1,decode
6836,zeroed_run,2163690,1773,caught,1,decode
6837,truncation,1031,5442514,caught,1,decode
6838,header,620,1,caught,1,decode
6839,payload,1893698,1,caught,1,decode
6840,bit_flip,2200494,1,caught,1,decode
6841,random_bytes,4357869,4,caught,1,decode
6842,zeroed_run,4370006,2515,caught,1,decode
6843,truncation,497762,4945783,caught,1,decode
6844,header,245,1,caught,1,decode
6845,payload,376933,1,caught,1,decode
6846,bit_flip,1630882,1,caught,1,decode
6847,random_bytes,3034729,7,caught,1,decode
6848,zeroed_run,1312364,1113,caught,1,decode
6849,truncation,4970391,473154,caught,1,decode
6850,header,787,1,caught,1,decode
6851,payload,2712766,1,caught,1,decode
6852,bit_flip,5177478,1,caught,1,decode
6853,random_bytes,528791,10,caught,1,decode
6854,zeroed_run,3333176,2045,caught,1,decode
6855,truncation,4682771,760774,caught,1,decode
6856,header,39,1,caught,1,decode
6857,payload,450411,1,caught,1,decode
6858,bit_flip,3963699,1,caught,1,decode
6859,random_bytes,4345603,3,caught,1,decode
6860,zeroed_run,4080031,1078,caught,1,decode
6861,truncation,2734180,2709365,caught,1,decode
6862,header,20,1,caught,1,decode
6863,payload,5371281,1,caught,1,decode
6864,bit_flip,2285916,1,caught,1,decode
6865,random_bytes,4959611,16,caught,1,decode
6866,zeroed_run,3695168,2053,caught,1,decode
6867,truncation,3564310,1879235,caught,1,decode
6868,header,109,1,caught,1,decode
6869,payload,3142478,1,caught,1,decode
6870,bit_flip,2531859,1,caught,1,decode
6871,random_bytes,3332834,13,caught,1,decode
6872,zeroed_run,1998327,2189,caught,1,decode
6873,truncation,1046271,4397274,caught,1,decode
6874,header,735,1,caught,1,decode
6875,payload,3757174,1,caught,1,decode
6876,bit_flip,2639263,1,caught,1,decode
6877,random_bytes,1305848,9,caught,1,decode
6878,zeroed_run,469308,1005,caught,1,decode
6879,truncation,2004519,3439026,caught,1,decode
6880,header,1007,1,caught,1,decode
6881,payload,1947037,1,caught,1,decode
6882,bit_flip,4546554,1,caught,1,decode
6883,random_bytes,5357205,10,caught,1,decode
6884,zeroed_run,4715578,1615,caught,1,decode
6885,truncation,2807793,2635752,caught,1,decode
6886,header,571,1,caught,1,decode
6887,payload,4515180,1,caught,1,decode
6888,bit_flip,1399283,1,caught,1,decode
6889,random_bytes,5227782,8,caught,1,decode
6890,zeroed_run,4756723,2936,caught,1,decode
6891,truncation,2895580,2547965,caught,1,decode
6892,header,130,1,caught,1,decode
6893,payload,3602816,1,caught,1,decode
6894,bit_flip,3203690,1,caught,1,decode
6895,random_bytes,509027,8,caught,1,decode
6896,zeroed_run,2263586,2967,caught,1,decode
6897,truncation,3515662,1927883,caught,1,decode
6898,header,665,1,caught,1,decode
6899,payload,4692303,1,caught,1,decode
6900,bit_flip,784297,1,caught,1,decode
6901,random_bytes,4355861,16,caught,1,decode
6902,zeroed_run,2306660,258,caught,1,decode
6903,truncation,2174738,3268807,caught,1,decode
6904,header,454,1,caught,1,decode
6905,payload,1097635,1,caught,1,decode
6906,bit_flip,4678953,1,caught,1,decode
6907,random_bytes,4338883,14,caught,1,decode
6908,zeroed_run,3138976,2023,caught,1,decode
6909,truncation,4267553,1175992,caught,1,decode
6910,header,798,1,caught,1,decode
6911,payload,1749246,1,caught,1,decode
6912,bit_flip,3411934,1,caught,1,decode
6913,random_bytes,5264280,11,caught,1,decode
6914,zeroed_run,1522236,699,caught,1,decode
6915,truncation,5222516,221029,caught,1,decode
6916,header,971,1,caught,1,decode
6917,payload,2191998,1,caught,1,decode
6918,bit_flip,1457067,1,caught,1,decode
6919,random_bytes,2713496,6,caught,1,decode
6920,zeroed_run,4057688,2758,caught,1,decode
6921,truncation,4258865,1184680,caught,1,decode
6922,header,234,1,caught,1,decode
6923,payload,2461023,1,caught,1,decode
6924,bit_flip,2403286,1,caught,1,decode
6925,random_bytes,1273778,2,caught,1,decode
6926,zeroed_run,4006729,2695,caught,1,decode
6927,truncation,563486,4880059,caught,1,decode
6928,header,885,1,caught,1,decode
6929,payload,2263371,1,caught,1,decode
6930,bit_flip,1806239,1,caught,1,decode
6931,random_bytes,185556,15,caught,1,decode
6932,zeroed_run,3076909,2471,caught,1,decode
6933,truncation,3801812,1641733,caught,1,decode
6934,header,805,1,caught,1,decode
6935,payload,772537,1,caught,1,decode
6936,bit_flip,4512931,1,caught,1,decode
6937,random_bytes,82881,13,caught,1,decode
6938,zeroed_run,2102074,1009,caught,1,decode
6939,truncation,2472319,2971226,caught,1,decode
6940,header,204,1,caught,1,decode
6941,payload,2989423,1,caught,1,decode
6942,bit_flip,4443403,1,caught,1,decode
6943,random_bytes,2150648,8,caught,1,decode
6944,zeroed_run,4491758,2782,caught,1,decode
6945,truncation,997987,4445558,caught,1,decode
6946,header,928,1,caught,1,decode
6947,payload,4673365,1,caught,1,decode
6948,bit_flip,5384118,1,caught,1,decode
6949,random_bytes,4132230,6,caught,1,decode
6950,zeroed_run,858972,496,caught,1,decode
6951,truncation,3618759,1824786,caught,1,decode
6952,header,892,1,caught,1,decode
6953,payload,1425097,1,caught,1,decode
6954,bit_flip,3283861,1,caught,1,decode
6955,random_bytes,16243,2,caught,1,decode
6956,zeroed_run,421231,2856,caught,1,decode
6957,truncation,1556123,3887422,caught,1,decode
6958,header,879,1,caught,1,decode
6959,payload,3750461,1,caught,1,decode
6960,bit_flip,3039041,1,caught,1,decode
6961,random_bytes,3998718,4,caught,1,decode
6962,zeroed_run,1425347,2825,caught,1,decode
6963,truncation,2975120,2468425,caught,1,decode
6964,header,875,1,caught,1,decode
6965,payload,2241283,1,caught,1,decode
6966,bit_flip,262726,1,caught,1,decode
6967,random_bytes,4114878,13,caught,1,decode
6968,zeroed_run,2564301,3349,caught,1,decode
6969,truncation,657733,4785812,caught,1,decode
6970,header,507,1,caught,1,decode
6971,payload,3701175,1,caught,1,decode
6972,bit_flip,351437,1,caught,1,decode
6973,random_bytes,4183750,13,caught,1,decode
6974,zeroed_run,2559887,1879,caught,1,decode
6975,truncation,705143,4738402,caught,1,decode
6976,header,86,1,caught,1,decode
6977,payload,1289240,1,caught,1,decode
6978,bit_flip,147639,1,caught,1,decode
6979,random_bytes,4057461,2,caught,1,decode
6980,zeroed_run,5438949,850,caught,1,decode
6981,truncation,2934743,2508802,caught,1,decode
6982,header,621,1,caught,1,decode
6983,payload,3658567,1,caught,1,decode
6984,bit_flip,4293878,1,caught,1,decode
6985,random_bytes,4580877,15,caught,1,decode
6986,zeroed_run,1917006,1828,caught,1,decode
6987,truncation,1002656,4440889,caught,1,decode
6988,header,908,1,caught,1,decode
6989,payload,4290729,1,caught,1,decode
6990,bit_flip,5187540,1,caught,1,decode
6991,random_bytes,3855425,2,caught,1,decode
6992,zeroed_run,3806314,228,caught,1,decode
6993,truncation,4082299,1361246,caught,1,decode
6994,header,334,1,caught,1,decode
6995,payload,5239005,1,caught,1,decode
6996,bit_flip,5352763,1,caught,1,decode
6997,random_bytes,4231824,9,caught,1,decode
6998,zeroed_run,2364668,3787,caught,1,decode
6999,truncation,1145146,4298399,caught,1,decode
7000,header,814,1,caught,1,decode
7001,payload,2248344,1,caught,1,decode
7002,bit_flip,3148410,1,caught,1,decode
7003,random_bytes,2495521,11,caught,1,decode
7004,zeroed_run,2831586,125,caught,1,decode
7005,truncation,2786413,2657132,caught,1,decode
7006,header,845,1,caught,1,decode
7007,payload,1829932,1,caught,1,decode
7008,bit_flip,5090148,1,caught,1,decode
7009,random_bytes,5249977,8,caught,1,decode
7010,zeroed_run,1816335,97,caught,1,decode
7011,truncation,783411,4660134,caught,1,decode
7012,header,720,1,caught,1,decode
7013,payload,4717939,1,caught,1,decode
7014,bit_flip,3653538,1,caught,1,decode
7015,random_bytes,5022205,12,caught,1,decode
7016,zeroed_run,3049278,963,caught,1,decode
7017,truncation,2153016,3290529,caught,1,decode
7018,header,365,1,caught,1,decode
7019,payload,4871766,1,caught,1,decode
7020,bit_flip,5219293,1,caught,1,decode
7021,random_bytes,3514278,10,caught,1,decode
7022,zeroed_run,101160,1146,caught,1,decode
7023,truncation,3367732,2075813,caught,1,decode
7024,header,992,1,caught,1,decode
7025,payload,3758229,1,caught,1,decode
7026,bit_flip,2967527,1,caught,1,decode
7027,random_bytes,4519105,16,caught,1,decode
7028,zeroed_run,502295,3366,caught,1,decode
7029,truncation,209252,5234293,caught,1,decode
7030,header,748,1,caught,1,decode
7031,payload,4095065,1,caught,1,decode
7032,bit_flip,3800851,1,caught,1,decode
7033,random_bytes,2769295,14,caught,1,decode
7034,zeroed_run,943299,1695,caught,1,decode
7035,truncation,4718240,725305,caught,1,decode
7036,header,426,1,caught,1,decode
7037,payload,2933641,1,caught,1,decode
7038,bit_flip,2546314,1,caught,1,decode
7039,random_bytes,4729096,5,caught,1,decode
7040,zeroed_run,1884989,2689,caught,1,decode
7041,truncation,4837820,605725,caught,1,decode
7042,header,692,1,caught,1,decode
7043,payload,5379033,1,caught,1,decode
7044,bit_flip,3419109,1,caught,1,decode
7045,random_bytes,1113071,16,caught,1,decode
7046,zeroed_run,2317658,3458,caught,1,decode
7047,truncation,1769952,3673593,caught,1,decode
7048,header,169,1,caught,1,decode
7049,payload,2627519,1,caught,1,decode
7050,bit_flip,2493059,1,caught,1,decode
7051,random_bytes,264626,12,caught,1,decode
7052,zeroed_run,4455649,1105,caught,1,decode
7053,truncation,164579,5278966,caught,1,decode
7054,header,275,1,caught,1,decode
7055,payload,1340172,1,caught,1,decode
7056,bit_flip,158488,1,caught,1,decode
7057,random_bytes,5086787,9,caught,1,decode
7058,zeroed_run,1380772,1028,caught,1,decode
7059,truncation,4753646,689899,caught,1,decode
7060,header,900,1,caught,1,decode
7061,payload,4695587,1,caught,1,decode
7062,bit_flip,5237744,1,caught,1,decode
7063,random_bytes,3454309,13,caught,1,decode
7064,zeroed_run,3718986,127,caught,1,decode
7065,truncation,287150,5156395,caught,1,decode
7066,header,162,1,caught,1,decode
7067,payload,4089945,1,caught,1,decode
7068,bit_flip,4031804,1,caught,1,decode
7069,random_bytes,4543168,2,caught,1,decode
7070,zeroed_run,4355776,3999,caught,1,decode
7071,truncation,4541014,902531,caught,1,decode
7072,header,996,1,caught,1,decode
7073,payload,3367363,1,caught,1,decode
7074,bit_flip,2686698,1,caught,1,decode
7075,random_bytes,2164273,2,caught,1,decode
7076,zeroed_run,4684330,2708,caught,1,decode
7077,truncation,416167,5027378,caught,1,decode
7078,header,85,1,caught,1,decode
7079,payload,3628227,1,caught,1,decode
7080,bit_flip,4557342,1,caught,1,decode
7081,random_bytes,4231253,12,caught,1,decode
7082,zeroed_run,5132308,3562,caught,1,decode
7083,truncation,1266744,4176801,caught,1,decode
7084,header,962,1,caught,1,decode
7085,payload,583178,1,caught,1,decode
7086,bit_flip,2021419,1,caught,1,decode
7087,random_bytes,1307182,13,caught,1,decode
7088,zeroed_run,2977758,406,caught,1,decode
7089,truncation,205843,5237702,caught,1,decode
7090,header,71,1,caught,1,decode
7091,payload,2895759,1,caught,1,decode
7092,bit_flip,71208,1,caught,1,decode
7093,random_bytes,2653483,4,caught,1,decode
7094,zeroed_run,3834195,3266,caught,1,decode
7095,truncation,3248484,2195061,caught,1,decode
7096,header,722,1,caught,1,decode
7097,payload,2638578,1,caught,1,decode
7098,bit_flip,2201458,1,caught,1,decode
7099,random_bytes,4461200,15,caught,1,decode
7100,zeroed_run,4574801,2035,caught,1,decode
7101,truncation,3310134,2133411,caught,1,decode
7102,header,380,1,caught,1,decode
7103,payload,911080,1,caught,1,decode
7104,bit_flip,4681888,1,caught,1,decode
7105,random_bytes,4806908,11,caught,1,decode
7106,zeroed_run,4395655,1508,caught,1,decode
7107,truncation,3836085,1607460,caught,1,decode
7108,header,324,1,caught,1,decode
7109,payload,3885798,1,caught,1,decode
7110,bit_flip,905871,1,caught,1,decode
7111,random_bytes,1409329,2,caught,1,decode
7112,zeroed_run,5270229,3049,caught,1,decode
7113,truncation,734850,4708695,caught,1,decode
7114,header,117,1,caught,1,decode
7115,payload,1506274,1,caught,1,decode
7116,bit_flip,333788,1,caught,1,decode
7117,random_bytes,2349349,6,caught,1,decode
7118,zeroed_run,3629741,2200,caught,1,decode
7119,truncation,4978353,465192,caught,1,decode
7120,header,154,1,caught,1,decode
7121,payload,2983448,1,caught,1,decode
7122,bit_flip,3467122,1,caught,1,decode
7123,random_bytes,3103738,5,caught,1,decode
7124,zeroed_run,5313495,3119,caught,1,decode
7125,truncation,1761648,3681897,caught,1,decode
7126,header,82,1,caught,1,decode
7127,payload,2548393,1,caught,1,decode
7128,bit_flip,4174140,1,caught,1,decode
7129,random_bytes,3487155,1,caught,1,decode
7130,zeroed_run,2891642,386,caught,1,decode
7131,truncation,1510790,3932755,caught,1,decode
7132,header,1007,1,caught,1,decode
7133,payload,395227,1,caught,1,decode
7134,bit_flip,558333,1,caught,1,decode
7135,random_bytes,1640129,12,caught,1,decode
7136,zeroed_run,1946382,4043,caught,1,decode
7137,truncation,79550,5363995,caught,1,decode
7138,header,727,1,caught,1,decode
7139,payload,251000,1,caught,1,decode
7140,bit_flip,4856958,1,caught,1,decode
7141,random_bytes,3709443,2,caught,1,decode
7142,zeroed_run,1062489,1380,caught,1,decode
7143,truncation,2719532,2724013,caught,1,decode
7144,header,118,1,caught,1,decode
7145,payload,2966003,1,caught,1,decode
7146,bit_flip,240211,1,caught,1,decode
7147,random_bytes,4514590,1,caught,1,decode
7148,zeroed_run,2140523,3057,caught,1,decode
7149,truncation,4682055,761490,caught,1,decode
7150,header,776,1,caught,1,decode
7151,payload,2419954,1,caught,1,decode
7152,bit_flip,1525911,1,caught,1,decode
7153,random_bytes,3135853,1,caught,1,decode
7154,zeroed_run,2696863,1079,caught,1,decode
7155,truncation,4814673,628872,caught,1,decode
7156,header,689,1,caught,1,decode
7157,payload,803921,1,caught,1,decode
7158,bit_flip,2082514,1,caught,1,decode
7159,random_bytes,729947,2,caught,1,decode
7160,zeroed_run,5126085,140,caught,1,decode
7161,truncation,1749521,3694024,caught,1,decode
7162,header,818,1,caught,1,decode
7163,payload,2373152,1,caught,1,decode
7164,bit_flip,2251873,1,caught,1,decode
7165,random_bytes,1740494,15,caught,1,decode
7166,zeroed_run,3622985,2590,caught,1,decode
7167,truncation,3505370,1938175,caught,1,decode
7168,header,615,1,caught,1,decode
7169,payload,5071718,1,caught,1,decode
7170,bit_flip,4971347,1,caught,1,decode
7171,random_bytes,494270,2,caught,1,decode
7172,zeroed_run,1052002,3881,caught,1,decode
7173,truncation,219179,5224366,caught,1,decode
7174,header,215,1,caught,1,decode
7175,payload,2000157,1,caught,1,decode
7176,bit_flip,20111,1,caught,1,decode
7177,random_bytes,2269318,16,caught,1,decode
7178,zeroed_run,878291,222,caught,1,decode
7179,truncation,671675,4771870,caught,1,decode
7180,header,1009,1,caught,1,decode
7181,payload,3388468,1,caught,1,decode
7182,bit_flip,4459144,1,caught,1,decode
7183,random_bytes,4195804,2,caught,1,decode
7184,zeroed_run,2329858,2616,caught,1,decode
7185,truncation,997289,4446256,caught,1,decode
7186,header,957,1,caught,1,decode
7187,payload,2138126,1,caught,1,decode
7188,bit_flip,2339821,1,caught,1,decode
7189,random_bytes,2859243,8,caught,1,decode
7190,zeroed_run,4261821,4077,caught,1,decode
7191,truncation,4037730,1405815,caught,1,decode
7192,header,383,1,caught,1,decode
7193,payload,1063237,1,caught,1,decode
7194,bit_flip,3274294,1,caught,1,decode
7195,random_bytes,5314371,3,caught,1,decode
7196,zeroed_run,4583174,2143,caught,1,decode
7197,truncation,4702871,740674,caught,1,decode
7198,header,846,1,caught,1,decode
7199,payload,2461883,1,caught,1,decode
7200,bit_flip,2027021,1,caught,1,decode
7201,random_bytes,2488467,16,caught,1,decode
7202,zeroed_run,1551870,2128,caught,1,decode
7203,truncation,4915457,528088,caught,1,decode
7204,header,823,1,caught,1,decode
7205,payload,4113558,1,caught,1,decode
7206,bit_flip,2471985,1,caught,1,decode
7207,random_bytes,4135902,7,caught,1,decode
7208,zeroed_run,1082220,998,caught,1,decode
7209,truncation,1901109,3542436,caught,1,decode
7210,header,679,1,caught,1,decode
7211,payload,1988740,1,caught,1,decode
7212,bit_flip,4627022,1,caught,1,decode
7213,random_bytes,3482316,14,caught,1,decode
7214,zeroed_run,4585408,1546,caught,1,decode
7215,truncation,3330665,2112880,caught,1,decode
7216,header,948,1,caught,1,decode
7217,payload,466992,1,caught,1,decode
7218,bit_flip,677275,1,caught,1,decode
7219,random_bytes,5112147,12,caught,1,decode
7220,zeroed_run,4001251,385,caught,1,decode
7221,truncation,4702677,740868,caught,1,decode
7222,header,311,1,caught,1,decode
7223,payload,4532631,1,caught,1,decode
7224,bit_flip,5259376,1,caught,1,decode
7225,random_bytes,331108,2,caught,1,decode
7226,zeroed_run,4280563,3475,caught,1,decode
7227,truncation,2032032,3411513,caught,1,decode
7228,header,578,1,caught,1,decode
7229,payload,3997682,1,caught,1,decode
7230,bit_flip,2222000,1,caught,1,decode
7231,random_bytes,3611787,5,caught,1,decode
7232,zeroed_run,2399187,1495,caught,1,decode
7233,truncation,3426239,2017306,caught,1,decode
7234,header,808,1,caught,1,decode
7235,payload,3220686,1,caught,1,decode
7236,bit_flip,4826021,1,caught,1,decode
7237,random_bytes,2544543,16,caught,1,decode
7238,zeroed_run,392979,3566,caught,1,decode
7239,truncation,595805,4847740,caught,1,decode
7240,header,689,1,caught,1,decode
7241,payload,5148859,1,caught,1,decode
7242,bit_flip,2904537,1,caught,1,decode
7243,random_bytes,3923570,2,caught,1,decode
7244,zeroed_run,2934941,400,caught,1,decode
7245,truncation,4915615,527930,caught,1,decode
7246,header,233,1,caught,1,decode
7247,payload,4262227,1,caught,1,decode
7248,bit_flip,4751486,1,caught,1,decode
7249,random_bytes,936285,12,caught,1,decode
7250,zeroed_run,691896,2248,caught,1,decode
7251,truncation,2632690,2810855,caught,1,decode
7252,header,1004,1,caught,1,decode
7253,payload,4790147,1,caught,1,decode
7254,bit_flip,3598769,1,caught,1,decode
7255,random_bytes,193409,13,caught,1,decode
7256,zeroed_run,4515433,752,caught,1,decode
7257,truncation,3409420,2034125,caught,1,decode
7258,header,479,1,caught,1,decode
7259,payload,3090096,1,caught,1,decode
7260,bit_flip,124384,1,caught,1,decode
7261,random_bytes,1594442,12,caught,1,decode
7262,zeroed_run,2708819,2636,caught,1,decode
7263,truncation,4402114,1041431,caught,1,decode
7264,header,705,1,caught,1,decode
7265,payload,3603793,1,caught,1,decode
7266,bit_flip,525575,1,caught,1,decode
7267,random_bytes,2377475,6,caught,1,decode
7268,zeroed_run,3537543,2011,caught,1,decode
7269,truncation,964271,4479274,caught,1,decode
7270,header,219,1,caught,1,decode
7271,payload,1729644,1,caught,1,decode
7272,bit_flip,5304602,1,caught,1,decode
7273,random_bytes,2544993,11,caught,1,decode
7274,zeroed_run,2177556,1836,caught,1,decode
7275,truncation,2497381,2946164,caught,1,decode
7276,header,454,1,caught,1,decode
7277,payload,4760143,1,caught,1,decode
7278,bit_flip,1462826,1,caught,1,decode
7279,random_bytes,4009467,5,caught,1,decode
7280,zeroed_run,2076463,740,caught,1,decode
7281,truncation,4712582,730963,caught,1,decode
7282,header,203,1,caught,1,decode
7283,payload,4896648,1,caught,1,decode
7284,bit_flip,1257168,1,caught,1,decode
7285,random_bytes,1624443,11,caught,1,decode
7286,zeroed_run,2630275,2849,caught,1,decode
7287,truncation,4714373,729172,caught,1,decode
7288,header,839,1,caught,1,decode
7289,payload,45204,1,caught,1,decode
7290,bit_flip,2291791,1,caught,1,decode
7291,random_bytes,1096144,12,caught,1,decode
7292,zeroed_run,326543,426,caught,1,decode
7293,truncation,2263747,3179798,caught,1,decode
7294,header,440,1,caught,1,decode
7295,payload,4781102,1,caught,1,decode
7296,bit_flip,359760,1,caught,1,decode
7297,random_bytes,1474561,10,caught,1,decode
7298,zeroed_run,2511875,1708,caught,1,decode
7299,truncation,2355211,3088334,caught,1,decode
7300,header,863,1,caught,1,decode
7301,payload,3045592,1,caught,1,decode
7302,bit_flip,770423,1,caught,1,decode
7303,random_bytes,1598272,1,caught,1,decode
7304,zeroed_run,4874973,819,caught,1,decode
7305,truncation,4202207,1241338,caught,1,decode
7306,header,691,1,caught,1,decode
7307,payload,4921876,1,caught,1,decode
7308,bit_flip,4408545,1,caught,1,decode
7309,random_bytes,3380870,3,caught,1,decode
7310,zeroed_run,3639093,2611,caught,1,decode
7311,truncation,1498360,3945185,caught,1,decode
7312,header,84,1,caught,1,decode
7313,payload,4468478,1,caught,1,decode
7314,bit_flip,3561666,1,caught,1,decode
7315,random_bytes,3593496,15,caught,1,decode
7316,zeroed_run,856726,2970,caught,1,decode
7317,truncation,4084128,1359417,caught,1,decode
7318,header,312,1,caught,1,decode
7319,payload,372077,1,caught,1,decode
7320,bit_flip,4940250,1,caught,1,decode
7321,random_bytes,1936217,14,caught,1,decode
7322,zeroed_run,1108803,2742,caught,1,decode
7323,truncation,16964,5426581,caught,1,decode
7324,header,514,1,caught,1,decode
7325,payload,5071329,1,caught,1,decode
7326,bit_flip,3777780,1,caught,1,decode
7327,random_bytes,1648715,13,caught,1,decode
7328,zeroed_run,2596108,2037,caught,1,decode
7329,truncation,2902137,2541408,caught,1,decode
7330,header,127,1,caught,1,decode
7331,payload,2520005,1,caught,1,decode
7332,bit_flip,2296318,1,caught,1,decode
7333,random_bytes,3612846,6,caught,1,decode
7334,zeroed_run,1274168,1326,caught,1,decode
7335,truncation,3489290,1954255,caught,1,decode
7336,header,812,1,caught,1,decode
7337,payload,3681851,1,caught,1,decode
7338,bit_flip,1201944,1,caught,1,decode
7339,random_bytes,1909273,9,caught,1,decode
7340,zeroed_run,1116198,2406,caught,1,decode
7341,truncation,448857,4994688,caught,1,decode
7342,header,817,1,caught,1,decode
7343,payload,510964,1,caught,1,decode
7344,bit_flip,1992531,1,caught,1,decode
7345,random_bytes,2034608,8,caught,1,decode
7346,zeroed_run,807224,2448,caught,1,decode
7347,truncation,4865239,578306,caught,1,decode
7348,header,776,1,caught,1,decode
7349,payload,1356947,1,caught,1,decode
7350,bit_flip,2975208,1,caught,1,decode
7351,random_bytes,2627450,11,caught,1,decode
7352,zeroed_run,2714926,3138,caught,1,decode
7353,truncation,3759135,1684410,caught,1,decode
7354,header,570,1,caught,1,decode
7355,payload,1273688,1,caught,1,decode
7356,bit_flip,1513316,1,caught,1,decode
7357,random_bytes,4822766,1,caught,1,decode
7358,zeroed_run,566258,673,caught,1,decode
7359,truncation,1293903,4149642,caught,1,decode
7360,header,246,1,caught,1,decode
7361,payload,3719717,1,caught,1,decode
7362,bit_flip,4396147,1,caught,1,decode
7363,random_bytes,2743110,2,caught,1,decode
7364,zeroed_run,5169860,1899,caught,1,decode
7365,truncation,2773715,2669830,caught,1,decode
7366,header,689,1,caught,1,decode
7367,payload,2768633,1,caught,1,decode
7368,bit_flip,502923,1,caught,1,decode
7369,random_bytes,3655389,8,caught,1,decode
7370,zeroed_run,4915874,3813,caught,1,decode
7371,truncation,3001496,2442049,caught,1,decode
7372,header,622,1,caught,1,decode
7373,payload,2487154,1,caught,1,decode
7374,bit_flip,1455274,1,caught,1,decode
7375,random_bytes,5200343,15,caught,1,decode
7376,zeroed_run,5139394,4078,caught,1,decode
7377,truncation,4515782,927763,caught,1,decode
7378,header,596,1,caught,1,decode
7379,payload,91574,1,caught,1,decode
7380,bit_flip,3174173,1,caught,1,decode
7381,random_bytes,484935,15,caught,1,decode
7382,zeroed_run,4321181,3412,caught,1,decode
7383,truncation,5277671,165874,caught,1,decode
7384,header,558,1,caught,1,decode
7385,payload,678661,1,caught,1,decode
7386,bit_flip,3831898,1,caught,1,decode
7387,random_bytes,2647566,3,caught,1,decode
7388,zeroed_run,5088236,3683,caught,1,decode
7389,truncation,3563503,1880042,caught,1,decode
7390,header,41,1,caught,1,decode
7391,payload,4857596,1,caught,1,decode
7392,bit_flip,824412,1,caught,1,decode
7393,random_bytes,3786502,7,caught,1,decode
7394,zeroed_run,5249243,445,caught,1,decode
7395,truncation,4399690,1043855,caught,1,decode
7396,header,385,1,caught,1,decode
7397,payload,4270313,1,caught,1,decode
7398,bit_flip,5700,1,caught,1,decode
7399,random_bytes,1793591,4,caught,1,decode
7400,zeroed_run,2682492,3756,caught,1,decode
7401,truncation,1043162,4400383,caught,1,decode
7402,header,212,1,caught,1,decode
7403,payload,2823773,1,caught,1,decode
7404,bit_flip,2043595,1,caught,1,decode
7405,random_bytes,2109381,5,caught,1,decode
7406,zeroed_run,2599574,22,caught,1,decode
7407,truncation,2530801,2912744,caught,1,decode
7408,header,219,1,caught,1,decode
7409,payload,2784136,1,caught,1,decode
7410,bit_flip,2032953,1,caught,1,decode
7411,random_bytes,2806698,5,caught,1,decode
7412,zeroed_run,239973,3150,caught,1,decode
7413,truncation,2172305,3271240,caught,1,decode
7414,header,598,1,caught,1,decode
7415,payload,2417362,1,caught,1,decode
7416,bit_flip,4524911,1,caught,1,decode
7417,random_bytes,2596556,7,caught,1,decode
7418,zeroed_run,3535853,2253,caught,1,decode
7419,truncation,2041597,3401948,caught,1,decode
7420,header,14,1,caught,1,decode
7421,payload,4374906,1,caught,1,decode
7422,bit_flip,4611163,1,caught,1,decode
7423,random_bytes,5285859,9,caught,1,decode
7424,zeroed_run,290516,2685,caught,1,decode
7425,truncation,1108567,4334978,caught,1,decode
7426,header,125,1,caught,1,decode
7427,payload,193182,1,caught,1,decode
7428,bit_flip,5180329,1,caught,1,decode
7429,random_bytes,693641,15,caught,1,decode
7430,zeroed_run,4399551,2430,caught,1,decode
7431,truncation,3540372,1903173,caught,1,decode
7432,header,833,1,caught,1,decode
7433,payload,4054264,1,caught,1,decode
7434,bit_flip,4932000,1,caught,1,decode
7435,random_bytes,2686191,1,caught,1,decode
7436,zeroed_run,4494843,1070,caught,1,decode
7437,truncation,3486778,1956767,caught,1,decode
7438,header,744,1,caught,1,decode
7439,payload,2654318,1,caught,1,decode
7440,bit_flip,3426585,1,caught,1,decode
7441,random_bytes,562768,4,caught,1,decode
7442,zeroed_run,3251030,2731,caught,1,decode
7443,truncation,3630753,1812792,caught,1,decode
7444,header,185,1,caught,1,decode
7445,payload,4870424,1,caught,1,decode
7446,bit_flip,89042,1,caught,1,decode
7447,random_bytes,1231020,1,caught,1,decode
7448,zeroed_run,3482961,1541,caught,1,decode
7449,truncation,5203108,240437,caught,1,decode
7450,header,757,1,caught,1,decode
7451,payload,3178109,1,caught,1,decode
7452,bit_flip,1441248,1,caught,1,decode
7453,random_bytes,4965638,8,caught,1,decode
7454,zeroed_run,1487140,306,caught,1,decode
7455,truncation,4296909,1146636,caught,1,decode
7456,header,95,1,caught,1,decode
7457,payload,3072161,1,caught,1,decode
7458,bit_flip,13716,1,caught,1,decode
7459,random_bytes,1542553,1,caught,1,decode
7460,zeroed_run,3561101,2121,caught,1,decode
7461,truncation,2392067,3051478,caught,1,decode
7462,header,173,1,caught,1,decode
7463,payload,2853135,1,caught,1,decode
7464,bit_flip,3298081,1,caught,1,decode
7465,random_bytes,4782706,12,caught,1,decode
7466,zeroed_run,1456983,3910,caught,1,decode
7467,truncation,1545505,3898040,caught,1,decode
7468,header,124,1,caught,1,decode
7469,payload,102681,1,caught,1,decode
7470,bit_flip,278017,1,caught,1,decode
7471,random_bytes,568840,8,caught,1,decode
7472,zeroed_run,1996299,1587,caught,1,decode
7473,truncation,1303476,4140069,caught,1,decode
7474,header,378,1,caught,1,decode
7475,payload,1392680,1,caught,1,decode
7476,bit_flip,3789886,1,caught,1,decode
7477,random_bytes,1458964,5,caught,1,decode
7478,zeroed_run,1045075,2060,caught,1,decode
7479,truncation,3088605,2354940,caught,1,decode
7480,header,279,1,caught,1,decode
7481,payload,2782797,1,caught,1,decode
7482,bit_flip,3608598,1,caught,1,decode
7483,random_bytes,1777554,12,caught,1,decode
7484,zeroed_run,246187,1792,caught,1,decode
7485,truncation,3573420,1870125,caught,1,decode
7486,header,506,1,caught,1,decode
7487,payload,1121694,1,caught,1,decode
7488,bit_flip,3244921,1,caught,1,decode
7489,random_bytes,5021392,13,caught,1,decode
7490,zeroed_run,3974194,455,caught,1,decode
7491,truncation,1405445,4038100,caught,1,decode
7492,header,401,1,caught,1,decode
7493,payload,4279903,1,caught,1,decode
7494,bit_flip,1378793,1,caught,1,decode
7495,random_bytes,2702221,15,caught,1,decode
7496,zeroed_run,3457052,2385,caught,1,decode
7497,truncation,553507,4890038,caught,1,decode
7498,header,493,1,caught,1,decode
7499,payload,972089,1,caught,1,decode
7500,bit_flip,4169520,1,caught,1,decode
7501,random_bytes,4936170,11,caught,1,decode
7502,zeroed_run,1578373,1245,caught,1,decode
7503,truncation,3234749,2208796,caught,1,decode
7504,header,874,1,caught,1,decode
7505,payload,20041,1,caught,1,decode
7506,bit_flip,3718899,1,caught,1,decode
7507,random_bytes,1190434,3,caught,1,decode
7508,zeroed_run,1786925,3791,caught,1,decode
7509,truncation,5318360,125185,caught,1,decode
7510,header,967,1,caught,1,decode
7511,payload,4172762,1,caught,1,decode
7512,bit_flip,198148,1,caught,1,decode
7513,random_bytes,2203452,15,caught,1,decode
7514,zeroed_run,1681012,143,caught,1,decode
7515,truncation,1337584,4105961,caught,1,decode
7516,header,816,1,caught,1,decode
7517,payload,3443345,1,caught,1,decode
7518,bit_flip,34731,1,caught,1,decode
7519,random_bytes,201772,3,caught,1,decode
7520,zeroed_run,2573179,3136,caught,1,decode
7521,truncation,770445,4673100,caught,1,decode
7522,header,239,1,caught,1,decode
7523,payload,2542114,1,caught,1,decode
7524,bit_flip,3733783,1,caught,1,decode
7525,random_bytes,4529307,9,caught,1,decode
7526,zeroed_run,2893428,2791,caught,1,decode
7527,truncation,1419145,4024400,caught,1,decode
7528,header,769,1,caught,1,decode
7529,payload,1200237,1,caught,1,decode
7530,bit_flip,2555326,1,caught,1,decode
7531,random_bytes,307582,8,caught,1,decode
7532,zeroed_run,5339936,2956,caught,1,decode
7533,truncation,5211024,232521,caught,1,decode
7534,header,189,1,caught,1,decode
7535,payload,507948,1,caught,1,decode
7536,bit_flip,3320151,1,caught,1,decode
7537,random_bytes,3555968,1,caught,1,decode
7538,zeroed_run,2644840,3421,caught,1,decode
7539,truncation,1000472,4443073,caught,1,decode
7540,header,361,1,caught,1,decode
7541,payload,5245675,1,caught,1,decode
7542,bit_flip,3361900,1,caught,1,decode
7543,random_bytes,5269250,14,caught,1,decode
7544,zeroed_run,5396039,2633,caught,1,decode
7545,truncation,3234847,2208698,caught,1,decode
7546,header,541,1,caught,1,decode
7547,payload,1671995,1,caught,1,decode
7548,bit_flip,3874790,1,caught,1,decode
7549,random_bytes,1806822,4,caught,1,decode
7550,zeroed_run,1902711,295,caught,1,decode
7551,truncation,5387292,56253,caught,1,decode
7552,header,498,1,caught,1,decode
7553,payload,4752337,1,caught,1,decode
7554,bit_flip,1481020,1,caught,1,decode
7555,random_bytes,3458122,8,caught,1,decode
7556,zeroed_run,462606,2307,caught,1,decode
7557,truncation,4313886,1129659,caught,1,decode
7558,header,517,1,caught,1,decode
7559,payload,3802362,1,caught,1,decode
7560,bit_flip,4712952,1,caught,1,decode
7561,random_bytes,2775822,6,caught,1,decode
7562,zeroed_run,3058399,3805,caught,1,decode
7563,truncation,51186,5392359,caught,1,decode
7564,header,898,1,caught,1,decode
7565,payload,975535,1,caught,1,decode
7566,bit_flip,4408122,1,caught,1,decode
7567,random_bytes,3606818,10,caught,1,decode
7568,zeroed_run,3500319,3869,caught,1,decode
7569,truncation,1838218,3605327,caught,1,decode
7570,header,378,1,caught,1,decode
7571,payload,3323948,1,caught,1,decode
7572,bit_flip,2501549,1,caught,1,decode
7573,random_bytes,1129264,13,caught,1,decode
7574,zeroed_run,4718993,2855,caught,1,decode
7575,truncation,1906619,3536926,caught,1,decode
7576,header,124,1,caught,1,decode
7577,payload,2597911,1,caught,1,decode
7578,bit_flip,5443073,1,caught,1,decode
7579,random_bytes,1028931,3,caught,1,decode
7580,zeroed_run,4311589,3578,caught,1,decode
7581,truncation,383522,5060023,caught,1,decode
7582,header,48,1,caught,1,decode
7583,payload,4280021,1,caught,1,decode
7584,bit_flip,1603385,1,caught,1,decode
7585,random_bytes,2180641,16,caught,1,decode
7586,zeroed_run,3496754,262,caught,1,decode
7587,truncation,3464496,1979049,caught,1,decode
7588,header,777,1,caught,1,decode
7589,payload,16205,1,caught,1,decode
7590,bit_flip,2997455,1,caught,1,decode
7591,random_bytes,2708438,11,caught,1,decode
7592,zeroed_run,2623837,4091,caught,1,decode
7593,truncation,2696826,2746719,caught,1,decode
7594,header,559,1,caught,1,decode
7595,payload,2804284,1,caught,1,decode
7596,bit_flip,3425094,1,caught,1,decode
7597,random_bytes,3540589,12,caught,1,decode
7598,zeroed_run,3374655,3822,caught,1,decode
7599,truncation,4601007,842538,caught,1,decode
7600,header,1021,1,caught,1,decode
7601,payload,1889695,1,caught,1,decode
7602,bit_flip,442270,1,caught,1,decode
7603,random_bytes,3816077,15,caught,1,decode
7604,zeroed_run,3196788,2871,caught,1,decode
7605,truncation,2280646,3162899,caught,1,decode
7606,header,937,1,caught,1,decode
7607,payload,2669399,1,caught,1,decode
7608,bit_flip,761573,1,caught,1,decode
7609,random_bytes,3190681,1,caught,1,decode
7610,zeroed_run,1809155,2330,caught,1,decode
7611,truncation,305174,5138371,caught,1,decode
7612,header,814,1,caught,1,decode
7613,payload,1648676,1,caught,1,decode
7614,bit_flip,3778607,1,caught,1,decode
7615,random_bytes,3489305,15,caught,1,decode
7616,zeroed_run,4333626,1798,caught,1,decode
7617,truncation,57830,5385715,caught,1,decode
7618,header,865,1,caught,1,decode
7619,payload,2925669,1,caught,1,decode
7620,bit_flip,3993271,1,caught,1,decode
7621,random_bytes,2928037,7,caught,1,decode
7622,zeroed_run,3525190,3554,caught,1,decode
7623,truncation,41252,5402293,caught,1,decode
7624,header,248,1,caught,1,decode
7625,payload,4984440,1,caught,1,decode
7626,bit_flip,1126157,1,caught,1,decode
7627,random_bytes,3296139,9,caught,1,decode
7628,zeroed_run,5086593,2773,caught,1,decode
7629,truncation,265390,5178155,caught,1,decode
7630,header,913,1,caught,1,decode
7631,payload,2422064,1,caught,1,decode
7632,bit_flip,1771838,1,caught,1,decode
7633,random_bytes,1277,8,caught,1,decode
7634,zeroed_run,1143997,3671,caught,1,decode
7635,truncation,1418488,4025057,caught,1,decode
7636,header,688,1,caught,1,decode
7637,payload,5264587,1,caught,1,decode
7638,bit_flip,2012646,1,caught,1,decode
7639,random_bytes,3163271,4,caught,1,decode
7640,zeroed_run,2309120,658,caught,1,decode
7641,truncation,4151984,1291561,caught,1,decode
7642,header,506,1,caught,1,decode
7643,payload,3222363,1,caught,1,decode
7644,bit_flip,856985,1,caught,1,decode
7645,random_bytes,5395901,3,caught,1,decode
7646,zeroed_run,846681,3537,caught,1,decode
7647,truncation,5186957,256588,caught,1,decode
7648,header,871,1,caught,1,decode
7649,payload,3675171,1,caught,1,decode
7650,bit_flip,202321,1,caught,1,decode
7651,random_bytes,2615285,9,caught,1,decode
7652,zeroed_run,1268196,1056,caught,1,decode
7653,truncation,443802,4999743,caught,1,decode
7654,header,527,1,caught,1,decode
7655,payload,2585400,1,caught,1,decode
7656,bit_flip,4615366,1,caught,1,decode
7657,random_bytes,62870,15,caught,1,decode
7658,zeroed_run,594227,1044,caught,1,decode
7659,truncation,4021297,1422248,caught,1,decode
7660,header,674,1,caught,1,decode
7661,payload,3089922,1,caught,1,decode
7662,bit_flip,1392936,1,caught,1,decode
7663,random_bytes,42390,8,caught,1,decode
7664,zeroed_run,1363813,683,caught,1,decode
7665,truncation,2773473,2670072,caught,1,decode
7666,header,242,1,caught,1,decode
7667,payload,89276,1,caught,1,decode
7668,bit_flip,3779702,1,caught,1,decode
7669,random_bytes,2534256,6,caught,1,decode
7670,zeroed_run,1091808,1195,caught,1,decode
7671,truncation,2736186,2707359,caught,1,decode
7672,header,737,1,caught,1,decode
7673,payload,1065028,1,caught,1,decode
7674,bit_flip,3861681,1,caught,1,decode
7675,random_bytes,1819738,3,caught,1,decode
7676,zeroed_run,660838,1146,caught,1,decode
7677,truncation,3538244,1905301,caught,1,decode
7678,header,973,1,caught,1,decode
7679,payload,4729360,1,caught,1,decode
7680,bit_flip,86600,1,caught,1,decode
7681,random_bytes,2436098,13,caught,1,decode
7682,zeroed_run,764241,3797,caught,1,decode
7683,truncation,2722635,2720910,caught,1,decode
7684,header,597,1,caught,1,decode
7685,payload,3822192,1,caught,1,decode
7686,bit_flip,4456447,1,caught,1,decode
7687,random_bytes,667981,1,caught,1,decode
7688,zeroed_run,3777732,601,caught,1,decode
7689,truncation,4100046,1343499,caught,1,decode
7690,header,166,1,caught,1,decode
7691,payload,1948118,1,caught,1,decode
7692,bit_flip,2311672,1,caught,1,decode
7693,random_bytes,3638734,7,caught,1,decode
7694,zeroed_run,828242,2120,caught,1,decode
7695,truncation,518793,4924752,caught,1,decode
7696,header,2,1,caught,1,decode
7697,payload,590304,1,caught,1,decode
7698,bit_flip,2853771,1,caught,1,decode
7699,random_bytes,1192044,16,caught,1,decode
7700,zeroed_run,4854740,83,caught,1,decode
7701,truncation,4213597,1229948,caught,1,decode
7702,header,985,1,caught,1,decode
7703,payload,310800,1,caught,1,decode
7704,bit_flip,2475559,1,caught,1,decode
7705,random_bytes,4695523,4,caught,1,decode
7706,zeroed_run,3687249,2852,caught,1,decode
7707,truncation,4079135,1364410,caught,1,decode
7708,header,923,1,caught,1,decode
7709,payload,1695266,1,caught,1,decode
7710,bit_flip,217222,1,caught,1,decode
7711,random_bytes,3995479,14,caught,1,decode
7712,zeroed_run,2592611,1818,caught,1,decode
7713,truncation,4927859,515686,caught,1,decode
7714,header,393,1,caught,1,decode
7715,payload,971232,1,caught,1,decode
7716,bit_flip,2604071,1,caught,1,decode
7717,random_bytes,3056869,10,caught,1,decode
7718,zeroed_run,5387573,109,caught,1,decode
7719,truncation,1747243,3696302,caught,1,decode
7720,header,716,1,caught,1,decode
7721,payload,2760191,1,caught,1,decode
7722,bit_flip,811151,1,caught,1,decode
7723,random_bytes,1713475,9,caught,1,decode
7724,zeroed_run,446558,1167,caught,1,decode
7725,truncation,3201088,2242457,caught,1,decode
7726,header,258,1,caught,1,decode
7727,payload,104324,1,caught,1,decode
7728,bit_flip,4582350,1,caught,1,decode
7729,random_bytes,597389,13,caught,1,decode
7730,zeroed_run,1495742,163,caught,1,decode
7731,truncation,1254312,4189233,caught,1,decode
7732,header,508,1,caught,1,decode
7733,payload,1090518,1,caught,1,decode
7734,bit_flip,3711740,1,caught,1,decode
7735,random_bytes,123959,1,caught,1,decode
7736,zeroed_run,573415,1895,caught,1,decode
7737,truncation,3286917,2156628,caught,1,decode
7738,header,762,1,caught,1,decode
7739,payload,506585,1,caught,1,decode
7740,bit_flip,1070023,1,caught,1,decode
7741,random_bytes,4380572,5,caught,1,decode
7742,zeroed_run,3057137,3380,caught,1,decode
7743,truncation,1933955,3509590,caught,1,decode
7744,header,523,1,caught,1,decode
7745,payload,46442,1,caught,1,decode
7746,bit_flip,1121919,1,caught,1,decode
7747,random_bytes,1449543,3,caught,1,decode
7748,zeroed_run,3835238,2452,caught,1,decode
7749,truncation,935220,4508325,caught,1,decode
7750,header,194,1,caught,1,decode
7751,payload,2751719,1,caught,1,decode
7752,bit_flip,2617439,1,caught,1,decode
7753,random_bytes,4338889,8,caught,1,decode
7754,zeroed_run,1962360,1849,caught,1,decode
7755,truncation,2261212,3182333,caught,1,decode
7756,header,328,1,caught,1,decode
7757,payload,3385932,1,caught,1,decode
7758,bit_flip,1697255,1,caught,1,decode
7759,random_bytes,3772291,5,caught,1,decode
7760,zeroed_run,1127875,413,caught,1,decode
7761,truncation,3026505,2417040,caught,1,decode
7762,header,317,1,caught,1,decode
7763,payload,1261460,1,caught,1,decode
7764,bit_flip,690987,1,caught,1,decode
7765,random_bytes,3397470,2,caught,1,decode
7766,zeroed_run,2599379,1501,caught,1,decode
7767,truncation,2936001,2507544,caught,1,decode
7768,header,581,1,caught,1,decode
7769,payload,509543,1,caught,1,decode
7770,bit_flip,863078,1,caught,1,decode
7771,random_bytes,2343423,15,caught,1,decode
7772,zeroed_run,1607331,2106,caught,1,decode
7773,truncation,1218666,4224879,caught,1,decode
7774,header,965,1,caught,1,decode
7775,payload,4701717,1,caught,1,decode
7776,bit_flip,3938759,1,caught,1,decode
7777,random_bytes,2336491,4,caught,1,decode
7778,zeroed_run,1154726,1373,caught,1,decode
7779,truncation,76670,5366875,caught,1,decode
7780,header,221,1,caught,1,decode
7781,payload,4670974,1,caught,1,decode
7782,bit_flip,2593909,1,caught,1,decode
7783,random_bytes,1534601,3,caught,1,decode
7784,zeroed_run,1744348,1321,caught,1,decode
7785,truncation,4338850,1104695,caught,1,decode
7786,header,750,1,caught,1,decode
7787,payload,4552175,1,caught,1,decode
7788,bit_flip,3781649,1,caught,1,decode
7789,random_bytes,1568628,8,caught,1,decode
7790,zeroed_run,649985,3117,caught,1,decode
7791,truncation,3467005,1976540,caught,1,decode
7792,header,74,1,caught,1,decode
7793,payload,3174742,1,caught,1,decode
7794,bit_flip,3902268,1,caught,1,decode
7795,random_bytes,243497,7,caught,1,decode
7796,zeroed_run,3555852,3403,caught,1,decode
7797,truncation,5413166,30379,caught,1,decode
7798,header,977,1,caught,1,decode
7799,payload,3033670,1,caught,1,decode
7800,bit_flip,4630172,1,caught,1,decode
7801,random_bytes,2115510,9,caught,1,decode
7802,zeroed_run,338558,2523,caught,1,decode
7803,truncation,794584,4648961,caught,1,decode
7804,header,613,1,caught,1,decode
7805,payload,2301929,1,caught,1,decode
7806,bit_flip,4547886,1,caught,1,decode
7807,random_bytes,1193841,10,caught,1,decode
7808,zeroed_run,473137,102,caught,1,decode
7809,truncation,177600,5265945,caught,1,decode
7810,header,439,1,caught,1,decode
7811,payload,1543231,1,caught,1,decode
7812,bit_flip,3138256,1,caught,1,decode
7813,random_bytes,4412853,3,caught,1,decode
7814,zeroed_run,1965560,753,caught,1,decode
7815,truncation,2942279,2501266,caught,1,decode
7816,header,135,1,caught,1,decode
7817,payload,5430222,1,caught,1,decode
7818,bit_flip,753895,1,caught,1,decode
7819,random_bytes,1887340,2,caught,1,decode
7820,zeroed_run,3239792,3854,caught,1,decode
7821,truncation,685058,4758487,caught,1,decode
7822,header,798,1,caught,1,decode
7823,payload,591826,1,caught,1,decode
7824,bit_flip,776869,1,caught,1,decode
7825,random_bytes,4862006,3,caught,1,decode
7826,zeroed_run,2406446,3089,caught,1,decode
7827,truncation,3023434,2420111,caught,1,decode
7828,header,682,1,caught,1,decode
7829,payload,2137857,1,caught,1,decode
7830,bit_flip,315677,1,caught,1,decode
7831,random_bytes,5128872,13,caught,1,decode
7832,zeroed_run,2199445,2251,caught,1,decode
7833,truncation,2846332,2597213,caught,1,decode
7834,header,547,1,caught,1,decode
7835,payload,1270057,1,caught,1,decode
7836,bit_flip,4326577,1,caught,1,decode
7837,random_bytes,939820,10,caught,1,decode
7838,zeroed_run,2073104,3641,caught,1,decode
7839,truncation,4356540,1087005,caught,1,decode
7840,header,210,1,caught,1,decode
7841,payload,2592718,1,caught,1,decode
7842,bit_flip,4034596,1,caught,1,decode
7843,random_bytes,4536992,9,caught,1,decode
7844,zeroed_run,2277958,3309,caught,1,decode
7845,truncation,1002411,4441134,caught,1,decode
7846,header,627,1,caught,1,decode
7847,payload,5261035,1,caught,1,decode
7848,bit_flip,4986426,1,caught,1,decode
7849,random_bytes,4391029,1,caught,1,decode
7850,zeroed_run,1133711,1814,caught,1,decode
7851,truncation,45650,5397895,caught,1,decode
7852,header,417,1,caught,1,decode
7853,payload,4571999,1,caught,1,decode
7854,bit_flip,4942138,1,caught,1,decode
7855,random_bytes,2923789,15,caught,1,decode
7856,zeroed_run,3000937,2498,caught,1,decode
7857,truncation,2881905,2561640,caught,1,decode
7858,header,720,1,caught,1,decode
7859,payload,46014,1,caught,1,decode
7860,bit_flip,4318935,1,caught,1,decode
7861,random_bytes,401431,5,caught,1,decode
7862,zeroed_run,3351381,3637,caught,1,decode
7863,truncation,3249003,2194542,caught,1,decode
7864,header,484,1,caught,1,decode
7865,payload,4494076,1,caught,1,decode
7866,bit_flip,2996616,1,caught,1,decode
7867,random_bytes,1119435,7,caught,1,decode
7868,zeroed_run,5349750,1775,caught,1,decode
7869,truncation,3975814,1467731,caught,1,decode
7870,header,72,1,caught,1,decode
7871,payload,158863,1,caught,1,decode
7872,bit_flip,4856160,1,caught,1,decode
7873,random_bytes,2530741,16,caught,1,decode
7874,zeroed_run,1348104,3282,caught,1,decode
7875,truncation,2346761,3096784,caught,1,decode
7876,header,959,1,caught,1,decode
7877,payload,3738713,1,caught,1,decode
7878,bit_flip,935359,1,caught,1,decode
7879,random_bytes,364063,14,caught,1,decode
7880,zeroed_run,5394689,24,caught,1,decode
7881,truncation,911829,4531716,caught,1,decode
7882,header,546,1,caught,1,decode
7883,payload,3546040,1,caught,1,decode
7884,bit_flip,333823,1,caught,1,decode
7885,random_bytes,5087590,6,caught,1,decode
7886,zeroed_run,2650871,994,caught,1,decode
7887,truncation,2897607,2545938,caught,1,decode
7888,header,644,1,caught,1,decode
7889,payload,2445031,1,caught,1,decode
7890,bit_flip,3362262,1,caught,1,decode
7891,random_bytes,5349000,5,caught,1,decode
7892,zeroed_run,2924220,2016,caught,1,decode
7893,truncation,334680,5108865,caught,1,decode
7894,header,131,1,caught,1,decode
7895,payload,3246772,1,caught,1,decode
7896,bit_flip,3011224,1,caught,1,decode
7897,random_bytes,3228262,15,caught,1,decode
7898,zeroed_run,4655186,303,caught,1,decode
7899,truncation,4161778,1281767,caught,1,decode
7900,header,87,1,caught,1,decode
7901,payload,2566609,1,caught,1,decode
7902,bit_flip,278087,1,caught,1,decode
7903,random_bytes,5107929,12,caught,1,decode
7904,zeroed_run,5128914,768,caught,1,decode
7905,truncation,1936630,3506915,caught,1,decode
7906,header,149,1,caught,1,decode
7907,payload,4162338,1,caught,1,decode
7908,bit_flip,2104966,1,caught,1,decode
7909,random_bytes,123738,8,caught,1,decode
7910,zeroed_run,3086669,745,caught,1,decode
7911,truncation,5373793,69752,caught,1,decode
7912,header,932,1,caught,1,decode
7913,payload,4810616,1,caught,1,decode
7914,bit_flip,2975810,1,caught,1,decode
7915,random_bytes,4420141,8,caught,1,decode
7916,zeroed_run,4488615,315,caught,1,decode
7917,truncation,871761,4571784,caught,1,decode
7918,header,870,1,caught,1,decode
7919,payload,2422437,1,caught,1,decode
7920,bit_flip,223139,1,caught,1,decode
7921,random_bytes,3401412,6,caught,1,decode
7922,zeroed_run,2711321,3483,caught,1,decode
7923,truncation,687449,4756096,caught,1,decode
7924,header,186,1,caught,1,decode
7925,payload,2956060,1,caught,1,decode
7926,bit_flip,2159928,1,caught,1,decode
7927,random_bytes,2481862,9,caught,1,decode
7928,zeroed_run,2439481,3012,caught,1,decode
7929,truncation,4519110,924435,caught,1,decode
7930,header,461,1,caught,1,decode
7931,payload,1220838,1,caught,1,decode
7932,bit_flip,3842204,1,caught,1,decode
7933,random_bytes,4572537,7,caught,1,decode
7934,zeroed_run,4190574,3455,caught,1,decode
7935,truncation,3947222,1496323,caught,1,decode
7936,header,297,1,caught,1,decode
7937,payload,3914077,1,caught,1,decode
7938,bit_flip,2425730,1,caught,1,decode
7939,random_bytes,3356055,16,caught,1,decode
7940,zeroed_run,819599,2989,caught,1,decode
7941,truncation,441502,5002043,caught,1,decode
7942,header,739,1,caught,1,decode
7943,payload,375108,1,caught,1,decode
7944,bit_flip,5314326,1,caught,1,decode
7945,random_bytes,261850,14,caught,1,decode
7946,zeroed_run,2071897,2039,caught,1,decode
7947,truncation,2024591,3418954,caught,1,decode
7948,header,749,1,caught,1,decode
7949,payload,1305134,1,caught,1,decode
7950,bit_flip,3156926,1,caught,1,decode
7951,random_bytes,3334437,11,caught,1,decode
7952,zeroed_run,3057070,2232,caught,1,decode
7953,truncation,70667,5372878,caught,1,decode
7954,header,350,1,caught,1,decode
7955,payload,5050385,1,caught,1,decode
7956,bit_flip,1464530,1,caught,1,decode
7957,random_bytes,278855,9,caught,1,decode
7958,zeroed_run,5144381,438,caught,1,decode
7959,truncation,4745806,697739,caught,1,decode
7960,header,406,1,caught,1,decode
7961,payload,722781,1,caught,1,decode
7962,bit_flip,3678797,1,caught,1,decode
7963,random_bytes,4309049,2,caught,1,decode
7964,zeroed_run,1358366,2781,caught,1,decode
7965,truncation,2007762,3435783,caught,1,decode
7966,header,426,1,caught,1,decode
7967,payload,1770369,1,caught,1,decode
7968,bit_flip,3861253,1,caught,1,decode
7969,random_bytes,1955857,11,caught,1,decode
7970,zeroed_run,3558498,2641,caught,1,decode
7971,truncation,2279106,3164439,caught,1,decode
7972,header,364,1,caught,1,decode
7973,payload,4740785,1,caught,1,decode
7974,bit_flip,748787,1,caught,1,decode
7975,random_bytes,2305882,16,caught,1,decode
7976,zeroed_run,4329787,3806,caught,1,decode
7977,truncation,342965,5100580,caught,1,decode
7978,header,674,1,caught,1,decode
7979,payload,173944,1,caught,1,decode
7980,bit_flip,3649133,1,caught,1,decode
7981,random_bytes,49541,5,caught,1,decode
7982,zeroed_run,3620038,101,caught,1,decode
7983,truncation,2442137,3001408,caught,1,decode
7984,header,432,1,caught,1,decode
7985,payload,4683910,1,caught,1,decode
7986,bit_flip,4812625,1,caught,1,decode
7987,random_bytes,1987468,4,caught,1,decode
7988,zeroed_run,3426815,460,caught,1,decode
7989,truncation,493965,4949580,caught,1,decode
7990,header,729,1,caught,1,decode
7991,payload,2068718,1,caught,1,decode
7992,bit_flip,2864351,1,caught,1,decode
7993,random_bytes,4954179,2,caught,1,decode
7994,zeroed_run,284454,2177,caught,1,decode
7995,truncation,2462302,2981243,caught,1,decode
7996,header,489,1,caught,1,decode
7997,payload,3829169,1,caught,1,decode
7998,bit_flip,2870674,1,caught,1,decode
7999,random_bytes,5288818,5,caught,1,decode
8000,zeroed_run,2372893,1731,caught,1,decode
8001,truncation,2862143,2581402,caught,1,decode
8002,header,409,1,caught,1,decode
8003,payload,2100024,1,caught,1,decode
8004,bit_flip,4974413,1,caught,1,decode
8005,random_bytes,1662099,11,caught,1,decode
8006,zeroed_run,2019452,711,caught,1,decode
8007,truncation,3112978,2330567,caught,1,decode
8008,header,221,1,caught,1,decode
8009,payload,3883688,1,caught,1,decode
8010,bit_flip,4366941,1,caught,1,decode
8011,random_bytes,988433,15,caught,1,decode
8012,zeroed_run,1142323,2823,caught,1,decode
8013,truncation,626534,4817011,caught,1,decode
8014,header,487,1,caught,1,decode
8015,payload,2743290,1,caught,1,decode
8016,bit_flip,4654131,1,caught,1,decode
8017,random_bytes,2449753,7,caught,1,decode
8018,zeroed_run,4669361,3091,caught,1,decode
8019,truncation,1356377,4087168,caught,1,decode
8020,header,986,1,caught,1,decode
8021,payload,146003,1,caught,1,decode
8022,bit_flip,1565695,1,caught,1,decode
8023,random_bytes,1481323,8,caught,1,decode
8024,zeroed_run,4274373,110,caught,1,decode
8025,truncation,4304592,1138953,caught,1,decode
8026,header,983,1,caught,1,decode
8027,payload,1980035,1,caught,1,decode
8028,bit_flip,1003051,1,caught,1,decode
8029,random_bytes,2412188,16,caught,1,decode
8030,zeroed_run,982664,3947,caught,1,decode
8031,truncation,371056,5072489,caught,1,decode
8032,header,56,1,caught,1,decode
8033,payload,2412270,1,caught,1,decode
8034,bit_flip,934039,1,caught,1,decode
8035,random_bytes,171578,11,caught,1,decode
8036,zeroed_run,3729693,2817,caught,1,decode
8037,truncation,4151281,1292264,caught,1,decode
8038,header,17,1,caught,1,decode
8039,payload,2469665,1,caught,1,decode
8040,bit_flip,3968682,1,caught,1,decode
8041,random_bytes,658104,15,caught,1,decode
8042,zeroed_run,1096101,3190,caught,1,decode
8043,truncation,3760090,1683455,caught,1,decode
8044,header,58,1,caught,1,decode
8045,payload,2925607,1,caught,1,decode
8046,bit_flip,1197215,1,caught,1,decode
8047,random_bytes,3829708,2,caught,1,decode
8048,zeroed_run,3160618,3337,caught,1,decode
8049,truncation,4045504,1398041,caught,1,decode
8050,header,630,1,caught,1,decode
8051,payload,2857428,1,caught,1,decode
8052,bit_flip,2959932,1,caught,1,decode
8053,random_bytes,3520994,9,caught,1,decode
8054,zeroed_run,3472396,1567,caught,1,decode
8055,truncation,4210029,1233516,caught,1,decode
8056,header,180,1,caught,1,decode
8057,payload,348673,1,caught,1,decode
8058,bit_flip,3731464,1,caught,1,decode
8059,random_bytes,3976091,7,caught,1,decode
8060,zeroed_run,2847954,1316,caught,1,decode
8061,truncation,4882394,561151,caught,1,decode
8062,header,579,1,caught,1,decode
8063,payload,4670737,1,caught,1,decode
8064,bit_flip,1499663,1,caught,1,decode
8065,random_bytes,2237363,15,caught,1,decode
8066,zeroed_run,930825,1262,caught,1,decode
8067,truncation,5251512,192033,caught,1,decode
8068,header,173,1,caught,1,decode
8069,payload,41677,1,caught,1,decode
8070,bit_flip,1175599,1,caught,1,decode
8071,random_bytes,4637427,2,caught,1,decode
8072,zeroed_run,2125549,750,caught,1,decode
8073,truncation,1864116,3579429,caught,1,decode
8074,header,122,1,caught,1,decode
8075,payload,76315,1,caught,1,decode
8076,bit_flip,1477003,1,caught,1,decode
8077,random_bytes,3540259,15,caught,1,decode
8078,zeroed_run,4602517,1026,caught,1,decode
8079,truncation,1840033,3603512,caught,1,decode
8080,header,324,1,caught,1,decode
8081,payload,759773,1,caught,1,decode
8082,bit_flip,1560515,1,caught,1,decode
8083,random_bytes,4558343,5,caught,1,decode
8084,zeroed_run,2904816,1385,caught,1,decode
8085,truncation,5031318,412227,caught,1,decode
8086,header,326,1,caught,1,decode
8087,payload,3901744,1,caught,1,decode
8088,bit_flip,2893294,1,caught,1,decode
8089,random_bytes,2945028,7,caught,1,decode
8090,zeroed_run,4326018,1121,caught,1,decode
8091,truncation,5050906,392639,caught,1,decode
8092,header,206,1,caught,1,decode
8093,payload,1312668,1,caught,1,decode
8094,bit_flip,3221211,1,caught,1,decode
8095,random_bytes,2955460,8,caught,1,decode
8096,zeroed_run,2801429,3021,caught,1,decode
8097,truncation,3711166,1732379,caught,1,decode
8098,header,513,1,caught,1,decode
8099,payload,983301,1,caught,1,decode
8100,bit_flip,360417,1,caught,1,decode
8101,random_bytes,3314039,13,caught,1,decode
8102,zeroed_run,4900966,292,caught,1,decode
8103,truncation,4844428,599117,caught,1,decode
8104,header,208,1,caught,1,decode
8105,payload,5418819,1,caught,1,decode
8106,bit_flip,4769601,1,caught,1,decode
8107,random_bytes,4580538,7,caught,1,decode
8108,zeroed_run,884336,338,caught,1,decode
8109,truncation,2019175,3424370,caught,1,decode
8110,header,878,1,caught,1,decode
8111,payload,1442829,1,caught,1,decode
8112,bit_flip,1927575,1,caught,1,decode
8113,random_bytes,1539216,9,caught,1,decode
8114,zeroed_run,3747508,173,caught,1,decode
8115,truncation,5178771,264774,caught,1,decode
8116,header,613,1,caught,1,decode
8117,payload,1063779,1,caught,1,decode
8118,bit_flip,4834856,1,caught,1,decode
8119,random_bytes,1213261,7,caught,1,decode
8120,zeroed_run,5315798,3278,caught,1,decode
8121,truncation,817068,4626477,caught,1,decode
8122,header,278,1,caught,1,decode
8123,payload,5358350,1,caught,1,decode
8124,bit_flip,1068632,1,caught,1,decode
8125,random_bytes,2919237,11,caught,1,decode
8126,zeroed_run,2357832,90,caught,1,decode
8127,truncation,2787795,2655750,caught,1,decode
8128,header,1015,1,caught,1,decode
8129,payload,916844,1,caught,1,decode
8130,bit_flip,2368975,1,caught,1,decode
8131,random_bytes,4387455,10,caught,1,decode
8132,zeroed_run,4956148,2077,caught,1,decode
8133,truncation,5241358,202187,caught,1,decode
8134,header,29,1,caught,1,decode
8135,payload,4642252,1,caught,1,decode
8136,bit_flip,896295,1,caught,1,decode
8137,random_bytes,2163790,3,caught,1,decode
8138,zeroed_run,4299856,2525,caught,1,decode
8139,truncation,1054727,4388818,caught,1,decode
8140,header,343,1,caught,1,decode
8141,payload,2630694,1,caught,1,decode
8142,bit_flip,4328620,1,caught,1,decode
8143,random_bytes,3791804,1,caught,1,decode
8144,zeroed_run,4900920,3325,caught,1,decode
8145,truncation,4561462,882083,caught,1,decode
8146,header,702,1,caught,1,decode
8147,payload,5220370,1,caught,1,decode
8148,bit_flip,2417176,1,caught,1,decode
8149,random_bytes,2875874,8,caught,1,decode
8150,zeroed_run,608025,3166,caught,1,decode
8151,truncation,3571714,1871831,caught,1,decode
8152,header,844,1,caught,1,decode
8153,payload,3358256,1,caught,1,decode
8154,bit_flip,4445352,1,caught,1,decode
8155,random_bytes,3249548,7,caught,1,decode
8156,zeroed_run,4902592,1929,caught,1,decode
8157,truncation,4891017,552528,caught,1,decode
8158,header,599,1,caught,1,decode
8159,payload,5190096,1,caught,1,decode
8160,bit_flip,2908783,1,caught,1,decode
8161,random_bytes,2297078,11,caught,1,decode
8162,zeroed_run,2494052,3057,caught,1,decode
8163,truncation,1313625,4129920,caught,1,decode
8164,header,512,1,caught,1,decode
8165,payload,3316526,1,caught,1,decode
8166,bit_flip,3567720,1,caught,1,decode
8167,random_bytes,4279469,12,caught,1,decode
8168,zeroed_run,2385942,443,caught,1,decode
8169,truncation,485672,4957873,caught,1,decode
8170,header,654,1,caught,1,decode
8171,payload,1485559,1,caught,1,decode
8172,bit_flip,2755122,1,caught,1,decode
8173,random_bytes,3839718,8,caught,1,decode
8174,zeroed_run,2824985,1671,caught,1,decode
8175,truncation,200307,5243238,caught,1,decode
8176,header,85,1,caught,1,decode
8177,payload,2046832,1,caught,1,decode
8178,bit_flip,5402741,1,caught,1,decode
8179,random_bytes,2220370,2,caught,1,decode
8180,zeroed_run,2590427,2623,caught,1,decode
8181,truncation,226501,5217044,caught,1,decode
8182,header,884,1,caught,1,decode
8183,payload,1998814,1,caught,1,decode
8184,bit_flip,3390937,1,caught,1,decode
8185,random_bytes,2442115,11,caught,1,decode
8186,zeroed_run,2041444,1005,caught,1,decode
8187,truncation,3456512,1987033,caught,1,decode
8188,header,451,1,caught,1,decode
8189,payload,1419552,1,caught,1,decode
8190,bit_flip,3609327,1,caught,1,decode
8191,random_bytes,1592267,15,caught,1,decode
8192,zeroed_run,3323386,472,caught,1,decode
8193,truncation,3356505,2087040,caught,1,decode
8194,header,510,1,caught,1,decode
8195,payload,3961957,1,caught,1,decode
8196,bit_flip,920184,1,caught,1,decode
8197,random_bytes,2749119,12,caught,1,decode
8198,zeroed_run,1059431,459,caught,1,decode
8199,truncation,3884749,1558796,caught,1,decode
8200,header,111,1,caught,1,decode
8201,payload,1405828,1,caught,1,decode
8202,bit_flip,2432275,1,caught,1,decode
8203,random_bytes,4673356,8,caught,1,decode
8204,zeroed_run,5169480,820,caught,1,decode
8205,truncation,3904075,1539470,caught,1,decode
8206,header,319,1,caught,1,decode
8207,payload,85337,1,caught,1,decode
8208,bit_flip,4520762,1,caught,1,decode
8209,random_bytes,77799,14,caught,1,decode
8210,zeroed_run,4259237,3092,caught,1,decode
8211,truncation,3550261,1893284,caught,1,decode
8212,header,306,1,caught,1,decode
8213,payload,4896530,1,caught,1,decode
8214,bit_flip,3342075,1,caught,1,decode
8215,random_bytes,4119141,12,caught,1,decode
8216,zeroed_run,2808694,3779,caught,1,decode
8217,truncation,334635,5108910,caught,1,decode
8218,header,669,1,caught,1,decode
8219,payload,4861813,1,caught,1,decode
8220,bit_flip,836094,1,caught,1,decode
8221,random_bytes,214947,16,caught,1,decode
8222,zeroed_run,873987,3439,caught,1,decode
8223,truncation,1703188,3740357,caught,1,decode
8224,header,836,1,caught,1,decode
8225,payload,3411087,1,caught,1,decode
8226,bit_flip,2200083,1,caught,1,decode
8227,random_bytes,3519264,2,caught,1,decode
8228,zeroed_run,4732459,3481,caught,1,decode
8229,truncation,4694014,749531,caught,1,decode
8230,header,462,1,caught,1,decode
8231,payload,3755225,1,caught,1,decode
8232,bit_flip,4892839,1,caught,1,decode
8233,random_bytes,38287,11,caught,1,decode
8234,zeroed_run,343673,2282,caught,1,decode
8235,truncation,2826161,2617384,caught,1,decode
8236,header,0,1,caught,1,decode
8237,payload,3171627,1,caught,1,decode
8238,bit_flip,4910266,1,caught,1,decode
8239,random_bytes,3903773,6,caught,1,decode
8240,zeroed_run,3788778,2152,caught,1,decode
8241,truncation,4158022,1285523,caught,1,decode
8242,header,276,1,caught,1,decode
8243,payload,5223779,1,caught,1,decode
8244,bit_flip,1397433,1,caught,1,decode
8245,random_bytes,3648537,8,caught,1,decode
8246,zeroed_run,4856371,3730,caught,1,decode
8247,truncation,2800357,2643188,caught,1,decode
8248,header,983,1,caught,1,decode
8249,payload,2021245,1,caught,1,decode
8250,bit_flip,565740,1,caught,1,decode
8251,random_bytes,4636200,8,caught,1,decode
8252,zeroed_run,5125645,328,caught,1,decode
8253,truncation,1416663,4026882,caught,1,decode
8254,header,850,1,caught,1,decode
8255,payload,108893,1,caught,1,decode
8256,bit_flip,1486364,1,caught,1,decode
8257,random_bytes,1371037,12,caught,1,decode
8258,zeroed_run,4305031,1103,caught,1,decode
8259,truncation,5005497,438048,caught,1,decode
8260,header,75,1,caught,1,decode
8261,payload,23350,1,caught,1,decode
8262,bit_flip,1998441,1,caught,1,decode
8263,random_bytes,5405684,4,caught,1,decode
8264,zeroed_run,593292,3994,caught,1,decode
8265,truncation,5229874,213671,caught,1,decode
8266,header,862,1,caught,1,decode
8267,payload,4498201,1,caught,1,decode
8268,bit_flip,4494348,1,caught,1,decode
8269,random_bytes,3239648,15,caught,1,decode
8270,zeroed_run,2363796,3154,caught,1,decode
8271,truncation,4832291,611254,caught,1,decode
8272,header,624,1,caught,1,decode
8273,payload,1396684,1,caught,1,decode
8274,bit_flip,5011708,1,caught,1,decode
8275,random_bytes,2843621,15,caught,1,decode
8276,zeroed_run,3115882,148,caught,1,decode
8277,truncation,5361176,82369,caught,1,decode
8278,header,104,1,caught,1,decode
8279,payload,2252674,1,caught,1,decode
8280,bit_flip,116529,1,caught,1,decode
8281,random_bytes,1374138,12,caught,1,decode
8282,zeroed_run,1141031,3921,caught,1,decode
8283,truncation,4814311,629234,caught,1,decode
8284,header,568,1,caught,1,decode
8285,payload,739239,1,caught,1,decode
8286,bit_flip,193044,1,caught,1,decode
8287,random_bytes,3412948,12,caught,1,decode
8288,zeroed_run,1804158,358,caught,1,decode
8289,truncation,2791392,2652153,caught,1,decode
8290,header,401,1,caught,1,decode
8291,payload,1240294,1,caught,1,decode
8292,bit_flip,3223005,1,caught,1,decode
8293,random_bytes,1637413,15,caught,1,decode
8294,zeroed_run,4603241,1188,caught,1,decode
8295,truncation,5221241,222304,caught,1,decode
8296,header,232,1,caught,1,decode
8297,payload,1044788,1,caught,1,decode
8298,bit_flip,4099084,1,caught,1,decode
8299,random_bytes,4673632,14,caught,1,decode
8300,zeroed_run,4036791,1158,caught,1,decode
8301,truncation,2575632,2867913,caught,1,decode
8302,header,465,1,caught,1,decode
8303,payload,1169955,1,caught,1,decode
8304,bit_flip,1193324,1,caught,1,decode
8305,random_bytes,2278904,4,caught,1,decode
8306,zeroed_run,430164,4043,caught,1,decode
8307,truncation,1065627,4377918,caught,1,decode
8308,header,237,1,caught,1,decode
8309,payload,4348991,1,caught,1,decode
8310,bit_flip,1051762,1,caught,1,decode
8311,random_bytes,1263149,9,caught,1,decode
8312,zeroed_run,4162380,2718,caught,1,decode
8313,truncation,4337269,1106276,caught,1,decode
8314,header,676,1,caught,1,decode
8315,payload,5169514,1,caught,1,decode
8316,bit_flip,2436741,1,caught,1,decode
8317,random_bytes,962495,15,caught,1,decode
8318,zeroed_run,289661,815,caught,1,decode
8319,truncation,281969,5161576,caught,1,decode
8320,header,939,1,caught,1,decode
8321,payload,110923,1,caught,1,decode
8322,bit_flip,3836931,1,caught,1,decode
8323,random_bytes,1281775,12,caught,1,decode
8324,zeroed_run,4637153,1362,caught,1,decode
8325,truncation,3460774,1982771,caught,1,decode
8326,header,994,1,caught,1,decode
8327,payload,1173781,1,caught,1,decode
8328,bit_flip,1348339,1,caught,1,decode
8329,random_bytes,2200988,5,caught,1,decode
8330,zeroed_run,1071649,1685,caught,1,decode
8331,truncation,1021660,4421885,caught,1,decode
8332,header,336,1,caught,1,decode
8333,payload,2754993,1,caught,1,decode
8334,bit_flip,5442312,1,caught,1,decode
8335,random_bytes,938644,3,caught,1,decode
8336,zeroed_run,440053,3391,caught,1,decode
8337,truncation,3009886,2433659,caught,1,decode
8338,header,149,1,caught,1,decode
8339,payload,3511041,1,caught,1,decode
8340,bit_flip,5372121,1,caught,1,decode
8341,random_bytes,3572753,12,caught,1,decode
8342,zeroed_run,1287173,2252,caught,1,decode
8343,truncation,277550,5165995,caught,1,decode
8344,header,753,1,caught,1,decode
8345,payload,996575,1,caught,1,decode
8346,bit_flip,43702,1,caught,1,decode
8347,random_bytes,4882380,9,caught,1,decode
8348,zeroed_run,2995356,2981,caught,1,decode
8349,truncation,4918406,525139,caught,1,decode
8350,header,385,1,caught,1,decode
8351,payload,3955591,1,caught,1,decode
8352,bit_flip,1549912,1,caught,1,decode
8353,random_bytes,1156008,16,caught,1,decode
8354,zeroed_run,4064745,375,caught,1,decode
8355,truncation,253252,5190293,caught,1,decode
8356,header,425,1,caught,1,decode
8357,payload,1632003,1,caught,1,decode
8358,bit_flip,5166610,1,caught,1,decode
8359,random_bytes,831596,8,caught,1,decode
8360,zeroed_run,5418353,2993,caught,1,decode
8361,truncation,3686299,1757246,caught,1,decode
8362,header,762,1,caught,1,decode
8363,payload,2639777,1,caught,1,decode
8364,bit_flip,2507938,1,caught,1,decode
8365,random_bytes,3890185,4,caught,1,decode
8366,zeroed_run,945707,835,caught,1,decode
8367,truncation,1454954,3988591,caught,1,decode
8368,header,433,1,caught,1,decode
8369,payload,803913,1,caught,1,decode
8370,bit_flip,5076040,1,caught,1,decode
8371,random_bytes,2439606,15,caught,1,decode
8372,zeroed_run,141521,2594,caught,1,decode
8373,truncation,1292106,4151439,caught,1,decode
8374,header,659,1,caught,1,decode
8375,payload,4663922,1,caught,1,decode
8376,bit_flip,1280821,1,caught,1,decode
8377,random_bytes,578602,15,caught,1,decode
8378,zeroed_run,3149516,2310,caught,1,decode
8379,truncation,2694029,2749516,caught,1,decode
8380,header,932,1,caught,1,decode
8381,payload,658712,1,caught,1,decode
8382,bit_flip,2947258,1,caught,1,decode
8383,random_bytes,491575,5,caught,1,decode
8384,zeroed_run,1260828,825,caught,1,decode
8385,truncation,786782,4656763,caught,1,decode
8386,header,476,1,caught,1,decode
8387,payload,1617655,1,caught,1,decode
8388,bit_flip,138586,1,caught,1,decode
8389,random_bytes,770445,14,caught,1,decode
8390,zeroed_run,5359891,3007,caught,1,decode
8391,truncation,3027169,2416376,caught,1,decode
8392,header,196,1,caught,1,decode
8393,payload,3046875,1,caught,1,decode
8394,bit_flip,4501871,1,caught,1,decode
8395,random_bytes,4838630,2,caught,1,decode
8396,zeroed_run,3723594,2698,caught,1,decode
8397,truncation,417437,5026108,caught,1,decode
8398,header,951,1,caught,1,decode
8399,payload,858932,1,caught,1,decode
8400,bit_flip,2638376,1,caught,1,decode
8401,random_bytes,956579,8,caught,1,decode
8402,zeroed_run,1464454,3120,caught,1,decode
8403,truncation,4190080,1253465,caught,1,decode
8404,header,1014,1,caught,1,decode
8405,payload,2926453,1,caught,1,decode
8406,bit_flip,2562870,1,caught,1,decode
8407,random_bytes,4224021,10,caught,1,decode
8408,zeroed_run,1425844,451,caught,1,decode
8409,truncation,4189937,1253608,caught,1,decode
8410,header,562,1,caught,1,decode
8411,payload,680212,1,caught,1,decode
8412,bit_flip,1106094,1,caught,1,decode
8413,random_bytes,1841761,12,caught,1,decode
8414,zeroed_run,3064705,1777,caught,1,decode
8415,truncation,38147,5405398,caught,1,decode
8416,header,814,1,caught,1,decode
8417,payload,1976487,1,caught,1,decode
8418,bit_flip,1405863,1,caught,1,decode
8419,random_bytes,1406356,4,caught,1,decode
8420,zeroed_run,4680453,415,caught,1,decode
8421,truncation,4696317,747228,caught,1,decode
8422,header,183,1,caught,1,decode
8423,payload,5052482,1,caught,1,decode
8424,bit_flip,2254395,1,caught,1,decode
8425,random_bytes,4730608,4,caught,1,decode
8426,zeroed_run,2440569,2250,caught,1,decode
8427,truncation,3348085,2095460,caught,1,decode
8428,header,888,1,caught,1,decode
8429,payload,4021311,1,caught,1,decode
8430,bit_flip,1515674,1,caught,1,decode
8431,random_bytes,1639873,16,caught,1,decode
8432,zeroed_run,289847,2451,caught,1,decode
8433,truncation,1728931,3714614,caught,1,decode
8434,header,36,1,caught,1,decode
8435,payload,5011987,1,caught,1,decode
8436,bit_flip,3424785,1,caught,1,decode
8437,random_bytes,4355749,15,caught,1,decode
8438,zeroed_run,4522552,3091,caught,1,decode
8439,truncation,5188315,255230,caught,1,decode
8440,header,219,1,caught,1,decode
8441,payload,2089917,1,caught,1,decode
8442,bit_flip,2637310,1,caught,1,decode
8443,random_bytes,5435876,6,caught,1,decode
8444,zeroed_run,2209781,2665,caught,1,decode
8445,truncation,989082,4454463,caught,1,decode
8446,header,494,1,caught,1,decode
8447,payload,422960,1,caught,1,decode
8448,bit_flip,2190187,1,caught,1,decode
8449,random_bytes,3543380,2,caught,1,decode
8450,zeroed_run,3361727,2439,caught,1,decode
8451,truncation,4388617,1054928,caught,1,decode
8452,header,350,1,caught,1,decode
8453,payload,4677458,1,caught,1,decode
8454,bit_flip,4691507,1,caught,1,decode
8455,random_bytes,898162,4,caught,1,decode
8456,zeroed_run,3152657,1569,caught,1,decode
8457,truncation,2172593,3270952,caught,1,decode
8458,header,813,1,caught,1,decode
8459,payload,726547,1,caught,1,decode
8460,bit_flip,4468251,1,caught,1,decode
8461,random_bytes,4855,2,caught,1,decode
8462,zeroed_run,4121413,350,caught,1,decode
8463,truncation,3584936,1858609,caught,1,decode
8464,header,322,1,caught,1,decode
8465,payload,5202399,1,caught,1,decode
8466,bit_flip,4977719,1,caught,1,decode
8467,random_bytes,4704547,8,caught,1,decode
8468,zeroed_run,989881,1209,caught,1,decode
8469,truncation,3639810,1803735,caught,1,decode
8470,header,995,1,caught,1,decode
8471,payload,515979,1,caught,1,decode
8472,bit_flip,3217860,1,caught,1,decode
8473,random_bytes,1409629,4,caught,1,decode
8474,zeroed_run,1266497,660,caught,1,decode
8475,truncation,3824668,1618877,caught,1,decode
8476,header,823,1,caught,1,decode
8477,payload,612043,1,caught,1,decode
8478,bit_flip,2838455,1,caught,1,decode
8479,random_bytes,1481012,3,caught,1,decode
8480,zeroed_run,2428628,3933,caught,1,decode
8481,truncation,798982,4644563,caught,1,decode
8482,header,872,1,caught,1,decode
8483,payload,4822198,1,caught,1,decode
8484,bit_flip,1654991,1,caught,1,decode
8485,random_bytes,1890118,10,caught,1,decode
8486,zeroed_run,4757723,2515,caught,1,decode
8487,truncation,2558292,2885253,caught,1,decode
8488,header,428,1,caught,1,decode
8489,payload,2543936,1,caught,1,decode
8490,bit_flip,3684023,1,caught,1,decode
8491,random_bytes,3491815,2,caught,1,decode
8492,zeroed_run,3900212,2989,caught,1,decode
8493,truncation,4648775,794770,caught,1,decode
8494,header,297,1,caught,1,decode
8495,payload,552800,1,caught,1,decode
8496,bit_flip,1480262,1,caught,1,decode
8497,random_bytes,3613678,6,caught,1,decode
8498,zeroed_run,1427592,2145,caught,1,decode
8499,truncation,5153646,289899,caught,1,decode
8500,header,530,1,caught,1,decode
8501,payload,4573403,1,caught,1,decode
8502,bit_flip,3481107,1,caught,1,decode
8503,random_bytes,5009458,15,caught,1,decode
8504,zeroed_run,1422588,3731,caught,1,decode
8505,truncation,3980542,1463003,caught,1,decode
8506,header,1013,1,caught,1,decode
8507,payload,3361143,1,caught,1,decode
8508,bit_flip,887457,1,caught,1,decode
8509,random_bytes,597027,5,caught,1,decode
8510,zeroed_run,3416045,4040,caught,1,decode
8511,truncation,1390639,4052906,caught,1,decode
8512,header,362,1,caught,1,decode
8513,payload,3989318,1,caught,1,decode
8514,bit_flip,4223178,1,caught,1,decode
8515,random_bytes,986540,10,caught,1,decode
8516,zeroed_run,3238626,3439,caught,1,decode
8517,truncation,1074793,4368752,caught,1,decode
8518,header,148,1,caught,1,decode
8519,payload,1740577,1,caught,1,decode
8520,bit_flip,3645336,1,caught,1,decode
8521,random_bytes,4538905,3,caught,1,decode
8522,zeroed_run,1813058,4033,caught,1,decode
8523,truncation,3991722,1451823,caught,1,decode
8524,header,221,1,caught,1,decode
8525,payload,756640,1,caught,1,decode
8526,bit_flip,1981629,1,caught,1,decode
8527,random_bytes,3143694,7,caught,1,decode
8528,zeroed_run,4926436,2250,caught,1,decode
8529,truncation,1007835,4435710,caught,1,decode
8530,header,465,1,caught,1,decode
8531,payload,755540,1,caught,1,decode
8532,bit_flip,3429878,1,caught,1,decode
8533,random_bytes,4996901,8,caught,1,decode
8534,zeroed_run,5212367,847,caught,1,decode
8535,truncation,3861155,1582390,caught,1,decode
8536,header,660,1,caught,1,decode
8537,payload,1131822,1,caught,1,decode
8538,bit_flip,2232791,1,caught,1,decode
8539,random_bytes,782400,14,caught,1,decode
8540,zeroed_run,4027850,1876,caught,1,decode
8541,truncation,4277396,1166149,caught,1,decode
8542,header,116,1,caught,1,decode
8543,payload,2394558,1,caught,1,decode
8544,bit_flip,987820,1,caught,1,decode
8545,random_bytes,1488938,2,caught,1,decode
8546,zeroed_run,1439290,1090,caught,1,decode
8547,truncation,3578579,1864966,caught,1,decode
8548,header,687,1,caught,1,decode
8549,payload,1699575,1,caught,1,decode
8550,bit_flip,1919481,1,caught,1,decode
8551,random_bytes,1088958,15,caught,1,decode
8552,zeroed_run,526282,3629,caught,1,decode
8553,truncation,1133177,4310368,caught,1,decode
8554,header,730,1,caught,1,decode
8555,payload,4202064,1,caught,1,decode
8556,bit_flip,4336636,1,caught,1,decode
8557,random_bytes,220706,10,caught,1,decode
8558,zeroed_run,1675956,3746,caught,1,decode
8559,truncation,4355017,1088528,caught,1,decode
8560,header,719,1,caught,1,decode
8561,payload,4259382,1,caught,1,decode
8562,bit_flip,3406888,1,caught,1,decode
8563,random_bytes,2070953,4,caught,1,decode
8564,zeroed_run,4191651,508,caught,1,decode
8565,truncation,2610612,2832933,caught,1,decode
8566,header,527,1,caught,1,decode
8567,payload,1670549,1,caught,1,decode
8568,bit_flip,704371,1,caught,1,decode
8569,random_bytes,1153222,15,caught,1,decode
8570,zeroed_run,5400154,588,caught,1,decode
8571,truncation,2553393,2890152,caught,1,decode
8572,header,855,1,caught,1,decode
8573,payload,5058879,1,caught,1,decode
8574,bit_flip,315804,1,caught,1,decode
8575,random_bytes,273194,3,caught,1,decode
8576,zeroed_run,4771571,1099,caught,1,decode
8577,truncation,2403505,3040040,caught,1,decode
8578,header,503,1,caught,1,decode
8579,payload,5287069,1,caught,1,decode
8580,bit_flip,3385144,1,caught,1,decode
8581,random_bytes,2598707,1,caught,1,decode
8582,zeroed_run,3557360,944,caught,1,decode
8583,truncation,2606011,2837534,caught,1,decode
8584,header,163,1,caught,1,decode
8585,payload,2209022,1,caught,1,decode
8586,bit_flip,1059838,1,caught,1,decode
8587,random_bytes,3275583,10,caught,1,decode
8588,zeroed_run,209110,396,caught,1,decode
8589,truncation,4411110,1032435,caught,1,decode
8590,header,227,1,caught,1,decode
8591,payload,1894825,1,caught,1,decode
8592,bit_flip,3086084,1,caught,1,decode
8593,random_bytes,4735302,14,caught,1,decode
8594,zeroed_run,5317319,3176,caught,1,decode
8595,truncation,672541,4771004,caught,1,decode
8596,header,450,1,caught,1,decode
8597,payload,3928181,1,caught,1,decode
8598,bit_flip,1257316,1,caught,1,decode
8599,random_bytes,5144194,4,caught,1,decode
8600,zeroed_run,764864,1255,caught,1,decode
8601,truncation,2004235,3439310,caught,1,decode
8602,header,595,1,caught,1,decode
8603,payload,1729203,1,caught,1,decode
8604,bit_flip,475610,1,caught,1,decode
8605,random_bytes,3972695,1,caught,1,decode
8606,zeroed_run,106145,1460,caught,1,decode
8607,truncation,4872033,571512,caught,1,decode
8608,header,972,1,caught,1,decode
8609,payload,2339891,1,caught,1,decode
8610,bit_flip,4636546,1,caught,1,decode
8611,random_bytes,3090872,15,caught,1,decode
8612,zeroed_run,1512843,1987,caught,1,decode
8613,truncation,488331,4955214,caught,1,decode
8614,header,975,1,caught,1,decode
8615,payload,1415677,1,caught,1,decode
8616,bit_flip,5132759,1,caught,1,decode
8617,random_bytes,629625,2,caught,1,decode
8618,zeroed_run,3899201,3055,caught,1,decode
8619,truncation,3503608,1939937,caught,1,decode
8620,header,32,1,caught,1,decode
8621,payload,829868,1,caught,1,decode
8622,bit_flip,5076436,1,caught,1,decode
8623,random_bytes,1344613,16,caught,1,decode
8624,zeroed_run,4243301,1413,caught,1,decode
8625,truncation,5250206,193339,caught,1,decode
8626,header,580,1,caught,1,decode
8627,payload,1195456,1,caught,1,decode
8628,bit_flip,2361119,1,caught,1,decode
8629,random_bytes,4033449,1,caught,1,decode
8630,zeroed_run,3408507,945,caught,1,decode
8631,truncation,4465499,978046,caught,1,decode
8632,header,519,1,caught,1,decode
8633,payload,4410010,1,caught,1,decode
8634,bit_flip,4894458,1,caught,1,decode
8635,random_bytes,762119,7,caught,1,decode
8636,zeroed_run,4863589,3381,caught,1,decode
8637,truncation,1122488,4321057,caught,1,decode
8638,header,507,1,caught,1,decode
8639,payload,1395228,1,caught,1,decode
8640,bit_flip,2541707,1,caught,1,decode
8641,random_bytes,2645577,5,caught,1,decode
8642,zeroed_run,2974721,526,caught,1,decode
8643,truncation,748024,4695521,caught,1,decode
8644,header,795,1,caught,1,decode
8645,payload,3367101,1,caught,1,decode
8646,bit_flip,2883169,1,caught,1,decode
8647,random_bytes,2100704,13,caught,1,decode
8648,zeroed_run,4526651,3106,caught,1,decode
8649,truncation,1508600,3934945,caught,1,decode
8650,header,186,1,caught,1,decode
8651,payload,1519849,1,caught,1,decode
8652,bit_flip,4014204,1,caught,1,decode
8653,random_bytes,434077,13,caught,1,decode
8654,zeroed_run,1349954,3933,caught,1,decode
8655,truncation,186636,5256909,caught,1,decode
8656,header,744,1,caught,1,decode
8657,payload,1540680,1,caught,1,decode
8658,bit_flip,1444683,1,caught,1,decode
8659,random_bytes,2884725,7,caught,1,decode
8660,zeroed_run,1799302,2480,caught,1,decode
8661,truncation,3977799,1465746,caught,1,decode
8662,header,816,1,caught,1,decode
8663,payload,3966146,1,caught,1,decode
8664,bit_flip,4098858,1,caught,1,decode
8665,random_bytes,1100656,13,caught,1,decode
8666,zeroed_run,297027,2844,caught,1,decode
8667,truncation,1034909,4408636,caught,1,decode
8668,header,130,1,caught,1,decode
8669,payload,4929394,1,caught,1,decode
8670,bit_flip,4464572,1,caught,1,decode
8671,random_bytes,3001950,6,caught,1,decode
8672,zeroed_run,830912,3986,caught,1,decode
8673,truncation,858609,4584936,caught,1,decode
8674,header,871,1,caught,1,decode
8675,payload,4217654,1,caught,1,decode
8676,bit_flip,1491804,1,caught,1,decode
8677,random_bytes,4310763,13,caught,1,decode
8678,zeroed_run,3525427,2460,caught,1,decode
8679,truncation,1154032,4289513,caught,1,decode
8680,header,448,1,caught,1,decode
8681,payload,1765418,1,caught,1,decode
8682,bit_flip,4593356,1,caught,1,decode
8683,random_bytes,1110263,9,caught,1,decode
8684,zeroed_run,1903826,1515,caught,1,decode
8685,truncation,2607266,2836279,caught,1,decode
8686,header,595,1,caught,1,decode
8687,payload,4454665,1,caught,1,decode
8688,bit_flip,5437180,1,caught,1,decode
8689,random_bytes,477242,13,caught,1,decode
8690,zeroed_run,1229307,2967,caught,1,decode
8691,truncation,460694,4982851,caught,1,decode
8692,header,252,1,caught,1,decode
8693,payload,2589737,1,caught,1,decode
8694,bit_flip,1419441,1,caught,1,decode
8695,random_bytes,1275817,6,caught,1,decode
8696,zeroed_run,3603977,3072,caught,1,decode
8697,truncation,4732838,710707,caught,1,decode
8698,header,340,1,caught,1,decode
8699,payload,14408,1,caught,1,decode
8700,bit_flip,255997,1,caught,1,decode
8701,random_bytes,1770784,15,caught,1,decode
8702,zeroed_run,1937520,2222,caught,1,decode
8703,truncation,1540298,3903247,caught,1,decode
8704,header,515,1,caught,1,decode
8705,payload,3582243,1,caught,1,decode
8706,bit_flip,5176382,1,caught,1,decode
8707,random_bytes,1790506,9,caught,1,decode
8708,zeroed_run,3332510,1944,caught,1,decode
8709,truncation,3192298,2251247,caught,1,decode
8710,header,968,1,caught,1,decode
8711,payload,3995687,1,caught,1,decode
8712,bit_flip,4064964,1,caught,1,decode
8713,random_bytes,487185,12,caught,1,decode
8714,zeroed_run,3565046,915,caught,1,decode
8715,truncation,1136680,4306865,caught,1,decode
8716,header,70,1,caught,1,decode
8717,payload,1593236,1,caught,1,decode
8718,bit_flip,3004092,1,caught,1,decode
8719,random_bytes,852876,6,caught,1,decode
8720,zeroed_run,3865880,1283,caught,1,decode
8721,truncation,3574742,1868803,caught,1,decode
8722,header,834,1,caught,1,decode
8723,payload,651102,1,caught,1,decode
8724,bit_flip,4341965,1,caught,1,decode
8725,random_bytes,3096388,6,caught,1,decode
8726,zeroed_run,1079335,2193,caught,1,decode
8727,truncation,1594966,3848579,caught,1,decode
8728,header,849,1,caught,1,decode
8729,payload,2745030,1,caught,1,decode
8730,bit_flip,4554413,1,caught,1,decode
8731,random_bytes,5415035,12,caught,1,decode
8732,zeroed_run,3173104,3960,caught,1,decode
8733,truncation,2620635,2822910,caught,1,decode
8734,header,1022,1,caught,1,decode
8735,payload,3852148,1,caught,1,decode
8736,bit_flip,1838706,1,caught,1,decode
8737,random_bytes,5180499,5,caught,1,decode
8738,zeroed_run,478050,2404,caught,1,decode
8739,truncation,5341071,102474,caught,1,decode
8740,header,767,1,caught,1,decode
8741,payload,3263643,1,caught,1,decode
8742,bit_flip,2160701,1,caught,1,decode
8743,random_bytes,4449382,15,caught,1,decode
8744,zeroed_run,646335,1874,caught,1,decode
8745,truncation,1647910,3795635,caught,1,decode
8746,header,523,1,caught,1,decode
8747,payload,4745027,1,caught,1,decode
8748,bit_flip,1483884,1,caught,1,decode
8749,random_bytes,603537,10,caught,1,decode
8750,zeroed_run,300552,1424,caught,1,decode
8751,truncation,1471863,3971682,caught,1,decode
8752,header,759,1,caught,1,decode
8753,payload,2767196,1,caught,1,decode
8754,bit_flip,2409976,1,caught,1,decode
8755,random_bytes,514635,12,caught,1,decode
8756,zeroed_run,5130666,3653,caught,1,decode
8757,truncation,2010595,3432950,caught,1,decode
8758,header,206,1,caught,1,decode
8759,payload,5133571,1,caught,1,decode
8760,bit_flip,3105243,1,caught,1,decode
8761,random_bytes,853586,16,caught,1,decode
8762,zeroed_run,958367,2957,caught,1,decode
8763,truncation,3072019,2371526,caught,1,decode
8764,header,381,1,caught,1,decode
8765,payload,3410648,1,caught,1,decode
8766,bit_flip,5167876,1,caught,1,decode
8767,random_bytes,3501485,1,caught,1,decode
8768,zeroed_run,2355350,3030,caught,1,decode
8769,truncation,2424735,3018810,caught,1,decode
8770,header,177,1,caught,1,decode
8771,payload,2101970,1,caught,1,decode
8772,bit_flip,2132439,1,caught,1,decode
8773,random_bytes,4167805,9,caught,1,decode
8774,zeroed_run,4909115,3941,caught,1,decode
8775,truncation,1617096,3826449,caught,1,decode
8776,header,281,1,caught,1,decode
8777,payload,1987739,1,caught,1,decode
8778,bit_flip,3991674,1,caught,1,decode
8779,random_bytes,4297491,2,caught,1,decode
8780,zeroed_run,4926711,1373,caught,1,decode
8781,truncation,1586823,3856722,caught,1,decode
8782,header,606,1,caught,1,decode
8783,payload,5186618,1,caught,1,decode
8784,bit_flip,888331,1,caught,1,decode
8785,random_bytes,878275,5,caught,1,decode
8786,zeroed_run,3111856,905,caught,1,decode
8787,truncation,1460274,3983271,caught,1,decode
8788,header,90,1,caught,1,decode
8789,payload,1244462,1,caught,1,decode
8790,bit_flip,846246,1,caught,1,decode
8791,random_bytes,4586236,14,caught,1,decode
8792,zeroed_run,5424665,941,caught,1,decode
8793,truncation,4857480,586065,caught,1,decode
8794,header,98,1,caught,1,decode
8795,payload,4145521,1,caught,1,decode
8796,bit_flip,4200994,1,caught,1,decode
8797,random_bytes,1509517,6,caught,1,decode
8798,zeroed_run,4110076,4031,caught,1,decode
8799,truncation,744224,4699321,caught,1,decode
8800,header,947,1,caught,1,decode
8801,payload,5295281,1,caught,1,decode
8802,bit_flip,3927419,1,caught,1,decode
8803,random_bytes,236773,15,caught,1,decode
8804,zeroed_run,1876374,2414,caught,1,decode
8805,truncation,541965,4901580,caught,1,decode
8806,header,789,1,caught,1,decode
8807,payload,3243116,1,caught,1,decode
8808,bit_flip,4062034,1,caught,1,decode
8809,random_bytes,4684228,7,caught,1,decode
8810,zeroed_run,1054368,776,caught,1,decode
8811,truncation,4208265,1235280,caught,1,decode
8812,header,979,1,caught,1,decode
8813,payload,3135410,1,caught,1,decode
8814,bit_flip,4106561,1,caught,1,decode
8815,random_bytes,4519775,3,caught,1,decode
8816,zeroed_run,326936,273,caught,1,decode
8817,truncation,4041838,1401707,caught,1,decode
8818,header,655,1,caught,1,decode
8819,payload,263318,1,caught,1,decode
8820,bit_flip,4132920,1,caught,1,decode
8821,random_bytes,5351034,2,caught,1,decode
8822,zeroed_run,5347133,1562,caught,1,decode
8823,truncation,1459696,3983849,caught,1,decode
8824,header,358,1,caught,1,decode
8825,payload,4527258,1,caught,1,decode
8826,bit_flip,1889326,1,caught,1,decode
8827,random_bytes,74573,16,caught,1,decode
8828,zeroed_run,354268,2045,caught,1,decode
8829,truncation,396893,5046652,caught,1,decode
8830,header,121,1,caught,1,decode
8831,payload,782944,1,caught,1,decode
8832,bit_flip,2298622,1,caught,1,decode
8833,random_bytes,4144980,3,caught,1,decode
8834,zeroed_run,116904,1037,caught,1,decode
8835,truncation,4026781,1416764,caught,1,decode
8836,header,605,1,caught,1,decode
8837,payload,4050626,1,caught,1,decode
8838,bit_flip,583988,1,caught,1,decode
8839,random_bytes,3138751,9,caught,1,decode
8840,zeroed_run,1487213,466,caught,1,decode
8841,truncation,2503604,2939941,caught,1,decode
8842,header,255,1,caught,1,decode
8843,payload,4325595,1,caught,1,decode
8844,bit_flip,3722978,1,caught,1,decode
8845,random_bytes,4103335,9,caught,1,decode
8846,zeroed_run,305796,1671,caught,1,decode
8847,truncation,1109614,4333931,caught,1,decode
8848,header,597,1,caught,1,decode
8849,payload,3673156,1,caught,1,decode
8850,bit_flip,271793,1,caught,1,decode
8851,random_bytes,4445318,6,caught,1,decode
8852,zeroed_run,2213850,3005,caught,1,decode
8853,truncation,4950976,492569,caught,1,decode
8854,header,535,1,caught,1,decode
8855,payload,952529,1,caught,1,decode
8856,bit_flip,748027,1,caught,1,decode
8857,random_bytes,1534047,6,caught,1,decode
8858,zeroed_run,1108080,2348,caught,1,decode
8859,truncation,3540378,1903167,caught,1,decode
8860,header,701,1,caught,1,decode
8861,payload,4614078,1,caught,1,decode
8862,bit_flip,4870548,1,caught,1,decode
8863,random_bytes,2430917,5,caught,1,decode
8864,zeroed_run,1999895,1731,caught,1,decode
8865,truncation,3046941,2396604,caught,1,decode
8866,header,912,1,caught,1,decode
8867,payload,584776,1,caught,1,decode
8868,bit_flip,462627,1,caught,1,decode
8869,random_bytes,2296549,13,caught,1,decode
8870,zeroed_run,3146167,582,caught,1,decode
8871,truncation,3545646,1897899,caught,1,decode
8872,header,1013,1,caught,1,decode
8873,payload,2805863,1,caught,1,decode
8874,bit_flip,599794,1,caught,1,decode
8875,random_bytes,5058340,11,caught,1,decode
8876,zeroed_run,3299822,141,caught,1,decode
8877,truncation,1191377,4252168,caught,1,decode
8878,header,60,1,caught,1,decode
8879,payload,4568449,1,caught,1,decode
8880,bit_flip,4210087,1,caught,1,decode
8881,random_bytes,2189078,11,caught,1,decode
8882,zeroed_run,2756509,2355,caught,1,decode
8883,truncation,4315597,1127948,caught,1,decode
8884,header,524,1,caught,1,decode
8885,payload,1177770,1,caught,1,decode
8886,bit_flip,698293,1,caught,1,decode
8887,random_bytes,4030985,1,caught,1,decode
8888,zeroed_run,1235269,713,caught,1,decode
8889,truncation,1751271,3692274,caught,1,decode
8890,header,510,1,caught,1,decode
8891,payload,4134733,1,caught,1,decode
8892,bit_flip,3682326,1,caught,1,decode
8893,random_bytes,4666013,9,caught,1,decode
8894,zeroed_run,4856966,3958,caught,1,decode
8895,truncation,4761472,682073,caught,1,decode
8896,header,735,1,caught,1,decode
8897,payload,468536,1,caught,1,decode
8898,bit_flip,3071698,1,caught,1,decode
8899,random_bytes,3087809,1,caught,1,decode
8900,zeroed_run,440586,1875,caught,1,decode
8901,truncation,3674168,1769377,caught,1,decode
8902,header,1005,1,caught,1,decode
8903,payload,705811,1,caught,1,decode
8904,bit_flip,2891305,1,caught,1,decode
8905,random_bytes,447902,9,caught,1,decode
8906,zeroed_run,3764593,1457,caught,1,decode
8907,truncation,5311419,132126,caught,1,decode
8908,header,882,1,caught,1,decode
8909,payload,362881,1,caught,1,decode
8910,bit_flip,2743284,1,caught,1,decode
8911,random_bytes,4366171,12,caught,1,decode
8912,zeroed_run,2933153,1978,caught,1,decode
8913,truncation,4067788,1375757,caught,1,decode
8914,header,776,1,caught,1,decode
8915,payload,4592881,1,caught,1,decode
8916,bit_flip,2181352,1,caught,1,decode
8917,random_bytes,4376743,4,caught,1,decode
8918,zeroed_run,919634,3701,caught,1,decode
8919,truncation,443822,4999723,caught,1,decode
8920,header,636,1,caught,1,decode
8921,payload,2127907,1,caught,1,decode
8922,bit_flip,4754733,1,caught,1,decode
8923,random_bytes,5349005,13,caught,1,decode
8924,zeroed_run,3715020,800,caught,1,decode
8925,truncation,3462646,1980899,caught,1,decode
8926,header,390,1,caught,1,decode
8927,payload,4996431,1,caught,1,decode
8928,bit_flip,782125,1,caught,1,decode
8929,random_bytes,1640329,12,caught,1,decode
8930,zeroed_run,4842517,104,caught,1,decode
8931,truncation,2295156,3148389,caught,1,decode
8932,header,469,1,caught,1,decode
8933,payload,3379219,1,caught,1,decode
8934,bit_flip,3087099,1,caught,1,decode
8935,random_bytes,1610247,12,caught,1,decode
8936,zeroed_run,2431143,4023,caught,1,decode
8937,truncation,2157759,3285786,caught,1,decode
8938,header,693,1,caught,1,decode
8939,payload,543853,1,caught,1,decode
8940,bit_flip,2028575,1,caught,1,decode
8941,random_bytes,49638,1,caught,1,decode
8942,zeroed_run,5227407,251,caught,1,decode
8943,truncation,2269445,3174100,caught,1,decode
8944,header,303,1,caught,1,decode
8945,payload,4902521,1,caught,1,decode
8946,bit_flip,1655094,1,caught,1,decode
8947,random_bytes,2121221,5,caught,1,decode
8948,zeroed_run,1922596,2622,caught,1,decode
8949,truncation,4882860,560685,caught,1,decode
8950,header,138,1,caught,1,decode
8951,payload,4630941,1,caught,1,decode
8952,bit_flip,1572199,1,caught,1,decode
8953,random_bytes,4878114,1,caught,1,decode
8954,zeroed_run,3477567,3845,caught,1,decode
8955,truncation,4138104,1305441,caught,1,decode
8956,header,984,1,caught,1,decode
8957,payload,1681746,1,caught,1,decode
8958,bit_flip,1356350,1,caught,1,decode
8959,random_bytes,1297061,2,caught,1,decode
8960,zeroed_run,375890,3609,caught,1,decode
8961,truncation,4522759,920786,caught,1,decode
8962,header,736,1,caught,1,decode
8963,payload,2838202,1,caught,1,decode
8964,bit_flip,3753380,1,caught,1,decode
8965,random_bytes,488718,2,caught,1,decode
8966,zeroed_run,5318513,1401,caught,1,decode
8967,truncation,4833613,609932,caught,1,decode
8968,header,475,1,caught,1,decode
8969,payload,1849012,1,caught,1,decode
8970,bit_flip,1535946,1,caught,1,decode
8971,random_bytes,4759546,3,caught,1,decode
8972,zeroed_run,934948,3316,caught,1,decode
8973,truncation,2052130,3391415,caught,1,decode
8974,header,355,1,caught,1,decode
8975,payload,4915347,1,caught,1,decode
8976,bit_flip,4718756,1,caught,1,decode
8977,random_bytes,1423470,2,caught,1,decode
8978,zeroed_run,1668154,2046,caught,1,decode
8979,truncation,2313954,3129591,caught,1,decode
8980,header,653,1,caught,1,decode
8981,payload,4067887,1,caught,1,decode
8982,bit_flip,4271451,1,caught,1,decode
8983,random_bytes,4149254,15,caught,1,decode
8984,zeroed_run,4448804,2050,caught,1,decode
8985,truncation,4395566,1047979,caught,1,decode
8986,header,25,1,caught,1,decode
8987,payload,1759797,1,caught,1,decode
8988,bit_flip,122947,1,caught,1,decode
8989,random_bytes,2161824,2,caught,1,decode
8990,zeroed_run,3200060,3075,caught,1,decode
8991,truncation,4866902,576643,caught,1,decode
8992,header,191,1,caught,1,decode
8993,payload,1161305,1,caught,1,decode
8994,bit_flip,4539160,1,caught,1,decode
8995,random_bytes,4770902,8,caught,1,decode
8996,zeroed_run,4079622,3921,caught,1,decode
8997,truncation,3037042,2406503,caught,1,decode
8998,header,877,1,caught,1,decode
8999,payload,4825911,1,caught,1,decode
9000,bit_flip,981758,1,caught,1,decode
9001,random_bytes,2310855,8,caught,1,decode
9002,zeroed_run,605811,239,caught,1,decode
9003,truncation,3793385,1650160,caught,1,decode
9004,header,594,1,caught,1,decode
9005,payload,2267108,1,caught,1,decode
9006,bit_flip,4876068,1,caught,1,decode
9007,random_bytes,2519510,8,caught,1,decode
9008,zeroed_run,4797449,156,caught,1,decode
9009,truncation,550210,4893335,caught,1,decode
9010,header,917,1,caught,1,decode
9011,payload,3002634,1,caught,1,decode
9012,bit_flip,1951350,1,caught,1,decode
9013,random_bytes,3759719,13,caught,1,decode
9014,zeroed_run,2192497,674,caught,1,decode
9015,truncation,2329132,3114413,caught,1,decode
9016,header,812,1,caught,1,decode
9017,payload,2856451,1,caught,1,decode
9018,bit_flip,3710494,1,caught,1,decode
9019,random_bytes,954206,1,caught,1,decode
9020,zeroed_run,3749287,2494,caught,1,decode
9021,truncation,350651,5092894,caught,1,decode
9022,header,479,1,caught,1,decode
9023,payload,2267425,1,caught,1,decode
9024,bit_flip,1023789,1,caught,1,decode
9025,random_bytes,4630553,8,caught,1,decode
9026,zeroed_run,141251,2706,caught,1,decode
9027,truncation,1213097,4230448,caught,1,decode
9028,header,732,1,caught,1,decode
9029,payload,3111954,1,caught,1,decode
9030,bit_flip,4033995,1,caught,1,decode
9031,random_bytes,5190056,5,caught,1,decode
9032,zeroed_run,2291896,2252,caught,1,decode
9033,truncation,5284313,159232,caught,1,decode
9034,header,130,1,caught,1,decode
9035,payload,2726621,1,caught,1,decode
9036,bit_flip,5322224,1,caught,1,decode
9037,random_bytes,2097995,11,caught,1,decode
9038,zeroed_run,2378764,1233,caught,1,decode
9039,truncation,3724122,1719423,caught,1,decode
9040,header,2,1,caught,1,decode
9041,payload,4508904,1,caught,1,decode
9042,bit_flip,2120214,1,caught,1,decode
9043,random_bytes,2013799,16,caught,1,decode
9044,zeroed_run,1596555,1611,caught,1,decode
9045,truncation,2681022,2762523,caught,1,decode
9046,header,740,1,caught,1,decode
9047,payload,1426112,1,caught,1,decode
9048,bit_flip,4726609,1,caught,1,decode
9049,random_bytes,4651913,7,caught,1,decode
9050,zeroed_run,1066717,686,caught,1,decode
9051,truncation,2741806,2701739,caught,1,decode
9052,header,525,1,caught,1,decode
9053,payload,52898,1,caught,1,decode
9054,bit_flip,3979720,1,caught,1,decode
9055,random_bytes,74558,6,caught,1,decode
9056,zeroed_run,2929213,2254,caught,1,decode
9057,truncation,2105186,3338359,caught,1,decode
9058,header,291,1,caught,1,decode
9059,payload,5370425,1,caught,1,decode
9060,bit_flip,3849043,1,caught,1,decode
9061,random_bytes,4431492,9,caught,1,decode
9062,zeroed_run,5280924,1723,caught,1,decode
9063,truncation,2316173,3127372,caught,1,decode
9064,header,412,1,caught,1,decode
9065,payload,2485371,1,caught,1,decode
9066,bit_flip,1877767,1,caught,1,decode
9067,random_bytes,4660506,12,caught,1,decode
9068,zeroed_run,3258250,1626,caught,1,decode
9069,truncation,793954,4649591,caught,1,decode
9070,header,735,1,caught,1,decode
9071,payload,1370987,1,caught,1,decode
9072,bit_flip,2126793,1,caught,1,decode
9073,random_bytes,5148476,2,caught,1,decode
9074,zeroed_run,4850218,1126,caught,1,decode
9075,truncation,5307354,136191,caught,1,decode
9076,header,886,1,caught,1,decode
9077,payload,2551224,1,caught,1,decode
9078,bit_flip,1809797,1,caught,1,decode
9079,random_bytes,3860296,7,caught,1,decode
9080,zeroed_run,3478807,2770,caught,1,decode
9081,truncation,697712,4745833,caught,1,decode
9082,header,937,1,caught,1,decode
9083,payload,1160248,1,caught,1,decode
9084,bit_flip,2574275,1,caught,1,decode
9085,random_bytes,1401088,11,caught,1,decode
9086,zeroed_run,1772349,2447,caught,1,decode
9087,truncation,5377398,66147,caught,1,decode
9088,header,186,1,caught,1,decode
9089,payload,45714,1,caught,1,decode
9090,bit_flip,5213359,1,caught,1,decode
9091,random_bytes,2272468,9,caught,1,decode
9092,zeroed_run,4537084,372,caught,1,decode
9093,truncation,375327,5068218,caught,1,decode
9094,header,963,1,caught,1,decode
9095,payload,1582619,1,caught,1,decode
9096,bit_flip,3165758,1,caught,1,decode
9097,random_bytes,1701394,12,caught,1,decode
9098,zeroed_run,2923207,3092,caught,1,decode
9099,truncation,3580582,1862963,caught,1,decode
9100,header,713,1,caught,1,decode
9101,payload,1316973,1,caught,1,decode
9102,bit_flip,817751,1,caught,1,decode
9103,random_bytes,2814058,13,caught,1,decode
9104,zeroed_run,4879947,1289,caught,1,decode
9105,truncation,2715109,2728436,caught,1,decode
9106,header,708,1,caught,1,decode
9107,payload,4598480,1,caught,1,decode
9108,bit_flip,3174226,1,caught,1,decode
9109,random_bytes,1612034,8,caught,1,decode
9110,zeroed_run,1668153,2639,caught,1,decode
9111,truncation,4565293,878252,caught,1,decode
9112,header,121,1,caught,1,decode
9113,payload,4240102,1,caught,1,decode
9114,bit_flip,1581145,1,caught,1,decode
9115,random_bytes,5147141,9,caught,1,decode
9116,zeroed_run,730471,825,caught,1,decode
9117,truncation,2666607,2776938,caught,1,decode
9118,header,344,1,caught,1,decode
9119,payload,5051369,1,caught,1,decode
9120,bit_flip,4483978,1,caught,1,decode
9121,random_bytes,284502,9,caught,1,decode
9122,zeroed_run,436713,2778,caught,1,decode
9123,truncation,947411,4496134,caught,1,decode
9124,header,130,1,caught,1,decode
9125,payload,162207,1,caught,1,decode
9126,bit_flip,4063554,1,caught,1,decode
9127,random_bytes,444299,7,caught,1,decode
9128,zeroed_run,584143,4076,caught,1,decode
9129,truncation,2444468,2999077,caught,1,decode
9130,header,168,1,caught,1,decode
9131,payload,1208898,1,caught,1,decode
9132,bit_flip,4559770,1,caught,1,decode
9133,random_bytes,1014699,7,caught,1,decode
9134,zeroed_run,3956918,285,caught,1,decode
9135,truncation,659664,4783881,caught,1,decode
9136,header,916,1,caught,1,decode
9137,payload,3283063,1,caught,1,decode
9138,bit_flip,3994950,1,caught,1,decode
9139,random_bytes,1578568,8,caught,1,decode
9140,zeroed_run,580791,1630,caught,1,decode
9141,truncation,1626124,3817421,caught,1,decode
9142,header,31,1,caught,1,decode
9143,payload,1997400,1,caught,1,decode
9144,bit_flip,5379200,1,caught,1,decode
9145,random_bytes,4443709,2,caught,1,decode
9146,zeroed_run,4351000,3397,caught,1,decode
9147,truncation,515451,4928094,caught,1,decode
9148,header,626,1,caught,1,decode
9149,payload,3872203,1,caught,1,decode
9150,bit_flip,786058,1,caught,1,decode
9151,random_bytes,4042821,13,caught,1,decode
9152,zeroed_run,3170684,1898,caught,1,decode
9153,truncation,959235,4484310,caught,1,decode
9154,header,492,1,caught,1,decode
9155,payload,5142445,1,caught,1,decode
9156,bit_flip,3116870,1,caught,1,decode
9157,random_bytes,3578547,11,caught,1,decode
9158,zeroed_run,996927,3601,caught,1,decode
9159,truncation,233952,5209593,caught,1,decode
9160,header,501,1,caught,1,decode
9161,payload,2360496,1,caught,1,decode
9162,bit_flip,2034436,1,caught,1,decode
9163,random_bytes,3810441,5,caught,1,decode
9164,zeroed_run,2849563,597,caught,1,decode
9165,truncation,646299,4797246,caught,1,decode
9166,header,824,1,caught,1,decode
9167,payload,4602362,1,caught,1,decode
9168,bit_flip,5430874,1,caught,1,decode
9169,random_bytes,2838994,8,caught,1,decode
9170,zeroed_run,154800,1225,caught,1,decode
9171,truncation,1024767,4418778,caught,1,decode
9172,header,25,1,caught,1,decode
9173,payload,5298404,1,caught,1,decode
9174,bit_flip,4962585,1,caught,1,decode
9175,random_bytes,3620389,12,caught,1,decode
9176,zeroed_run,3872383,897,caught,1,decode
9177,truncation,1582558,3860987,caught,1,decode
9178,header,340,1,caught,1,decode
9179,payload,3246101,1,caught,1,decode
9180,bit_flip,763430,1,caught,1,decode
9181,random_bytes,270830,12,caught,1,decode
9182,zeroed_run,3886831,1609,caught,1,decode
9183,truncation,4141161,1302384,caught,1,decode
9184,header,962,1,caught,1,decode
9185,payload,3905761,1,caught,1,decode
9186,bit_flip,2316085,1,caught,1,decode
9187,random_bytes,4809298,14,caught,1,decode
9188,zeroed_run,1350024,1848,caught,1,decode
9189,truncation,1191950,4251595,caught,1,decode
9190,header,492,1,caught,1,decode
9191,payload,659488,1,caught,1,decode
9192,bit_flip,3878824,1,caught,1,decode
9193,random_bytes,2281285,7,caught,1,decode
9194,zeroed_run,295839,1166,caught,1,decode
9195,truncation,746134,4697411,caught,1,decode
9196,header,681,1,caught,1,decode
9197,payload,1097107,1,caught,1,decode
9198,bit_flip,2543880,1,caught,1,decode
9199,random_bytes,2234361,9,caught,1,decode
9200,zeroed_run,2756637,4053,caught,1,decode
9201,truncation,3045767,2397778,caught,1,decode
9202,header,284,1,caught,1,decode
9203,payload,201567,1,caught,1,decode
9204,bit_flip,814391,1,caught,1,decode
9205,random_bytes,3468806,10,caught,1,decode
9206,zeroed_run,1995205,1718,caught,1,decode
9207,truncation,3762848,1680697,caught,1,decode
9208,header,82,1,caught,1,decode
9209,payload,3608117,1,caught,1,decode
9210,bit_flip,5305951,1,caught,1,decode
9211,random_bytes,2172602,14,caught,1,decode
9212,zeroed_run,4548971,1035,caught,1,decode
9213,truncation,4275282,1168263,caught,1,decode
9214,header,1002,1,caught,1,decode
9215,payload,2193767,1,caught,1,decode
9216,bit_flip,2362012,1,caught,1,decode
9217,random_bytes,1142051,7,caught,1,decode
9218,zeroed_run,3475470,751,caught,1,decode
9219,truncation,4306458,1137087,caught,1,decode
9220,header,691,1,caught,1,decode
9221,payload,5270953,1,caught,1,decode
9222,bit_flip,462996,1,caught,1,decode
9223,random_bytes,417638,15,caught,1,decode
9224,zeroed_run,3525697,229,caught,1,decode
9225,truncation,1398065,4045480,caught,1,decode
9226,header,440,1,caught,1,decode
9227,payload,4334393,1,caught,1,decode
9228,bit_flip,4139611,1,caught,1,decode
9229,random_bytes,5291042,3,caught,1,decode
9230,zeroed_run,4178247,3650,caught,1,decode
9231,truncation,3749293,1694252,caught,1,decode
9232,header,947,1,caught,1,decode
9233,payload,2057264,1,caught,1,decode
9234,bit_flip,1526689,1,caught,1,decode
9235,random_bytes,5020662,1,caught,1,decode
9236,zeroed_run,2778123,248,caught,1,decode
9237,truncation,4638677,804868,caught,1,decode
9238,header,331,1,caught,1,decode
9239,payload,2697558,1,caught,1,decode
9240,bit_flip,5048457,1,caught,1,decode
9241,random_bytes,4888197,13,caught,1,decode
9242,zeroed_run,1202382,4026,caught,1,decode
9243,truncation,2994737,2448808,caught,1,decode
9244,header,805,1,caught,1,decode
9245,payload,4672266,1,caught,1,decode
9246,bit_flip,4868711,1,caught,1,decode
9247,random_bytes,1969160,13,caught,1,decode
9248,zeroed_run,4979080,2679,caught,1,decode
9249,truncation,3506122,1937423,caught,1,decode
9250,header,825,1,caught,1,decode
9251,payload,5147244,1,caught,1,decode
9252,bit_flip,677853,1,caught,1,decode
9253,random_bytes,3380130,2,caught,1,decode
9254,zeroed_run,2492479,1449,caught,1,decode
9255,truncation,4261594,1181951,caught,1,decode
9256,header,270,1,caught,1,decode
9257,payload,425425,1,caught,1,decode
9258,bit_flip,882071,1,caught,1,decode
9259,random_bytes,3877561,3,caught,1,decode
9260,zeroed_run,2160535,482,caught,1,decode
9261,truncation,4436458,1007087,caught,1,decode
9262,header,518,1,caught,1,decode
9263,payload,110755,1,caught,1,decode
9264,bit_flip,5320936,1,caught,1,decode
9265,random_bytes,3547018,16,caught,1,decode
9266,zeroed_run,2650404,3387,caught,1,decode
9267,truncation,2053669,3389876,caught,1,decode
9268,header,677,1,caught,1,decode
9269,payload,4465060,1,caught,1,decode
9270,bit_flip,695624,1,caught,1,decode
9271,random_bytes,2509221,8,caught,1,decode
9272,zeroed_run,1122995,3514,caught,1,decode
9273,truncation,3134807,2308738,caught,1,decode
9274,header,132,1,caught,1,decode
9275,payload,2279427,1,caught,1,decode
9276,bit_flip,2431515,1,caught,1,decode
9277,random_bytes,4925277,9,caught,1,decode
9278,zeroed_run,2561040,1682,caught,1,decode
9279,truncation,587093,4856452,caught,1,decode
9280,header,626,1,caught,1,decode
9281,payload,1468103,1,caught,1,decode
9282,bit_flip,3940981,1,caught,1,decode
9283,random_bytes,4117738,4,caught,1,decode
9284,zeroed_run,3588644,2734,caught,1,decode
9285,truncation,2466393,2977152,caught,1,decode
9286,header,962,1,caught,1,decode
9287,payload,985083,1,caught,1,decode
9288,bit_flip,3291507,1,caught,1,decode
9289,random_bytes,3726063,10,caught,1,decode
9290,zeroed_run,2186783,2003,caught,1,decode
9291,truncation,4311126,1132419,caught,1,decode
9292,header,582,1,caught,1,decode
9293,payload,2797013,1,caught,1,decode
9294,bit_flip,2781294,1,caught,1,decode
9295,random_bytes,2569176,9,caught,1,decode
9296,zeroed_run,3816858,3633,caught,1,decode
9297,truncation,2894968,2548577,caught,1,decode
9298,header,618,1,caught,1,decode
9299,payload,1503272,1,caught,1,decode
9300,bit_flip,1858930,1,caught,1,decode
9301,random_bytes,2193090,15,caught,1,decode
9302,zeroed_run,4435507,121,caught,1,decode
9303,truncation,5204980,238565,caught,1,decode
9304,header,256,1,caught,1,decode
9305,payload,2086689,1,caught,1,decode
9306,bit_flip,3348246,1,caught,1,decode
9307,random_bytes,4803779,11,caught,1,decode
9308,zeroed_run,1251309,2544,caught,1,decode
9309,truncation,3684130,1759415,caught,1,decode
9310,header,270,1,caught,1,decode
9311,payload,3153322,1,caught,1,decode
9312,bit_flip,2773901,1,caught,1,decode
9313,random_bytes,1738038,11,caught,1,decode
9314,zeroed_run,1153158,3497,caught,1,decode
9315,truncation,4755052,688493,caught,1,decode
9316,header,52,1,caught,1,decode
9317,payload,1304537,1,caught,1,decode
9318,bit_flip,3235629,1,caught,1,decode
9319,random_bytes,2463049,16,caught,1,decode
9320,zeroed_run,1885356,3508,caught,1,decode
9321,truncation,3620254,1823291,caught,1,decode
9322,header,690,1,caught,1,decode
9323,payload,3577967,1,caught,1,decode
9324,bit_flip,3295894,1,caught,1,decode
9325,random_bytes,5194641,13,caught,1,decode
9326,zeroed_run,3587688,1470,caught,1,decode
9327,truncation,4671340,772205,caught,1,decode
9328,header,856,1,caught,1,decode
9329,payload,4444326,1,caught,1,decode
9330,bit_flip,707487,1,caught,1,decode
9331,random_bytes,4312131,9,caught,1,decode
9332,zeroed_run,2836831,1264,caught,1,decode
9333,truncation,3490193,1953352,caught,1,decode
9334,header,50,1,caught,1,decode
9335,payload,2980202,1,harmless,0,decode
9336,bit_flip,347461,1,caught,1,decode
9337,random_bytes,3387529,10,caught,1,decode
9338,zeroed_run,2335647,2600,caught,1,decode
9339,truncation,1049109,4394436,caught,1,decode
9340,header,712,1,caught,1,decode
9341,payload,4622398,1,caught,1,decode
9342,bit_flip,5320301,1,caught,1,decode
9343,random_bytes,2701349,10,caught,1,decode
9344,zeroed_run,2492240,496,caught,1,decode
9345,truncation,1207889,4235656,caught,1,decode
9346,header,324,1,caught,1,decode
9347,payload,2083994,1,caught,1,decode
9348,bit_flip,2481085,1,caught,1,decode
9349,random_bytes,1073885,10,caught,1,decode
9350,zeroed_run,2760092,3565,caught,1,decode
9351,truncation,275629,5167916,caught,1,decode
9352,header,170,1,caught,1,decode
9353,payload,3263897,1,caught,1,decode
9354,bit_flip,3094859,1,caught,1,decode
9355,random_bytes,4977782,15,caught,1,decode
9356,zeroed_run,2078707,958,caught,1,decode
9357,truncation,1339692,4103853,caught,1,decode
9358,header,680,1,caught,1,decode
9359,payload,898102,1,caught,1,decode
9360,bit_flip,913192,1,caught,1,decode
9361,random_bytes,3921235,4,caught,1,decode
9362,zeroed_run,1799224,1166,caught,1,decode
9363,truncation,3875402,1568143,caught,1,decode
9364,header,17,1,caught,1,decode
9365,payload,3250564,1,caught,1,decode
9366,bit_flip,4441288,1,caught,1,decode
9367,random_bytes,3306005,12,caught,1,decode
9368,zeroed_run,3609314,1431,caught,1,decode
9369,truncation,2080182,3363363,caught,1,decode
9370,header,951,1,caught,1,decode
9371,payload,4290825,1,caught,1,decode
9372,bit_flip,319048,1,caught,1,decode
9373,random_bytes,2572709,15,caught,1,decode
9374,zeroed_run,4466958,3022,caught,1,decode
9375,truncation,3677053,1766492,caught,1,decode
9376,header,467,1,caught,1,decode
9377,payload,1822516,1,caught,1,decode
9378,bit_flip,1264767,1,caught,1,decode
9379,random_bytes,870228,2,caught,1,decode
9380,zeroed_run,612106,3497,caught,1,decode
9381,truncation,5017248,426297,caught,1,decode
9382,header,965,1,caught,1,decode
9383,payload,3660169,1,caught,1,decode
9384,bit_flip,1710142,1,caught,1,decode
9385,random_bytes,4496362,14,caught,1,decode
9386,zeroed_run,485866,3258,caught,1,decode
9387,truncation,355871,5087674,caught,1,decode
9388,header,161,1,caught,1,decode
9389,payload,4538090,1,caught,1,decode
9390,bit_flip,1974528,1,caught,1,decode
9391,random_bytes,2759794,11,caught,1,decode
9392,zeroed_run,360246,2309,caught,1,decode
9393,truncation,342038,5101507,caught,1,decode
9394,header,673,1,caught,1,decode
9395,payload,110390,1,caught,1,decode
9396,bit_flip,2664999,1,caught,1,decode
9397,random_bytes,4880896,6,caught,1,decode
9398,zeroed_run,5163446,2444,caught,1,decode
9399,truncation,4775736,667809,caught,1,decode
9400,header,488,1,caught,1,decode
9401,payload,255256,1,caught,1,decode
9402,bit_flip,4179459,1,caught,1,decode
9403,random_bytes,5340794,10,caught,1,decode
9404,zeroed_run,1272030,720,caught,1,decode
9405,truncation,5278821,164724,caught,1,decode
9406,header,784,1,caught,1,decode
9407,payload,833213,1,caught,1,decode
9408,bit_flip,2963235,1,caught,1,decode
9409,random_bytes,2774684,2,caught,1,decode
9410,zeroed_run,567976,1792,caught,1,decode
9411,truncation,4740317,703228,caught,1,decode
9412,header,589,1,caught,1,decode
9413,payload,611269,1,caught,1,decode
9414,bit_flip,3670114,1,caught,1,decode
9415,random_bytes,4280403,11,caught,1,decode
9416,zeroed_run,2452137,3908,caught,1,decode
9417,truncation,1050902,4392643,caught,1,decode
9418,header,642,1,caught,1,decode
9419,payload,1667348,1,caught,1,decode
9420,bit_flip,1136456,1,caught,1,decode
9421,random_bytes,385180,10,caught,1,decode
9422,zeroed_run,5147086,183,caught,1,decode
9423,truncation,1438257,4005288,caught,1,decode
9424,header,458,1,caught,1,decode
9425,payload,4120056,1,caught,1,decode
9426,bit_flip,1482282,1,caught,1,decode
9427,random_bytes,1234978,16,caught,1,decode
9428,zeroed_run,912287,528,caught,1,decode
9429,truncation,2659492,2784053,caught,1,decode
9430,header,180,1,caught,1,decode
9431,payload,224100,1,caught,1,decode
9432,bit_flip,4705639,1,caught,1,decode
9433,random_bytes,2540963,12,caught,1,decode
9434,zeroed_run,5097905,3720,caught,1,decode
9435,truncation,4024205,1419340,caught,1,decode
9436,header,996,1,caught,1,decode
9437,payload,4902255,1,caught,1,decode
9438,bit_flip,3142322,1,caught,1,decode
9439,random_bytes,578659,16,caught,1,decode
9440,zeroed_run,979394,2617,caught,1,decode
9441,truncation,4314546,1128999,caught,1,decode
9442,header,693,1,caught,1,decode
9443,payload,1256996,1,caught,1,decode
9444,bit_flip,783582,1,caught,1,decode
9445,random_bytes,127410,13,caught,1,decode
9446,zeroed_run,4449219,2088,caught,1,decode
9447,truncation,3048255,2395290,caught,1,decode
9448,header,353,1,caught,1,decode
9449,payload,4489951,1,caught,1,decode
9450,bit_flip,2450213,1,caught,1,decode
9451,random_bytes,2668825,3,caught,1,decode
9452,zeroed_run,606268,775,caught,1,decode
9453,truncation,4016189,1427356,caught,1,decode
9454,header,253,1,caught,1,decode
9455,payload,188335,1,caught,1,decode
9456,bit_flip,268276,1,caught,1,decode
9457,random_bytes,5227088,7,caught,1,decode
9458,zeroed_run,1184837,1372,caught,1,decode
9459,truncation,4392388,1051157,caught,1,decode
9460,header,625,1,caught,1,decode
9461,payload,2546687,1,caught,1,decode
9462,bit_flip,1996817,1,caught,1,decode
9463,random_bytes,203678,7,caught,1,decode
9464,zeroed_run,5144226,2635,caught,1,decode
9465,truncation,4902053,541492,caught,1,decode
9466,header,316,1,caught,1,decode
9467,payload,3060275,1,caught,1,decode
9468,bit_flip,887279,1,caught,1,decode
9469,random_bytes,4575108,8,caught,1,decode
9470,zeroed_run,418116,586,caught,1,decode
9471,truncation,2222938,3220607,caught,1,decode
9472,header,322,1,caught,1,decode
9473,payload,2641703,1,caught,1,decode
9474,bit_flip,3735213,1,caught,1,decode
9475,random_bytes,1175730,7,caught,1,decode
9476,zeroed_run,1494114,2045,caught,1,decode
9477,truncation,2945169,2498376,caught,1,decode
9478,header,525,1,caught,1,decode
9479,payload,3005826,1,caught,1,decode
9480,bit_flip,1041080,1,caught,1,decode
9481,random_bytes,2877287,10,caught,1,decode
9482,zeroed_run,1394227,175,caught,1,decode
9483,truncation,2971776,2471769,caught,1,decode
9484,header,509,1,caught,1,decode
9485,payload,963529,1,caught,1,decode
9486,bit_flip,4843038,1,caught,1,decode
9487,random_bytes,848676,9,caught,1,decode
9488,zeroed_run,4704648,4059,caught,1,decode
9489,truncation,880308,4563237,caught,1,decode
9490,header,153,1,caught,1,decode
9491,payload,2420437,1,caught,1,decode
9492,bit_flip,243314,1,caught,1,decode
9493,random_bytes,3832456,1,caught,1,decode
9494,zeroed_run,2804500,1653,caught,1,decode
9495,truncation,1496937,3946608,caught,1,decode
9496,header,302,1,caught,1,decode
9497,payload,150800,1,caught,1,decode
9498,bit_flip,2021574,1,caught,1,decode
9499,random_bytes,1793987,13,caught,1,decode
9500,zeroed_run,1781427,3236,caught,1,decode
9501,truncation,2831047,2612498,caught,1,decode
9502,header,306,1,caught,1,decode
9503,payload,172786,1,caught,1,decode
9504,bit_flip,2352587,1,caught,1,decode
9505,random_bytes,3042414,11,caught,1,decode
9506,zeroed_run,540925,2797,caught,1,decode
9507,truncation,4920808,522737,caught,1,decode
9508,header,287,1,caught,1,decode
9509,payload,253982,1,caught,1,decode
9510,bit_flip,2305211,1,caught,1,decode
9511,random_bytes,2741912,3,caught,1,decode
9512,zeroed_run,4939445,2612,caught,1,decode
9513,truncation,373195,5070350,caught,1,decode
9514,header,739,1,caught,1,decode
9515,payload,3277810,1,caught,1,decode
9516,bit_flip,5056674,1,caught,1,decode
9517,random_bytes,1193548,4,caught,1,decode
9518,zeroed_run,5430884,1983,caught,1,decode
9519,truncation,3193776,2249769,caught,1,decode
9520,header,73,1,caught,1,decode
9521,payload,585681,1,caught,1,decode
9522,bit_flip,1202576,1,caught,1,decode
9523,random_bytes,4254944,3,caught,1,decode
9524,zeroed_run,322039,3145,caught,1,decode
9525,truncation,1625649,3817896,caught,1,decode
9526,header,762,1,caught,1,decode
9527,payload,1363214,1,caught,1,decode
9528,bit_flip,760470,1,caught,1,decode
9529,random_bytes,3164384,4,caught,1,decode
9530,zeroed_run,4802084,3767,caught,1,decode
9531,truncation,2898717,2544828,caught,1,decode
9532,header,475,1,caught,1,decode
9533,payload,5038577,1,caught,1,decode
9534,bit_flip,1009416,1,caught,1,decode
9535,random_bytes,3790626,8,caught,1,decode
9536,zeroed_run,1308441,3388,caught,1,decode
9537,truncation,4430779,1012766,caught,1,decode
9538,header,441,1,caught,1,decode
9539,payload,3112515,1,caught,1,decode
9540,bit_flip,2237762,1,caught,1,decode
9541,random_bytes,2208058,5,caught,1,decode
9542,zeroed_run,4189726,3506,caught,1,decode
9543,truncation,3030623,2412922,caught,1,decode
9544,header,408,1,caught,1,decode
9545,payload,3656905,1,caught,1,decode
9546,bit_flip,1874930,1,caught,1,decode
9547,random_bytes,254991,9,caught,1,decode
9548,zeroed_run,4037508,1834,caught,1,decode
9549,truncation,4835440,608105,caught,1,decode
9550,header,6,1,caught,1,decode
9551,payload,4349507,1,caught,1,decode
9552,bit_flip,4405199,1,caught,1,decode
9553,random_bytes,2130959,3,caught,1,decode
9554,zeroed_run,3272463,293,caught,1,decode
9555,truncation,825236,4618309,caught,1,decode
9556,header,884,1,caught,1,decode
9557,payload,2412047,1,caught,1,decode
9558,bit_flip,2150517,1,caught,1,decode
9559,random_bytes,4079868,12,caught,1,decode
9560,zeroed_run,572596,3271,caught,1,decode
9561,truncation,2999805,2443740,caught,1,decode
9562,header,153,1,caught,1,decode
9563,payload,3224508,1,caught,1,decode
9564,bit_flip,1777991,1,caught,1,decode
9565,random_bytes,3938958,2,caught,1,decode
9566,zeroed_run,3026548,2062,caught,1,decode
9567,truncation,2322657,3120888,caught,1,decode
9568,header,541,1,caught,1,decode
9569,payload,3432115,1,caught,1,decode
9570,bit_flip,3657821,1,caught,1,decode
9571,random_bytes,3207780,16,caught,1,decode
9572,zeroed_run,3487435,310,caught,1,decode
9573,truncation,861801,4581744,caught,1,decode
9574,header,599,1,caught,1,decode
9575,payload,3420252,1,caught,1,decode
9576,bit_flip,1139853,1,caught,1,decode
9577,random_bytes,5397024,1,caught,1,decode
9578,zeroed_run,712246,170,caught,1,decode
9579,truncation,5001532,442013,caught,1,decode
9580,header,841,1,caught,1,decode
9581,payload,4613791,1,caught,1,decode
9582,bit_flip,1655626,1,caught,1,decode
9583,random_bytes,2700992,15,caught,1,decode
9584,zeroed_run,2557381,980,caught,1,decode
9585,truncation,1814880,3628665,caught,1,decode
9586,header,240,1,caught,1,decode
9587,payload,5314266,1,caught,1,decode
9588,bit_flip,3291212,1,caught,1,decode
9589,random_bytes,2640,4,caught,1,decode
9590,zeroed_run,5076163,4049,caught,1,decode
9591,truncation,3954002,1489543,caught,1,decode
9592,header,365,1,caught,1,decode
9593,payload,4778048,1,caught,1,decode
9594,bit_flip,1414740,1,caught,1,decode
9595,random_bytes,3975589,10,caught,1,decode
9596,zeroed_run,942645,3661,caught,1,decode
9597,truncation,1253319,4190226,caught,1,decode
9598,header,396,1,caught,1,decode
9599,payload,4057915,1,caught,1,decode
9600,bit_flip,64592,1,caught,1,decode
9601,random_bytes,3538620,2,caught,1,decode
9602,zeroed_run,1785144,3899,caught,1,decode
9603,truncation,3719539,1724006,caught,1,decode
9604,header,938,1,caught,1,decode
9605,payload,4111743,1,caught,1,decode
9606,bit_flip,3202472,1,caught,1,decode
9607,random_bytes,2496456,2,caught,1,decode
9608,zeroed_run,120301,3780,caught,1,decode
9609,truncation,347042,5096503,caught,1,decode
9610,header,883,1,caught,1,decode
9611,payload,5348029,1,caught,1,decode
9612,bit_flip,4340203,1,caught,1,decode
9613,random_bytes,1756500,8,caught,1,decode
9614,zeroed_run,3982040,3560,caught,1,decode
9615,truncation,1303100,4140445,caught,1,decode
9616,header,629,1,caught,1,decode
9617,payload,633489,1,caught,1,decode
9618,bit_flip,2106595,1,caught,1,decode
9619,random_bytes,260945,3,caught,1,decode
9620,zeroed_run,4560735,3997,caught,1,decode
9621,truncation,5298972,144573,caught,1,decode
9622,header,533,1,caught,1,decode
9623,payload,4182395,1,caught,1,decode
9624,bit_flip,3476844,1,caught,1,decode
9625,random_bytes,604943,16,caught,1,decode
9626,zeroed_run,996771,1681,caught,1,decode
9627,truncation,4219610,1223935,caught,1,decode
9628,header,179,1,caught,1,decode
9629,payload,3510510,1,caught,1,decode
9630,bit_flip,604126,1,caught,1,decode
9631,random_bytes,1552861,1,caught,1,decode
9632,zeroed_run,3426641,2370,caught,1,decode
9633,truncation,68561,5374984,caught,1,decode
9634,header,720,1,caught,1,decode
9635,payload,1494111,1,caught,1,decode
9636,bit_flip,1677411,1,caught,1,decode
9637,random_bytes,4741432,8,caught,1,decode
9638,zeroed_run,4241517,3176,caught,1,decode
9639,truncation,3888376,1555169,caught,1,decode
9640,header,518,1,caught,1,decode
9641,payload,3274955,1,caught,1,decode
9642,bit_flip,2557618,1,caught,1,decode
9643,random_bytes,4402796,7,caught,1,decode
9644,zeroed_run,5186825,41,caught,1,decode
9645,truncation,47860,5395685,caught,1,decode
9646,header,392,1,caught,1,decode
9647,payload,1137639,1,caught,1,decode
9648,bit_flip,1512146,1,caught,1,decode
9649,random_bytes,4867171,7,caught,1,decode
9650,zeroed_run,5397875,729,caught,1,decode
9651,truncation,3959154,1484391,caught,1,decode
9652,header,605,1,caught,1,decode
9653,payload,2863911,1,caught,1,decode
9654,bit_flip,2182943,1,caught,1,decode
9655,random_bytes,2173372,2,caught,1,decode
9656,zeroed_run,5010797,2581,caught,1,decode
9657,truncation,1948967,3494578,caught,1,decode
9658,header,515,1,caught,1,decode
9659,payload,4847447,1,caught,1,decode
9660,bit_flip,309489,1,caught,1,decode
9661,random_bytes,5317373,13,caught,1,decode
9662,zeroed_run,1359480,1775,caught,1,decode
9663,truncation,2080068,3363477,caught,1,decode
9664,header,443,1,caught,1,decode
9665,payload,5287178,1,caught,1,decode
9666,bit_flip,4772251,1,caught,1,decode
9667,random_bytes,1910366,7,caught,1,decode
9668,zeroed_run,3805136,2598,caught,1,decode
9669,truncation,1527779,3915766,caught,1,decode
9670,header,199,1,caught,1,decode
9671,payload,5307638,1,caught,1,decode
9672,bit_flip,2341570,1,caught,1,decode
9673,random_bytes,2309560,14,caught,1,decode
9674,zeroed_run,4944469,133,caught,1,decode
9675,truncation,111606,5331939,caught,1,decode
9676,header,745,1,caught,1,decode
9677,payload,3066246,1,caught,1,decode
9678,bit_flip,3276867,1,caught,1,decode
9679,random_bytes,694151,12,caught,1,decode
9680,zeroed_run,3876273,2185,caught,1,decode
9681,truncation,1242306,4201239,caught,1,decode
9682,header,332,1,caught,1,decode
9683,payload,1337253,1,caught,1,decode
9684,bit_flip,4349198,1,caught,1,decode
9685,random_bytes,1715132,9,caught,1,decode
9686,zeroed_run,2986435,781,caught,1,decode
9687,truncation,1607661,3835884,caught,1,decode
9688,header,980,1,caught,1,decode
9689,payload,3829117,1,caught,1,decode
9690,bit_flip,4861738,1,caught,1,decode
9691,random_bytes,159155,4,caught,1,decode
9692,zeroed_run,2819332,2174,caught,1,decode
9693,truncation,2657634,2785911,caught,1,decode
9694,header,785,1,caught,1,decode
9695,payload,682022,1,caught,1,decode
9696,bit_flip,939366,1,caught,1,decode
9697,random_bytes,4608917,6,caught,1,decode
9698,zeroed_run,4591505,578,caught,1,decode
9699,truncation,1100726,4342819,caught,1,decode
9700,header,417,1,caught,1,decode
9701,payload,2407142,1,caught,1,decode
9702,bit_flip,4039726,1,caught,1,decode
9703,random_bytes,2720384,11,caught,1,decode
9704,zeroed_run,1101787,859,caught,1,decode
9705,truncation,4509504,934041,caught,1,decode
9706,header,713,1,caught,1,decode
9707,payload,4916853,1,caught,1,decode
9708,bit_flip,2194562,1,caught,1,decode
9709,random_bytes,2041050,4,caught,1,decode
9710,zeroed_run,131601,3765,caught,1,decode
9711,truncation,3645704,1797841,caught,1,decode
9712,header,915,1,caught,1,decode
9713,payload,3411721,1,caught,1,decode
9714,bit_flip,4152439,1,caught,1,decode
9715,random_bytes,3946199,15,caught,1,decode
9716,zeroed_run,80907,3103,caught,1,decode
9717,truncation,2155814,3287731,caught,1,decode
9718,header,435,1,caught,1,decode
9719,payload,4234345,1,caught,1,decode
9720,bit_flip,3645155,1,caught,1,decode
9721,random_bytes,1452039,14,caught,1,decode
9722,zeroed_run,2224635,488,caught,1,decode
9723,truncation,5038034,405511,caught,1,decode
9724,header,202,1,caught,1,decode
9725,payload,4955059,1,caught,1,decode
9726,bit_flip,3768070,1,caught,1,decode
9727,random_bytes,3734433,11,caught,1,decode
9728,zeroed_run,1984574,2870,caught,1,decode
9729,truncation,243162,5200383,caught,1,decode
9730,header,362,1,caught,1,decode
9731,payload,2739879,1,caught,1,decode
9732,bit_flip,3485045,1,caught,1,decode
9733,random_bytes,3381587,15,caught,1,decode
9734,zeroed_run,2063559,149,caught,1,decode
9735,truncation,1954120,3489425,caught,1,decode
9736,header,105,1,caught,1,decode
9737,payload,2006474,1,caught,1,decode
9738,bit_flip,5305636,1,caught,1,decode
9739,random_bytes,809613,3,caught,1,decode
9740,zeroed_run,4707586,3131,caught,1,decode
9741,truncation,3187401,2256144,caught,1,decode
9742,header,429,1,caught,1,decode
9743,payload,5019654,1,caught,1,decode
9744,bit_flip,4008844,1,caught,1,decode
9745,random_bytes,708540,6,caught,1,decode
9746,zeroed_run,1317752,3200,caught,1,decode
9747,truncation,3458389,1985156,caught,1,decode
9748,header,333,1,caught,1,decode
9749,payload,3996466,1,caught,1,decode
9750,bit_flip,3093023,1,caught,1,decode
9751,random_bytes,169318,11,caught,1,decode
9752,zeroed_run,3028038,2989,caught,1,decode
9753,truncation,5049447,394098,caught,1,decode
9754,header,766,1,caught,1,decode
9755,payload,3105761,1,caught,1,decode
9756,bit_flip,3999814,1,caught,1,decode
9757,random_bytes,4193009,8,caught,1,decode
9758,zeroed_run,973581,3967,caught,1,decode
9759,truncation,2385087,3058458,caught,1,decode
9760,header,494,1,caught,1,decode
9761,payload,5197617,1,caught,1,decode
9762,bit_flip,4772209,1,caught,1,decode
9763,random_bytes,5177879,10,caught,1,decode
9764,zeroed_run,1928230,3032,caught,1,decode
9765,truncation,1306425,4137120,caught,1,decode
9766,header,644,1,caught,1,decode
9767,payload,4250192,1,caught,1,decode
9768,bit_flip,1989275,1,caught,1,decode
9769,random_bytes,5048589,9,caught,1,decode
9770,zeroed_run,1186316,1745,caught,1,decode
9771,truncation,2397466,3046079,caught,1,decode
9772,header,504,1,caught,1,decode
9773,payload,5056140,1,caught,1,decode
9774,bit_flip,4311849,1,caught,1,decode
9775,random_bytes,2132012,7,caught,1,decode
9776,zeroed_run,1552267,399,caught,1,decode
9777,truncation,4734126,709419,caught,1,decode
9778,header,952,1,caught,1,decode
9779,payload,1554653,1,caught,1,decode
9780,bit_flip,4751186,1,caught,1,decode
9781,random_bytes,3841333,2,caught,1,decode
9782,zeroed_run,782675,1085,caught,1,decode
9783,truncation,2767590,2675955,caught,1,decode
9784,header,761,1,caught,1,decode
9785,payload,3103858,1,caught,1,decode
9786,bit_flip,5069161,1,caught,1,decode
9787,random_bytes,4667827,10,caught,1,decode
9788,zeroed_run,2732472,3030,caught,1,decode
9789,truncation,5297005,146540,caught,1,decode
9790,header,40,1,caught,1,decode
9791,payload,1839597,1,caught,1,decode
9792,bit_flip,4804626,1,caught,1,decode
9793,random_bytes,512724,9,caught,1,decode
9794,zeroed_run,1393013,2197,caught,1,decode
9795,truncation,4296702,1146843,caught,1,decode
9796,header,11,1,caught,1,decode
9797,payload,2372216,1,caught,1,decode
9798,bit_flip,2454109,1,caught,1,decode
9799,random_bytes,2292519,11,caught,1,decode
9800,zeroed_run,2279789,2308,caught,1,decode
9801,truncation,3932568,1510977,caught,1,decode
9802,header,1017,1,caught,1,decode
9803,payload,51427,1,caught,1,decode
9804,bit_flip,4882402,1,caught,1,decode
9805,random_bytes,3897379,12,caught,1,decode
9806,zeroed_run,5389157,486,caught,1,decode
9807,truncation,2811703,2631842,caught,1,decode
9808,header,416,1,caught,1,decode
9809,payload,896170,1,caught,1,decode
9810,bit_flip,4399463,1,caught,1,decode
9811,random_bytes,2851026,5,caught,1,decode
9812,zeroed_run,2473973,272,caught,1,decode
9813,truncation,2376896,3066649,caught,1,decode
9814,header,817,1,caught,1,decode
9815,payload,126488,1,caught,1,decode
9816,bit_flip,1688173,1,caught,1,decode
9817,random_bytes,4966506,12,caught,1,decode
9818,zeroed_run,2772157,3264,caught,1,decode
9819,truncation,4581586,861959,caught,1,decode
9820,header,725,1,caught,1,decode
9821,payload,3273828,1,caught,1,decode
9822,bit_flip,63058,1,caught,1,decode
9823,random_bytes,5064213,11,caught,1,decode
9824,zeroed_run,3003521,3864,caught,1,decode
9825,truncation,2669463,2774082,caught,1,decode
9826,header,233,1,caught,1,decode
9827,payload,3369030,1,caught,1,decode
9828,bit_flip,5112069,1,caught,1,decode
9829,random_bytes,238878,10,caught,1,decode
9830,zeroed_run,3215499,1862,caught,1,decode
9831,truncation,3196501,2247044,caught,1,decode
9832,header,760,1,caught,1,decode
9833,payload,354174,1,caught,1,decode
9834,bit_flip,3910920,1,caught,1,decode
9835,random_bytes,1107860,13,caught,1,decode
9836,zeroed_run,136674,3006,caught,1,decode
9837,truncation,4378448,1065097,caught,1,decode
9838,header,48,1,caught,1,decode
9839,payload,5335083,1,caught,1,decode
9840,bit_flip,1857136,1,caught,1,decode
9841,random_bytes,3375743,6,caught,1,decode
9842,zeroed_run,5241080,200,caught,1,decode
9843,truncation,241813,5201732,caught,1,decode
9844,header,841,1,caught,1,decode
9845,payload,2990047,1,caught,1,decode
9846,bit_flip,3603768,1,caught,1,decode
9847,random_bytes,718007,13,caught,1,decode
9848,zeroed_run,4004262,2243,caught,1,decode
9849,truncation,2491949,2951596,caught,1,decode
9850,header,966,1,caught,1,decode
9851,payload,484714,1,caught,1,decode
9852,bit_flip,1190186,1,caught,1,decode
9853,random_bytes,2970570,3,caught,1,decode
9854,zeroed_run,2113805,767,caught,1,decode
9855,truncation,2269880,3173665,caught,1,decode
9856,header,770,1,caught,1,decode
9857,payload,2498904,1,caught,1,decode
9858,bit_flip,4510607,1,caught,1,decode
9859,random_bytes,2132315,13,caught,1,decode
9860,zeroed_run,781815,3637,caught,1,decode
9861,truncation,4314972,1128573,caught,1,decode
9862,header,210,1,caught,1,decode
9863,payload,3450069,1,caught,1,decode
9864,bit_flip,2648524,1,caught,1,decode
9865,random_bytes,2282864,6,caught,1,decode
9866,zeroed_run,1348449,2134,caught,1,decode
9867,truncation,4567623,875922,caught,1,decode
9868,header,841,1,caught,1,decode
9869,payload,3104553,1,caught,1,decode
9870,bit_flip,4004928,1,caught,1,decode
9871,random_bytes,4083556,4,caught,1,decode
9872,zeroed_run,2368420,3266,caught,1,decode
9873,truncation,62795,5380750,caught,1,decode
9874,header,1,1,caught,1,decode
9875,payload,4676942,1,caught,1,decode
9876,bit_flip,38371,1,caught,1,decode
9877,random_bytes,1158325,13,caught,1,decode
9878,zeroed_run,3038366,992,caught,1,decode
9879,truncation,5411836,31709,caught,1,decode
9880,header,792,1,caught,1,decode
9881,payload,2838217,1,caught,1,decode
9882,bit_flip,2386430,1,caught,1,decode
9883,random_bytes,743979,13,caught,1,decode
9884,zeroed_run,1977911,3475,caught,1,decode
9885,truncation,2091167,3352378,caught,1,decode
9886,header,821,1,caught,1,decode
9887,payload,4312361,1,caught,1,decode
9888,bit_flip,2492382,1,caught,1,decode
9889,random_bytes,4796885,10,caught,1,decode
9890,zeroed_run,3117347,96,caught,1,decode
9891,truncation,115526,5328019,caught,1,decode
9892,header,600,1,caught,1,decode
9893,payload,3061402,1,caught,1,decode
9894,bit_flip,2352691,1,caught,1,decode
9895,random_bytes,2611162,10,caught,1,decode
9896,zeroed_run,4275456,611,caught,1,decode
9897,truncation,1500247,3943298,caught,1,decode
9898,header,95,1,caught,1,decode
9899,payload,4568770,1,caught,1,decode
9900,bit_flip,440195,1,caught,1,decode
9901,random_bytes,2921391,6,caught,1,decode
9902,zeroed_run,2445646,2691,caught,1,decode
9903,truncation,3795282,1648263,caught,1,decode
9904,header,664,1,caught,1,decode
9905,payload,2770384,1,caught,1,decode
9906,bit_flip,4064366,1,caught,1,decode
9907,random_bytes,8450,5,caught,1,decode
9908,zeroed_run,3744871,3825,caught,1,decode
9909,truncation,3960137,1483408,caught,1,decode
9910,header,724,1,caught,1,decode
9911,payload,259693,1,caught,1,decode
9912,bit_flip,5331950,1,caught,1,decode
9913,random_bytes,4940743,1,caught,1,decode
9914,zeroed_run,3058141,1263,caught,1,decode
9915,truncation,1328293,4115252,caught,1,decode
9916,header,101,1,caught,1,decode
9917,payload,2734757,1,caught,1,decode
9918,bit_flip,1444830,1,caught,1,decode
9919,random_bytes,5015591,6,caught,1,decode
9920,zeroed_run,1845870,2371,caught,1,decode
9921,truncation,2057343,3386202,caught,1,decode
9922,header,436,1,caught,1,decode
9923,payload,2491453,1,caught,1,decode
9924,bit_flip,1690655,1,caught,1,decode
9925,random_bytes,3072823,1,caught,1,decode
9926,zeroed_run,5008527,3833,caught,1,decode
9927,truncation,3755839,1687706,caught,1,decode
9928,header,360,1,caught,1,decode
9929,payload,4767753,1,caught,1,decode
9930,bit_flip,2043689,1,caught,1,decode
9931,random_bytes,5152464,13,caught,1,decode
9932,zeroed_run,3168664,527,caught,1,decode
9933,truncation,3106967,2336578,caught,1,decode
9934,header,933,1,caught,1,decode
9935,payload,4625281,1,caught,1,decode
9936,bit_flip,870343,1,caught,1,decode
9937,random_bytes,1481976,15,caught,1,decode
9938,zeroed_run,5323578,390,caught,1,decode
9939,truncation,4399552,1043993,caught,1,decode
9940,header,864,1,caught,1,decode
9941,payload,2513722,1,caught,1,decode
9942,bit_flip,417046,1,caught,1,decode
9943,random_bytes,3471596,2,caught,1,decode
9944,zeroed_run,1209008,1866,caught,1,decode
9945,truncation,1823126,3620419,caught,1,decode
9946,header,690,1,caught,1,decode
9947,payload,4035823,1,caught,1,decode
9948,bit_flip,48749,1,caught,1,decode
9949,random_bytes,2082279,10,caught,1,decode
9950,zeroed_run,3284943,3531,caught,1,decode
9951,truncation,202656,5240889,caught,1,decode
9952,header,1009,1,caught,1,decode
9953,payload,1705948,1,caught,1,decode
9954,bit_flip,5102798,1,caught,1,decode
9955,random_bytes,356853,6,caught,1,decode
9956,zeroed_run,2584846,3329,caught,1,decode
9957,truncation,1477515,3966030,caught,1,decode
9958,header,756,1,caught,1,decode
9959,payload,2165510,1,caught,1,decode
9960,bit_flip,678358,1,caught,1,decode
9961,random_bytes,4891150,8,caught,1,decode
9962,zeroed_run,3496436,1391,caught,1,decode
9963,truncation,193075,5250470,caught,1,decode
9964,header,328,1,caught,1,decode
9965,payload,1105102,1,caught,1,decode
9966,bit_flip,1990059,1,caught,1,decode
9967,random_bytes,1367426,6,caught,1,decode
9968,zeroed_run,1218414,3545,caught,1,decode
9969,truncation,3368327,2075218,caught,1,decode
9970,header,314,1,caught,1,decode
9971,payload,1195851,1,caught,1,decode
9972,bit_flip,4883848,1,caught,1,decode
9973,random_bytes,2480449,5,caught,1,decode
9974,zeroed_run,612454,1317,caught,1,decode
9975,truncation,4325575,1117970,caught,1,decode
9976,header,643,1,caught,1,decode
9977,payload,1872956,1,caught,1,decode
9978,bit_flip,3960408,1,caught,1,decode
9979,random_bytes,5131987,9,caught,1,decode
9980,zeroed_run,4533220,3831,caught,1,decode
9981,truncation,5361659,81886,caught,1,decode
9982,header,176,1,caught,1,decode
9983,payload,1379799,1,caught,1,decode
9984,bit_flip,4550185,1,caught,1,decode
9985,random_bytes,4422797,1,caught,1,decode
9986,zeroed_run,286962,768,caught,1,decode
9987,truncation,2304584,3138961,caught,1,decode
9988,header,245,1,caught,1,decode
9989,payload,2376013,1,caught,1,decode
9990,bit_flip,703155,1,caught,1,decode
9991,random_bytes,3553229,11,caught,1,decode
9992,zeroed_run,633808,3628,caught,1,decode
9993,truncation,2603224,2840321,caught,1,decode
9994,header,486,1,caught,1,decode
9995,payload,4138820,1,caught,1,decode
9996,bit_flip,2896442,1,caught,1,decode
9997,random_bytes,3543275,8,caught,1,decode
9998,zeroed_run,1961763,1604,caught,1,decode
9999,truncation,980333,4463212,caught,1,decode
