case,kind,offset,length,outcome,returncode,phase
0,bit_flip,3112770,1,SILENT,0,decode
1,random_bytes,6773265,11,SILENT,0,decode
2,zeroed_run,5120235,2888,SILENT,0,decode
3,truncation,1378822,8210356,caught,68,decode
4,header,489,1,SILENT,0,decode
5,payload,6439769,1,SILENT,0,decode
6,bit_flip,3766540,1,SILENT,0,decode
7,random_bytes,4304195,16,caught,66,decode
8,zeroed_run,1917746,3387,SILENT,0,decode
9,truncation,2555092,7034086,caught,68,decode
10,header,651,1,SILENT,0,decode
11,payload,7462964,1,SILENT,0,decode
12,bit_flip,4631321,1,SILENT,0,decode
13,random_bytes,36271,2,SILENT,0,decode
14,zeroed_run,7195389,374,caught,66,decode
15,truncation,6696235,2892943,caught,68,decode
16,header,523,1,SILENT,0,decode
17,payload,4904800,1,SILENT,0,decode
18,bit_flip,4060187,1,SILENT,0,decode
19,random_bytes,1397186,4,SILENT,0,decode
20,zeroed_run,779893,151,SILENT,0,decode
21,truncation,7943185,1645993,caught,68,decode
22,header,179,1,SILENT,0,decode
23,payload,1686309,1,SILENT,0,decode
24,bit_flip,8294142,1,SILENT,0,decode
25,random_bytes,2717137,15,caught,66,decode
26,zeroed_run,640958,1656,SILENT,0,decode
27,truncation,2071452,7517726,caught,68,decode
28,header,440,1,caught,66,decode
29,payload,9077839,1,SILENT,0,decode
30,bit_flip,5785883,1,SILENT,0,decode
31,random_bytes,2478602,12,caught,66,decode
32,zeroed_run,37403,1080,SILENT,0,decode
33,truncation,1689350,7899828,caught,68,decode
34,header,818,1,caught,66,decode
35,payload,3578667,1,SILENT,0,decode
36,bit_flip,6848893,1,SILENT,0,decode
37,random_bytes,7869391,9,caught,66,decode
38,zeroed_run,7611506,1998,SILENT,0,decode
39,truncation,4518296,5070882,caught,68,decode
40,header,829,1,caught,66,decode
41,payload,3737258,1,SILENT,0,decode
42,bit_flip,4025722,1,SILENT,0,decode
43,random_bytes,7115510,14,caught,66,decode
44,zeroed_run,2811503,1736,SILENT,0,decode
45,truncation,2769363,6819815,caught,68,decode
46,header,725,1,SILENT,0,decode
47,payload,4123437,1,SILENT,0,decode
48,bit_flip,1795486,1,SILENT,0,decode
49,random_bytes,2970673,14,SILENT,0,decode
50,zeroed_run,8851798,2107,SILENT,0,decode
51,truncation,1448761,8140417,caught,68,decode
52,header,142,1,SILENT,0,decode
53,payload,4942135,1,SILENT,0,decode
54,bit_flip,664172,1,SILENT,0,decode
55,random_bytes,3279289,13,SILENT,0,decode
56,zeroed_run,5072791,1811,SILENT,0,decode
57,truncation,8906199,682979,caught,68,decode
58,header,848,1,SILENT,0,decode
59,payload,2439713,1,SILENT,0,decode
60,bit_flip,3905385,1,SILENT,0,decode
61,random_bytes,682815,7,caught,66,decode
62,zeroed_run,4138950,3703,SILENT,0,decode
63,truncation,2364151,7225027,caught,68,decode
64,header,289,1,SILENT,0,decode
65,payload,9033566,1,SILENT,0,decode
66,bit_flip,1925363,1,SILENT,0,decode
67,random_bytes,4995809,14,caught,66,decode
68,zeroed_run,9532982,1603,SILENT,0,decode
69,truncation,6723437,2865741,caught,68,decode
70,header,659,1,SILENT,0,decode
71,payload,3985299,1,SILENT,0,decode
72,bit_flip,2262457,1,SILENT,0,decode
73,random_bytes,5509606,2,SILENT,0,decode
74,zeroed_run,3599718,917,SILENT,0,decode
75,truncation,533023,9056155,caught,68,decode
76,header,146,1,caught,66,decode
77,payload,1870986,1,caught,66,decode
78,bit_flip,7753161,1,SILENT,0,decode
79,random_bytes,4501183,15,caught,66,decode
80,zeroed_run,6047913,4044,SILENT,0,decode
81,truncation,2648868,6940310,caught,68,decode
82,header,837,1,caught,66,decode
83,payload,3155379,1,SILENT,0,decode
84,bit_flip,1906871,1,SILENT,0,decode
85,random_bytes,225409,5,caught,66,decode
86,zeroed_run,7685014,2695,SILENT,0,decode
87,truncation,7406734,2182444,caught,68,decode
88,header,807,1,SILENT,0,decode
89,payload,1282043,1,SILENT,0,decode
90,bit_flip,8375121,1,SILENT,0,decode
91,random_bytes,5271750,3,SILENT,0,decode
92,zeroed_run,1611969,3589,SILENT,0,decode
93,truncation,7622319,1966859,caught,68,decode
94,header,69,1,SILENT,0,decode
95,payload,5717915,1,SILENT,0,decode
96,bit_flip,7274128,1,SILENT,0,decode
97,random_bytes,6427975,4,SILENT,0,decode
98,zeroed_run,8997887,797,SILENT,0,decode
99,truncation,6186602,3402576,caught,68,decode
100,header,853,1,SILENT,0,decode
101,payload,2303777,1,SILENT,0,decode
102,bit_flip,258685,1,caught,66,decode
103,random_bytes,1195793,3,SILENT,0,decode
104,zeroed_run,685833,1076,SILENT,0,decode
105,truncation,8784218,804960,caught,68,decode
106,header,597,1,caught,66,decode
107,payload,6788730,1,SILENT,0,decode
108,bit_flip,9385087,1,SILENT,0,decode
109,random_bytes,609006,14,SILENT,0,decode
110,zeroed_run,7373400,2783,SILENT,0,decode
111,truncation,2085433,7503745,caught,68,decode
112,header,655,1,SILENT,0,decode
113,payload,8007073,1,caught,66,decode
114,bit_flip,528259,1,SILENT,0,decode
115,random_bytes,4860247,3,SILENT,0,decode
116,zeroed_run,363267,1433,SILENT,0,decode
117,truncation,9121800,467378,caught,68,decode
118,header,622,1,SILENT,0,decode
119,payload,5573643,1,SILENT,0,decode
120,bit_flip,8031827,1,SILENT,0,decode
121,random_bytes,2857363,15,caught,66,decode
122,zeroed_run,6920436,2343,SILENT,0,decode
123,truncation,1751258,7837920,caught,68,decode
124,header,827,1,SILENT,0,decode
125,payload,948417,1,caught,66,decode
126,bit_flip,8565900,1,SILENT,0,decode
127,random_bytes,3798500,14,caught,66,decode
128,zeroed_run,4753388,3887,SILENT,0,decode
129,truncation,9119603,469575,caught,68,decode
130,header,658,1,caught,66,decode
131,payload,1597756,1,SILENT,0,decode
132,bit_flip,3883010,1,SILENT,0,decode
133,random_bytes,3047099,3,caught,66,decode
134,zeroed_run,5509604,2203,SILENT,0,decode
135,truncation,7708936,1880242,caught,68,decode
136,header,790,1,SILENT,0,decode
137,payload,2191504,1,SILENT,0,decode
138,bit_flip,879336,1,SILENT,0,decode
139,random_bytes,5832495,2,SILENT,0,decode
140,zeroed_run,5201239,3371,SILENT,0,decode
141,truncation,9392778,196400,caught,68,decode
142,header,501,1,SILENT,0,decode
143,payload,4648822,1,SILENT,0,decode
144,bit_flip,5472917,1,SILENT,0,decode
145,random_bytes,4444251,12,SILENT,0,decode
146,zeroed_run,2046713,3468,SILENT,0,decode
147,truncation,31399,9557779,caught,68,decode
148,header,901,1,SILENT,0,decode
149,payload,3015305,1,SILENT,0,decode
150,bit_flip,3186829,1,SILENT,0,decode
151,random_bytes,1332838,11,SILENT,0,decode
152,zeroed_run,1913785,259,SILENT,0,decode
153,truncation,4314591,5274587,caught,68,decode
154,header,845,1,SILENT,0,decode
155,payload,1040000,1,SILENT,0,decode
156,bit_flip,2465084,1,SILENT,0,decode
157,random_bytes,1324553,11,SILENT,0,decode
158,zeroed_run,1103478,2961,SILENT,0,decode
159,truncation,6401423,3187755,caught,68,decode
160,header,305,1,caught,66,decode
161,payload,7445012,1,SILENT,0,decode
162,bit_flip,8029185,1,SILENT,0,decode
163,random_bytes,7091990,7,caught,66,decode
164,zeroed_run,6371563,3017,SILENT,0,decode
165,truncation,8617609,971569,caught,68,decode
166,header,997,1,caught,66,decode
167,payload,8741222,1,SILENT,0,decode
168,bit_flip,7270077,1,caught,66,decode
169,random_bytes,5858391,16,caught,66,decode
170,zeroed_run,2506982,2038,SILENT,0,decode
171,truncation,4461470,5127708,caught,68,decode
172,header,974,1,SILENT,0,decode
173,payload,8065443,1,SILENT,0,decode
174,bit_flip,3000815,1,SILENT,0,decode
175,random_bytes,1728615,13,caught,66,decode
176,zeroed_run,2424504,65,SILENT,0,decode
177,truncation,9086505,502673,caught,68,decode
178,header,121,1,SILENT,0,decode
179,payload,4963144,1,SILENT,0,decode
180,bit_flip,5469736,1,caught,66,decode
181,random_bytes,1918886,6,caught,66,decode
182,zeroed_run,3212516,1445,SILENT,0,decode
183,truncation,5027554,4561624,caught,68,decode
184,header,336,1,SILENT,0,decode
185,payload,3255340,1,SILENT,0,decode
186,bit_flip,7827994,1,caught,66,decode
187,random_bytes,4582519,1,SILENT,0,decode
188,zeroed_run,1465896,1317,SILENT,0,decode
189,truncation,3259046,6330132,caught,68,decode
190,header,440,1,caught,66,decode
191,payload,9066612,1,SILENT,0,decode
192,bit_flip,9439728,1,SILENT,0,decode
193,random_bytes,5707347,8,caught,66,decode
194,zeroed_run,7766135,3426,SILENT,0,decode
195,truncation,7188330,2400848,caught,68,decode
196,header,61,1,SILENT,0,decode
197,payload,7844180,1,SILENT,0,decode
198,bit_flip,9165537,1,SILENT,0,decode
199,random_bytes,7177950,13,SILENT,0,decode
200,zeroed_run,5701870,1914,SILENT,0,decode
201,truncation,2057688,7531490,caught,68,decode
202,header,205,1,SILENT,0,decode
203,payload,1572505,1,SILENT,0,decode
204,bit_flip,2464919,1,SILENT,0,decode
205,random_bytes,4879705,3,SILENT,0,decode
206,zeroed_run,477855,797,SILENT,0,decode
207,truncation,7762792,1826386,caught,68,decode
208,header,121,1,SILENT,0,decode
209,payload,2654144,1,SILENT,0,decode
210,bit_flip,4299125,1,SILENT,0,decode
211,random_bytes,3463494,11,SILENT,0,decode
212,zeroed_run,8688807,3284,SILENT,0,decode
213,truncation,5952938,3636240,caught,68,decode
214,header,38,1,SILENT,0,decode
215,payload,4549596,1,SILENT,0,decode
216,bit_flip,7466231,1,caught,66,decode
217,random_bytes,7908947,16,SILENT,0,decode
218,zeroed_run,8630151,1064,SILENT,0,decode
219,truncation,7767068,1822110,caught,68,decode
220,header,436,1,SILENT,0,decode
221,payload,4679158,1,caught,66,decode
222,bit_flip,8103507,1,SILENT,0,decode
223,random_bytes,8289680,10,caught,66,decode
224,zeroed_run,4501239,2283,SILENT,0,decode
225,truncation,3263123,6326055,caught,68,decode
226,header,907,1,SILENT,0,decode
227,payload,2032870,1,SILENT,0,decode
228,bit_flip,8734379,1,SILENT,0,decode
229,random_bytes,4761578,10,SILENT,0,decode
230,zeroed_run,2764965,3983,SILENT,0,decode
231,truncation,1749848,7839330,caught,68,decode
232,header,327,1,caught,66,decode
233,payload,307609,1,SILENT,0,decode
234,bit_flip,4084673,1,SILENT,0,decode
235,random_bytes,5317522,16,caught,66,decode
236,zeroed_run,3072108,509,SILENT,0,decode
237,truncation,8537483,1051695,caught,68,decode
238,header,434,1,SILENT,0,decode
239,payload,6111144,1,SILENT,0,decode
240,bit_flip,6553400,1,SILENT,0,decode
241,random_bytes,585645,12,SILENT,0,decode
242,zeroed_run,4978492,3521,SILENT,0,decode
243,truncation,4329202,5259976,caught,68,decode
244,header,10,1,caught,66,decode
245,payload,3654992,1,SILENT,0,decode
246,bit_flip,7384369,1,SILENT,0,decode
247,random_bytes,8212306,12,caught,66,decode
248,zeroed_run,4904007,3179,SILENT,0,decode
249,truncation,570619,9018559,caught,68,decode
250,header,886,1,SILENT,0,decode
251,payload,5692953,1,caught,66,decode
252,bit_flip,3002826,1,SILENT,0,decode
253,random_bytes,9210242,12,caught,66,decode
254,zeroed_run,6916522,663,SILENT,0,decode
255,truncation,9438795,150383,caught,68,decode
256,header,921,1,caught,66,decode
257,payload,6863916,1,SILENT,0,decode
258,bit_flip,6221462,1,caught,66,decode
259,random_bytes,1037492,2,SILENT,0,decode
260,zeroed_run,9520249,2966,SILENT,0,decode
261,truncation,3914248,5674930,caught,68,decode
262,header,101,1,SILENT,0,decode
263,payload,9246678,1,SILENT,0,decode
264,bit_flip,1450809,1,SILENT,0,decode
265,random_bytes,3831024,9,SILENT,0,decode
266,zeroed_run,5881461,1342,SILENT,0,decode
267,truncation,136665,9452513,caught,68,decode
268,header,611,1,caught,66,decode
269,payload,3953409,1,SILENT,0,decode
270,bit_flip,9036494,1,SILENT,0,decode
271,random_bytes,1630810,9,SILENT,0,decode
272,zeroed_run,4844822,286,SILENT,0,decode
273,truncation,8961806,627372,caught,68,decode
274,header,551,1,SILENT,0,decode
275,payload,4683432,1,caught,66,decode
276,bit_flip,7373252,1,SILENT,0,decode
277,random_bytes,2105359,11,SILENT,0,decode
278,zeroed_run,4957260,4078,SILENT,0,decode
279,truncation,3112123,6477055,caught,68,decode
280,header,861,1,SILENT,0,decode
281,payload,978312,1,SILENT,0,decode
282,bit_flip,1526669,1,SILENT,0,decode
283,random_bytes,5587594,11,caught,66,decode
284,zeroed_run,2551337,3850,SILENT,0,decode
285,truncation,4366588,5222590,caught,68,decode
286,header,105,1,SILENT,0,decode
287,payload,5131194,1,SILENT,0,decode
288,bit_flip,1052483,1,SILENT,0,decode
289,random_bytes,2264425,16,SILENT,0,decode
290,zeroed_run,373946,91,SILENT,0,decode
291,truncation,3593634,5995544,caught,68,decode
292,header,412,1,SILENT,0,decode
293,payload,1404524,1,caught,66,decode
294,bit_flip,687795,1,caught,66,decode
295,random_bytes,4785642,8,caught,66,decode
296,zeroed_run,6005809,4033,SILENT,0,decode
297,truncation,1888772,7700406,caught,68,decode
298,header,69,1,SILENT,0,decode
299,payload,4445320,1,caught,66,decode
300,bit_flip,233448,1,caught,66,decode
301,random_bytes,2897106,1,SILENT,0,decode
302,zeroed_run,4309080,1420,SILENT,0,decode
303,truncation,1689666,7899512,caught,68,decode
304,header,784,1,SILENT,0,decode
305,payload,6867799,1,SILENT,0,decode
306,bit_flip,2034006,1,SILENT,0,decode
307,random_bytes,4628154,2,caught,66,decode
308,zeroed_run,6667608,2954,SILENT,0,decode
309,truncation,6862341,2726837,caught,68,decode
310,header,347,1,caught,66,decode
311,payload,2069518,1,SILENT,0,decode
312,bit_flip,6184033,1,SILENT,0,decode
313,random_bytes,1081120,16,caught,66,decode
314,zeroed_run,3740379,2199,SILENT,0,decode
315,truncation,9099709,489469,caught,68,decode
316,header,678,1,caught,66,decode
317,payload,9270168,1,SILENT,0,decode
318,bit_flip,8372304,1,SILENT,0,decode
319,random_bytes,9111737,11,caught,66,decode
320,zeroed_run,5819343,3887,SILENT,0,decode
321,truncation,7367732,2221446,caught,68,decode
322,header,721,1,SILENT,0,decode
323,payload,3163580,1,SILENT,0,decode
324,bit_flip,4604899,1,SILENT,0,decode
325,random_bytes,7408651,12,caught,66,decode
326,zeroed_run,4156382,3344,SILENT,0,decode
327,truncation,5340652,4248526,caught,68,decode
328,header,152,1,SILENT,0,decode
329,payload,5451485,1,SILENT,0,decode
330,bit_flip,9036986,1,SILENT,0,decode
331,random_bytes,6450895,2,caught,66,decode
332,zeroed_run,6317220,2588,SILENT,0,decode
333,truncation,8103099,1486079,caught,68,decode
334,header,551,1,SILENT,0,decode
335,payload,6650451,1,SILENT,0,decode
336,bit_flip,6321253,1,SILENT,0,decode
337,random_bytes,3774064,12,caught,66,decode
338,zeroed_run,6977472,463,SILENT,0,decode
339,truncation,1201358,8387820,caught,68,decode
340,header,604,1,SILENT,0,decode
341,payload,5464030,1,SILENT,0,decode
342,bit_flip,6150373,1,SILENT,0,decode
343,random_bytes,1673935,15,caught,66,decode
344,zeroed_run,7165765,1006,SILENT,0,decode
345,truncation,4706924,4882254,caught,68,decode
346,header,151,1,SILENT,0,decode
347,payload,5340533,1,SILENT,0,decode
348,bit_flip,308852,1,caught,66,decode
349,random_bytes,8642008,5,caught,66,decode
350,zeroed_run,7816715,3006,SILENT,0,decode
351,truncation,5899476,3689702,caught,68,decode
352,header,692,1,SILENT,0,decode
353,payload,7034952,1,SILENT,0,decode
354,bit_flip,1865237,1,SILENT,0,decode
355,random_bytes,8200853,3,SILENT,0,decode
356,zeroed_run,7388313,3155,SILENT,0,decode
357,truncation,5259510,4329668,caught,68,decode
358,header,85,1,caught,66,decode
359,payload,5490688,1,SILENT,0,decode
360,bit_flip,2837452,1,SILENT,0,decode
361,random_bytes,1740310,2,SILENT,0,decode
362,zeroed_run,1906480,47,SILENT,0,decode
363,truncation,954618,8634560,caught,68,decode
364,header,776,1,SILENT,0,decode
365,payload,3560704,1,SILENT,0,decode
366,bit_flip,2934071,1,caught,66,decode
367,random_bytes,4116148,6,caught,66,decode
368,zeroed_run,5052249,3297,SILENT,0,decode
369,truncation,2795663,6793515,caught,68,decode
370,header,55,1,SILENT,0,decode
371,payload,6048452,1,SILENT,0,decode
372,bit_flip,726712,1,SILENT,0,decode
373,random_bytes,3808701,10,SILENT,0,decode
374,zeroed_run,364750,3698,SILENT,0,decode
375,truncation,2857365,6731813,caught,68,decode
376,header,233,1,SILENT,0,decode
377,payload,7262446,1,SILENT,0,decode
378,bit_flip,1549431,1,SILENT,0,decode
379,random_bytes,5122396,13,SILENT,0,decode
380,zeroed_run,6995379,1792,SILENT,0,decode
381,truncation,708763,8880415,caught,68,decode
382,header,602,1,caught,66,decode
383,payload,4580881,1,SILENT,0,decode
384,bit_flip,287276,1,SILENT,0,decode
385,random_bytes,9291840,2,SILENT,0,decode
386,zeroed_run,4966511,917,SILENT,0,decode
387,truncation,4141619,5447559,caught,68,decode
388,header,731,1,SILENT,0,decode
389,payload,3751939,1,SILENT,0,decode
390,bit_flip,4374777,1,SILENT,0,decode
391,random_bytes,6994186,9,caught,66,decode
392,zeroed_run,1117222,2052,SILENT,0,decode
393,truncation,4841691,4747487,caught,68,decode
394,header,1019,1,SILENT,0,decode
395,payload,3369930,1,SILENT,0,decode
396,bit_flip,2546463,1,caught,66,decode
397,random_bytes,8307971,15,caught,66,decode
398,zeroed_run,631754,2693,SILENT,0,decode
399,truncation,4217608,5371570,caught,68,decode
400,header,482,1,SILENT,0,decode
401,payload,5121744,1,caught,66,decode
402,bit_flip,5901955,1,SILENT,0,decode
403,random_bytes,4030996,13,caught,66,decode
404,zeroed_run,5352169,154,SILENT,0,decode
405,truncation,5489686,4099492,caught,68,decode
406,header,488,1,caught,66,decode
407,payload,7227548,1,SILENT,0,decode
408,bit_flip,6572853,1,SILENT,0,decode
409,random_bytes,2154174,9,caught,66,decode
410,zeroed_run,5152024,2836,SILENT,0,decode
411,truncation,1972357,7616821,caught,68,decode
412,header,113,1,caught,66,decode
413,payload,8236413,1,SILENT,0,decode
414,bit_flip,8825751,1,SILENT,0,decode
415,random_bytes,6809388,6,SILENT,0,decode
416,zeroed_run,2839992,1680,SILENT,0,decode
417,truncation,1027740,8561438,caught,68,decode
418,header,994,1,SILENT,0,decode
419,payload,1981057,1,SILENT,0,decode
420,bit_flip,5710634,1,SILENT,0,decode
421,random_bytes,8380358,7,caught,66,decode
422,zeroed_run,3052641,3630,SILENT,0,decode
423,truncation,7865145,1724033,caught,68,decode
424,header,905,1,caught,66,decode
425,payload,6347891,1,SILENT,0,decode
426,bit_flip,2666037,1,caught,66,decode
427,random_bytes,8527831,10,caught,66,decode
428,zeroed_run,4274859,442,SILENT,0,decode
429,truncation,6171149,3418029,caught,68,decode
430,header,315,1,SILENT,0,decode
431,payload,2270473,1,caught,66,decode
432,bit_flip,2080210,1,SILENT,0,decode
433,random_bytes,4260530,5,caught,66,decode
434,zeroed_run,2388432,1030,SILENT,0,decode
435,truncation,9052779,536399,caught,68,decode
436,header,539,1,caught,66,decode
437,payload,1678410,1,caught,66,decode
438,bit_flip,7361660,1,SILENT,0,decode
439,random_bytes,9139308,2,caught,66,decode
440,zeroed_run,910153,2776,SILENT,0,decode
441,truncation,8570083,1019095,caught,68,decode
442,header,868,1,SILENT,0,decode
443,payload,4537897,1,SILENT,0,decode
444,bit_flip,3153115,1,SILENT,0,decode
445,random_bytes,2709008,6,caught,66,decode
446,zeroed_run,2492027,3792,SILENT,0,decode
447,truncation,416565,9172613,caught,68,decode
448,header,884,1,caught,66,decode
449,payload,6077496,1,SILENT,0,decode
450,bit_flip,5317461,1,caught,66,decode
451,random_bytes,2735444,1,SILENT,0,decode
452,zeroed_run,8546836,1174,SILENT,0,decode
453,truncation,5928644,3660534,caught,68,decode
454,header,611,1,caught,66,decode
455,payload,2644403,1,SILENT,0,decode
456,bit_flip,8879481,1,caught,66,decode
457,random_bytes,5528509,3,caught,66,decode
458,zeroed_run,4864571,2781,SILENT,0,decode
459,truncation,2866176,6723002,caught,68,decode
460,header,447,1,SILENT,0,decode
461,payload,5564990,1,SILENT,0,decode
462,bit_flip,7639675,1,SILENT,0,decode
463,random_bytes,5659987,2,SILENT,0,decode
464,zeroed_run,8419729,2385,SILENT,0,decode
465,truncation,1467664,8121514,caught,68,decode
466,header,350,1,SILENT,0,decode
467,payload,395081,1,SILENT,0,decode
468,bit_flip,4061959,1,SILENT,0,decode
469,random_bytes,7977787,12,caught,66,decode
470,zeroed_run,4430260,2249,SILENT,0,decode
471,truncation,2217951,7371227,caught,68,decode
472,header,974,1,SILENT,0,decode
473,payload,4957984,1,SILENT,0,decode
474,bit_flip,5029204,1,SILENT,0,decode
475,random_bytes,5620786,3,SILENT,0,decode
476,zeroed_run,2947852,72,SILENT,0,decode
477,truncation,832861,8756317,caught,68,decode
478,header,674,1,caught,66,decode
479,payload,6750594,1,SILENT,0,decode
480,bit_flip,1014732,1,SILENT,0,decode
481,random_bytes,9293704,1,SILENT,0,decode
482,zeroed_run,3356992,2464,SILENT,0,decode
483,truncation,7775516,1813662,caught,68,decode
484,header,201,1,caught,66,decode
485,payload,4861467,1,caught,66,decode
486,bit_flip,2345616,1,SILENT,0,decode
487,random_bytes,4952247,16,SILENT,0,decode
488,zeroed_run,79571,2527,SILENT,0,decode
489,truncation,5132799,4456379,caught,68,decode
490,header,463,1,caught,66,decode
491,payload,8167774,1,SILENT,0,decode
492,bit_flip,7519413,1,SILENT,0,decode
493,random_bytes,2136672,4,caught,66,decode
494,zeroed_run,2089770,916,SILENT,0,decode
495,truncation,2887652,6701526,caught,68,decode
496,header,288,1,SILENT,0,decode
497,payload,147389,1,caught,66,decode
498,bit_flip,2469810,1,caught,66,decode
499,random_bytes,5754922,9,caught,66,decode
500,zeroed_run,1968089,1942,SILENT,0,decode
501,truncation,7780460,1808718,caught,68,decode
502,header,741,1,caught,66,decode
503,payload,3757580,1,SILENT,0,decode
504,bit_flip,2346988,1,SILENT,0,decode
505,random_bytes,1234771,11,SILENT,0,decode
506,zeroed_run,4768032,2900,SILENT,0,decode
507,truncation,1407659,8181519,caught,68,decode
508,header,883,1,SILENT,0,decode
509,payload,6996837,1,SILENT,0,decode
510,bit_flip,9386548,1,SILENT,0,decode
511,random_bytes,3969759,13,caught,66,decode
512,zeroed_run,9133171,4039,SILENT,0,decode
513,truncation,2973298,6615880,caught,68,decode
514,header,134,1,SILENT,0,decode
515,payload,3207221,1,SILENT,0,decode
516,bit_flip,4012616,1,SILENT,0,decode
517,random_bytes,6353891,14,SILENT,0,decode
518,zeroed_run,5257270,2620,SILENT,0,decode
519,truncation,4842423,4746755,caught,68,decode
520,header,264,1,SILENT,0,decode
521,payload,1526157,1,caught,66,decode
522,bit_flip,7073121,1,SILENT,0,decode
523,random_bytes,3273866,13,caught,66,decode
524,zeroed_run,7889100,1816,SILENT,0,decode
525,truncation,5155034,4434144,caught,68,decode
526,header,222,1,SILENT,0,decode
527,payload,7619011,1,SILENT,0,decode
528,bit_flip,8859580,1,SILENT,0,decode
529,random_bytes,9191317,15,SILENT,0,decode
530,zeroed_run,9445147,2947,SILENT,0,decode
531,truncation,24245,9564933,caught,68,decode
532,header,172,1,SILENT,0,decode
533,payload,512692,1,SILENT,0,decode
534,bit_flip,7761782,1,SILENT,0,decode
535,random_bytes,7241593,7,caught,66,decode
536,zeroed_run,8107617,272,SILENT,0,decode
537,truncation,2153116,7436062,caught,68,decode
538,header,654,1,SILENT,0,decode
539,payload,4057438,1,SILENT,0,decode
540,bit_flip,3604646,1,caught,66,decode
541,random_bytes,1979458,1,SILENT,0,decode
542,zeroed_run,5570562,1043,SILENT,0,decode
543,truncation,1976016,7613162,caught,68,decode
544,header,765,1,SILENT,0,decode
545,payload,1021382,1,SILENT,0,decode
546,bit_flip,2892499,1,SILENT,0,decode
547,random_bytes,8698243,2,SILENT,0,decode
548,zeroed_run,1769805,178,SILENT,0,decode
549,truncation,6819610,2769568,caught,68,decode
550,header,383,1,SILENT,0,decode
551,payload,7594119,1,SILENT,0,decode
552,bit_flip,6613924,1,SILENT,0,decode
553,random_bytes,8220839,3,caught,66,decode
554,zeroed_run,8062758,3772,SILENT,0,decode
555,truncation,1299810,8289368,caught,68,decode
556,header,36,1,caught,66,decode
557,payload,8161686,1,SILENT,0,decode
558,bit_flip,1258869,1,SILENT,0,decode
559,random_bytes,6689855,13,caught,66,decode
560,zeroed_run,2357920,1340,SILENT,0,decode
561,truncation,1146406,8442772,caught,68,decode
562,header,209,1,SILENT,0,decode
563,payload,2758729,1,SILENT,0,decode
564,bit_flip,6137566,1,SILENT,0,decode
565,random_bytes,8254096,2,SILENT,0,decode
566,zeroed_run,2313915,3031,SILENT,0,decode
567,truncation,5834853,3754325,caught,68,decode
568,header,330,1,SILENT,0,decode
569,payload,6174896,1,SILENT,0,decode
570,bit_flip,3152437,1,SILENT,0,decode
571,random_bytes,5705635,2,caught,66,decode
572,zeroed_run,1329721,2046,SILENT,0,decode
573,truncation,4577955,5011223,caught,68,decode
574,header,490,1,SILENT,0,decode
575,payload,6547037,1,SILENT,0,decode
576,bit_flip,3180052,1,caught,66,decode
577,random_bytes,2650943,1,SILENT,0,decode
578,zeroed_run,5703794,3982,SILENT,0,decode
579,truncation,3473399,6115779,caught,68,decode
580,header,835,1,SILENT,0,decode
581,payload,1653019,1,SILENT,0,decode
582,bit_flip,1749769,1,SILENT,0,decode
583,random_bytes,1113833,3,SILENT,0,decode
584,zeroed_run,1497345,2129,SILENT,0,decode
585,truncation,1540376,8048802,caught,68,decode
586,header,771,1,SILENT,0,decode
587,payload,4303075,1,caught,66,decode
588,bit_flip,8659770,1,SILENT,0,decode
589,random_bytes,4189428,10,SILENT,0,decode
590,zeroed_run,1592929,132,SILENT,0,decode
591,truncation,5921570,3667608,caught,68,decode
592,header,681,1,caught,66,decode
593,payload,1174021,1,SILENT,0,decode
594,bit_flip,7709857,1,SILENT,0,decode
595,random_bytes,2818790,14,SILENT,0,decode
596,zeroed_run,2874514,294,SILENT,0,decode
597,truncation,2974797,6614381,caught,68,decode
598,header,792,1,SILENT,0,decode
599,payload,9010660,1,SILENT,0,decode
600,bit_flip,1106446,1,SILENT,0,decode
601,random_bytes,924998,2,SILENT,0,decode
602,zeroed_run,7387290,3855,SILENT,0,decode
603,truncation,6490337,3098841,caught,68,decode
604,header,670,1,SILENT,0,decode
605,payload,8923131,1,SILENT,0,decode
606,bit_flip,1376934,1,caught,66,decode
607,random_bytes,8362175,4,SILENT,0,decode
608,zeroed_run,7985359,2078,SILENT,0,decode
609,truncation,7526689,2062489,caught,68,decode
610,header,2,1,caught,44,decode
611,payload,2694114,1,SILENT,0,decode
612,bit_flip,287753,1,SILENT,0,decode
613,random_bytes,5993625,10,caught,66,decode
614,zeroed_run,4461848,365,SILENT,0,decode
615,truncation,9488001,101177,caught,68,decode
616,header,413,1,SILENT,0,decode
617,payload,4537219,1,SILENT,0,decode
618,bit_flip,4825881,1,SILENT,0,decode
619,random_bytes,2906067,7,caught,66,decode
620,zeroed_run,7765450,3328,SILENT,0,decode
621,truncation,425655,9163523,caught,68,decode
622,header,854,1,SILENT,0,decode
623,payload,9061572,1,SILENT,0,decode
624,bit_flip,1567183,1,SILENT,0,decode
625,random_bytes,8541959,1,SILENT,0,decode
626,zeroed_run,5616344,2623,SILENT,0,decode
627,truncation,6963646,2625532,caught,68,decode
628,header,70,1,SILENT,0,decode
629,payload,7401073,1,SILENT,0,decode
630,bit_flip,5925147,1,SILENT,0,decode
631,random_bytes,883012,8,SILENT,0,decode
632,zeroed_run,527125,1316,SILENT,0,decode
633,truncation,5354927,4234251,caught,68,decode
634,header,115,1,SILENT,0,decode
635,payload,1728795,1,SILENT,0,decode
636,bit_flip,7291984,1,SILENT,0,decode
637,random_bytes,6097300,1,SILENT,0,decode
638,zeroed_run,1699898,2285,SILENT,0,decode
639,truncation,4756874,4832304,caught,68,decode
640,header,492,1,caught,66,decode
641,payload,7921665,1,SILENT,0,decode
642,bit_flip,1874540,1,SILENT,0,decode
643,random_bytes,3058565,3,caught,66,decode
644,zeroed_run,3513193,1369,SILENT,0,decode
645,truncation,3190629,6398549,caught,68,decode
646,header,758,1,SILENT,0,decode
647,payload,4273127,1,SILENT,0,decode
648,bit_flip,3706571,1,SILENT,0,decode
649,random_bytes,1683286,3,caught,66,decode
650,zeroed_run,4908066,1194,SILENT,0,decode
651,truncation,2051534,7537644,caught,68,decode
652,header,725,1,SILENT,0,decode
653,payload,8878249,1,SILENT,0,decode
654,bit_flip,4644978,1,SILENT,0,decode
655,random_bytes,9556067,1,SILENT,0,decode
656,zeroed_run,453318,632,SILENT,0,decode
657,truncation,5730509,3858669,caught,68,decode
658,header,563,1,SILENT,0,decode
659,payload,4200536,1,SILENT,0,decode
660,bit_flip,5898414,1,caught,66,decode
661,random_bytes,7224900,4,caught,66,decode
662,zeroed_run,5672063,1170,SILENT,0,decode
663,truncation,8021562,1567616,caught,68,decode
664,header,635,1,caught,66,decode
665,payload,7482279,1,caught,66,decode
666,bit_flip,5505091,1,SILENT,0,decode
667,random_bytes,7105243,5,SILENT,0,decode
668,zeroed_run,8358058,3939,SILENT,0,decode
669,truncation,3678624,5910554,caught,68,decode
670,header,96,1,SILENT,0,decode
671,payload,8144303,1,SILENT,0,decode
672,bit_flip,8701949,1,caught,66,decode
673,random_bytes,572783,15,caught,66,decode
674,zeroed_run,896307,2547,SILENT,0,decode
675,truncation,7527468,2061710,caught,68,decode
676,header,806,1,SILENT,0,decode
677,payload,2413408,1,SILENT,0,decode
678,bit_flip,7381020,1,SILENT,0,decode
679,random_bytes,9406970,16,SILENT,0,decode
680,zeroed_run,4291101,3423,SILENT,0,decode
681,truncation,2343087,7246091,caught,68,decode
682,header,267,1,SILENT,0,decode
683,payload,6983505,1,SILENT,0,decode
684,bit_flip,8689883,1,SILENT,0,decode
685,random_bytes,1683955,8,caught,66,decode
686,zeroed_run,512824,2125,SILENT,0,decode
687,truncation,5286678,4302500,caught,68,decode
688,header,496,1,SILENT,0,decode
689,payload,1894816,1,SILENT,0,decode
690,bit_flip,7183622,1,caught,66,decode
691,random_bytes,6581492,15,caught,66,decode
692,zeroed_run,2790057,215,SILENT,0,decode
693,truncation,1571601,8017577,caught,68,decode
694,header,206,1,SILENT,0,decode
695,payload,3331368,1,caught,66,decode
696,bit_flip,53755,1,SILENT,0,decode
697,random_bytes,8180446,15,SILENT,0,decode
698,zeroed_run,822259,4013,SILENT,0,decode
699,truncation,8555270,1033908,caught,68,decode
700,header,367,1,SILENT,0,decode
701,payload,8178855,1,caught,66,decode
702,bit_flip,2086557,1,SILENT,0,decode
703,random_bytes,2937540,10,caught,66,decode
704,zeroed_run,4117478,2303,SILENT,0,decode
705,truncation,1415870,8173308,caught,68,decode
706,header,902,1,SILENT,0,decode
707,payload,3170151,1,SILENT,0,decode
708,bit_flip,4158814,1,SILENT,0,decode
709,random_bytes,7588236,1,SILENT,0,decode
710,zeroed_run,8252619,405,caught,66,decode
711,truncation,7726063,1863115,caught,68,decode
712,header,822,1,SILENT,0,decode
713,payload,5100230,1,SILENT,0,decode
714,bit_flip,5940815,1,SILENT,0,decode
715,random_bytes,6874979,15,caught,66,decode
716,zeroed_run,685739,3524,SILENT,0,decode
717,truncation,5836354,3752824,caught,68,decode
718,header,177,1,SILENT,0,decode
719,payload,7894846,1,SILENT,0,decode
720,bit_flip,9425983,1,SILENT,0,decode
721,random_bytes,9411251,12,caught,66,decode
722,zeroed_run,2539015,367,SILENT,0,decode
723,truncation,6670164,2919014,caught,68,decode
724,header,901,1,SILENT,0,decode
725,payload,3335915,1,SILENT,0,decode
726,bit_flip,2589375,1,SILENT,0,decode
727,random_bytes,1183529,12,caught,66,decode
728,zeroed_run,6887897,1172,SILENT,0,decode
729,truncation,1558982,8030196,caught,68,decode
730,header,862,1,caught,66,decode
731,payload,209587,1,SILENT,0,decode
732,bit_flip,576216,1,SILENT,0,decode
733,random_bytes,724737,2,caught,66,decode
734,zeroed_run,3006701,3724,SILENT,0,decode
735,truncation,166071,9423107,caught,68,decode
736,header,97,1,SILENT,0,decode
737,payload,2829639,1,SILENT,0,decode
738,bit_flip,2526518,1,SILENT,0,decode
739,random_bytes,6063599,8,SILENT,0,decode
740,zeroed_run,2650321,3245,SILENT,0,decode
741,truncation,691667,8897511,caught,68,decode
742,header,192,1,SILENT,0,decode
743,payload,7179474,1,SILENT,0,decode
744,bit_flip,5978794,1,SILENT,0,decode
745,random_bytes,5165832,12,caught,66,decode
746,zeroed_run,9122595,3075,SILENT,0,decode
747,truncation,5664069,3925109,caught,68,decode
748,header,645,1,SILENT,0,decode
749,payload,8557194,1,SILENT,0,decode
750,bit_flip,1667959,1,caught,66,decode
751,random_bytes,7377313,8,caught,66,decode
752,zeroed_run,7211776,2430,SILENT,0,decode
753,truncation,94463,9494715,caught,68,decode
754,header,142,1,SILENT,0,decode
755,payload,849191,1,SILENT,0,decode
756,bit_flip,4239030,1,SILENT,0,decode
757,random_bytes,2991240,4,caught,66,decode
758,zeroed_run,9188211,2183,SILENT,0,decode
759,truncation,2188917,7400261,caught,68,decode
760,header,417,1,caught,66,decode
761,payload,6903535,1,SILENT,0,decode
762,bit_flip,4606045,1,SILENT,0,decode
763,random_bytes,6906435,7,caught,66,decode
764,zeroed_run,2588433,2797,SILENT,0,decode
765,truncation,5345659,4243519,caught,68,decode
766,header,467,1,SILENT,0,decode
767,payload,4904007,1,SILENT,0,decode
768,bit_flip,8646814,1,caught,66,decode
769,random_bytes,8717955,15,caught,66,decode
770,zeroed_run,5415823,2632,SILENT,0,decode
771,truncation,5024437,4564741,caught,68,decode
772,header,143,1,caught,66,decode
773,payload,7616202,1,SILENT,0,decode
774,bit_flip,1191414,1,SILENT,0,decode
775,random_bytes,7111091,8,caught,66,decode
776,zeroed_run,4871559,3908,SILENT,0,decode
777,truncation,7764619,1824559,caught,68,decode
778,header,609,1,SILENT,0,decode
779,payload,8363434,1,SILENT,0,decode
780,bit_flip,5803480,1,SILENT,0,decode
781,random_bytes,4684904,3,caught,66,decode
782,zeroed_run,5791528,143,SILENT,0,decode
783,truncation,6392236,3196942,caught,68,decode
784,header,758,1,SILENT,0,decode
785,payload,5851831,1,SILENT,0,decode
786,bit_flip,6231886,1,SILENT,0,decode
787,random_bytes,4070948,15,caught,66,decode
788,zeroed_run,2285694,231,SILENT,0,decode
789,truncation,6177098,3412080,caught,68,decode
790,header,914,1,SILENT,0,decode
791,payload,2040631,1,caught,66,decode
792,bit_flip,8960504,1,SILENT,0,decode
793,random_bytes,3601173,2,caught,66,decode
794,zeroed_run,4415575,1287,SILENT,0,decode
795,truncation,5842069,3747109,caught,68,decode
796,header,219,1,SILENT,0,decode
797,payload,7520447,1,SILENT,0,decode
798,bit_flip,2544854,1,SILENT,0,decode
799,random_bytes,1326949,7,caught,66,decode
800,zeroed_run,5894566,2142,SILENT,0,decode
801,truncation,1011103,8578075,caught,68,decode
802,header,1004,1,SILENT,0,decode
803,payload,7932080,1,caught,66,decode
804,bit_flip,29594,1,caught,66,decode
805,random_bytes,5710134,10,caught,66,decode
806,zeroed_run,7092162,3211,SILENT,0,decode
807,truncation,6624807,2964371,caught,68,decode
808,header,427,1,SILENT,0,decode
809,payload,7525909,1,SILENT,0,decode
810,bit_flip,4267003,1,SILENT,0,decode
811,random_bytes,5742355,13,SILENT,0,decode
812,zeroed_run,5652676,835,SILENT,0,decode
813,truncation,830298,8758880,caught,68,decode
814,header,677,1,caught,66,decode
815,payload,2770030,1,SILENT,0,decode
816,bit_flip,4652151,1,SILENT,0,decode
817,random_bytes,4798193,5,SILENT,0,decode
818,zeroed_run,7336896,1359,SILENT,0,decode
819,truncation,4447397,5141781,caught,68,decode
820,header,287,1,SILENT,0,decode
821,payload,6502771,1,SILENT,0,decode
822,bit_flip,7399552,1,SILENT,0,decode
823,random_bytes,8032633,8,caught,66,decode
824,zeroed_run,9261350,2527,SILENT,0,decode
825,truncation,6802957,2786221,caught,68,decode
826,header,17,1,SILENT,0,decode
827,payload,4534909,1,caught,66,decode
828,bit_flip,2789107,1,SILENT,0,decode
829,random_bytes,2918670,2,caught,66,decode
830,zeroed_run,8843080,3812,SILENT,0,decode
831,truncation,2086740,7502438,caught,68,decode
832,header,552,1,SILENT,0,decode
833,payload,5673066,1,caught,66,decode
834,bit_flip,2874874,1,SILENT,0,decode
835,random_bytes,3752116,3,SILENT,0,decode
836,zeroed_run,288995,3045,SILENT,0,decode
837,truncation,4160601,5428577,caught,68,decode
838,header,851,1,SILENT,0,decode
839,payload,5051136,1,SILENT,0,decode
840,bit_flip,4804583,1,SILENT,0,decode
841,random_bytes,6097101,12,SILENT,0,decode
842,zeroed_run,6663382,2275,SILENT,0,decode
843,truncation,5925467,3663711,caught,68,decode
844,header,355,1,caught,66,decode
845,payload,6440410,1,SILENT,0,decode
846,bit_flip,2629592,1,caught,66,decode
847,random_bytes,7685489,11,caught,66,decode
848,zeroed_run,7330100,941,SILENT,0,decode
849,truncation,5592378,3996800,caught,68,decode
850,header,846,1,SILENT,0,decode
851,payload,4282291,1,SILENT,0,decode
852,bit_flip,943095,1,SILENT,0,decode
853,random_bytes,1850605,16,SILENT,0,decode
854,zeroed_run,7747267,1228,SILENT,0,decode
855,truncation,5991874,3597304,caught,68,decode
856,header,247,1,SILENT,0,decode
857,payload,4411592,1,SILENT,0,decode
858,bit_flip,1912763,1,SILENT,0,decode
859,random_bytes,5060834,3,SILENT,0,decode
860,zeroed_run,5598351,1101,SILENT,0,decode
861,truncation,9514537,74641,caught,68,decode
862,header,551,1,SILENT,0,decode
863,payload,8909724,1,caught,66,decode
864,bit_flip,7668381,1,SILENT,0,decode
865,random_bytes,7316087,12,SILENT,0,decode
866,zeroed_run,2691772,3831,SILENT,0,decode
867,truncation,1042175,8547003,caught,68,decode
868,header,752,1,SILENT,0,decode
869,payload,1003293,1,SILENT,0,decode
870,bit_flip,2894525,1,SILENT,0,decode
871,random_bytes,659816,7,SILENT,0,decode
872,zeroed_run,357228,3067,SILENT,0,decode
873,truncation,3950205,5638973,caught,68,decode
874,header,840,1,caught,66,decode
875,payload,7374390,1,SILENT,0,decode
876,bit_flip,8981878,1,caught,66,decode
877,random_bytes,8528391,4,caught,66,decode
878,zeroed_run,5453683,948,SILENT,0,decode
879,truncation,9311440,277738,caught,68,decode
880,header,311,1,SILENT,0,decode
881,payload,8161754,1,caught,66,decode
882,bit_flip,5894047,1,SILENT,0,decode
883,random_bytes,2971690,6,SILENT,0,decode
884,zeroed_run,2895598,119,SILENT,0,decode
885,truncation,5732142,3857036,caught,68,decode
886,header,934,1,SILENT,0,decode
887,payload,1818267,1,SILENT,0,decode
888,bit_flip,8985415,1,caught,66,decode
889,random_bytes,2805835,2,caught,66,decode
890,zeroed_run,2977145,2213,SILENT,0,decode
891,truncation,1107880,8481298,caught,68,decode
892,header,138,1,caught,66,decode
893,payload,8258907,1,SILENT,0,decode
894,bit_flip,910144,1,SILENT,0,decode
895,random_bytes,807877,12,caught,66,decode
896,zeroed_run,8699599,3688,SILENT,0,decode
897,truncation,4123852,5465326,caught,68,decode
898,header,585,1,SILENT,0,decode
899,payload,4879637,1,SILENT,0,decode
900,bit_flip,5713171,1,SILENT,0,decode
901,random_bytes,5981572,4,caught,66,decode
902,zeroed_run,6532661,2573,SILENT,0,decode
903,truncation,9146988,442190,caught,68,decode
904,header,176,1,SILENT,0,decode
905,payload,6988414,1,caught,66,decode
906,bit_flip,3626601,1,SILENT,0,decode
907,random_bytes,3616183,6,caught,66,decode
908,zeroed_run,2107339,1927,SILENT,0,decode
909,truncation,8330885,1258293,caught,68,decode
910,header,924,1,caught,66,decode
911,payload,1453893,1,SILENT,0,decode
912,bit_flip,2675441,1,SILENT,0,decode
913,random_bytes,4199031,7,SILENT,0,decode
914,zeroed_run,3213054,1105,SILENT,0,decode
915,truncation,7008168,2581010,caught,68,decode
916,header,327,1,caught,66,decode
917,payload,343146,1,SILENT,0,decode
918,bit_flip,4414392,1,SILENT,0,decode
919,random_bytes,3283694,13,caught,66,decode
920,zeroed_run,3999385,165,SILENT,0,decode
921,truncation,3549909,6039269,caught,68,decode
922,header,774,1,caught,66,decode
923,payload,2908720,1,caught,66,decode
924,bit_flip,3694464,1,SILENT,0,decode
925,random_bytes,9073666,15,caught,66,decode
926,zeroed_run,4522818,1345,SILENT,0,decode
927,truncation,3940574,5648604,caught,68,decode
928,header,660,1,SILENT,0,decode
929,payload,4940121,1,SILENT,0,decode
930,bit_flip,3807772,1,SILENT,0,decode
931,random_bytes,119637,3,caught,66,decode
932,zeroed_run,4883655,2271,SILENT,0,decode
933,truncation,2651065,6938113,caught,68,decode
934,header,365,1,caught,66,decode
935,payload,3774499,1,SILENT,0,decode
936,bit_flip,221225,1,SILENT,0,decode
937,random_bytes,8695485,7,caught,66,decode
938,zeroed_run,6847492,174,SILENT,0,decode
939,truncation,8701904,887274,caught,68,decode
940,header,188,1,caught,66,decode
941,payload,3600358,1,SILENT,0,decode
942,bit_flip,5088409,1,SILENT,0,decode
943,random_bytes,8375046,14,caught,66,decode
944,zeroed_run,292078,2274,SILENT,0,decode
945,truncation,7045721,2543457,caught,68,decode
946,header,675,1,caught,66,decode
947,payload,6158858,1,SILENT,0,decode
948,bit_flip,4478163,1,SILENT,0,decode
949,random_bytes,3275495,10,caught,66,decode
950,zeroed_run,4843475,2606,SILENT,0,decode
951,truncation,1274086,8315092,caught,68,decode
952,header,80,1,SILENT,0,decode
953,payload,2966295,1,SILENT,0,decode
954,bit_flip,1096729,1,SILENT,0,decode
955,random_bytes,3472516,7,SILENT,0,decode
956,zeroed_run,8057038,1294,SILENT,0,decode
957,truncation,8833630,755548,caught,68,decode
958,header,790,1,SILENT,0,decode
959,payload,9423913,1,SILENT,0,decode
960,bit_flip,3876726,1,SILENT,0,decode
961,random_bytes,3217417,7,caught,66,decode
962,zeroed_run,1511075,3112,SILENT,0,decode
963,truncation,2033733,7555445,caught,68,decode
964,header,974,1,SILENT,0,decode
965,payload,3526543,1,SILENT,0,decode
966,bit_flip,9412616,1,SILENT,0,decode
967,random_bytes,323472,13,caught,66,decode
968,zeroed_run,7669920,904,SILENT,0,decode
969,truncation,3552185,6036993,caught,68,decode
970,header,375,1,SILENT,0,decode
971,payload,3959461,1,caught,66,decode
972,bit_flip,5149851,1,SILENT,0,decode
973,random_bytes,4916239,11,SILENT,0,decode
974,zeroed_run,1006872,2272,SILENT,0,decode
975,truncation,3034790,6554388,caught,68,decode
976,header,645,1,SILENT,0,decode
977,payload,810104,1,SILENT,0,decode
978,bit_flip,6956890,1,SILENT,0,decode
979,random_bytes,6415512,9,SILENT,0,decode
980,zeroed_run,6704916,502,SILENT,0,decode
981,truncation,1974323,7614855,caught,68,decode
982,header,670,1,SILENT,0,decode
983,payload,7944859,1,SILENT,0,decode
984,bit_flip,8079451,1,SILENT,0,decode
985,random_bytes,5489847,7,SILENT,0,decode
986,zeroed_run,2261418,1509,SILENT,0,decode
987,truncation,7042701,2546477,caught,68,decode
988,header,220,1,SILENT,0,decode
989,payload,4226171,1,SILENT,0,decode
990,bit_flip,4971845,1,caught,66,decode
991,random_bytes,5572,5,caught,66,decode
992,zeroed_run,4999099,3568,SILENT,0,decode
993,truncation,8322561,1266617,caught,68,decode
994,header,639,1,caught,66,decode
995,payload,5089320,1,SILENT,0,decode
996,bit_flip,6906857,1,SILENT,0,decode
997,random_bytes,1175823,8,SILENT,0,decode
998,zeroed_run,2104460,2417,SILENT,0,decode
999,truncation,2279289,7309889,caught,68,decode
1000,header,458,1,SILENT,0,decode
1001,payload,6421085,1,SILENT,0,decode
1002,bit_flip,6749666,1,caught,66,decode
1003,random_bytes,7551629,2,SILENT,0,decode
1004,zeroed_run,4252946,3007,SILENT,0,decode
1005,truncation,1879742,7709436,caught,68,decode
1006,header,732,1,SILENT,0,decode
1007,payload,1068109,1,caught,66,decode
1008,bit_flip,8287141,1,SILENT,0,decode
1009,random_bytes,2436506,8,SILENT,0,decode
1010,zeroed_run,7721577,3259,SILENT,0,decode
1011,truncation,15263,9573915,caught,68,decode
1012,header,572,1,SILENT,0,decode
1013,payload,6558430,1,SILENT,0,decode
1014,bit_flip,3159254,1,SILENT,0,decode
1015,random_bytes,408726,1,SILENT,0,decode
1016,zeroed_run,7183243,1083,caught,66,decode
1017,truncation,9215457,373721,caught,68,decode
1018,header,820,1,SILENT,0,decode
1019,payload,773855,1,SILENT,0,decode
1020,bit_flip,980840,1,caught,66,decode
1021,random_bytes,8985163,9,caught,66,decode
1022,zeroed_run,4477716,1016,SILENT,0,decode
1023,truncation,46396,9542782,caught,68,decode
1024,header,834,1,SILENT,0,decode
1025,payload,5125952,1,caught,66,decode
1026,bit_flip,5149510,1,SILENT,0,decode
1027,random_bytes,9109701,12,SILENT,0,decode
1028,zeroed_run,1571058,3546,SILENT,0,decode
1029,truncation,2784512,6804666,caught,68,decode
1030,header,621,1,SILENT,0,decode
1031,payload,4998299,1,caught,66,decode
1032,bit_flip,2694259,1,SILENT,0,decode
1033,random_bytes,3545555,16,SILENT,0,decode
1034,zeroed_run,8914700,2951,SILENT,0,decode
1035,truncation,1964749,7624429,caught,68,decode
1036,header,47,1,SILENT,0,decode
1037,payload,3177657,1,SILENT,0,decode
1038,bit_flip,2883304,1,SILENT,0,decode
1039,random_bytes,4573934,13,SILENT,0,decode
1040,zeroed_run,2971646,419,SILENT,0,decode
1041,truncation,3363030,6226148,caught,68,decode
1042,header,933,1,SILENT,0,decode
1043,payload,5321702,1,SILENT,0,decode
1044,bit_flip,4784234,1,SILENT,0,decode
1045,random_bytes,1809928,3,caught,66,decode
1046,zeroed_run,3379986,803,SILENT,0,decode
1047,truncation,8205438,1383740,caught,68,decode
1048,header,339,1,SILENT,0,decode
1049,payload,8456695,1,SILENT,0,decode
1050,bit_flip,8731748,1,SILENT,0,decode
1051,random_bytes,8175419,10,caught,66,decode
1052,zeroed_run,2630189,2169,SILENT,0,decode
1053,truncation,7289163,2300015,caught,68,decode
1054,header,74,1,SILENT,0,decode
1055,payload,3523090,1,SILENT,0,decode
1056,bit_flip,1612236,1,SILENT,0,decode
1057,random_bytes,4830038,12,SILENT,0,decode
1058,zeroed_run,1218629,3426,SILENT,0,decode
1059,truncation,3811274,5777904,caught,68,decode
1060,header,100,1,SILENT,0,decode
1061,payload,1607648,1,SILENT,0,decode
1062,bit_flip,5283679,1,SILENT,0,decode
1063,random_bytes,1226338,13,caught,66,decode
1064,zeroed_run,2264855,3452,SILENT,0,decode
1065,truncation,9437783,151395,caught,68,decode
1066,header,500,1,SILENT,0,decode
1067,payload,6157510,1,SILENT,0,decode
1068,bit_flip,1312321,1,SILENT,0,decode
1069,random_bytes,7716875,2,caught,66,decode
1070,zeroed_run,7928956,1834,SILENT,0,decode
1071,truncation,6789261,2799917,caught,68,decode
1072,header,559,1,SILENT,0,decode
1073,payload,6736290,1,SILENT,0,decode
1074,bit_flip,5649695,1,SILENT,0,decode
1075,random_bytes,3928433,1,SILENT,0,decode
1076,zeroed_run,1793984,3270,SILENT,0,decode
1077,truncation,6582214,3006964,caught,68,decode
1078,header,337,1,SILENT,0,decode
1079,payload,7441459,1,SILENT,0,decode
1080,bit_flip,3792936,1,SILENT,0,decode
1081,random_bytes,8939251,5,SILENT,0,decode
1082,zeroed_run,9553516,778,SILENT,0,decode
1083,truncation,8711503,877675,caught,68,decode
1084,header,235,1,SILENT,0,decode
1085,payload,5083009,1,SILENT,0,decode
1086,bit_flip,2908649,1,SILENT,0,decode
1087,random_bytes,9550389,12,caught,66,decode
1088,zeroed_run,7065753,83,SILENT,0,decode
1089,truncation,7314557,2274621,caught,68,decode
1090,header,747,1,SILENT,0,decode
1091,payload,8445946,1,SILENT,0,decode
1092,bit_flip,7860116,1,SILENT,0,decode
1093,random_bytes,8779776,15,caught,66,decode
1094,zeroed_run,9389736,2301,SILENT,0,decode
1095,truncation,3248038,6341140,caught,68,decode
1096,header,379,1,SILENT,0,decode
1097,payload,4990811,1,SILENT,0,decode
1098,bit_flip,382835,1,SILENT,0,decode
1099,random_bytes,1081496,15,caught,66,decode
1100,zeroed_run,5704107,2479,SILENT,0,decode
1101,truncation,3388405,6200773,caught,68,decode
1102,header,821,1,SILENT,0,decode
1103,payload,7951737,1,caught,66,decode
1104,bit_flip,596672,1,SILENT,0,decode
1105,random_bytes,5233460,16,caught,66,decode
1106,zeroed_run,7789400,1732,SILENT,0,decode
1107,truncation,7910369,1678809,caught,68,decode
1108,header,539,1,caught,66,decode
1109,payload,1336769,1,SILENT,0,decode
1110,bit_flip,8772298,1,SILENT,0,decode
1111,random_bytes,1934739,8,caught,66,decode
1112,zeroed_run,8829194,3732,SILENT,0,decode
1113,truncation,7474997,2114181,caught,68,decode
1114,header,761,1,SILENT,0,decode
1115,payload,4194326,1,SILENT,0,decode
1116,bit_flip,537886,1,SILENT,0,decode
1117,random_bytes,7726276,7,caught,66,decode
1118,zeroed_run,1148756,1941,SILENT,0,decode
1119,truncation,2692285,6896893,caught,68,decode
1120,header,162,1,SILENT,0,decode
1121,payload,7205984,1,SILENT,0,decode
1122,bit_flip,3797746,1,SILENT,0,decode
1123,random_bytes,1843837,11,caught,66,decode
1124,zeroed_run,1143539,1549,SILENT,0,decode
1125,truncation,6393214,3195964,caught,68,decode
1126,header,116,1,SILENT,0,decode
1127,payload,9313494,1,SILENT,0,decode
1128,bit_flip,2345818,1,SILENT,0,decode
1129,random_bytes,5998624,3,SILENT,0,decode
1130,zeroed_run,239127,515,SILENT,0,decode
1131,truncation,2778096,6811082,caught,68,decode
1132,header,208,1,SILENT,0,decode
1133,payload,2266333,1,SILENT,0,decode
1134,bit_flip,5333378,1,SILENT,0,decode
1135,random_bytes,1825591,7,caught,66,decode
1136,zeroed_run,3665138,842,SILENT,0,decode
1137,truncation,1656324,7932854,caught,68,decode
1138,header,380,1,SILENT,0,decode
1139,payload,3437690,1,caught,66,decode
1140,bit_flip,9286434,1,caught,66,decode
1141,random_bytes,3599911,5,caught,66,decode
1142,zeroed_run,2987323,487,SILENT,0,decode
1143,truncation,7208265,2380913,caught,68,decode
1144,header,170,1,SILENT,0,decode
1145,payload,8030176,1,caught,66,decode
1146,bit_flip,8806948,1,caught,66,decode
1147,random_bytes,8737625,11,SILENT,0,decode
1148,zeroed_run,4066932,224,SILENT,0,decode
1149,truncation,3396599,6192579,caught,68,decode
1150,header,247,1,SILENT,0,decode
1151,payload,5346802,1,SILENT,0,decode
1152,bit_flip,3003821,1,caught,66,decode
1153,random_bytes,114326,1,SILENT,0,decode
1154,zeroed_run,9328732,172,SILENT,0,decode
1155,truncation,8159943,1429235,caught,68,decode
1156,header,510,1,SILENT,0,decode
1157,payload,8773375,1,SILENT,0,decode
1158,bit_flip,6523215,1,caught,66,decode
1159,random_bytes,3893725,2,SILENT,0,decode
1160,zeroed_run,3577458,2618,SILENT,0,decode
1161,truncation,39067,9550111,caught,68,decode
1162,header,5,1,caught,66,decode
1163,payload,9140257,1,SILENT,0,decode
1164,bit_flip,7660065,1,SILENT,0,decode
1165,random_bytes,8329702,14,caught,66,decode
1166,zeroed_run,8761796,3601,SILENT,0,decode
1167,truncation,4669679,4919499,caught,68,decode
1168,header,178,1,SILENT,0,decode
1169,payload,8410615,1,SILENT,0,decode
1170,bit_flip,5660457,1,SILENT,0,decode
1171,random_bytes,5311334,6,SILENT,0,decode
1172,zeroed_run,7137803,3566,SILENT,0,decode
1173,truncation,1428893,8160285,caught,68,decode
1174,header,276,1,caught,66,decode
1175,payload,9121485,1,SILENT,0,decode
1176,bit_flip,9566418,1,SILENT,0,decode
1177,random_bytes,6033118,11,SILENT,0,decode
1178,zeroed_run,7579969,2515,SILENT,0,decode
1179,truncation,6469365,3119813,caught,68,decode
1180,header,940,1,SILENT,0,decode
1181,payload,4854037,1,caught,66,decode
1182,bit_flip,3030624,1,caught,66,decode
1183,random_bytes,1329782,5,SILENT,0,decode
1184,zeroed_run,5228114,1720,SILENT,0,decode
1185,truncation,5820071,3769107,caught,68,decode
1186,header,116,1,SILENT,0,decode
1187,payload,2999982,1,SILENT,0,decode
1188,bit_flip,7165216,1,SILENT,0,decode
1189,random_bytes,7660978,8,SILENT,0,decode
1190,zeroed_run,3514103,2976,SILENT,0,decode
1191,truncation,4299669,5289509,caught,68,decode
1192,header,859,1,SILENT,0,decode
1193,payload,1806997,1,SILENT,0,decode
1194,bit_flip,2005981,1,SILENT,0,decode
1195,random_bytes,4548930,6,SILENT,0,decode
1196,zeroed_run,4261489,23,SILENT,0,decode
1197,truncation,8794317,794861,caught,68,decode
1198,header,640,1,SILENT,0,decode
1199,payload,2062822,1,SILENT,0,decode
1200,bit_flip,9211123,1,SILENT,0,decode
1201,random_bytes,4858860,11,caught,66,decode
1202,zeroed_run,3378944,688,SILENT,0,decode
1203,truncation,330899,9258279,caught,68,decode
1204,header,66,1,SILENT,0,decode
1205,payload,2546887,1,SILENT,0,decode
1206,bit_flip,9408125,1,SILENT,0,decode
1207,random_bytes,9422908,11,caught,66,decode
1208,zeroed_run,6175900,1753,SILENT,0,decode
1209,truncation,7937399,1651779,caught,68,decode
1210,header,645,1,SILENT,0,decode
1211,payload,3586540,1,SILENT,0,decode
1212,bit_flip,8911618,1,SILENT,0,decode
1213,random_bytes,7089265,8,SILENT,0,decode
1214,zeroed_run,8810493,627,SILENT,0,decode
1215,truncation,8070293,1518885,caught,68,decode
1216,header,954,1,SILENT,0,decode
1217,payload,7791622,1,SILENT,0,decode
1218,bit_flip,8178414,1,SILENT,0,decode
1219,random_bytes,345940,15,caught,66,decode
1220,zeroed_run,8607662,3516,SILENT,0,decode
1221,truncation,5671480,3917698,caught,68,decode
1222,header,923,1,caught,66,decode
1223,payload,6396836,1,SILENT,0,decode
1224,bit_flip,2894341,1,caught,66,decode
1225,random_bytes,4777547,15,SILENT,0,decode
1226,zeroed_run,772442,1788,SILENT,0,decode
1227,truncation,9298856,290322,caught,68,decode
1228,header,43,1,SILENT,0,decode
1229,payload,1676450,1,caught,66,decode
1230,bit_flip,4966405,1,SILENT,0,decode
1231,random_bytes,9466868,16,SILENT,0,decode
1232,zeroed_run,75204,464,SILENT,0,decode
1233,truncation,9310580,278598,caught,68,decode
1234,header,60,1,SILENT,0,decode
1235,payload,1810872,1,SILENT,0,decode
1236,bit_flip,684886,1,caught,66,decode
1237,random_bytes,1075102,12,caught,66,decode
1238,zeroed_run,8218427,2319,SILENT,0,decode
1239,truncation,9496322,92856,caught,68,decode
1240,header,1019,1,SILENT,0,decode
1241,payload,6123130,1,SILENT,0,decode
1242,bit_flip,1440768,1,SILENT,0,decode
1243,random_bytes,7041465,10,caught,66,decode
1244,zeroed_run,3195339,1016,SILENT,0,decode
1245,truncation,5940030,3649148,caught,68,decode
1246,header,205,1,SILENT,0,decode
1247,payload,3959309,1,SILENT,0,decode
1248,bit_flip,2043611,1,SILENT,0,decode
1249,random_bytes,9480596,13,SILENT,0,decode
1250,zeroed_run,7108249,2126,SILENT,0,decode
1251,truncation,3712573,5876605,caught,68,decode
1252,header,2,1,caught,44,decode
1253,payload,4180715,1,SILENT,0,decode
1254,bit_flip,7928909,1,caught,66,decode
1255,random_bytes,9531390,15,caught,66,decode
1256,zeroed_run,226077,1210,SILENT,0,decode
1257,truncation,7359096,2230082,caught,68,decode
1258,header,418,1,SILENT,0,decode
1259,payload,9288341,1,SILENT,0,decode
1260,bit_flip,8644278,1,SILENT,0,decode
1261,random_bytes,7542784,8,SILENT,0,decode
1262,zeroed_run,9340187,1110,SILENT,0,decode
1263,truncation,9275222,313956,caught,68,decode
1264,header,949,1,caught,66,decode
1265,payload,2189887,1,caught,66,decode
1266,bit_flip,5438102,1,SILENT,0,decode
1267,random_bytes,734978,7,SILENT,0,decode
1268,zeroed_run,7611647,1150,SILENT,0,decode
1269,truncation,1360341,8228837,caught,68,decode
1270,header,307,1,SILENT,0,decode
1271,payload,5963500,1,SILENT,0,decode
1272,bit_flip,5880755,1,SILENT,0,decode
1273,random_bytes,5601277,8,caught,66,decode
1274,zeroed_run,400643,1901,SILENT,0,decode
1275,truncation,972866,8616312,caught,68,decode
1276,header,657,1,SILENT,0,decode
1277,payload,3332225,1,SILENT,0,decode
1278,bit_flip,584116,1,SILENT,0,decode
1279,random_bytes,8843927,4,caught,66,decode
1280,zeroed_run,5337292,1287,SILENT,0,decode
1281,truncation,6838025,2751153,caught,68,decode
1282,header,907,1,SILENT,0,decode
1283,payload,6068632,1,SILENT,0,decode
1284,bit_flip,6943760,1,SILENT,0,decode
1285,random_bytes,2398654,1,caught,66,decode
1286,zeroed_run,3818007,2521,SILENT,0,decode
1287,truncation,4577007,5012171,caught,68,decode
1288,header,704,1,caught,66,decode
1289,payload,3172577,1,SILENT,0,decode
1290,bit_flip,6329871,1,SILENT,0,decode
1291,random_bytes,4452533,6,SILENT,0,decode
1292,zeroed_run,2756450,674,SILENT,0,decode
1293,truncation,3751838,5837340,caught,68,decode
1294,header,420,1,SILENT,0,decode
1295,payload,6503409,1,caught,66,decode
1296,bit_flip,8451856,1,SILENT,0,decode
1297,random_bytes,8619728,11,caught,66,decode
1298,zeroed_run,7634759,1089,SILENT,0,decode
1299,truncation,264213,9324965,caught,68,decode
1300,header,908,1,caught,66,decode
1301,payload,8563301,1,SILENT,0,decode
1302,bit_flip,3359216,1,caught,66,decode
1303,random_bytes,1890955,4,SILENT,0,decode
1304,zeroed_run,3625566,389,SILENT,0,decode
1305,truncation,859838,8729340,caught,68,decode
1306,header,855,1,SILENT,0,decode
1307,payload,6419366,1,SILENT,0,decode
1308,bit_flip,7961230,1,caught,66,decode
1309,random_bytes,2324489,15,SILENT,0,decode
1310,zeroed_run,1292944,2625,SILENT,0,decode
1311,truncation,1094638,8494540,caught,68,decode
1312,header,139,1,caught,66,decode
1313,payload,3335548,1,SILENT,0,decode
1314,bit_flip,3214785,1,SILENT,0,decode
1315,random_bytes,6786702,6,SILENT,0,decode
1316,zeroed_run,6630629,910,SILENT,0,decode
1317,truncation,4840750,4748428,caught,68,decode
1318,header,355,1,caught,66,decode
1319,payload,6103709,1,SILENT,0,decode
1320,bit_flip,5249955,1,SILENT,0,decode
1321,random_bytes,8725540,8,caught,66,decode
1322,zeroed_run,8365440,3909,SILENT,0,decode
1323,truncation,8017581,1571597,caught,68,decode
1324,header,170,1,SILENT,0,decode
1325,payload,1788340,1,SILENT,0,decode
1326,bit_flip,821229,1,caught,66,decode
1327,random_bytes,8701973,5,caught,66,decode
1328,zeroed_run,2200589,2188,SILENT,0,decode
1329,truncation,1312664,8276514,caught,68,decode
1330,header,41,1,caught,66,decode
1331,payload,9538837,1,SILENT,0,decode
1332,bit_flip,4612620,1,SILENT,0,decode
1333,random_bytes,4550892,13,SILENT,0,decode
1334,zeroed_run,4567236,2994,SILENT,0,decode
1335,truncation,7551711,2037467,caught,68,decode
1336,header,892,1,caught,66,decode
1337,payload,9169498,1,caught,66,decode
1338,bit_flip,5077721,1,SILENT,0,decode
1339,random_bytes,4512568,4,caught,66,decode
1340,zeroed_run,2327806,2810,SILENT,0,decode
1341,truncation,1406971,8182207,caught,68,decode
1342,header,494,1,SILENT,0,decode
1343,payload,2085819,1,SILENT,0,decode
1344,bit_flip,7128451,1,caught,66,decode
1345,random_bytes,3918731,10,SILENT,0,decode
1346,zeroed_run,981366,3551,SILENT,0,decode
1347,truncation,8984892,604286,caught,68,decode
1348,header,103,1,SILENT,0,decode
1349,payload,3571176,1,caught,66,decode
1350,bit_flip,8403656,1,caught,66,decode
1351,random_bytes,517986,14,SILENT,0,decode
1352,zeroed_run,2122307,3395,SILENT,0,decode
1353,truncation,979441,8609737,caught,68,decode
1354,header,82,1,SILENT,0,decode
1355,payload,3338102,1,caught,66,decode
1356,bit_flip,3201323,1,caught,66,decode
1357,random_bytes,7237082,3,SILENT,0,decode
1358,zeroed_run,4491298,3357,SILENT,0,decode
1359,truncation,3845970,5743208,caught,68,decode
1360,header,570,1,SILENT,0,decode
1361,payload,5744020,1,SILENT,0,decode
1362,bit_flip,739415,1,caught,66,decode
1363,random_bytes,5129062,8,caught,66,decode
1364,zeroed_run,4719761,2994,SILENT,0,decode
1365,truncation,7579175,2010003,caught,68,decode
1366,header,312,1,SILENT,0,decode
1367,payload,1589992,1,SILENT,0,decode
1368,bit_flip,6772454,1,SILENT,0,decode
1369,random_bytes,4122845,8,SILENT,0,decode
1370,zeroed_run,6823131,1118,SILENT,0,decode
1371,truncation,2174575,7414603,caught,68,decode
1372,header,672,1,caught,66,decode
1373,payload,8990064,1,SILENT,0,decode
1374,bit_flip,621919,1,SILENT,0,decode
1375,random_bytes,3422814,1,caught,66,decode
1376,zeroed_run,6867939,3004,SILENT,0,decode
1377,truncation,3044153,6545025,caught,68,decode
1378,header,813,1,caught,66,decode
1379,payload,5714412,1,caught,66,decode
1380,bit_flip,6832416,1,caught,66,decode
1381,random_bytes,7117865,7,SILENT,0,decode
1382,zeroed_run,5193963,3702,SILENT,0,decode
1383,truncation,21553,9567625,caught,68,decode
1384,header,997,1,caught,66,decode
1385,payload,4350083,1,caught,66,decode
1386,bit_flip,2309178,1,caught,66,decode
1387,random_bytes,7833977,4,SILENT,0,decode
1388,zeroed_run,8686955,3286,SILENT,0,decode
1389,truncation,1548195,8040983,caught,68,decode
1390,header,310,1,SILENT,0,decode
1391,payload,6922159,1,SILENT,0,decode
1392,bit_flip,230337,1,caught,66,decode
1393,random_bytes,485976,4,caught,66,decode
1394,zeroed_run,5928785,3773,SILENT,0,decode
1395,truncation,3603067,5986111,caught,68,decode
1396,header,672,1,caught,66,decode
1397,payload,4955299,1,SILENT,0,decode
1398,bit_flip,3209460,1,caught,66,decode
1399,random_bytes,1100026,16,SILENT,0,decode
1400,zeroed_run,6844689,1510,SILENT,0,decode
1401,truncation,4820776,4768402,caught,68,decode
1402,header,491,1,SILENT,0,decode
1403,payload,7569129,1,caught,66,decode
1404,bit_flip,4054334,1,caught,66,decode
1405,random_bytes,3124186,9,caught,66,decode
1406,zeroed_run,5868358,1217,SILENT,0,decode
1407,truncation,101508,9487670,caught,68,decode
1408,header,446,1,caught,66,decode
1409,payload,2510498,1,caught,66,decode
1410,bit_flip,1068645,1,caught,66,decode
1411,random_bytes,5794726,3,SILENT,0,decode
1412,zeroed_run,7604604,641,SILENT,0,decode
1413,truncation,8126747,1462431,caught,68,decode
1414,header,49,1,SILENT,0,decode
1415,payload,423445,1,SILENT,0,decode
1416,bit_flip,809030,1,SILENT,0,decode
1417,random_bytes,3376014,6,SILENT,0,decode
1418,zeroed_run,8331696,3195,SILENT,0,decode
1419,truncation,1747130,7842048,caught,68,decode
1420,header,597,1,caught,66,decode
1421,payload,2350309,1,SILENT,0,decode
1422,bit_flip,3051607,1,SILENT,0,decode
1423,random_bytes,7571683,7,SILENT,0,decode
1424,zeroed_run,8940793,3164,SILENT,0,decode
1425,truncation,1053070,8536108,caught,68,decode
1426,header,917,1,SILENT,0,decode
1427,payload,2788409,1,SILENT,0,decode
1428,bit_flip,9485159,1,SILENT,0,decode
1429,random_bytes,9569374,7,SILENT,0,decode
1430,zeroed_run,5774817,2162,SILENT,0,decode
1431,truncation,5146611,4442567,caught,68,decode
1432,header,673,1,SILENT,0,decode
1433,payload,3969772,1,caught,66,decode
1434,bit_flip,1784719,1,caught,66,decode
1435,random_bytes,3527025,5,caught,66,decode
1436,zeroed_run,8109460,3091,SILENT,0,decode
1437,truncation,11720,9577458,caught,68,decode
1438,header,771,1,SILENT,0,decode
1439,payload,7053726,1,SILENT,0,decode
1440,bit_flip,8591175,1,caught,66,decode
1441,random_bytes,4941116,1,SILENT,0,decode
1442,zeroed_run,2196943,2496,SILENT,0,decode
1443,truncation,450746,9138432,caught,68,decode
1444,header,878,1,SILENT,0,decode
1445,payload,659907,1,caught,66,decode
1446,bit_flip,1529839,1,caught,66,decode
1447,random_bytes,272709,9,caught,66,decode
1448,zeroed_run,4217136,3263,SILENT,0,decode
1449,truncation,3397227,6191951,caught,68,decode
1450,header,373,1,SILENT,0,decode
1451,payload,935479,1,SILENT,0,decode
1452,bit_flip,5320872,1,SILENT,0,decode
1453,random_bytes,6372736,4,caught,66,decode
1454,zeroed_run,438106,2374,SILENT,0,decode
1455,truncation,5022226,4566952,caught,68,decode
1456,header,152,1,SILENT,0,decode
1457,payload,2422481,1,SILENT,0,decode
1458,bit_flip,9424821,1,SILENT,0,decode
1459,random_bytes,629512,4,SILENT,0,decode
1460,zeroed_run,6643974,3934,SILENT,0,decode
1461,truncation,4780984,4808194,caught,68,decode
1462,header,778,1,caught,66,decode
1463,payload,992526,1,SILENT,0,decode
1464,bit_flip,4208151,1,SILENT,0,decode
1465,random_bytes,99632,16,SILENT,0,decode
1466,zeroed_run,4853828,1232,SILENT,0,decode
1467,truncation,2109346,7479832,caught,68,decode
1468,header,1009,1,SILENT,0,decode
1469,payload,9312158,1,SILENT,0,decode
1470,bit_flip,1779210,1,SILENT,0,decode
1471,random_bytes,5235178,16,caught,66,decode
1472,zeroed_run,4929531,2594,SILENT,0,decode
1473,truncation,4543351,5045827,caught,68,decode
1474,header,171,1,SILENT,0,decode
1475,payload,2695539,1,caught,66,decode
1476,bit_flip,7544106,1,SILENT,0,decode
1477,random_bytes,7207737,5,caught,66,decode
1478,zeroed_run,3444509,543,SILENT,0,decode
1479,truncation,851261,8737917,caught,68,decode
1480,header,279,1,SILENT,0,decode
1481,payload,7054893,1,SILENT,0,decode
1482,bit_flip,6396518,1,SILENT,0,decode
1483,random_bytes,4717675,8,SILENT,0,decode
1484,zeroed_run,3460182,2894,SILENT,0,decode
1485,truncation,4262551,5326627,caught,68,decode
1486,header,377,1,SILENT,0,decode
1487,payload,5365170,1,caught,66,decode
1488,bit_flip,2736131,1,SILENT,0,decode
1489,random_bytes,6604808,9,caught,66,decode
1490,zeroed_run,4572901,3308,SILENT,0,decode
1491,truncation,1795043,7794135,caught,68,decode
1492,header,266,1,SILENT,0,decode
1493,payload,2447720,1,SILENT,0,decode
1494,bit_flip,3848405,1,SILENT,0,decode
1495,random_bytes,1942372,13,caught,66,decode
1496,zeroed_run,9202900,3449,SILENT,0,decode
1497,truncation,6769786,2819392,caught,68,decode
1498,header,538,1,SILENT,0,decode
1499,payload,93777,1,caught,66,decode
1500,bit_flip,7280428,1,SILENT,0,decode
1501,random_bytes,7216113,15,SILENT,0,decode
1502,zeroed_run,9527591,1841,SILENT,0,decode
1503,truncation,1270055,8319123,caught,68,decode
1504,header,340,1,SILENT,0,decode
1505,payload,5594199,1,SILENT,0,decode
1506,bit_flip,4338333,1,SILENT,0,decode
1507,random_bytes,8457130,8,caught,66,decode
1508,zeroed_run,3811397,1198,SILENT,0,decode
1509,truncation,9108285,480893,caught,68,decode
1510,header,830,1,SILENT,0,decode
1511,payload,4120219,1,SILENT,0,decode
1512,bit_flip,7872735,1,SILENT,0,decode
1513,random_bytes,55242,14,caught,66,decode
1514,zeroed_run,2394882,136,SILENT,0,decode
1515,truncation,8110685,1478493,caught,68,decode
1516,header,370,1,SILENT,0,decode
1517,payload,1299201,1,SILENT,0,decode
1518,bit_flip,2820199,1,SILENT,0,decode
1519,random_bytes,8830620,12,SILENT,0,decode
1520,zeroed_run,5046079,1770,SILENT,0,decode
1521,truncation,3406189,6182989,caught,68,decode
1522,header,416,1,caught,66,decode
1523,payload,8212712,1,caught,66,decode
1524,bit_flip,5375053,1,caught,66,decode
1525,random_bytes,8485158,15,caught,66,decode
1526,zeroed_run,1675113,415,SILENT,0,decode
1527,truncation,4017723,5571455,caught,68,decode
1528,header,885,1,SILENT,0,decode
1529,payload,4213728,1,caught,66,decode
1530,bit_flip,9430242,1,SILENT,0,decode
1531,random_bytes,4901562,3,SILENT,0,decode
1532,zeroed_run,2331354,154,SILENT,0,decode
1533,truncation,8109182,1479996,caught,68,decode
1534,header,782,1,SILENT,0,decode
1535,payload,3548314,1,SILENT,0,decode
1536,bit_flip,5003192,1,SILENT,0,decode
1537,random_bytes,3928418,12,SILENT,0,decode
1538,zeroed_run,3392492,2348,SILENT,0,decode
1539,truncation,8741175,848003,caught,68,decode
1540,header,105,1,SILENT,0,decode
1541,payload,1462707,1,SILENT,0,decode
1542,bit_flip,1649747,1,SILENT,0,decode
1543,random_bytes,5582487,16,caught,66,decode
1544,zeroed_run,8972346,560,SILENT,0,decode
1545,truncation,2126667,7462511,caught,68,decode
1546,header,469,1,caught,66,decode
1547,payload,3051165,1,SILENT,0,decode
1548,bit_flip,650554,1,SILENT,0,decode
1549,random_bytes,6391615,6,SILENT,0,decode
1550,zeroed_run,1217890,375,SILENT,0,decode
1551,truncation,691658,8897520,caught,68,decode
1552,header,259,1,SILENT,0,decode
1553,payload,184100,1,SILENT,0,decode
1554,bit_flip,8134727,1,caught,66,decode
1555,random_bytes,4150619,6,caught,66,decode
1556,zeroed_run,1663851,1119,SILENT,0,decode
1557,truncation,314315,9274863,caught,68,decode
1558,header,729,1,caught,66,decode
1559,payload,5331996,1,SILENT,0,decode
1560,bit_flip,6506053,1,SILENT,0,decode
1561,random_bytes,2734441,9,caught,66,decode
1562,zeroed_run,3054512,1047,SILENT,0,decode
1563,truncation,5990622,3598556,caught,68,decode
1564,header,280,1,SILENT,0,decode
1565,payload,1943325,1,SILENT,0,decode
1566,bit_flip,6622103,1,SILENT,0,decode
1567,random_bytes,4836943,5,caught,66,decode
1568,zeroed_run,7434345,758,SILENT,0,decode
1569,truncation,7917978,1671200,caught,68,decode
1570,header,194,1,SILENT,0,decode
1571,payload,4888963,1,SILENT,0,decode
1572,bit_flip,4209311,1,caught,66,decode
1573,random_bytes,4309593,10,SILENT,0,decode
1574,zeroed_run,6722474,1636,SILENT,0,decode
1575,truncation,3269961,6319217,caught,68,decode
1576,header,910,1,SILENT,0,decode
1577,payload,6892791,1,SILENT,0,decode
1578,bit_flip,8372780,1,caught,66,decode
1579,random_bytes,1144035,9,SILENT,0,decode
1580,zeroed_run,4793298,3745,caught,66,decode
1581,truncation,5609288,3979890,caught,68,decode
1582,header,392,1,SILENT,0,decode
1583,payload,9533302,1,SILENT,0,decode
1584,bit_flip,5272249,1,SILENT,0,decode
1585,random_bytes,3628333,7,caught,66,decode
1586,zeroed_run,1869453,2885,SILENT,0,decode
1587,truncation,4889721,4699457,caught,68,decode
1588,header,42,1,caught,66,decode
1589,payload,521470,1,SILENT,0,decode
1590,bit_flip,8971243,1,SILENT,0,decode
1591,random_bytes,7399870,2,caught,66,decode
1592,zeroed_run,1501203,2773,SILENT,0,decode
1593,truncation,1356170,8233008,caught,68,decode
1594,header,40,1,caught,66,decode
1595,payload,1997062,1,SILENT,0,decode
1596,bit_flip,5642533,1,SILENT,0,decode
1597,random_bytes,7463375,15,caught,66,decode
1598,zeroed_run,8018812,1857,SILENT,0,decode
1599,truncation,3793034,5796144,caught,68,decode
1600,header,699,1,SILENT,0,decode
1601,payload,1693289,1,SILENT,0,decode
1602,bit_flip,81543,1,SILENT,0,decode
1603,random_bytes,6796105,1,SILENT,0,decode
1604,zeroed_run,1902813,1597,SILENT,0,decode
1605,truncation,1989468,7599710,caught,68,decode
1606,header,381,1,SILENT,0,decode
1607,payload,6260259,1,caught,66,decode
1608,bit_flip,1102213,1,SILENT,0,decode
1609,random_bytes,4072673,15,SILENT,0,decode
1610,zeroed_run,6492033,3131,SILENT,0,decode
1611,truncation,9386485,202693,caught,68,decode
1612,header,101,1,SILENT,0,decode
1613,payload,2952697,1,SILENT,0,decode
1614,bit_flip,4326564,1,SILENT,0,decode
1615,random_bytes,206313,8,caught,66,decode
1616,zeroed_run,1352814,3800,SILENT,0,decode
1617,truncation,8928101,661077,caught,68,decode
1618,header,531,1,SILENT,0,decode
1619,payload,163122,1,SILENT,0,decode
1620,bit_flip,1235659,1,caught,66,decode
1621,random_bytes,1797139,6,SILENT,0,decode
1622,zeroed_run,3866868,2395,SILENT,0,decode
1623,truncation,9463479,125699,caught,68,decode
1624,header,195,1,SILENT,0,decode
1625,payload,3264803,1,SILENT,0,decode
1626,bit_flip,9040312,1,SILENT,0,decode
1627,random_bytes,6093435,7,SILENT,0,decode
1628,zeroed_run,8951712,812,SILENT,0,decode
1629,truncation,134183,9454995,caught,68,decode
1630,header,715,1,caught,66,decode
1631,payload,1435652,1,SILENT,0,decode
1632,bit_flip,7845628,1,caught,66,decode
1633,random_bytes,655111,9,SILENT,0,decode
1634,zeroed_run,2861885,2595,SILENT,0,decode
1635,truncation,1049003,8540175,caught,68,decode
1636,header,710,1,SILENT,0,decode
1637,payload,8719688,1,SILENT,0,decode
1638,bit_flip,2327447,1,SILENT,0,decode
1639,random_bytes,172541,4,caught,66,decode
1640,zeroed_run,2542004,3308,SILENT,0,decode
1641,truncation,7526402,2062776,caught,68,decode
1642,header,818,1,caught,66,decode
1643,payload,5669312,1,SILENT,0,decode
1644,bit_flip,3940171,1,SILENT,0,decode
1645,random_bytes,6649213,14,caught,66,decode
1646,zeroed_run,114053,3320,SILENT,0,decode
1647,truncation,7893235,1695943,caught,68,decode
1648,header,999,1,SILENT,0,decode
1649,payload,1830941,1,SILENT,0,decode
1650,bit_flip,7471046,1,SILENT,0,decode
1651,random_bytes,4551282,5,caught,66,decode
1652,zeroed_run,1721723,2845,SILENT,0,decode
1653,truncation,8571154,1018024,caught,68,decode
1654,header,93,1,SILENT,0,decode
1655,payload,1117515,1,SILENT,0,decode
1656,bit_flip,7758190,1,caught,66,decode
1657,random_bytes,47337,13,caught,66,decode
1658,zeroed_run,3289979,3383,SILENT,0,decode
1659,truncation,3047166,6542012,caught,68,decode
1660,header,773,1,SILENT,0,decode
1661,payload,8096414,1,SILENT,0,decode
1662,bit_flip,9406174,1,SILENT,0,decode
1663,random_bytes,3333955,12,caught,66,decode
1664,zeroed_run,4400826,3755,SILENT,0,decode
1665,truncation,1252150,8337028,caught,68,decode
1666,header,452,1,caught,66,decode
1667,payload,9121598,1,SILENT,0,decode
1668,bit_flip,5326552,1,caught,66,decode
1669,random_bytes,5727011,12,caught,66,decode
1670,zeroed_run,6676441,2682,SILENT,0,decode
1671,truncation,5849843,3739335,caught,68,decode
1672,header,435,1,SILENT,0,decode
1673,payload,8946799,1,SILENT,0,decode
1674,bit_flip,142968,1,SILENT,0,decode
1675,random_bytes,2940867,8,SILENT,0,decode
1676,zeroed_run,2122716,19,SILENT,0,decode
1677,truncation,1641606,7947572,caught,68,decode
1678,header,562,1,SILENT,0,decode
1679,payload,6988282,1,SILENT,0,decode
1680,bit_flip,7954398,1,caught,66,decode
1681,random_bytes,6211987,8,SILENT,0,decode
1682,zeroed_run,2985793,1124,SILENT,0,decode
1683,truncation,3768987,5820191,caught,68,decode
1684,header,639,1,caught,66,decode
1685,payload,1109427,1,caught,66,decode
1686,bit_flip,5788593,1,caught,66,decode
1687,random_bytes,5922929,13,SILENT,0,decode
1688,zeroed_run,6698605,526,SILENT,0,decode
1689,truncation,3608639,5980539,caught,68,decode
1690,header,66,1,SILENT,0,decode
1691,payload,1424472,1,caught,66,decode
1692,bit_flip,4140223,1,caught,66,decode
1693,random_bytes,3934960,14,caught,66,decode
1694,zeroed_run,1268194,3962,SILENT,0,decode
1695,truncation,7001069,2588109,caught,68,decode
1696,header,903,1,SILENT,0,decode
1697,payload,6572105,1,SILENT,0,decode
1698,bit_flip,1237926,1,SILENT,0,decode
1699,random_bytes,903174,7,SILENT,0,decode
1700,zeroed_run,2610875,1695,SILENT,0,decode
1701,truncation,2840930,6748248,caught,68,decode
1702,header,104,1,SILENT,0,decode
1703,payload,6262075,1,SILENT,0,decode
1704,bit_flip,5295219,1,SILENT,0,decode
1705,random_bytes,5309472,14,SILENT,0,decode
1706,zeroed_run,4617527,3453,SILENT,0,decode
1707,truncation,3237345,6351833,caught,68,decode
1708,header,58,1,SILENT,0,decode
1709,payload,4605422,1,caught,66,decode
1710,bit_flip,6655762,1,SILENT,0,decode
1711,random_bytes,3516740,12,caught,66,decode
1712,zeroed_run,2336734,1167,SILENT,0,decode
1713,truncation,4361815,5227363,caught,68,decode
1714,header,291,1,SILENT,0,decode
1715,payload,5281178,1,caught,66,decode
1716,bit_flip,7634834,1,caught,66,decode
1717,random_bytes,8262699,13,caught,66,decode
1718,zeroed_run,5948111,1854,SILENT,0,decode
1719,truncation,804159,8785019,caught,68,decode
1720,header,778,1,caught,66,decode
1721,payload,699441,1,SILENT,0,decode
1722,bit_flip,1462488,1,SILENT,0,decode
1723,random_bytes,1844764,3,caught,66,decode
1724,zeroed_run,9394472,791,SILENT,0,decode
1725,truncation,9428699,160479,caught,68,decode
1726,header,151,1,SILENT,0,decode
1727,payload,2529225,1,caught,66,decode
1728,bit_flip,5464878,1,SILENT,0,decode
1729,random_bytes,5281070,15,SILENT,0,decode
1730,zeroed_run,4850526,2779,SILENT,0,decode
1731,truncation,7115318,2473860,caught,68,decode
1732,header,414,1,SILENT,0,decode
1733,payload,6645910,1,caught,66,decode
1734,bit_flip,5406409,1,SILENT,0,decode
1735,random_bytes,9078421,6,SILENT,0,decode
1736,zeroed_run,2801701,2377,SILENT,0,decode
1737,truncation,5625133,3964045,caught,68,decode
1738,header,48,1,SILENT,0,decode
1739,payload,1967108,1,SILENT,0,decode
1740,bit_flip,7355106,1,SILENT,0,decode
1741,random_bytes,8312963,5,caught,66,decode
1742,zeroed_run,6764545,652,SILENT,0,decode
1743,truncation,6173381,3415797,caught,68,decode
1744,header,171,1,SILENT,0,decode
1745,payload,8928811,1,SILENT,0,decode
1746,bit_flip,6207786,1,SILENT,0,decode
1747,random_bytes,4436464,8,caught,66,decode
1748,zeroed_run,7135561,289,SILENT,0,decode
1749,truncation,2607560,6981618,caught,68,decode
1750,header,309,1,SILENT,0,decode
1751,payload,4998336,1,SILENT,0,decode
1752,bit_flip,2872312,1,SILENT,0,decode
1753,random_bytes,9276881,3,SILENT,0,decode
1754,zeroed_run,3035497,558,SILENT,0,decode
1755,truncation,3212326,6376852,caught,68,decode
1756,header,993,1,caught,66,decode
1757,payload,6332744,1,SILENT,0,decode
1758,bit_flip,1786940,1,SILENT,0,decode
1759,random_bytes,9287862,1,caught,66,decode
1760,zeroed_run,5864790,3663,SILENT,0,decode
1761,truncation,2594798,6994380,caught,68,decode
1762,header,114,1,caught,66,decode
1763,payload,5547915,1,caught,66,decode
1764,bit_flip,8231880,1,SILENT,0,decode
1765,random_bytes,4825703,10,caught,66,decode
1766,zeroed_run,2053472,1806,SILENT,0,decode
1767,truncation,5272623,4316555,caught,68,decode
1768,header,426,1,SILENT,0,decode
1769,payload,1406986,1,caught,66,decode
1770,bit_flip,6762687,1,caught,66,decode
1771,random_bytes,251101,9,SILENT,0,decode
1772,zeroed_run,308840,4048,SILENT,0,decode
1773,truncation,1096379,8492799,caught,68,decode
1774,header,741,1,caught,66,decode
1775,payload,4839775,1,SILENT,0,decode
1776,bit_flip,5913899,1,SILENT,0,decode
1777,random_bytes,595528,3,SILENT,0,decode
1778,zeroed_run,3549871,1034,SILENT,0,decode
1779,truncation,712709,8876469,caught,68,decode
1780,header,998,1,SILENT,0,decode
1781,payload,7148755,1,SILENT,0,decode
1782,bit_flip,6347407,1,SILENT,0,decode
1783,random_bytes,6611455,6,caught,66,decode
1784,zeroed_run,1009588,2499,SILENT,0,decode
1785,truncation,1297755,8291423,caught,68,decode
1786,header,982,1,caught,66,decode
1787,payload,1096097,1,SILENT,0,decode
1788,bit_flip,7646121,1,caught,66,decode
1789,random_bytes,4438243,3,SILENT,0,decode
1790,zeroed_run,7068817,951,SILENT,0,decode
1791,truncation,1865604,7723574,caught,68,decode
1792,header,817,1,caught,66,decode
1793,payload,7597736,1,SILENT,0,decode
1794,bit_flip,1011101,1,caught,66,decode
1795,random_bytes,403014,14,SILENT,0,decode
1796,zeroed_run,6559441,1753,SILENT,0,decode
1797,truncation,9373177,216001,caught,68,decode
1798,header,165,1,SILENT,0,decode
1799,payload,5600624,1,caught,66,decode
1800,bit_flip,7602080,1,caught,66,decode
1801,random_bytes,478163,3,caught,66,decode
1802,zeroed_run,8677595,1816,SILENT,0,decode
1803,truncation,5196032,4393146,caught,68,decode
1804,header,110,1,caught,66,decode
1805,payload,1672170,1,SILENT,0,decode
1806,bit_flip,1491802,1,SILENT,0,decode
1807,random_bytes,777726,15,caught,66,decode
1808,zeroed_run,3955548,652,SILENT,0,decode
1809,truncation,6739740,2849438,caught,68,decode
1810,header,110,1,caught,66,decode
1811,payload,5537511,1,SILENT,0,decode
1812,bit_flip,837285,1,SILENT,0,decode
1813,random_bytes,6084034,7,caught,66,decode
1814,zeroed_run,1781397,1638,SILENT,0,decode
1815,truncation,3064272,6524906,caught,68,decode
1816,header,1000,1,caught,66,decode
1817,payload,8624329,1,SILENT,0,decode
1818,bit_flip,9529748,1,SILENT,0,decode
1819,random_bytes,5069437,1,SILENT,0,decode
1820,zeroed_run,2388584,3569,SILENT,0,decode
1821,truncation,8811094,778084,caught,68,decode
1822,header,408,1,SILENT,0,decode
1823,payload,5621146,1,SILENT,0,decode
1824,bit_flip,213871,1,SILENT,0,decode
1825,random_bytes,7254905,6,caught,66,decode
1826,zeroed_run,1750229,1517,SILENT,0,decode
1827,truncation,2558460,7030718,caught,68,decode
1828,header,774,1,caught,66,decode
1829,payload,5984337,1,SILENT,0,decode
1830,bit_flip,2569908,1,SILENT,0,decode
1831,random_bytes,6702272,9,caught,66,decode
1832,zeroed_run,2017690,932,SILENT,0,decode
1833,truncation,7799127,1790051,caught,68,decode
1834,header,821,1,SILENT,0,decode
1835,payload,1265543,1,SILENT,0,decode
1836,bit_flip,6080261,1,SILENT,0,decode
1837,random_bytes,3627603,4,caught,66,decode
1838,zeroed_run,9458981,267,SILENT,0,decode
1839,truncation,3069148,6520030,caught,68,decode
1840,header,75,1,SILENT,0,decode
1841,payload,1156570,1,SILENT,0,decode
1842,bit_flip,3241277,1,SILENT,0,decode
1843,random_bytes,5663048,4,caught,66,decode
1844,zeroed_run,9408505,2676,SILENT,0,decode
1845,truncation,1007996,8581182,caught,68,decode
1846,header,28,1,SILENT,0,decode
1847,payload,5065925,1,SILENT,0,decode
1848,bit_flip,1169176,1,SILENT,0,decode
1849,random_bytes,4363923,2,caught,66,decode
1850,zeroed_run,6951270,1580,SILENT,0,decode
1851,truncation,4489080,5100098,caught,68,decode
1852,header,525,1,caught,66,decode
1853,payload,2619216,1,SILENT,0,decode
1854,bit_flip,4679124,1,SILENT,0,decode
1855,random_bytes,445892,9,caught,66,decode
1856,zeroed_run,2844430,2135,SILENT,0,decode
1857,truncation,641791,8947387,caught,68,decode
1858,header,789,1,SILENT,0,decode
1859,payload,2163593,1,caught,66,decode
1860,bit_flip,7690743,1,caught,66,decode
1861,random_bytes,2371869,12,SILENT,0,decode
1862,zeroed_run,6764331,3145,SILENT,0,decode
1863,truncation,8060767,1528411,caught,68,decode
1864,header,4,1,caught,66,decode
1865,payload,9049795,1,SILENT,0,decode
1866,bit_flip,4130428,1,SILENT,0,decode
1867,random_bytes,6444609,11,caught,66,decode
1868,zeroed_run,722595,438,SILENT,0,decode
1869,truncation,633122,8956056,caught,68,decode
1870,header,39,1,SILENT,0,decode
1871,payload,5783881,1,SILENT,0,decode
1872,bit_flip,3695587,1,SILENT,0,decode
1873,random_bytes,1957617,7,caught,66,decode
1874,zeroed_run,4618070,2614,SILENT,0,decode
1875,truncation,8981582,607596,caught,68,decode
1876,header,168,1,SILENT,0,decode
1877,payload,2658887,1,caught,66,decode
1878,bit_flip,6256470,1,SILENT,0,decode
1879,random_bytes,2423334,12,caught,66,decode
1880,zeroed_run,6322308,1971,SILENT,0,decode
1881,truncation,1558121,8031057,caught,68,decode
1882,header,53,1,SILENT,0,decode
1883,payload,9304364,1,SILENT,0,decode
1884,bit_flip,4980320,1,SILENT,0,decode
1885,random_bytes,715527,15,caught,66,decode
1886,zeroed_run,2900614,3736,SILENT,0,decode
1887,truncation,1936590,7652588,caught,68,decode
1888,header,770,1,caught,66,decode
1889,payload,4686481,1,caught,66,decode
1890,bit_flip,2156618,1,SILENT,0,decode
1891,random_bytes,2261441,1,caught,66,decode
1892,zeroed_run,3367041,569,SILENT,0,decode
1893,truncation,271707,9317471,caught,68,decode
1894,header,975,1,caught,66,decode
1895,payload,579999,1,SILENT,0,decode
1896,bit_flip,2203198,1,SILENT,0,decode
1897,random_bytes,7090173,10,caught,66,decode
1898,zeroed_run,3606360,966,SILENT,0,decode
1899,truncation,388014,9201164,caught,68,decode
1900,header,285,1,SILENT,0,decode
1901,payload,6332336,1,SILENT,0,decode
1902,bit_flip,9358085,1,SILENT,0,decode
1903,random_bytes,6006666,15,SILENT,0,decode
1904,zeroed_run,1365470,2786,SILENT,0,decode
1905,truncation,4411188,5177990,caught,68,decode
1906,header,137,1,SILENT,0,decode
1907,payload,5528203,1,SILENT,0,decode
1908,bit_flip,7945291,1,SILENT,0,decode
1909,random_bytes,4269745,1,SILENT,0,decode
1910,zeroed_run,3963076,3885,SILENT,0,decode
1911,truncation,2817589,6771589,caught,68,decode
1912,header,498,1,caught,66,decode
1913,payload,3931711,1,SILENT,0,decode
1914,bit_flip,7692903,1,SILENT,0,decode
1915,random_bytes,3545473,6,caught,66,decode
1916,zeroed_run,8177540,498,SILENT,0,decode
1917,truncation,5242557,4346621,caught,68,decode
1918,header,595,1,SILENT,0,decode
1919,payload,3094518,1,SILENT,0,decode
1920,bit_flip,6913004,1,caught,66,decode
1921,random_bytes,7815187,10,SILENT,0,decode
1922,zeroed_run,324581,2045,SILENT,0,decode
1923,truncation,1911625,7677553,caught,68,decode
1924,header,59,1,SILENT,0,decode
1925,payload,7198701,1,SILENT,0,decode
1926,bit_flip,2099331,1,SILENT,0,decode
1927,random_bytes,2644831,2,caught,66,decode
1928,zeroed_run,4014568,1874,SILENT,0,decode
1929,truncation,5734348,3854830,caught,68,decode
1930,header,786,1,SILENT,0,decode
1931,payload,4704784,1,SILENT,0,decode
1932,bit_flip,3102696,1,SILENT,0,decode
1933,random_bytes,4777827,16,caught,66,decode
1934,zeroed_run,8730004,2262,SILENT,0,decode
1935,truncation,2185911,7403267,caught,68,decode
1936,header,946,1,SILENT,0,decode
1937,payload,9288765,1,SILENT,0,decode
1938,bit_flip,2951189,1,SILENT,0,decode
1939,random_bytes,7704676,9,caught,66,decode
1940,zeroed_run,5948388,1412,SILENT,0,decode
1941,truncation,6580165,3009013,caught,68,decode
1942,header,676,1,SILENT,0,decode
1943,payload,3010672,1,SILENT,0,decode
1944,bit_flip,3034502,1,caught,66,decode
1945,random_bytes,5430167,3,SILENT,0,decode
1946,zeroed_run,718712,2064,SILENT,0,decode
1947,truncation,8282551,1306627,caught,68,decode
1948,header,19,1,SILENT,0,decode
1949,payload,4622675,1,caught,66,decode
1950,bit_flip,5484325,1,SILENT,0,decode
1951,random_bytes,2410067,13,caught,66,decode
1952,zeroed_run,2238125,1149,SILENT,0,decode
1953,truncation,582472,9006706,caught,68,decode
1954,header,491,1,SILENT,0,decode
1955,payload,8952357,1,SILENT,0,decode
1956,bit_flip,4186406,1,SILENT,0,decode
1957,random_bytes,8423645,16,caught,66,decode
1958,zeroed_run,3203812,519,SILENT,0,decode
1959,truncation,4347113,5242065,caught,68,decode
1960,header,248,1,SILENT,0,decode
1961,payload,7352603,1,SILENT,0,decode
1962,bit_flip,7402081,1,caught,66,decode
1963,random_bytes,1853405,4,SILENT,0,decode
1964,zeroed_run,4218015,1344,SILENT,0,decode
1965,truncation,1561155,8028023,caught,68,decode
1966,header,307,1,SILENT,0,decode
1967,payload,4853652,1,SILENT,0,decode
1968,bit_flip,148673,1,SILENT,0,decode
1969,random_bytes,1813125,8,caught,66,decode
1970,zeroed_run,9555932,1661,SILENT,0,decode
1971,truncation,4759670,4829508,caught,68,decode
1972,header,396,1,caught,66,decode
1973,payload,4012962,1,SILENT,0,decode
1974,bit_flip,2435400,1,SILENT,0,decode
1975,random_bytes,6374824,3,caught,66,decode
1976,zeroed_run,6954583,3179,SILENT,0,decode
1977,truncation,7578584,2010594,caught,68,decode
1978,header,892,1,SILENT,0,decode
1979,payload,5328549,1,SILENT,0,decode
1980,bit_flip,3865622,1,SILENT,0,decode
1981,random_bytes,1134911,13,caught,66,decode
1982,zeroed_run,7189408,3762,caught,66,decode
1983,truncation,1021157,8568021,caught,68,decode
1984,header,240,1,SILENT,0,decode
1985,payload,4486846,1,caught,66,decode
1986,bit_flip,2686253,1,SILENT,0,decode
1987,random_bytes,3150823,16,SILENT,0,decode
1988,zeroed_run,2379106,2443,SILENT,0,decode
1989,truncation,1842710,7746468,caught,68,decode
1990,header,789,1,SILENT,0,decode
1991,payload,6962014,1,caught,66,decode
1992,bit_flip,4521120,1,caught,66,decode
1993,random_bytes,1725603,1,caught,66,decode
1994,zeroed_run,9236382,428,SILENT,0,decode
1995,truncation,8321897,1267281,caught,68,decode
1996,header,524,1,caught,66,decode
1997,payload,174455,1,SILENT,0,decode
1998,bit_flip,7112009,1,SILENT,0,decode
1999,random_bytes,8919668,1,caught,66,decode
2000,zeroed_run,5703855,1433,SILENT,0,decode
2001,truncation,4631013,4958165,caught,68,decode
2002,header,724,1,SILENT,0,decode
2003,payload,19068,1,SILENT,0,decode
2004,bit_flip,5618149,1,caught,66,decode
2005,random_bytes,6637193,10,SILENT,0,decode
2006,zeroed_run,4039924,918,SILENT,0,decode
2007,truncation,4135072,5454106,caught,68,decode
2008,header,902,1,SILENT,0,decode
2009,payload,5768847,1,SILENT,0,decode
2010,bit_flip,4415618,1,SILENT,0,decode
2011,random_bytes,8481994,14,caught,66,decode
2012,zeroed_run,4150270,1681,SILENT,0,decode
2013,truncation,1140860,8448318,caught,68,decode
2014,header,29,1,SILENT,0,decode
2015,payload,4023228,1,SILENT,0,decode
2016,bit_flip,6462743,1,SILENT,0,decode
2017,random_bytes,9305239,7,SILENT,0,decode
2018,zeroed_run,14907,1407,caught,66,decode
2019,truncation,567966,9021212,caught,68,decode
2020,header,535,1,SILENT,0,decode
2021,payload,366148,1,SILENT,0,decode
2022,bit_flip,5763997,1,caught,66,decode
2023,random_bytes,3367575,16,caught,66,decode
2024,zeroed_run,1311083,2287,SILENT,0,decode
2025,truncation,5811571,3777607,caught,68,decode
2026,header,800,1,SILENT,0,decode
2027,payload,1702662,1,SILENT,0,decode
2028,bit_flip,9582831,1,SILENT,0,decode
2029,random_bytes,991680,9,SILENT,0,decode
2030,zeroed_run,1427533,1967,SILENT,0,decode
2031,truncation,4426868,5162310,caught,68,decode
2032,header,72,1,SILENT,0,decode
2033,payload,2757238,1,SILENT,0,decode
2034,bit_flip,4661035,1,SILENT,0,decode
2035,random_bytes,6941279,14,caught,66,decode
2036,zeroed_run,2326016,1575,SILENT,0,decode
2037,truncation,4415018,5174160,caught,68,decode
2038,header,999,1,SILENT,0,decode
2039,payload,3312816,1,SILENT,0,decode
2040,bit_flip,5303013,1,SILENT,0,decode
2041,random_bytes,2337006,5,caught,66,decode
2042,zeroed_run,2146968,979,SILENT,0,decode
2043,truncation,2659085,6930093,caught,68,decode
2044,header,554,1,SILENT,0,decode
2045,payload,2144581,1,SILENT,0,decode
2046,bit_flip,8118236,1,SILENT,0,decode
2047,random_bytes,6984078,3,caught,66,decode
2048,zeroed_run,5344364,2001,SILENT,0,decode
2049,truncation,8182160,1407018,caught,68,decode
2050,header,202,1,caught,66,decode
2051,payload,5275964,1,SILENT,0,decode
2052,bit_flip,3943596,1,SILENT,0,decode
2053,random_bytes,5204316,9,caught,66,decode
2054,zeroed_run,5071674,2393,SILENT,0,decode
2055,truncation,7007983,2581195,caught,68,decode
2056,header,545,1,SILENT,0,decode
2057,payload,3721795,1,SILENT,0,decode
2058,bit_flip,7343558,1,SILENT,0,decode
2059,random_bytes,7154618,5,SILENT,0,decode
2060,zeroed_run,8543209,3363,SILENT,0,decode
2061,truncation,2624250,6964928,caught,68,decode
2062,header,669,1,SILENT,0,decode
2063,payload,182332,1,SILENT,0,decode
2064,bit_flip,4031607,1,SILENT,0,decode
2065,random_bytes,1059294,15,caught,66,decode
2066,zeroed_run,6531147,3512,SILENT,0,decode
2067,truncation,6725820,2863358,caught,68,decode
2068,header,76,1,SILENT,0,decode
2069,payload,3712003,1,SILENT,0,decode
2070,bit_flip,9492041,1,caught,66,decode
2071,random_bytes,1954003,7,caught,66,decode
2072,zeroed_run,5365882,913,SILENT,0,decode
2073,truncation,4650451,4938727,caught,68,decode
2074,header,202,1,caught,66,decode
2075,payload,5348537,1,SILENT,0,decode
2076,bit_flip,6631174,1,caught,66,decode
2077,random_bytes,3175574,6,caught,66,decode
2078,zeroed_run,3017515,1313,SILENT,0,decode
2079,truncation,5419699,4169479,caught,68,decode
2080,header,829,1,caught,66,decode
2081,payload,128571,1,SILENT,0,decode
2082,bit_flip,5962931,1,SILENT,0,decode
2083,random_bytes,8899757,16,SILENT,0,decode
2084,zeroed_run,1085532,1824,SILENT,0,decode
2085,truncation,9060437,528741,caught,68,decode
2086,header,291,1,SILENT,0,decode
2087,payload,7946828,1,SILENT,0,decode
2088,bit_flip,6733317,1,SILENT,0,decode
2089,random_bytes,9284426,1,caught,66,decode
2090,zeroed_run,325572,1359,SILENT,0,decode
2091,truncation,4525151,5064027,caught,68,decode
2092,header,565,1,SILENT,0,decode
2093,payload,3366047,1,SILENT,0,decode
2094,bit_flip,2888674,1,SILENT,0,decode
2095,random_bytes,7283292,1,caught,66,decode
2096,zeroed_run,428057,405,SILENT,0,decode
2097,truncation,7638715,1950463,caught,68,decode
2098,header,398,1,caught,66,decode
2099,payload,8285773,1,SILENT,0,decode
2100,bit_flip,2422815,1,SILENT,0,decode
2101,random_bytes,7601346,16,SILENT,0,decode
2102,zeroed_run,5274630,1201,SILENT,0,decode
2103,truncation,4035399,5553779,caught,68,decode
2104,header,1009,1,SILENT,0,decode
2105,payload,1502499,1,caught,66,decode
2106,bit_flip,7266213,1,SILENT,0,decode
2107,random_bytes,5887614,9,SILENT,0,decode
2108,zeroed_run,3109811,674,SILENT,0,decode
2109,truncation,2718604,6870574,caught,68,decode
2110,header,1020,1,caught,66,decode
2111,payload,6953841,1,SILENT,0,decode
2112,bit_flip,4606261,1,SILENT,0,decode
2113,random_bytes,5814681,10,caught,66,decode
2114,zeroed_run,2017915,2444,SILENT,0,decode
2115,truncation,5812499,3776679,caught,68,decode
2116,header,802,1,caught,66,decode
2117,payload,6741731,1,SILENT,0,decode
2118,bit_flip,3663059,1,caught,66,decode
2119,random_bytes,6576279,11,caught,66,decode
2120,zeroed_run,8025305,3793,SILENT,0,decode
2121,truncation,2607306,6981872,caught,68,decode
2122,header,419,1,SILENT,0,decode
2123,payload,4475019,1,SILENT,0,decode
2124,bit_flip,3032111,1,SILENT,0,decode
2125,random_bytes,4742088,1,SILENT,0,decode
2126,zeroed_run,7870381,2646,SILENT,0,decode
2127,truncation,858655,8730523,caught,68,decode
2128,header,127,1,SILENT,0,decode
2129,payload,2539061,1,caught,66,decode
2130,bit_flip,153642,1,SILENT,0,decode
2131,random_bytes,3253195,10,caught,66,decode
2132,zeroed_run,6618339,3646,SILENT,0,decode
2133,truncation,1956568,7632610,caught,68,decode
2134,header,952,1,SILENT,0,decode
2135,payload,8457608,1,caught,66,decode
2136,bit_flip,195508,1,caught,66,decode
2137,random_bytes,5162696,11,SILENT,0,decode
2138,zeroed_run,7661670,281,SILENT,0,decode
2139,truncation,239318,9349860,caught,68,decode
2140,header,171,1,SILENT,0,decode
2141,payload,8926866,1,caught,66,decode
2142,bit_flip,2108276,1,SILENT,0,decode
2143,random_bytes,7957425,14,SILENT,0,decode
2144,zeroed_run,160838,1425,SILENT,0,decode
2145,truncation,908427,8680751,caught,68,decode
2146,header,75,1,SILENT,0,decode
2147,payload,5783553,1,SILENT,0,decode
2148,bit_flip,4523508,1,SILENT,0,decode
2149,random_bytes,4864513,10,SILENT,0,decode
2150,zeroed_run,2199109,1697,SILENT,0,decode
2151,truncation,3554667,6034511,caught,68,decode
2152,header,184,1,SILENT,0,decode
2153,payload,234367,1,SILENT,0,decode
2154,bit_flip,4269358,1,SILENT,0,decode
2155,random_bytes,7684483,8,SILENT,0,decode
2156,zeroed_run,762098,3892,SILENT,0,decode
2157,truncation,1134859,8454319,caught,68,decode
2158,header,73,1,SILENT,0,decode
2159,payload,4686276,1,SILENT,0,decode
2160,bit_flip,1526593,1,caught,66,decode
2161,random_bytes,6291104,10,caught,66,decode
2162,zeroed_run,1946338,2407,SILENT,0,decode
2163,truncation,1890214,7698964,caught,68,decode
2164,header,421,1,SILENT,0,decode
2165,payload,6132519,1,caught,66,decode
2166,bit_flip,102633,1,SILENT,0,decode
2167,random_bytes,7650055,4,caught,66,decode
2168,zeroed_run,5629807,120,SILENT,0,decode
2169,truncation,7992697,1596481,caught,68,decode
2170,header,288,1,SILENT,0,decode
2171,payload,2363881,1,SILENT,0,decode
2172,bit_flip,2469569,1,SILENT,0,decode
2173,random_bytes,8395660,5,SILENT,0,decode
2174,zeroed_run,6649840,3659,SILENT,0,decode
2175,truncation,6986875,2602303,caught,68,decode
2176,header,417,1,caught,66,decode
2177,payload,4627898,1,SILENT,0,decode
2178,bit_flip,7500998,1,SILENT,0,decode
2179,random_bytes,1194051,3,caught,66,decode
2180,zeroed_run,6804196,3396,SILENT,0,decode
2181,truncation,7508629,2080549,caught,68,decode
2182,header,791,1,SILENT,0,decode
2183,payload,8548116,1,SILENT,0,decode
2184,bit_flip,4356478,1,SILENT,0,decode
2185,random_bytes,186346,10,SILENT,0,decode
2186,zeroed_run,4598611,2125,SILENT,0,decode
2187,truncation,1542726,8046452,caught,68,decode
2188,header,734,1,SILENT,0,decode
2189,payload,9516368,1,SILENT,0,decode
2190,bit_flip,205419,1,caught,66,decode
2191,random_bytes,2130458,5,caught,66,decode
2192,zeroed_run,3752743,194,SILENT,0,decode
2193,truncation,3515152,6074026,caught,68,decode
2194,header,916,1,SILENT,0,decode
2195,payload,7430111,1,SILENT,0,decode
2196,bit_flip,454010,1,SILENT,0,decode
2197,random_bytes,6388456,15,caught,66,decode
2198,zeroed_run,3759662,78,SILENT,0,decode
2199,truncation,6877541,2711637,caught,68,decode
2200,header,892,1,SILENT,0,decode
2201,payload,1400817,1,SILENT,0,decode
2202,bit_flip,8405821,1,SILENT,0,decode
2203,random_bytes,2197532,10,caught,66,decode
2204,zeroed_run,3494358,1355,SILENT,0,decode
2205,truncation,4889278,4699900,caught,68,decode
2206,header,944,1,SILENT,0,decode
2207,payload,8410988,1,SILENT,0,decode
2208,bit_flip,1229053,1,SILENT,0,decode
2209,random_bytes,7261563,16,caught,66,decode
2210,zeroed_run,5464889,1075,SILENT,0,decode
2211,truncation,2372869,7216309,caught,68,decode
2212,header,337,1,SILENT,0,decode
2213,payload,5265777,1,SILENT,0,decode
2214,bit_flip,3855840,1,SILENT,0,decode
2215,random_bytes,213343,5,caught,66,decode
2216,zeroed_run,107646,511,SILENT,0,decode
2217,truncation,6032820,3556358,caught,68,decode
2218,header,348,1,SILENT,0,decode
2219,payload,1728544,1,SILENT,0,decode
2220,bit_flip,5797105,1,caught,66,decode
2221,random_bytes,1174244,14,SILENT,0,decode
2222,zeroed_run,8312117,416,SILENT,0,decode
2223,truncation,7760388,1828790,caught,68,decode
2224,header,480,1,SILENT,0,decode
2225,payload,8170639,1,SILENT,0,decode
2226,bit_flip,6310130,1,SILENT,0,decode
2227,random_bytes,1979058,12,caught,66,decode
2228,zeroed_run,4988840,203,SILENT,0,decode
2229,truncation,5710291,3878887,caught,68,decode
2230,header,954,1,SILENT,0,decode
2231,payload,2680512,1,SILENT,0,decode
2232,bit_flip,3329202,1,SILENT,0,decode
2233,random_bytes,2596246,12,caught,66,decode
2234,zeroed_run,6455086,2258,SILENT,0,decode
2235,truncation,3825524,5763654,caught,68,decode
2236,header,101,1,SILENT,0,decode
2237,payload,4025349,1,SILENT,0,decode
2238,bit_flip,719960,1,SILENT,0,decode
2239,random_bytes,6803402,9,caught,66,decode
2240,zeroed_run,8476960,838,SILENT,0,decode
2241,truncation,7174160,2415018,caught,68,decode
2242,header,202,1,caught,66,decode
2243,payload,4797437,1,SILENT,0,decode
2244,bit_flip,4753675,1,SILENT,0,decode
2245,random_bytes,4822090,4,caught,66,decode
2246,zeroed_run,2485817,3267,SILENT,0,decode
2247,truncation,2367679,7221499,caught,68,decode
2248,header,354,1,caught,66,decode
2249,payload,8947574,1,caught,66,decode
2250,bit_flip,8644498,1,SILENT,0,decode
2251,random_bytes,8309072,10,SILENT,0,decode
2252,zeroed_run,2218073,3463,SILENT,0,decode
2253,truncation,4220116,5369062,caught,68,decode
2254,header,33,1,SILENT,0,decode
2255,payload,3254977,1,caught,66,decode
2256,bit_flip,5860926,1,SILENT,0,decode
2257,random_bytes,3986945,12,SILENT,0,decode
2258,zeroed_run,6232744,41,caught,66,decode
2259,truncation,5474374,4114804,caught,68,decode
2260,header,461,1,caught,66,decode
2261,payload,5100013,1,SILENT,0,decode
2262,bit_flip,7759546,1,SILENT,0,decode
2263,random_bytes,5731097,16,caught,66,decode
2264,zeroed_run,5710719,3886,SILENT,0,decode
2265,truncation,9368109,221069,caught,68,decode
2266,header,864,1,SILENT,0,decode
2267,payload,3789694,1,SILENT,0,decode
2268,bit_flip,6523526,1,SILENT,0,decode
2269,random_bytes,7007646,4,SILENT,0,decode
2270,zeroed_run,4524832,2739,SILENT,0,decode
2271,truncation,5812198,3776980,caught,68,decode
2272,header,465,1,SILENT,0,decode
2273,payload,6048669,1,SILENT,0,decode
2274,bit_flip,4763453,1,caught,66,decode
2275,random_bytes,9355786,7,SILENT,0,decode
2276,zeroed_run,2596081,1388,SILENT,0,decode
2277,truncation,4229202,5359976,caught,68,decode
2278,header,72,1,SILENT,0,decode
2279,payload,1119070,1,SILENT,0,decode
2280,bit_flip,4370392,1,SILENT,0,decode
2281,random_bytes,5505119,5,caught,66,decode
2282,zeroed_run,3016802,3631,SILENT,0,decode
2283,truncation,7035074,2554104,caught,68,decode
2284,header,99,1,SILENT,0,decode
2285,payload,1310450,1,SILENT,0,decode
2286,bit_flip,1883195,1,caught,66,decode
2287,random_bytes,8800430,1,SILENT,0,decode
2288,zeroed_run,257671,3418,SILENT,0,decode
2289,truncation,9340465,248713,caught,68,decode
2290,header,603,1,SILENT,0,decode
2291,payload,5839198,1,caught,66,decode
2292,bit_flip,8253850,1,SILENT,0,decode
2293,random_bytes,7445682,15,caught,66,decode
2294,zeroed_run,4210382,3205,SILENT,0,decode
2295,truncation,8517093,1072085,caught,68,decode
2296,header,561,1,caught,66,decode
2297,payload,3491046,1,SILENT,0,decode
2298,bit_flip,6497677,1,SILENT,0,decode
2299,random_bytes,2819965,4,SILENT,0,decode
2300,zeroed_run,406331,4038,SILENT,0,decode
2301,truncation,7356125,2233053,caught,68,decode
2302,header,572,1,SILENT,0,decode
2303,payload,2909,1,caught,66,decode
2304,bit_flip,6798434,1,SILENT,0,decode
2305,random_bytes,1646516,7,SILENT,0,decode
2306,zeroed_run,4365908,1980,SILENT,0,decode
2307,truncation,3876755,5712423,caught,68,decode
2308,header,632,1,caught,66,decode
2309,payload,6770904,1,SILENT,0,decode
2310,bit_flip,9213645,1,SILENT,0,decode
2311,random_bytes,81348,8,SILENT,0,decode
2312,zeroed_run,7305888,3038,SILENT,0,decode
2313,truncation,6358031,3231147,caught,68,decode
2314,header,330,1,caught,66,decode
2315,payload,7812756,1,SILENT,0,decode
2316,bit_flip,5627443,1,SILENT,0,decode
2317,random_bytes,338465,9,caught,66,decode
2318,zeroed_run,7406286,748,SILENT,0,decode
2319,truncation,6105496,3483682,caught,68,decode
2320,header,21,1,SILENT,0,decode
2321,payload,6244122,1,caught,66,decode
2322,bit_flip,8702381,1,SILENT,0,decode
2323,random_bytes,7009655,4,SILENT,0,decode
2324,zeroed_run,2364306,1703,SILENT,0,decode
2325,truncation,8240271,1348907,caught,68,decode
2326,header,389,1,SILENT,0,decode
2327,payload,6690101,1,SILENT,0,decode
2328,bit_flip,8852859,1,SILENT,0,decode
2329,random_bytes,7102908,5,SILENT,0,decode
2330,zeroed_run,8742880,665,SILENT,0,decode
2331,truncation,8927842,661336,caught,68,decode
2332,header,49,1,SILENT,0,decode
2333,payload,6251401,1,SILENT,0,decode
2334,bit_flip,1882818,1,SILENT,0,decode
2335,random_bytes,6996864,4,SILENT,0,decode
2336,zeroed_run,7290448,2211,SILENT,0,decode
2337,truncation,2486549,7102629,caught,68,decode
2338,header,848,1,SILENT,0,decode
2339,payload,7867741,1,caught,66,decode
2340,bit_flip,8611276,1,caught,66,decode
2341,random_bytes,9156331,12,caught,66,decode
2342,zeroed_run,6808816,297,SILENT,0,decode
2343,truncation,7382924,2206254,caught,68,decode
2344,header,128,1,SILENT,0,decode
2345,payload,3928985,1,SILENT,0,decode
2346,bit_flip,6690098,1,SILENT,0,decode
2347,random_bytes,6048297,7,caught,66,decode
2348,zeroed_run,3035211,584,SILENT,0,decode
2349,truncation,6633514,2955664,caught,68,decode
2350,header,872,1,caught,66,decode
2351,payload,537467,1,caught,66,decode
2352,bit_flip,9340012,1,SILENT,0,decode
2353,random_bytes,8081969,11,SILENT,0,decode
2354,zeroed_run,4637164,2709,SILENT,0,decode
2355,truncation,996765,8592413,caught,68,decode
2356,header,298,1,caught,66,decode
2357,payload,7439732,1,SILENT,0,decode
2358,bit_flip,1236247,1,SILENT,0,decode
2359,random_bytes,6944717,12,caught,66,decode
2360,zeroed_run,1214616,3044,SILENT,0,decode
2361,truncation,3840605,5748573,caught,68,decode
2362,header,14,1,SILENT,0,decode
2363,payload,5776469,1,SILENT,0,decode
2364,bit_flip,7711343,1,SILENT,0,decode
2365,random_bytes,8931725,9,caught,66,decode
2366,zeroed_run,7090571,83,SILENT,0,decode
2367,truncation,4463793,5125385,caught,68,decode
2368,header,586,1,SILENT,0,decode
2369,payload,2491895,1,SILENT,0,decode
2370,bit_flip,9104533,1,SILENT,0,decode
2371,random_bytes,732025,9,SILENT,0,decode
2372,zeroed_run,5125482,3463,SILENT,0,decode
2373,truncation,73539,9515639,caught,68,decode
2374,header,347,1,caught,66,decode
2375,payload,4809139,1,caught,66,decode
2376,bit_flip,7594225,1,caught,66,decode
2377,random_bytes,9033328,2,caught,66,decode
2378,zeroed_run,2472150,2357,SILENT,0,decode
2379,truncation,7963696,1625482,caught,68,decode
2380,header,69,1,SILENT,0,decode
2381,payload,6302896,1,SILENT,0,decode
2382,bit_flip,1500287,1,caught,66,decode
2383,random_bytes,7474621,6,caught,66,decode
2384,zeroed_run,2467674,501,SILENT,0,decode
2385,truncation,6756233,2832945,caught,68,decode
2386,header,486,1,SILENT,0,decode
2387,payload,5053704,1,SILENT,0,decode
2388,bit_flip,7943950,1,SILENT,0,decode
2389,random_bytes,4995118,4,SILENT,0,decode
2390,zeroed_run,5243735,3964,SILENT,0,decode
2391,truncation,7882694,1706484,caught,68,decode
2392,header,181,1,SILENT,0,decode
2393,payload,4765922,1,SILENT,0,decode
2394,bit_flip,9019050,1,harmless,0,decode
2395,random_bytes,5388811,10,caught,66,decode
2396,zeroed_run,2544770,1968,SILENT,0,decode
2397,truncation,69328,9519850,caught,68,decode
2398,header,56,1,SILENT,0,decode
2399,payload,5079152,1,SILENT,0,decode
2400,bit_flip,623264,1,SILENT,0,decode
2401,random_bytes,7891874,7,SILENT,0,decode
2402,zeroed_run,9157398,3201,SILENT,0,decode
2403,truncation,7065990,2523188,caught,68,decode
2404,header,613,1,SILENT,0,decode
2405,payload,3840223,1,SILENT,0,decode
2406,bit_flip,5048645,1,SILENT,0,decode
2407,random_bytes,7273624,3,caught,66,decode
2408,zeroed_run,5028000,1040,SILENT,0,decode
2409,truncation,6877859,2711319,caught,68,decode
2410,header,96,1,SILENT,0,decode
2411,payload,2478227,1,SILENT,0,decode
2412,bit_flip,5889758,1,SILENT,0,decode
2413,random_bytes,6276708,4,caught,66,decode
2414,zeroed_run,7105335,3596,SILENT,0,decode
2415,truncation,1052850,8536328,caught,68,decode
2416,header,390,1,SILENT,0,decode
2417,payload,69065,1,SILENT,0,decode
2418,bit_flip,3042015,1,SILENT,0,decode
2419,random_bytes,5322954,11,SILENT,0,decode
2420,zeroed_run,7215997,1533,SILENT,0,decode
2421,truncation,4572876,5016302,caught,68,decode
2422,header,420,1,SILENT,0,decode
2423,payload,9575561,1,caught,66,decode
2424,bit_flip,6254224,1,SILENT,0,decode
2425,random_bytes,3408382,13,SILENT,0,decode
2426,zeroed_run,8581073,3909,SILENT,0,decode
2427,truncation,2335696,7253482,caught,68,decode
2428,header,926,1,caught,66,decode
2429,payload,2864984,1,SILENT,0,decode
2430,bit_flip,7919955,1,SILENT,0,decode
2431,random_bytes,8114928,12,SILENT,0,decode
2432,zeroed_run,5566555,2002,SILENT,0,decode
2433,truncation,8925162,664016,caught,68,decode
2434,header,449,1,SILENT,0,decode
2435,payload,6741652,1,SILENT,0,decode
2436,bit_flip,6090754,1,SILENT,0,decode
2437,random_bytes,7356931,7,caught,66,decode
2438,zeroed_run,9282738,319,SILENT,0,decode
2439,truncation,4533811,5055367,caught,68,decode
2440,header,396,1,SILENT,0,decode
2441,payload,295699,1,SILENT,0,decode
2442,bit_flip,6604607,1,SILENT,0,decode
2443,random_bytes,2488700,2,caught,66,decode
2444,zeroed_run,1695545,404,SILENT,0,decode
2445,truncation,777869,8811309,caught,68,decode
2446,header,565,1,caught,66,decode
2447,payload,3073719,1,SILENT,0,decode
2448,bit_flip,2603167,1,SILENT,0,decode
2449,random_bytes,7606230,14,caught,66,decode
2450,zeroed_run,8501590,3856,SILENT,0,decode
2451,truncation,6613701,2975477,caught,68,decode
2452,header,436,1,SILENT,0,decode
2453,payload,2181865,1,SILENT,0,decode
2454,bit_flip,1626119,1,SILENT,0,decode
2455,random_bytes,5761972,13,caught,66,decode
2456,zeroed_run,6338118,3331,SILENT,0,decode
2457,truncation,3450391,6138787,caught,68,decode
2458,header,889,1,SILENT,0,decode
2459,payload,3898981,1,SILENT,0,decode
2460,bit_flip,3064734,1,SILENT,0,decode
2461,random_bytes,2537515,15,SILENT,0,decode
2462,zeroed_run,3637510,4092,SILENT,0,decode
2463,truncation,6081510,3507668,caught,68,decode
2464,header,976,1,caught,66,decode
2465,payload,2879080,1,SILENT,0,decode
2466,bit_flip,5265178,1,SILENT,0,decode
2467,random_bytes,4066388,15,caught,66,decode
2468,zeroed_run,6901652,41,SILENT,0,decode
2469,truncation,6254374,3334804,caught,68,decode
2470,header,625,1,SILENT,0,decode
2471,payload,8113640,1,SILENT,0,decode
2472,bit_flip,6974489,1,SILENT,0,decode
2473,random_bytes,3874138,2,SILENT,0,decode
2474,zeroed_run,3256738,3192,SILENT,0,decode
2475,truncation,7202037,2387141,caught,68,decode
2476,header,465,1,SILENT,0,decode
2477,payload,8044054,1,caught,66,decode
2478,bit_flip,9401233,1,SILENT,0,decode
2479,random_bytes,7183473,10,caught,66,decode
2480,zeroed_run,440381,3242,SILENT,0,decode
2481,truncation,5681539,3907639,caught,68,decode
2482,header,512,1,SILENT,0,decode
2483,payload,7443619,1,caught,66,decode
2484,bit_flip,5744591,1,SILENT,0,decode
2485,random_bytes,3445938,1,caught,66,decode
2486,zeroed_run,4795252,1803,caught,66,decode
2487,truncation,2443084,7146094,caught,68,decode
2488,header,639,1,caught,66,decode
2489,payload,1734487,1,SILENT,0,decode
2490,bit_flip,3453031,1,caught,66,decode
2491,random_bytes,2064446,13,SILENT,0,decode
2492,zeroed_run,5193864,807,SILENT,0,decode
2493,truncation,742461,8846717,caught,68,decode
2494,header,213,1,SILENT,0,decode
2495,payload,2922195,1,caught,66,decode
2496,bit_flip,5937890,1,SILENT,0,decode
2497,random_bytes,6932654,11,caught,66,decode
2498,zeroed_run,992332,3599,SILENT,0,decode
2499,truncation,4430073,5159105,caught,68,decode
2500,header,397,1,caught,66,decode
2501,payload,6691717,1,SILENT,0,decode
2502,bit_flip,9471577,1,SILENT,0,decode
2503,random_bytes,3368457,9,caught,66,decode
2504,zeroed_run,5015346,1783,SILENT,0,decode
2505,truncation,3143280,6445898,caught,68,decode
2506,header,426,1,SILENT,0,decode
2507,payload,757233,1,SILENT,0,decode
2508,bit_flip,8966856,1,SILENT,0,decode
2509,random_bytes,3793002,13,SILENT,0,decode
2510,zeroed_run,4671030,3851,SILENT,0,decode
2511,truncation,5206102,4383076,caught,68,decode
2512,header,946,1,SILENT,0,decode
2513,payload,9205931,1,SILENT,0,decode
2514,bit_flip,337305,1,SILENT,0,decode
2515,random_bytes,4708764,15,SILENT,0,decode
2516,zeroed_run,5404512,2307,SILENT,0,decode
2517,truncation,8859711,729467,caught,68,decode
2518,header,15,1,SILENT,0,decode
2519,payload,5431808,1,SILENT,0,decode
2520,bit_flip,678109,1,SILENT,0,decode
2521,random_bytes,1141571,10,SILENT,0,decode
2522,zeroed_run,4186711,3608,SILENT,0,decode
2523,truncation,1887007,7702171,caught,68,decode
2524,header,19,1,SILENT,0,decode
2525,payload,2819461,1,SILENT,0,decode
2526,bit_flip,3297463,1,SILENT,0,decode
2527,random_bytes,1537896,7,caught,66,decode
2528,zeroed_run,1507989,1917,SILENT,0,decode
2529,truncation,3604070,5985108,caught,68,decode
2530,header,72,1,SILENT,0,decode
2531,payload,8465726,1,SILENT,0,decode
2532,bit_flip,1239375,1,SILENT,0,decode
2533,random_bytes,2958258,6,SILENT,0,decode
2534,zeroed_run,6553126,1990,SILENT,0,decode
2535,truncation,4893816,4695362,caught,68,decode
2536,header,565,1,caught,66,decode
2537,payload,4856559,1,SILENT,0,decode
2538,bit_flip,225097,1,SILENT,0,decode
2539,random_bytes,3120261,8,caught,66,decode
2540,zeroed_run,9475567,2984,SILENT,0,decode
2541,truncation,6499144,3090034,caught,68,decode
2542,header,950,1,caught,66,decode
2543,payload,2397692,1,caught,66,decode
2544,bit_flip,9561470,1,SILENT,0,decode
2545,random_bytes,7714847,9,SILENT,0,decode
2546,zeroed_run,8614254,2861,SILENT,0,decode
2547,truncation,970311,8618867,caught,68,decode
2548,header,78,1,caught,66,decode
2549,payload,6463160,1,SILENT,0,decode
2550,bit_flip,3538953,1,caught,66,decode
2551,random_bytes,1749700,12,caught,66,decode
2552,zeroed_run,1798033,1060,SILENT,0,decode
2553,truncation,6269058,3320120,caught,68,decode
2554,header,146,1,SILENT,0,decode
2555,payload,3109474,1,SILENT,0,decode
2556,bit_flip,4862311,1,SILENT,0,decode
2557,random_bytes,7513903,11,caught,66,decode
2558,zeroed_run,5158810,1500,SILENT,0,decode
2559,truncation,2046669,7542509,caught,68,decode
2560,header,613,1,SILENT,0,decode
2561,payload,1588302,1,caught,66,decode
2562,bit_flip,5330464,1,SILENT,0,decode
2563,random_bytes,4830136,15,caught,66,decode
2564,zeroed_run,8798428,3766,SILENT,0,decode
2565,truncation,5202229,4386949,caught,68,decode
2566,header,439,1,caught,66,decode
2567,payload,2161511,1,SILENT,0,decode
2568,bit_flip,4213787,1,SILENT,0,decode
2569,random_bytes,5738852,2,caught,66,decode
2570,zeroed_run,7077431,2385,SILENT,0,decode
2571,truncation,8565449,1023729,caught,68,decode
2572,header,432,1,SILENT,0,decode
2573,payload,3244309,1,SILENT,0,decode
2574,bit_flip,3887345,1,SILENT,0,decode
2575,random_bytes,2870082,13,caught,66,decode
2576,zeroed_run,8758138,2022,SILENT,0,decode
2577,truncation,4500803,5088375,caught,68,decode
2578,header,288,1,SILENT,0,decode
2579,payload,3567583,1,SILENT,0,decode
2580,bit_flip,9345644,1,SILENT,0,decode
2581,random_bytes,5033373,15,caught,66,decode
2582,zeroed_run,175812,1196,SILENT,0,decode
2583,truncation,7278399,2310779,caught,68,decode
2584,header,109,1,caught,66,decode
2585,payload,1362811,1,SILENT,0,decode
2586,bit_flip,9513472,1,SILENT,0,decode
2587,random_bytes,5960662,14,SILENT,0,decode
2588,zeroed_run,8881946,2890,SILENT,0,decode
2589,truncation,7208676,2380502,caught,68,decode
2590,header,452,1,caught,66,decode
2591,payload,3602856,1,SILENT,0,decode
2592,bit_flip,2437672,1,caught,66,decode
2593,random_bytes,4504047,2,SILENT,0,decode
2594,zeroed_run,6221628,3624,SILENT,0,decode
2595,truncation,313041,9276137,caught,68,decode
2596,header,113,1,caught,66,decode
2597,payload,5849884,1,SILENT,0,decode
2598,bit_flip,3232881,1,SILENT,0,decode
2599,random_bytes,3157509,15,caught,66,decode
2600,zeroed_run,2334374,599,SILENT,0,decode
2601,truncation,4543106,5046072,caught,68,decode
2602,header,943,1,SILENT,0,decode
2603,payload,1879479,1,caught,66,decode
2604,bit_flip,3616963,1,SILENT,0,decode
2605,random_bytes,1392088,13,SILENT,0,decode
2606,zeroed_run,2177025,2741,SILENT,0,decode
2607,truncation,3929594,5659584,caught,68,decode
2608,header,205,1,SILENT,0,decode
2609,payload,8829702,1,caught,66,decode
2610,bit_flip,9207479,1,caught,66,decode
2611,random_bytes,2342404,10,caught,66,decode
2612,zeroed_run,5015972,668,SILENT,0,decode
2613,truncation,2947315,6641863,caught,68,decode
2614,header,938,1,caught,66,decode
2615,payload,4478056,1,SILENT,0,decode
2616,bit_flip,4459891,1,SILENT,0,decode
2617,random_bytes,8184925,13,caught,66,decode
2618,zeroed_run,145546,729,SILENT,0,decode
2619,truncation,727627,8861551,caught,68,decode
2620,header,974,1,SILENT,0,decode
2621,payload,4268244,1,SILENT,0,decode
2622,bit_flip,8060910,1,SILENT,0,decode
2623,random_bytes,7424309,2,SILENT,0,decode
2624,zeroed_run,9584385,2151,SILENT,0,decode
2625,truncation,357286,9231892,caught,68,decode
2626,header,236,1,SILENT,0,decode
2627,payload,4365009,1,SILENT,0,decode
2628,bit_flip,3302571,1,SILENT,0,decode
2629,random_bytes,5128915,10,caught,66,decode
2630,zeroed_run,9148059,2776,SILENT,0,decode
2631,truncation,7109690,2479488,caught,68,decode
2632,header,145,1,SILENT,0,decode
2633,payload,6571106,1,SILENT,0,decode
2634,bit_flip,1577305,1,SILENT,0,decode
2635,random_bytes,5853715,11,SILENT,0,decode
2636,zeroed_run,5824056,1754,SILENT,0,decode
2637,truncation,2934278,6654900,caught,68,decode
2638,header,352,1,SILENT,0,decode
2639,payload,3387687,1,SILENT,0,decode
2640,bit_flip,89354,1,SILENT,0,decode
2641,random_bytes,4769976,9,caught,66,decode
2642,zeroed_run,3859440,874,SILENT,0,decode
2643,truncation,7060324,2528854,caught,68,decode
2644,header,234,1,SILENT,0,decode
2645,payload,3123000,1,SILENT,0,decode
2646,bit_flip,4812208,1,SILENT,0,decode
2647,random_bytes,7256214,12,caught,66,decode
2648,zeroed_run,3692229,101,SILENT,0,decode
2649,truncation,8465906,1123272,caught,68,decode
2650,header,59,1,SILENT,0,decode
2651,payload,5714305,1,caught,66,decode
2652,bit_flip,2709892,1,caught,66,decode
2653,random_bytes,8544410,11,caught,66,decode
2654,zeroed_run,4912933,3998,SILENT,0,decode
2655,truncation,6220606,3368572,caught,68,decode
2656,header,895,1,caught,66,decode
2657,payload,1100229,1,SILENT,0,decode
2658,bit_flip,2372809,1,SILENT,0,decode
2659,random_bytes,9425514,6,caught,66,decode
2660,zeroed_run,9570624,3248,SILENT,0,decode
2661,truncation,8331195,1257983,caught,68,decode
2662,header,29,1,SILENT,0,decode
2663,payload,1899491,1,SILENT,0,decode
2664,bit_flip,6331426,1,SILENT,0,decode
2665,random_bytes,4855304,1,SILENT,0,decode
2666,zeroed_run,1882688,175,SILENT,0,decode
2667,truncation,6403320,3185858,caught,68,decode
2668,header,909,1,caught,66,decode
2669,payload,3387031,1,caught,66,decode
2670,bit_flip,8843977,1,SILENT,0,decode
2671,random_bytes,4267034,8,SILENT,0,decode
2672,zeroed_run,614719,1950,SILENT,0,decode
2673,truncation,5501529,4087649,caught,68,decode
2674,header,221,1,SILENT,0,decode
2675,payload,7215559,1,SILENT,0,decode
2676,bit_flip,9220828,1,caught,66,decode
2677,random_bytes,3397525,3,caught,66,decode
2678,zeroed_run,4355475,3744,SILENT,0,decode
2679,truncation,5407432,4181746,caught,68,decode
2680,header,767,1,caught,66,decode
2681,payload,6292471,1,caught,66,decode
2682,bit_flip,3275295,1,SILENT,0,decode
2683,random_bytes,7231238,3,caught,66,decode
2684,zeroed_run,8534240,2317,SILENT,0,decode
2685,truncation,2880557,6708621,caught,68,decode
2686,header,284,1,SILENT,0,decode
2687,payload,8121623,1,SILENT,0,decode
2688,bit_flip,6945965,1,SILENT,0,decode
2689,random_bytes,492198,16,caught,66,decode
2690,zeroed_run,3106635,3705,SILENT,0,decode
2691,truncation,947044,8642134,caught,68,decode
2692,header,21,1,SILENT,0,decode
2693,payload,2795882,1,SILENT,0,decode
2694,bit_flip,2454367,1,caught,66,decode
2695,random_bytes,9110273,15,caught,66,decode
2696,zeroed_run,2143173,977,SILENT,0,decode
2697,truncation,2695727,6893451,caught,68,decode
2698,header,480,1,SILENT,0,decode
2699,payload,8061918,1,SILENT,0,decode
2700,bit_flip,6069411,1,SILENT,0,decode
2701,random_bytes,3061375,12,caught,66,decode
2702,zeroed_run,162956,3950,SILENT,0,decode
2703,truncation,8479642,1109536,caught,68,decode
2704,header,577,1,SILENT,0,decode
2705,payload,8521276,1,SILENT,0,decode
2706,bit_flip,891404,1,SILENT,0,decode
2707,random_bytes,2662454,14,caught,66,decode
2708,zeroed_run,5066450,1440,SILENT,0,decode
2709,truncation,8515954,1073224,caught,68,decode
2710,header,293,1,SILENT,0,decode
2711,payload,6508144,1,SILENT,0,decode
2712,bit_flip,5549697,1,caught,66,decode
2713,random_bytes,6466376,11,SILENT,0,decode
2714,zeroed_run,8381231,1674,SILENT,0,decode
2715,truncation,8676154,913024,caught,68,decode
2716,header,792,1,SILENT,0,decode
2717,payload,2047351,1,SILENT,0,decode
2718,bit_flip,2988239,1,SILENT,0,decode
2719,random_bytes,1549566,15,SILENT,0,decode
2720,zeroed_run,3271797,701,SILENT,0,decode
2721,truncation,6523620,3065558,caught,68,decode
2722,header,385,1,SILENT,0,decode
2723,payload,8113472,1,caught,66,decode
2724,bit_flip,8125549,1,SILENT,0,decode
2725,random_bytes,1584290,15,SILENT,0,decode
2726,zeroed_run,6435933,3147,SILENT,0,decode
2727,truncation,5460204,4128974,caught,68,decode
2728,header,359,1,caught,66,decode
2729,payload,7467662,1,SILENT,0,decode
2730,bit_flip,1602756,1,SILENT,0,decode
2731,random_bytes,6136942,11,caught,66,decode
2732,zeroed_run,7448397,3949,SILENT,0,decode
2733,truncation,6908528,2680650,caught,68,decode
2734,header,372,1,SILENT,0,decode
2735,payload,1649246,1,SILENT,0,decode
2736,bit_flip,2341291,1,SILENT,0,decode
2737,random_bytes,4258725,11,caught,66,decode
2738,zeroed_run,4157995,2888,SILENT,0,decode
2739,truncation,7497888,2091290,caught,68,decode
2740,header,1021,1,caught,66,decode
2741,payload,2529127,1,SILENT,0,decode
2742,bit_flip,2500362,1,SILENT,0,decode
2743,random_bytes,7501709,4,caught,66,decode
2744,zeroed_run,8558811,1851,SILENT,0,decode
2745,truncation,1209406,8379772,caught,68,decode
2746,header,2,1,caught,44,decode
2747,payload,8379087,1,SILENT,0,decode
2748,bit_flip,8066514,1,SILENT,0,decode
2749,random_bytes,5929947,9,SILENT,0,decode
2750,zeroed_run,3722424,3101,SILENT,0,decode
2751,truncation,8365366,1223812,caught,68,decode
2752,header,403,1,SILENT,0,decode
2753,payload,7791638,1,SILENT,0,decode
2754,bit_flip,1961484,1,SILENT,0,decode
2755,random_bytes,8229142,5,caught,66,decode
2756,zeroed_run,3542290,780,SILENT,0,decode
2757,truncation,5772836,3816342,caught,68,decode
2758,header,995,1,SILENT,0,decode
2759,payload,8378955,1,SILENT,0,decode
2760,bit_flip,3369897,1,SILENT,0,decode
2761,random_bytes,6290119,12,caught,66,decode
2762,zeroed_run,3967531,531,SILENT,0,decode
2763,truncation,7992937,1596241,caught,68,decode
2764,header,595,1,SILENT,0,decode
2765,payload,1636263,1,SILENT,0,decode
2766,bit_flip,5355701,1,caught,66,decode
2767,random_bytes,7632570,6,SILENT,0,decode
2768,zeroed_run,2026899,1598,SILENT,0,decode
2769,truncation,1119538,8469640,caught,68,decode
2770,header,615,1,SILENT,0,decode
2771,payload,6127045,1,SILENT,0,decode
2772,bit_flip,2401548,1,caught,66,decode
2773,random_bytes,2364556,4,SILENT,0,decode
2774,zeroed_run,3307532,3237,SILENT,0,decode
2775,truncation,2196457,7392721,caught,68,decode
2776,header,557,1,SILENT,0,decode
2777,payload,5177550,1,SILENT,0,decode
2778,bit_flip,1185649,1,SILENT,0,decode
2779,random_bytes,8528181,16,SILENT,0,decode
2780,zeroed_run,3635546,797,SILENT,0,decode
2781,truncation,6642444,2946734,caught,68,decode
2782,header,262,1,SILENT,0,decode
2783,payload,5771747,1,caught,66,decode
2784,bit_flip,7456052,1,SILENT,0,decode
2785,random_bytes,6798420,13,caught,66,decode
2786,zeroed_run,3788904,4089,SILENT,0,decode
2787,truncation,3602203,5986975,caught,68,decode
2788,header,331,1,caught,66,decode
2789,payload,5383398,1,SILENT,0,decode
2790,bit_flip,1981699,1,caught,66,decode
2791,random_bytes,1889348,3,caught,66,decode
2792,zeroed_run,2132427,523,SILENT,0,decode
2793,truncation,37209,9551969,caught,68,decode
2794,header,194,1,SILENT,0,decode
2795,payload,1670921,1,SILENT,0,decode
2796,bit_flip,8065915,1,SILENT,0,decode
2797,random_bytes,9554150,1,SILENT,0,decode
2798,zeroed_run,1866153,985,SILENT,0,decode
2799,truncation,9030150,559028,caught,68,decode
2800,header,618,1,SILENT,0,decode
2801,payload,4581607,1,SILENT,0,decode
2802,bit_flip,2712383,1,SILENT,0,decode
2803,random_bytes,7789833,2,caught,66,decode
2804,zeroed_run,6003728,1505,SILENT,0,decode
2805,truncation,3879241,5709937,caught,68,decode
2806,header,573,1,SILENT,0,decode
2807,payload,6899395,1,SILENT,0,decode
2808,bit_flip,7382263,1,SILENT,0,decode
2809,random_bytes,2776546,13,SILENT,0,decode
2810,zeroed_run,3987174,1810,SILENT,0,decode
2811,truncation,497216,9091962,caught,68,decode
2812,header,829,1,caught,66,decode
2813,payload,1466870,1,SILENT,0,decode
2814,bit_flip,4754344,1,SILENT,0,decode
2815,random_bytes,7575341,11,caught,66,decode
2816,zeroed_run,4403677,1373,SILENT,0,decode
2817,truncation,4344833,5244345,caught,68,decode
2818,header,828,1,caught,66,decode
2819,payload,465996,1,SILENT,0,decode
2820,bit_flip,462958,1,caught,66,decode
2821,random_bytes,8169635,7,SILENT,0,decode
2822,zeroed_run,8231628,2608,SILENT,0,decode
2823,truncation,3300020,6289158,caught,68,decode
2824,header,927,1,caught,66,decode
2825,payload,7370115,1,SILENT,0,decode
2826,bit_flip,7883566,1,SILENT,0,decode
2827,random_bytes,7657223,3,SILENT,0,decode
2828,zeroed_run,2545055,184,SILENT,0,decode
2829,truncation,6796336,2792842,caught,68,decode
2830,header,835,1,SILENT,0,decode
2831,payload,3217194,1,SILENT,0,decode
2832,bit_flip,1123866,1,SILENT,0,decode
2833,random_bytes,6177896,9,SILENT,0,decode
2834,zeroed_run,7097671,2574,SILENT,0,decode
2835,truncation,5338402,4250776,caught,68,decode
2836,header,341,1,SILENT,0,decode
2837,payload,7266672,1,SILENT,0,decode
2838,bit_flip,1163362,1,SILENT,0,decode
2839,random_bytes,3631432,16,SILENT,0,decode
2840,zeroed_run,3756457,2637,SILENT,0,decode
2841,truncation,3890399,5698779,caught,68,decode
2842,header,833,1,caught,66,decode
2843,payload,1301470,1,SILENT,0,decode
2844,bit_flip,4048599,1,SILENT,0,decode
2845,random_bytes,5757443,8,caught,66,decode
2846,zeroed_run,3439867,994,SILENT,0,decode
2847,truncation,1619361,7969817,caught,68,decode
2848,header,641,1,caught,66,decode
2849,payload,6445100,1,harmless,0,decode
2850,bit_flip,3681703,1,SILENT,0,decode
2851,random_bytes,9410638,14,caught,66,decode
2852,zeroed_run,5242524,2139,SILENT,0,decode
2853,truncation,1690466,7898712,caught,68,decode
2854,header,569,1,SILENT,0,decode
2855,payload,9471746,1,SILENT,0,decode
2856,bit_flip,5684870,1,SILENT,0,decode
2857,random_bytes,5311603,11,caught,66,decode
2858,zeroed_run,3276151,578,SILENT,0,decode
2859,truncation,618902,8970276,caught,68,decode
2860,header,473,1,caught,66,decode
2861,payload,1656232,1,SILENT,0,decode
2862,bit_flip,8631211,1,SILENT,0,decode
2863,random_bytes,8689970,10,SILENT,0,decode
2864,zeroed_run,7150244,857,SILENT,0,decode
2865,truncation,3196926,6392252,caught,68,decode
2866,header,466,1,SILENT,0,decode
2867,payload,2094963,1,caught,66,decode
2868,bit_flip,1182124,1,SILENT,0,decode
2869,random_bytes,9449583,9,SILENT,0,decode
2870,zeroed_run,3518081,1329,SILENT,0,decode
2871,truncation,7268904,2320274,caught,68,decode
2872,header,853,1,SILENT,0,decode
2873,payload,748378,1,SILENT,0,decode
2874,bit_flip,9422765,1,caught,66,decode
2875,random_bytes,5432749,14,SILENT,0,decode
2876,zeroed_run,7240179,3187,SILENT,0,decode
2877,truncation,3825916,5763262,caught,68,decode
2878,header,716,1,caught,66,decode
2879,payload,1256546,1,caught,66,decode
2880,bit_flip,8973148,1,SILENT,0,decode
2881,random_bytes,752054,14,SILENT,0,decode
2882,zeroed_run,2707541,909,SILENT,0,decode
2883,truncation,4014160,5575018,caught,68,decode
2884,header,157,1,SILENT,0,decode
2885,payload,8552900,1,caught,66,decode
2886,bit_flip,313600,1,caught,66,decode
2887,random_bytes,1638927,10,caught,66,decode
2888,zeroed_run,8903090,1814,SILENT,0,decode
2889,truncation,3414265,6174913,caught,68,decode
2890,header,719,1,caught,66,decode
2891,payload,9102475,1,caught,66,decode
2892,bit_flip,7895520,1,SILENT,0,decode
2893,random_bytes,631233,3,caught,66,decode
2894,zeroed_run,2822791,3263,SILENT,0,decode
2895,truncation,898884,8690294,caught,68,decode
2896,header,85,1,caught,66,decode
2897,payload,422958,1,SILENT,0,decode
2898,bit_flip,5958293,1,SILENT,0,decode
2899,random_bytes,8742767,3,caught,66,decode
2900,zeroed_run,8293975,1698,SILENT,0,decode
2901,truncation,11548,9577630,caught,68,decode
2902,header,902,1,SILENT,0,decode
2903,payload,8729788,1,SILENT,0,decode
2904,bit_flip,5964419,1,SILENT,0,decode
2905,random_bytes,8780554,15,caught,66,decode
2906,zeroed_run,8888583,909,SILENT,0,decode
2907,truncation,7920517,1668661,caught,68,decode
2908,header,253,1,SILENT,0,decode
2909,payload,5546484,1,SILENT,0,decode
2910,bit_flip,2946528,1,SILENT,0,decode
2911,random_bytes,8094546,4,caught,66,decode
2912,zeroed_run,1104542,1454,SILENT,0,decode
2913,truncation,3114021,6475157,caught,68,decode
2914,header,289,1,SILENT,0,decode
2915,payload,6521875,1,SILENT,0,decode
2916,bit_flip,1168993,1,SILENT,0,decode
2917,random_bytes,4486843,3,SILENT,0,decode
2918,zeroed_run,8831426,866,SILENT,0,decode
2919,truncation,7357297,2231881,caught,68,decode
2920,header,344,1,SILENT,0,decode
2921,payload,2478656,1,SILENT,0,decode
2922,bit_flip,5828928,1,SILENT,0,decode
2923,random_bytes,4216057,13,caught,66,decode
2924,zeroed_run,1504089,3137,SILENT,0,decode
2925,truncation,6165747,3423431,caught,68,decode
2926,header,138,1,caught,66,decode
2927,payload,6227162,1,SILENT,0,decode
2928,bit_flip,1298957,1,SILENT,0,decode
2929,random_bytes,3091998,15,SILENT,0,decode
2930,zeroed_run,3086407,623,SILENT,0,decode
2931,truncation,4332744,5256434,caught,68,decode
2932,header,321,1,caught,66,decode
2933,payload,7119350,1,SILENT,0,decode
2934,bit_flip,7153104,1,SILENT,0,decode
2935,random_bytes,2055599,13,SILENT,0,decode
2936,zeroed_run,8656364,3829,SILENT,0,decode
2937,truncation,4506726,5082452,caught,68,decode
2938,header,746,1,SILENT,0,decode
2939,payload,23255,1,SILENT,0,decode
2940,bit_flip,2038549,1,SILENT,0,decode
2941,random_bytes,4869224,6,caught,66,decode
2942,zeroed_run,8328505,50,SILENT,0,decode
2943,truncation,3092704,6496474,caught,68,decode
2944,header,652,1,SILENT,0,decode
2945,payload,5426630,1,caught,66,decode
2946,bit_flip,6584932,1,SILENT,0,decode
2947,random_bytes,8631837,16,SILENT,0,decode
2948,zeroed_run,8031562,3978,SILENT,0,decode
2949,truncation,5050390,4538788,caught,68,decode
2950,header,94,1,caught,66,decode
2951,payload,321229,1,SILENT,0,decode
2952,bit_flip,2727771,1,SILENT,0,decode
2953,random_bytes,8834217,16,SILENT,0,decode
2954,zeroed_run,1451213,2526,SILENT,0,decode
2955,truncation,7060828,2528350,caught,68,decode
2956,header,155,1,SILENT,0,decode
2957,payload,835054,1,caught,66,decode
2958,bit_flip,5830278,1,caught,66,decode
2959,random_bytes,7837236,11,SILENT,0,decode
2960,zeroed_run,982530,2412,SILENT,0,decode
2961,truncation,4265769,5323409,caught,68,decode
2962,header,233,1,SILENT,0,decode
2963,payload,8589056,1,caught,66,decode
2964,bit_flip,2390347,1,SILENT,0,decode
2965,random_bytes,1220152,7,caught,66,decode
2966,zeroed_run,3696315,685,SILENT,0,decode
2967,truncation,8479513,1109665,caught,68,decode
2968,header,814,1,SILENT,0,decode
2969,payload,1811194,1,SILENT,0,decode
2970,bit_flip,9562738,1,SILENT,0,decode
2971,random_bytes,1749694,9,caught,66,decode
2972,zeroed_run,1567404,2075,SILENT,0,decode
2973,truncation,4199255,5389923,caught,68,decode
2974,header,906,1,caught,66,decode
2975,payload,4040350,1,SILENT,0,decode
2976,bit_flip,3775667,1,caught,66,decode
2977,random_bytes,7614409,6,caught,66,decode
2978,zeroed_run,4930914,2891,SILENT,0,decode
2979,truncation,8028106,1561072,caught,68,decode
2980,header,278,1,caught,66,decode
2981,payload,7576115,1,SILENT,0,decode
2982,bit_flip,4424587,1,caught,66,decode
2983,random_bytes,6323953,8,caught,66,decode
2984,zeroed_run,8522041,1016,SILENT,0,decode
2985,truncation,9254208,334970,caught,68,decode
2986,header,358,1,SILENT,0,decode
2987,payload,7470007,1,SILENT,0,decode
2988,bit_flip,5910227,1,SILENT,0,decode
2989,random_bytes,2873538,12,SILENT,0,decode
2990,zeroed_run,2022460,2885,SILENT,0,decode
2991,truncation,2494973,7094205,caught,68,decode
2992,header,172,1,SILENT,0,decode
2993,payload,9516561,1,SILENT,0,decode
2994,bit_flip,6557848,1,harmless,0,decode
2995,random_bytes,7356051,3,caught,66,decode
2996,zeroed_run,1530825,180,SILENT,0,decode
2997,truncation,2047112,7542066,caught,68,decode
2998,header,64,1,caught,66,decode
2999,payload,4004609,1,caught,66,decode
3000,bit_flip,9423862,1,SILENT,0,decode
3001,random_bytes,4119978,12,SILENT,0,decode
3002,zeroed_run,5330057,1180,SILENT,0,decode
3003,truncation,7150954,2438224,caught,68,decode
3004,header,556,1,SILENT,0,decode
3005,payload,4819470,1,caught,66,decode
3006,bit_flip,4272930,1,SILENT,0,decode
3007,random_bytes,3693691,15,caught,66,decode
3008,zeroed_run,936062,690,SILENT,0,decode
3009,truncation,4190112,5399066,caught,68,decode
3010,header,211,1,SILENT,0,decode
3011,payload,9255568,1,caught,66,decode
3012,bit_flip,5655064,1,caught,66,decode
3013,random_bytes,3741018,13,caught,66,decode
3014,zeroed_run,4820440,2526,caught,66,decode
3015,truncation,2317377,7271801,caught,68,decode
3016,header,6,1,caught,66,decode
3017,payload,8780994,1,SILENT,0,decode
3018,bit_flip,6622341,1,SILENT,0,decode
3019,random_bytes,9493019,5,SILENT,0,decode
3020,zeroed_run,1858315,1293,SILENT,0,decode
3021,truncation,4634275,4954903,caught,68,decode
3022,header,674,1,SILENT,0,decode
3023,payload,6373205,1,SILENT,0,decode
3024,bit_flip,476873,1,SILENT,0,decode
3025,random_bytes,3151098,6,caught,66,decode
3026,zeroed_run,8784876,3943,SILENT,0,decode
3027,truncation,6914560,2674618,caught,68,decode
3028,header,305,1,caught,66,decode
3029,payload,2446078,1,SILENT,0,decode
3030,bit_flip,6492275,1,SILENT,0,decode
3031,random_bytes,349467,7,caught,66,decode
3032,zeroed_run,8467444,1493,SILENT,0,decode
3033,truncation,4115065,5474113,caught,68,decode
3034,header,595,1,SILENT,0,decode
3035,payload,275862,1,caught,66,decode
3036,bit_flip,3279499,1,SILENT,0,decode
3037,random_bytes,7354797,14,caught,66,decode
3038,zeroed_run,2271509,2495,SILENT,0,decode
3039,truncation,5410034,4179144,caught,68,decode
3040,header,731,1,SILENT,0,decode
3041,payload,4607707,1,caught,66,decode
3042,bit_flip,4762600,1,SILENT,0,decode
3043,random_bytes,1622149,6,SILENT,0,decode
3044,zeroed_run,5007704,3994,SILENT,0,decode
3045,truncation,2746719,6842459,caught,68,decode
3046,header,159,1,SILENT,0,decode
3047,payload,328196,1,SILENT,0,decode
3048,bit_flip,8500480,1,SILENT,0,decode
3049,random_bytes,2859445,4,SILENT,0,decode
3050,zeroed_run,1147079,511,SILENT,0,decode
3051,truncation,1291885,8297293,caught,68,decode
3052,header,946,1,SILENT,0,decode
3053,payload,9188011,1,SILENT,0,decode
3054,bit_flip,6194844,1,SILENT,0,decode
3055,random_bytes,405330,13,caught,66,decode
3056,zeroed_run,9333522,2366,SILENT,0,decode
3057,truncation,2881427,6707751,caught,68,decode
3058,header,429,1,SILENT,0,decode
3059,payload,1011181,1,SILENT,0,decode
3060,bit_flip,5712664,1,SILENT,0,decode
3061,random_bytes,6871349,14,caught,66,decode
3062,zeroed_run,5597014,2166,SILENT,0,decode
3063,truncation,2384209,7204969,caught,68,decode
3064,header,678,1,caught,66,decode
3065,payload,6032366,1,SILENT,0,decode
3066,bit_flip,5777148,1,SILENT,0,decode
3067,random_bytes,89941,14,SILENT,0,decode
3068,zeroed_run,7204933,243,caught,66,decode
3069,truncation,7023144,2566034,caught,68,decode
3070,header,821,1,SILENT,0,decode
3071,payload,6726191,1,SILENT,0,decode
3072,bit_flip,7799230,1,SILENT,0,decode
3073,random_bytes,4980298,13,SILENT,0,decode
3074,zeroed_run,7648684,3036,SILENT,0,decode
3075,truncation,3451314,6137864,caught,68,decode
3076,header,958,1,SILENT,0,decode
3077,payload,6099667,1,SILENT,0,decode
3078,bit_flip,5386589,1,SILENT,0,decode
3079,random_bytes,3261062,9,SILENT,0,decode
3080,zeroed_run,9302251,1376,SILENT,0,decode
3081,truncation,7490665,2098513,caught,68,decode
3082,header,935,1,SILENT,0,decode
3083,payload,2900513,1,SILENT,0,decode
3084,bit_flip,4530750,1,SILENT,0,decode
3085,random_bytes,978171,1,SILENT,0,decode
3086,zeroed_run,2150123,1733,SILENT,0,decode
3087,truncation,4207084,5382094,caught,68,decode
3088,header,31,1,SILENT,0,decode
3089,payload,9520195,1,SILENT,0,decode
3090,bit_flip,4950124,1,SILENT,0,decode
3091,random_bytes,8585083,6,caught,66,decode
3092,zeroed_run,5055945,3892,SILENT,0,decode
3093,truncation,2671483,6917695,caught,68,decode
3094,header,919,1,SILENT,0,decode
3095,payload,1494753,1,SILENT,0,decode
3096,bit_flip,2831234,1,SILENT,0,decode
3097,random_bytes,1973156,8,SILENT,0,decode
3098,zeroed_run,4414583,4007,SILENT,0,decode
3099,truncation,2672863,6916315,caught,68,decode
3100,header,648,1,SILENT,0,decode
3101,payload,8909066,1,caught,66,decode
3102,bit_flip,3119450,1,SILENT,0,decode
3103,random_bytes,438602,11,caught,66,decode
3104,zeroed_run,2269247,3267,SILENT,0,decode
3105,truncation,2883986,6705192,caught,68,decode
3106,header,858,1,SILENT,0,decode
3107,payload,2755003,1,SILENT,0,decode
3108,bit_flip,9220091,1,SILENT,0,decode
3109,random_bytes,9025688,10,caught,66,decode
3110,zeroed_run,7449370,1512,SILENT,0,decode
3111,truncation,207737,9381441,caught,68,decode
3112,header,695,1,caught,66,decode
3113,payload,6056795,1,SILENT,0,decode
3114,bit_flip,2829021,1,caught,66,decode
3115,random_bytes,4893750,10,caught,66,decode
3116,zeroed_run,992301,1428,SILENT,0,decode
3117,truncation,1256386,8332792,caught,68,decode
3118,header,896,1,caught,66,decode
3119,payload,3404911,1,SILENT,0,decode
3120,bit_flip,6678289,1,SILENT,0,decode
3121,random_bytes,5336041,9,SILENT,0,decode
3122,zeroed_run,7967208,1022,SILENT,0,decode
3123,truncation,477105,9112073,caught,68,decode
3124,header,379,1,SILENT,0,decode
3125,payload,6021725,1,caught,66,decode
3126,bit_flip,8347997,1,SILENT,0,decode
3127,random_bytes,6048350,7,caught,66,decode
3128,zeroed_run,3015186,3483,SILENT,0,decode
3129,truncation,3168469,6420709,caught,68,decode
3130,header,100,1,SILENT,0,decode
3131,payload,1388498,1,SILENT,0,decode
3132,bit_flip,4584823,1,SILENT,0,decode
3133,random_bytes,941620,6,caught,66,decode
3134,zeroed_run,2647412,3264,SILENT,0,decode
3135,truncation,8380969,1208209,caught,68,decode
3136,header,324,1,SILENT,0,decode
3137,payload,6138192,1,SILENT,0,decode
3138,bit_flip,1292447,1,SILENT,0,decode
3139,random_bytes,2328092,15,caught,66,decode
3140,zeroed_run,8772227,732,SILENT,0,decode
3141,truncation,679861,8909317,caught,68,decode
3142,header,735,1,caught,66,decode
3143,payload,3119197,1,caught,66,decode
3144,bit_flip,3525972,1,SILENT,0,decode
3145,random_bytes,4292771,12,caught,66,decode
3146,zeroed_run,6242180,3761,SILENT,0,decode
3147,truncation,6867748,2721430,caught,68,decode
3148,header,652,1,SILENT,0,decode
3149,payload,6987059,1,SILENT,0,decode
3150,bit_flip,951676,1,SILENT,0,decode
3151,random_bytes,1337770,14,caught,66,decode
3152,zeroed_run,6398503,2879,SILENT,0,decode
3153,truncation,1872891,7716287,caught,68,decode
3154,header,835,1,SILENT,0,decode
3155,payload,7510133,1,SILENT,0,decode
3156,bit_flip,5228944,1,caught,66,decode
3157,random_bytes,4964919,13,SILENT,0,decode
3158,zeroed_run,2164929,561,SILENT,0,decode
3159,truncation,1063195,8525983,caught,68,decode
3160,header,297,1,caught,66,decode
3161,payload,6254336,1,SILENT,0,decode
3162,bit_flip,7379643,1,SILENT,0,decode
3163,random_bytes,7819676,6,caught,66,decode
3164,zeroed_run,1693467,277,SILENT,0,decode
3165,truncation,3442559,6146619,caught,68,decode
3166,header,242,1,SILENT,0,decode
3167,payload,1232483,1,SILENT,0,decode
3168,bit_flip,3226423,1,caught,66,decode
3169,random_bytes,2321664,11,caught,66,decode
3170,zeroed_run,8816013,1409,SILENT,0,decode
3171,truncation,586159,9003019,caught,68,decode
3172,header,882,1,SILENT,0,decode
3173,payload,7553848,1,caught,66,decode
3174,bit_flip,6230759,1,SILENT,0,decode
3175,random_bytes,1006180,10,caught,66,decode
3176,zeroed_run,4409165,1580,SILENT,0,decode
3177,truncation,7352637,2236541,caught,68,decode
3178,header,783,1,SILENT,0,decode
3179,payload,9286503,1,SILENT,0,decode
3180,bit_flip,2129015,1,SILENT,0,decode
3181,random_bytes,5766544,15,caught,66,decode
3182,zeroed_run,8974281,19,SILENT,0,decode
3183,truncation,5239754,4349424,caught,68,decode
3184,header,527,1,SILENT,0,decode
3185,payload,6331976,1,SILENT,0,decode
3186,bit_flip,5106374,1,caught,66,decode
3187,random_bytes,4704142,5,caught,66,decode
3188,zeroed_run,3865038,3184,SILENT,0,decode
3189,truncation,2474894,7114284,caught,68,decode
3190,header,536,1,SILENT,0,decode
3191,payload,1067041,1,SILENT,0,decode
3192,bit_flip,2555391,1,SILENT,0,decode
3193,random_bytes,3087541,6,caught,66,decode
3194,zeroed_run,9078789,1151,SILENT,0,decode
3195,truncation,9249284,339894,caught,68,decode
3196,header,780,1,SILENT,0,decode
3197,payload,790223,1,SILENT,0,decode
3198,bit_flip,8802072,1,SILENT,0,decode
3199,random_bytes,6300522,9,SILENT,0,decode
3200,zeroed_run,4175529,1770,SILENT,0,decode
3201,truncation,6136572,3452606,caught,68,decode
3202,header,817,1,caught,66,decode
3203,payload,8988492,1,SILENT,0,decode
3204,bit_flip,7718071,1,SILENT,0,decode
3205,random_bytes,546319,10,caught,66,decode
3206,zeroed_run,9349819,3251,SILENT,0,decode
3207,truncation,1166929,8422249,caught,68,decode
3208,header,925,1,SILENT,0,decode
3209,payload,9111580,1,SILENT,0,decode
3210,bit_flip,5327477,1,SILENT,0,decode
3211,random_bytes,7251162,7,caught,66,decode
3212,zeroed_run,2212885,3320,SILENT,0,decode
3213,truncation,106615,9482563,caught,68,decode
3214,header,156,1,SILENT,0,decode
3215,payload,4211290,1,SILENT,0,decode
3216,bit_flip,3697040,1,SILENT,0,decode
3217,random_bytes,8000358,5,SILENT,0,decode
3218,zeroed_run,6241640,2127,SILENT,0,decode
3219,truncation,7733838,1855340,caught,68,decode
3220,header,434,1,SILENT,0,decode
3221,payload,3146,1,SILENT,0,decode
3222,bit_flip,2502433,1,caught,66,decode
3223,random_bytes,2169433,14,caught,66,decode
3224,zeroed_run,8984758,638,SILENT,0,decode
3225,truncation,7725849,1863329,caught,68,decode
3226,header,654,1,SILENT,0,decode
3227,payload,1190777,1,SILENT,0,decode
3228,bit_flip,5274750,1,SILENT,0,decode
3229,random_bytes,4182130,6,caught,66,decode
3230,zeroed_run,9576016,850,SILENT,0,decode
3231,truncation,3186659,6402519,caught,68,decode
3232,header,316,1,SILENT,0,decode
3233,payload,7529223,1,caught,66,decode
3234,bit_flip,2952288,1,SILENT,0,decode
3235,random_bytes,9568483,6,caught,66,decode
3236,zeroed_run,5226517,634,SILENT,0,decode
3237,truncation,1820835,7768343,caught,68,decode
3238,header,524,1,SILENT,0,decode
3239,payload,2063140,1,SILENT,0,decode
3240,bit_flip,507193,1,SILENT,0,decode
3241,random_bytes,2984826,13,SILENT,0,decode
3242,zeroed_run,5968668,1522,SILENT,0,decode
3243,truncation,8784132,805046,caught,68,decode
3244,header,496,1,SILENT,0,decode
3245,payload,6330547,1,SILENT,0,decode
3246,bit_flip,1752640,1,SILENT,0,decode
3247,random_bytes,4999998,15,SILENT,0,decode
3248,zeroed_run,5204278,1899,SILENT,0,decode
3249,truncation,90387,9498791,caught,68,decode
3250,header,822,1,caught,66,decode
3251,payload,3946568,1,SILENT,0,decode
3252,bit_flip,7613060,1,SILENT,0,decode
3253,random_bytes,1454470,4,SILENT,0,decode
3254,zeroed_run,1236196,2507,SILENT,0,decode
3255,truncation,9047516,541662,caught,68,decode
3256,header,436,1,SILENT,0,decode
3257,payload,7874502,1,SILENT,0,decode
3258,bit_flip,4607051,1,SILENT,0,decode
3259,random_bytes,261790,8,caught,66,decode
3260,zeroed_run,6810984,1361,SILENT,0,decode
3261,truncation,5647988,3941190,caught,68,decode
3262,header,934,1,SILENT,0,decode
3263,payload,6567061,1,caught,66,decode
3264,bit_flip,9513596,1,SILENT,0,decode
3265,random_bytes,8699559,13,caught,66,decode
3266,zeroed_run,8550489,3222,SILENT,0,decode
3267,truncation,5632694,3956484,caught,68,decode
3268,header,855,1,SILENT,0,decode
3269,payload,5159432,1,SILENT,0,decode
3270,bit_flip,3619291,1,SILENT,0,decode
3271,random_bytes,6095585,12,caught,66,decode
3272,zeroed_run,9273345,3835,SILENT,0,decode
3273,truncation,2469269,7119909,caught,68,decode
3274,header,285,1,SILENT,0,decode
3275,payload,7309197,1,SILENT,0,decode
3276,bit_flip,7305238,1,SILENT,0,decode
3277,random_bytes,3517373,4,caught,66,decode
3278,zeroed_run,1582176,3179,SILENT,0,decode
3279,truncation,9493811,95367,caught,68,decode
3280,header,960,1,caught,66,decode
3281,payload,1728342,1,SILENT,0,decode
3282,bit_flip,4956203,1,SILENT,0,decode
3283,random_bytes,3351588,13,SILENT,0,decode
3284,zeroed_run,7028529,3150,SILENT,0,decode
3285,truncation,8533460,1055718,caught,68,decode
3286,header,933,1,SILENT,0,decode
3287,payload,4916211,1,SILENT,0,decode
3288,bit_flip,7473240,1,SILENT,0,decode
3289,random_bytes,7691196,4,caught,66,decode
3290,zeroed_run,7801340,1512,SILENT,0,decode
3291,truncation,8159308,1429870,caught,68,decode
3292,header,543,1,SILENT,0,decode
3293,payload,7092426,1,SILENT,0,decode
3294,bit_flip,5944752,1,SILENT,0,decode
3295,random_bytes,5265926,1,SILENT,0,decode
3296,zeroed_run,1827608,4093,SILENT,0,decode
3297,truncation,8708365,880813,caught,68,decode
3298,header,14,1,SILENT,0,decode
3299,payload,6693844,1,SILENT,0,decode
3300,bit_flip,2731184,1,SILENT,0,decode
3301,random_bytes,3182751,2,SILENT,0,decode
3302,zeroed_run,5707793,1454,SILENT,0,decode
3303,truncation,9429558,159620,caught,68,decode
3304,header,946,1,SILENT,0,decode
3305,payload,4037278,1,caught,66,decode
3306,bit_flip,3799005,1,SILENT,0,decode
3307,random_bytes,3385203,5,SILENT,0,decode
3308,zeroed_run,8215149,971,SILENT,0,decode
3309,truncation,202660,9386518,caught,68,decode
3310,header,997,1,caught,66,decode
3311,payload,1001643,1,SILENT,0,decode
3312,bit_flip,4399553,1,SILENT,0,decode
3313,random_bytes,8180215,3,SILENT,0,decode
3314,zeroed_run,5760093,1629,SILENT,0,decode
3315,truncation,4906405,4682773,caught,68,decode
3316,header,62,1,SILENT,0,decode
3317,payload,1140507,1,SILENT,0,decode
3318,bit_flip,542583,1,SILENT,0,decode
3319,random_bytes,6787333,11,caught,66,decode
3320,zeroed_run,7924905,3201,SILENT,0,decode
3321,truncation,3501326,6087852,caught,68,decode
3322,header,412,1,SILENT,0,decode
3323,payload,2915031,1,SILENT,0,decode
3324,bit_flip,1007553,1,SILENT,0,decode
3325,random_bytes,7706063,14,SILENT,0,decode
3326,zeroed_run,4050166,2079,SILENT,0,decode
3327,truncation,116774,9472404,caught,68,decode
3328,header,242,1,SILENT,0,decode
3329,payload,2798740,1,caught,66,decode
3330,bit_flip,6384198,1,SILENT,0,decode
3331,random_bytes,9575575,16,caught,66,decode
3332,zeroed_run,8843871,3890,SILENT,0,decode
3333,truncation,5546816,4042362,caught,68,decode
3334,header,488,1,caught,66,decode
3335,payload,3611491,1,SILENT,0,decode
3336,bit_flip,8943968,1,SILENT,0,decode
3337,random_bytes,8514361,4,SILENT,0,decode
3338,zeroed_run,8605755,2708,SILENT,0,decode
3339,truncation,5921046,3668132,caught,68,decode
3340,header,12,1,caught,66,decode
3341,payload,967056,1,SILENT,0,decode
3342,bit_flip,8817504,1,SILENT,0,decode
3343,random_bytes,1154784,10,caught,66,decode
3344,zeroed_run,4726574,2789,SILENT,0,decode
3345,truncation,9554165,35013,caught,68,decode
3346,header,644,1,SILENT,0,decode
3347,payload,3563059,1,SILENT,0,decode
3348,bit_flip,1358413,1,SILENT,0,decode
3349,random_bytes,3097436,6,SILENT,0,decode
3350,zeroed_run,6416912,63,SILENT,0,decode
3351,truncation,4202684,5386494,caught,68,decode
3352,header,68,1,SILENT,0,decode
3353,payload,8596821,1,SILENT,0,decode
3354,bit_flip,5175100,1,SILENT,0,decode
3355,random_bytes,7582988,7,caught,66,decode
3356,zeroed_run,9352366,522,SILENT,0,decode
3357,truncation,328168,9261010,caught,68,decode
3358,header,543,1,SILENT,0,decode
3359,payload,1797698,1,SILENT,0,decode
3360,bit_flip,1074097,1,SILENT,0,decode
3361,random_bytes,828790,11,caught,66,decode
3362,zeroed_run,2453167,1791,SILENT,0,decode
3363,truncation,5367993,4221185,caught,68,decode
3364,header,820,1,SILENT,0,decode
3365,payload,5383993,1,SILENT,0,decode
3366,bit_flip,4836004,1,SILENT,0,decode
3367,random_bytes,2624813,11,caught,66,decode
3368,zeroed_run,3305270,2905,SILENT,0,decode
3369,truncation,3683176,5906002,caught,68,decode
3370,header,100,1,SILENT,0,decode
3371,payload,4690570,1,caught,66,decode
3372,bit_flip,6319481,1,caught,66,decode
3373,random_bytes,6594530,10,SILENT,0,decode
3374,zeroed_run,2498171,2790,SILENT,0,decode
3375,truncation,2027568,7561610,caught,68,decode
3376,header,152,1,SILENT,0,decode
3377,payload,5793243,1,caught,66,decode
3378,bit_flip,5434612,1,SILENT,0,decode
3379,random_bytes,9445015,1,SILENT,0,decode
3380,zeroed_run,9162972,3557,SILENT,0,decode
3381,truncation,1512171,8077007,caught,68,decode
3382,header,214,1,caught,66,decode
3383,payload,8297536,1,SILENT,0,decode
3384,bit_flip,9151902,1,SILENT,0,decode
3385,random_bytes,278083,11,caught,66,decode
3386,zeroed_run,3873130,95,SILENT,0,decode
3387,truncation,3929535,5659643,caught,68,decode
3388,header,198,1,SILENT,0,decode
3389,payload,3378402,1,caught,66,decode
3390,bit_flip,6786823,1,SILENT,0,decode
3391,random_bytes,2269146,8,SILENT,0,decode
3392,zeroed_run,4871396,2078,SILENT,0,decode
3393,truncation,7630056,1959122,caught,68,decode
3394,header,903,1,SILENT,0,decode
3395,payload,7022654,1,SILENT,0,decode
3396,bit_flip,2205634,1,caught,66,decode
3397,random_bytes,5344329,3,SILENT,0,decode
3398,zeroed_run,6619210,2197,SILENT,0,decode
3399,truncation,9470983,118195,caught,68,decode
3400,header,412,1,SILENT,0,decode
3401,payload,5790437,1,SILENT,0,decode
3402,bit_flip,5423585,1,SILENT,0,decode
3403,random_bytes,548478,2,SILENT,0,decode
3404,zeroed_run,717781,2065,SILENT,0,decode
3405,truncation,3321107,6268071,caught,68,decode
3406,header,423,1,SILENT,0,decode
3407,payload,4726395,1,SILENT,0,decode
3408,bit_flip,494666,1,SILENT,0,decode
3409,random_bytes,8836478,5,caught,66,decode
3410,zeroed_run,1653857,2957,SILENT,0,decode
3411,truncation,8581178,1008000,caught,68,decode
3412,header,925,1,SILENT,0,decode
3413,payload,4295482,1,SILENT,0,decode
3414,bit_flip,951488,1,SILENT,0,decode
3415,random_bytes,6306393,2,caught,66,decode
3416,zeroed_run,7017384,3007,SILENT,0,decode
3417,truncation,8580896,1008282,caught,68,decode
3418,header,158,1,SILENT,0,decode
3419,payload,5379478,1,SILENT,0,decode
3420,bit_flip,7932058,1,SILENT,0,decode
3421,random_bytes,6572286,5,caught,66,decode
3422,zeroed_run,1610986,82,SILENT,0,decode
3423,truncation,4057556,5531622,caught,68,decode
3424,header,379,1,SILENT,0,decode
3425,payload,2614387,1,SILENT,0,decode
3426,bit_flip,9278979,1,SILENT,0,decode
3427,random_bytes,4243993,1,SILENT,0,decode
3428,zeroed_run,1656474,1390,SILENT,0,decode
3429,truncation,8824320,764858,caught,68,decode
3430,header,77,1,caught,66,decode
3431,payload,7383807,1,SILENT,0,decode
3432,bit_flip,3757052,1,SILENT,0,decode
3433,random_bytes,8814835,16,caught,66,decode
3434,zeroed_run,1560191,4085,SILENT,0,decode
3435,truncation,1822437,7766741,caught,68,decode
3436,header,925,1,SILENT,0,decode
3437,payload,2673695,1,SILENT,0,decode
3438,bit_flip,9020195,1,caught,66,decode
3439,random_bytes,1075234,8,caught,66,decode
3440,zeroed_run,20746,3264,caught,66,decode
3441,truncation,3550746,6038432,caught,68,decode
3442,header,363,1,caught,66,decode
3443,payload,5664050,1,SILENT,0,decode
3444,bit_flip,7088001,1,SILENT,0,decode
3445,random_bytes,2712530,7,SILENT,0,decode
3446,zeroed_run,1486577,4018,SILENT,0,decode
3447,truncation,4029365,5559813,caught,68,decode
3448,header,207,1,SILENT,0,decode
3449,payload,3446483,1,SILENT,0,decode
3450,bit_flip,8174367,1,SILENT,0,decode
3451,random_bytes,8439380,15,caught,66,decode
3452,zeroed_run,80717,1806,SILENT,0,decode
3453,truncation,2258731,7330447,caught,68,decode
3454,header,663,1,SILENT,0,decode
3455,payload,73783,1,caught,66,decode
3456,bit_flip,1155470,1,SILENT,0,decode
3457,random_bytes,7446355,9,SILENT,0,decode
3458,zeroed_run,4996139,2768,SILENT,0,decode
3459,truncation,3061058,6528120,caught,68,decode
3460,header,663,1,SILENT,0,decode
3461,payload,3631272,1,SILENT,0,decode
3462,bit_flip,6312670,1,SILENT,0,decode
3463,random_bytes,6124309,14,caught,66,decode
3464,zeroed_run,7400177,2444,SILENT,0,decode
3465,truncation,2513903,7075275,caught,68,decode
3466,header,630,1,SILENT,0,decode
3467,payload,6332682,1,SILENT,0,decode
3468,bit_flip,2822428,1,SILENT,0,decode
3469,random_bytes,4033712,16,caught,66,decode
3470,zeroed_run,292360,3215,SILENT,0,decode
3471,truncation,847531,8741647,caught,68,decode
3472,header,613,1,SILENT,0,decode
3473,payload,3749342,1,SILENT,0,decode
3474,bit_flip,3460980,1,SILENT,0,decode
3475,random_bytes,6313266,7,SILENT,0,decode
3476,zeroed_run,1950232,2521,SILENT,0,decode
3477,truncation,2576966,7012212,caught,68,decode
3478,header,189,1,SILENT,0,decode
3479,payload,1902110,1,SILENT,0,decode
3480,bit_flip,3194672,1,caught,66,decode
3481,random_bytes,4431344,11,caught,66,decode
3482,zeroed_run,1496234,3657,SILENT,0,decode
3483,truncation,666759,8922419,caught,68,decode
3484,header,840,1,caught,66,decode
3485,payload,6589084,1,SILENT,0,decode
3486,bit_flip,5953320,1,SILENT,0,decode
3487,random_bytes,3221948,3,SILENT,0,decode
3488,zeroed_run,6738841,3157,SILENT,0,decode
3489,truncation,7919441,1669737,caught,68,decode
3490,header,396,1,caught,66,decode
3491,payload,8165133,1,SILENT,0,decode
3492,bit_flip,8497976,1,SILENT,0,decode
3493,random_bytes,624551,14,caught,66,decode
3494,zeroed_run,1945094,138,SILENT,0,decode
3495,truncation,6057590,3531588,caught,68,decode
3496,header,390,1,SILENT,0,decode
3497,payload,6623786,1,SILENT,0,decode
3498,bit_flip,5542839,1,caught,66,decode
3499,random_bytes,118941,5,caught,66,decode
3500,zeroed_run,1346062,3091,SILENT,0,decode
3501,truncation,4822126,4767052,caught,68,decode
3502,header,869,1,caught,66,decode
3503,payload,1959464,1,SILENT,0,decode
3504,bit_flip,6638656,1,SILENT,0,decode
3505,random_bytes,1299132,16,caught,66,decode
3506,zeroed_run,6477033,3191,SILENT,0,decode
3507,truncation,6191710,3397468,caught,68,decode
3508,header,92,1,SILENT,0,decode
3509,payload,37401,1,SILENT,0,decode
3510,bit_flip,2733448,1,SILENT,0,decode
3511,random_bytes,2502519,13,caught,66,decode
3512,zeroed_run,8696674,1072,SILENT,0,decode
3513,truncation,3138022,6451156,caught,68,decode
3514,header,874,1,SILENT,0,decode
3515,payload,5921436,1,SILENT,0,decode
3516,bit_flip,7015608,1,SILENT,0,decode
3517,random_bytes,5640212,11,SILENT,0,decode
3518,zeroed_run,3262490,2252,SILENT,0,decode
3519,truncation,4922481,4666697,caught,68,decode
3520,header,771,1,SILENT,0,decode
3521,payload,1601867,1,SILENT,0,decode
3522,bit_flip,1392832,1,SILENT,0,decode
3523,random_bytes,7354376,6,caught,66,decode
3524,zeroed_run,988022,303,SILENT,0,decode
3525,truncation,8534283,1054895,caught,68,decode
3526,header,611,1,caught,66,decode
3527,payload,5553682,1,caught,66,decode
3528,bit_flip,2876920,1,SILENT,0,decode
3529,random_bytes,614196,13,caught,66,decode
3530,zeroed_run,7157607,986,SILENT,0,decode
3531,truncation,4306797,5282381,caught,68,decode
3532,header,67,1,SILENT,0,decode
3533,payload,6436701,1,SILENT,0,decode
3534,bit_flip,9190494,1,SILENT,0,decode
3535,random_bytes,8475397,12,SILENT,0,decode
3536,zeroed_run,6459680,3007,SILENT,0,decode
3537,truncation,5934460,3654718,caught,68,decode
3538,header,894,1,SILENT,0,decode
3539,payload,4689414,1,SILENT,0,decode
3540,bit_flip,9270069,1,caught,66,decode
3541,random_bytes,5637561,5,SILENT,0,decode
3542,zeroed_run,7561025,857,SILENT,0,decode
3543,truncation,1784403,7804775,caught,68,decode
3544,header,533,1,SILENT,0,decode
3545,payload,1841301,1,SILENT,0,decode
3546,bit_flip,5008753,1,SILENT,0,decode
3547,random_bytes,5968009,9,caught,66,decode
3548,zeroed_run,2859390,1618,SILENT,0,decode
3549,truncation,8121142,1468036,caught,68,decode
3550,header,991,1,SILENT,0,decode
3551,payload,2857707,1,SILENT,0,decode
3552,bit_flip,2376248,1,SILENT,0,decode
3553,random_bytes,8745239,7,caught,66,decode
3554,zeroed_run,1278755,2502,SILENT,0,decode
3555,truncation,8489928,1099250,caught,68,decode
3556,header,858,1,SILENT,0,decode
3557,payload,6308027,1,SILENT,0,decode
3558,bit_flip,5262912,1,SILENT,0,decode
3559,random_bytes,3005597,15,SILENT,0,decode
3560,zeroed_run,9440254,3844,SILENT,0,decode
3561,truncation,4096451,5492727,caught,68,decode
3562,header,475,1,SILENT,0,decode
3563,payload,1910362,1,SILENT,0,decode
3564,bit_flip,3434963,1,SILENT,0,decode
3565,random_bytes,3385454,7,caught,66,decode
3566,zeroed_run,5037563,2675,SILENT,0,decode
3567,truncation,1788345,7800833,caught,68,decode
3568,header,376,1,SILENT,0,decode
3569,payload,883256,1,SILENT,0,decode
3570,bit_flip,7720266,1,caught,66,decode
3571,random_bytes,7542560,14,caught,66,decode
3572,zeroed_run,1722998,2404,SILENT,0,decode
3573,truncation,2981534,6607644,caught,68,decode
3574,header,958,1,SILENT,0,decode
3575,payload,5080743,1,SILENT,0,decode
3576,bit_flip,3010687,1,caught,66,decode
3577,random_bytes,832431,1,SILENT,0,decode
3578,zeroed_run,933918,1760,SILENT,0,decode
3579,truncation,2008382,7580796,caught,68,decode
3580,header,363,1,SILENT,0,decode
3581,payload,5463690,1,SILENT,0,decode
3582,bit_flip,3616695,1,SILENT,0,decode
3583,random_bytes,264063,15,SILENT,0,decode
3584,zeroed_run,2795886,2350,SILENT,0,decode
3585,truncation,2519490,7069688,caught,68,decode
3586,header,411,1,SILENT,0,decode
3587,payload,7850517,1,SILENT,0,decode
3588,bit_flip,6120838,1,SILENT,0,decode
3589,random_bytes,266764,9,caught,66,decode
3590,zeroed_run,3076874,1750,SILENT,0,decode
3591,truncation,3825082,5764096,caught,68,decode
3592,header,556,1,SILENT,0,decode
3593,payload,3791384,1,SILENT,0,decode
3594,bit_flip,8093362,1,SILENT,0,decode
3595,random_bytes,137600,2,SILENT,0,decode
3596,zeroed_run,6170847,470,SILENT,0,decode
3597,truncation,5692549,3896629,caught,68,decode
3598,header,491,1,SILENT,0,decode
3599,payload,7568826,1,SILENT,0,decode
3600,bit_flip,2260278,1,SILENT,0,decode
3601,random_bytes,5592765,6,SILENT,0,decode
3602,zeroed_run,2797378,3156,SILENT,0,decode
3603,truncation,3290901,6298277,caught,68,decode
3604,header,789,1,SILENT,0,decode
3605,payload,587829,1,SILENT,0,decode
3606,bit_flip,4291980,1,caught,66,decode
3607,random_bytes,4957258,15,caught,66,decode
3608,zeroed_run,6006195,3608,SILENT,0,decode
3609,truncation,5982401,3606777,caught,68,decode
3610,header,969,1,SILENT,0,decode
3611,payload,2851806,1,caught,66,decode
3612,bit_flip,4685202,1,SILENT,0,decode
3613,random_bytes,9292649,7,SILENT,0,decode
3614,zeroed_run,8711673,1047,SILENT,0,decode
3615,truncation,8098454,1490724,caught,68,decode
3616,header,408,1,SILENT,0,decode
3617,payload,5849753,1,SILENT,0,decode
3618,bit_flip,5193374,1,SILENT,0,decode
3619,random_bytes,581058,4,caught,66,decode
3620,zeroed_run,2502224,743,SILENT,0,decode
3621,truncation,5886376,3702802,caught,68,decode
3622,header,717,1,SILENT,0,decode
3623,payload,7858625,1,SILENT,0,decode
3624,bit_flip,1119263,1,SILENT,0,decode
3625,random_bytes,4884691,3,caught,66,decode
3626,zeroed_run,1211309,3072,SILENT,0,decode
3627,truncation,7930130,1659048,caught,68,decode
3628,header,683,1,SILENT,0,decode
3629,payload,4324603,1,caught,66,decode
3630,bit_flip,185325,1,SILENT,0,decode
3631,random_bytes,2657356,7,SILENT,0,decode
3632,zeroed_run,1689397,2753,SILENT,0,decode
3633,truncation,546743,9042435,caught,68,decode
3634,header,324,1,SILENT,0,decode
3635,payload,8563932,1,SILENT,0,decode
3636,bit_flip,347978,1,SILENT,0,decode
3637,random_bytes,8424539,13,caught,66,decode
3638,zeroed_run,3419557,3376,SILENT,0,decode
3639,truncation,8639748,949430,caught,68,decode
3640,header,69,1,SILENT,0,decode
3641,payload,5276545,1,SILENT,0,decode
3642,bit_flip,402976,1,SILENT,0,decode
3643,random_bytes,7560644,6,SILENT,0,decode
3644,zeroed_run,5824585,3454,SILENT,0,decode
3645,truncation,3637370,5951808,caught,68,decode
3646,header,787,1,caught,66,decode
3647,payload,1495803,1,SILENT,0,decode
3648,bit_flip,7874960,1,SILENT,0,decode
3649,random_bytes,942490,7,SILENT,0,decode
3650,zeroed_run,1461805,2963,SILENT,0,decode
3651,truncation,7052941,2536237,caught,68,decode
3652,header,573,1,SILENT,0,decode
3653,payload,9442759,1,caught,66,decode
3654,bit_flip,7815240,1,caught,66,decode
3655,random_bytes,9099844,5,SILENT,0,decode
3656,zeroed_run,8442450,3784,SILENT,0,decode
3657,truncation,2911990,6677188,caught,68,decode
3658,header,987,1,SILENT,0,decode
3659,payload,407943,1,SILENT,0,decode
3660,bit_flip,1671648,1,SILENT,0,decode
3661,random_bytes,8052304,6,caught,66,decode
3662,zeroed_run,3360915,256,SILENT,0,decode
3663,truncation,2165909,7423269,caught,68,decode
3664,header,59,1,SILENT,0,decode
3665,payload,8877215,1,SILENT,0,decode
3666,bit_flip,809893,1,SILENT,0,decode
3667,random_bytes,1312526,4,SILENT,0,decode
3668,zeroed_run,9573482,657,SILENT,0,decode
3669,truncation,6349781,3239397,caught,68,decode
3670,header,133,1,SILENT,0,decode
3671,payload,8728925,1,SILENT,0,decode
3672,bit_flip,3131864,1,SILENT,0,decode
3673,random_bytes,9394903,12,caught,66,decode
3674,zeroed_run,5904006,533,SILENT,0,decode
3675,truncation,7357946,2231232,caught,68,decode
3676,header,863,1,SILENT,0,decode
3677,payload,9231775,1,caught,66,decode
3678,bit_flip,4267230,1,SILENT,0,decode
3679,random_bytes,6055614,3,caught,66,decode
3680,zeroed_run,6474265,636,SILENT,0,decode
3681,truncation,470053,9119125,caught,68,decode
3682,header,862,1,caught,66,decode
3683,payload,7907290,1,SILENT,0,decode
3684,bit_flip,8613678,1,SILENT,0,decode
3685,random_bytes,694730,6,caught,66,decode
3686,zeroed_run,6453566,464,SILENT,0,decode
3687,truncation,3408829,6180349,caught,68,decode
3688,header,452,1,caught,66,decode
3689,payload,8173928,1,SILENT,0,decode
3690,bit_flip,959362,1,SILENT,0,decode
3691,random_bytes,8901651,15,SILENT,0,decode
3692,zeroed_run,8424156,3346,SILENT,0,decode
3693,truncation,3764231,5824947,caught,68,decode
3694,header,609,1,SILENT,0,decode
3695,payload,7078750,1,caught,66,decode
3696,bit_flip,5340947,1,SILENT,0,decode
3697,random_bytes,435309,12,SILENT,0,decode
3698,zeroed_run,4632904,3674,SILENT,0,decode
3699,truncation,4354045,5235133,caught,68,decode
3700,header,134,1,SILENT,0,decode
3701,payload,1137556,1,SILENT,0,decode
3702,bit_flip,4305695,1,SILENT,0,decode
3703,random_bytes,7926414,10,caught,66,decode
3704,zeroed_run,2263851,2511,SILENT,0,decode
3705,truncation,3730653,5858525,caught,68,decode
3706,header,259,1,SILENT,0,decode
3707,payload,5426830,1,SILENT,0,decode
3708,bit_flip,808524,1,SILENT,0,decode
3709,random_bytes,3555959,11,caught,66,decode
3710,zeroed_run,3547447,845,SILENT,0,decode
3711,truncation,1348417,8240761,caught,68,decode
3712,header,76,1,SILENT,0,decode
3713,payload,5045364,1,caught,66,decode
3714,bit_flip,3625501,1,caught,66,decode
3715,random_bytes,8973832,13,caught,66,decode
3716,zeroed_run,1500460,2888,SILENT,0,decode
3717,truncation,5198866,4390312,caught,68,decode
3718,header,943,1,SILENT,0,decode
3719,payload,3246932,1,SILENT,0,decode
3720,bit_flip,2891561,1,SILENT,0,decode
3721,random_bytes,2707253,8,SILENT,0,decode
3722,zeroed_run,7910357,2642,SILENT,0,decode
3723,truncation,920799,8668379,caught,68,decode
3724,header,502,1,SILENT,0,decode
3725,payload,3235025,1,SILENT,0,decode
3726,bit_flip,56289,1,SILENT,0,decode
3727,random_bytes,4030153,13,caught,66,decode
3728,zeroed_run,1930599,3237,SILENT,0,decode
3729,truncation,7970836,1618342,caught,68,decode
3730,header,492,1,caught,66,decode
3731,payload,4113346,1,SILENT,0,decode
3732,bit_flip,799676,1,SILENT,0,decode
3733,random_bytes,2392505,14,caught,66,decode
3734,zeroed_run,2024185,2653,SILENT,0,decode
3735,truncation,2352375,7236803,caught,68,decode
3736,header,72,1,SILENT,0,decode
3737,payload,5266817,1,caught,66,decode
3738,bit_flip,1801970,1,SILENT,0,decode
3739,random_bytes,526469,4,caught,66,decode
3740,zeroed_run,4121284,3858,SILENT,0,decode
3741,truncation,8897331,691847,caught,68,decode
3742,header,498,1,caught,66,decode
3743,payload,755459,1,SILENT,0,decode
3744,bit_flip,4627277,1,SILENT,0,decode
3745,random_bytes,2911974,7,SILENT,0,decode
3746,zeroed_run,1695437,2121,SILENT,0,decode
3747,truncation,735443,8853735,caught,68,decode
3748,header,380,1,SILENT,0,decode
3749,payload,434114,1,SILENT,0,decode
3750,bit_flip,8784701,1,SILENT,0,decode
3751,random_bytes,537013,5,caught,66,decode
3752,zeroed_run,8107448,76,SILENT,0,decode
3753,truncation,6767112,2822066,caught,68,decode
3754,header,238,1,SILENT,0,decode
3755,payload,6537102,1,caught,66,decode
3756,bit_flip,3812547,1,SILENT,0,decode
3757,random_bytes,3014320,13,SILENT,0,decode
3758,zeroed_run,7565616,3428,SILENT,0,decode
3759,truncation,2746088,6843090,caught,68,decode
3760,header,136,1,caught,66,decode
3761,payload,98017,1,caught,66,decode
3762,bit_flip,4520990,1,SILENT,0,decode
3763,random_bytes,305089,13,caught,66,decode
3764,zeroed_run,9519846,3976,SILENT,0,decode
3765,truncation,3784753,5804425,caught,68,decode
3766,header,428,1,SILENT,0,decode
3767,payload,8955924,1,SILENT,0,decode
3768,bit_flip,6991040,1,SILENT,0,decode
3769,random_bytes,2551105,13,SILENT,0,decode
3770,zeroed_run,3959651,1663,SILENT,0,decode
3771,truncation,2441013,7148165,caught,68,decode
3772,header,122,1,SILENT,0,decode
3773,payload,3310187,1,SILENT,0,decode
3774,bit_flip,9584048,1,SILENT,0,decode
3775,random_bytes,8358052,16,caught,66,decode
3776,zeroed_run,5560902,1364,SILENT,0,decode
3777,truncation,3951517,5637661,caught,68,decode
3778,header,986,1,SILENT,0,decode
3779,payload,2207524,1,SILENT,0,decode
3780,bit_flip,5634880,1,caught,66,decode
3781,random_bytes,5680416,6,caught,66,decode
3782,zeroed_run,4125062,3741,SILENT,0,decode
3783,truncation,7368330,2220848,caught,68,decode
3784,header,733,1,SILENT,0,decode
3785,payload,9126398,1,SILENT,0,decode
3786,bit_flip,9288277,1,SILENT,0,decode
3787,random_bytes,4753030,7,caught,66,decode
3788,zeroed_run,9286227,439,SILENT,0,decode
3789,truncation,3859249,5729929,caught,68,decode
3790,header,332,1,SILENT,0,decode
3791,payload,3773851,1,SILENT,0,decode
3792,bit_flip,3472477,1,SILENT,0,decode
3793,random_bytes,8412176,4,caught,66,decode
3794,zeroed_run,650260,453,SILENT,0,decode
3795,truncation,714582,8874596,caught,68,decode
3796,header,72,1,SILENT,0,decode
3797,payload,5089158,1,SILENT,0,decode
3798,bit_flip,4474608,1,SILENT,0,decode
3799,random_bytes,3519219,5,SILENT,0,decode
3800,zeroed_run,2979535,1408,SILENT,0,decode
3801,truncation,6117465,3471713,caught,68,decode
3802,header,721,1,SILENT,0,decode
3803,payload,7392794,1,caught,66,decode
3804,bit_flip,1994791,1,SILENT,0,decode
3805,random_bytes,6081363,13,caught,66,decode
3806,zeroed_run,1258220,2757,SILENT,0,decode
3807,truncation,8102912,1486266,caught,68,decode
3808,header,597,1,caught,66,decode
3809,payload,3274917,1,caught,66,decode
3810,bit_flip,297020,1,caught,66,decode
3811,random_bytes,2254971,1,SILENT,0,decode
3812,zeroed_run,3275607,2021,SILENT,0,decode
3813,truncation,7530553,2058625,caught,68,decode
3814,header,814,1,SILENT,0,decode
3815,payload,6205096,1,SILENT,0,decode
3816,bit_flip,1452812,1,SILENT,0,decode
3817,random_bytes,8068078,10,caught,66,decode
3818,zeroed_run,7919724,2365,SILENT,0,decode
3819,truncation,4426060,5163118,caught,68,decode
3820,header,118,1,SILENT,0,decode
3821,payload,2386919,1,SILENT,0,decode
3822,bit_flip,7558419,1,caught,66,decode
3823,random_bytes,962619,11,caught,66,decode
3824,zeroed_run,3482613,3894,SILENT,0,decode
3825,truncation,4197450,5391728,caught,68,decode
3826,header,983,1,caught,66,decode
3827,payload,446082,1,caught,66,decode
3828,bit_flip,9471485,1,SILENT,0,decode
3829,random_bytes,5169957,4,caught,66,decode
3830,zeroed_run,8653233,3374,SILENT,0,decode
3831,truncation,4933635,4655543,caught,68,decode
3832,header,440,1,caught,66,decode
3833,payload,2832031,1,SILENT,0,decode
3834,bit_flip,926013,1,SILENT,0,decode
3835,random_bytes,2657744,6,caught,66,decode
3836,zeroed_run,2000094,1011,SILENT,0,decode
3837,truncation,2200245,7388933,caught,68,decode
3838,header,162,1,SILENT,0,decode
3839,payload,9212785,1,SILENT,0,decode
3840,bit_flip,7741897,1,SILENT,0,decode
3841,random_bytes,8521976,15,caught,66,decode
3842,zeroed_run,945546,2289,SILENT,0,decode
3843,truncation,285624,9303554,caught,68,decode
3844,header,14,1,SILENT,0,decode
3845,payload,862927,1,SILENT,0,decode
3846,bit_flip,7283394,1,SILENT,0,decode
3847,random_bytes,9538796,9,SILENT,0,decode
3848,zeroed_run,1609174,2513,SILENT,0,decode
3849,truncation,4274592,5314586,caught,68,decode
3850,header,220,1,SILENT,0,decode
3851,payload,6129382,1,SILENT,0,decode
3852,bit_flip,4563674,1,caught,66,decode
3853,random_bytes,3452588,8,SILENT,0,decode
3854,zeroed_run,1684619,3994,SILENT,0,decode
3855,truncation,3803473,5785705,caught,68,decode
3856,header,842,1,caught,66,decode
3857,payload,5817928,1,SILENT,0,decode
3858,bit_flip,9238304,1,SILENT,0,decode
3859,random_bytes,5891800,13,SILENT,0,decode
3860,zeroed_run,774722,3721,SILENT,0,decode
3861,truncation,5225610,4363568,caught,68,decode
3862,header,230,1,SILENT,0,decode
3863,payload,1710369,1,SILENT,0,decode
3864,bit_flip,7825571,1,SILENT,0,decode
3865,random_bytes,5123665,12,caught,66,decode
3866,zeroed_run,7794342,3019,SILENT,0,decode
3867,truncation,5626383,3962795,caught,68,decode
3868,header,172,1,SILENT,0,decode
3869,payload,7979294,1,caught,66,decode
3870,bit_flip,1156016,1,SILENT,0,decode
3871,random_bytes,3219593,14,caught,66,decode
3872,zeroed_run,7762098,4003,SILENT,0,decode
3873,truncation,4189025,5400153,caught,68,decode
3874,header,203,1,SILENT,0,decode
3875,payload,3187870,1,SILENT,0,decode
3876,bit_flip,1873579,1,SILENT,0,decode
3877,random_bytes,8484187,2,SILENT,0,decode
3878,zeroed_run,125227,3033,SILENT,0,decode
3879,truncation,470452,9118726,caught,68,decode
3880,header,470,1,SILENT,0,decode
3881,payload,403706,1,SILENT,0,decode
3882,bit_flip,724240,1,SILENT,0,decode
3883,random_bytes,1507878,15,caught,66,decode
3884,zeroed_run,8666422,1451,SILENT,0,decode
3885,truncation,234700,9354478,caught,68,decode
3886,header,11,1,caught,66,decode
3887,payload,2416915,1,SILENT,0,decode
3888,bit_flip,1104525,1,SILENT,0,decode
3889,random_bytes,7628925,3,SILENT,0,decode
3890,zeroed_run,8724230,1730,SILENT,0,decode
3891,truncation,4613901,4975277,caught,68,decode
3892,header,763,1,SILENT,0,decode
3893,payload,6232046,1,SILENT,0,decode
3894,bit_flip,1043225,1,SILENT,0,decode
3895,random_bytes,7729528,4,caught,66,decode
3896,zeroed_run,2255805,1538,SILENT,0,decode
3897,truncation,5709529,3879649,caught,68,decode
3898,header,61,1,SILENT,0,decode
3899,payload,2074032,1,caught,66,decode
3900,bit_flip,8437301,1,SILENT,0,decode
3901,random_bytes,874286,3,caught,66,decode
3902,zeroed_run,4005248,1298,SILENT,0,decode
3903,truncation,5992012,3597166,caught,68,decode
3904,header,223,1,SILENT,0,decode
3905,payload,6262575,1,SILENT,0,decode
3906,bit_flip,7774996,1,SILENT,0,decode
3907,random_bytes,13815,2,SILENT,0,decode
3908,zeroed_run,7445369,1716,SILENT,0,decode
3909,truncation,8494103,1095075,caught,68,decode
3910,header,277,1,caught,66,decode
3911,payload,1100494,1,SILENT,0,decode
3912,bit_flip,6579875,1,SILENT,0,decode
3913,random_bytes,9325676,14,caught,66,decode
3914,zeroed_run,9181029,1617,SILENT,0,decode
3915,truncation,8232455,1356723,caught,68,decode
3916,header,109,1,caught,66,decode
3917,payload,5716480,1,SILENT,0,decode
3918,bit_flip,2870552,1,caught,66,decode
3919,random_bytes,967000,1,SILENT,0,decode
3920,zeroed_run,4453492,563,SILENT,0,decode
3921,truncation,6778750,2810428,caught,68,decode
3922,header,931,1,SILENT,0,decode
3923,payload,8062658,1,SILENT,0,decode
3924,bit_flip,458782,1,SILENT,0,decode
3925,random_bytes,9483699,6,SILENT,0,decode
3926,zeroed_run,3106883,798,SILENT,0,decode
3927,truncation,3161808,6427370,caught,68,decode
3928,header,121,1,SILENT,0,decode
3929,payload,7152615,1,SILENT,0,decode
3930,bit_flip,1742487,1,SILENT,0,decode
3931,random_bytes,5773953,6,caught,66,decode
3932,zeroed_run,9199829,611,SILENT,0,decode
3933,truncation,1287252,8301926,caught,68,decode
3934,header,761,1,SILENT,0,decode
3935,payload,8760833,1,SILENT,0,decode
3936,bit_flip,9361018,1,SILENT,0,decode
3937,random_bytes,237120,6,caught,66,decode
3938,zeroed_run,3809328,815,SILENT,0,decode
3939,truncation,466959,9122219,caught,68,decode
3940,header,311,1,SILENT,0,decode
3941,payload,2882451,1,caught,66,decode
3942,bit_flip,4989590,1,caught,66,decode
3943,random_bytes,2834842,7,SILENT,0,decode
3944,zeroed_run,8061272,3753,SILENT,0,decode
3945,truncation,5931361,3657817,caught,68,decode
3946,header,386,1,SILENT,0,decode
3947,payload,1370255,1,SILENT,0,decode
3948,bit_flip,7332667,1,SILENT,0,decode
3949,random_bytes,8361191,15,caught,66,decode
3950,zeroed_run,2790845,2058,SILENT,0,decode
3951,truncation,1722778,7866400,caught,68,decode
3952,header,1001,1,caught,66,decode
3953,payload,5619812,1,SILENT,0,decode
3954,bit_flip,179105,1,SILENT,0,decode
3955,random_bytes,2092243,8,SILENT,0,decode
3956,zeroed_run,7094286,3607,SILENT,0,decode
3957,truncation,1081182,8507996,caught,68,decode
3958,header,415,1,caught,66,decode
3959,payload,6395663,1,SILENT,0,decode
3960,bit_flip,4272317,1,caught,66,decode
3961,random_bytes,9563431,11,SILENT,0,decode
3962,zeroed_run,1565116,2025,SILENT,0,decode
3963,truncation,4552351,5036827,caught,68,decode
3964,header,423,1,SILENT,0,decode
3965,payload,4099204,1,caught,66,decode
3966,bit_flip,8853290,1,caught,66,decode
3967,random_bytes,4320007,9,SILENT,0,decode
3968,zeroed_run,5529938,3195,SILENT,0,decode
3969,truncation,4736807,4852371,caught,68,decode
3970,header,769,1,caught,66,decode
3971,payload,6354630,1,SILENT,0,decode
3972,bit_flip,427961,1,SILENT,0,decode
3973,random_bytes,4205447,15,caught,66,decode
3974,zeroed_run,8510365,614,SILENT,0,decode
3975,truncation,3233586,6355592,caught,68,decode
3976,header,931,1,SILENT,0,decode
3977,payload,4081292,1,SILENT,0,decode
3978,bit_flip,5784491,1,SILENT,0,decode
3979,random_bytes,5800431,4,caught,66,decode
3980,zeroed_run,4040684,987,SILENT,0,decode
3981,truncation,6508894,3080284,caught,68,decode
3982,header,105,1,SILENT,0,decode
3983,payload,3771117,1,caught,66,decode
3984,bit_flip,1103605,1,caught,66,decode
3985,random_bytes,4578683,14,caught,66,decode
3986,zeroed_run,9137431,1331,SILENT,0,decode
3987,truncation,7679950,1909228,caught,68,decode
3988,header,850,1,SILENT,0,decode
3989,payload,6356501,1,SILENT,0,decode
3990,bit_flip,9305534,1,SILENT,0,decode
3991,random_bytes,1446627,2,caught,66,decode
3992,zeroed_run,4534865,3135,SILENT,0,decode
3993,truncation,7602039,1987139,caught,68,decode
3994,header,891,1,SILENT,0,decode
3995,payload,2851866,1,caught,66,decode
3996,bit_flip,7198036,1,SILENT,0,decode
3997,random_bytes,6204703,14,caught,66,decode
3998,zeroed_run,3344739,69,SILENT,0,decode
3999,truncation,1967801,7621377,caught,68,decode
4000,header,418,1,SILENT,0,decode
4001,payload,2038179,1,caught,66,decode
4002,bit_flip,3176605,1,caught,66,decode
4003,random_bytes,1585157,8,caught,66,decode
4004,zeroed_run,3430590,1281,SILENT,0,decode
4005,truncation,1580382,8008796,caught,68,decode
4006,header,133,1,SILENT,0,decode
4007,payload,1074479,1,SILENT,0,decode
4008,bit_flip,5166296,1,caught,66,decode
4009,random_bytes,8734057,13,caught,66,decode
4010,zeroed_run,4977836,877,SILENT,0,decode
4011,truncation,7108394,2480784,caught,68,decode
4012,header,225,1,SILENT,0,decode
4013,payload,2280739,1,SILENT,0,decode
4014,bit_flip,1155007,1,SILENT,0,decode
4015,random_bytes,94102,14,SILENT,0,decode
4016,zeroed_run,2163258,322,SILENT,0,decode
4017,truncation,3429183,6159995,caught,68,decode
4018,header,102,1,SILENT,0,decode
4019,payload,408996,1,SILENT,0,decode
4020,bit_flip,5515759,1,SILENT,0,decode
4021,random_bytes,4375160,4,caught,66,decode
4022,zeroed_run,8868673,2229,SILENT,0,decode
4023,truncation,7354772,2234406,caught,68,decode
4024,header,132,1,SILENT,0,decode
4025,payload,805329,1,SILENT,0,decode
4026,bit_flip,4067054,1,SILENT,0,decode
4027,random_bytes,921777,8,SILENT,0,decode
4028,zeroed_run,4436416,662,SILENT,0,decode
4029,truncation,706900,8882278,caught,68,decode
4030,header,678,1,caught,66,decode
4031,payload,6123466,1,caught,66,decode
4032,bit_flip,5854417,1,SILENT,0,decode
4033,random_bytes,6459853,10,caught,66,decode
4034,zeroed_run,3694437,2641,SILENT,0,decode
4035,truncation,5242900,4346278,caught,68,decode
4036,header,974,1,SILENT,0,decode
4037,payload,4730018,1,caught,66,decode
4038,bit_flip,3658331,1,SILENT,0,decode
4039,random_bytes,7549767,16,SILENT,0,decode
4040,zeroed_run,3400643,3742,SILENT,0,decode
4041,truncation,7778062,1811116,caught,68,decode
4042,header,749,1,caught,66,decode
4043,payload,5070653,1,SILENT,0,decode
4044,bit_flip,7179485,1,SILENT,0,decode
4045,random_bytes,8404555,3,SILENT,0,decode
4046,zeroed_run,1690266,2683,SILENT,0,decode
4047,truncation,5448558,4140620,caught,68,decode
4048,header,896,1,caught,66,decode
4049,payload,7172795,1,SILENT,0,decode
4050,bit_flip,4546378,1,caught,66,decode
4051,random_bytes,3677486,2,caught,66,decode
4052,zeroed_run,5087051,3225,SILENT,0,decode
4053,truncation,2154980,7434198,caught,68,decode
4054,header,852,1,SILENT,0,decode
4055,payload,2982204,1,SILENT,0,decode
4056,bit_flip,7411554,1,SILENT,0,decode
4057,random_bytes,8629444,14,caught,66,decode
4058,zeroed_run,9007764,3313,SILENT,0,decode
4059,truncation,1680450,7908728,caught,68,decode
4060,header,464,1,caught,66,decode
4061,payload,8127608,1,SILENT,0,decode
4062,bit_flip,34130,1,SILENT,0,decode
4063,random_bytes,7741721,1,SILENT,0,decode
4064,zeroed_run,3056039,2148,SILENT,0,decode
4065,truncation,2898901,6690277,caught,68,decode
4066,header,445,1,caught,66,decode
4067,payload,7759827,1,SILENT,0,decode
4068,bit_flip,13332,1,SILENT,0,decode
4069,random_bytes,3303145,8,caught,66,decode
4070,zeroed_run,2813917,2456,SILENT,0,decode
4071,truncation,1682642,7906536,caught,68,decode
4072,header,844,1,caught,66,decode
4073,payload,9284029,1,SILENT,0,decode
4074,bit_flip,8411040,1,SILENT,0,decode
4075,random_bytes,1943565,15,caught,66,decode
4076,zeroed_run,1624221,1056,SILENT,0,decode
4077,truncation,2258401,7330777,caught,68,decode
4078,header,706,1,SILENT,0,decode
4079,payload,973233,1,caught,66,decode
4080,bit_flip,3583481,1,SILENT,0,decode
4081,random_bytes,4184062,1,caught,66,decode
4082,zeroed_run,1483866,684,SILENT,0,decode
4083,truncation,2861439,6727739,caught,68,decode
4084,header,535,1,SILENT,0,decode
4085,payload,4927101,1,SILENT,0,decode
4086,bit_flip,8892994,1,SILENT,0,decode
4087,random_bytes,5987795,7,SILENT,0,decode
4088,zeroed_run,7024344,590,SILENT,0,decode
4089,truncation,7630095,1959083,caught,68,decode
4090,header,538,1,SILENT,0,decode
4091,payload,7849945,1,SILENT,0,decode
4092,bit_flip,1605100,1,SILENT,0,decode
4093,random_bytes,7239322,10,caught,66,decode
4094,zeroed_run,930340,1263,SILENT,0,decode
4095,truncation,8915519,673659,caught,68,decode
4096,header,567,1,SILENT,0,decode
4097,payload,8530199,1,SILENT,0,decode
4098,bit_flip,1248207,1,SILENT,0,decode
4099,random_bytes,8986664,7,caught,66,decode
4100,zeroed_run,1020484,3916,SILENT,0,decode
4101,truncation,1868744,7720434,caught,68,decode
4102,header,25,1,SILENT,0,decode
4103,payload,8643727,1,SILENT,0,decode
4104,bit_flip,9267389,1,SILENT,0,decode
4105,random_bytes,8387584,16,caught,66,decode
4106,zeroed_run,328915,3573,SILENT,0,decode
4107,truncation,9557122,32056,caught,68,decode
4108,header,191,1,SILENT,0,decode
4109,payload,6309825,1,SILENT,0,decode
4110,bit_flip,3376325,1,SILENT,0,decode
4111,random_bytes,1053921,7,SILENT,0,decode
4112,zeroed_run,8957197,2815,SILENT,0,decode
4113,truncation,1735938,7853240,caught,68,decode
4114,header,388,1,SILENT,0,decode
4115,payload,2441322,1,SILENT,0,decode
4116,bit_flip,103380,1,SILENT,0,decode
4117,random_bytes,7217651,12,caught,66,decode
4118,zeroed_run,5354593,1992,SILENT,0,decode
4119,truncation,738138,8851040,caught,68,decode
4120,header,277,1,caught,66,decode
4121,payload,7860391,1,SILENT,0,decode
4122,bit_flip,3167348,1,SILENT,0,decode
4123,random_bytes,4226501,10,caught,66,decode
4124,zeroed_run,9354914,3613,SILENT,0,decode
4125,truncation,7869836,1719342,caught,68,decode
4126,header,317,1,caught,66,decode
4127,payload,7979682,1,SILENT,0,decode
4128,bit_flip,9074976,1,SILENT,0,decode
4129,random_bytes,5749951,9,caught,66,decode
4130,zeroed_run,4085387,2639,SILENT,0,decode
4131,truncation,1189822,8399356,caught,68,decode
4132,header,271,1,SILENT,0,decode
4133,payload,7409679,1,caught,66,decode
4134,bit_flip,7087232,1,SILENT,0,decode
4135,random_bytes,7451660,4,caught,66,decode
4136,zeroed_run,5587385,848,SILENT,0,decode
4137,truncation,1197659,8391519,caught,68,decode
4138,header,263,1,SILENT,0,decode
4139,payload,9310270,1,SILENT,0,decode
4140,bit_flip,6403091,1,SILENT,0,decode
4141,random_bytes,5750015,3,caught,66,decode
4142,zeroed_run,2273125,3389,SILENT,0,decode
4143,truncation,5774111,3815067,caught,68,decode
4144,header,992,1,caught,66,decode
4145,payload,9317180,1,caught,66,decode
4146,bit_flip,3628165,1,SILENT,0,decode
4147,random_bytes,1965834,13,caught,66,decode
4148,zeroed_run,5708732,1670,SILENT,0,decode
4149,truncation,2271442,7317736,caught,68,decode
4150,header,234,1,SILENT,0,decode
4151,payload,7862817,1,SILENT,0,decode
4152,bit_flip,91711,1,SILENT,0,decode
4153,random_bytes,5721901,16,SILENT,0,decode
4154,zeroed_run,5846327,233,SILENT,0,decode
4155,truncation,2648689,6940489,caught,68,decode
4156,header,500,1,SILENT,0,decode
4157,payload,2849836,1,SILENT,0,decode
4158,bit_flip,7974860,1,SILENT,0,decode
4159,random_bytes,8901571,13,caught,66,decode
4160,zeroed_run,1218552,3430,SILENT,0,decode
4161,truncation,7394452,2194726,caught,68,decode
4162,header,428,1,SILENT,0,decode
4163,payload,4207818,1,SILENT,0,decode
4164,bit_flip,9380451,1,caught,66,decode
4165,random_bytes,3809809,15,caught,66,decode
4166,zeroed_run,4846254,4029,SILENT,0,decode
4167,truncation,9171055,418123,caught,68,decode
4168,header,565,1,caught,66,decode
4169,payload,7677585,1,SILENT,0,decode
4170,bit_flip,3121308,1,SILENT,0,decode
4171,random_bytes,2500646,16,caught,66,decode
4172,zeroed_run,1427882,491,SILENT,0,decode
4173,truncation,2819856,6769322,caught,68,decode
4174,header,723,1,SILENT,0,decode
4175,payload,4072265,1,SILENT,0,decode
4176,bit_flip,9297127,1,SILENT,0,decode
4177,random_bytes,6390998,6,caught,66,decode
4178,zeroed_run,3723706,2338,SILENT,0,decode
4179,truncation,4972611,4616567,caught,68,decode
4180,header,227,1,SILENT,0,decode
4181,payload,1698969,1,SILENT,0,decode
4182,bit_flip,7373366,1,SILENT,0,decode
4183,random_bytes,8058228,6,SILENT,0,decode
4184,zeroed_run,2007895,2087,SILENT,0,decode
4185,truncation,6167990,3421188,caught,68,decode
4186,header,625,1,SILENT,0,decode
4187,payload,4207357,1,SILENT,0,decode
4188,bit_flip,8649331,1,caught,66,decode
4189,random_bytes,8281248,10,caught,66,decode
4190,zeroed_run,8381968,3307,SILENT,0,decode
4191,truncation,4552374,5036804,caught,68,decode
4192,header,594,1,caught,66,decode
4193,payload,7293154,1,SILENT,0,decode
4194,bit_flip,886403,1,caught,66,decode
4195,random_bytes,6734137,10,SILENT,0,decode
4196,zeroed_run,7525257,3089,SILENT,0,decode
4197,truncation,646176,8943002,caught,68,decode
4198,header,699,1,SILENT,0,decode
4199,payload,2781357,1,SILENT,0,decode
4200,bit_flip,9571102,1,SILENT,0,decode
4201,random_bytes,2092250,10,caught,66,decode
4202,zeroed_run,5631458,3950,SILENT,0,decode
4203,truncation,2807382,6781796,caught,68,decode
4204,header,433,1,SILENT,0,decode
4205,payload,1830753,1,SILENT,0,decode
4206,bit_flip,934651,1,SILENT,0,decode
4207,random_bytes,4414813,6,SILENT,0,decode
4208,zeroed_run,5057301,2551,SILENT,0,decode
4209,truncation,5885200,3703978,caught,68,decode
4210,header,288,1,SILENT,0,decode
4211,payload,6394002,1,SILENT,0,decode
4212,bit_flip,99618,1,SILENT,0,decode
4213,random_bytes,6683207,8,SILENT,0,decode
4214,zeroed_run,697537,43,SILENT,0,decode
4215,truncation,572803,9016375,caught,68,decode
4216,header,804,1,SILENT,0,decode
4217,payload,7028094,1,caught,66,decode
4218,bit_flip,2332156,1,SILENT,0,decode
4219,random_bytes,2782974,11,SILENT,0,decode
4220,zeroed_run,1238388,1864,SILENT,0,decode
4221,truncation,456892,9132286,caught,68,decode
4222,header,711,1,SILENT,0,decode
4223,payload,9203091,1,SILENT,0,decode
4224,bit_flip,6650708,1,SILENT,0,decode
4225,random_bytes,7829415,4,SILENT,0,decode
4226,zeroed_run,7928633,3744,SILENT,0,decode
4227,truncation,3705617,5883561,caught,68,decode
4228,header,369,1,SILENT,0,decode
4229,payload,78689,1,SILENT,0,decode
4230,bit_flip,6125274,1,SILENT,0,decode
4231,random_bytes,583772,14,SILENT,0,decode
4232,zeroed_run,4567715,2801,SILENT,0,decode
4233,truncation,54800,9534378,caught,68,decode
4234,header,288,1,SILENT,0,decode
4235,payload,4942822,1,caught,66,decode
4236,bit_flip,1448110,1,SILENT,0,decode
4237,random_bytes,707577,9,caught,66,decode
4238,zeroed_run,3172076,3965,SILENT,0,decode
4239,truncation,8073448,1515730,caught,68,decode
4240,header,366,1,SILENT,0,decode
4241,payload,4917258,1,SILENT,0,decode
4242,bit_flip,550812,1,SILENT,0,decode
4243,random_bytes,7809654,11,SILENT,0,decode
4244,zeroed_run,1105919,2617,SILENT,0,decode
4245,truncation,7798210,1790968,caught,68,decode
4246,header,36,1,caught,66,decode
4247,payload,5096397,1,SILENT,0,decode
4248,bit_flip,6670969,1,SILENT,0,decode
4249,random_bytes,3294151,8,caught,66,decode
4250,zeroed_run,2707533,3019,SILENT,0,decode
4251,truncation,7401044,2188134,caught,68,decode
4252,header,305,1,caught,66,decode
4253,payload,1780237,1,caught,66,decode
4254,bit_flip,8934878,1,SILENT,0,decode
4255,random_bytes,5592836,5,caught,66,decode
4256,zeroed_run,402962,2190,SILENT,0,decode
4257,truncation,6500723,3088455,caught,68,decode
4258,header,148,1,caught,66,decode
4259,payload,3353444,1,caught,66,decode
4260,bit_flip,2006572,1,SILENT,0,decode
4261,random_bytes,2654598,11,SILENT,0,decode
4262,zeroed_run,3484985,2940,SILENT,0,decode
4263,truncation,3828093,5761085,caught,68,decode
4264,header,541,1,caught,66,decode
4265,payload,2991607,1,caught,66,decode
4266,bit_flip,2468735,1,SILENT,0,decode
4267,random_bytes,3596719,8,SILENT,0,decode
4268,zeroed_run,4070722,2083,SILENT,0,decode
4269,truncation,3490351,6098827,caught,68,decode
4270,header,666,1,SILENT,0,decode
4271,payload,4551220,1,SILENT,0,decode
4272,bit_flip,8058862,1,SILENT,0,decode
4273,random_bytes,3780177,11,caught,66,decode
4274,zeroed_run,5193386,2590,SILENT,0,decode
4275,truncation,6828594,2760584,caught,68,decode
4276,header,214,1,caught,66,decode
4277,payload,3926917,1,SILENT,0,decode
4278,bit_flip,9265791,1,SILENT,0,decode
4279,random_bytes,3873184,5,caught,66,decode
4280,zeroed_run,3122333,3305,SILENT,0,decode
4281,truncation,3548759,6040419,caught,68,decode
4282,header,256,1,SILENT,0,decode
4283,payload,6807546,1,SILENT,0,decode
4284,bit_flip,6214229,1,SILENT,0,decode
4285,random_bytes,4620762,4,SILENT,0,decode
4286,zeroed_run,8843259,644,SILENT,0,decode
4287,truncation,1646036,7943142,caught,68,decode
4288,header,838,1,SILENT,0,decode
4289,payload,7232383,1,SILENT,0,decode
4290,bit_flip,2360053,1,SILENT,0,decode
4291,random_bytes,2128016,3,caught,66,decode
4292,zeroed_run,8348709,1271,SILENT,0,decode
4293,truncation,7456601,2132577,caught,68,decode
4294,header,304,1,SILENT,0,decode
4295,payload,1098930,1,SILENT,0,decode
4296,bit_flip,4626804,1,caught,66,decode
4297,random_bytes,6264095,11,caught,66,decode
4298,zeroed_run,3303552,1516,SILENT,0,decode
4299,truncation,6387481,3201697,caught,68,decode
4300,header,877,1,SILENT,0,decode
4301,payload,1829638,1,SILENT,0,decode
4302,bit_flip,4743373,1,SILENT,0,decode
4303,random_bytes,651422,6,SILENT,0,decode
4304,zeroed_run,3066682,375,SILENT,0,decode
4305,truncation,9561609,27569,caught,68,decode
4306,header,958,1,SILENT,0,decode
4307,payload,744674,1,SILENT,0,decode
4308,bit_flip,1293162,1,SILENT,0,decode
4309,random_bytes,4405282,12,SILENT,0,decode
4310,zeroed_run,4631803,1657,SILENT,0,decode
4311,truncation,7292776,2296402,caught,68,decode
4312,header,979,1,caught,66,decode
4313,payload,4660884,1,SILENT,0,decode
4314,bit_flip,5695485,1,SILENT,0,decode
4315,random_bytes,7890197,9,caught,66,decode
4316,zeroed_run,5642445,753,SILENT,0,decode
4317,truncation,2088398,7500780,caught,68,decode
4318,header,560,1,caught,66,decode
4319,payload,8307244,1,caught,66,decode
4320,bit_flip,1258038,1,caught,66,decode
4321,random_bytes,7307569,6,caught,66,decode
4322,zeroed_run,5135034,3248,SILENT,0,decode
4323,truncation,2422051,7167127,caught,68,decode
4324,header,528,1,caught,66,decode
4325,payload,5337398,1,SILENT,0,decode
4326,bit_flip,7842360,1,SILENT,0,decode
4327,random_bytes,7878234,15,SILENT,0,decode
4328,zeroed_run,2700604,4026,SILENT,0,decode
4329,truncation,9203315,385863,caught,68,decode
4330,header,312,1,SILENT,0,decode
4331,payload,4937617,1,SILENT,0,decode
4332,bit_flip,3293320,1,caught,66,decode
4333,random_bytes,108741,7,caught,66,decode
4334,zeroed_run,1325269,962,SILENT,0,decode
4335,truncation,5316459,4272719,caught,68,decode
4336,header,632,1,caught,66,decode
4337,payload,3646047,1,caught,66,decode
4338,bit_flip,2572656,1,SILENT,0,decode
4339,random_bytes,3924222,10,caught,66,decode
4340,zeroed_run,5842865,563,SILENT,0,decode
4341,truncation,420601,9168577,caught,68,decode
4342,header,150,1,SILENT,0,decode
4343,payload,9521069,1,SILENT,0,decode
4344,bit_flip,5511798,1,SILENT,0,decode
4345,random_bytes,2942395,2,SILENT,0,decode
4346,zeroed_run,5608978,463,SILENT,0,decode
4347,truncation,3696956,5892222,caught,68,decode
4348,header,538,1,SILENT,0,decode
4349,payload,6837072,1,caught,66,decode
4350,bit_flip,3736057,1,SILENT,0,decode
4351,random_bytes,2991519,1,SILENT,0,decode
4352,zeroed_run,727668,2731,SILENT,0,decode
4353,truncation,790326,8798852,caught,68,decode
4354,header,312,1,SILENT,0,decode
4355,payload,5402870,1,SILENT,0,decode
4356,bit_flip,1706901,1,SILENT,0,decode
4357,random_bytes,6597025,5,caught,66,decode
4358,zeroed_run,6990077,1641,SILENT,0,decode
4359,truncation,1960504,7628674,caught,68,decode
4360,header,520,1,SILENT,0,decode
4361,payload,1953203,1,SILENT,0,decode
4362,bit_flip,3911814,1,SILENT,0,decode
4363,random_bytes,4260191,15,caught,66,decode
4364,zeroed_run,8415919,2906,SILENT,0,decode
4365,truncation,5310049,4279129,caught,68,decode
4366,header,916,1,SILENT,0,decode
4367,payload,2060166,1,SILENT,0,decode
4368,bit_flip,4353703,1,SILENT,0,decode
4369,random_bytes,5867487,12,SILENT,0,decode
4370,zeroed_run,5272794,1760,SILENT,0,decode
4371,truncation,2869444,6719734,caught,68,decode
4372,header,835,1,SILENT,0,decode
4373,payload,5488402,1,SILENT,0,decode
4374,bit_flip,1262415,1,SILENT,0,decode
4375,random_bytes,4913784,5,SILENT,0,decode
4376,zeroed_run,4324293,1349,SILENT,0,decode
4377,truncation,8467312,1121866,caught,68,decode
4378,header,881,1,caught,66,decode
4379,payload,5920615,1,SILENT,0,decode
4380,bit_flip,6777362,1,caught,66,decode
4381,random_bytes,8584028,7,caught,66,decode
4382,zeroed_run,720831,3063,SILENT,0,decode
4383,truncation,6910145,2679033,caught,68,decode
4384,header,190,1,SILENT,0,decode
4385,payload,3418295,1,SILENT,0,decode
4386,bit_flip,2324643,1,SILENT,0,decode
4387,random_bytes,6516074,10,SILENT,0,decode
4388,zeroed_run,7613817,3413,SILENT,0,decode
4389,truncation,5314114,4275064,caught,68,decode
4390,header,811,1,SILENT,0,decode
4391,payload,3941991,1,caught,66,decode
4392,bit_flip,3824117,1,caught,66,decode
4393,random_bytes,8484589,3,SILENT,0,decode
4394,zeroed_run,2499911,3342,SILENT,0,decode
4395,truncation,8658791,930387,caught,68,decode
4396,header,307,1,SILENT,0,decode
4397,payload,680746,1,SILENT,0,decode
4398,bit_flip,3679547,1,SILENT,0,decode
4399,random_bytes,3638049,6,SILENT,0,decode
4400,zeroed_run,4177309,384,caught,66,decode
4401,truncation,5846090,3743088,caught,68,decode
4402,header,857,1,SILENT,0,decode
4403,payload,4115471,1,SILENT,0,decode
4404,bit_flip,1961463,1,SILENT,0,decode
4405,random_bytes,6053208,7,SILENT,0,decode
4406,zeroed_run,6311320,4029,SILENT,0,decode
4407,truncation,5257239,4331939,caught,68,decode
4408,header,720,1,caught,66,decode
4409,payload,542963,1,SILENT,0,decode
4410,bit_flip,6810594,1,SILENT,0,decode
4411,random_bytes,6071118,12,SILENT,0,decode
4412,zeroed_run,5462109,2622,SILENT,0,decode
4413,truncation,2318123,7271055,caught,68,decode
4414,header,420,1,SILENT,0,decode
4415,payload,4130333,1,SILENT,0,decode
4416,bit_flip,2996121,1,SILENT,0,decode
4417,random_bytes,3674002,10,SILENT,0,decode
4418,zeroed_run,2287116,1027,SILENT,0,decode
4419,truncation,715758,8873420,caught,68,decode
4420,header,1,1,caught,44,decode
4421,payload,8761006,1,SILENT,0,decode
4422,bit_flip,7923069,1,SILENT,0,decode
4423,random_bytes,7367900,1,SILENT,0,decode
4424,zeroed_run,6156674,1833,SILENT,0,decode
4425,truncation,7594085,1995093,caught,68,decode
4426,header,357,1,SILENT,0,decode
4427,payload,9073871,1,SILENT,0,decode
4428,bit_flip,4645869,1,SILENT,0,decode
4429,random_bytes,3628935,9,caught,66,decode
4430,zeroed_run,757080,2479,SILENT,0,decode
4431,truncation,2990449,6598729,caught,68,decode
4432,header,947,1,caught,66,decode
4433,payload,1724474,1,SILENT,0,decode
4434,bit_flip,1883266,1,caught,66,decode
4435,random_bytes,4274622,6,SILENT,0,decode
4436,zeroed_run,3650994,3793,SILENT,0,decode
4437,truncation,2336745,7252433,caught,68,decode
4438,header,826,1,caught,66,decode
4439,payload,4809440,1,SILENT,0,decode
4440,bit_flip,5591452,1,SILENT,0,decode
4441,random_bytes,7512168,11,caught,66,decode
4442,zeroed_run,988112,3855,SILENT,0,decode
4443,truncation,3979310,5609868,caught,68,decode
4444,header,800,1,SILENT,0,decode
4445,payload,6482149,1,SILENT,0,decode
4446,bit_flip,9522654,1,SILENT,0,decode
4447,random_bytes,5719593,5,caught,66,decode
4448,zeroed_run,4334635,3604,SILENT,0,decode
4449,truncation,9180399,408779,caught,68,decode
4450,header,490,1,SILENT,0,decode
4451,payload,7480738,1,SILENT,0,decode
4452,bit_flip,1109548,1,SILENT,0,decode
4453,random_bytes,6033831,12,caught,66,decode
4454,zeroed_run,3855997,2293,SILENT,0,decode
4455,truncation,9209468,379710,caught,68,decode
4456,header,416,1,caught,66,decode
4457,payload,4870799,1,SILENT,0,decode
4458,bit_flip,6324607,1,caught,66,decode
4459,random_bytes,335186,9,SILENT,0,decode
4460,zeroed_run,1968872,1922,SILENT,0,decode
4461,truncation,7388772,2200406,caught,68,decode
4462,header,467,1,SILENT,0,decode
4463,payload,6588172,1,SILENT,0,decode
4464,bit_flip,1282266,1,caught,66,decode
4465,random_bytes,5059729,12,caught,66,decode
4466,zeroed_run,3960320,3102,SILENT,0,decode
4467,truncation,2375497,7213681,caught,68,decode
4468,header,392,1,SILENT,0,decode
4469,payload,647709,1,SILENT,0,decode
4470,bit_flip,1316270,1,SILENT,0,decode
4471,random_bytes,3197262,9,caught,66,decode
4472,zeroed_run,2056150,17,SILENT,0,decode
4473,truncation,6829018,2760160,caught,68,decode
4474,header,203,1,SILENT,0,decode
4475,payload,456588,1,SILENT,0,decode
4476,bit_flip,3239803,1,SILENT,0,decode
4477,random_bytes,1230339,3,SILENT,0,decode
4478,zeroed_run,9036325,682,SILENT,0,decode
4479,truncation,2659193,6929985,caught,68,decode
4480,header,751,1,SILENT,0,decode
4481,payload,3717765,1,SILENT,0,decode
4482,bit_flip,9074538,1,SILENT,0,decode
4483,random_bytes,4083325,12,SILENT,0,decode
4484,zeroed_run,6755635,3033,SILENT,0,decode
4485,truncation,2223627,7365551,caught,68,decode
4486,header,463,1,caught,66,decode
4487,payload,2812459,1,caught,66,decode
4488,bit_flip,5872133,1,caught,66,decode
4489,random_bytes,1349083,7,caught,66,decode
4490,zeroed_run,4851712,2792,SILENT,0,decode
4491,truncation,9204935,384243,caught,68,decode
4492,header,525,1,caught,66,decode
4493,payload,9256027,1,SILENT,0,decode
4494,bit_flip,7377020,1,SILENT,0,decode
4495,random_bytes,2978619,12,caught,66,decode
4496,zeroed_run,8889613,1056,SILENT,0,decode
4497,truncation,9584332,4846,caught,68,decode
4498,header,599,1,SILENT,0,decode
4499,payload,1463818,1,SILENT,0,decode
4500,bit_flip,2244866,1,caught,66,decode
4501,random_bytes,6245993,5,caught,66,decode
4502,zeroed_run,4182494,856,SILENT,0,decode
4503,truncation,8400189,1188989,caught,68,decode
4504,header,251,1,caught,66,decode
4505,payload,5466078,1,caught,66,decode
4506,bit_flip,7265729,1,SILENT,0,decode
4507,random_bytes,4698158,9,SILENT,0,decode
4508,zeroed_run,8789316,1004,SILENT,0,decode
4509,truncation,3730754,5858424,caught,68,decode
4510,header,400,1,SILENT,0,decode
4511,payload,715948,1,SILENT,0,decode
4512,bit_flip,3759313,1,SILENT,0,decode
4513,random_bytes,5549944,4,SILENT,0,decode
4514,zeroed_run,9226846,3880,SILENT,0,decode
4515,truncation,3060691,6528487,caught,68,decode
4516,header,176,1,SILENT,0,decode
4517,payload,8406557,1,SILENT,0,decode
4518,bit_flip,1237888,1,caught,66,decode
4519,random_bytes,8436270,13,SILENT,0,decode
4520,zeroed_run,5290390,640,SILENT,0,decode
4521,truncation,5588526,4000652,caught,68,decode
4522,header,523,1,SILENT,0,decode
4523,payload,1378415,1,caught,66,decode
4524,bit_flip,499505,1,SILENT,0,decode
4525,random_bytes,6444931,10,caught,66,decode
4526,zeroed_run,4236747,998,SILENT,0,decode
4527,truncation,6395650,3193528,caught,68,decode
4528,header,985,1,SILENT,0,decode
4529,payload,6532967,1,SILENT,0,decode
4530,bit_flip,9218668,1,SILENT,0,decode
4531,random_bytes,999080,9,caught,66,decode
4532,zeroed_run,816313,3517,SILENT,0,decode
4533,truncation,5832155,3757023,caught,68,decode
4534,header,293,1,SILENT,0,decode
4535,payload,8130334,1,caught,66,decode
4536,bit_flip,2215944,1,SILENT,0,decode
4537,random_bytes,5555532,6,SILENT,0,decode
4538,zeroed_run,4613982,849,SILENT,0,decode
4539,truncation,7948749,1640429,caught,68,decode
4540,header,845,1,SILENT,0,decode
4541,payload,5535500,1,SILENT,0,decode
4542,bit_flip,902,1,SILENT,0,decode
4543,random_bytes,7827244,1,SILENT,0,decode
4544,zeroed_run,3378701,1360,SILENT,0,decode
4545,truncation,7919066,1670112,caught,68,decode
4546,header,918,1,SILENT,0,decode
4547,payload,1956204,1,SILENT,0,decode
4548,bit_flip,4704966,1,SILENT,0,decode
4549,random_bytes,841086,13,SILENT,0,decode
4550,zeroed_run,9146116,1749,SILENT,0,decode
4551,truncation,5272388,4316790,caught,68,decode
4552,header,747,1,SILENT,0,decode
4553,payload,2894073,1,SILENT,0,decode
4554,bit_flip,7688808,1,SILENT,0,decode
4555,random_bytes,3466425,1,caught,66,decode
4556,zeroed_run,5664383,310,SILENT,0,decode
4557,truncation,2766263,6822915,caught,68,decode
4558,header,948,1,SILENT,0,decode
4559,payload,3943595,1,caught,66,decode
4560,bit_flip,7747285,1,SILENT,0,decode
4561,random_bytes,419461,14,caught,66,decode
4562,zeroed_run,8021745,375,SILENT,0,decode
4563,truncation,8494728,1094450,caught,68,decode
4564,header,564,1,SILENT,0,decode
4565,payload,4434542,1,SILENT,0,decode
4566,bit_flip,729744,1,SILENT,0,decode
4567,random_bytes,5239535,2,SILENT,0,decode
4568,zeroed_run,9079775,3979,SILENT,0,decode
4569,truncation,905109,8684069,caught,68,decode
4570,header,377,1,SILENT,0,decode
4571,payload,9180099,1,SILENT,0,decode
4572,bit_flip,6269222,1,SILENT,0,decode
4573,random_bytes,5385949,2,caught,66,decode
4574,zeroed_run,3094413,1627,SILENT,0,decode
4575,truncation,2944143,6645035,caught,68,decode
4576,header,438,1,SILENT,0,decode
4577,payload,6617987,1,SILENT,0,decode
4578,bit_flip,1441659,1,SILENT,0,decode
4579,random_bytes,949515,4,caught,66,decode
4580,zeroed_run,8050254,2073,SILENT,0,decode
4581,truncation,8906316,682862,caught,68,decode
4582,header,887,1,SILENT,0,decode
4583,payload,5633242,1,SILENT,0,decode
4584,bit_flip,8971709,1,SILENT,0,decode
4585,random_bytes,160457,12,caught,66,decode
4586,zeroed_run,4050603,805,SILENT,0,decode
4587,truncation,6577047,3012131,caught,68,decode
4588,header,170,1,SILENT,0,decode
4589,payload,4568206,1,caught,66,decode
4590,bit_flip,1459,1,caught,66,decode
4591,random_bytes,3314003,6,caught,66,decode
4592,zeroed_run,787018,1709,SILENT,0,decode
4593,truncation,557436,9031742,caught,68,decode
4594,header,815,1,SILENT,0,decode
4595,payload,2097094,1,SILENT,0,decode
4596,bit_flip,6531942,1,SILENT,0,decode
4597,random_bytes,1766595,1,caught,66,decode
4598,zeroed_run,4770606,3429,SILENT,0,decode
4599,truncation,8489737,1099441,caught,68,decode
4600,header,245,1,SILENT,0,decode
4601,payload,200427,1,SILENT,0,decode
4602,bit_flip,5669088,1,caught,66,decode
4603,random_bytes,7748621,7,SILENT,0,decode
4604,zeroed_run,3943728,1682,SILENT,0,decode
4605,truncation,9024325,564853,caught,68,decode
4606,header,452,1,SILENT,0,decode
4607,payload,5695202,1,SILENT,0,decode
4608,bit_flip,3325767,1,caught,66,decode
4609,random_bytes,781539,14,caught,66,decode
4610,zeroed_run,6232371,1465,SILENT,0,decode
4611,truncation,6601985,2987193,caught,68,decode
4612,header,835,1,SILENT,0,decode
4613,payload,8574926,1,caught,66,decode
4614,bit_flip,883627,1,SILENT,0,decode
4615,random_bytes,8567334,5,SILENT,0,decode
4616,zeroed_run,2956702,1548,SILENT,0,decode
4617,truncation,5969552,3619626,caught,68,decode
4618,header,754,1,caught,66,decode
4619,payload,4719068,1,SILENT,0,decode
4620,bit_flip,8978196,1,SILENT,0,decode
4621,random_bytes,3173061,11,caught,66,decode
4622,zeroed_run,4617730,2920,SILENT,0,decode
4623,truncation,1372444,8216734,caught,68,decode
4624,header,91,1,SILENT,0,decode
4625,payload,4866005,1,SILENT,0,decode
4626,bit_flip,2475051,1,SILENT,0,decode
4627,random_bytes,6252030,15,caught,66,decode
4628,zeroed_run,1680663,640,SILENT,0,decode
4629,truncation,5839821,3749357,caught,68,decode
4630,header,814,1,SILENT,0,decode
4631,payload,1943880,1,SILENT,0,decode
4632,bit_flip,3477662,1,SILENT,0,decode
4633,random_bytes,4406588,13,SILENT,0,decode
4634,zeroed_run,8581092,467,SILENT,0,decode
4635,truncation,7701778,1887400,caught,68,decode
4636,header,135,1,caught,66,decode
4637,payload,4308717,1,SILENT,0,decode
4638,bit_flip,1562390,1,SILENT,0,decode
4639,random_bytes,3438134,10,SILENT,0,decode
4640,zeroed_run,9091325,1984,SILENT,0,decode
4641,truncation,1170903,8418275,caught,68,decode
4642,header,259,1,SILENT,0,decode
4643,payload,1816172,1,SILENT,0,decode
4644,bit_flip,1034470,1,SILENT,0,decode
4645,random_bytes,7419118,7,SILENT,0,decode
4646,zeroed_run,8751334,685,SILENT,0,decode
4647,truncation,1050540,8538638,caught,68,decode
4648,header,966,1,SILENT,0,decode
4649,payload,9509062,1,SILENT,0,decode
4650,bit_flip,8237309,1,SILENT,0,decode
4651,random_bytes,4745292,1,SILENT,0,decode
4652,zeroed_run,580067,3735,SILENT,0,decode
4653,truncation,6063022,3526156,caught,68,decode
4654,header,563,1,SILENT,0,decode
4655,payload,1561831,1,SILENT,0,decode
4656,bit_flip,9176339,1,SILENT,0,decode
4657,random_bytes,2102261,1,SILENT,0,decode
4658,zeroed_run,1716520,2048,SILENT,0,decode
4659,truncation,2512054,7077124,caught,68,decode
4660,header,567,1,SILENT,0,decode
4661,payload,9101954,1,SILENT,0,decode
4662,bit_flip,656721,1,caught,66,decode
4663,random_bytes,7341560,15,caught,66,decode
4664,zeroed_run,2131666,701,SILENT,0,decode
4665,truncation,3017244,6571934,caught,68,decode
4666,header,30,1,SILENT,0,decode
4667,payload,7852393,1,SILENT,0,decode
4668,bit_flip,4235617,1,SILENT,0,decode
4669,random_bytes,8901738,10,SILENT,0,decode
4670,zeroed_run,1304299,1599,SILENT,0,decode
4671,truncation,317598,9271580,caught,68,decode
4672,header,356,1,SILENT,0,decode
4673,payload,3900528,1,SILENT,0,decode
4674,bit_flip,6414538,1,SILENT,0,decode
4675,random_bytes,6330536,1,SILENT,0,decode
4676,zeroed_run,5297493,3024,SILENT,0,decode
4677,truncation,5457401,4131777,caught,68,decode
4678,header,533,1,SILENT,0,decode
4679,payload,7284194,1,caught,66,decode
4680,bit_flip,7181030,1,caught,66,decode
4681,random_bytes,5985127,9,caught,66,decode
4682,zeroed_run,5522636,2952,SILENT,0,decode
4683,truncation,542202,9046976,caught,68,decode
4684,header,649,1,caught,66,decode
4685,payload,5275901,1,SILENT,0,decode
4686,bit_flip,5279817,1,SILENT,0,decode
4687,random_bytes,198764,11,SILENT,0,decode
4688,zeroed_run,9436014,3894,SILENT,0,decode
4689,truncation,1281415,8307763,caught,68,decode
4690,header,161,1,SILENT,0,decode
4691,payload,444457,1,SILENT,0,decode
4692,bit_flip,3629136,1,SILENT,0,decode
4693,random_bytes,36574,1,SILENT,0,decode
4694,zeroed_run,9420340,222,SILENT,0,decode
4695,truncation,7107478,2481700,caught,68,decode
4696,header,894,1,SILENT,0,decode
4697,payload,434322,1,SILENT,0,decode
4698,bit_flip,689104,1,caught,66,decode
4699,random_bytes,8035247,16,caught,66,decode
4700,zeroed_run,4416107,1638,SILENT,0,decode
4701,truncation,9187309,401869,caught,68,decode
4702,header,32,1,SILENT,0,decode
4703,payload,9404227,1,SILENT,0,decode
4704,bit_flip,548134,1,SILENT,0,decode
4705,random_bytes,6065279,5,caught,66,decode
4706,zeroed_run,2173668,1754,SILENT,0,decode
4707,truncation,4901442,4687736,caught,68,decode
4708,header,928,1,SILENT,0,decode
4709,payload,5874643,1,SILENT,0,decode
4710,bit_flip,5650875,1,caught,66,decode
4711,random_bytes,2299079,7,caught,66,decode
4712,zeroed_run,9177609,3221,SILENT,0,decode
4713,truncation,473621,9115557,caught,68,decode
4714,header,375,1,SILENT,0,decode
4715,payload,582256,1,caught,66,decode
4716,bit_flip,2963799,1,caught,66,decode
4717,random_bytes,7766620,16,SILENT,0,decode
4718,zeroed_run,1565376,2553,SILENT,0,decode
4719,truncation,3930177,5659001,caught,68,decode
4720,header,539,1,caught,66,decode
4721,payload,6768002,1,SILENT,0,decode
4722,bit_flip,580953,1,SILENT,0,decode
4723,random_bytes,2689990,13,caught,66,decode
4724,zeroed_run,3783662,2041,SILENT,0,decode
4725,truncation,5538093,4051085,caught,68,decode
4726,header,180,1,SILENT,0,decode
4727,payload,3753240,1,SILENT,0,decode
4728,bit_flip,8044058,1,SILENT,0,decode
4729,random_bytes,6639727,9,SILENT,0,decode
4730,zeroed_run,9483590,3880,SILENT,0,decode
4731,truncation,8027951,1561227,caught,68,decode
4732,header,430,1,SILENT,0,decode
4733,payload,2256402,1,SILENT,0,decode
4734,bit_flip,6083811,1,SILENT,0,decode
4735,random_bytes,7839588,11,caught,66,decode
4736,zeroed_run,4946054,1912,SILENT,0,decode
4737,truncation,6971075,2618103,caught,68,decode
4738,header,898,1,SILENT,0,decode
4739,payload,884925,1,SILENT,0,decode
4740,bit_flip,541707,1,SILENT,0,decode
4741,random_bytes,6083517,14,caught,66,decode
4742,zeroed_run,5658803,1682,SILENT,0,decode
4743,truncation,9568324,20854,caught,68,decode
4744,header,949,1,caught,66,decode
4745,payload,1831234,1,SILENT,0,decode
4746,bit_flip,1105195,1,SILENT,0,decode
4747,random_bytes,3386167,10,SILENT,0,decode
4748,zeroed_run,4455213,3834,SILENT,0,decode
4749,truncation,6035093,3554085,caught,68,decode
4750,header,2,1,caught,44,decode
4751,payload,572986,1,SILENT,0,decode
4752,bit_flip,302329,1,SILENT,0,decode
4753,random_bytes,940586,13,caught,66,decode
4754,zeroed_run,3017460,1774,SILENT,0,decode
4755,truncation,1731720,7857458,caught,68,decode
4756,header,973,1,SILENT,0,decode
4757,payload,4908842,1,SILENT,0,decode
4758,bit_flip,9287266,1,caught,66,decode
4759,random_bytes,5342991,12,caught,66,decode
4760,zeroed_run,8378,1221,caught,66,decode
4761,truncation,9580405,8773,caught,68,decode
4762,header,526,1,SILENT,0,decode
4763,payload,2344707,1,SILENT,0,decode
4764,bit_flip,6530154,1,SILENT,0,decode
4765,random_bytes,1069821,12,caught,66,decode
4766,zeroed_run,2498503,2382,SILENT,0,decode
4767,truncation,1191090,8398088,caught,68,decode
4768,header,970,1,SILENT,0,decode
4769,payload,8113719,1,SILENT,0,decode
4770,bit_flip,1054413,1,caught,66,decode
4771,random_bytes,7583503,13,caught,66,decode
4772,zeroed_run,929949,3667,SILENT,0,decode
4773,truncation,6921255,2667923,caught,68,decode
4774,header,240,1,SILENT,0,decode
4775,payload,509056,1,SILENT,0,decode
4776,bit_flip,5759409,1,SILENT,0,decode
4777,random_bytes,7259559,7,caught,66,decode
4778,zeroed_run,1333686,2373,SILENT,0,decode
4779,truncation,8058691,1530487,caught,68,decode
4780,header,315,1,SILENT,0,decode
4781,payload,3937219,1,SILENT,0,decode
4782,bit_flip,2938050,1,SILENT,0,decode
4783,random_bytes,67830,8,SILENT,0,decode
4784,zeroed_run,3469013,1182,SILENT,0,decode
4785,truncation,8862320,726858,caught,68,decode
4786,header,420,1,SILENT,0,decode
4787,payload,2376181,1,SILENT,0,decode
4788,bit_flip,5558941,1,SILENT,0,decode
4789,random_bytes,3311732,3,caught,66,decode
4790,zeroed_run,5936988,1212,SILENT,0,decode
4791,truncation,1061607,8527571,caught,68,decode
4792,header,244,1,SILENT,0,decode
4793,payload,8395699,1,caught,66,decode
4794,bit_flip,7624494,1,SILENT,0,decode
4795,random_bytes,4957499,2,caught,66,decode
4796,zeroed_run,854248,1463,SILENT,0,decode
4797,truncation,5381927,4207251,caught,68,decode
4798,header,377,1,SILENT,0,decode
4799,payload,8406353,1,SILENT,0,decode
4800,bit_flip,4054314,1,SILENT,0,decode
4801,random_bytes,6491708,7,SILENT,0,decode
4802,zeroed_run,8150168,984,SILENT,0,decode
4803,truncation,4107243,5481935,caught,68,decode
4804,header,396,1,caught,66,decode
4805,payload,8480013,1,SILENT,0,decode
4806,bit_flip,838341,1,SILENT,0,decode
4807,random_bytes,4325038,3,caught,66,decode
4808,zeroed_run,6031424,753,SILENT,0,decode
4809,truncation,7685874,1903304,caught,68,decode
4810,header,667,1,SILENT,0,decode
4811,payload,6668517,1,caught,66,decode
4812,bit_flip,120003,1,SILENT,0,decode
4813,random_bytes,4715918,10,SILENT,0,decode
4814,zeroed_run,1434942,1844,SILENT,0,decode
4815,truncation,7478413,2110765,caught,68,decode
4816,header,492,1,caught,66,decode
4817,payload,8898972,1,caught,66,decode
4818,bit_flip,7899915,1,SILENT,0,decode
4819,random_bytes,8622760,2,caught,66,decode
4820,zeroed_run,8543714,3129,SILENT,0,decode
4821,truncation,650694,8938484,caught,68,decode
4822,header,310,1,SILENT,0,decode
4823,payload,1099436,1,SILENT,0,decode
4824,bit_flip,2513506,1,SILENT,0,decode
4825,random_bytes,3282187,1,SILENT,0,decode
4826,zeroed_run,4616120,43,SILENT,0,decode
4827,truncation,1597827,7991351,caught,68,decode
4828,header,332,1,SILENT,0,decode
4829,payload,4460150,1,SILENT,0,decode
4830,bit_flip,7781300,1,SILENT,0,decode
4831,random_bytes,4124387,4,caught,66,decode
4832,zeroed_run,9004186,3371,SILENT,0,decode
4833,truncation,7709619,1879559,caught,68,decode
4834,header,872,1,caught,66,decode
4835,payload,1302376,1,SILENT,0,decode
4836,bit_flip,6122499,1,SILENT,0,decode
4837,random_bytes,1601767,7,caught,66,decode
4838,zeroed_run,3772064,1849,SILENT,0,decode
4839,truncation,127835,9461343,caught,68,decode
4840,header,776,1,SILENT,0,decode
4841,payload,9529074,1,SILENT,0,decode
4842,bit_flip,5982592,1,SILENT,0,decode
4843,random_bytes,440292,8,SILENT,0,decode
4844,zeroed_run,5285072,3220,SILENT,0,decode
4845,truncation,8688693,900485,caught,68,decode
4846,header,481,1,SILENT,0,decode
4847,payload,5299111,1,SILENT,0,decode
4848,bit_flip,8042118,1,SILENT,0,decode
4849,random_bytes,5675351,3,caught,66,decode
4850,zeroed_run,2191611,2772,SILENT,0,decode
4851,truncation,3305895,6283283,caught,68,decode
4852,header,166,1,SILENT,0,decode
4853,payload,3874116,1,SILENT,0,decode
4854,bit_flip,7751645,1,SILENT,0,decode
4855,random_bytes,6498346,13,caught,66,decode
4856,zeroed_run,5494751,3096,SILENT,0,decode
4857,truncation,4418351,5170827,caught,68,decode
4858,header,312,1,SILENT,0,decode
4859,payload,5998746,1,SILENT,0,decode
4860,bit_flip,1678823,1,SILENT,0,decode
4861,random_bytes,7520430,4,SILENT,0,decode
4862,zeroed_run,2832315,2295,SILENT,0,decode
4863,truncation,7875086,1714092,caught,68,decode
4864,header,994,1,SILENT,0,decode
4865,payload,7400650,1,SILENT,0,decode
4866,bit_flip,6182181,1,SILENT,0,decode
4867,random_bytes,4128350,5,SILENT,0,decode
4868,zeroed_run,4329415,3158,SILENT,0,decode
4869,truncation,2761907,6827271,caught,68,decode
4870,header,27,1,SILENT,0,decode
4871,payload,3188051,1,SILENT,0,decode
4872,bit_flip,6187071,1,caught,66,decode
4873,random_bytes,3185041,10,SILENT,0,decode
4874,zeroed_run,5503675,525,SILENT,0,decode
4875,truncation,2060914,7528264,caught,68,decode
4876,header,164,1,SILENT,0,decode
4877,payload,944223,1,SILENT,0,decode
4878,bit_flip,7242084,1,SILENT,0,decode
4879,random_bytes,766400,2,caught,66,decode
4880,zeroed_run,5995039,299,SILENT,0,decode
4881,truncation,3284387,6304791,caught,68,decode
4882,header,157,1,SILENT,0,decode
4883,payload,1749865,1,SILENT,0,decode
4884,bit_flip,1305926,1,SILENT,0,decode
4885,random_bytes,1051005,13,SILENT,0,decode
4886,zeroed_run,3197732,272,SILENT,0,decode
4887,truncation,4216265,5372913,caught,68,decode
4888,header,721,1,SILENT,0,decode
4889,payload,3509173,1,SILENT,0,decode
4890,bit_flip,374066,1,SILENT,0,decode
4891,random_bytes,7753251,9,caught,66,decode
4892,zeroed_run,839401,1020,SILENT,0,decode
4893,truncation,1390916,8198262,caught,68,decode
4894,header,141,1,SILENT,0,decode
4895,payload,4764856,1,SILENT,0,decode
4896,bit_flip,7770326,1,caught,66,decode
4897,random_bytes,2484779,5,caught,66,decode
4898,zeroed_run,1127733,3732,SILENT,0,decode
4899,truncation,8961139,628039,caught,68,decode
4900,header,643,1,SILENT,0,decode
4901,payload,4941946,1,SILENT,0,decode
4902,bit_flip,7204012,1,SILENT,0,decode
4903,random_bytes,2123753,1,caught,66,decode
4904,zeroed_run,6130546,2241,SILENT,0,decode
4905,truncation,4698774,4890404,caught,68,decode
4906,header,239,1,SILENT,0,decode
4907,payload,4077385,1,SILENT,0,decode
4908,bit_flip,8984268,1,SILENT,0,decode
4909,random_bytes,6472154,15,caught,66,decode
4910,zeroed_run,7335038,1665,SILENT,0,decode
4911,truncation,1797977,7791201,caught,68,decode
4912,header,276,1,caught,66,decode
4913,payload,9462645,1,SILENT,0,decode
4914,bit_flip,6675652,1,SILENT,0,decode
4915,random_bytes,8474160,1,SILENT,0,decode
4916,zeroed_run,4247983,703,SILENT,0,decode
4917,truncation,8527506,1061672,caught,68,decode
4918,header,49,1,SILENT,0,decode
4919,payload,7721988,1,caught,66,decode
4920,bit_flip,6139224,1,caught,66,decode
4921,random_bytes,9125935,2,SILENT,0,decode
4922,zeroed_run,8067915,1722,SILENT,0,decode
4923,truncation,6673844,2915334,caught,68,decode
4924,header,161,1,SILENT,0,decode
4925,payload,6656204,1,SILENT,0,decode
4926,bit_flip,4600199,1,caught,66,decode
4927,random_bytes,6744355,16,SILENT,0,decode
4928,zeroed_run,6154814,2103,SILENT,0,decode
4929,truncation,4082928,5506250,caught,68,decode
4930,header,84,1,caught,66,decode
4931,payload,2895799,1,caught,66,decode
4932,bit_flip,5279247,1,SILENT,0,decode
4933,random_bytes,5339838,5,caught,66,decode
4934,zeroed_run,8665132,1878,SILENT,0,decode
4935,truncation,3142679,6446499,caught,68,decode
4936,header,57,1,SILENT,0,decode
4937,payload,5566624,1,SILENT,0,decode
4938,bit_flip,6634687,1,SILENT,0,decode
4939,random_bytes,5720260,1,SILENT,0,decode
4940,zeroed_run,7176078,2251,SILENT,0,decode
4941,truncation,4614640,4974538,caught,68,decode
4942,header,1006,1,SILENT,0,decode
4943,payload,6990064,1,SILENT,0,decode
4944,bit_flip,1573057,1,caught,66,decode
4945,random_bytes,2210942,6,caught,66,decode
4946,zeroed_run,5696396,2768,SILENT,0,decode
4947,truncation,2966038,6623140,caught,68,decode
4948,header,568,1,SILENT,0,decode
4949,payload,1890688,1,SILENT,0,decode
4950,bit_flip,7278056,1,SILENT,0,decode
4951,random_bytes,9545365,8,SILENT,0,decode
4952,zeroed_run,6185821,3155,SILENT,0,decode
4953,truncation,6620832,2968346,caught,68,decode
4954,header,681,1,caught,66,decode
4955,payload,8944429,1,SILENT,0,decode
4956,bit_flip,3374042,1,SILENT,0,decode
4957,random_bytes,7689507,15,caught,66,decode
4958,zeroed_run,6096304,2660,SILENT,0,decode
4959,truncation,3244687,6344491,caught,68,decode
4960,header,948,1,SILENT,0,decode
4961,payload,3063086,1,SILENT,0,decode
4962,bit_flip,2337782,1,caught,66,decode
4963,random_bytes,6133016,10,SILENT,0,decode
4964,zeroed_run,3162748,288,SILENT,0,decode
4965,truncation,1215590,8373588,caught,68,decode
4966,header,568,1,SILENT,0,decode
4967,payload,6883462,1,caught,66,decode
4968,bit_flip,4850037,1,caught,66,decode
4969,random_bytes,9313823,3,SILENT,0,decode
4970,zeroed_run,2874167,3496,SILENT,0,decode
4971,truncation,6744297,2844881,caught,68,decode
4972,header,87,1,SILENT,0,decode
4973,payload,2810283,1,SILENT,0,decode
4974,bit_flip,3940463,1,SILENT,0,decode
4975,random_bytes,1141138,9,SILENT,0,decode
4976,zeroed_run,4045924,709,SILENT,0,decode
4977,truncation,4312359,5276819,caught,68,decode
4978,header,793,1,SILENT,0,decode
4979,payload,7352128,1,SILENT,0,decode
4980,bit_flip,2926485,1,caught,66,decode
4981,random_bytes,5247326,10,SILENT,0,decode
4982,zeroed_run,7933623,2916,SILENT,0,decode
4983,truncation,6134428,3454750,caught,68,decode
4984,header,509,1,SILENT,0,decode
4985,payload,709754,1,SILENT,0,decode
4986,bit_flip,2598421,1,SILENT,0,decode
4987,random_bytes,5033852,6,caught,66,decode
4988,zeroed_run,6438284,4002,SILENT,0,decode
4989,truncation,9069093,520085,caught,68,decode
4990,header,416,1,caught,66,decode
4991,payload,3832468,1,caught,66,decode
4992,bit_flip,9523647,1,SILENT,0,decode
4993,random_bytes,3198075,9,SILENT,0,decode
4994,zeroed_run,7859893,643,SILENT,0,decode
4995,truncation,5860466,3728712,caught,68,decode
4996,header,866,1,SILENT,0,decode
4997,payload,4525466,1,SILENT,0,decode
4998,bit_flip,2118235,1,SILENT,0,decode
4999,random_bytes,70839,9,SILENT,0,decode
5000,zeroed_run,1647352,355,SILENT,0,decode
5001,truncation,1223932,8365246,caught,68,decode
5002,header,988,1,SILENT,0,decode
5003,payload,3945387,1,SILENT,0,decode
5004,bit_flip,8957727,1,SILENT,0,decode
5005,random_bytes,9308842,2,SILENT,0,decode
5006,zeroed_run,7840813,3271,SILENT,0,decode
5007,truncation,9329189,259989,caught,68,decode
5008,header,460,1,caught,66,decode
5009,payload,346730,1,SILENT,0,decode
5010,bit_flip,5361879,1,caught,66,decode
5011,random_bytes,603680,16,SILENT,0,decode
5012,zeroed_run,9159698,3353,SILENT,0,decode
5013,truncation,2169614,7419564,caught,68,decode
5014,header,917,1,SILENT,0,decode
5015,payload,5363546,1,caught,66,decode
5016,bit_flip,6004609,1,SILENT,0,decode
5017,random_bytes,6437325,12,caught,66,decode
5018,zeroed_run,1567064,3602,SILENT,0,decode
5019,truncation,3657642,5931536,caught,68,decode
5020,header,649,1,caught,66,decode
5021,payload,4936425,1,SILENT,0,decode
5022,bit_flip,3814430,1,SILENT,0,decode
5023,random_bytes,6751393,12,caught,66,decode
5024,zeroed_run,7286168,779,SILENT,0,decode
5025,truncation,2241219,7347959,caught,68,decode
5026,header,667,1,SILENT,0,decode
5027,payload,6716902,1,SILENT,0,decode
5028,bit_flip,6588897,1,SILENT,0,decode
5029,random_bytes,6055959,12,SILENT,0,decode
5030,zeroed_run,7524114,1104,SILENT,0,decode
5031,truncation,1779654,7809524,caught,68,decode
5032,header,120,1,caught,66,decode
5033,payload,5906646,1,SILENT,0,decode
5034,bit_flip,3057450,1,SILENT,0,decode
5035,random_bytes,226328,7,SILENT,0,decode
5036,zeroed_run,6410499,3666,SILENT,0,decode
5037,truncation,9204864,384314,caught,68,decode
5038,header,531,1,SILENT,0,decode
5039,payload,2803129,1,SILENT,0,decode
5040,bit_flip,1991772,1,SILENT,0,decode
5041,random_bytes,800061,7,caught,66,decode
5042,zeroed_run,1860207,1669,SILENT,0,decode
5043,truncation,756284,8832894,caught,68,decode
5044,header,49,1,SILENT,0,decode
5045,payload,5614805,1,SILENT,0,decode
5046,bit_flip,650828,1,caught,66,decode
5047,random_bytes,8856409,3,caught,66,decode
5048,zeroed_run,2766740,2584,SILENT,0,decode
5049,truncation,1702083,7887095,caught,68,decode
5050,header,537,1,SILENT,0,decode
5051,payload,1498733,1,SILENT,0,decode
5052,bit_flip,6205045,1,SILENT,0,decode
5053,random_bytes,8874120,4,caught,66,decode
5054,zeroed_run,4113125,2610,SILENT,0,decode
5055,truncation,2973317,6615861,caught,68,decode
5056,header,641,1,caught,66,decode
5057,payload,6893791,1,SILENT,0,decode
5058,bit_flip,5615832,1,SILENT,0,decode
5059,random_bytes,1829709,14,caught,66,decode
5060,zeroed_run,8746563,3514,SILENT,0,decode
5061,truncation,5333569,4255609,caught,68,decode
5062,header,75,1,SILENT,0,decode
5063,payload,5126520,1,SILENT,0,decode
5064,bit_flip,4164490,1,caught,66,decode
5065,random_bytes,9326783,16,caught,66,decode
5066,zeroed_run,1351645,1894,SILENT,0,decode
5067,truncation,7200648,2388530,caught,68,decode
5068,header,836,1,caught,66,decode
5069,payload,9064833,1,SILENT,0,decode
5070,bit_flip,1530006,1,caught,66,decode
5071,random_bytes,5669881,12,caught,66,decode
5072,zeroed_run,8320359,3305,SILENT,0,decode
5073,truncation,7262294,2326884,caught,68,decode
5074,header,152,1,SILENT,0,decode
5075,payload,3416655,1,SILENT,0,decode
5076,bit_flip,1275990,1,caught,66,decode
5077,random_bytes,7406500,15,caught,66,decode
5078,zeroed_run,8737463,2770,SILENT,0,decode
5079,truncation,6421650,3167528,caught,68,decode
5080,header,127,1,SILENT,0,decode
5081,payload,124924,1,SILENT,0,decode
5082,bit_flip,332249,1,SILENT,0,decode
5083,random_bytes,7370015,2,caught,66,decode
5084,zeroed_run,4428575,1688,SILENT,0,decode
5085,truncation,5212982,4376196,caught,68,decode
5086,header,854,1,SILENT,0,decode
5087,payload,6173086,1,SILENT,0,decode
5088,bit_flip,9398034,1,SILENT,0,decode
5089,random_bytes,1316596,3,caught,66,decode
5090,zeroed_run,7532533,2464,SILENT,0,decode
5091,truncation,8846883,742295,caught,68,decode
5092,header,653,1,SILENT,0,decode
5093,payload,4512295,1,SILENT,0,decode
5094,bit_flip,7836789,1,SILENT,0,decode
5095,random_bytes,9517074,16,SILENT,0,decode
5096,zeroed_run,2828009,606,SILENT,0,decode
5097,truncation,6433057,3156121,caught,68,decode
5098,header,47,1,SILENT,0,decode
5099,payload,4943422,1,SILENT,0,decode
5100,bit_flip,6691759,1,SILENT,0,decode
5101,random_bytes,1747247,3,caught,66,decode
5102,zeroed_run,2769242,3966,SILENT,0,decode
5103,truncation,8209170,1380008,caught,68,decode
5104,header,642,1,caught,66,decode
5105,payload,3358092,1,caught,66,decode
5106,bit_flip,7720977,1,caught,66,decode
5107,random_bytes,3255294,9,SILENT,0,decode
5108,zeroed_run,2441742,761,SILENT,0,decode
5109,truncation,98200,9490978,caught,68,decode
5110,header,750,1,SILENT,0,decode
5111,payload,3190823,1,SILENT,0,decode
5112,bit_flip,7712190,1,SILENT,0,decode
5113,random_bytes,4425663,12,caught,66,decode
5114,zeroed_run,5851340,2779,SILENT,0,decode
5115,truncation,3379686,6209492,caught,68,decode
5116,header,8,1,caught,66,decode
5117,payload,527339,1,caught,66,decode
5118,bit_flip,7976034,1,SILENT,0,decode
5119,random_bytes,4685344,16,caught,66,decode
5120,zeroed_run,9085482,1399,SILENT,0,decode
5121,truncation,2831489,6757689,caught,68,decode
5122,header,674,1,SILENT,0,decode
5123,payload,289866,1,SILENT,0,decode
5124,bit_flip,9265785,1,SILENT,0,decode
5125,random_bytes,1095465,5,caught,66,decode
5126,zeroed_run,350722,3779,SILENT,0,decode
5127,truncation,4656617,4932561,caught,68,decode
5128,header,398,1,caught,66,decode
5129,payload,9237506,1,caught,66,decode
5130,bit_flip,2036856,1,SILENT,0,decode
5131,random_bytes,3659606,4,SILENT,0,decode
5132,zeroed_run,7336902,3896,SILENT,0,decode
5133,truncation,4517104,5072074,caught,68,decode
5134,header,187,1,caught,66,decode
5135,payload,2294861,1,SILENT,0,decode
5136,bit_flip,7135633,1,SILENT,0,decode
5137,random_bytes,8070603,8,SILENT,0,decode
5138,zeroed_run,1177950,1630,SILENT,0,decode
5139,truncation,6803262,2785916,caught,68,decode
5140,header,495,1,SILENT,0,decode
5141,payload,2233598,1,SILENT,0,decode
5142,bit_flip,4993760,1,SILENT,0,decode
5143,random_bytes,5243563,9,caught,66,decode
5144,zeroed_run,4011881,3005,SILENT,0,decode
5145,truncation,3618379,5970799,caught,68,decode
5146,header,832,1,caught,66,decode
5147,payload,3882475,1,SILENT,0,decode
5148,bit_flip,5991327,1,SILENT,0,decode
5149,random_bytes,320757,12,caught,66,decode
5150,zeroed_run,229137,2734,SILENT,0,decode
5151,truncation,1882384,7706794,caught,68,decode
5152,header,488,1,caught,66,decode
5153,payload,6714518,1,SILENT,0,decode
5154,bit_flip,1788491,1,SILENT,0,decode
5155,random_bytes,5947430,3,SILENT,0,decode
5156,zeroed_run,3739872,689,SILENT,0,decode
5157,truncation,8416547,1172631,caught,68,decode
5158,header,221,1,SILENT,0,decode
5159,payload,8606608,1,SILENT,0,decode
5160,bit_flip,5999836,1,SILENT,0,decode
5161,random_bytes,260537,5,caught,66,decode
5162,zeroed_run,5586996,2242,SILENT,0,decode
5163,truncation,5760523,3828655,caught,68,decode
5164,header,904,1,SILENT,0,decode
5165,payload,9139241,1,SILENT,0,decode
5166,bit_flip,2600232,1,SILENT,0,decode
5167,random_bytes,4833070,12,caught,66,decode
5168,zeroed_run,3670458,1617,SILENT,0,decode
5169,truncation,8459482,1129696,caught,68,decode
5170,header,561,1,caught,66,decode
5171,payload,7427445,1,caught,66,decode
5172,bit_flip,7354101,1,SILENT,0,decode
5173,random_bytes,4993705,6,SILENT,0,decode
5174,zeroed_run,4887102,93,SILENT,0,decode
5175,truncation,3003850,6585328,caught,68,decode
5176,header,7,1,caught,66,decode
5177,payload,8573190,1,caught,66,decode
5178,bit_flip,6974836,1,SILENT,0,decode
5179,random_bytes,4196966,11,caught,66,decode
5180,zeroed_run,6285932,1022,SILENT,0,decode
5181,truncation,579933,9009245,caught,68,decode
5182,header,249,1,SILENT,0,decode
5183,payload,7768214,1,SILENT,0,decode
5184,bit_flip,2453066,1,SILENT,0,decode
5185,random_bytes,5177833,1,SILENT,0,decode
5186,zeroed_run,2608464,1029,SILENT,0,decode
5187,truncation,7453202,2135976,caught,68,decode
5188,header,443,1,SILENT,0,decode
5189,payload,8543443,1,caught,66,decode
5190,bit_flip,307203,1,caught,66,decode
5191,random_bytes,1066493,6,caught,66,decode
5192,zeroed_run,2955278,2869,SILENT,0,decode
5193,truncation,7792822,1796356,caught,68,decode
5194,header,45,1,SILENT,0,decode
5195,payload,1579496,1,caught,66,decode
5196,bit_flip,7623094,1,caught,66,decode
5197,random_bytes,222054,5,SILENT,0,decode
5198,zeroed_run,4591106,2876,SILENT,0,decode
5199,truncation,160708,9428470,caught,68,decode
5200,header,859,1,SILENT,0,decode
5201,payload,3728474,1,SILENT,0,decode
5202,bit_flip,7837538,1,SILENT,0,decode
5203,random_bytes,176655,11,SILENT,0,decode
5204,zeroed_run,1728361,2316,SILENT,0,decode
5205,truncation,3514595,6074583,caught,68,decode
5206,header,620,1,caught,66,decode
5207,payload,8533688,1,SILENT,0,decode
5208,bit_flip,8558058,1,caught,66,decode
5209,random_bytes,3546955,7,SILENT,0,decode
5210,zeroed_run,3499529,2965,SILENT,0,decode
5211,truncation,4551051,5038127,caught,68,decode
5212,header,186,1,SILENT,0,decode
5213,payload,868809,1,SILENT,0,decode
5214,bit_flip,5670263,1,SILENT,0,decode
5215,random_bytes,5869646,11,SILENT,0,decode
5216,zeroed_run,3690878,562,SILENT,0,decode
5217,truncation,4499392,5089786,caught,68,decode
5218,header,749,1,caught,66,decode
5219,payload,7194713,1,SILENT,0,decode
5220,bit_flip,453690,1,SILENT,0,decode
5221,random_bytes,7431852,1,caught,66,decode
5222,zeroed_run,5611003,3192,SILENT,0,decode
5223,truncation,8469410,1119768,caught,68,decode
5224,header,871,1,caught,66,decode
5225,payload,5275418,1,SILENT,0,decode
5226,bit_flip,9128463,1,SILENT,0,decode
5227,random_bytes,1797223,9,caught,66,decode
5228,zeroed_run,6224273,785,SILENT,0,decode
5229,truncation,1973642,7615536,caught,68,decode
5230,header,224,1,SILENT,0,decode
5231,payload,3063934,1,caught,66,decode
5232,bit_flip,1330960,1,SILENT,0,decode
5233,random_bytes,8834994,1,SILENT,0,decode
5234,zeroed_run,1396192,3317,SILENT,0,decode
5235,truncation,5666637,3922541,caught,68,decode
5236,header,831,1,SILENT,0,decode
5237,payload,8623412,1,SILENT,0,decode
5238,bit_flip,7982962,1,SILENT,0,decode
5239,random_bytes,1871688,12,caught,66,decode
5240,zeroed_run,5097672,2576,SILENT,0,decode
5241,truncation,6604434,2984744,caught,68,decode
5242,header,606,1,SILENT,0,decode
5243,payload,6517257,1,SILENT,0,decode
5244,bit_flip,7159405,1,SILENT,0,decode
5245,random_bytes,4217330,3,caught,66,decode
5246,zeroed_run,5085912,603,SILENT,0,decode
5247,truncation,9521895,67283,caught,68,decode
5248,header,221,1,SILENT,0,decode
5249,payload,604455,1,SILENT,0,decode
5250,bit_flip,6219219,1,SILENT,0,decode
5251,random_bytes,5521923,11,SILENT,0,decode
5252,zeroed_run,410346,1459,SILENT,0,decode
5253,truncation,1683488,7905690,caught,68,decode
5254,header,246,1,SILENT,0,decode
5255,payload,2524171,1,SILENT,0,decode
5256,bit_flip,4489822,1,caught,66,decode
5257,random_bytes,3683749,8,caught,66,decode
5258,zeroed_run,5314824,3392,SILENT,0,decode
5259,truncation,3304332,6284846,caught,68,decode
5260,header,380,1,SILENT,0,decode
5261,payload,8243628,1,SILENT,0,decode
5262,bit_flip,922185,1,SILENT,0,decode
5263,random_bytes,7518294,8,caught,66,decode
5264,zeroed_run,6232757,2837,SILENT,0,decode
5265,truncation,5570934,4018244,caught,68,decode
5266,header,361,1,SILENT,0,decode
5267,payload,1028820,1,caught,66,decode
5268,bit_flip,2482848,1,SILENT,0,decode
5269,random_bytes,6071967,11,SILENT,0,decode
5270,zeroed_run,9051866,1119,SILENT,0,decode
5271,truncation,1382129,8207049,caught,68,decode
5272,header,604,1,SILENT,0,decode
5273,payload,3166689,1,SILENT,0,decode
5274,bit_flip,217929,1,SILENT,0,decode
5275,random_bytes,2208976,1,SILENT,0,decode
5276,zeroed_run,5047028,772,SILENT,0,decode
5277,truncation,1413914,8175264,caught,68,decode
5278,header,999,1,SILENT,0,decode
5279,payload,3546538,1,SILENT,0,decode
5280,bit_flip,1193383,1,caught,66,decode
5281,random_bytes,485164,12,SILENT,0,decode
5282,zeroed_run,3504510,1395,SILENT,0,decode
5283,truncation,7130439,2458739,caught,68,decode
5284,header,504,1,caught,66,decode
5285,payload,5151144,1,SILENT,0,decode
5286,bit_flip,666115,1,SILENT,0,decode
5287,random_bytes,3667708,5,SILENT,0,decode
5288,zeroed_run,669461,2262,SILENT,0,decode
5289,truncation,229296,9359882,caught,68,decode
5290,header,443,1,SILENT,0,decode
5291,payload,6560509,1,SILENT,0,decode
5292,bit_flip,4747828,1,SILENT,0,decode
5293,random_bytes,7777465,14,caught,66,decode
5294,zeroed_run,1714247,1221,SILENT,0,decode
5295,truncation,2211309,7377869,caught,68,decode
5296,header,975,1,caught,66,decode
5297,payload,7353947,1,SILENT,0,decode
5298,bit_flip,3854024,1,SILENT,0,decode
5299,random_bytes,2215491,3,caught,66,decode
5300,zeroed_run,7219993,2849,SILENT,0,decode
5301,truncation,8408711,1180467,caught,68,decode
5302,header,987,1,SILENT,0,decode
5303,payload,5997344,1,SILENT,0,decode
5304,bit_flip,1070463,1,SILENT,0,decode
5305,random_bytes,5377330,2,caught,66,decode
5306,zeroed_run,8074097,2889,SILENT,0,decode
5307,truncation,3402242,6186936,caught,68,decode
5308,header,400,1,SILENT,0,decode
5309,payload,138430,1,SILENT,0,decode
5310,bit_flip,8628679,1,SILENT,0,decode
5311,random_bytes,2530900,16,SILENT,0,decode
5312,zeroed_run,1740315,2490,SILENT,0,decode
5313,truncation,2084997,7504181,caught,68,decode
5314,header,490,1,SILENT,0,decode
5315,payload,6947052,1,caught,66,decode
5316,bit_flip,7340212,1,SILENT,0,decode
5317,random_bytes,8396403,15,caught,66,decode
5318,zeroed_run,9134315,1819,SILENT,0,decode
5319,truncation,9495449,93729,caught,68,decode
5320,header,595,1,SILENT,0,decode
5321,payload,4974056,1,SILENT,0,decode
5322,bit_flip,4320584,1,caught,66,decode
5323,random_bytes,4157324,9,SILENT,0,decode
5324,zeroed_run,2990173,3919,SILENT,0,decode
5325,truncation,8929159,660019,caught,68,decode
5326,header,873,1,SILENT,0,decode
5327,payload,8589040,1,SILENT,0,decode
5328,bit_flip,7203033,1,caught,66,decode
5329,random_bytes,5309988,2,caught,66,decode
5330,zeroed_run,7193995,3731,caught,66,decode
5331,truncation,8350731,1238447,caught,68,decode
5332,header,917,1,SILENT,0,decode
5333,payload,8027167,1,SILENT,0,decode
5334,bit_flip,8474321,1,SILENT,0,decode
5335,random_bytes,9429782,3,caught,66,decode
5336,zeroed_run,314393,3195,SILENT,0,decode
5337,truncation,6422282,3166896,caught,68,decode
5338,header,157,1,SILENT,0,decode
5339,payload,3118436,1,caught,66,decode
5340,bit_flip,2054858,1,SILENT,0,decode
5341,random_bytes,6979673,7,SILENT,0,decode
5342,zeroed_run,4391841,393,SILENT,0,decode
5343,truncation,4340845,5248333,caught,68,decode
5344,header,1008,1,SILENT,0,decode
5345,payload,7066201,1,SILENT,0,decode
5346,bit_flip,487087,1,caught,66,decode
5347,random_bytes,3448255,14,caught,66,decode
5348,zeroed_run,6048804,3748,SILENT,0,decode
5349,truncation,8137666,1451512,caught,68,decode
5350,header,700,1,SILENT,0,decode
5351,payload,5801344,1,SILENT,0,decode
5352,bit_flip,7871312,1,SILENT,0,decode
5353,random_bytes,5657077,3,caught,66,decode
5354,zeroed_run,5402086,2689,SILENT,0,decode
5355,truncation,2911108,6678070,caught,68,decode
5356,header,459,1,SILENT,0,decode
5357,payload,6176459,1,SILENT,0,decode
5358,bit_flip,5384942,1,SILENT,0,decode
5359,random_bytes,2405794,7,caught,66,decode
5360,zeroed_run,2671563,769,SILENT,0,decode
5361,truncation,4966293,4622885,caught,68,decode
5362,header,134,1,caught,66,decode
5363,payload,6754994,1,SILENT,0,decode
5364,bit_flip,251273,1,caught,66,decode
5365,random_bytes,4569770,13,caught,66,decode
5366,zeroed_run,2250816,684,SILENT,0,decode
5367,truncation,6271722,3317456,caught,68,decode
5368,header,999,1,SILENT,0,decode
5369,payload,6301276,1,SILENT,0,decode
5370,bit_flip,795480,1,SILENT,0,decode
5371,random_bytes,4403357,7,SILENT,0,decode
5372,zeroed_run,685869,466,SILENT,0,decode
5373,truncation,6337214,3251964,caught,68,decode
5374,header,403,1,SILENT,0,decode
5375,payload,8717172,1,SILENT,0,decode
5376,bit_flip,1415475,1,SILENT,0,decode
5377,random_bytes,2221337,14,caught,66,decode
5378,zeroed_run,2496231,1080,SILENT,0,decode
5379,truncation,7596240,1992938,caught,68,decode
5380,header,606,1,SILENT,0,decode
5381,payload,6967484,1,caught,66,decode
5382,bit_flip,3368008,1,SILENT,0,decode
5383,random_bytes,6853214,15,SILENT,0,decode
5384,zeroed_run,8598904,1534,SILENT,0,decode
5385,truncation,7312132,2277046,caught,68,decode
5386,header,408,1,SILENT,0,decode
5387,payload,1152050,1,SILENT,0,decode
5388,bit_flip,9468227,1,SILENT,0,decode
5389,random_bytes,4985909,10,caught,66,decode
5390,zeroed_run,7964331,3805,SILENT,0,decode
5391,truncation,4222180,5366998,caught,68,decode
5392,header,677,1,caught,66,decode
5393,payload,9034813,1,SILENT,0,decode
5394,bit_flip,8507030,1,harmless,0,decode
5395,random_bytes,6620687,16,caught,66,decode
5396,zeroed_run,995380,3045,SILENT,0,decode
5397,truncation,2179204,7409974,caught,68,decode
5398,header,233,1,SILENT,0,decode
5399,payload,9400445,1,SILENT,0,decode
5400,bit_flip,7811756,1,caught,66,decode
5401,random_bytes,9542673,15,SILENT,0,decode
5402,zeroed_run,911102,602,SILENT,0,decode
5403,truncation,5529462,4059716,caught,68,decode
5404,header,484,1,SILENT,0,decode
5405,payload,6913307,1,SILENT,0,decode
5406,bit_flip,9169683,1,SILENT,0,decode
5407,random_bytes,8277231,1,SILENT,0,decode
5408,zeroed_run,2252656,3261,SILENT,0,decode
5409,truncation,2722932,6866246,caught,68,decode
5410,header,413,1,SILENT,0,decode
5411,payload,5636209,1,caught,66,decode
5412,bit_flip,2370992,1,SILENT,0,decode
5413,random_bytes,7327004,12,SILENT,0,decode
5414,zeroed_run,1108794,868,SILENT,0,decode
5415,truncation,3264461,6324717,caught,68,decode
5416,header,873,1,SILENT,0,decode
5417,payload,3476698,1,SILENT,0,decode
5418,bit_flip,3977745,1,caught,66,decode
5419,random_bytes,4004452,3,caught,66,decode
5420,zeroed_run,7752054,4084,SILENT,0,decode
5421,truncation,2800212,6788966,caught,68,decode
5422,header,527,1,SILENT,0,decode
5423,payload,481128,1,SILENT,0,decode
5424,bit_flip,6976266,1,SILENT,0,decode
5425,random_bytes,6084665,11,SILENT,0,decode
5426,zeroed_run,7202504,2412,caught,66,decode
5427,truncation,2191561,7397617,caught,68,decode
5428,header,105,1,SILENT,0,decode
5429,payload,5353890,1,SILENT,0,decode
5430,bit_flip,3726298,1,SILENT,0,decode
5431,random_bytes,3845710,3,SILENT,0,decode
5432,zeroed_run,6416949,955,SILENT,0,decode
5433,truncation,515625,9073553,caught,68,decode
5434,header,204,1,SILENT,0,decode
5435,payload,1485306,1,SILENT,0,decode
5436,bit_flip,9356424,1,SILENT,0,decode
5437,random_bytes,8909511,5,caught,66,decode
5438,zeroed_run,8072089,1389,SILENT,0,decode
5439,truncation,5112921,4476257,caught,68,decode
5440,header,204,1,SILENT,0,decode
5441,payload,7166284,1,SILENT,0,decode
5442,bit_flip,6246811,1,SILENT,0,decode
5443,random_bytes,3720795,3,caught,66,decode
5444,zeroed_run,7312226,3161,SILENT,0,decode
5445,truncation,8668818,920360,caught,68,decode
5446,header,204,1,SILENT,0,decode
5447,payload,3011348,1,SILENT,0,decode
5448,bit_flip,1507472,1,caught,66,decode
5449,random_bytes,8391061,5,SILENT,0,decode
5450,zeroed_run,4304144,1238,SILENT,0,decode
5451,truncation,394247,9194931,caught,68,decode
5452,header,548,1,SILENT,0,decode
5453,payload,160928,1,SILENT,0,decode
5454,bit_flip,8852524,1,caught,66,decode
5455,random_bytes,8251818,12,SILENT,0,decode
5456,zeroed_run,8044333,143,SILENT,0,decode
5457,truncation,3099295,6489883,caught,68,decode
5458,header,798,1,SILENT,0,decode
5459,payload,7530914,1,caught,66,decode
5460,bit_flip,10329,1,caught,66,decode
5461,random_bytes,5418838,9,SILENT,0,decode
5462,zeroed_run,5418126,1745,SILENT,0,decode
5463,truncation,69246,9519932,caught,68,decode
5464,header,665,1,SILENT,0,decode
5465,payload,3850364,1,SILENT,0,decode
5466,bit_flip,3057359,1,SILENT,0,decode
5467,random_bytes,5371070,6,SILENT,0,decode
5468,zeroed_run,9246154,3054,SILENT,0,decode
5469,truncation,4685996,4903182,caught,68,decode
5470,header,561,1,caught,66,decode
5471,payload,2154952,1,SILENT,0,decode
5472,bit_flip,7095182,1,caught,66,decode
5473,random_bytes,3389802,1,caught,66,decode
5474,zeroed_run,6989861,1672,SILENT,0,decode
5475,truncation,3419164,6170014,caught,68,decode
5476,header,505,1,SILENT,0,decode
5477,payload,2570105,1,SILENT,0,decode
5478,bit_flip,4896881,1,SILENT,0,decode
5479,random_bytes,4373016,5,SILENT,0,decode
5480,zeroed_run,4839684,2143,SILENT,0,decode
5481,truncation,1147417,8441761,caught,68,decode
5482,header,611,1,caught,66,decode
5483,payload,7412398,1,caught,66,decode
5484,bit_flip,2241731,1,caught,66,decode
5485,random_bytes,3119392,15,caught,66,decode
5486,zeroed_run,8517086,2630,SILENT,0,decode
5487,truncation,9136272,452906,caught,68,decode
5488,header,785,1,caught,66,decode
5489,payload,9385313,1,SILENT,0,decode
5490,bit_flip,1590186,1,caught,66,decode
5491,random_bytes,8313686,14,caught,66,decode
5492,zeroed_run,3161273,3766,SILENT,0,decode
5493,truncation,8051186,1537992,caught,68,decode
5494,header,154,1,SILENT,0,decode
5495,payload,8486063,1,SILENT,0,decode
5496,bit_flip,3507532,1,caught,66,decode
5497,random_bytes,6558856,4,SILENT,0,decode
5498,zeroed_run,8352874,666,SILENT,0,decode
5499,truncation,2036201,7552977,caught,68,decode
5500,header,209,1,SILENT,0,decode
5501,payload,3974277,1,SILENT,0,decode
5502,bit_flip,6756585,1,SILENT,0,decode
5503,random_bytes,1911741,2,caught,66,decode
5504,zeroed_run,7516291,3572,SILENT,0,decode
5505,truncation,7286910,2302268,caught,68,decode
5506,header,554,1,SILENT,0,decode
5507,payload,6181005,1,SILENT,0,decode
5508,bit_flip,8607583,1,SILENT,0,decode
5509,random_bytes,5140977,14,caught,66,decode
5510,zeroed_run,810546,2365,SILENT,0,decode
5511,truncation,2825815,6763363,caught,68,decode
5512,header,65,1,caught,66,decode
5513,payload,9396388,1,SILENT,0,decode
5514,bit_flip,672590,1,SILENT,0,decode
5515,random_bytes,9015179,7,caught,66,decode
5516,zeroed_run,5429248,2596,SILENT,0,decode
5517,truncation,427509,9161669,caught,68,decode
5518,header,641,1,SILENT,0,decode
5519,payload,1409960,1,caught,66,decode
5520,bit_flip,2599967,1,SILENT,0,decode
5521,random_bytes,9395608,11,SILENT,0,decode
5522,zeroed_run,8379149,3213,SILENT,0,decode
5523,truncation,6465760,3123418,caught,68,decode
5524,header,143,1,caught,66,decode
5525,payload,4183266,1,SILENT,0,decode
5526,bit_flip,1569474,1,SILENT,0,decode
5527,random_bytes,6184872,8,SILENT,0,decode
5528,zeroed_run,7365430,2124,SILENT,0,decode
5529,truncation,5082865,4506313,caught,68,decode
5530,header,1013,1,SILENT,0,decode
5531,payload,5003612,1,SILENT,0,decode
5532,bit_flip,5597372,1,SILENT,0,decode
5533,random_bytes,4529282,12,SILENT,0,decode
5534,zeroed_run,905677,837,SILENT,0,decode
5535,truncation,8916339,672839,caught,68,decode
5536,header,675,1,caught,66,decode
5537,payload,2238792,1,SILENT,0,decode
5538,bit_flip,2722525,1,SILENT,0,decode
5539,random_bytes,1376849,15,caught,66,decode
5540,zeroed_run,6153717,1066,SILENT,0,decode
5541,truncation,2730380,6858798,caught,68,decode
5542,header,780,1,SILENT,0,decode
5543,payload,8644064,1,SILENT,0,decode
5544,bit_flip,5720919,1,SILENT,0,decode
5545,random_bytes,2283014,7,SILENT,0,decode
5546,zeroed_run,705089,3231,SILENT,0,decode
5547,truncation,1562077,8027101,caught,68,decode
5548,header,383,1,SILENT,0,decode
5549,payload,671131,1,SILENT,0,decode
5550,bit_flip,2673142,1,SILENT,0,decode
5551,random_bytes,3416782,10,caught,66,decode
5552,zeroed_run,58064,169,SILENT,0,decode
5553,truncation,1455789,8133389,caught,68,decode
5554,header,802,1,caught,66,decode
5555,payload,327499,1,SILENT,0,decode
5556,bit_flip,7821849,1,SILENT,0,decode
5557,random_bytes,2643808,10,SILENT,0,decode
5558,zeroed_run,6124168,2578,SILENT,0,decode
5559,truncation,411478,9177700,caught,68,decode
5560,header,268,1,caught,66,decode
5561,payload,2280404,1,caught,66,decode
5562,bit_flip,856355,1,caught,66,decode
5563,random_bytes,6354072,5,caught,66,decode
5564,zeroed_run,976200,2094,SILENT,0,decode
5565,truncation,7897437,1691741,caught,68,decode
5566,header,802,1,caught,66,decode
5567,payload,4252084,1,SILENT,0,decode
5568,bit_flip,1584688,1,SILENT,0,decode
5569,random_bytes,9070122,4,caught,66,decode
5570,zeroed_run,7954961,3854,SILENT,0,decode
5571,truncation,7291087,2298091,caught,68,decode
5572,header,627,1,SILENT,0,decode
5573,payload,254438,1,SILENT,0,decode
5574,bit_flip,7214088,1,SILENT,0,decode
5575,random_bytes,6981028,13,SILENT,0,decode
5576,zeroed_run,7308866,3539,SILENT,0,decode
5577,truncation,6116086,3473092,caught,68,decode
5578,header,629,1,caught,66,decode
5579,payload,3661689,1,SILENT,0,decode
5580,bit_flip,286842,1,SILENT,0,decode
5581,random_bytes,2288513,12,caught,66,decode
5582,zeroed_run,1706215,1373,SILENT,0,decode
5583,truncation,9256547,332631,caught,68,decode
5584,header,120,1,caught,66,decode
5585,payload,3050722,1,SILENT,0,decode
5586,bit_flip,8959728,1,caught,66,decode
5587,random_bytes,1050448,6,caught,66,decode
5588,zeroed_run,7355014,165,caught,66,decode
5589,truncation,6765157,2824021,caught,68,decode
5590,header,688,1,SILENT,0,decode
5591,payload,562350,1,caught,66,decode
5592,bit_flip,8954479,1,SILENT,0,decode
5593,random_bytes,2768801,13,caught,66,decode
5594,zeroed_run,202047,841,SILENT,0,decode
5595,truncation,515109,9074069,caught,68,decode
5596,header,581,1,SILENT,0,decode
5597,payload,9148563,1,SILENT,0,decode
5598,bit_flip,2276066,1,SILENT,0,decode
5599,random_bytes,3167613,11,caught,66,decode
5600,zeroed_run,6459478,3680,SILENT,0,decode
5601,truncation,8923578,665600,caught,68,decode
5602,header,907,1,SILENT,0,decode
5603,payload,5326369,1,SILENT,0,decode
5604,bit_flip,1535212,1,SILENT,0,decode
5605,random_bytes,7085429,9,SILENT,0,decode
5606,zeroed_run,8664395,3188,SILENT,0,decode
5607,truncation,5509881,4079297,caught,68,decode
5608,header,111,1,SILENT,0,decode
5609,payload,2106927,1,SILENT,0,decode
5610,bit_flip,5874528,1,caught,66,decode
5611,random_bytes,3373193,7,caught,66,decode
5612,zeroed_run,3181269,3263,SILENT,0,decode
5613,truncation,971196,8617982,caught,68,decode
5614,header,749,1,caught,66,decode
5615,payload,3708310,1,SILENT,0,decode
5616,bit_flip,6430704,1,SILENT,0,decode
5617,random_bytes,6946180,12,caught,66,decode
5618,zeroed_run,6174612,2424,SILENT,0,decode
5619,truncation,3901642,5687536,caught,68,decode
5620,header,661,1,SILENT,0,decode
5621,payload,8842208,1,SILENT,0,decode
5622,bit_flip,6281405,1,caught,66,decode
5623,random_bytes,4341402,15,caught,66,decode
5624,zeroed_run,1498343,277,SILENT,0,decode
5625,truncation,8920409,668769,caught,68,decode
5626,header,516,1,SILENT,0,decode
5627,payload,3669455,1,SILENT,0,decode
5628,bit_flip,5319322,1,SILENT,0,decode
5629,random_bytes,3442404,7,SILENT,0,decode
5630,zeroed_run,2730937,3976,SILENT,0,decode
5631,truncation,555847,9033331,caught,68,decode
5632,header,1001,1,caught,66,decode
5633,payload,844307,1,caught,66,decode
5634,bit_flip,8911281,1,SILENT,0,decode
5635,random_bytes,5299219,4,caught,66,decode
5636,zeroed_run,1656322,4055,SILENT,0,decode
5637,truncation,4053944,5535234,caught,68,decode
5638,header,959,1,SILENT,0,decode
5639,payload,3360395,1,caught,66,decode
5640,bit_flip,1170171,1,SILENT,0,decode
5641,random_bytes,650141,11,caught,66,decode
5642,zeroed_run,4884902,159,SILENT,0,decode
5643,truncation,1951496,7637682,caught,68,decode
5644,header,817,1,caught,66,decode
5645,payload,2254495,1,caught,66,decode
5646,bit_flip,6313255,1,SILENT,0,decode
5647,random_bytes,1831856,7,SILENT,0,decode
5648,zeroed_run,9366301,3095,SILENT,0,decode
5649,truncation,4409541,5179637,caught,68,decode
5650,header,14,1,SILENT,0,decode
5651,payload,1826765,1,SILENT,0,decode
5652,bit_flip,2588215,1,SILENT,0,decode
5653,random_bytes,1544881,9,caught,66,decode
5654,zeroed_run,1112287,3334,SILENT,0,decode
5655,truncation,5021157,4568021,caught,68,decode
5656,header,789,1,SILENT,0,decode
5657,payload,5350128,1,caught,66,decode
5658,bit_flip,7593878,1,SILENT,0,decode
5659,random_bytes,4096615,2,caught,66,decode
5660,zeroed_run,1331032,3462,SILENT,0,decode
5661,truncation,183316,9405862,caught,68,decode
5662,header,749,1,caught,66,decode
5663,payload,8923641,1,SILENT,0,decode
5664,bit_flip,3054533,1,caught,66,decode
5665,random_bytes,8430903,1,SILENT,0,decode
5666,zeroed_run,3294819,1618,SILENT,0,decode
5667,truncation,7928585,1660593,caught,68,decode
5668,header,21,1,SILENT,0,decode
5669,payload,3619123,1,SILENT,0,decode
5670,bit_flip,2088688,1,caught,66,decode
5671,random_bytes,7331657,12,caught,66,decode
5672,zeroed_run,5141989,220,SILENT,0,decode
5673,truncation,5691608,3897570,caught,68,decode
5674,header,397,1,caught,66,decode
5675,payload,900225,1,SILENT,0,decode
5676,bit_flip,7035615,1,SILENT,0,decode
5677,random_bytes,2099546,4,caught,66,decode
5678,zeroed_run,5038901,2231,SILENT,0,decode
5679,truncation,9501975,87203,caught,68,decode
5680,header,909,1,caught,66,decode
5681,payload,3482274,1,SILENT,0,decode
5682,bit_flip,7884687,1,caught,66,decode
5683,random_bytes,8653686,6,SILENT,0,decode
5684,zeroed_run,3821505,503,SILENT,0,decode
5685,truncation,3620979,5968199,caught,68,decode
5686,header,1018,1,SILENT,0,decode
5687,payload,6527979,1,SILENT,0,decode
5688,bit_flip,2272477,1,SILENT,0,decode
5689,random_bytes,5839502,13,SILENT,0,decode
5690,zeroed_run,2546015,3708,SILENT,0,decode
5691,truncation,8421970,1167208,caught,68,decode
5692,header,59,1,SILENT,0,decode
5693,payload,7996531,1,SILENT,0,decode
5694,bit_flip,3899875,1,SILENT,0,decode
5695,random_bytes,6552822,6,caught,66,decode
5696,zeroed_run,8900091,1893,SILENT,0,decode
5697,truncation,2739797,6849381,caught,68,decode
5698,header,73,1,SILENT,0,decode
5699,payload,5733847,1,caught,66,decode
5700,bit_flip,2943528,1,SILENT,0,decode
5701,random_bytes,8290664,8,caught,66,decode
5702,zeroed_run,7336760,3314,SILENT,0,decode
5703,truncation,3833957,5755221,caught,68,decode
5704,header,947,1,caught,66,decode
5705,payload,6980720,1,SILENT,0,decode
5706,bit_flip,188996,1,SILENT,0,decode
5707,random_bytes,2731665,6,caught,66,decode
5708,zeroed_run,1764487,1222,SILENT,0,decode
5709,truncation,3927189,5661989,caught,68,decode
5710,header,971,1,caught,66,decode
5711,payload,1919389,1,SILENT,0,decode
5712,bit_flip,5516198,1,SILENT,0,decode
5713,random_bytes,3588215,11,caught,66,decode
5714,zeroed_run,1479780,3407,SILENT,0,decode
5715,truncation,6727707,2861471,caught,68,decode
5716,header,992,1,SILENT,0,decode
5717,payload,8573769,1,SILENT,0,decode
5718,bit_flip,8417103,1,SILENT,0,decode
5719,random_bytes,2632729,16,SILENT,0,decode
5720,zeroed_run,8823488,258,SILENT,0,decode
5721,truncation,7428596,2160582,caught,68,decode
5722,header,40,1,caught,66,decode
5723,payload,6697324,1,SILENT,0,decode
5724,bit_flip,5073655,1,SILENT,0,decode
5725,random_bytes,5831011,10,caught,66,decode
5726,zeroed_run,1757232,4061,SILENT,0,decode
5727,truncation,4607546,4981632,caught,68,decode
5728,header,1006,1,SILENT,0,decode
5729,payload,868984,1,caught,66,decode
5730,bit_flip,9189355,1,caught,66,decode
5731,random_bytes,4829168,3,SILENT,0,decode
5732,zeroed_run,5076951,2782,SILENT,0,decode
5733,truncation,8247678,1341500,caught,68,decode
5734,header,383,1,SILENT,0,decode
5735,payload,7899812,1,SILENT,0,decode
5736,bit_flip,5322483,1,SILENT,0,decode
5737,random_bytes,8460236,10,SILENT,0,decode
5738,zeroed_run,6503970,2574,SILENT,0,decode
5739,truncation,5838312,3750866,caught,68,decode
5740,header,407,1,SILENT,0,decode
5741,payload,3198090,1,SILENT,0,decode
5742,bit_flip,7886028,1,SILENT,0,decode
5743,random_bytes,954652,9,SILENT,0,decode
5744,zeroed_run,6798451,3863,SILENT,0,decode
5745,truncation,3542294,6046884,caught,68,decode
5746,header,858,1,SILENT,0,decode
5747,payload,1274364,1,caught,66,decode
5748,bit_flip,7786717,1,SILENT,0,decode
5749,random_bytes,953567,4,SILENT,0,decode
5750,zeroed_run,5973674,2974,SILENT,0,decode
5751,truncation,785778,8803400,caught,68,decode
5752,header,672,1,caught,66,decode
5753,payload,1981794,1,SILENT,0,decode
5754,bit_flip,7861984,1,SILENT,0,decode
5755,random_bytes,9395348,8,caught,66,decode
5756,zeroed_run,1580325,1484,SILENT,0,decode
5757,truncation,1890142,7699036,caught,68,decode
5758,header,526,1,SILENT,0,decode
5759,payload,8396859,1,SILENT,0,decode
5760,bit_flip,3679582,1,caught,66,decode
5761,random_bytes,8053623,3,caught,66,decode
5762,zeroed_run,837205,54,SILENT,0,decode
5763,truncation,7029000,2560178,caught,68,decode
5764,header,434,1,SILENT,0,decode
5765,payload,8074890,1,caught,66,decode
5766,bit_flip,5644321,1,SILENT,0,decode
5767,random_bytes,8033682,8,caught,66,decode
5768,zeroed_run,2117968,1264,SILENT,0,decode
5769,truncation,4364570,5224608,caught,68,decode
5770,header,771,1,SILENT,0,decode
5771,payload,9328742,1,SILENT,0,decode
5772,bit_flip,2412857,1,caught,66,decode
5773,random_bytes,2268123,3,caught,66,decode
5774,zeroed_run,7471760,3355,SILENT,0,decode
5775,truncation,2395695,7193483,caught,68,decode
5776,header,43,1,SILENT,0,decode
5777,payload,3811393,1,SILENT,0,decode
5778,bit_flip,1476655,1,SILENT,0,decode
5779,random_bytes,7823463,16,caught,66,decode
5780,zeroed_run,1957743,2154,SILENT,0,decode
5781,truncation,378721,9210457,caught,68,decode
5782,header,383,1,SILENT,0,decode
5783,payload,631372,1,SILENT,0,decode
5784,bit_flip,4991337,1,SILENT,0,decode
5785,random_bytes,4745314,1,harmless,0,decode
5786,zeroed_run,4690715,3088,SILENT,0,decode
5787,truncation,6657733,2931445,caught,68,decode
5788,header,439,1,caught,66,decode
5789,payload,5249833,1,caught,66,decode
5790,bit_flip,4954497,1,SILENT,0,decode
5791,random_bytes,9011877,8,SILENT,0,decode
5792,zeroed_run,718105,1589,SILENT,0,decode
5793,truncation,4095999,5493179,caught,68,decode
5794,header,1000,1,caught,66,decode
5795,payload,3651080,1,SILENT,0,decode
5796,bit_flip,7978262,1,SILENT,0,decode
5797,random_bytes,5000621,3,caught,66,decode
5798,zeroed_run,7750848,1654,SILENT,0,decode
5799,truncation,1063608,8525570,caught,68,decode
5800,header,741,1,SILENT,0,decode
5801,payload,8786261,1,SILENT,0,decode
5802,bit_flip,8504947,1,caught,66,decode
5803,random_bytes,1837767,3,SILENT,0,decode
5804,zeroed_run,3288977,562,SILENT,0,decode
5805,truncation,2832907,6756271,caught,68,decode
5806,header,771,1,SILENT,0,decode
5807,payload,2027562,1,SILENT,0,decode
5808,bit_flip,9377030,1,caught,66,decode
5809,random_bytes,2252366,11,SILENT,0,decode
5810,zeroed_run,1310873,4020,SILENT,0,decode
5811,truncation,1967503,7621675,caught,68,decode
5812,header,156,1,SILENT,0,decode
5813,payload,6062342,1,SILENT,0,decode
5814,bit_flip,8068826,1,SILENT,0,decode
5815,random_bytes,4098360,5,SILENT,0,decode
5816,zeroed_run,8302633,157,caught,66,decode
5817,truncation,7021793,2567385,caught,68,decode
5818,header,952,1,SILENT,0,decode
5819,payload,5233998,1,SILENT,0,decode
5820,bit_flip,3850315,1,SILENT,0,decode
5821,random_bytes,3651421,6,caught,66,decode
5822,zeroed_run,969245,1751,SILENT,0,decode
5823,truncation,7657653,1931525,caught,68,decode
5824,header,73,1,SILENT,0,decode
5825,payload,6937976,1,SILENT,0,decode
5826,bit_flip,8472633,1,SILENT,0,decode
5827,random_bytes,9545144,16,SILENT,0,decode
5828,zeroed_run,6922303,3409,SILENT,0,decode
5829,truncation,5737015,3852163,caught,68,decode
5830,header,584,1,SILENT,0,decode
5831,payload,2151782,1,SILENT,0,decode
5832,bit_flip,518647,1,SILENT,0,decode
5833,random_bytes,9010024,8,caught,66,decode
5834,zeroed_run,5645326,508,SILENT,0,decode
5835,truncation,251070,9338108,caught,68,decode
5836,header,508,1,caught,66,decode
5837,payload,5600241,1,SILENT,0,decode
5838,bit_flip,1933794,1,caught,66,decode
5839,random_bytes,6646746,16,SILENT,0,decode
5840,zeroed_run,3551342,3802,SILENT,0,decode
5841,truncation,1951454,7637724,caught,68,decode
5842,header,806,1,SILENT,0,decode
5843,payload,3490701,1,SILENT,0,decode
5844,bit_flip,7181812,1,SILENT,0,decode
5845,random_bytes,7485595,1,SILENT,0,decode
5846,zeroed_run,1711458,263,SILENT,0,decode
5847,truncation,6220372,3368806,caught,68,decode
5848,header,699,1,SILENT,0,decode
5849,payload,8874650,1,SILENT,0,decode
5850,bit_flip,8509612,1,SILENT,0,decode
5851,random_bytes,6025784,6,SILENT,0,decode
5852,zeroed_run,4052993,1557,SILENT,0,decode
5853,truncation,4153241,5435937,caught,68,decode
5854,header,944,1,SILENT,0,decode
5855,payload,1449345,1,SILENT,0,decode
5856,bit_flip,1407210,1,SILENT,0,decode
5857,random_bytes,6929701,13,caught,66,decode
5858,zeroed_run,5467832,2674,SILENT,0,decode
5859,truncation,607508,8981670,caught,68,decode
5860,header,682,1,caught,66,decode
5861,payload,7046031,1,SILENT,0,decode
5862,bit_flip,7151968,1,caught,66,decode
5863,random_bytes,2991617,8,SILENT,0,decode
5864,zeroed_run,7136667,383,SILENT,0,decode
5865,truncation,8819562,769616,caught,68,decode
5866,header,250,1,SILENT,0,decode
5867,payload,2285965,1,caught,66,decode
5868,bit_flip,4121356,1,SILENT,0,decode
5869,random_bytes,5866760,4,caught,66,decode
5870,zeroed_run,312599,1279,SILENT,0,decode
5871,truncation,3652822,5936356,caught,68,decode
5872,header,746,1,SILENT,0,decode
5873,payload,916683,1,SILENT,0,decode
5874,bit_flip,6921074,1,caught,66,decode
5875,random_bytes,9123111,11,SILENT,0,decode
5876,zeroed_run,9571614,3493,SILENT,0,decode
5877,truncation,6195582,3393596,caught,68,decode
5878,header,283,1,SILENT,0,decode
5879,payload,6078156,1,SILENT,0,decode
5880,bit_flip,6428583,1,SILENT,0,decode
5881,random_bytes,2344156,15,SILENT,0,decode
5882,zeroed_run,6752724,2415,SILENT,0,decode
5883,truncation,187873,9401305,caught,68,decode
5884,header,190,1,SILENT,0,decode
5885,payload,2997903,1,caught,66,decode
5886,bit_flip,3513139,1,SILENT,0,decode
5887,random_bytes,3320751,3,caught,66,decode
5888,zeroed_run,3543297,2787,SILENT,0,decode
5889,truncation,4622104,4967074,caught,68,decode
5890,header,54,1,SILENT,0,decode
5891,payload,9164090,1,SILENT,0,decode
5892,bit_flip,6346439,1,SILENT,0,decode
5893,random_bytes,1733402,11,SILENT,0,decode
5894,zeroed_run,198353,1546,SILENT,0,decode
5895,truncation,7114750,2474428,caught,68,decode
5896,header,843,1,caught,66,decode
5897,payload,3902115,1,SILENT,0,decode
5898,bit_flip,5252090,1,caught,66,decode
5899,random_bytes,465907,13,caught,66,decode
5900,zeroed_run,6609802,3978,SILENT,0,decode
5901,truncation,9185351,403827,caught,68,decode
5902,header,633,1,caught,66,decode
5903,payload,2961098,1,SILENT,0,decode
5904,bit_flip,576509,1,SILENT,0,decode
5905,random_bytes,6680133,16,caught,66,decode
5906,zeroed_run,1587449,4035,SILENT,0,decode
5907,truncation,4155765,5433413,caught,68,decode
5908,header,125,1,SILENT,0,decode
5909,payload,4049536,1,caught,66,decode
5910,bit_flip,5571529,1,SILENT,0,decode
5911,random_bytes,27124,11,SILENT,0,decode
5912,zeroed_run,6045279,3317,SILENT,0,decode
5913,truncation,8251604,1337574,caught,68,decode
5914,header,808,1,SILENT,0,decode
5915,payload,4721506,1,SILENT,0,decode
5916,bit_flip,487984,1,SILENT,0,decode
5917,random_bytes,7655325,14,SILENT,0,decode
5918,zeroed_run,7544473,2823,SILENT,0,decode
5919,truncation,7460413,2128765,caught,68,decode
5920,header,138,1,caught,66,decode
5921,payload,7143680,1,SILENT,0,decode
5922,bit_flip,2139179,1,caught,66,decode
5923,random_bytes,8017687,6,caught,66,decode
5924,zeroed_run,4773796,3377,SILENT,0,decode
5925,truncation,6868263,2720915,caught,68,decode
5926,header,87,1,SILENT,0,decode
5927,payload,4976267,1,SILENT,0,decode
5928,bit_flip,5456634,1,SILENT,0,decode
5929,random_bytes,6291375,9,caught,66,decode
5930,zeroed_run,7292556,2951,SILENT,0,decode
5931,truncation,2191477,7397701,caught,68,decode
5932,header,441,1,SILENT,0,decode
5933,payload,9138494,1,SILENT,0,decode
5934,bit_flip,8700679,1,caught,66,decode
5935,random_bytes,4632839,9,SILENT,0,decode
5936,zeroed_run,8535645,44,SILENT,0,decode
5937,truncation,4702515,4886663,caught,68,decode
5938,header,702,1,SILENT,0,decode
5939,payload,6013198,1,SILENT,0,decode
5940,bit_flip,5191896,1,SILENT,0,decode
5941,random_bytes,7282302,14,caught,66,decode
5942,zeroed_run,9347508,1561,SILENT,0,decode
5943,truncation,598219,8990959,caught,68,decode
5944,header,39,1,caught,66,decode
5945,payload,2257324,1,caught,66,decode
5946,bit_flip,1146777,1,SILENT,0,decode
5947,random_bytes,8131190,16,caught,66,decode
5948,zeroed_run,2324279,1453,SILENT,0,decode
5949,truncation,5099944,4489234,caught,68,decode
5950,header,642,1,caught,66,decode
5951,payload,9337112,1,SILENT,0,decode
5952,bit_flip,6211955,1,SILENT,0,decode
5953,random_bytes,8587753,14,SILENT,0,decode
5954,zeroed_run,17380,1475,caught,66,decode
5955,truncation,3458454,6130724,caught,68,decode
5956,header,771,1,SILENT,0,decode
5957,payload,4323928,1,SILENT,0,decode
5958,bit_flip,4356145,1,SILENT,0,decode
5959,random_bytes,3970329,15,SILENT,0,decode
5960,zeroed_run,4917232,1879,SILENT,0,decode
5961,truncation,8334478,1254700,caught,68,decode
5962,header,920,1,caught,66,decode
5963,payload,700767,1,SILENT,0,decode
5964,bit_flip,8795124,1,SILENT,0,decode
5965,random_bytes,3628732,9,SILENT,0,decode
5966,zeroed_run,3494945,514,SILENT,0,decode
5967,truncation,8886722,702456,caught,68,decode
5968,header,846,1,SILENT,0,decode
5969,payload,6922148,1,caught,66,decode
5970,bit_flip,690902,1,SILENT,0,decode
5971,random_bytes,367890,8,SILENT,0,decode
5972,zeroed_run,642328,1630,SILENT,0,decode
5973,truncation,2623168,6966010,caught,68,decode
5974,header,770,1,caught,66,decode
5975,payload,4513052,1,SILENT,0,decode
5976,bit_flip,8973634,1,SILENT,0,decode
5977,random_bytes,8868472,10,caught,66,decode
5978,zeroed_run,7437265,2047,SILENT,0,decode
5979,truncation,515385,9073793,caught,68,decode
5980,header,34,1,SILENT,0,decode
5981,payload,1817949,1,caught,66,decode
5982,bit_flip,2047912,1,SILENT,0,decode
5983,random_bytes,7147921,2,SILENT,0,decode
5984,zeroed_run,2785093,3817,SILENT,0,decode
5985,truncation,4846238,4742940,caught,68,decode
5986,header,490,1,SILENT,0,decode
5987,payload,2737937,1,SILENT,0,decode
5988,bit_flip,2201581,1,caught,66,decode
5989,random_bytes,4517555,2,SILENT,0,decode
5990,zeroed_run,7912936,2945,SILENT,0,decode
5991,truncation,5611029,3978149,caught,68,decode
5992,header,236,1,SILENT,0,decode
5993,payload,266431,1,SILENT,0,decode
5994,bit_flip,3118552,1,SILENT,0,decode
5995,random_bytes,274021,16,SILENT,0,decode
5996,zeroed_run,4940957,2148,SILENT,0,decode
5997,truncation,6471808,3117370,caught,68,decode
5998,header,794,1,SILENT,0,decode
5999,payload,1266753,1,SILENT,0,decode
6000,bit_flip,572231,1,SILENT,0,decode
6001,random_bytes,1046297,9,SILENT,0,decode
6002,zeroed_run,60087,3414,SILENT,0,decode
6003,truncation,9259161,330017,caught,68,decode
6004,header,8,1,caught,66,decode
6005,payload,5585755,1,SILENT,0,decode
6006,bit_flip,4295262,1,SILENT,0,decode
6007,random_bytes,2332792,16,caught,66,decode
6008,zeroed_run,5934852,3193,SILENT,0,decode
6009,truncation,6496262,3092916,caught,68,decode
6010,header,683,1,SILENT,0,decode
6011,payload,4010686,1,SILENT,0,decode
6012,bit_flip,3578431,1,caught,66,decode
6013,random_bytes,7965917,14,caught,66,decode
6014,zeroed_run,3684410,1763,SILENT,0,decode
6015,truncation,9002279,586899,caught,68,decode
6016,header,545,1,SILENT,0,decode
6017,payload,4415872,1,SILENT,0,decode
6018,bit_flip,6507207,1,SILENT,0,decode
6019,random_bytes,5526131,9,caught,66,decode
6020,zeroed_run,1474178,1856,SILENT,0,decode
6021,truncation,8096661,1492517,caught,68,decode
6022,header,111,1,SILENT,0,decode
6023,payload,374573,1,SILENT,0,decode
6024,bit_flip,6057199,1,caught,66,decode
6025,random_bytes,1327423,11,SILENT,0,decode
6026,zeroed_run,4917684,3530,SILENT,0,decode
6027,truncation,5794838,3794340,caught,68,decode
6028,header,859,1,SILENT,0,decode
6029,payload,7874537,1,caught,66,decode
6030,bit_flip,5924517,1,SILENT,0,decode
6031,random_bytes,149029,15,caught,66,decode
6032,zeroed_run,2484112,2380,SILENT,0,decode
6033,truncation,8399102,1190076,caught,68,decode
6034,header,850,1,SILENT,0,decode
6035,payload,4034797,1,caught,66,decode
6036,bit_flip,5667154,1,SILENT,0,decode
6037,random_bytes,1447075,9,SILENT,0,decode
6038,zeroed_run,8607668,3737,SILENT,0,decode
6039,truncation,732652,8856526,caught,68,decode
6040,header,569,1,SILENT,0,decode
6041,payload,2793591,1,SILENT,0,decode
6042,bit_flip,6612015,1,SILENT,0,decode
6043,random_bytes,4055658,4,SILENT,0,decode
6044,zeroed_run,5453066,2120,SILENT,0,decode
6045,truncation,3977932,5611246,caught,68,decode
6046,header,591,1,SILENT,0,decode
6047,payload,8811233,1,SILENT,0,decode
6048,bit_flip,5961714,1,SILENT,0,decode
6049,random_bytes,3781851,16,caught,66,decode
6050,zeroed_run,3244658,2786,SILENT,0,decode
6051,truncation,3226680,6362498,caught,68,decode
6052,header,174,1,SILENT,0,decode
6053,payload,5422684,1,SILENT,0,decode
6054,bit_flip,3395757,1,SILENT,0,decode
6055,random_bytes,100968,2,SILENT,0,decode
6056,zeroed_run,1298170,1753,SILENT,0,decode
6057,truncation,5478735,4110443,caught,68,decode
6058,header,386,1,SILENT,0,decode
6059,payload,5655781,1,SILENT,0,decode
6060,bit_flip,6969888,1,caught,66,decode
6061,random_bytes,9231228,6,caught,66,decode
6062,zeroed_run,397904,2856,SILENT,0,decode
6063,truncation,1017543,8571635,caught,68,decode
6064,header,508,1,caught,66,decode
6065,payload,6304463,1,SILENT,0,decode
6066,bit_flip,8268033,1,SILENT,0,decode
6067,random_bytes,2557789,11,SILENT,0,decode
6068,zeroed_run,1323073,977,SILENT,0,decode
6069,truncation,3555453,6033725,caught,68,decode
6070,header,279,1,SILENT,0,decode
6071,payload,7676825,1,caught,66,decode
6072,bit_flip,1390195,1,caught,66,decode
6073,random_bytes,6205784,12,caught,66,decode
6074,zeroed_run,8614759,1366,SILENT,0,decode
6075,truncation,7098715,2490463,caught,68,decode
6076,header,215,1,caught,66,decode
6077,payload,8880863,1,caught,66,decode
6078,bit_flip,3912411,1,SILENT,0,decode
6079,random_bytes,6806491,3,caught,66,decode
6080,zeroed_run,7823591,1320,SILENT,0,decode
6081,truncation,5302,9583876,caught,68,decode
6082,header,464,1,caught,66,decode
6083,payload,6602055,1,SILENT,0,decode
6084,bit_flip,6214613,1,SILENT,0,decode
6085,random_bytes,7149312,12,SILENT,0,decode
6086,zeroed_run,5256439,2862,SILENT,0,decode
6087,truncation,6576535,3012643,caught,68,decode
6088,header,939,1,caught,66,decode
6089,payload,3541775,1,SILENT,0,decode
6090,bit_flip,9166924,1,SILENT,0,decode
6091,random_bytes,4015037,8,SILENT,0,decode
6092,zeroed_run,2916,2760,caught,66,decode
6093,truncation,6300013,3289165,caught,68,decode
6094,header,424,1,SILENT,0,decode
6095,payload,687651,1,SILENT,0,decode
6096,bit_flip,3596216,1,SILENT,0,decode
6097,random_bytes,6526038,16,caught,66,decode
6098,zeroed_run,9473310,2613,SILENT,0,decode
6099,truncation,2171075,7418103,caught,68,decode
6100,header,665,1,SILENT,0,decode
6101,payload,375347,1,SILENT,0,decode
6102,bit_flip,1013717,1,SILENT,0,decode
6103,random_bytes,7446298,1,SILENT,0,decode
6104,zeroed_run,3016726,2143,SILENT,0,decode
6105,truncation,1172596,8416582,caught,68,decode
6106,header,972,1,caught,66,decode
6107,payload,5747840,1,SILENT,0,decode
6108,bit_flip,1932847,1,SILENT,0,decode
6109,random_bytes,1185521,12,SILENT,0,decode
6110,zeroed_run,6733271,683,SILENT,0,decode
6111,truncation,5600382,3988796,caught,68,decode
6112,header,184,1,SILENT,0,decode
6113,payload,3144895,1,caught,66,decode
6114,bit_flip,7783071,1,SILENT,0,decode
6115,random_bytes,9432507,16,caught,66,decode
6116,zeroed_run,2679256,393,SILENT,0,decode
6117,truncation,3778064,5811114,caught,68,decode
6118,header,201,1,caught,66,decode
6119,payload,7639551,1,SILENT,0,decode
6120,bit_flip,8107100,1,SILENT,0,decode
6121,random_bytes,7118758,8,caught,66,decode
6122,zeroed_run,709282,1983,SILENT,0,decode
6123,truncation,3140759,6448419,caught,68,decode
6124,header,329,1,SILENT,0,decode
6125,payload,5614497,1,SILENT,0,decode
6126,bit_flip,5433863,1,SILENT,0,decode
6127,random_bytes,2804627,7,SILENT,0,decode
6128,zeroed_run,1232129,2445,SILENT,0,decode
6129,truncation,1416547,8172631,caught,68,decode
6130,header,382,1,SILENT,0,decode
6131,payload,1063175,1,SILENT,0,decode
6132,bit_flip,4573011,1,caught,66,decode
6133,random_bytes,9298210,12,caught,66,decode
6134,zeroed_run,3299232,378,SILENT,0,decode
6135,truncation,5665431,3923747,caught,68,decode
6136,header,973,1,SILENT,0,decode
6137,payload,3230637,1,SILENT,0,decode
6138,bit_flip,4101917,1,SILENT,0,decode
6139,random_bytes,7827080,5,caught,66,decode
6140,zeroed_run,1604951,1224,SILENT,0,decode
6141,truncation,6719706,2869472,caught,68,decode
6142,header,423,1,SILENT,0,decode
6143,payload,6123850,1,SILENT,0,decode
6144,bit_flip,3184524,1,SILENT,0,decode
6145,random_bytes,7901179,3,SILENT,0,decode
6146,zeroed_run,4179222,1479,SILENT,0,decode
6147,truncation,9440585,148593,caught,68,decode
6148,header,512,1,SILENT,0,decode
6149,payload,7024470,1,SILENT,0,decode
6150,bit_flip,8174582,1,SILENT,0,decode
6151,random_bytes,2186435,4,SILENT,0,decode
6152,zeroed_run,8505791,273,SILENT,0,decode
6153,truncation,6227409,3361769,caught,68,decode
6154,header,731,1,SILENT,0,decode
6155,payload,7476983,1,SILENT,0,decode
6156,bit_flip,7897395,1,SILENT,0,decode
6157,random_bytes,7855662,3,SILENT,0,decode
6158,zeroed_run,7180400,3500,caught,66,decode
6159,truncation,6050066,3539112,caught,68,decode
6160,header,95,1,caught,66,decode
6161,payload,3602666,1,SILENT,0,decode
6162,bit_flip,7348875,1,caught,66,decode
6163,random_bytes,1311744,11,SILENT,0,decode
6164,zeroed_run,7986972,1309,SILENT,0,decode
6165,truncation,1556434,8032744,caught,68,decode
6166,header,5,1,caught,66,decode
6167,payload,9552585,1,SILENT,0,decode
6168,bit_flip,6960426,1,SILENT,0,decode
6169,random_bytes,2059169,15,caught,66,decode
6170,zeroed_run,131950,1039,SILENT,0,decode
6171,truncation,8324258,1264920,caught,68,decode
6172,header,829,1,caught,66,decode
6173,payload,1243663,1,SILENT,0,decode
6174,bit_flip,3635587,1,SILENT,0,decode
6175,random_bytes,7999840,6,SILENT,0,decode
6176,zeroed_run,3754089,2331,SILENT,0,decode
6177,truncation,2061763,7527415,caught,68,decode
6178,header,147,1,caught,66,decode
6179,payload,3361371,1,SILENT,0,decode
6180,bit_flip,9016235,1,caught,66,decode
6181,random_bytes,6442963,5,caught,66,decode
6182,zeroed_run,7295881,575,SILENT,0,decode
6183,truncation,2149200,7439978,caught,68,decode
6184,header,579,1,caught,66,decode
6185,payload,669162,1,caught,66,decode
6186,bit_flip,7798966,1,SILENT,0,decode
6187,random_bytes,3870172,3,SILENT,0,decode
6188,zeroed_run,5228672,156,SILENT,0,decode
6189,truncation,5519354,4069824,caught,68,decode
6190,header,993,1,caught,66,decode
6191,payload,944634,1,SILENT,0,decode
6192,bit_flip,3099439,1,SILENT,0,decode
6193,random_bytes,6799604,13,SILENT,0,decode
6194,zeroed_run,6451294,2320,SILENT,0,decode
6195,truncation,1612429,7976749,caught,68,decode
6196,header,802,1,caught,66,decode
6197,payload,1336787,1,SILENT,0,decode
6198,bit_flip,2135732,1,caught,66,decode
6199,random_bytes,4555519,7,caught,66,decode
6200,zeroed_run,8183945,3240,SILENT,0,decode
6201,truncation,4525210,5063968,caught,68,decode
6202,header,432,1,SILENT,0,decode
6203,payload,2118359,1,SILENT,0,decode
6204,bit_flip,3827216,1,caught,66,decode
6205,random_bytes,6119964,11,SILENT,0,decode
6206,zeroed_run,5168508,507,SILENT,0,decode
6207,truncation,7185474,2403704,caught,68,decode
6208,header,258,1,SILENT,0,decode
6209,payload,4953199,1,caught,66,decode
6210,bit_flip,8051998,1,caught,66,decode
6211,random_bytes,7621440,14,caught,66,decode
6212,zeroed_run,5110886,429,SILENT,0,decode
6213,truncation,1075803,8513375,caught,68,decode
6214,header,425,1,SILENT,0,decode
6215,payload,6632965,1,caught,66,decode
6216,bit_flip,6542516,1,SILENT,0,decode
6217,random_bytes,4147921,4,caught,66,decode
6218,zeroed_run,7518997,1121,SILENT,0,decode
6219,truncation,8899033,690145,caught,68,decode
6220,header,796,1,SILENT,0,decode
6221,payload,2411429,1,SILENT,0,decode
6222,bit_flip,7421986,1,SILENT,0,decode
6223,random_bytes,6538428,10,caught,66,decode
6224,zeroed_run,13382,140,caught,66,decode
6225,truncation,1393614,8195564,caught,68,decode
6226,header,391,1,SILENT,0,decode
6227,payload,6492369,1,SILENT,0,decode
6228,bit_flip,8636524,1,SILENT,0,decode
6229,random_bytes,364485,13,caught,66,decode
6230,zeroed_run,4823327,2517,SILENT,0,decode
6231,truncation,4340647,5248531,caught,68,decode
6232,header,852,1,SILENT,0,decode
6233,payload,1300827,1,SILENT,0,decode
6234,bit_flip,6420284,1,SILENT,0,decode
6235,random_bytes,5875990,3,caught,66,decode
6236,zeroed_run,2503820,1721,SILENT,0,decode
6237,truncation,38973,9550205,caught,68,decode
6238,header,856,1,SILENT,0,decode
6239,payload,6839787,1,SILENT,0,decode
6240,bit_flip,1768885,1,SILENT,0,decode
6241,random_bytes,8491091,14,caught,66,decode
6242,zeroed_run,880866,3128,SILENT,0,decode
6243,truncation,1293220,8295958,caught,68,decode
6244,header,659,1,SILENT,0,decode
6245,payload,1106566,1,SILENT,0,decode
6246,bit_flip,3118690,1,SILENT,0,decode
6247,random_bytes,9388347,12,SILENT,0,decode
6248,zeroed_run,7928067,255,SILENT,0,decode
6249,truncation,6403097,3186081,caught,68,decode
6250,header,593,1,caught,66,decode
6251,payload,6352655,1,SILENT,0,decode
6252,bit_flip,1827150,1,SILENT,0,decode
6253,random_bytes,5543864,5,SILENT,0,decode
6254,zeroed_run,1381718,183,SILENT,0,decode
6255,truncation,7187888,2401290,caught,68,decode
6256,header,618,1,SILENT,0,decode
6257,payload,1048933,1,SILENT,0,decode
6258,bit_flip,861977,1,SILENT,0,decode
6259,random_bytes,1778961,16,SILENT,0,decode
6260,zeroed_run,8792112,1619,SILENT,0,decode
6261,truncation,8625796,963382,caught,68,decode
6262,header,298,1,caught,66,decode
6263,payload,6990181,1,SILENT,0,decode
6264,bit_flip,9240849,1,SILENT,0,decode
6265,random_bytes,6397813,11,SILENT,0,decode
6266,zeroed_run,3620196,2674,SILENT,0,decode
6267,truncation,1534752,8054426,caught,68,decode
6268,header,716,1,caught,66,decode
6269,payload,554394,1,caught,66,decode
6270,bit_flip,5984494,1,SILENT,0,decode
6271,random_bytes,1376896,5,caught,66,decode
6272,zeroed_run,7520001,2831,SILENT,0,decode
6273,truncation,8728657,860521,caught,68,decode
6274,header,287,1,SILENT,0,decode
6275,payload,2414303,1,SILENT,0,decode
6276,bit_flip,7134889,1,SILENT,0,decode
6277,random_bytes,3499195,14,caught,66,decode
6278,zeroed_run,3984399,2133,SILENT,0,decode
6279,truncation,3409667,6179511,caught,68,decode
6280,header,341,1,SILENT,0,decode
6281,payload,2589900,1,SILENT,0,decode
6282,bit_flip,6441164,1,SILENT,0,decode
6283,random_bytes,1041315,11,caught,66,decode
6284,zeroed_run,5233843,2830,SILENT,0,decode
6285,truncation,3653916,5935262,caught,68,decode
6286,header,769,1,caught,66,decode
6287,payload,3709159,1,SILENT,0,decode
6288,bit_flip,6632653,1,SILENT,0,decode
6289,random_bytes,3979584,1,SILENT,0,decode
6290,zeroed_run,8309138,2767,SILENT,0,decode
6291,truncation,8805410,783768,caught,68,decode
6292,header,816,1,SILENT,0,decode
6293,payload,3292522,1,SILENT,0,decode
6294,bit_flip,6970775,1,SILENT,0,decode
6295,random_bytes,8014245,7,SILENT,0,decode
6296,zeroed_run,4171430,3244,SILENT,0,decode
6297,truncation,6234881,3354297,caught,68,decode
6298,header,490,1,SILENT,0,decode
6299,payload,1682492,1,SILENT,0,decode
6300,bit_flip,3146207,1,caught,66,decode
6301,random_bytes,6864138,16,SILENT,0,decode
6302,zeroed_run,6412248,3720,SILENT,0,decode
6303,truncation,9104021,485157,caught,68,decode
6304,header,55,1,SILENT,0,decode
6305,payload,6613781,1,SILENT,0,decode
6306,bit_flip,4801602,1,SILENT,0,decode
6307,random_bytes,4416999,7,SILENT,0,decode
6308,zeroed_run,3083600,1632,SILENT,0,decode
6309,truncation,7827953,1761225,caught,68,decode
6310,header,474,1,caught,66,decode
6311,payload,7334077,1,SILENT,0,decode
6312,bit_flip,4525067,1,SILENT,0,decode
6313,random_bytes,5935672,5,caught,66,decode
6314,zeroed_run,6556082,2984,SILENT,0,decode
6315,truncation,5319750,4269428,caught,68,decode
6316,header,790,1,SILENT,0,decode
6317,payload,2016355,1,SILENT,0,decode
6318,bit_flip,5178507,1,caught,66,decode
6319,random_bytes,5483165,14,SILENT,0,decode
6320,zeroed_run,6627341,3464,SILENT,0,decode
6321,truncation,8368621,1220557,caught,68,decode
6322,header,809,1,caught,66,decode
6323,payload,4103646,1,SILENT,0,decode
6324,bit_flip,7643207,1,SILENT,0,decode
6325,random_bytes,4410239,7,caught,66,decode
6326,zeroed_run,6348807,3206,SILENT,0,decode
6327,truncation,4048284,5540894,caught,68,decode
6328,header,319,1,SILENT,0,decode
6329,payload,7593033,1,SILENT,0,decode
6330,bit_flip,8192483,1,SILENT,0,decode
6331,random_bytes,1770266,16,SILENT,0,decode
6332,zeroed_run,3278707,1791,SILENT,0,decode
6333,truncation,881279,8707899,caught,68,decode
6334,header,338,1,SILENT,0,decode
6335,payload,3678413,1,caught,66,decode
6336,bit_flip,2907806,1,SILENT,0,decode
6337,random_bytes,9129479,9,caught,66,decode
6338,zeroed_run,8410653,1406,SILENT,0,decode
6339,truncation,8716691,872487,caught,68,decode
6340,header,685,1,caught,66,decode
6341,payload,893472,1,SILENT,0,decode
6342,bit_flip,1584273,1,caught,66,decode
6343,random_bytes,4739353,10,SILENT,0,decode
6344,zeroed_run,5892925,693,SILENT,0,decode
6345,truncation,808183,8780995,caught,68,decode
6346,header,135,1,caught,66,decode
6347,payload,3870461,1,SILENT,0,decode
6348,bit_flip,6789873,1,SILENT,0,decode
6349,random_bytes,1616163,14,SILENT,0,decode
6350,zeroed_run,2220140,822,SILENT,0,decode
6351,truncation,3107079,6482099,caught,68,decode
6352,header,220,1,SILENT,0,decode
6353,payload,839399,1,SILENT,0,decode
6354,bit_flip,8162922,1,caught,66,decode
6355,random_bytes,7067765,14,caught,66,decode
6356,zeroed_run,7865690,1349,SILENT,0,decode
6357,truncation,5798949,3790229,caught,68,decode
6358,header,977,1,SILENT,0,decode
6359,payload,4098776,1,SILENT,0,decode
6360,bit_flip,3422570,1,caught,66,decode
6361,random_bytes,4028247,4,SILENT,0,decode
6362,zeroed_run,4286038,3606,SILENT,0,decode
6363,truncation,2308791,7280387,caught,68,decode
6364,header,95,1,caught,66,decode
6365,payload,7116388,1,SILENT,0,decode
6366,bit_flip,3621222,1,caught,66,decode
6367,random_bytes,8869842,12,SILENT,0,decode
6368,zeroed_run,3101559,351,SILENT,0,decode
6369,truncation,3280142,6309036,caught,68,decode
6370,header,763,1,SILENT,0,decode
6371,payload,8794755,1,SILENT,0,decode
6372,bit_flip,8563872,1,SILENT,0,decode
6373,random_bytes,8161127,3,caught,66,decode
6374,zeroed_run,7561808,2264,SILENT,0,decode
6375,truncation,243395,9345783,caught,68,decode
6376,header,273,1,SILENT,0,decode
6377,payload,8228734,1,SILENT,0,decode
6378,bit_flip,6511613,1,SILENT,0,decode
6379,random_bytes,2123188,1,SILENT,0,decode
6380,zeroed_run,5234466,3079,SILENT,0,decode
6381,truncation,3424970,6164208,caught,68,decode
6382,header,690,1,caught,66,decode
6383,payload,4920921,1,SILENT,0,decode
6384,bit_flip,5922609,1,caught,66,decode
6385,random_bytes,9041048,10,caught,66,decode
6386,zeroed_run,2059049,1517,SILENT,0,decode
6387,truncation,9234336,354842,caught,68,decode
6388,header,315,1,SILENT,0,decode
6389,payload,7973982,1,SILENT,0,decode
6390,bit_flip,8767095,1,SILENT,0,decode
6391,random_bytes,4307775,11,caught,66,decode
6392,zeroed_run,6646266,2835,SILENT,0,decode
6393,truncation,1388464,8200714,caught,68,decode
6394,header,450,1,SILENT,0,decode
6395,payload,5588402,1,caught,66,decode
6396,bit_flip,8690012,1,SILENT,0,decode
6397,random_bytes,9498829,6,caught,66,decode
6398,zeroed_run,7812673,3529,SILENT,0,decode
6399,truncation,4834572,4754606,caught,68,decode
6400,header,834,1,SILENT,0,decode
6401,payload,414381,1,SILENT,0,decode
6402,bit_flip,4278485,1,SILENT,0,decode
6403,random_bytes,3108294,8,caught,66,decode
6404,zeroed_run,6191165,223,SILENT,0,decode
6405,truncation,1949789,7639389,caught,68,decode
6406,header,167,1,SILENT,0,decode
6407,payload,6153095,1,SILENT,0,decode
6408,bit_flip,7747714,1,caught,66,decode
6409,random_bytes,5782653,12,SILENT,0,decode
6410,zeroed_run,2621543,2087,SILENT,0,decode
6411,truncation,992600,8596578,caught,68,decode
6412,header,54,1,SILENT,0,decode
6413,payload,1960320,1,SILENT,0,decode
6414,bit_flip,3647020,1,SILENT,0,decode
6415,random_bytes,9039788,9,SILENT,0,decode
6416,zeroed_run,5707550,1587,SILENT,0,decode
6417,truncation,412784,9176394,caught,68,decode
6418,header,664,1,SILENT,0,decode
6419,payload,6806926,1,caught,66,decode
6420,bit_flip,8247750,1,SILENT,0,decode
6421,random_bytes,2816336,2,SILENT,0,decode
6422,zeroed_run,7339547,2554,SILENT,0,decode
6423,truncation,6609062,2980116,caught,68,decode
6424,header,467,1,SILENT,0,decode
6425,payload,3964020,1,SILENT,0,decode
6426,bit_flip,3345679,1,SILENT,0,decode
6427,random_bytes,2896042,9,SILENT,0,decode
6428,zeroed_run,610013,3732,SILENT,0,decode
6429,truncation,1650799,7938379,caught,68,decode
6430,header,152,1,SILENT,0,decode
6431,payload,1076334,1,SILENT,0,decode
6432,bit_flip,7333865,1,SILENT,0,decode
6433,random_bytes,2852131,11,caught,66,decode
6434,zeroed_run,6793926,1178,SILENT,0,decode
6435,truncation,6384261,3204917,caught,68,decode
6436,header,213,1,SILENT,0,decode
6437,payload,1249615,1,SILENT,0,decode
6438,bit_flip,2307863,1,SILENT,0,decode
6439,random_bytes,2313210,9,caught,66,decode
6440,zeroed_run,6561378,2892,SILENT,0,decode
6441,truncation,8387694,1201484,caught,68,decode
6442,header,806,1,SILENT,0,decode
6443,payload,260490,1,SILENT,0,decode
6444,bit_flip,6843401,1,caught,66,decode
6445,random_bytes,9188333,9,caught,66,decode
6446,zeroed_run,9204007,4017,SILENT,0,decode
6447,truncation,2436210,7152968,caught,68,decode
6448,header,442,1,SILENT,0,decode
6449,payload,9315456,1,SILENT,0,decode
6450,bit_flip,2113977,1,SILENT,0,decode
6451,random_bytes,7553366,8,caught,66,decode
6452,zeroed_run,1918461,158,SILENT,0,decode
6453,truncation,7808617,1780561,caught,68,decode
6454,header,313,1,caught,66,decode
6455,payload,8885031,1,SILENT,0,decode
6456,bit_flip,6144135,1,SILENT,0,decode
6457,random_bytes,5007874,4,SILENT,0,decode
6458,zeroed_run,7020632,2147,SILENT,0,decode
6459,truncation,4649949,4939229,caught,68,decode
6460,header,320,1,SILENT,0,decode
6461,payload,1374677,1,SILENT,0,decode
6462,bit_flip,1768608,1,caught,66,decode
6463,random_bytes,5884702,1,SILENT,0,decode
6464,zeroed_run,8273144,609,SILENT,0,decode
6465,truncation,2859177,6730001,caught,68,decode
6466,header,27,1,SILENT,0,decode
6467,payload,1136429,1,SILENT,0,decode
6468,bit_flip,910390,1,SILENT,0,decode
6469,random_bytes,7698440,12,SILENT,0,decode
6470,zeroed_run,2677511,227,SILENT,0,decode
6471,truncation,110290,9478888,caught,68,decode
6472,header,98,1,SILENT,0,decode
6473,payload,1687963,1,SILENT,0,decode
6474,bit_flip,3431408,1,SILENT,0,decode
6475,random_bytes,9418620,13,caught,66,decode
6476,zeroed_run,3794684,1364,SILENT,0,decode
6477,truncation,7979150,1610028,caught,68,decode
6478,header,863,1,SILENT,0,decode
6479,payload,6754420,1,SILENT,0,decode
6480,bit_flip,5675083,1,SILENT,0,decode
6481,random_bytes,5276560,4,SILENT,0,decode
6482,zeroed_run,541001,3633,SILENT,0,decode
6483,truncation,1360768,8228410,caught,68,decode
6484,header,676,1,SILENT,0,decode
6485,payload,658543,1,SILENT,0,decode
6486,bit_flip,5220764,1,SILENT,0,decode
6487,random_bytes,1098316,15,caught,66,decode
6488,zeroed_run,7721673,2626,SILENT,0,decode
6489,truncation,576577,9012601,caught,68,decode
6490,header,19,1,SILENT,0,decode
6491,payload,3024046,1,SILENT,0,decode
6492,bit_flip,5699967,1,SILENT,0,decode
6493,random_bytes,2802236,9,SILENT,0,decode
6494,zeroed_run,5294378,3058,SILENT,0,decode
6495,truncation,7555471,2033707,caught,68,decode
6496,header,427,1,SILENT,0,decode
6497,payload,8292184,1,SILENT,0,decode
6498,bit_flip,2057788,1,SILENT,0,decode
6499,random_bytes,3959022,5,caught,66,decode
6500,zeroed_run,8361774,1656,SILENT,0,decode
6501,truncation,6509334,3079844,caught,68,decode
6502,header,216,1,caught,66,decode
6503,payload,9391859,1,SILENT,0,decode
6504,bit_flip,1525266,1,SILENT,0,decode
6505,random_bytes,4571750,7,SILENT,0,decode
6506,zeroed_run,4850099,1237,SILENT,0,decode
6507,truncation,1510466,8078712,caught,68,decode
6508,header,405,1,SILENT,0,decode
6509,payload,7909489,1,SILENT,0,decode
6510,bit_flip,1807800,1,SILENT,0,decode
6511,random_bytes,3711937,16,caught,66,decode
6512,zeroed_run,5429447,2347,SILENT,0,decode
6513,truncation,7459378,2129800,caught,68,decode
6514,header,851,1,SILENT,0,decode
6515,payload,4602223,1,SILENT,0,decode
6516,bit_flip,5931792,1,SILENT,0,decode
6517,random_bytes,4880551,10,caught,66,decode
6518,zeroed_run,8384114,2463,SILENT,0,decode
6519,truncation,7121946,2467232,caught,68,decode
6520,header,700,1,SILENT,0,decode
6521,payload,7077354,1,SILENT,0,decode
6522,bit_flip,512621,1,caught,66,decode
6523,random_bytes,5058579,15,SILENT,0,decode
6524,zeroed_run,8004188,1358,SILENT,0,decode
6525,truncation,1654493,7934685,caught,68,decode
6526,header,505,1,SILENT,0,decode
6527,payload,1676516,1,SILENT,0,decode
6528,bit_flip,604819,1,SILENT,0,decode
6529,random_bytes,8180441,9,caught,66,decode
6530,zeroed_run,7991910,1512,SILENT,0,decode
6531,truncation,8719567,869611,caught,68,decode
6532,header,745,1,SILENT,0,decode
6533,payload,5865449,1,SILENT,0,decode
6534,bit_flip,2568603,1,SILENT,0,decode
6535,random_bytes,4816584,1,SILENT,0,decode
6536,zeroed_run,6282870,3065,SILENT,0,decode
6537,truncation,8642283,946895,caught,68,decode
6538,header,333,1,caught,66,decode
6539,payload,7790453,1,SILENT,0,decode
6540,bit_flip,2829189,1,SILENT,0,decode
6541,random_bytes,5761144,12,caught,66,decode
6542,zeroed_run,3469644,3895,SILENT,0,decode
6543,truncation,3479605,6109573,caught,68,decode
6544,header,470,1,SILENT,0,decode
6545,payload,3316855,1,caught,66,decode
6546,bit_flip,6205600,1,SILENT,0,decode
6547,random_bytes,8856562,10,caught,66,decode
6548,zeroed_run,3558346,938,SILENT,0,decode
6549,truncation,1444894,8144284,caught,68,decode
6550,header,513,1,SILENT,0,decode
6551,payload,7528435,1,SILENT,0,decode
6552,bit_flip,3808606,1,SILENT,0,decode
6553,random_bytes,2882000,13,caught,66,decode
6554,zeroed_run,1184657,3436,SILENT,0,decode
6555,truncation,6775518,2813660,caught,68,decode
6556,header,490,1,SILENT,0,decode
6557,payload,6481800,1,caught,66,decode
6558,bit_flip,330547,1,SILENT,0,decode
6559,random_bytes,948939,2,SILENT,0,decode
6560,zeroed_run,571270,857,SILENT,0,decode
6561,truncation,8360907,1228271,caught,68,decode
6562,header,1002,1,SILENT,0,decode
6563,payload,5652852,1,caught,66,decode
6564,bit_flip,5164987,1,SILENT,0,decode
6565,random_bytes,9001993,12,SILENT,0,decode
6566,zeroed_run,7005669,2678,SILENT,0,decode
6567,truncation,6947318,2641860,caught,68,decode
6568,header,832,1,caught,66,decode
6569,payload,6441941,1,SILENT,0,decode
6570,bit_flip,3321526,1,caught,66,decode
6571,random_bytes,1418724,8,caught,66,decode
6572,zeroed_run,8794851,2886,SILENT,0,decode
6573,truncation,8595743,993435,caught,68,decode
6574,header,931,1,SILENT,0,decode
6575,payload,9586061,1,caught,66,decode
6576,bit_flip,2287551,1,SILENT,0,decode
6577,random_bytes,8723694,14,caught,66,decode
6578,zeroed_run,8483443,877,SILENT,0,decode
6579,truncation,2665606,6923572,caught,68,decode
6580,header,459,1,SILENT,0,decode
6581,payload,2632330,1,SILENT,0,decode
6582,bit_flip,7663016,1,SILENT,0,decode
6583,random_bytes,1385511,3,caught,66,decode
6584,zeroed_run,3202861,1609,SILENT,0,decode
6585,truncation,442794,9146384,caught,68,decode
6586,header,437,1,SILENT,0,decode
6587,payload,1184820,1,SILENT,0,decode
6588,bit_flip,4653195,1,SILENT,0,decode
6589,random_bytes,1644300,8,SILENT,0,decode
6590,zeroed_run,4414009,1471,SILENT,0,decode
6591,truncation,3733496,5855682,caught,68,decode
6592,header,639,1,caught,66,decode
6593,payload,6600076,1,SILENT,0,decode
6594,bit_flip,8172467,1,SILENT,0,decode
6595,random_bytes,566360,7,caught,66,decode
6596,zeroed_run,1340188,390,SILENT,0,decode
6597,truncation,5489679,4099499,caught,68,decode
6598,header,224,1,SILENT,0,decode
6599,payload,5145491,1,caught,66,decode
6600,bit_flip,5748186,1,caught,66,decode
6601,random_bytes,7257419,2,SILENT,0,decode
6602,zeroed_run,3722994,3556,SILENT,0,decode
6603,truncation,9501929,87249,caught,68,decode
6604,header,80,1,SILENT,0,decode
6605,payload,1960965,1,SILENT,0,decode
6606,bit_flip,8258915,1,caught,66,decode
6607,random_bytes,2561545,1,SILENT,0,decode
6608,zeroed_run,7938579,483,SILENT,0,decode
6609,truncation,8587113,1002065,caught,68,decode
6610,header,265,1,SILENT,0,decode
6611,payload,7225339,1,caught,66,decode
6612,bit_flip,2517859,1,SILENT,0,decode
6613,random_bytes,5276070,3,caught,66,decode
6614,zeroed_run,8233828,2193,SILENT,0,decode
6615,truncation,4126793,5462385,caught,68,decode
6616,header,845,1,SILENT,0,decode
6617,payload,6098182,1,caught,66,decode
6618,bit_flip,6764291,1,SILENT,0,decode
6619,random_bytes,8415035,11,caught,66,decode
6620,zeroed_run,1755741,2990,SILENT,0,decode
6621,truncation,3198093,6391085,caught,68,decode
6622,header,344,1,SILENT,0,decode
6623,payload,9395425,1,SILENT,0,decode
6624,bit_flip,611883,1,SILENT,0,decode
6625,random_bytes,1207568,10,SILENT,0,decode
6626,zeroed_run,2190517,1420,SILENT,0,decode
6627,truncation,8609110,980068,caught,68,decode
6628,header,340,1,SILENT,0,decode
6629,payload,380585,1,SILENT,0,decode
6630,bit_flip,4914235,1,SILENT,0,decode
6631,random_bytes,2066649,2,SILENT,0,decode
6632,zeroed_run,3577527,2016,SILENT,0,decode
6633,truncation,6293042,3296136,caught,68,decode
6634,header,741,1,caught,66,decode
6635,payload,5548517,1,caught,66,decode
6636,bit_flip,282686,1,caught,66,decode
6637,random_bytes,8307250,12,caught,66,decode
6638,zeroed_run,8408779,3145,SILENT,0,decode
6639,truncation,8192387,1396791,caught,68,decode
6640,header,489,1,SILENT,0,decode
6641,payload,8015188,1,SILENT,0,decode
6642,bit_flip,1411971,1,SILENT,0,decode
6643,random_bytes,9326063,16,SILENT,0,decode
6644,zeroed_run,7039286,2015,SILENT,0,decode
6645,truncation,1842533,7746645,caught,68,decode
6646,header,228,1,SILENT,0,decode
6647,payload,3339134,1,SILENT,0,decode
6648,bit_flip,4771227,1,SILENT,0,decode
6649,random_bytes,410885,12,caught,66,decode
6650,zeroed_run,6948204,1136,SILENT,0,decode
6651,truncation,5212918,4376260,caught,68,decode
6652,header,371,1,SILENT,0,decode
6653,payload,6148456,1,SILENT,0,decode
6654,bit_flip,7543822,1,caught,66,decode
6655,random_bytes,3255240,9,SILENT,0,decode
6656,zeroed_run,1727059,502,SILENT,0,decode
6657,truncation,4876860,4712318,caught,68,decode
6658,header,505,1,SILENT,0,decode
6659,payload,8817178,1,caught,66,decode
6660,bit_flip,7877788,1,SILENT,0,decode
6661,random_bytes,3083623,8,caught,66,decode
6662,zeroed_run,4026033,2797,SILENT,0,decode
6663,truncation,7438017,2151161,caught,68,decode
6664,header,374,1,SILENT,0,decode
6665,payload,1599371,1,SILENT,0,decode
6666,bit_flip,1355198,1,SILENT,0,decode
6667,random_bytes,9215126,2,SILENT,0,decode
6668,zeroed_run,7222930,3915,SILENT,0,decode
6669,truncation,4696243,4892935,caught,68,decode
6670,header,646,1,SILENT,0,decode
6671,payload,8904417,1,caught,66,decode
6672,bit_flip,6082464,1,SILENT,0,decode
6673,random_bytes,9431085,12,SILENT,0,decode
6674,zeroed_run,7501612,2097,SILENT,0,decode
6675,truncation,194111,9395067,caught,68,decode
6676,header,346,1,caught,66,decode
6677,payload,5219387,1,SILENT,0,decode
6678,bit_flip,8407280,1,SILENT,0,decode
6679,random_bytes,6080676,11,caught,66,decode
6680,zeroed_run,7887209,273,SILENT,0,decode
6681,truncation,9427789,161389,caught,68,decode
6682,header,913,1,SILENT,0,decode
6683,payload,8677913,1,SILENT,0,decode
6684,bit_flip,6033120,1,SILENT,0,decode
6685,random_bytes,7943939,4,caught,66,decode
6686,zeroed_run,9300922,397,SILENT,0,decode
6687,truncation,9203949,385229,caught,68,decode
6688,header,173,1,SILENT,0,decode
6689,payload,6106131,1,SILENT,0,decode
6690,bit_flip,2938955,1,SILENT,0,decode
6691,random_bytes,951684,1,caught,66,decode
6692,zeroed_run,966205,1029,SILENT,0,decode
6693,truncation,780334,8808844,caught,68,decode
6694,header,305,1,caught,66,decode
6695,payload,4968702,1,SILENT,0,decode
6696,bit_flip,5586635,1,SILENT,0,decode
6697,random_bytes,4192249,6,caught,66,decode
6698,zeroed_run,2658453,2368,SILENT,0,decode
6699,truncation,1617151,7972027,caught,68,decode
6700,header,215,1,caught,66,decode
6701,payload,4472649,1,SILENT,0,decode
6702,bit_flip,5515706,1,SILENT,0,decode
6703,random_bytes,3374260,14,caught,66,decode
6704,zeroed_run,8799588,1902,SILENT,0,decode
6705,truncation,2775650,6813528,caught,68,decode
6706,header,249,1,SILENT,0,decode
6707,payload,3183862,1,SILENT,0,decode
6708,bit_flip,3752438,1,SILENT,0,decode
6709,random_bytes,4896732,9,SILENT,0,decode
6710,zeroed_run,1801198,1571,SILENT,0,decode
6711,truncation,5585157,4004021,caught,68,decode
6712,header,388,1,SILENT,0,decode
6713,payload,1385268,1,SILENT,0,decode
6714,bit_flip,1169390,1,caught,66,decode
6715,random_bytes,8152482,5,caught,66,decode
6716,zeroed_run,2203974,1797,SILENT,0,decode
6717,truncation,3806935,5782243,caught,68,decode
6718,header,1008,1,SILENT,0,decode
6719,payload,2445579,1,SILENT,0,decode
6720,bit_flip,6228701,1,SILENT,0,decode
6721,random_bytes,8538136,16,caught,66,decode
6722,zeroed_run,218172,1378,SILENT,0,decode
6723,truncation,7153689,2435489,caught,68,decode
6724,header,510,1,SILENT,0,decode
6725,payload,5909368,1,SILENT,0,decode
6726,bit_flip,2722230,1,SILENT,0,decode
6727,random_bytes,8209969,4,caught,66,decode
6728,zeroed_run,281948,3180,SILENT,0,decode
6729,truncation,7065424,2523754,caught,68,decode
6730,header,514,1,SILENT,0,decode
6731,payload,8681955,1,SILENT,0,decode
6732,bit_flip,7315048,1,SILENT,0,decode
6733,random_bytes,1793815,15,caught,66,decode
6734,zeroed_run,5419308,3457,SILENT,0,decode
6735,truncation,5105208,4483970,caught,68,decode
6736,header,287,1,SILENT,0,decode
6737,payload,3345178,1,SILENT,0,decode
6738,bit_flip,6586397,1,SILENT,0,decode
6739,random_bytes,1882009,9,SILENT,0,decode
6740,zeroed_run,5865290,1215,SILENT,0,decode
6741,truncation,2011787,7577391,caught,68,decode
6742,header,921,1,caught,66,decode
6743,payload,8902268,1,SILENT,0,decode
6744,bit_flip,7557521,1,SILENT,0,decode
6745,random_bytes,7228442,16,caught,66,decode
6746,zeroed_run,8633142,245,SILENT,0,decode
6747,truncation,153307,9435871,caught,68,decode
6748,header,502,1,SILENT,0,decode
6749,payload,819356,1,SILENT,0,decode
6750,bit_flip,1270427,1,SILENT,0,decode
6751,random_bytes,4227169,2,SILENT,0,decode
6752,zeroed_run,4419795,1410,SILENT,0,decode
6753,truncation,2022884,7566294,caught,68,decode
6754,header,366,1,SILENT,0,decode
6755,payload,3410925,1,SILENT,0,decode
6756,bit_flip,146935,1,SILENT,0,decode
6757,random_bytes,5036038,2,caught,66,decode
6758,zeroed_run,8120765,3101,SILENT,0,decode
6759,truncation,5336071,4253107,caught,68,decode
6760,header,580,1,caught,66,decode
6761,payload,8824187,1,SILENT,0,decode
6762,bit_flip,6378591,1,SILENT,0,decode
6763,random_bytes,4193748,11,caught,66,decode
6764,zeroed_run,5478900,3678,SILENT,0,decode
6765,truncation,9182370,406808,caught,68,decode
6766,header,152,1,SILENT,0,decode
6767,payload,9142973,1,caught,66,decode
6768,bit_flip,2474003,1,SILENT,0,decode
6769,random_bytes,5835408,7,caught,66,decode
6770,zeroed_run,1503007,1262,SILENT,0,decode
6771,truncation,2218637,7370541,caught,68,decode
6772,header,465,1,SILENT,0,decode
6773,payload,3172140,1,SILENT,0,decode
6774,bit_flip,5085699,1,SILENT,0,decode
6775,random_bytes,3044706,15,caught,66,decode
6776,zeroed_run,7654754,3840,SILENT,0,decode
6777,truncation,6907989,2681189,caught,68,decode
6778,header,158,1,SILENT,0,decode
6779,payload,1488681,1,SILENT,0,decode
6780,bit_flip,5451080,1,SILENT,0,decode
6781,random_bytes,5724346,9,caught,66,decode
6782,zeroed_run,2122637,2840,SILENT,0,decode
6783,truncation,1872965,7716213,caught,68,decode
6784,header,212,1,SILENT,0,decode
6785,payload,2967329,1,SILENT,0,decode
6786,bit_flip,4405189,1,SILENT,0,decode
6787,random_bytes,6299680,16,caught,66,decode
6788,zeroed_run,8403441,2110,SILENT,0,decode
6789,truncation,4406700,5182478,caught,68,decode
6790,header,118,1,SILENT,0,decode
6791,payload,9279331,1,SILENT,0,decode
6792,bit_flip,4761995,1,SILENT,0,decode
6793,random_bytes,5389077,4,SILENT,0,decode
6794,zeroed_run,6422139,2692,SILENT,0,decode
6795,truncation,7839867,1749311,caught,68,decode
6796,header,896,1,caught,66,decode
6797,payload,8089625,1,caught,66,decode
6798,bit_flip,8559823,1,SILENT,0,decode
6799,random_bytes,5642815,16,SILENT,0,decode
6800,zeroed_run,4864530,2020,SILENT,0,decode
6801,truncation,4586281,5002897,caught,68,decode
6802,header,24,1,SILENT,0,decode
6803,payload,9131840,1,SILENT,0,decode
6804,bit_flip,816017,1,SILENT,0,decode
6805,random_bytes,5107054,16,caught,66,decode
6806,zeroed_run,1600782,1156,SILENT,0,decode
6807,truncation,2901128,6688050,caught,68,decode
6808,header,733,1,SILENT,0,decode
6809,payload,5895697,1,SILENT,0,decode
6810,bit_flip,7382724,1,SILENT,0,decode
6811,random_bytes,3001168,13,SILENT,0,decode
6812,zeroed_run,6241157,3620,SILENT,0,decode
6813,truncation,3836582,5752596,caught,68,decode
6814,header,327,1,caught,66,decode
6815,payload,6394551,1,SILENT,0,decode
6816,bit_flip,4689405,1,SILENT,0,decode
6817,random_bytes,8530868,4,caught,66,decode
6818,zeroed_run,1276238,2417,SILENT,0,decode
6819,truncation,7170855,2418323,caught,68,decode
6820,header,936,1,caught,66,decode
6821,payload,3769974,1,SILENT,0,decode
6822,bit_flip,1342878,1,SILENT,0,decode
6823,random_bytes,4880210,6,SILENT,0,decode
6824,zeroed_run,3502273,1724,SILENT,0,decode
6825,truncation,4374820,5214358,caught,68,decode
6826,header,1017,1,SILENT,0,decode
6827,payload,1894993,1,SILENT,0,decode
6828,bit_flip,1739745,1,SILENT,0,decode
6829,random_bytes,5159003,8,caught,66,decode
6830,zeroed_run,500967,1865,SILENT,0,decode
6831,truncation,9038082,551096,caught,68,decode
6832,header,926,1,SILENT,0,decode
6833,payload,8657947,1,SILENT,0,decode
6834,bit_flip,6469005,1,SILENT,0,decode
6835,random_bytes,8854289,7,SILENT,0,decode
6836,zeroed_run,3812026,1773,SILENT,0,decode
6837,truncation,1817,9587361,caught,68,decode
6838,header,620,1,caught,66,decode
6839,payload,3335370,1,caught,66,decode
6840,bit_flip,3876322,1,caught,66,decode
6841,random_bytes,7676687,4,caught,66,decode
6842,zeroed_run,7699603,2515,SILENT,0,decode
6843,truncation,876842,8712336,caught,68,decode
6844,header,245,1,SILENT,0,decode
6845,payload,663268,1,SILENT,0,decode
6846,bit_flip,2872912,1,caught,66,decode
6847,random_bytes,5345886,7,SILENT,0,decode
6848,zeroed_run,2312023,1113,SILENT,0,decode
6849,truncation,8755686,833492,caught,68,decode
6850,header,787,1,caught,66,decode
6851,payload,4778332,1,SILENT,0,decode
6852,bit_flip,9120482,1,SILENT,0,decode
6853,random_bytes,931502,10,SILENT,0,decode
6854,zeroed_run,5872572,2045,SILENT,0,decode
6855,truncation,8249022,1340156,caught,68,decode
6856,header,39,1,SILENT,0,decode
6857,payload,792715,1,caught,66,decode
6858,bit_flip,6982328,1,SILENT,0,decode
6859,random_bytes,7655079,3,caught,66,decode
6860,zeroed_run,7187869,1078,caught,66,decode
6861,truncation,4816446,4772732,caught,68,decode
6862,header,20,1,SILENT,0,decode
6863,payload,9461869,1,SILENT,0,decode
6864,bit_flip,4026799,1,SILENT,0,decode
6865,random_bytes,8736705,16,SILENT,0,decode
6866,zeroed_run,6510354,2053,SILENT,0,decode
6867,truncation,6278776,3310402,caught,68,decode
6868,header,109,1,caught,66,decode
6869,payload,5535362,1,caught,66,decode
6870,bit_flip,4460043,1,SILENT,0,decode
6871,random_bytes,5871021,13,caught,66,decode
6872,zeroed_run,3520803,2189,SILENT,0,decode
6873,truncation,1843079,7746099,caught,68,decode
6874,header,735,1,caught,66,decode
6875,payload,6618278,1,SILENT,0,decode
6876,bit_flip,4649243,1,caught,66,decode
6877,random_bytes,2300343,9,caught,66,decode
6878,zeroed_run,826785,1005,SILENT,0,decode
6879,truncation,3531098,6058080,caught,68,decode
6880,header,1007,1,SILENT,0,decode
6881,payload,3429338,1,SILENT,0,decode
6882,bit_flip,8009066,1,caught,66,decode
6883,random_bytes,9437091,10,caught,66,decode
6884,zeroed_run,8307879,1615,SILENT,0,decode
6885,truncation,4946120,4643058,caught,68,decode
6886,header,571,1,caught,66,decode
6887,payload,7953666,1,SILENT,0,decode
6888,bit_flip,2464933,1,SILENT,0,decode
6889,random_bytes,9209102,8,SILENT,0,decode
6890,zeroed_run,8381249,2936,SILENT,0,decode
6891,truncation,5100763,4488415,caught,68,decode
6892,header,130,1,SILENT,0,decode
6893,payload,6346345,1,SILENT,0,decode
6894,bit_flip,5643521,1,SILENT,0,decode
6895,random_bytes,896687,8,caught,66,decode
6896,zeroed_run,3988403,2967,SILENT,0,decode
6897,truncation,6193081,3396097,caught,68,decode
6898,header,665,1,SILENT,0,decode
6899,payload,8265706,1,SILENT,0,decode
6900,bit_flip,1381593,1,caught,66,decode
6901,random_bytes,7673157,16,caught,66,decode
6902,zeroed_run,4063422,258,SILENT,0,decode
6903,truncation,3830950,5758228,caught,68,decode
6904,header,454,1,SILENT,0,decode
6905,payload,1932937,1,caught,66,decode
6906,bit_flip,8242298,1,caught,66,decode
6907,random_bytes,7643249,14,caught,66,decode
6908,zeroed_run,5530410,2023,SILENT,0,decode
6909,truncation,7517588,2071590,caught,68,decode
6910,header,798,1,SILENT,0,decode
6911,payload,3080887,1,SILENT,0,decode
6912,bit_flip,6010356,1,caught,66,decode
6913,random_bytes,9273398,11,SILENT,0,decode
6914,zeroed_run,2681671,699,SILENT,0,decode
6915,truncation,9199820,389358,caught,68,decode
6916,header,971,1,SILENT,0,decode
6917,payload,3860889,1,SILENT,0,decode
6918,bit_flip,2566724,1,SILENT,0,decode
6919,random_bytes,4780012,6,caught,66,decode
6920,zeroed_run,7149463,2758,SILENT,0,decode
6921,truncation,7502283,2086895,caught,68,decode
6922,header,234,1,SILENT,0,decode
6923,payload,4334834,1,caught,66,decode
6924,bit_flip,4233553,1,caught,66,decode
6925,random_bytes,2243849,2,SILENT,0,decode
6926,zeroed_run,7059639,2695,SILENT,0,decode
6927,truncation,992620,8596558,caught,68,decode
6928,header,885,1,SILENT,0,decode
6929,payload,3986627,1,SILENT,0,decode
6930,bit_flip,3181814,1,SILENT,0,decode
6931,random_bytes,326871,15,caught,66,decode
6932,zeroed_run,5421250,2471,SILENT,0,decode
6933,truncation,6697153,2892025,caught,68,decode
6934,header,805,1,SILENT,0,decode
6935,payload,1360208,1,SILENT,0,decode
6936,bit_flip,7949838,1,SILENT,0,decode
6937,random_bytes,146000,13,SILENT,0,decode
6938,zeroed_run,3703244,1009,SILENT,0,decode
6939,truncation,4355159,5234019,caught,68,decode
6940,header,204,1,SILENT,0,decode
6941,payload,5265722,1,SILENT,0,decode
6942,bit_flip,7827359,1,caught,66,decode
6943,random_bytes,3788516,8,SILENT,0,decode
6944,zeroed_run,7914289,2782,SILENT,0,decode
6945,truncation,1758022,7831156,caught,68,decode
6946,header,928,1,SILENT,0,decode
6947,payload,8232343,1,SILENT,0,decode
6948,bit_flip,9484494,1,SILENT,0,decode
6949,random_bytes,7279211,6,caught,66,decode
6950,zeroed_run,1513197,496,SILENT,0,decode
6951,truncation,6374693,3214485,caught,68,decode
6952,header,892,1,caught,66,decode
6953,payload,2509830,1,SILENT,0,decode
6954,bit_flip,5784747,1,SILENT,0,decode
6955,random_bytes,28614,2,SILENT,0,decode
6956,zeroed_run,742195,2856,SILENT,0,decode
6957,truncation,2741218,6847960,caught,68,decode
6958,header,879,1,SILENT,0,decode
6959,payload,6606453,1,SILENT,0,decode
6960,bit_flip,5353480,1,SILENT,0,decode
6961,random_bytes,7044018,4,caught,66,decode
6962,zeroed_run,2511411,2825,SILENT,0,decode
6963,truncation,5240878,4348300,caught,68,decode
6964,header,875,1,caught,66,decode
6965,payload,3947715,1,SILENT,0,decode
6966,bit_flip,462811,1,SILENT,0,decode
6967,random_bytes,7248647,13,caught,66,decode
6968,zeroed_run,4518394,3349,SILENT,0,decode
6969,truncation,1158643,8430535,caught,68,decode
6970,header,507,1,caught,66,decode
6971,payload,6519624,1,SILENT,0,decode
6972,bit_flip,619080,1,SILENT,0,decode
6973,random_bytes,7369969,13,caught,66,decode
6974,zeroed_run,4510090,1879,SILENT,0,decode
6975,truncation,1242158,8347020,caught,68,decode
6976,header,86,1,SILENT,0,decode
6977,payload,2270491,1,SILENT,0,decode
6978,bit_flip,260077,1,caught,66,decode
6979,random_bytes,7147498,2,SILENT,0,decode
6980,zeroed_run,9581728,850,SILENT,0,decode
6981,truncation,5169752,4419426,caught,68,decode
6982,header,621,1,SILENT,0,decode
6983,payload,6444562,1,SILENT,0,decode
6984,bit_flip,7563961,1,SILENT,0,decode
6985,random_bytes,8069538,15,SILENT,0,decode
6986,zeroed_run,3377427,1828,SILENT,0,decode
6987,truncation,1766248,7822930,caught,68,decode
6988,header,908,1,caught,66,decode
6989,payload,7558248,1,SILENT,0,decode
6990,bit_flip,9138209,1,SILENT,0,decode
6991,random_bytes,6791597,2,caught,66,decode
6992,zeroed_run,6705205,228,SILENT,0,decode
6993,truncation,7191251,2397927,caught,68,decode
6994,header,334,1,caught,66,decode
6995,payload,9228838,1,SILENT,0,decode
6996,bit_flip,9429259,1,SILENT,0,decode
6997,random_bytes,7454654,9,SILENT,0,decode
6998,zeroed_run,4166779,3787,SILENT,0,decode
6999,truncation,2017253,7571925,caught,68,decode
7000,header,814,1,SILENT,0,decode
7001,payload,3960155,1,SILENT,0,decode
7002,bit_flip,5546140,1,SILENT,0,decode
7003,random_bytes,4396035,11,caught,66,decode
7004,zeroed_run,4988082,125,SILENT,0,decode
7005,truncation,4908457,4680721,caught,68,decode
7006,header,845,1,SILENT,0,decode
7007,payload,3223033,1,caught,66,decode
7008,bit_flip,8966646,1,SILENT,0,decode
7009,random_bytes,9248201,8,SILENT,0,decode
7010,zeroed_run,3199623,97,SILENT,0,decode
7011,truncation,1380032,8209146,caught,68,decode
7012,header,720,1,caught,66,decode
7013,payload,8310870,1,caught,66,decode
7014,bit_flip,6435959,1,SILENT,0,decode
7015,random_bytes,8846967,12,SILENT,0,decode
7016,zeroed_run,5371924,963,SILENT,0,decode
7017,truncation,3792685,5796493,caught,68,decode
7018,header,365,1,caught,66,decode
7019,payload,8581869,1,SILENT,0,decode
7020,bit_flip,9194143,1,SILENT,0,decode
7021,random_bytes,6190647,10,caught,66,decode
7022,zeroed_run,178216,1146,SILENT,0,decode
7023,truncation,5932491,3656687,caught,68,decode
7024,header,992,1,caught,66,decode
7025,payload,6620137,1,caught,66,decode
7026,bit_flip,5227503,1,SILENT,0,decode
7027,random_bytes,7960723,16,caught,66,decode
7028,zeroed_run,885065,3366,SILENT,0,decode
7029,truncation,368612,9220566,caught,68,decode
7030,header,748,1,caught,66,decode
7031,payload,7213545,1,SILENT,0,decode
7032,bit_flip,6695460,1,SILENT,0,decode
7033,random_bytes,4878309,14,SILENT,0,decode
7034,zeroed_run,1661911,1695,SILENT,0,decode
7035,truncation,8311504,1277674,caught,68,decode
7036,header,426,1,SILENT,0,decode
7037,payload,5167450,1,SILENT,0,decode
7038,bit_flip,4485507,1,SILENT,0,decode
7039,random_bytes,8330630,5,caught,66,decode
7040,zeroed_run,3321247,2689,SILENT,0,decode
7041,truncation,8522152,1067026,caught,68,decode
7042,header,692,1,SILENT,0,decode
7043,payload,9475526,1,SILENT,0,decode
7044,bit_flip,6022996,1,SILENT,0,decode
7045,random_bytes,1960754,16,SILENT,0,decode
7046,zeroed_run,4083836,3458,SILENT,0,decode
7047,truncation,3117892,6471286,caught,68,decode
7048,header,169,1,SILENT,0,decode
7049,payload,4628151,1,SILENT,0,decode
7050,bit_flip,4391695,1,SILENT,0,decode
7051,random_bytes,466158,12,SILENT,0,decode
7052,zeroed_run,7849621,1105,SILENT,0,decode
7053,truncation,289917,9299261,caught,68,decode
7054,header,275,1,SILENT,0,decode
7055,payload,2360218,1,SILENT,0,decode
7056,bit_flip,279188,1,SILENT,0,decode
7057,random_bytes,8960731,9,SILENT,0,decode
7058,zeroed_run,2432524,1028,SILENT,0,decode
7059,truncation,8373874,1215304,caught,68,decode
7060,header,900,1,SILENT,0,decode
7061,payload,8271491,1,SILENT,0,decode
7062,bit_flip,9226646,1,SILENT,0,decode
7063,random_bytes,6085009,13,SILENT,0,decode
7064,zeroed_run,6551315,127,SILENT,0,decode
7065,truncation,505834,9083344,caught,68,decode
7066,header,162,1,SILENT,0,decode
7067,payload,7204525,1,caught,66,decode
7068,bit_flip,7102299,1,SILENT,0,decode
7069,random_bytes,8003103,2,caught,66,decode
7070,zeroed_run,7675436,3999,SILENT,0,decode
7071,truncation,7999308,1589870,caught,68,decode
7072,header,996,1,caught,66,decode
7073,payload,5931544,1,SILENT,0,decode
7074,bit_flip,4732804,1,caught,66,decode
7075,random_bytes,3812517,2,SILENT,0,decode
7076,zeroed_run,8253545,2708,SILENT,0,decode
7077,truncation,733107,8856071,caught,68,decode
7078,header,85,1,caught,66,decode
7079,payload,6391110,1,caught,66,decode
7080,bit_flip,8028071,1,SILENT,0,decode
7081,random_bytes,7453650,12,caught,66,decode
7082,zeroed_run,9043472,3562,SILENT,0,decode
7083,truncation,2231457,7357721,caught,68,decode
7084,header,962,1,SILENT,0,decode
7085,payload,1026613,1,SILENT,0,decode
7086,bit_flip,3560869,1,SILENT,0,decode
7087,random_bytes,2302693,13,caught,66,decode
7088,zeroed_run,5245694,406,SILENT,0,decode
7089,truncation,362606,9226572,caught,68,decode
7090,header,71,1,SILENT,0,decode
7091,payload,5100714,1,SILENT,0,decode
7092,bit_flip,125439,1,SILENT,0,decode
7093,random_bytes,4674294,4,SILENT,0,decode
7094,zeroed_run,6755951,3266,SILENT,0,decode
7095,truncation,5722428,3866750,caught,68,decode
7096,header,722,1,SILENT,0,decode
7097,payload,4647635,1,SILENT,0,decode
7098,bit_flip,3878020,1,SILENT,0,decode
7099,random_bytes,7858720,15,caught,66,decode
7100,zeroed_run,8060129,2035,SILENT,0,decode
7101,truncation,5831028,3758150,caught,68,decode
7102,header,380,1,SILENT,0,decode
7103,payload,1604281,1,caught,66,decode
7104,bit_flip,8247467,1,SILENT,0,decode
7105,random_bytes,8467705,11,caught,66,decode
7106,zeroed_run,7744176,1508,SILENT,0,decode
7107,truncation,6757527,2831651,caught,68,decode
7108,header,324,1,SILENT,0,decode
7109,payload,6844876,1,SILENT,0,decode
7110,bit_flip,1595754,1,SILENT,0,decode
7111,random_bytes,2482631,2,caught,66,decode
7112,zeroed_run,9286118,3049,SILENT,0,decode
7113,truncation,1294488,8294690,caught,68,decode
7114,header,117,1,SILENT,0,decode
7115,payload,2652842,1,SILENT,0,decode
7116,bit_flip,587991,1,SILENT,0,decode
7117,random_bytes,4138541,6,SILENT,0,decode
7118,zeroed_run,6395156,2200,SILENT,0,decode
7119,truncation,8769710,819468,caught,68,decode
7120,header,154,1,SILENT,0,decode
7121,payload,5255196,1,SILENT,0,decode
7122,bit_flip,6107574,1,SILENT,0,decode
7123,random_bytes,5467450,5,caught,66,decode
7124,zeroed_run,9362405,3119,SILENT,0,decode
7125,truncation,3103264,6485914,caught,68,decode
7126,header,82,1,SILENT,0,decode
7127,payload,4488755,1,SILENT,0,decode
7128,bit_flip,7353035,1,caught,66,decode
7129,random_bytes,6142864,1,caught,66,decode
7130,zeroed_run,5093981,386,SILENT,0,decode
7131,truncation,2661361,6927817,caught,68,decode
7132,header,1007,1,SILENT,0,decode
7133,payload,695496,1,SILENT,0,decode
7134,bit_flip,983542,1,SILENT,0,decode
7135,random_bytes,2889202,12,caught,66,decode
7136,zeroed_run,3429787,4043,SILENT,0,decode
7137,truncation,140134,9449044,caught,68,decode
7138,header,727,1,caught,66,decode
7139,payload,441410,1,SILENT,0,decode
7140,bit_flip,8555865,1,SILENT,0,decode
7141,random_bytes,6534438,2,SILENT,0,decode
7142,zeroed_run,1871852,1380,SILENT,0,decode
7143,truncation,4790643,4798535,caught,68,decode
7144,header,118,1,SILENT,0,decode
7145,payload,5224463,1,caught,66,decode
7146,bit_flip,423149,1,caught,66,decode
7147,random_bytes,7952760,1,SILENT,0,decode
7148,zeroed_run,3771594,3057,SILENT,0,decode
7149,truncation,8247762,1341416,caught,68,decode
7150,header,776,1,SILENT,0,decode
7151,payload,4262482,1,SILENT,0,decode
7152,bit_flip,2687998,1,SILENT,0,decode
7153,random_bytes,5524020,1,SILENT,0,decode
7154,zeroed_run,4751116,1079,SILENT,0,decode
7155,truncation,8481378,1107800,caught,68,decode
7156,header,689,1,SILENT,0,decode
7157,payload,1415497,1,SILENT,0,decode
7158,bit_flip,3668492,1,SILENT,0,decode
7159,random_bytes,1285852,2,caught,66,decode
7160,zeroed_run,9030050,140,caught,66,decode
7161,truncation,3081902,6507276,caught,68,decode
7162,header,818,1,caught,66,decode
7163,payload,4180031,1,SILENT,0,decode
7164,bit_flip,3966830,1,SILENT,0,decode
7165,random_bytes,3066003,15,caught,66,decode
7166,zeroed_run,6383449,2590,SILENT,0,decode
7167,truncation,6174951,3414227,caught,68,decode
7168,header,615,1,SILENT,0,decode
7169,payload,8934126,1,SILENT,0,decode
7170,bit_flip,8757369,1,SILENT,0,decode
7171,random_bytes,870690,2,caught,66,decode
7172,zeroed_run,1853746,3881,SILENT,0,decode
7173,truncation,386099,9203079,caught,68,decode
7174,header,215,1,caught,66,decode
7175,payload,3522921,1,SILENT,0,decode
7176,bit_flip,35427,1,SILENT,0,decode
7177,random_bytes,3997564,16,caught,66,decode
7178,zeroed_run,1547198,222,SILENT,0,decode
7179,truncation,1183202,8405976,caught,68,decode
7180,header,1009,1,SILENT,0,decode
7181,payload,5968724,1,SILENT,0,decode
7182,bit_flip,7855089,1,SILENT,0,decode
7183,random_bytes,7391198,2,caught,66,decode
7184,zeroed_run,4105058,2616,SILENT,0,decode
7185,truncation,1756794,7832384,caught,68,decode
7186,header,957,1,SILENT,0,decode
7187,payload,3765982,1,SILENT,0,decode
7188,bit_flip,4121755,1,SILENT,0,decode
7189,random_bytes,5036755,8,caught,66,decode
7190,zeroed_run,7509923,4077,SILENT,0,decode
7191,truncation,7112739,2476439,caught,68,decode
7192,header,383,1,SILENT,0,decode
7193,payload,1872337,1,caught,66,decode
7194,bit_flip,5767894,1,SILENT,0,decode
7195,random_bytes,9361631,3,caught,66,decode
7196,zeroed_run,8074950,2143,SILENT,0,decode
7197,truncation,8284431,1304747,caught,68,decode
7198,header,846,1,SILENT,0,decode
7199,payload,4336349,1,SILENT,0,decode
7200,bit_flip,3570736,1,SILENT,0,decode
7201,random_bytes,4383611,16,caught,66,decode
7202,zeroed_run,2734187,2128,SILENT,0,decode
7203,truncation,8658916,930262,caught,68,decode
7204,header,823,1,caught,66,decode
7205,payload,7246124,1,caught,66,decode
7206,bit_flip,4354572,1,caught,66,decode
7207,random_bytes,7285679,7,caught,66,decode
7208,zeroed_run,1906555,998,SILENT,0,decode
7209,truncation,3348934,6240244,caught,68,decode
7210,header,679,1,SILENT,0,decode
7211,payload,3502807,1,SILENT,0,decode
7212,bit_flip,8150818,1,SILENT,0,decode
7213,random_bytes,6134346,14,SILENT,0,decode
7214,zeroed_run,8078503,1546,SILENT,0,decode
7215,truncation,5867196,3721982,caught,68,decode
7216,header,948,1,SILENT,0,decode
7217,payload,821926,1,SILENT,0,decode
7218,bit_flip,1193067,1,SILENT,0,decode
7219,random_bytes,9005406,12,caught,66,decode
7220,zeroed_run,7048694,385,SILENT,0,decode
7221,truncation,8284088,1305090,caught,68,decode
7222,header,311,1,SILENT,0,decode
7223,payload,7984410,1,caught,66,decode
7224,bit_flip,9264752,1,SILENT,0,decode
7225,random_bytes,583271,2,SILENT,0,decode
7226,zeroed_run,7542588,3475,SILENT,0,decode
7227,truncation,3579564,6009614,caught,68,decode
7228,header,578,1,SILENT,0,decode
7229,payload,7041983,1,SILENT,0,decode
7230,bit_flip,3914206,1,SILENT,0,decode
7231,random_bytes,6362412,5,SILENT,0,decode
7232,zeroed_run,4226834,1495,SILENT,0,decode
7233,truncation,6035555,3553623,caught,68,decode
7234,header,808,1,SILENT,0,decode
7235,payload,5673142,1,SILENT,0,decode
7236,bit_flip,8501368,1,caught,66,decode
7237,random_bytes,4482392,16,caught,66,decode
7238,zeroed_run,692456,3566,SILENT,0,decode
7239,truncation,1049551,8539627,caught,68,decode
7240,header,689,1,SILENT,0,decode
7241,payload,9070027,1,SILENT,0,decode
7242,bit_flip,5116542,1,caught,66,decode
7243,random_bytes,6911639,2,SILENT,0,decode
7244,zeroed_run,5170264,400,SILENT,0,decode
7245,truncation,8659194,929984,caught,68,decode
7246,header,233,1,SILENT,0,decode
7247,payload,7508037,1,caught,66,decode
7248,bit_flip,8370068,1,SILENT,0,decode
7249,random_bytes,1649332,12,caught,66,decode
7250,zeroed_run,1219041,2248,SILENT,0,decode
7251,truncation,4637664,4951514,caught,68,decode
7252,header,1004,1,SILENT,0,decode
7253,payload,8438080,1,SILENT,0,decode
7254,bit_flip,6339480,1,SILENT,0,decode
7255,random_bytes,340704,13,caught,66,decode
7256,zeroed_run,7954720,752,SILENT,0,decode
7257,truncation,6005927,3583251,caught,68,decode
7258,header,479,1,SILENT,0,decode
7259,payload,5443080,1,SILENT,0,decode
7260,bit_flip,219111,1,SILENT,0,decode
7261,random_bytes,2808722,12,caught,66,decode
7262,zeroed_run,4772770,2636,SILENT,0,decode
7263,truncation,7754625,1834553,caught,68,decode
7264,header,705,1,SILENT,0,decode
7265,payload,6348066,1,SILENT,0,decode
7266,bit_flip,925838,1,SILENT,0,decode
7267,random_bytes,4188087,6,SILENT,0,decode
7268,zeroed_run,6232621,2011,SILENT,0,decode
7269,truncation,1698630,7890548,caught,68,decode
7270,header,219,1,SILENT,0,decode
7271,payload,3046355,1,SILENT,0,decode
7272,bit_flip,9344420,1,SILENT,0,decode
7273,random_bytes,4483183,11,caught,66,decode
7274,zeroed_run,3836475,1836,SILENT,0,decode
7275,truncation,4399308,5189870,caught,68,decode
7276,header,454,1,SILENT,0,decode
7277,payload,8385221,1,SILENT,0,decode
7278,bit_flip,2576868,1,SILENT,0,decode
7279,random_bytes,7062954,5,caught,66,decode
7280,zeroed_run,3658048,740,SILENT,0,decode
7281,truncation,8301537,1287641,caught,68,decode
7282,header,203,1,SILENT,0,decode
7283,payload,8625703,1,SILENT,0,decode
7284,bit_flip,2214588,1,SILENT,0,decode
7285,random_bytes,2861570,11,caught,66,decode
7286,zeroed_run,4634459,2849,SILENT,0,decode
7287,truncation,8304691,1284487,caught,68,decode
7288,header,839,1,caught,66,decode
7289,payload,78856,1,caught,66,decode
7290,bit_flip,4037147,1,SILENT,0,decode
7291,random_bytes,1930935,12,caught,66,decode
7292,zeroed_run,575248,426,SILENT,0,decode
7293,truncation,3987747,5601431,caught,68,decode
7294,header,440,1,caught,66,decode
7295,payload,8422145,1,SILENT,0,decode
7296,bit_flip,633742,1,SILENT,0,decode
7297,random_bytes,2597542,10,caught,66,decode
7298,zeroed_run,4425440,1708,SILENT,0,decode
7299,truncation,4148866,5440312,caught,68,decode
7300,header,863,1,SILENT,0,decode
7301,payload,5364676,1,SILENT,0,decode
7302,bit_flip,1357153,1,SILENT,0,decode
7303,random_bytes,2815467,1,SILENT,0,decode
7304,zeroed_run,8588157,819,SILENT,0,decode
7305,truncation,7402476,2186702,caught,68,decode
7306,header,691,1,SILENT,0,decode
7307,payload,8670148,1,SILENT,0,decode
7308,bit_flip,7765954,1,SILENT,0,decode
7309,random_bytes,5955637,3,SILENT,0,decode
7310,zeroed_run,6411841,2611,SILENT,0,decode
7311,truncation,2639465,6949713,caught,68,decode
7312,header,84,1,caught,66,decode
7313,payload,7871392,1,SILENT,0,decode
7314,bit_flip,6274119,1,SILENT,0,decode
7315,random_bytes,6330197,15,caught,66,decode
7316,zeroed_run,1509538,2970,SILENT,0,decode
7317,truncation,7194473,2394705,caught,68,decode
7318,header,312,1,SILENT,0,decode
7319,payload,654714,1,SILENT,0,decode
7320,bit_flip,8702590,1,SILENT,0,decode
7321,random_bytes,3410782,14,SILENT,0,decode
7322,zeroed_run,1953659,2742,SILENT,0,decode
7323,truncation,29884,9559294,caught,68,decode
7324,header,514,1,SILENT,0,decode
7325,payload,8933441,1,caught,66,decode
7326,bit_flip,6654820,1,caught,66,decode
7327,random_bytes,2904328,13,caught,66,decode
7328,zeroed_run,4573963,2037,SILENT,0,decode
7329,truncation,5112313,4476865,caught,68,decode
7330,header,127,1,SILENT,0,decode
7331,payload,4438743,1,caught,66,decode
7332,bit_flip,4045123,1,caught,66,decode
7333,random_bytes,6364278,6,SILENT,0,decode
7334,zeroed_run,2244771,1326,SILENT,0,decode
7335,truncation,6146625,3442553,caught,68,decode
7336,header,812,1,SILENT,0,decode
7337,payload,6485581,1,SILENT,0,decode
7338,bit_flip,2117307,1,caught,66,decode
7339,random_bytes,3363318,9,SILENT,0,decode
7340,zeroed_run,1966636,2406,SILENT,0,decode
7341,truncation,790692,8798486,caught,68,decode
7342,header,817,1,caught,66,decode
7343,payload,899392,1,SILENT,0,decode
7344,bit_flip,3509980,1,SILENT,0,decode
7345,random_bytes,3584104,8,caught,66,decode
7346,zeroed_run,1422257,2448,SILENT,0,decode
7347,truncation,8570453,1018725,caught,68,decode
7348,header,776,1,SILENT,0,decode
7349,payload,2389770,1,caught,66,decode
7350,bit_flip,5241034,1,caught,66,decode
7351,random_bytes,4628437,11,caught,66,decode
7352,zeroed_run,4783721,3138,SILENT,0,decode
7353,truncation,6621975,2967203,caught,68,decode
7354,header,570,1,caught,66,decode
7355,payload,2243092,1,caught,66,decode
7356,bit_flip,2665811,1,caught,66,decode
7357,random_bytes,8495634,1,SILENT,0,decode
7358,zeroed_run,997556,673,SILENT,0,decode
7359,truncation,2279300,7309878,caught,68,decode
7360,header,246,1,SILENT,0,decode
7361,payload,6552290,1,SILENT,0,decode
7362,bit_flip,7744116,1,caught,66,decode
7363,random_bytes,4832176,2,caught,66,decode
7364,zeroed_run,9108437,1899,SILENT,0,decode
7365,truncation,4886090,4703088,caught,68,decode
7366,header,689,1,caught,66,decode
7367,payload,4876754,1,SILENT,0,decode
7368,bit_flip,885935,1,caught,66,decode
7369,random_bytes,6439222,8,caught,66,decode
7370,zeroed_run,8662273,3813,SILENT,0,decode
7371,truncation,5287341,4301837,caught,68,decode
7372,header,622,1,SILENT,0,decode
7373,payload,4380869,1,SILENT,0,decode
7374,bit_flip,2563566,1,SILENT,0,decode
7375,random_bytes,9160772,15,caught,66,decode
7376,zeroed_run,9056329,4078,SILENT,0,decode
7377,truncation,7954860,1634318,caught,68,decode
7378,header,596,1,SILENT,0,decode
7379,payload,160547,1,SILENT,0,decode
7380,bit_flip,5591525,1,SILENT,0,decode
7381,random_bytes,854248,15,SILENT,0,decode
7382,zeroed_run,7614120,3412,SILENT,0,decode
7383,truncation,9296980,292198,caught,68,decode
7384,header,558,1,SILENT,0,decode
7385,payload,1194826,1,SILENT,0,decode
7386,bit_flip,6750151,1,SILENT,0,decode
7387,random_bytes,4663870,3,caught,66,decode
7388,zeroed_run,8965900,3683,SILENT,0,decode
7389,truncation,6277356,3311822,caught,68,decode
7390,header,41,1,caught,66,decode
7391,payload,8556905,1,caught,66,decode
7392,bit_flip,1452259,1,SILENT,0,decode
7393,random_bytes,6670187,7,SILENT,0,decode
7394,zeroed_run,9247227,445,SILENT,0,decode
7395,truncation,7750355,1838823,caught,68,decode
7396,header,385,1,SILENT,0,decode
7397,payload,7522282,1,harmless,0,decode
7398,bit_flip,10042,1,caught,66,decode
7399,random_bytes,3159535,4,SILENT,0,decode
7400,zeroed_run,4726805,3756,SILENT,0,decode
7401,truncation,1837601,7751577,caught,68,decode
7402,header,212,1,SILENT,0,decode
7403,payload,4973894,1,SILENT,0,decode
7404,bit_flip,3599933,1,SILENT,0,decode
7405,random_bytes,3715821,5,SILENT,0,decode
7406,zeroed_run,4579336,22,SILENT,0,decode
7407,truncation,4458180,5130998,caught,68,decode
7408,header,219,1,SILENT,0,decode
7409,payload,4904065,1,SILENT,0,decode
7410,bit_flip,3581186,1,SILENT,0,decode
7411,random_bytes,4944193,5,caught,66,decode
7412,zeroed_run,422836,3150,SILENT,0,decode
7413,truncation,3826665,5762513,caught,68,decode
7414,header,598,1,caught,66,decode
7415,payload,4257916,1,SILENT,0,decode
7416,bit_flip,7970941,1,SILENT,0,decode
7417,random_bytes,4574014,7,caught,66,decode
7418,zeroed_run,6229763,2253,SILENT,0,decode
7419,truncation,3596414,5992764,caught,68,decode
7420,header,14,1,SILENT,0,decode
7421,payload,7706545,1,caught,66,decode
7422,bit_flip,8122881,1,SILENT,0,decode
7423,random_bytes,9311409,9,caught,66,decode
7424,zeroed_run,511874,2685,SILENT,0,decode
7425,truncation,1952817,7636361,caught,68,decode
7426,header,125,1,SILENT,0,decode
7427,payload,339551,1,SILENT,0,decode
7428,bit_flip,9125505,1,SILENT,0,decode
7429,random_bytes,1221898,15,caught,66,decode
7430,zeroed_run,7751607,2430,SILENT,0,decode
7431,truncation,6236609,3352569,caught,68,decode
7432,header,833,1,caught,66,decode
7433,payload,7141666,1,SILENT,0,decode
7434,bit_flip,8688057,1,caught,66,decode
7435,random_bytes,4731910,1,SILENT,0,decode
7436,zeroed_run,7918648,1070,SILENT,0,decode
7437,truncation,6142200,3446978,caught,68,decode
7438,header,744,1,SILENT,0,decode
7439,payload,4675365,1,SILENT,0,decode
7440,bit_flip,6036165,1,SILENT,0,decode
7441,random_bytes,991355,4,SILENT,0,decode
7442,zeroed_run,5728155,2731,SILENT,0,decode
7443,truncation,6395822,3193356,caught,68,decode
7444,header,185,1,SILENT,0,decode
7445,payload,8579505,1,SILENT,0,decode
7446,bit_flip,156854,1,caught,66,decode
7447,random_bytes,2168527,1,SILENT,0,decode
7448,zeroed_run,6136225,1541,SILENT,0,decode
7449,truncation,9165632,423546,caught,68,decode
7450,header,757,1,SILENT,0,decode
7451,payload,5598133,1,SILENT,0,decode
7452,bit_flip,2538858,1,SILENT,0,decode
7453,random_bytes,8747318,8,caught,66,decode
7454,zeroed_run,2619764,306,SILENT,0,decode
7455,truncation,7569300,2019878,caught,68,decode
7456,header,95,1,caught,66,decode
7457,payload,5411482,1,SILENT,0,decode
7458,bit_flip,24162,1,SILENT,0,decode
7459,random_bytes,2717314,1,SILENT,0,decode
7460,zeroed_run,6274180,2121,SILENT,0,decode
7461,truncation,4213790,5375388,caught,68,decode
7462,header,173,1,SILENT,0,decode
7463,payload,5025622,1,SILENT,0,decode
7464,bit_flip,5809797,1,SILENT,0,decode
7465,random_bytes,8425072,12,caught,66,decode
7466,zeroed_run,2567374,3910,SILENT,0,decode
7467,truncation,2722513,6866665,caught,68,decode
7468,header,124,1,SILENT,0,decode
7469,payload,180114,1,SILENT,0,decode
7470,bit_flip,489746,1,caught,66,decode
7471,random_bytes,1002052,8,caught,66,decode
7472,zeroed_run,3517060,1587,SILENT,0,decode
7473,truncation,2296162,7293016,caught,68,decode
7474,header,378,1,SILENT,0,decode
7475,payload,2452721,1,caught,66,decode
7476,bit_flip,6676144,1,SILENT,0,decode
7477,random_bytes,2570067,5,SILENT,0,decode
7478,zeroed_run,1841273,2060,SILENT,0,decode
7479,truncation,5440791,4148387,caught,68,decode
7480,header,279,1,SILENT,0,decode
7481,payload,4901707,1,SILENT,0,decode
7482,bit_flip,6356794,1,SILENT,0,decode
7483,random_bytes,3131287,12,SILENT,0,decode
7484,zeroed_run,433737,1792,SILENT,0,decode
7485,truncation,6294826,3294352,caught,68,decode
7486,header,506,1,SILENT,0,decode
7487,payload,1975323,1,SILENT,0,decode
7488,bit_flip,5716152,1,SILENT,0,decode
7489,random_bytes,8845536,13,caught,66,decode
7490,zeroed_run,7001068,455,SILENT,0,decode
7491,truncation,2475788,7113390,caught,68,decode
7492,header,401,1,SILENT,0,decode
7493,payload,7539177,1,SILENT,0,decode
7494,bit_flip,2428839,1,SILENT,0,decode
7495,random_bytes,4760154,15,caught,66,decode
7496,zeroed_run,6090989,2385,SILENT,0,decode
7497,truncation,975041,8614137,caught,68,decode
7498,header,493,1,caught,66,decode
7499,payload,1711760,1,SILENT,0,decode
7500,bit_flip,7344896,1,SILENT,0,decode
7501,random_bytes,8695409,11,caught,66,decode
7502,zeroed_run,2780688,1245,SILENT,0,decode
7503,truncation,5698232,3890946,caught,68,decode
7504,header,874,1,SILENT,0,decode
7505,payload,34527,1,SILENT,0,decode
7506,bit_flip,6551095,1,SILENT,0,decode
7507,random_bytes,2097032,3,caught,66,decode
7508,zeroed_run,3148740,3791,SILENT,0,decode
7509,truncation,9368656,220522,caught,68,decode
7510,header,967,1,SILENT,0,decode
7511,payload,7350425,1,SILENT,0,decode
7512,bit_flip,349052,1,SILENT,0,decode
7513,random_bytes,3881536,15,caught,66,decode
7514,zeroed_run,2961251,143,SILENT,0,decode
7515,truncation,2356246,7232932,caught,68,decode
7516,header,816,1,SILENT,0,decode
7517,payload,6065402,1,SILENT,0,decode
7518,bit_flip,61181,1,SILENT,0,decode
7519,random_bytes,355436,3,SILENT,0,decode
7520,zeroed_run,4533960,3136,SILENT,0,decode
7521,truncation,1357193,8231985,caught,68,decode
7522,header,239,1,SILENT,0,decode
7523,payload,4477693,1,SILENT,0,decode
7524,bit_flip,6577315,1,SILENT,0,decode
7525,random_bytes,7978690,9,caught,66,decode
7526,zeroed_run,5098101,2791,SILENT,0,decode
7527,truncation,2499922,7089256,caught,68,decode
7528,header,769,1,caught,66,decode
7529,payload,2113692,1,SILENT,0,decode
7530,bit_flip,4501382,1,SILENT,0,decode
7531,random_bytes,541827,8,caught,66,decode
7532,zeroed_run,9408874,2956,SILENT,0,decode
7533,truncation,9179576,409602,caught,68,decode
7534,header,189,1,SILENT,0,decode
7535,payload,894078,1,SILENT,0,decode
7536,bit_flip,5848674,1,SILENT,0,decode
7537,random_bytes,6264083,1,SILENT,0,decode
7538,zeroed_run,4660335,3421,SILENT,0,decode
7539,truncation,1762400,7826778,caught,68,decode
7540,header,361,1,SILENT,0,decode
7541,payload,9240588,1,SILENT,0,decode
7542,bit_flip,5922218,1,caught,66,decode
7543,random_bytes,9282155,14,caught,66,decode
7544,zeroed_run,9507481,2633,SILENT,0,decode
7545,truncation,5698405,3890773,caught,68,decode
7546,header,541,1,caught,66,decode
7547,payload,2944793,1,SILENT,0,decode
7548,bit_flip,6825709,1,SILENT,0,decode
7549,random_bytes,3182842,4,caught,66,decode
7550,zeroed_run,3351835,295,SILENT,0,decode
7551,truncation,9490085,99093,caught,68,decode
7552,header,498,1,caught,66,decode
7553,payload,8371469,1,SILENT,0,decode
7554,bit_flip,2608919,1,SILENT,0,decode
7555,random_bytes,6091724,8,caught,66,decode
7556,zeroed_run,815063,2307,SILENT,0,decode
7557,truncation,7599206,1989972,caught,68,decode
7558,header,517,1,caught,66,decode
7559,payload,6697886,1,SILENT,0,decode
7560,bit_flip,8302188,1,SILENT,0,decode
7561,random_bytes,4889803,6,caught,66,decode
7562,zeroed_run,5389208,3805,SILENT,0,decode
7563,truncation,90168,9499010,caught,68,decode
7564,header,898,1,SILENT,0,decode
7565,payload,1717831,1,SILENT,0,decode
7566,bit_flip,7765210,1,SILENT,0,decode
7567,random_bytes,6353663,10,caught,66,decode
7568,zeroed_run,6167948,3869,SILENT,0,decode
7569,truncation,3238148,6351030,caught,68,decode
7570,header,378,1,SILENT,0,decode
7571,payload,5855059,1,SILENT,0,decode
7572,bit_flip,4406650,1,SILENT,0,decode
7573,random_bytes,1989278,13,SILENT,0,decode
7574,zeroed_run,8314715,2855,SILENT,0,decode
7575,truncation,3358640,6230538,caught,68,decode
7576,header,124,1,SILENT,0,decode
7577,payload,4575991,1,caught,66,decode
7578,bit_flip,9588347,1,SILENT,0,decode
7579,random_bytes,1812534,3,caught,66,decode
7580,zeroed_run,7597319,3578,SILENT,0,decode
7581,truncation,675600,8913578,caught,68,decode
7582,header,48,1,SILENT,0,decode
7583,payload,7539383,1,SILENT,0,decode
7584,bit_flip,2824473,1,SILENT,0,decode
7585,random_bytes,3841354,16,caught,66,decode
7586,zeroed_run,6159899,262,SILENT,0,decode
7587,truncation,6102947,3486231,caught,68,decode
7588,header,777,1,caught,66,decode
7589,payload,27769,1,SILENT,0,decode
7590,bit_flip,5280223,1,SILENT,0,decode
7591,random_bytes,4771104,11,SILENT,0,decode
7592,zeroed_run,4623571,4091,SILENT,0,decode
7593,truncation,4750644,4838534,caught,68,decode
7594,header,559,1,SILENT,0,decode
7595,payload,4939560,1,SILENT,0,decode
7596,bit_flip,6033539,1,SILENT,0,decode
7597,random_bytes,6236996,12,caught,66,decode
7598,zeroed_run,5946491,3822,SILENT,0,decode
7599,truncation,8104990,1484188,caught,68,decode
7600,header,1021,1,caught,66,decode
7601,payload,3328319,1,SILENT,0,decode
7602,bit_flip,779089,1,SILENT,0,decode
7603,random_bytes,6722289,15,caught,66,decode
7604,zeroed_run,5632646,2871,SILENT,0,decode
7605,truncation,4017515,5571663,caught,68,decode
7606,header,937,1,SILENT,0,decode
7607,payload,4701933,1,caught,66,decode
7608,bit_flip,1341563,1,SILENT,0,decode
7609,random_bytes,5620603,1,caught,66,decode
7610,zeroed_run,3187541,2330,SILENT,0,decode
7611,truncation,537585,9051593,caught,68,decode
7612,header,814,1,SILENT,0,decode
7613,payload,2903712,1,SILENT,0,decode
7614,bit_flip,6656276,1,caught,66,decode
7615,random_bytes,6146657,15,caught,66,decode
7616,zeroed_run,7635070,1798,SILENT,0,decode
7617,truncation,101872,9487306,caught,68,decode
7618,header,865,1,SILENT,0,decode
7619,payload,5153407,1,SILENT,0,decode
7620,bit_flip,7034421,1,caught,66,decode
7621,random_bytes,5157941,7,caught,66,decode
7622,zeroed_run,6211618,3554,SILENT,0,decode
7623,truncation,72669,9516509,caught,68,decode
7624,header,248,1,SILENT,0,decode
7625,payload,8780368,1,caught,66,decode
7626,bit_flip,1983803,1,SILENT,0,decode
7627,random_bytes,5806378,9,caught,66,decode
7628,zeroed_run,8962356,2773,SILENT,0,decode
7629,truncation,467503,9121675,caught,68,decode
7630,header,913,1,SILENT,0,decode
7631,payload,4266200,1,SILENT,0,decode
7632,bit_flip,3121215,1,caught,66,decode
7633,random_bytes,2250,8,caught,66,decode
7634,zeroed_run,2015818,3671,SILENT,0,decode
7635,truncation,2498763,7090415,caught,68,decode
7636,header,688,1,SILENT,0,decode
7637,payload,9273907,1,SILENT,0,decode
7638,bit_flip,3545414,1,SILENT,0,decode
7639,random_bytes,5572321,4,caught,66,decode
7640,zeroed_run,4067886,658,SILENT,0,decode
7641,truncation,7314006,2275172,caught,68,decode
7642,header,506,1,SILENT,0,decode
7643,payload,5676096,1,caught,66,decode
7644,bit_flip,1509639,1,SILENT,0,decode
7645,random_bytes,9505252,3,SILENT,0,decode
7646,zeroed_run,1491906,3537,SILENT,0,decode
7647,truncation,9137182,451996,caught,68,decode
7648,header,871,1,caught,66,decode
7649,payload,6473814,1,caught,66,decode
7650,bit_flip,356402,1,SILENT,0,decode
7651,random_bytes,4607008,9,SILENT,0,decode
7652,zeroed_run,2234201,1056,SILENT,0,decode
7653,truncation,781789,8807389,caught,68,decode
7654,header,527,1,caught,66,decode
7655,payload,4553950,1,SILENT,0,decode
7656,bit_flip,8130284,1,caught,66,decode
7657,random_bytes,110751,15,caught,66,decode
7658,zeroed_run,1046859,1044,SILENT,0,decode
7659,truncation,7083790,2505388,caught,68,decode
7660,header,674,1,SILENT,0,decode
7661,payload,5442772,1,SILENT,0,decode
7662,bit_flip,2453753,1,SILENT,0,decode
7663,random_bytes,74673,8,caught,66,decode
7664,zeroed_run,2402580,683,caught,66,decode
7665,truncation,4885664,4703514,caught,68,decode
7666,header,242,1,SILENT,0,decode
7667,payload,156500,1,SILENT,0,decode
7668,bit_flip,6658205,1,SILENT,0,decode
7669,random_bytes,4464267,6,caught,66,decode
7670,zeroed_run,1923478,1195,SILENT,0,decode
7671,truncation,4819980,4769198,caught,68,decode
7672,header,737,1,SILENT,0,decode
7673,payload,1875494,1,caught,66,decode
7674,bit_flip,6802616,1,SILENT,0,decode
7675,random_bytes,3205595,3,caught,66,decode
7676,zeroed_run,1164218,1146,SILENT,0,decode
7677,truncation,6232859,3356319,caught,68,decode
7678,header,973,1,SILENT,0,decode
7679,payload,8330990,1,SILENT,0,decode
7680,bit_flip,152552,1,SILENT,0,decode
7681,random_bytes,4291359,13,caught,66,decode
7682,zeroed_run,1346670,3797,SILENT,0,decode
7683,truncation,4796109,4793069,caught,68,decode
7684,header,597,1,caught,66,decode
7685,payload,6732821,1,SILENT,0,decode
7686,bit_flip,7850337,1,SILENT,0,decode
7687,random_bytes,1176696,1,SILENT,0,decode
7688,zeroed_run,6655051,601,SILENT,0,decode
7689,truncation,7222512,2366666,caught,68,decode
7690,header,166,1,SILENT,0,decode
7691,payload,3431243,1,SILENT,0,decode
7692,bit_flip,4072170,1,caught,66,decode
7693,random_bytes,6409883,7,SILENT,0,decode
7694,zeroed_run,1459252,2120,SILENT,0,decode
7695,truncation,913890,8675288,caught,68,decode
7696,header,2,1,caught,44,decode
7697,payload,1039166,1,SILENT,0,decode
7698,bit_flip,5027113,1,caught,66,decode
7699,random_bytes,2099870,16,caught,66,decode
7700,zeroed_run,8552013,83,caught,66,decode
7701,truncation,7422540,2166638,caught,68,decode
7702,header,985,1,SILENT,0,decode
7703,payload,546761,1,SILENT,0,decode
7704,bit_flip,4360868,1,caught,66,decode
7705,random_bytes,8271488,4,caught,66,decode
7706,zeroed_run,6496814,2852,SILENT,0,decode
7707,truncation,7185677,2403501,caught,68,decode
7708,header,923,1,caught,66,decode
7709,payload,2985791,1,SILENT,0,decode
7710,bit_flip,382652,1,SILENT,0,decode
7711,random_bytes,7038318,14,SILENT,0,decode
7712,zeroed_run,4567723,1818,SILENT,0,decode
7713,truncation,8680763,908415,caught,68,decode
7714,header,393,1,SILENT,0,decode
7715,payload,1710252,1,SILENT,0,decode
7716,bit_flip,4587250,1,SILENT,0,decode
7717,random_bytes,5384889,10,caught,66,decode
7718,zeroed_run,9490661,109,SILENT,0,decode
7719,truncation,3077888,6511290,caught,68,decode
7720,header,716,1,caught,66,decode
7721,payload,4861882,1,SILENT,0,decode
7722,bit_flip,1428898,1,SILENT,0,decode
7723,random_bytes,3018406,9,caught,66,decode
7724,zeroed_run,786716,1167,SILENT,0,decode
7725,truncation,5638937,3950241,caught,68,decode
7726,header,258,1,SILENT,0,decode
7727,payload,183009,1,caught,66,decode
7728,bit_flip,8072125,1,SILENT,0,decode
7729,random_bytes,1052344,13,caught,66,decode
7730,zeroed_run,2634886,163,SILENT,0,decode
7731,truncation,2209557,7379621,caught,68,decode
7732,header,508,1,caught,66,decode
7733,payload,1920399,1,SILENT,0,decode
7734,bit_flip,6538486,1,SILENT,0,decode
7735,random_bytes,218362,1,SILENT,0,decode
7736,zeroed_run,1010262,1895,SILENT,0,decode
7737,truncation,5790130,3799048,caught,68,decode
7738,header,762,1,SILENT,0,decode
7739,payload,891677,1,caught,66,decode
7740,bit_flip,1884920,1,SILENT,0,decode
7741,random_bytes,7716680,5,caught,66,decode
7742,zeroed_run,5386804,3380,SILENT,0,decode
7743,truncation,3406794,6182384,caught,68,decode
7744,header,523,1,SILENT,0,decode
7745,payload,81039,1,SILENT,0,decode
7746,bit_flip,1976338,1,SILENT,0,decode
7747,random_bytes,2553470,3,caught,66,decode
7748,zeroed_run,6757352,2452,SILENT,0,decode
7749,truncation,1647454,7941724,caught,68,decode
7750,header,194,1,SILENT,0,decode
7751,payload,4846957,1,SILENT,0,decode
7752,bit_flip,4610798,1,SILENT,0,decode
7753,random_bytes,7643255,8,caught,66,decode
7754,zeroed_run,3457339,1849,SILENT,0,decode
7755,truncation,3983281,5605897,caught,68,decode
7756,header,328,1,caught,66,decode
7757,payload,5964257,1,SILENT,0,decode
7758,bit_flip,2989832,1,caught,66,decode
7759,random_bytes,6645152,5,caught,66,decode
7760,zeroed_run,1986895,413,SILENT,0,decode
7761,truncation,5331396,4257782,caught,68,decode
7762,header,317,1,caught,66,decode
7763,payload,2221550,1,caught,66,decode
7764,bit_flip,1217221,1,SILENT,0,decode
7765,random_bytes,5984877,2,SILENT,0,decode
7766,zeroed_run,4579530,1501,SILENT,0,decode
7767,truncation,5171968,4417210,caught,68,decode
7768,header,581,1,SILENT,0,decode
7769,payload,896889,1,SILENT,0,decode
7770,bit_flip,1520372,1,SILENT,0,decode
7771,random_bytes,4128105,15,SILENT,0,decode
7772,zeroed_run,2831898,2106,SILENT,0,decode
7773,truncation,2146763,7442415,caught,68,decode
7774,header,965,1,SILENT,0,decode
7775,payload,8282292,1,SILENT,0,decode
7776,bit_flip,6938394,1,SILENT,0,decode
7777,random_bytes,4115890,4,SILENT,0,decode
7778,zeroed_run,2034351,1373,SILENT,0,decode
7779,truncation,135060,9454118,caught,68,decode
7780,header,221,1,SILENT,0,decode
7781,payload,8228131,1,caught,66,decode
7782,bit_flip,4569349,1,caught,66,decode
7783,random_bytes,2703305,3,SILENT,0,decode
7784,zeroed_run,3073111,1321,SILENT,0,decode
7785,truncation,7643182,1945996,caught,68,decode
7786,header,750,1,SILENT,0,decode
7787,payload,8018842,1,SILENT,0,decode
7788,bit_flip,6661634,1,SILENT,0,decode
7789,random_bytes,2763247,8,caught,66,decode
7790,zeroed_run,1145277,3117,SILENT,0,decode
7791,truncation,6107368,3481810,caught,68,decode
7792,header,74,1,SILENT,0,decode
7793,payload,5592202,1,SILENT,0,decode
7794,bit_flip,6874114,1,SILENT,0,decode
7795,random_bytes,428938,7,SILENT,0,decode
7796,zeroed_run,6265572,3403,SILENT,0,decode
7797,truncation,9535663,53515,caught,68,decode
7798,header,977,1,SILENT,0,decode
7799,payload,5343674,1,SILENT,0,decode
7800,bit_flip,8156367,1,caught,66,decode
7801,random_bytes,3726619,9,SILENT,0,decode
7802,zeroed_run,596513,2523,SILENT,0,decode
7803,truncation,1399714,8189464,caught,68,decode
7804,header,613,1,SILENT,0,decode
7805,payload,4054555,1,caught,66,decode
7806,bit_flip,8011414,1,SILENT,0,decode
7807,random_bytes,2103034,10,SILENT,0,decode
7808,zeroed_run,833470,102,SILENT,0,decode
7809,truncation,312854,9276324,caught,68,decode
7810,header,439,1,caught,66,decode
7811,payload,2717949,1,caught,66,decode
7812,bit_flip,5528254,1,SILENT,0,decode
7813,random_bytes,7773545,3,SILENT,0,decode
7814,zeroed_run,3462677,753,SILENT,0,decode
7815,truncation,5183026,4406152,caught,68,decode
7816,header,135,1,caught,66,decode
7817,payload,9565707,1,SILENT,0,decode
7818,bit_flip,1328039,1,SILENT,0,decode
7819,random_bytes,3324680,2,caught,66,decode
7820,zeroed_run,5708864,3854,SILENT,0,decode
7821,truncation,1206778,8382400,caught,68,decode
7822,header,798,1,SILENT,0,decode
7823,payload,1041847,1,SILENT,0,decode
7824,bit_flip,1368508,1,caught,66,decode
7825,random_bytes,8564758,3,caught,66,decode
7826,zeroed_run,4240161,3089,SILENT,0,decode
7827,truncation,5325986,4263192,caught,68,decode
7828,header,682,1,caught,66,decode
7829,payload,3765509,1,caught,66,decode
7830,bit_flip,556088,1,caught,66,decode
7831,random_bytes,9034868,13,SILENT,0,decode
7832,zeroed_run,3875166,2251,SILENT,0,decode
7833,truncation,5014010,4575168,caught,68,decode
7834,header,547,1,SILENT,0,decode
7835,payload,2236695,1,SILENT,0,decode
7836,bit_flip,7621562,1,caught,66,decode
7837,random_bytes,1655558,10,caught,66,decode
7838,zeroed_run,3652972,3641,SILENT,0,decode
7839,truncation,7674345,1914833,caught,68,decode
7840,header,210,1,SILENT,0,decode
7841,payload,4566843,1,caught,66,decode
7842,bit_flip,7107217,1,SILENT,0,decode
7843,random_bytes,7992228,9,SILENT,0,decode
7844,zeroed_run,4013835,3309,SILENT,0,decode
7845,truncation,1765816,7823362,caught,68,decode
7846,header,627,1,SILENT,0,decode
7847,payload,9267648,1,SILENT,0,decode
7848,bit_flip,8783931,1,SILENT,0,decode
7849,random_bytes,7735099,1,SILENT,0,decode
7850,zeroed_run,1997397,1814,SILENT,0,decode
7851,truncation,80415,9508763,caught,68,decode
7852,header,417,1,caught,66,decode
7853,payload,8053765,1,SILENT,0,decode
7854,bit_flip,8705915,1,SILENT,0,decode
7855,random_bytes,5150462,15,caught,66,decode
7856,zeroed_run,5287405,2498,SILENT,0,decode
7857,truncation,5076674,4512504,caught,68,decode
7858,header,720,1,caught,66,decode
7859,payload,80285,1,SILENT,0,decode
7860,bit_flip,7608100,1,caught,66,decode
7861,random_bytes,707149,5,caught,66,decode
7862,zeroed_run,5905394,3637,SILENT,0,decode
7863,truncation,5723342,3865836,caught,68,decode
7864,header,484,1,SILENT,0,decode
7865,payload,7916488,1,caught,66,decode
7866,bit_flip,5278745,1,SILENT,0,decode
7867,random_bytes,1971963,7,SILENT,0,decode
7868,zeroed_run,9425281,1775,SILENT,0,decode
7869,truncation,7003669,2585509,caught,68,decode
7870,header,72,1,SILENT,0,decode
7871,payload,279092,1,SILENT,0,decode
7872,bit_flip,8554460,1,SILENT,0,decode
7873,random_bytes,4458080,16,SILENT,0,decode
7874,zeroed_run,2375397,3282,SILENT,0,decode
7875,truncation,4133981,5455197,caught,68,decode
7876,header,959,1,SILENT,0,decode
7877,payload,6585756,1,SILENT,0,decode
7878,bit_flip,1647699,1,SILENT,0,decode
7879,random_bytes,641323,14,SILENT,0,decode
7880,zeroed_run,9503132,24,caught,66,decode
7881,truncation,1606249,7982929,caught,68,decode
7882,header,546,1,SILENT,0,decode
7883,payload,6246321,1,SILENT,0,decode
7884,bit_flip,588052,1,SILENT,0,decode
7885,random_bytes,8962143,6,caught,66,decode
7886,zeroed_run,4670060,994,SILENT,0,decode
7887,truncation,5104334,4484844,caught,68,decode
7888,header,644,1,SILENT,0,decode
7889,payload,4306660,1,SILENT,0,decode
7890,bit_flip,5922855,1,harmless,0,decode
7891,random_bytes,9422634,5,caught,66,decode
7892,zeroed_run,5152040,2016,SILENT,0,decode
7893,truncation,589562,8999616,caught,68,decode
7894,header,131,1,SILENT,0,decode
7895,payload,5719097,1,SILENT,0,decode
7896,bit_flip,5304478,1,caught,66,decode
7897,random_bytes,5686812,15,caught,66,decode
7898,zeroed_run,8200627,303,SILENT,0,decode
7899,truncation,7331258,2257920,caught,68,decode
7900,header,87,1,SILENT,0,decode
7901,payload,4520846,1,SILENT,0,decode
7902,bit_flip,489869,1,SILENT,0,decode
7903,random_bytes,8997975,12,caught,66,decode
7904,zeroed_run,9035485,768,SILENT,0,decode
7905,truncation,3411506,6177672,caught,68,decode
7906,header,149,1,caught,66,decode
7907,payload,7332061,1,SILENT,0,decode
7908,bit_flip,3708042,1,caught,66,decode
7909,random_bytes,217974,8,SILENT,0,decode
7910,zeroed_run,5437701,745,SILENT,0,decode
7911,truncation,9466305,122873,caught,68,decode
7912,header,932,1,SILENT,0,decode
7913,payload,8474140,1,SILENT,0,decode
7914,bit_flip,5242094,1,SILENT,0,decode
7915,random_bytes,7786386,8,caught,66,decode
7916,zeroed_run,7907201,315,SILENT,0,decode
7917,truncation,1535667,8053511,caught,68,decode
7918,header,870,1,SILENT,0,decode
7919,payload,4266856,1,caught,66,decode
7920,bit_flip,393076,1,SILENT,0,decode
7921,random_bytes,5991823,6,SILENT,0,decode
7922,zeroed_run,4777500,3483,SILENT,0,decode
7923,truncation,1210988,8378190,caught,68,decode
7924,header,186,1,caught,66,decode
7925,payload,5206946,1,SILENT,0,decode
7926,bit_flip,3804862,1,caught,66,decode
7927,random_bytes,4371974,9,caught,66,decode
7928,zeroed_run,4298342,3012,SILENT,0,decode
7929,truncation,7960722,1628456,caught,68,decode
7930,header,461,1,caught,66,decode
7931,payload,2149985,1,SILENT,0,decode
7932,bit_flip,6768306,1,caught,66,decode
7933,random_bytes,8054843,7,caught,66,decode
7934,zeroed_run,7384011,3455,SILENT,0,decode
7935,truncation,6953302,2635876,caught,68,decode
7936,header,297,1,caught,66,decode
7937,payload,6894697,1,SILENT,0,decode
7938,bit_flip,4273090,1,SILENT,0,decode
7939,random_bytes,5911929,16,SILENT,0,decode
7940,zeroed_run,1444123,2989,SILENT,0,decode
7941,truncation,777736,8811442,caught,68,decode
7942,header,739,1,SILENT,0,decode
7943,payload,660053,1,SILENT,0,decode
7944,bit_flip,9361550,1,SILENT,0,decode
7945,random_bytes,461268,14,SILENT,0,decode
7946,zeroed_run,3650380,2039,SILENT,0,decode
7947,truncation,3566457,6022721,caught,68,decode
7948,header,749,1,caught,66,decode
7949,payload,2298490,1,caught,66,decode
7950,bit_flip,5561142,1,SILENT,0,decode
7951,random_bytes,5873845,11,SILENT,0,decode
7952,zeroed_run,5386193,2232,SILENT,0,decode
7953,truncation,124486,9464692,caught,68,decode
7954,header,350,1,SILENT,0,decode
7955,payload,8896544,1,SILENT,0,decode
7956,bit_flip,2579870,1,SILENT,0,decode
7957,random_bytes,491223,9,SILENT,0,decode
7958,zeroed_run,9062496,438,SILENT,0,decode
7959,truncation,8360064,1229114,caught,68,decode
7960,header,406,1,SILENT,0,decode
7961,payload,1272553,1,SILENT,0,decode
7962,bit_flip,6480453,1,SILENT,0,decode
7963,random_bytes,7590686,2,caught,66,decode
7964,zeroed_run,2393384,2781,caught,66,decode
7965,truncation,3536811,6052367,caught,68,decode
7966,header,426,1,SILENT,0,decode
7967,payload,3118100,1,SILENT,0,decode
7968,bit_flip,6801862,1,SILENT,0,decode
7969,random_bytes,3445379,11,caught,66,decode
7970,zeroed_run,6269855,2641,SILENT,0,decode
7971,truncation,4014801,5574377,caught,68,decode
7972,header,364,1,caught,66,decode
7973,payload,8351117,1,SILENT,0,decode
7974,bit_flip,1319039,1,SILENT,0,decode
7975,random_bytes,4061975,16,caught,66,decode
7976,zeroed_run,7629524,3806,SILENT,0,decode
7977,truncation,604157,8985021,caught,68,decode
7978,header,674,1,caught,66,decode
7979,payload,305660,1,SILENT,0,decode
7980,bit_flip,6428199,1,caught,66,decode
7981,random_bytes,87269,5,caught,66,decode
7982,zeroed_run,6376997,101,SILENT,0,decode
7983,truncation,4301993,5287185,caught,68,decode
7984,header,432,1,SILENT,0,decode
7985,payload,8250921,1,SILENT,0,decode
7986,bit_flip,8477770,1,caught,66,decode
7987,random_bytes,3501062,4,SILENT,0,decode
7988,zeroed_run,6036790,460,SILENT,0,decode
7989,truncation,870154,8719024,caught,68,decode
7990,header,729,1,caught,66,decode
7991,payload,3643706,1,SILENT,0,decode
7992,bit_flip,5045752,1,caught,66,decode
7993,random_bytes,8727127,2,SILENT,0,decode
7994,zeroed_run,501172,2177,SILENT,0,decode
7995,truncation,4337514,5251664,caught,68,decode
7996,header,489,1,SILENT,0,decode
7997,payload,6745113,1,SILENT,0,decode
7998,bit_flip,5056889,1,SILENT,0,decode
7999,random_bytes,9316619,5,caught,66,decode
8000,zeroed_run,4180589,1731,SILENT,0,decode
8001,truncation,5041861,4547317,caught,68,decode
8002,header,409,1,SILENT,0,decode
8003,payload,3698858,1,caught,66,decode
8004,bit_flip,8762771,1,SILENT,0,decode
8005,random_bytes,2927904,11,caught,66,decode
8006,zeroed_run,3557605,711,SILENT,0,decode
8007,truncation,5483725,4105453,caught,68,decode
8008,header,221,1,SILENT,0,decode
8009,payload,6841159,1,caught,66,decode
8010,bit_flip,7692666,1,SILENT,0,decode
8011,random_bytes,1741195,15,caught,66,decode
8012,zeroed_run,2012732,2823,SILENT,0,decode
8013,truncation,1103682,8485496,caught,68,decode
8014,header,487,1,caught,66,decode
8015,payload,4832108,1,SILENT,0,decode
8016,bit_flip,8198571,1,SILENT,0,decode
8017,random_bytes,4315410,7,caught,66,decode
8018,zeroed_run,8227420,3091,SILENT,0,decode
8019,truncation,2389351,7199827,caught,68,decode
8020,header,986,1,SILENT,0,decode
8021,payload,256436,1,caught,66,decode
8022,bit_flip,2758080,1,SILENT,0,decode
8023,random_bytes,2609455,8,caught,66,decode
8024,zeroed_run,7529667,110,SILENT,0,decode
8025,truncation,7582834,2006344,caught,68,decode
8026,header,983,1,caught,66,decode
8027,payload,3487471,1,caught,66,decode
8028,bit_flip,1766943,1,caught,66,decode
8029,random_bytes,4249240,16,SILENT,0,decode
8030,zeroed_run,1731574,3947,SILENT,0,decode
8031,truncation,653640,8935538,caught,68,decode
8032,header,56,1,SILENT,0,decode
8033,payload,4248945,1,SILENT,0,decode
8034,bit_flip,1645374,1,caught,66,decode
8035,random_bytes,302248,11,caught,66,decode
8036,zeroed_run,6571580,2817,SILENT,0,decode
8037,truncation,7312766,2276412,caught,68,decode
8038,header,17,1,SILENT,0,decode
8039,payload,4350059,1,SILENT,0,decode
8040,bit_flip,6991106,1,SILENT,0,decode
8041,random_bytes,1159297,15,caught,66,decode
8042,zeroed_run,1931347,3190,SILENT,0,decode
8043,truncation,6623656,2965522,caught,68,decode
8044,header,58,1,SILENT,0,decode
8045,payload,5153297,1,caught,66,decode
8046,bit_flip,2108978,1,SILENT,0,decode
8047,random_bytes,6746294,2,SILENT,0,decode
8048,zeroed_run,5569122,3337,SILENT,0,decode
8049,truncation,7126434,2462744,caught,68,decode
8050,header,630,1,SILENT,0,decode
8051,payload,5033185,1,caught,66,decode
8052,bit_flip,5214123,1,SILENT,0,decode
8053,random_bytes,6202477,9,SILENT,0,decode
8054,zeroed_run,6117625,1567,SILENT,0,decode
8055,truncation,7416255,2172923,caught,68,decode
8056,header,180,1,SILENT,0,decode
8057,payload,613481,1,SILENT,0,decode
8058,bit_flip,6573230,1,SILENT,0,decode
8059,random_bytes,7004162,7,caught,66,decode
8060,zeroed_run,5017392,1316,SILENT,0,decode
8061,truncation,8600672,988506,caught,68,decode
8062,header,579,1,caught,66,decode
8063,payload,8227713,1,SILENT,0,decode
8064,bit_flip,2641760,1,SILENT,0,decode
8065,random_bytes,3941274,15,caught,66,decode
8066,zeroed_run,1639877,1262,SILENT,0,decode
8067,truncation,9250900,338278,caught,68,decode
8068,header,173,1,SILENT,0,decode
8069,payload,72643,1,caught,66,decode
8070,bit_flip,2070899,1,SILENT,0,decode
8071,random_bytes,8169146,2,caught,66,decode
8072,zeroed_run,3744523,750,SILENT,0,decode
8073,truncation,3283769,6305409,caught,68,decode
8074,header,122,1,SILENT,0,decode
8075,payload,133665,1,SILENT,0,decode
8076,bit_flip,2601843,1,caught,66,decode
8077,random_bytes,6236417,15,caught,66,decode
8078,zeroed_run,8108309,1026,SILENT,0,decode
8079,truncation,3241345,6347833,caught,68,decode
8080,header,324,1,SILENT,0,decode
8081,payload,1337722,1,SILENT,0,decode
8082,bit_flip,2748955,1,SILENT,0,decode
8083,random_bytes,8029837,5,SILENT,0,decode
8084,zeroed_run,5117596,1385,SILENT,0,decode
8085,truncation,8863013,726165,caught,68,decode
8086,header,326,1,SILENT,0,decode
8087,payload,6872970,1,SILENT,0,decode
8088,bit_flip,5096736,1,SILENT,0,decode
8089,random_bytes,5187872,7,SILENT,0,decode
8090,zeroed_run,7621256,1121,SILENT,0,decode
8091,truncation,8897518,691660,caught,68,decode
8092,header,206,1,SILENT,0,decode
8093,payload,2311764,1,SILENT,0,decode
8094,bit_flip,5674385,1,SILENT,0,decode
8095,random_bytes,5206248,8,SILENT,0,decode
8096,zeroed_run,4936094,3021,SILENT,0,decode
8097,truncation,6537473,3051705,caught,68,decode
8098,header,513,1,SILENT,0,decode
8099,payload,1731513,1,SILENT,0,decode
8100,bit_flip,634900,1,SILENT,0,decode
8101,random_bytes,5837914,13,SILENT,0,decode
8102,zeroed_run,8633587,292,SILENT,0,decode
8103,truncation,8533793,1055385,caught,68,decode
8104,header,208,1,SILENT,0,decode
8105,payload,9545618,1,SILENT,0,decode
8106,bit_flip,8401980,1,SILENT,0,decode
8107,random_bytes,8068936,7,caught,66,decode
8108,zeroed_run,1557860,338,SILENT,0,decode
8109,truncation,3556916,6032262,caught,68,decode
8110,header,878,1,SILENT,0,decode
8111,payload,2541069,1,SILENT,0,decode
8112,bit_flip,3395555,1,SILENT,0,decode
8113,random_bytes,2711436,9,caught,66,decode
8114,zeroed_run,6601582,173,SILENT,0,decode
8115,truncation,9122761,466417,caught,68,decode
8116,header,613,1,SILENT,0,decode
8117,payload,1873292,1,SILENT,0,decode
8118,bit_flip,8516931,1,SILENT,0,decode
8119,random_bytes,2137243,7,SILENT,0,decode
8120,zeroed_run,9366581,3278,SILENT,0,decode
8121,truncation,1439322,8149856,caught,68,decode
8122,header,278,1,caught,66,decode
8123,payload,9439089,1,SILENT,0,decode
8124,bit_flip,1882470,1,SILENT,0,decode
8125,random_bytes,5142441,11,SILENT,0,decode
8126,zeroed_run,4153513,90,SILENT,0,decode
8127,truncation,4910893,4678285,caught,68,decode
8128,header,1015,1,SILENT,0,decode
8129,payload,1614436,1,SILENT,0,decode
8130,bit_flip,4173112,1,SILENT,0,decode
8131,random_bytes,7728808,10,caught,66,decode
8132,zeroed_run,8732035,2077,SILENT,0,decode
8133,truncation,9233011,356167,caught,68,decode
8134,header,29,1,SILENT,0,decode
8135,payload,8177532,1,SILENT,0,decode
8136,bit_flip,1578885,1,caught,66,decode
8137,random_bytes,3811666,3,caught,66,decode
8138,zeroed_run,7576011,2525,SILENT,0,decode
8139,truncation,1857975,7731203,caught,68,decode
8140,header,343,1,SILENT,0,decode
8141,payload,4633745,1,SILENT,0,decode
8142,bit_flip,7625162,1,SILENT,0,decode
8143,random_bytes,6679524,1,SILENT,0,decode
8144,zeroed_run,8635588,3325,SILENT,0,decode
8145,truncation,8035328,1553850,caught,68,decode
8146,header,702,1,SILENT,0,decode
8147,payload,9196007,1,SILENT,0,decode
8148,bit_flip,4258022,1,SILENT,0,decode
8149,random_bytes,5066053,8,caught,66,decode
8150,zeroed_run,1071348,3166,SILENT,0,decode
8151,truncation,6291820,3297358,caught,68,decode
8152,header,844,1,caught,66,decode
8153,payload,5915499,1,SILENT,0,decode
8154,bit_flip,7830793,1,SILENT,0,decode
8155,random_bytes,5724304,7,caught,66,decode
8156,zeroed_run,8637576,1929,SILENT,0,decode
8157,truncation,8615863,973315,caught,68,decode
8158,header,599,1,SILENT,0,decode
8159,payload,9142674,1,SILENT,0,decode
8160,bit_flip,5124020,1,caught,66,decode
8161,random_bytes,4046464,11,SILENT,0,decode
8162,zeroed_run,4394512,3057,SILENT,0,decode
8163,truncation,2314041,7275137,caught,68,decode
8164,header,512,1,SILENT,0,decode
8165,payload,5841984,1,caught,66,decode
8166,bit_flip,6284784,1,caught,66,decode
8167,random_bytes,7538585,12,SILENT,0,decode
8168,zeroed_run,4203148,443,SILENT,0,decode
8169,truncation,855545,8733633,caught,68,decode
8170,header,654,1,SILENT,0,decode
8171,payload,2616347,1,SILENT,0,decode
8172,bit_flip,4853336,1,SILENT,0,decode
8173,random_bytes,6763931,8,SILENT,0,decode
8174,zeroed_run,4977066,1671,SILENT,0,decode
8175,truncation,352855,9236323,caught,68,decode
8176,header,85,1,caught,66,decode
8177,payload,3605149,1,caught,66,decode
8178,bit_flip,9517299,1,caught,66,decode
8179,random_bytes,3911334,2,caught,66,decode
8180,zeroed_run,4564166,2623,SILENT,0,decode
8181,truncation,398998,9190180,caught,68,decode
8182,header,884,1,caught,66,decode
8183,payload,3520555,1,SILENT,0,decode
8184,bit_flip,5973369,1,caught,66,decode
8185,random_bytes,4301956,11,caught,66,decode
8186,zeroed_run,3596430,1005,SILENT,0,decode
8187,truncation,6088884,3500294,caught,68,decode
8188,header,451,1,SILENT,0,decode
8189,payload,2500062,1,SILENT,0,decode
8190,bit_flip,6358077,1,SILENT,0,decode
8191,random_bytes,2804892,15,SILENT,0,decode
8192,zeroed_run,5854592,472,SILENT,0,decode
8193,truncation,5912715,3676463,caught,68,decode
8194,header,510,1,SILENT,0,decode
8195,payload,6979047,1,SILENT,0,decode
8196,bit_flip,1620967,1,SILENT,0,decode
8197,random_bytes,4842766,12,SILENT,0,decode
8198,zeroed_run,1866329,459,SILENT,0,decode
8199,truncation,6843252,2745926,caught,68,decode
8200,header,111,1,SILENT,0,decode
8201,payload,2475884,1,SILENT,0,decode
8202,bit_flip,4284620,1,SILENT,0,decode
8203,random_bytes,8232443,8,caught,66,decode
8204,zeroed_run,9106986,820,SILENT,0,decode
8205,truncation,6877297,2711881,caught,68,decode
8206,header,319,1,SILENT,0,decode
8207,payload,149560,1,SILENT,0,decode
8208,bit_flip,7963633,1,SILENT,0,decode
8209,random_bytes,137048,14,SILENT,0,decode
8210,zeroed_run,7504781,3092,SILENT,0,decode
8211,truncation,6254029,3335149,caught,68,decode
8212,header,306,1,caught,66,decode
8213,payload,8625496,1,SILENT,0,decode
8214,bit_flip,5887294,1,SILENT,0,decode
8215,random_bytes,7256157,12,caught,66,decode
8216,zeroed_run,4949193,3779,SILENT,0,decode
8217,truncation,589482,8999696,caught,68,decode
8218,header,669,1,SILENT,0,decode
8219,payload,8564335,1,SILENT,0,decode
8220,bit_flip,1472837,1,SILENT,0,decode
8221,random_bytes,378645,16,caught,66,decode
8222,zeroed_run,1540009,3439,SILENT,0,decode
8223,truncation,3000282,6588896,caught,68,decode
8224,header,836,1,caught,66,decode
8225,payload,6008573,1,SILENT,0,decode
8226,bit_flip,3875598,1,SILENT,0,decode
8227,random_bytes,6199425,2,SILENT,0,decode
8228,zeroed_run,8338858,3481,SILENT,0,decode
8229,truncation,8268828,1320350,caught,68,decode
8230,header,462,1,SILENT,0,decode
8231,payload,6614845,1,SILENT,0,decode
8232,bit_flip,8619073,1,SILENT,0,decode
8233,random_bytes,67445,11,caught,66,decode
8234,zeroed_run,605514,2282,SILENT,0,decode
8235,truncation,4978478,4610700,caught,68,decode
8236,header,0,1,caught,44,decode
8237,payload,5586714,1,SILENT,0,decode
8238,bit_flip,8649771,1,SILENT,0,decode
8239,random_bytes,6876767,6,SILENT,0,decode
8240,zeroed_run,6675333,2152,SILENT,0,decode
8241,truncation,7324642,2264536,caught,68,decode
8242,header,276,1,caught,66,decode
8243,payload,9202014,1,SILENT,0,decode
8244,bit_flip,2461674,1,SILENT,0,decode
8245,random_bytes,6427152,8,SILENT,0,decode
8246,zeroed_run,8557366,3730,SILENT,0,decode
8247,truncation,4933021,4656157,caught,68,decode
8248,header,983,1,caught,66,decode
8249,payload,3560071,1,caught,66,decode
8250,bit_flip,996590,1,SILENT,0,decode
8251,random_bytes,8166989,8,caught,66,decode
8252,zeroed_run,9029411,328,SILENT,0,decode
8253,truncation,2495549,7093629,caught,68,decode
8254,header,850,1,SILENT,0,decode
8255,payload,191058,1,SILENT,0,decode
8256,bit_flip,2618332,1,caught,66,decode
8257,random_bytes,2415179,12,SILENT,0,decode
8258,zeroed_run,7584271,1103,SILENT,0,decode
8259,truncation,8817527,771651,caught,68,decode
8260,header,75,1,SILENT,0,decode
8261,payload,40356,1,caught,66,decode
8262,bit_flip,3520391,1,caught,66,decode
8263,random_bytes,9522486,4,SILENT,0,decode
8264,zeroed_run,1045457,3994,SILENT,0,decode
8265,truncation,9212781,376397,caught,68,decode
8266,header,862,1,caught,66,decode
8267,payload,7923755,1,SILENT,0,decode
8268,bit_flip,7917103,1,SILENT,0,decode
8269,random_bytes,5706869,15,caught,66,decode
8270,zeroed_run,4165033,3154,SILENT,0,decode
8271,truncation,8512413,1076765,caught,68,decode
8272,header,624,1,SILENT,0,decode
8273,payload,2459775,1,SILENT,0,decode
8274,bit_flip,8828468,1,SILENT,0,decode
8275,random_bytes,5009240,15,caught,66,decode
8276,zeroed_run,5488904,148,SILENT,0,decode
8277,truncation,9444079,145099,caught,68,decode
8278,header,104,1,SILENT,0,decode
8279,payload,3967784,1,SILENT,0,decode
8280,bit_flip,205275,1,SILENT,0,decode
8281,random_bytes,2420642,12,caught,66,decode
8282,zeroed_run,2010631,3921,SILENT,0,decode
8283,truncation,8480739,1108439,caught,68,decode
8284,header,568,1,SILENT,0,decode
8285,payload,1301547,1,SILENT,0,decode
8286,bit_flip,340061,1,SILENT,0,decode
8287,random_bytes,6012148,12,SILENT,0,decode
8288,zeroed_run,3178238,358,SILENT,0,decode
8289,truncation,4917228,4671950,caught,68,decode
8290,header,401,1,SILENT,0,decode
8291,payload,2184261,1,SILENT,0,decode
8292,bit_flip,5677545,1,SILENT,0,decode
8293,random_bytes,2884419,15,SILENT,0,decode
8294,zeroed_run,8109690,1188,SILENT,0,decode
8295,truncation,9197575,391603,caught,68,decode
8296,header,232,1,SILENT,0,decode
8297,payload,1839836,1,SILENT,0,decode
8298,bit_flip,7220817,1,SILENT,0,decode
8299,random_bytes,8232933,14,SILENT,0,decode
8300,zeroed_run,7111739,1158,SILENT,0,decode
8301,truncation,4537154,5052024,caught,68,decode
8302,header,465,1,SILENT,0,decode
8303,payload,2060344,1,SILENT,0,decode
8304,bit_flip,2102123,1,SILENT,0,decode
8305,random_bytes,4014447,4,caught,66,decode
8306,zeroed_run,758006,4043,SILENT,0,decode
8307,truncation,1877176,7712002,caught,68,decode
8308,header,237,1,SILENT,0,decode
8309,payload,7660890,1,SILENT,0,decode
8310,bit_flip,1852751,1,caught,66,decode
8311,random_bytes,2225126,9,caught,66,decode
8312,zeroed_run,7333902,2718,SILENT,0,decode
8313,truncation,7640398,1948780,caught,68,decode
8314,header,676,1,SILENT,0,decode
8315,payload,9106414,1,SILENT,0,decode
8316,bit_flip,4292487,1,SILENT,0,decode
8317,random_bytes,1695504,15,SILENT,0,decode
8318,zeroed_run,510291,815,SILENT,0,decode
8319,truncation,496708,9092470,caught,68,decode
8320,header,939,1,caught,66,decode
8321,payload,194635,1,SILENT,0,decode
8322,bit_flip,6759018,1,SILENT,0,decode
8323,random_bytes,2257937,12,caught,66,decode
8324,zeroed_run,8169547,1362,SILENT,0,decode
8325,truncation,6096392,3492786,caught,68,decode
8326,header,994,1,SILENT,0,decode
8327,payload,2067085,1,SILENT,0,decode
8328,bit_flip,2375192,1,SILENT,0,decode
8329,random_bytes,3877194,5,SILENT,0,decode
8330,zeroed_run,1888036,1685,SILENT,0,decode
8331,truncation,1799725,7789453,caught,68,decode
8332,header,336,1,SILENT,0,decode
8333,payload,4852724,1,SILENT,0,decode
8334,bit_flip,9587006,1,SILENT,0,decode
8335,random_bytes,1653486,3,caught,66,decode
8336,zeroed_run,775393,3391,SILENT,0,decode
8337,truncation,5302121,4287057,caught,68,decode
8338,header,149,1,caught,66,decode
8339,payload,6184663,1,SILENT,0,decode
8340,bit_flip,9463361,1,SILENT,0,decode
8341,random_bytes,6293655,12,SILENT,0,decode
8342,zeroed_run,2267850,2252,SILENT,0,decode
8343,truncation,488924,9100254,caught,68,decode
8344,header,753,1,SILENT,0,decode
8345,payload,1754899,1,SILENT,0,decode
8346,bit_flip,76984,1,SILENT,0,decode
8347,random_bytes,8600654,9,SILENT,0,decode
8348,zeroed_run,5277775,2981,SILENT,0,decode
8349,truncation,8664109,925069,caught,68,decode
8350,header,385,1,SILENT,0,decode
8351,payload,6967832,1,SILENT,0,decode
8352,bit_flip,2730276,1,SILENT,0,decode
8353,random_bytes,2036390,16,SILENT,0,decode
8354,zeroed_run,7160541,375,SILENT,0,decode
8355,truncation,446121,9143057,caught,68,decode
8356,header,425,1,SILENT,0,decode
8357,payload,2874340,1,caught,66,decode
8358,bit_flip,9101338,1,SILENT,0,decode
8359,random_bytes,1464914,8,caught,66,decode
8360,zeroed_run,9547071,2993,SILENT,0,decode
8361,truncation,6493669,3095509,caught,68,decode
8362,header,762,1,SILENT,0,decode
8363,payload,4649747,1,SILENT,0,decode
8364,bit_flip,4417906,1,SILENT,0,decode
8365,random_bytes,6852829,4,caught,66,decode
8366,zeroed_run,1666039,835,SILENT,0,decode
8367,truncation,2563001,7026177,caught,68,decode
8368,header,433,1,SILENT,0,decode
8369,payload,1415484,1,SILENT,0,decode
8370,bit_flip,8941793,1,caught,66,decode
8371,random_bytes,4297539,15,SILENT,0,decode
8372,zeroed_run,249351,2594,SILENT,0,decode
8373,truncation,2276134,7313044,caught,68,decode
8374,header,659,1,SILENT,0,decode
8375,payload,8215708,1,SILENT,0,decode
8376,bit_flip,2256255,1,SILENT,0,decode
8377,random_bytes,1019248,15,SILENT,0,decode
8378,zeroed_run,5549106,2310,SILENT,0,decode
8379,truncation,4745718,4843460,caught,68,decode
8380,header,932,1,SILENT,0,decode
8381,payload,1159681,1,SILENT,0,decode
8382,bit_flip,5191797,1,SILENT,0,decode
8383,random_bytes,865944,5,caught,66,decode
8384,zeroed_run,2221181,825,SILENT,0,decode
8385,truncation,1385971,8203207,caught,68,decode
8386,header,476,1,SILENT,0,decode
8387,payload,2849062,1,SILENT,0,decode
8388,bit_flip,244129,1,SILENT,0,decode
8389,random_bytes,1357193,14,caught,66,decode
8390,zeroed_run,9444071,3007,SILENT,0,decode
8391,truncation,5332566,4256612,caught,68,decode
8392,header,196,1,SILENT,0,decode
8393,payload,5366937,1,caught,66,decode
8394,bit_flip,7930355,1,SILENT,0,decode
8395,random_bytes,8523580,2,SILENT,0,decode
8396,zeroed_run,6560773,2698,SILENT,0,decode
8397,truncation,735345,8853833,caught,68,decode
8398,header,951,1,SILENT,0,decode
8399,payload,1512411,1,SILENT,0,decode
8400,bit_flip,4647681,1,SILENT,0,decode
8401,random_bytes,1685080,8,SILENT,0,decode
8402,zeroed_run,2580376,3120,SILENT,0,decode
8403,truncation,7381114,2208064,caught,68,decode
8404,header,1014,1,SILENT,0,decode
8405,payload,5154787,1,SILENT,0,decode
8406,bit_flip,4514671,1,SILENT,0,decode
8407,random_bytes,7440909,10,caught,66,decode
8408,zeroed_run,2511812,451,SILENT,0,decode
8409,truncation,7380862,2208316,caught,68,decode
8410,header,562,1,SILENT,0,decode
8411,payload,1197557,1,SILENT,0,decode
8412,bit_flip,1948461,1,SILENT,0,decode
8413,random_bytes,3244392,12,caught,66,decode
8414,zeroed_run,5399450,1777,SILENT,0,decode
8415,truncation,67199,9521979,caught,68,decode
8416,header,814,1,SILENT,0,decode
8417,payload,3481222,1,SILENT,0,decode
8418,bit_flip,2476525,1,SILENT,0,decode
8419,random_bytes,2477394,4,SILENT,0,decode
8420,zeroed_run,8245211,415,SILENT,0,decode
8421,truncation,8272884,1316294,caught,68,decode
8422,header,183,1,caught,66,decode
8423,payload,8900237,1,SILENT,0,decode
8424,bit_flip,3971272,1,caught,66,decode
8425,random_bytes,8333293,4,caught,66,decode
8426,zeroed_run,4299998,2250,SILENT,0,decode
8427,truncation,5897882,3691296,caught,68,decode
8428,header,888,1,SILENT,0,decode
8429,payload,7083612,1,SILENT,0,decode
8430,bit_flip,2669964,1,caught,66,decode
8431,random_bytes,2888753,16,SILENT,0,decode
8432,zeroed_run,510685,2451,SILENT,0,decode
8433,truncation,3045631,6543547,caught,68,decode
8434,header,36,1,caught,66,decode
8435,payload,8828897,1,caught,66,decode
8436,bit_flip,6032994,1,SILENT,0,decode
8437,random_bytes,7672960,15,caught,66,decode
8438,zeroed_run,7968741,3091,SILENT,0,decode
8439,truncation,9139574,449604,caught,68,decode
8440,header,219,1,SILENT,0,decode
8441,payload,3681052,1,SILENT,0,decode
8442,bit_flip,4645803,1,SILENT,0,decode
8443,random_bytes,9575673,6,caught,66,decode
8444,zeroed_run,3893505,2665,SILENT,0,decode
8445,truncation,1742337,7846841,caught,68,decode
8446,header,494,1,SILENT,0,decode
8447,payload,744354,1,SILENT,0,decode
8448,bit_flip,3858164,1,SILENT,0,decode
8449,random_bytes,6241907,2,caught,66,decode
8450,zeroed_run,5923060,2439,SILENT,0,decode
8451,truncation,7730850,1858328,caught,68,decode
8452,header,350,1,SILENT,0,decode
8453,payload,8239554,1,SILENT,0,decode
8454,bit_flip,8264412,1,SILENT,0,decode
8455,random_bytes,1582175,4,SILENT,0,decode
8456,zeroed_run,5554314,1569,SILENT,0,decode
8457,truncation,3827172,5762006,caught,68,decode
8458,header,813,1,caught,66,decode
8459,payload,1279186,1,caught,66,decode
8460,bit_flip,7871132,1,SILENT,0,decode
8461,random_bytes,8552,2,caught,66,decode
8462,zeroed_run,7260353,350,SILENT,0,decode
8463,truncation,6315111,3274067,caught,68,decode
8464,header,322,1,caught,66,decode
8465,payload,9164349,1,SILENT,0,decode
8466,bit_flip,8768593,1,caught,66,decode
8467,random_bytes,8287387,8,SILENT,0,decode
8468,zeroed_run,1743911,1209,SILENT,0,decode
8469,truncation,6411775,3177403,caught,68,decode
8470,header,995,1,SILENT,0,decode
8471,payload,908227,1,SILENT,0,decode
8472,bit_flip,5668481,1,SILENT,0,decode
8473,random_bytes,2483159,4,caught,66,decode
8474,zeroed_run,2231139,660,SILENT,0,decode
8475,truncation,6737415,2851763,caught,68,decode
8476,header,823,1,caught,66,decode
8477,payload,1077465,1,SILENT,0,decode
8478,bit_flip,5000134,1,SILENT,0,decode
8479,random_bytes,2608905,3,caught,66,decode
8480,zeroed_run,4279533,3933,SILENT,0,decode
8481,truncation,1407461,8181717,caught,68,decode
8482,header,872,1,caught,66,decode
8483,payload,8494544,1,caught,66,decode
8484,bit_flip,2915381,1,SILENT,0,decode
8485,random_bytes,3329576,10,caught,66,decode
8486,zeroed_run,8382730,2515,SILENT,0,decode
8487,truncation,4506608,5082570,caught,68,decode
8488,header,428,1,SILENT,0,decode
8489,payload,4480902,1,SILENT,0,decode
8490,bit_flip,6489660,1,SILENT,0,decode
8491,random_bytes,6151073,2,caught,66,decode
8492,zeroed_run,6872123,2989,SILENT,0,decode
8493,truncation,8189137,1400041,caught,68,decode
8494,header,297,1,caught,66,decode
8495,payload,973094,1,SILENT,0,decode
8496,bit_flip,2607583,1,SILENT,0,decode
8497,random_bytes,6365745,6,SILENT,0,decode
8498,zeroed_run,2515231,2145,SILENT,0,decode
8499,truncation,9078502,510676,caught,68,decode
8500,header,530,1,SILENT,0,decode
8501,payload,8056240,1,SILENT,0,decode
8502,bit_flip,6132209,1,SILENT,0,decode
8503,random_bytes,8824514,15,SILENT,0,decode
8504,zeroed_run,2506729,3731,SILENT,0,decode
8505,truncation,7011998,2577180,caught,68,decode
8506,header,1013,1,SILENT,0,decode
8507,payload,5920585,1,SILENT,0,decode
8508,bit_flip,1563316,1,SILENT,0,decode
8509,random_bytes,1051704,5,caught,66,decode
8510,zeroed_run,6019531,4040,SILENT,0,decode
8511,truncation,2449707,7139471,caught,68,decode
8512,header,362,1,SILENT,0,decode
8513,payload,7027249,1,SILENT,0,decode
8514,bit_flip,7439417,1,SILENT,0,decode
8515,random_bytes,1737860,10,caught,66,decode
8516,zeroed_run,5706621,3439,SILENT,0,decode
8517,truncation,1893321,7695857,caught,68,decode
8518,header,148,1,caught,66,decode
8519,payload,3065615,1,SILENT,0,decode
8520,bit_flip,6421510,1,caught,66,decode
8521,random_bytes,7995594,3,caught,66,decode
8522,zeroed_run,3194851,4033,SILENT,0,decode
8523,truncation,7031692,2557486,caught,68,decode
8524,header,221,1,SILENT,0,decode
8525,payload,1332202,1,SILENT,0,decode
8526,bit_flip,3490776,1,SILENT,0,decode
8527,random_bytes,5537835,7,caught,66,decode
8528,zeroed_run,8679807,2250,SILENT,0,decode
8529,truncation,1775371,7813807,caught,68,decode
8530,header,465,1,SILENT,0,decode
8531,payload,1330264,1,SILENT,0,decode
8532,bit_flip,6041966,1,caught,66,decode
8533,random_bytes,8802389,8,caught,66,decode
8534,zeroed_run,9182560,847,SILENT,0,decode
8535,truncation,6801690,2787488,caught,68,decode
8536,header,660,1,SILENT,0,decode
8537,payload,1993164,1,SILENT,0,decode
8538,bit_flip,3933215,1,SILENT,0,decode
8539,random_bytes,1378253,14,caught,66,decode
8540,zeroed_run,7096391,1876,SILENT,0,decode
8541,truncation,7534928,2054250,caught,68,decode
8542,header,116,1,SILENT,0,decode
8543,payload,4217741,1,SILENT,0,decode
8544,bit_flip,1740113,1,SILENT,0,decode
8545,random_bytes,2622867,2,SILENT,0,decode
8546,zeroed_run,2535627,1090,SILENT,0,decode
8547,truncation,6303913,3285265,caught,68,decode
8548,header,687,1,SILENT,0,decode
8549,payload,2993383,1,SILENT,0,decode
8550,bit_flip,3381298,1,SILENT,0,decode
8551,random_bytes,1918276,15,caught,66,decode
8552,zeroed_run,927349,3629,SILENT,0,decode
8553,truncation,1996170,7593008,caught,68,decode
8554,header,730,1,caught,66,decode
8555,payload,7402047,1,caught,66,decode
8556,bit_flip,7639282,1,SILENT,0,decode
8557,random_bytes,388789,10,caught,66,decode
8558,zeroed_run,2953190,3746,SILENT,0,decode
8559,truncation,7671662,1917516,caught,68,decode
8560,header,719,1,SILENT,0,decode
8561,payload,7503024,1,SILENT,0,decode
8562,bit_flip,6001468,1,SILENT,0,decode
8563,random_bytes,3648128,4,SILENT,0,decode
8564,zeroed_run,7384178,508,SILENT,0,decode
8565,truncation,4598773,4990405,caught,68,decode
8566,header,527,1,caught,66,decode
8567,payload,2942246,1,SILENT,0,decode
8568,bit_flip,1240798,1,caught,66,decode
8569,random_bytes,2031482,15,SILENT,0,decode
8570,zeroed_run,9513185,588,SILENT,0,decode
8571,truncation,4497977,5091201,caught,68,decode
8572,header,855,1,SILENT,0,decode
8573,payload,8911508,1,SILENT,0,decode
8574,bit_flip,556311,1,SILENT,0,decode
8575,random_bytes,481251,3,caught,66,decode
8576,zeroed_run,8406183,1099,SILENT,0,decode
8577,truncation,4233939,5355239,caught,68,decode
8578,header,503,1,caught,66,decode
8579,payload,9313514,1,SILENT,0,decode
8580,bit_flip,5963164,1,SILENT,0,decode
8581,random_bytes,4577802,1,SILENT,0,decode
8582,zeroed_run,6267003,944,SILENT,0,decode
8583,truncation,4590668,4998510,caught,68,decode
8584,header,163,1,SILENT,0,decode
8585,payload,3890880,1,SILENT,0,decode
8586,bit_flip,1866978,1,caught,66,decode
8587,random_bytes,5770168,10,caught,66,decode
8588,zeroed_run,368374,396,SILENT,0,decode
8589,truncation,7770474,1818704,caught,68,decode
8590,header,227,1,SILENT,0,decode
8591,payload,3337357,1,caught,66,decode
8592,bit_flip,5436349,1,SILENT,0,decode
8593,random_bytes,8341568,14,caught,66,decode
8594,zeroed_run,9369185,3176,SILENT,0,decode
8595,truncation,1184727,8404451,caught,68,decode
8596,header,450,1,SILENT,0,decode
8597,payload,6919543,1,caught,66,decode
8598,bit_flip,2214848,1,SILENT,0,decode
8599,random_bytes,9061854,4,caught,66,decode
8600,zeroed_run,1347495,1255,SILENT,0,decode
8601,truncation,3530599,6058579,caught,68,decode
8602,header,595,1,SILENT,0,decode
8603,payload,3045578,1,SILENT,0,decode
8604,bit_flip,837820,1,caught,66,decode
8605,random_bytes,6998175,1,SILENT,0,decode
8606,zeroed_run,187004,1460,SILENT,0,decode
8607,truncation,8582421,1006757,caught,68,decode
8608,header,972,1,caught,66,decode
8609,payload,4121434,1,SILENT,0,decode
8610,bit_flip,8167594,1,SILENT,0,decode
8611,random_bytes,5444789,15,caught,66,decode
8612,zeroed_run,2665398,1987,SILENT,0,decode
8613,truncation,860230,8728948,caught,68,decode
8614,header,975,1,caught,66,decode
8615,payload,2493235,1,SILENT,0,decode
8616,bit_flip,9041707,1,SILENT,0,decode
8617,random_bytes,1109128,2,caught,66,decode
8618,zeroed_run,6870377,3055,SILENT,0,decode
8619,truncation,6171846,3417332,caught,68,decode
8620,header,32,1,SILENT,0,decode
8621,payload,1461208,1,SILENT,0,decode
8622,bit_flip,8942491,1,caught,66,decode
8623,random_bytes,2368630,16,caught,66,decode
8624,zeroed_run,7475705,1413,SILENT,0,decode
8625,truncation,9248598,340580,caught,68,decode
8626,header,580,1,caught,66,decode
8627,payload,2105269,1,SILENT,0,decode
8628,bit_flip,4159274,1,SILENT,0,decode
8629,random_bytes,7105197,1,SILENT,0,decode
8630,zeroed_run,6004769,945,SILENT,0,decode
8631,truncation,7866283,1722895,caught,68,decode
8632,header,519,1,SILENT,0,decode
8633,payload,7768387,1,SILENT,0,decode
8634,bit_flip,8621924,1,SILENT,0,decode
8635,random_bytes,1342526,7,caught,66,decode
8636,zeroed_run,8569847,3381,SILENT,0,decode
8637,truncation,1977340,7611838,caught,68,decode
8638,header,507,1,caught,66,decode
8639,payload,2457209,1,SILENT,0,decode
8640,bit_flip,4477392,1,SILENT,0,decode
8641,random_bytes,4660368,5,caught,66,decode
8642,zeroed_run,5240393,526,SILENT,0,decode
8643,truncation,1317697,8271481,caught,68,decode
8644,header,795,1,SILENT,0,decode
8645,payload,5931083,1,SILENT,0,decode
8646,bit_flip,5078901,1,SILENT,0,decode
8647,random_bytes,3700538,13,caught,66,decode
8648,zeroed_run,7975975,3106,SILENT,0,decode
8649,truncation,2657503,6931675,caught,68,decode
8650,header,186,1,SILENT,0,decode
8651,payload,2676757,1,SILENT,0,decode
8652,bit_flip,7071296,1,SILENT,0,decode
8653,random_bytes,764658,13,SILENT,0,decode
8654,zeroed_run,2378781,3933,SILENT,0,decode
8655,truncation,328772,9260406,caught,68,decode
8656,header,744,1,SILENT,0,decode
8657,payload,2713454,1,SILENT,0,decode
8658,bit_flip,2544908,1,SILENT,0,decode
8659,random_bytes,5081644,7,SILENT,0,decode
8660,zeroed_run,3170218,2480,SILENT,0,decode
8661,truncation,7007167,2582011,caught,68,decode
8662,header,816,1,SILENT,0,decode
8663,payload,6986428,1,SILENT,0,decode
8664,bit_flip,7220421,1,SILENT,0,decode
8665,random_bytes,1938883,13,caught,66,decode
8666,zeroed_run,523352,2844,SILENT,0,decode
8667,truncation,1823063,7766115,caught,68,decode
8668,header,130,1,SILENT,0,decode
8669,payload,8683392,1,SILENT,0,decode
8670,bit_flip,7864650,1,caught,66,decode
8671,random_bytes,5288143,6,SILENT,0,decode
8672,zeroed_run,1464173,3986,SILENT,0,decode
8673,truncation,1512499,8076679,caught,68,decode
8674,header,871,1,caught,66,decode
8675,payload,7429512,1,caught,66,decode
8676,bit_flip,2627916,1,SILENT,0,decode
8677,random_bytes,7593712,13,SILENT,0,decode
8678,zeroed_run,6211495,2460,SILENT,0,decode
8679,truncation,2032907,7556271,caught,68,decode
8680,header,448,1,SILENT,0,decode
8681,payload,3109378,1,SILENT,0,decode
8682,bit_flip,8091512,1,SILENT,0,decode
8683,random_bytes,1955806,9,caught,66,decode
8684,zeroed_run,3354123,1515,SILENT,0,decode
8685,truncation,4592879,4996299,caught,68,decode
8686,header,595,1,SILENT,0,decode
8687,payload,7847056,1,caught,66,decode
8688,bit_flip,9577966,1,SILENT,0,decode
8689,random_bytes,840696,13,SILENT,0,decode
8690,zeroed_run,2166019,2967,SILENT,0,decode
8691,truncation,811545,8777633,caught,68,decode
8692,header,252,1,caught,66,decode
8693,payload,4561591,1,SILENT,0,decode
8694,bit_flip,2500443,1,SILENT,0,decode
8695,random_bytes,2247441,6,SILENT,0,decode
8696,zeroed_run,6350202,3072,SILENT,0,decode
8697,truncation,8337219,1251959,caught,68,decode
8698,header,340,1,SILENT,0,decode
8699,payload,24603,1,caught,66,decode
8700,bit_flip,450957,1,caught,66,decode
8701,random_bytes,3119362,15,caught,66,decode
8702,zeroed_run,3413676,2222,SILENT,0,decode
8703,truncation,2713342,6875836,caught,68,decode
8704,header,515,1,SILENT,0,decode
8705,payload,6310100,1,SILENT,0,decode
8706,bit_flip,9118552,1,SILENT,0,decode
8707,random_bytes,3154101,9,SILENT,0,decode
8708,zeroed_run,5871351,1944,SILENT,0,decode
8709,truncation,5623453,3965725,caught,68,decode
8710,header,968,1,SILENT,0,decode
8711,payload,7038470,1,SILENT,0,decode
8712,bit_flip,7160714,1,SILENT,0,decode
8713,random_bytes,858212,12,caught,66,decode
8714,zeroed_run,6280529,915,SILENT,0,decode
8715,truncation,2002340,7586838,caught,68,decode
8716,header,70,1,SILENT,0,decode
8717,payload,2806043,1,SILENT,0,decode
8718,bit_flip,5291915,1,SILENT,0,decode
8719,random_bytes,1502401,6,SILENT,0,decode
8720,zeroed_run,6810707,1283,SILENT,0,decode
8721,truncation,6297153,3292025,caught,68,decode
8722,header,834,1,SILENT,0,decode
8723,payload,1146275,1,caught,66,decode
8724,bit_flip,7648670,1,SILENT,0,decode
8725,random_bytes,5454503,6,caught,66,decode
8726,zeroed_run,1901654,2193,SILENT,0,decode
8727,truncation,2809643,6779535,caught,68,decode
8728,header,849,1,SILENT,0,decode
8729,payload,4835172,1,SILENT,0,decode
8730,bit_flip,8022911,1,SILENT,0,decode
8731,random_bytes,9538964,12,caught,66,decode
8732,zeroed_run,5591400,3960,SILENT,0,decode
8733,truncation,4616428,4972750,caught,68,decode
8734,header,1022,1,SILENT,0,decode
8735,payload,6785595,1,SILENT,0,decode
8736,bit_flip,3239008,1,SILENT,0,decode
8737,random_bytes,9125809,5,SILENT,0,decode
8738,zeroed_run,842279,2404,SILENT,0,decode
8739,truncation,9408663,180515,caught,68,decode
8740,header,767,1,caught,66,decode
8741,payload,5748818,1,SILENT,0,decode
8742,bit_flip,3806224,1,SILENT,0,decode
8743,random_bytes,7837901,15,caught,66,decode
8744,zeroed_run,1138733,1874,SILENT,0,decode
8745,truncation,2902907,6686271,caught,68,decode
8746,header,523,1,SILENT,0,decode
8747,payload,8358591,1,SILENT,0,decode
8748,bit_flip,2613964,1,SILENT,0,decode
8749,random_bytes,1063172,10,caught,66,decode
8750,zeroed_run,529503,1424,SILENT,0,decode
8751,truncation,2592788,6996390,caught,68,decode
8752,header,759,1,SILENT,0,decode
8753,payload,4874223,1,SILENT,0,decode
8754,bit_flip,4245339,1,SILENT,0,decode
8755,random_bytes,906566,12,caught,66,decode
8756,zeroed_run,9040644,3653,SILENT,0,decode
8757,truncation,3541802,6047376,caught,68,decode
8758,header,206,1,SILENT,0,decode
8759,payload,9043093,1,SILENT,0,decode
8760,bit_flip,5470099,1,caught,66,decode
8761,random_bytes,1503652,16,caught,66,decode
8762,zeroed_run,1688626,2957,SILENT,0,decode
8763,truncation,5411573,4177605,caught,68,decode
8764,header,381,1,SILENT,0,decode
8765,payload,6007799,1,SILENT,0,decode
8766,bit_flip,9103569,1,caught,66,decode
8767,random_bytes,6168107,1,SILENT,0,decode
8768,zeroed_run,4150110,3030,SILENT,0,decode
8769,truncation,4271338,5317840,caught,68,decode
8770,header,177,1,SILENT,0,decode
8771,payload,3702286,1,caught,66,decode
8772,bit_flip,3756438,1,caught,66,decode
8773,random_bytes,7341880,9,caught,66,decode
8774,zeroed_run,8650452,3941,SILENT,0,decode
8775,truncation,2848626,6740552,caught,68,decode
8776,header,281,1,SILENT,0,decode
8777,payload,3501043,1,SILENT,0,decode
8778,bit_flip,7031608,1,SILENT,0,decode
8779,random_bytes,7570326,2,SILENT,0,decode
8780,zeroed_run,8679687,1373,SILENT,0,decode
8781,truncation,2795298,6793880,caught,68,decode
8782,header,606,1,SILENT,0,decode
8783,payload,9136547,1,caught,66,decode
8784,bit_flip,1564857,1,SILENT,0,decode
8785,random_bytes,1547142,5,SILENT,0,decode
8786,zeroed_run,5482142,905,SILENT,0,decode
8787,truncation,2572373,7016805,caught,68,decode
8788,header,90,1,SILENT,0,decode
8789,payload,2191604,1,SILENT,0,decode
8790,bit_flip,1490720,1,SILENT,0,decode
8791,random_bytes,8078978,14,caught,66,decode
8792,zeroed_run,9556633,941,SILENT,0,decode
8793,truncation,8556785,1032393,caught,68,decode
8794,header,98,1,SILENT,0,decode
8795,payload,7302434,1,SILENT,0,decode
8796,bit_flip,7400339,1,SILENT,0,decode
8797,random_bytes,2659120,6,caught,66,decode
8798,zeroed_run,7242500,4031,SILENT,0,decode
8799,truncation,1311002,8278176,caught,68,decode
8800,header,947,1,caught,66,decode
8801,payload,9327980,1,caught,66,decode
8802,bit_flip,6918418,1,SILENT,0,decode
8803,random_bytes,417092,15,caught,66,decode
8804,zeroed_run,3305995,2414,SILENT,0,decode
8805,truncation,954708,8634470,caught,68,decode
8806,header,789,1,SILENT,0,decode
8807,payload,5712657,1,SILENT,0,decode
8808,bit_flip,7155552,1,SILENT,0,decode
8809,random_bytes,8251594,7,SILENT,0,decode
8810,zeroed_run,1857456,776,SILENT,0,decode
8811,truncation,7413148,2176030,caught,68,decode
8812,header,979,1,SILENT,0,decode
8813,payload,5522910,1,SILENT,0,decode
8814,bit_flip,7233990,1,SILENT,0,decode
8815,random_bytes,7961896,3,SILENT,0,decode
8816,zeroed_run,575933,273,SILENT,0,decode
8817,truncation,7119976,2469202,caught,68,decode
8818,header,655,1,SILENT,0,decode
8819,payload,463111,1,SILENT,0,decode
8820,bit_flip,7280423,1,SILENT,0,decode
8821,random_bytes,9426215,2,SILENT,0,decode
8822,zeroed_run,9420510,1562,SILENT,0,decode
8823,truncation,2571356,7017822,caught,68,decode
8824,header,358,1,SILENT,0,decode
8825,payload,7974945,1,SILENT,0,decode
8826,bit_flip,3328177,1,SILENT,0,decode
8827,random_bytes,131367,16,caught,66,decode
8828,zeroed_run,624169,2045,SILENT,0,decode
8829,truncation,699154,8890024,caught,68,decode
8830,header,121,1,SILENT,0,decode
8831,payload,1378543,1,SILENT,0,decode
8832,bit_flip,4049181,1,SILENT,0,decode
8833,random_bytes,7301669,3,SILENT,0,decode
8834,zeroed_run,205952,1037,SILENT,0,decode
8835,truncation,7093452,2495726,caught,68,decode
8836,header,605,1,SILENT,0,decode
8837,payload,7135256,1,SILENT,0,decode
8838,bit_flip,1028735,1,SILENT,0,decode
8839,random_bytes,5529129,9,caught,66,decode
8840,zeroed_run,2619925,466,SILENT,0,decode
8841,truncation,4410271,5178907,caught,68,decode
8842,header,255,1,SILENT,0,decode
8843,payload,7619672,1,SILENT,0,decode
8844,bit_flip,6558281,1,SILENT,0,decode
8845,random_bytes,7228310,9,caught,66,decode
8846,zeroed_run,538753,1671,SILENT,0,decode
8847,truncation,1954661,7634517,caught,68,decode
8848,header,597,1,caught,66,decode
8849,payload,6470262,1,SILENT,0,decode
8850,bit_flip,478782,1,SILENT,0,decode
8851,random_bytes,7830736,6,caught,66,decode
8852,zeroed_run,3900780,3005,SILENT,0,decode
8853,truncation,8721485,867693,caught,68,decode
8854,header,535,1,SILENT,0,decode
8855,payload,1677302,1,caught,66,decode
8856,bit_flip,1317701,1,SILENT,0,decode
8857,random_bytes,2702330,6,SILENT,0,decode
8858,zeroed_run,1952323,2348,SILENT,0,decode
8859,truncation,6236619,3352559,caught,68,decode
8860,header,701,1,SILENT,0,decode
8861,payload,8127897,1,SILENT,0,decode
8862,bit_flip,8579806,1,SILENT,0,decode
8863,random_bytes,4282229,5,caught,66,decode
8864,zeroed_run,3523437,1731,SILENT,0,decode
8865,truncation,5367397,4221781,caught,68,decode
8866,header,912,1,SILENT,0,decode
8867,payload,1029428,1,SILENT,0,decode
8868,bit_flip,814950,1,SILENT,0,decode
8869,random_bytes,4045533,13,caught,66,decode
8870,zeroed_run,5542445,582,SILENT,0,decode
8871,truncation,6245899,3343279,caught,68,decode
8872,header,1013,1,SILENT,0,decode
8873,payload,4942343,1,SILENT,0,decode
8874,bit_flip,1056579,1,SILENT,0,decode
8875,random_bytes,8910620,11,caught,66,decode
8876,zeroed_run,5812927,141,SILENT,0,decode
8877,truncation,2098692,7490486,caught,68,decode
8878,header,60,1,SILENT,0,decode
8879,payload,8047512,1,SILENT,0,decode
8880,bit_flip,7416357,1,SILENT,0,decode
8881,random_bytes,3856214,11,caught,66,decode
8882,zeroed_run,4856688,2355,SILENT,0,decode
8883,truncation,7602220,1986958,caught,68,decode
8884,header,524,1,caught,66,decode
8885,payload,2074112,1,caught,66,decode
8886,bit_flip,1230092,1,SILENT,0,decode
8887,random_bytes,7100858,1,SILENT,0,decode
8888,zeroed_run,2176134,713,SILENT,0,decode
8889,truncation,3084984,6504194,caught,68,decode
8890,header,510,1,SILENT,0,decode
8891,payload,7283428,1,SILENT,0,decode
8892,bit_flip,6486671,1,SILENT,0,decode
8893,random_bytes,8219507,9,SILENT,0,decode
8894,zeroed_run,8558571,3958,SILENT,0,decode
8895,truncation,8387660,1201518,caught,68,decode
8896,header,735,1,SILENT,0,decode
8897,payload,824646,1,SILENT,0,decode
8898,bit_flip,5411007,1,SILENT,0,decode
8899,random_bytes,5439387,1,SILENT,0,decode
8900,zeroed_run,776239,1875,SILENT,0,decode
8901,truncation,6472299,3116879,caught,68,decode
8902,header,1005,1,SILENT,0,decode
8903,payload,1242655,1,SILENT,0,decode
8904,bit_flip,5093233,1,SILENT,0,decode
8905,random_bytes,789010,9,caught,66,decode
8906,zeroed_run,6632356,1457,SILENT,0,decode
8907,truncation,9356429,232749,caught,68,decode
8908,header,882,1,SILENT,0,decode
8909,payload,638512,1,SILENT,0,decode
8910,bit_flip,4832483,1,SILENT,0,decode
8911,random_bytes,7691317,12,caught,66,decode
8912,zeroed_run,5167763,1978,SILENT,0,decode
8913,truncation,7165688,2423490,caught,68,decode
8914,header,776,1,SILENT,0,decode
8915,payload,8090554,1,caught,66,decode
8916,bit_flip,3842601,1,caught,66,decode
8917,random_bytes,7709936,4,caught,66,decode
8918,zeroed_run,1620476,3701,SILENT,0,decode
8919,truncation,781824,8807354,caught,68,decode
8920,header,636,1,caught,66,decode
8921,payload,3747979,1,SILENT,0,decode
8922,bit_flip,8375790,1,SILENT,0,decode
8923,random_bytes,9422649,13,SILENT,0,decode
8924,zeroed_run,6544678,800,SILENT,0,decode
8925,truncation,6099690,3489488,caught,68,decode
8926,header,390,1,SILENT,0,decode
8927,payload,8801492,1,SILENT,0,decode
8928,bit_flip,1377768,1,SILENT,0,decode
8929,random_bytes,2889556,12,caught,66,decode
8930,zeroed_run,8530496,104,SILENT,0,decode
8931,truncation,4043075,5546103,caught,68,decode
8932,header,469,1,caught,66,decode
8933,payload,5952431,1,SILENT,0,decode
8934,bit_flip,5438138,1,SILENT,0,decode
8935,random_bytes,2836563,12,caught,66,decode
8936,zeroed_run,4283994,4023,SILENT,0,decode
8937,truncation,3801042,5788136,caught,68,decode
8938,header,693,1,SILENT,0,decode
8939,payload,957332,1,SILENT,0,decode
8940,bit_flip,3573474,1,SILENT,0,decode
8941,random_bytes,87441,1,caught,66,decode
8942,zeroed_run,9208619,251,SILENT,0,decode
8943,truncation,3997783,5591395,caught,68,decode
8944,header,303,1,SILENT,0,decode
8945,payload,8636049,1,caught,66,decode
8946,bit_flip,2915562,1,caught,66,decode
8947,random_bytes,3736678,5,SILENT,0,decode
8948,zeroed_run,3387491,2622,SILENT,0,decode
8949,truncation,8601493,987685,caught,68,decode
8950,header,138,1,caught,66,decode
8951,payload,8157605,1,SILENT,0,decode
8952,bit_flip,2769537,1,SILENT,0,decode
8953,random_bytes,8593133,1,SILENT,0,decode
8954,zeroed_run,6127845,3845,SILENT,0,decode
8955,truncation,7289555,2299623,caught,68,decode
8956,header,984,1,SILENT,0,decode
8957,payload,2961973,1,SILENT,0,decode
8958,bit_flip,2389303,1,SILENT,0,decode
8959,random_bytes,2284863,2,SILENT,0,decode
8960,zeroed_run,662346,3609,SILENT,0,decode
8961,truncation,7967150,1622028,caught,68,decode
8962,header,736,1,caught,66,decode
8963,payload,4999315,1,caught,66,decode
8964,bit_flip,6611836,1,caught,66,decode
8965,random_bytes,860911,2,SILENT,0,decode
8966,zeroed_run,9369967,1401,SILENT,0,decode
8967,truncation,8514741,1074437,caught,68,decode
8968,header,475,1,SILENT,0,decode
8969,payload,3256647,1,SILENT,0,decode
8970,bit_flip,2705675,1,SILENT,0,decode
8971,random_bytes,8384268,3,caught,66,decode
8972,zeroed_run,1647408,3316,SILENT,0,decode
8973,truncation,3614967,5974211,caught,68,decode
8974,header,355,1,caught,66,decode
8975,payload,8658645,1,SILENT,0,decode
8976,bit_flip,8312413,1,caught,66,decode
8977,random_bytes,2507541,2,SILENT,0,decode
8978,zeroed_run,2939045,2046,SILENT,0,decode
8979,truncation,4076190,5512988,caught,68,decode
8980,header,653,1,SILENT,0,decode
8981,payload,7165665,1,caught,66,decode
8982,bit_flip,7524454,1,SILENT,0,decode
8983,random_bytes,7309204,15,caught,66,decode
8984,zeroed_run,7838149,2050,SILENT,0,decode
8985,truncation,7743091,1846087,caught,68,decode
8986,header,25,1,SILENT,0,decode
8987,payload,3099476,1,caught,66,decode
8988,bit_flip,216579,1,SILENT,0,decode
8989,random_bytes,3808202,2,SILENT,0,decode
8990,zeroed_run,5638503,3075,SILENT,0,decode
8991,truncation,8573382,1015796,caught,68,decode
8992,header,191,1,SILENT,0,decode
8993,payload,2045105,1,caught,66,decode
8994,bit_flip,7996042,1,SILENT,0,decode
8995,random_bytes,8404276,8,SILENT,0,decode
8996,zeroed_run,7188773,3921,caught,66,decode
8997,truncation,5349958,4239220,caught,68,decode
8998,header,877,1,SILENT,0,decode
8999,payload,8501085,1,SILENT,0,decode
9000,bit_flip,1729435,1,caught,66,decode
9001,random_bytes,4070732,8,SILENT,0,decode
9002,zeroed_run,1067198,239,caught,66,decode
9003,truncation,6682308,2906870,caught,68,decode
9004,header,594,1,caught,66,decode
9005,payload,3993211,1,SILENT,0,decode
9006,bit_flip,8589529,1,caught,66,decode
9007,random_bytes,4438293,8,SILENT,0,decode
9008,zeroed_run,8451140,156,SILENT,0,decode
9009,truncation,969233,8619945,caught,68,decode
9010,header,917,1,SILENT,0,decode
9011,payload,5288996,1,SILENT,0,decode
9012,bit_flip,3437437,1,SILENT,0,decode
9013,random_bytes,6623009,13,SILENT,0,decode
9014,zeroed_run,3862441,674,SILENT,0,decode
9015,truncation,4102926,5486252,caught,68,decode
9016,header,812,1,caught,66,decode
9017,payload,5031464,1,SILENT,0,decode
9018,bit_flip,6536290,1,SILENT,0,decode
9019,random_bytes,1680900,1,SILENT,0,decode
9020,zeroed_run,6605935,2494,SILENT,0,decode
9021,truncation,617695,8971483,caught,68,decode
9022,header,479,1,SILENT,0,decode
9023,payload,3993769,1,SILENT,0,decode
9024,bit_flip,1803475,1,SILENT,0,decode
9025,random_bytes,8157041,8,SILENT,0,decode
9026,zeroed_run,248877,2706,SILENT,0,decode
9027,truncation,2136954,7452224,caught,68,decode
9028,header,732,1,SILENT,0,decode
9029,payload,5481587,1,SILENT,0,decode
9030,bit_flip,7106159,1,caught,66,decode
9031,random_bytes,9142643,5,caught,66,decode
9032,zeroed_run,4038055,2252,SILENT,0,decode
9033,truncation,9308680,280498,caught,68,decode
9034,header,130,1,SILENT,0,decode
9035,payload,4802741,1,SILENT,0,decode
9036,bit_flip,9375462,1,SILENT,0,decode
9037,random_bytes,3695766,11,caught,66,decode
9038,zeroed_run,4190767,1233,SILENT,0,decode
9039,truncation,6560298,3028880,caught,68,decode
9040,header,2,1,caught,44,decode
9041,payload,7942610,1,SILENT,0,decode
9042,bit_flip,3734903,1,SILENT,0,decode
9043,random_bytes,3547449,16,caught,66,decode
9044,zeroed_run,2812801,1611,SILENT,0,decode
9045,truncation,4722805,4866373,caught,68,decode
9046,header,740,1,SILENT,0,decode
9047,payload,2511619,1,SILENT,0,decode
9048,bit_flip,8326246,1,SILENT,0,decode
9049,random_bytes,8194668,7,SILENT,0,decode
9050,zeroed_run,1879198,686,SILENT,0,decode
9051,truncation,4829881,4759297,caught,68,decode
9052,header,525,1,caught,66,decode
9053,payload,92411,1,SILENT,0,decode
9054,bit_flip,7010550,1,SILENT,0,decode
9055,random_bytes,131340,6,caught,66,decode
9056,zeroed_run,5160934,2254,SILENT,0,decode
9057,truncation,3708430,5880748,caught,68,decode
9058,header,291,1,SILENT,0,decode
9059,payload,9460361,1,SILENT,0,decode
9060,bit_flip,6780355,1,SILENT,0,decode
9061,random_bytes,7806383,9,caught,66,decode
9062,zeroed_run,9303983,1723,SILENT,0,decode
9063,truncation,4080099,5509079,caught,68,decode
9064,header,412,1,SILENT,0,decode
9065,payload,4377729,1,SILENT,0,decode
9066,bit_flip,3307815,1,SILENT,0,decode
9067,random_bytes,8209809,12,SILENT,0,decode
9068,zeroed_run,5740373,1626,SILENT,0,decode
9069,truncation,1398604,8190574,caught,68,decode
9070,header,735,1,SILENT,0,decode
9071,payload,2414504,1,caught,66,decode
9072,bit_flip,3746492,1,SILENT,0,decode
9073,random_bytes,9069396,2,SILENT,0,decode
9074,zeroed_run,8544756,1126,SILENT,0,decode
9075,truncation,9349268,239910,caught,68,decode
9076,header,886,1,SILENT,0,decode
9077,payload,4493742,1,SILENT,0,decode
9078,bit_flip,3188081,1,SILENT,0,decode
9079,random_bytes,6800181,7,SILENT,0,decode
9080,zeroed_run,6129506,2770,SILENT,0,decode
9081,truncation,1229069,8360109,caught,68,decode
9082,header,937,1,SILENT,0,decode
9083,payload,2043243,1,caught,66,decode
9084,bit_flip,4534763,1,SILENT,0,decode
9085,random_bytes,2468115,11,caught,66,decode
9086,zeroed_run,3122721,2447,SILENT,0,decode
9087,truncation,9472656,116522,caught,68,decode
9088,header,186,1,caught,66,decode
9089,payload,79756,1,SILENT,0,decode
9090,bit_flip,9183689,1,SILENT,0,decode
9091,random_bytes,4003111,9,SILENT,0,decode
9092,zeroed_run,7992621,372,SILENT,0,decode
9093,truncation,661166,8928012,caught,68,decode
9094,header,963,1,SILENT,0,decode
9095,payload,2787339,1,SILENT,0,decode
9096,bit_flip,5576701,1,SILENT,0,decode
9097,random_bytes,2997125,12,caught,66,decode
9098,zeroed_run,5150695,3092,SILENT,0,decode
9099,truncation,6307442,3281736,caught,68,decode
9100,header,713,1,caught,66,decode
9101,payload,2319347,1,SILENT,0,decode
9102,bit_flip,1440526,1,SILENT,0,decode
9103,random_bytes,4957161,13,SILENT,0,decode
9104,zeroed_run,8597241,1289,SILENT,0,decode
9105,truncation,4782850,4806328,caught,68,decode
9106,header,708,1,caught,66,decode
9107,payload,8100417,1,SILENT,0,decode
9108,bit_flip,5591617,1,SILENT,0,decode
9109,random_bytes,2839710,8,caught,66,decode
9110,zeroed_run,2939182,2639,SILENT,0,decode
9111,truncation,8042078,1547100,caught,68,decode
9112,header,121,1,SILENT,0,decode
9113,payload,7469058,1,SILENT,0,decode
9114,bit_flip,2785297,1,caught,66,decode
9115,random_bytes,9067047,9,SILENT,0,decode
9116,zeroed_run,1286860,825,SILENT,0,decode
9117,truncation,4697412,4891766,caught,68,decode
9118,header,344,1,SILENT,0,decode
9119,payload,8898277,1,SILENT,0,decode
9120,bit_flip,7898836,1,SILENT,0,decode
9121,random_bytes,501170,9,caught,66,decode
9122,zeroed_run,769470,2778,SILENT,0,decode
9123,truncation,1668930,7920248,caught,68,decode
9124,header,130,1,SILENT,0,decode
9125,payload,284983,1,SILENT,0,decode
9126,bit_flip,7158230,1,SILENT,0,decode
9127,random_bytes,782664,7,caught,66,decode
9128,zeroed_run,1029342,4076,SILENT,0,decode
9129,truncation,4306098,5283080,caught,68,decode
9130,header,168,1,SILENT,0,decode
9131,payload,2128951,1,harmless,0,decode
9132,bit_flip,8032348,1,caught,66,decode
9133,random_bytes,1787463,7,SILENT,0,decode
9134,zeroed_run,6970540,285,SILENT,0,decode
9135,truncation,1162043,8427135,caught,68,decode
9136,header,916,1,SILENT,0,decode
9137,payload,5783032,1,SILENT,0,decode
9138,bit_flip,7037380,1,caught,66,decode
9139,random_bytes,2780757,8,caught,66,decode
9140,zeroed_run,1023237,1630,SILENT,0,decode
9141,truncation,2864530,6724648,caught,68,decode
9142,header,31,1,SILENT,0,decode
9143,payload,3518063,1,SILENT,0,decode
9144,bit_flip,9475829,1,SILENT,0,decode
9145,random_bytes,7827899,2,SILENT,0,decode
9146,zeroed_run,7666655,3397,SILENT,0,decode
9147,truncation,908002,8681176,caught,68,decode
9148,header,626,1,SILENT,0,decode
9149,payload,6820926,1,SILENT,0,decode
9150,bit_flip,1384695,1,caught,66,decode
9151,random_bytes,7121714,13,caught,66,decode
9152,zeroed_run,5586219,1898,SILENT,0,decode
9153,truncation,1689759,7899419,caught,68,decode
9154,header,492,1,caught,66,decode
9155,payload,9058727,1,SILENT,0,decode
9156,bit_flip,5490582,1,caught,66,decode
9157,random_bytes,6303862,11,caught,66,decode
9158,zeroed_run,1756658,3601,SILENT,0,decode
9159,truncation,412123,9177055,caught,68,decode
9160,header,501,1,SILENT,0,decode
9161,payload,4157734,1,SILENT,0,decode
9162,bit_flip,3583799,1,caught,66,decode
9163,random_bytes,6712356,5,caught,66,decode
9164,zeroed_run,5019938,597,SILENT,0,decode
9165,truncation,1138500,8450678,caught,68,decode
9166,header,824,1,SILENT,0,decode
9167,payload,8107256,1,SILENT,0,decode
9168,bit_flip,9566858,1,SILENT,0,decode
9169,random_bytes,5001086,8,caught,66,decode
9170,zeroed_run,272718,1225,SILENT,0,decode
9171,truncation,1805198,7783980,caught,68,decode
9172,header,25,1,SILENT,0,decode
9173,payload,9333482,1,SILENT,0,decode
9174,bit_flip,8741934,1,SILENT,0,decode
9175,random_bytes,6377570,12,SILENT,0,decode
9176,zeroed_run,6821954,897,SILENT,0,decode
9177,truncation,2787785,6801393,caught,68,decode
9178,header,340,1,SILENT,0,decode
9179,payload,5717915,1,SILENT,0,decode
9180,bit_flip,1344835,1,SILENT,0,decode
9181,random_bytes,477086,12,SILENT,0,decode
9182,zeroed_run,6847794,1609,SILENT,0,decode
9183,truncation,7294939,2294239,caught,68,decode
9184,header,962,1,SILENT,0,decode
9185,payload,6880047,1,SILENT,0,decode
9186,bit_flip,4079942,1,caught,66,decode
9187,random_bytes,8471918,14,caught,66,decode
9188,zeroed_run,2378508,1848,SILENT,0,decode
9189,truncation,2099702,7489476,caught,68,decode
9190,header,492,1,caught,66,decode
9191,payload,1161049,1,caught,66,decode
9192,bit_flip,6832815,1,SILENT,0,decode
9193,random_bytes,4018643,7,caught,66,decode
9194,zeroed_run,521189,1166,SILENT,0,decode
9195,truncation,1314366,8274812,caught,68,decode
9196,header,681,1,SILENT,0,decode
9197,payload,1932007,1,SILENT,0,decode
9198,bit_flip,4481219,1,SILENT,0,decode
9199,random_bytes,3935983,9,caught,66,decode
9200,zeroed_run,4857570,4053,SILENT,0,decode
9201,truncation,5365328,4223850,caught,68,decode
9202,header,284,1,SILENT,0,decode
9203,payload,354324,1,SILENT,0,decode
9204,bit_flip,1434607,1,SILENT,0,decode
9205,random_bytes,6110545,10,SILENT,0,decode
9206,zeroed_run,3515170,1718,SILENT,0,decode
9207,truncation,6628515,2960663,caught,68,decode
9208,header,82,1,SILENT,0,decode
9209,payload,6355683,1,caught,66,decode
9210,bit_flip,9346797,1,SILENT,0,decode
9211,random_bytes,3827192,14,SILENT,0,decode
9212,zeroed_run,8013983,1035,SILENT,0,decode
9213,truncation,7531203,2057975,caught,68,decode
9214,header,1002,1,SILENT,0,decode
9215,payload,3864006,1,SILENT,0,decode
9216,bit_flip,4160846,1,SILENT,0,decode
9217,random_bytes,2011802,7,caught,66,decode
9218,zeroed_run,6122644,751,SILENT,0,decode
9219,truncation,7586122,2003056,caught,68,decode
9220,header,691,1,SILENT,0,decode
9221,payload,9285120,1,SILENT,0,decode
9222,bit_flip,815600,1,SILENT,0,decode
9223,random_bytes,735700,15,SILENT,0,decode
9224,zeroed_run,6210870,229,SILENT,0,decode
9225,truncation,2462788,7126390,caught,68,decode
9226,header,440,1,caught,66,decode
9227,payload,7635172,1,SILENT,0,decode
9228,bit_flip,7292209,1,SILENT,0,decode
9229,random_bytes,9320535,3,SILENT,0,decode
9230,zeroed_run,7362404,3650,SILENT,0,decode
9231,truncation,6604638,2984540,caught,68,decode
9232,header,947,1,caught,66,decode
9233,payload,3623526,1,SILENT,0,decode
9234,bit_flip,2689369,1,SILENT,0,decode
9235,random_bytes,8844241,1,SILENT,0,decode
9236,zeroed_run,4893950,248,SILENT,0,decode
9237,truncation,8171349,1417829,caught,68,decode
9238,header,331,1,caught,66,decode
9239,payload,4751541,1,SILENT,0,decode
9240,bit_flip,8893203,1,caught,66,decode
9241,random_bytes,8610904,13,SILENT,0,decode
9242,zeroed_run,2118756,4026,SILENT,0,decode
9243,truncation,5275435,4313743,caught,68,decode
9244,header,805,1,SILENT,0,decode
9245,payload,8230407,1,caught,66,decode
9246,bit_flip,8576568,1,SILENT,0,decode
9247,random_bytes,3468815,13,caught,66,decode
9248,zeroed_run,8772858,2679,SILENT,0,decode
9249,truncation,6176276,3412902,caught,68,decode
9250,header,825,1,caught,66,decode
9251,payload,9067181,1,caught,66,decode
9252,bit_flip,1194084,1,SILENT,0,decode
9253,random_bytes,5954332,2,caught,66,decode
9254,zeroed_run,4391178,1449,SILENT,0,decode
9255,truncation,7507090,2082088,caught,68,decode
9256,header,270,1,SILENT,0,decode
9257,payload,748697,1,SILENT,0,decode
9258,bit_flip,1553829,1,SILENT,0,decode
9259,random_bytes,6830591,3,SILENT,0,decode
9260,zeroed_run,3806077,482,SILENT,0,decode
9261,truncation,7815126,1774052,caught,68,decode
9262,header,518,1,caught,66,decode
9263,payload,194338,1,SILENT,0,decode
9264,bit_flip,9373195,1,SILENT,0,decode
9265,random_bytes,6248323,16,caught,66,decode
9266,zeroed_run,4670126,3387,SILENT,0,decode
9267,truncation,3617680,5971498,caught,68,decode
9268,header,677,1,caught,66,decode
9269,payload,7865370,1,SILENT,0,decode
9270,bit_flip,1225390,1,caught,66,decode
9271,random_bytes,4420169,8,SILENT,0,decode
9272,zeroed_run,1978786,3514,SILENT,0,decode
9273,truncation,5522178,4067000,caught,68,decode
9274,header,132,1,SILENT,0,decode
9275,payload,4014914,1,SILENT,0,decode
9276,bit_flip,4283280,1,SILENT,0,decode
9277,random_bytes,8676219,9,caught,66,decode
9278,zeroed_run,4512050,1682,SILENT,0,decode
9279,truncation,1034206,8554972,caught,68,decode
9280,header,626,1,SILENT,0,decode
9281,payload,2585594,1,SILENT,0,decode
9282,bit_flip,6942309,1,SILENT,0,decode
9283,random_bytes,7253681,4,caught,66,decode
9284,zeroed_run,6323016,2734,SILENT,0,decode
9285,truncation,4344720,5244458,caught,68,decode
9286,header,962,1,SILENT,0,decode
9287,payload,1734654,1,caught,66,decode
9288,bit_flip,5798216,1,SILENT,0,decode
9289,random_bytes,6563720,10,caught,66,decode
9290,zeroed_run,3852781,2003,SILENT,0,decode
9291,truncation,7594344,1994834,caught,68,decode
9292,header,582,1,SILENT,0,decode
9293,payload,4926752,1,SILENT,0,decode
9294,bit_flip,4899441,1,caught,66,decode
9295,random_bytes,4525784,9,SILENT,0,decode
9296,zeroed_run,6725599,3633,SILENT,0,decode
9297,truncation,5099685,4489493,caught,68,decode
9298,header,618,1,SILENT,0,decode
9299,payload,2647553,1,SILENT,0,decode
9300,bit_flip,3274634,1,SILENT,0,decode
9301,random_bytes,3863283,15,SILENT,0,decode
9302,zeroed_run,7813526,121,SILENT,0,decode
9303,truncation,9168929,420249,caught,68,decode
9304,header,256,1,SILENT,0,decode
9305,payload,3675364,1,SILENT,0,decode
9306,bit_flip,5898166,1,SILENT,0,decode
9307,random_bytes,8462194,11,SILENT,0,decode
9308,zeroed_run,2204712,2544,SILENT,0,decode
9309,truncation,6489849,3099329,caught,68,decode
9310,header,270,1,SILENT,0,decode
9311,payload,5554465,1,SILENT,0,decode
9312,bit_flip,4886416,1,SILENT,0,decode
9313,random_bytes,3061676,11,SILENT,0,decode
9314,zeroed_run,2031931,3497,SILENT,0,decode
9315,truncation,8376351,1212827,caught,68,decode
9316,header,52,1,SILENT,0,decode
9317,payload,2297440,1,SILENT,0,decode
9318,bit_flip,5699783,1,SILENT,0,decode
9319,random_bytes,4338836,16,caught,66,decode
9320,zeroed_run,3322110,3508,SILENT,0,decode
9321,truncation,6377326,3211852,caught,68,decode
9322,header,690,1,caught,66,decode
9323,payload,6302568,1,SILENT,0,decode
9324,bit_flip,5805944,1,SILENT,0,decode
9325,random_bytes,9150725,13,SILENT,0,decode
9326,zeroed_run,6320697,1470,SILENT,0,decode
9327,truncation,8228886,1360292,caught,68,decode
9328,header,856,1,SILENT,0,decode
9329,payload,7828842,1,SILENT,0,decode
9330,bit_flip,1246288,1,SILENT,0,decode
9331,random_bytes,7596120,9,caught,66,decode
9332,zeroed_run,4997774,1264,SILENT,0,decode
9333,truncation,6148214,3440964,caught,68,decode
9334,header,50,1,SILENT,0,decode
9335,payload,5249478,1,SILENT,0,decode
9336,bit_flip,612076,1,SILENT,0,decode
9337,random_bytes,5967370,10,caught,66,decode
9338,zeroed_run,4115252,2600,SILENT,0,decode
9339,truncation,1848078,7741100,caught,68,decode
9340,header,712,1,caught,66,decode
9341,payload,8142555,1,SILENT,0,decode
9342,bit_flip,9372075,1,SILENT,0,decode
9343,random_bytes,4758615,10,SILENT,0,decode
9344,zeroed_run,4390424,496,SILENT,0,decode
9345,truncation,2127779,7461399,caught,68,decode
9346,header,324,1,SILENT,0,decode
9347,payload,3670617,1,caught,66,decode
9348,bit_flip,4370601,1,SILENT,0,decode
9349,random_bytes,1891724,10,SILENT,0,decode
9350,zeroed_run,4863468,3565,SILENT,0,decode
9351,truncation,485539,9103639,caught,68,decode
9352,header,170,1,SILENT,0,decode
9353,payload,5749266,1,caught,66,decode
9354,bit_flip,5451807,1,caught,66,decode
9355,random_bytes,8768715,15,caught,66,decode
9356,zeroed_run,3662064,958,SILENT,0,decode
9357,truncation,2359960,7229218,caught,68,decode
9358,header,680,1,SILENT,0,decode
9359,payload,1581418,1,caught,66,decode
9360,bit_flip,1608650,1,SILENT,0,decode
9361,random_bytes,6907527,4,caught,66,decode
9362,zeroed_run,3169750,1166,SILENT,0,decode
9363,truncation,6826788,2762390,caught,68,decode
9364,header,17,1,SILENT,0,decode
9365,payload,5725777,1,SILENT,0,decode
9366,bit_flip,7823634,1,SILENT,0,decode
9367,random_bytes,5823761,12,SILENT,0,decode
9368,zeroed_run,6358776,1431,SILENT,0,decode
9369,truncation,3664384,5924794,caught,68,decode
9370,header,951,1,SILENT,0,decode
9371,payload,7558418,1,SILENT,0,decode
9372,bit_flip,562025,1,SILENT,0,decode
9373,random_bytes,4532010,15,caught,66,decode
9374,zeroed_run,7870743,3022,SILENT,0,decode
9375,truncation,6477381,3111797,caught,68,decode
9376,header,467,1,SILENT,0,decode
9377,payload,3209968,1,SILENT,0,decode
9378,bit_flip,2227974,1,caught,66,decode
9379,random_bytes,1532968,2,caught,66,decode
9380,zeroed_run,1078566,3497,SILENT,0,decode
9381,truncation,8838227,750951,caught,68,decode
9382,header,965,1,SILENT,0,decode
9383,payload,6447383,1,SILENT,0,decode
9384,bit_flip,3012533,1,SILENT,0,decode
9385,random_bytes,7920658,14,caught,66,decode
9386,zeroed_run,856107,3258,SILENT,0,decode
9387,truncation,626891,8962287,caught,68,decode
9388,header,161,1,SILENT,0,decode
9389,payload,7994028,1,SILENT,0,decode
9390,bit_flip,3478267,1,SILENT,0,decode
9391,random_bytes,4861570,11,SILENT,0,decode
9392,zeroed_run,634714,2309,SILENT,0,decode
9393,truncation,602524,8986654,caught,68,decode
9394,header,673,1,SILENT,0,decode
9395,payload,193695,1,caught,66,decode
9396,bit_flip,4694580,1,caught,66,decode
9397,random_bytes,8598037,6,SILENT,0,decode
9398,zeroed_run,9097530,2444,SILENT,0,decode
9399,truncation,8412787,1176391,caught,68,decode
9400,header,488,1,caught,66,decode
9401,payload,448908,1,SILENT,0,decode
9402,bit_flip,7362405,1,SILENT,0,decode
9403,random_bytes,9408182,10,caught,66,decode
9404,zeroed_run,2240896,720,SILENT,0,decode
9405,truncation,9299007,290171,caught,68,decode
9406,header,784,1,caught,66,decode
9407,payload,1467101,1,caught,66,decode
9408,bit_flip,5219943,1,SILENT,0,decode
9409,random_bytes,4887797,2,SILENT,0,decode
9410,zeroed_run,1000672,1792,SILENT,0,decode
9411,truncation,8350394,1238784,caught,68,decode
9412,header,589,1,SILENT,0,decode
9413,payload,1076100,1,SILENT,0,decode
9414,bit_flip,6465157,1,SILENT,0,decode
9415,random_bytes,7540230,11,caught,66,decode
9416,zeroed_run,4320950,3908,SILENT,0,decode
9417,truncation,1851237,7737941,caught,68,decode
9418,header,642,1,caught,66,decode
9419,payload,2936607,1,SILENT,0,decode
9420,bit_flip,2001946,1,caught,66,decode
9421,random_bytes,678522,10,SILENT,0,decode
9422,zeroed_run,9067077,183,SILENT,0,decode
9423,truncation,2533589,7055589,caught,68,decode
9424,header,458,1,SILENT,0,decode
9425,payload,7257572,1,caught,66,decode
9426,bit_flip,2611142,1,SILENT,0,decode
9427,random_bytes,2175502,16,SILENT,0,decode
9428,zeroed_run,1607124,528,SILENT,0,decode
9429,truncation,4684879,4904299,caught,68,decode
9430,header,180,1,SILENT,0,decode
9431,payload,394020,1,caught,66,decode
9432,bit_flip,8289307,1,SILENT,0,decode
9433,random_bytes,4476085,12,caught,66,decode
9434,zeroed_run,8982964,3720,SILENT,0,decode
9435,truncation,7088913,2500265,caught,68,decode
9436,header,996,1,caught,66,decode
9437,payload,8635581,1,SILENT,0,decode
9438,bit_flip,5535417,1,SILENT,0,decode
9439,random_bytes,1019349,16,SILENT,0,decode
9440,zeroed_run,1725628,2617,SILENT,0,decode
9441,truncation,7600369,1988809,caught,68,decode
9442,header,693,1,SILENT,0,decode
9443,payload,2213686,1,SILENT,0,decode
9444,bit_flip,1380334,1,SILENT,0,decode
9445,random_bytes,224442,13,SILENT,0,decode
9446,zeroed_run,7838905,2088,SILENT,0,decode
9447,truncation,5369710,4219468,caught,68,decode
9448,header,353,1,SILENT,0,decode
9449,payload,7909220,1,SILENT,0,decode
9450,bit_flip,4316219,1,SILENT,0,decode
9451,random_bytes,4701319,3,SILENT,0,decode
9452,zeroed_run,1068048,775,SILENT,0,decode
9453,truncation,7074794,2514384,caught,68,decode
9454,header,253,1,SILENT,0,decode
9455,payload,331012,1,SILENT,0,decode
9456,bit_flip,472587,1,caught,66,decode
9457,random_bytes,9207879,7,caught,66,decode
9458,zeroed_run,2087399,1372,SILENT,0,decode
9459,truncation,7737494,1851684,caught,68,decode
9460,header,625,1,SILENT,0,decode
9461,payload,4485748,1,caught,66,decode
9462,bit_flip,3517531,1,SILENT,0,decode
9463,random_bytes,358794,7,SILENT,0,decode
9464,zeroed_run,9063804,2635,SILENT,0,decode
9465,truncation,8635303,953875,caught,68,decode
9466,header,316,1,SILENT,0,decode
9467,payload,5390543,1,SILENT,0,decode
9468,bit_flip,1563003,1,SILENT,0,decode
9469,random_bytes,8059372,8,SILENT,0,decode
9470,zeroed_run,736575,586,SILENT,0,decode
9471,truncation,3915858,5673320,caught,68,decode
9472,header,322,1,caught,66,decode
9473,payload,4653140,1,SILENT,0,decode
9474,bit_flip,6579834,1,SILENT,0,decode
9475,random_bytes,2071130,7,caught,66,decode
9476,zeroed_run,2632412,2045,SILENT,0,decode
9477,truncation,5188117,4401061,caught,68,decode
9478,header,525,1,caught,66,decode
9479,payload,5294620,1,caught,66,decode
9480,bit_flip,1833935,1,SILENT,0,decode
9481,random_bytes,5068542,10,SILENT,0,decode
9482,zeroed_run,2456061,175,SILENT,0,decode
9483,truncation,5234988,4354190,caught,68,decode
9484,header,509,1,SILENT,0,decode
9485,payload,1696680,1,SILENT,0,decode
9486,bit_flip,8531343,1,SILENT,0,decode
9487,random_bytes,1495002,9,caught,66,decode
9488,zeroed_run,8290234,4059,SILENT,0,decode
9489,truncation,1550724,8038454,caught,68,decode
9490,header,153,1,SILENT,0,decode
9491,payload,4263333,1,SILENT,0,decode
9492,bit_flip,428614,1,SILENT,0,decode
9493,random_bytes,6751134,1,SILENT,0,decode
9494,zeroed_run,4940968,1653,SILENT,0,decode
9495,truncation,2636957,6952221,caught,68,decode
9496,header,302,1,SILENT,0,decode
9497,payload,264886,1,SILENT,0,decode
9498,bit_flip,3561141,1,SILENT,0,decode
9499,random_bytes,3160235,13,caught,66,decode
9500,zeroed_run,3138913,3236,SILENT,0,decode
9501,truncation,4987085,4602093,caught,68,decode
9502,header,306,1,caught,66,decode
9503,payload,303620,1,caught,66,decode
9504,bit_flip,4144244,1,SILENT,0,decode
9505,random_bytes,5359425,11,caught,66,decode
9506,zeroed_run,953089,2797,SILENT,0,decode
9507,truncation,8668341,920837,caught,68,decode
9508,header,287,1,SILENT,0,decode
9509,payload,446664,1,caught,66,decode
9510,bit_flip,4060787,1,SILENT,0,decode
9511,random_bytes,4830068,3,caught,66,decode
9512,zeroed_run,8702976,2612,SILENT,0,decode
9513,truncation,657410,8931768,caught,68,decode
9514,header,739,1,SILENT,0,decode
9515,payload,5773777,1,SILENT,0,decode
9516,bit_flip,8907679,1,caught,66,decode
9517,random_bytes,2102517,4,SILENT,0,decode
9518,zeroed_run,9568382,1983,SILENT,0,decode
9519,truncation,5626055,3963123,caught,68,decode
9520,header,73,1,SILENT,0,decode
9521,payload,1031022,1,SILENT,0,decode
9522,bit_flip,2118420,1,SILENT,0,decode
9523,random_bytes,7495377,3,caught,66,decode
9524,zeroed_run,567436,3145,SILENT,0,decode
9525,truncation,2863692,6725486,caught,68,decode
9526,header,762,1,SILENT,0,decode
9527,payload,2400811,1,caught,66,decode
9528,bit_flip,1339621,1,SILENT,0,decode
9529,random_bytes,5574280,4,caught,66,decode
9530,zeroed_run,8461732,3767,SILENT,0,decode
9531,truncation,5106290,4482888,caught,68,decode
9532,header,475,1,SILENT,0,decode
9533,payload,8875741,1,SILENT,0,decode
9534,bit_flip,1778155,1,SILENT,0,decode
9535,random_bytes,6677452,8,caught,66,decode
9536,zeroed_run,2305530,3388,SILENT,0,decode
9537,truncation,7805121,1784057,caught,68,decode
9538,header,441,1,SILENT,0,decode
9539,payload,5482576,1,SILENT,0,decode
9540,bit_flip,3941972,1,SILENT,0,decode
9541,random_bytes,3889647,5,SILENT,0,decode
9542,zeroed_run,7382545,3506,SILENT,0,decode
9543,truncation,5338650,4250528,caught,68,decode
9544,header,408,1,SILENT,0,decode
9545,payload,6441634,1,SILENT,0,decode
9546,bit_flip,3302817,1,caught,66,decode
9547,random_bytes,449184,9,caught,66,decode
9548,zeroed_run,7113383,1834,SILENT,0,decode
9549,truncation,8517961,1071217,caught,68,decode
9550,header,6,1,caught,66,decode
9551,payload,7661798,1,SILENT,0,decode
9552,bit_flip,7760061,1,SILENT,0,decode
9553,random_bytes,3753832,3,SILENT,0,decode
9554,zeroed_run,5764802,293,SILENT,0,decode
9555,truncation,1453710,8135468,caught,68,decode
9556,header,884,1,caught,66,decode
9557,payload,4248552,1,SILENT,0,decode
9558,bit_flip,3788284,1,SILENT,0,decode
9559,random_bytes,7186974,12,caught,66,decode
9560,zeroed_run,1008930,3271,SILENT,0,decode
9561,truncation,5284363,4304815,caught,68,decode
9562,header,153,1,SILENT,0,decode
9563,payload,5679874,1,SILENT,0,decode
9564,bit_flip,3132053,1,SILENT,0,decode
9565,random_bytes,6938746,2,SILENT,0,decode
9566,zeroed_run,5332345,2062,SILENT,0,decode
9567,truncation,4091521,5497657,caught,68,decode
9568,header,541,1,caught,66,decode
9569,payload,6045618,1,SILENT,0,decode
9570,bit_flip,6443503,1,SILENT,0,decode
9571,random_bytes,5650733,16,caught,66,decode
9572,zeroed_run,6143508,310,SILENT,0,decode
9573,truncation,1518122,8071056,caught,68,decode
9574,header,599,1,SILENT,0,decode
9575,payload,6024718,1,SILENT,0,decode
9576,bit_flip,2007929,1,SILENT,0,decode
9577,random_bytes,9507229,1,caught,66,decode
9578,zeroed_run,1254687,170,SILENT,0,decode
9579,truncation,8810542,778636,caught,68,decode
9580,header,841,1,SILENT,0,decode
9581,payload,8127390,1,SILENT,0,decode
9582,bit_flip,2916499,1,SILENT,0,decode
9583,random_bytes,4757989,15,caught,66,decode
9584,zeroed_run,4505352,980,SILENT,0,decode
9585,truncation,3197035,6392143,caught,68,decode
9586,header,240,1,SILENT,0,decode
9587,payload,9361426,1,caught,66,decode
9588,bit_flip,5797697,1,SILENT,0,decode
9589,random_bytes,4652,4,caught,66,decode
9590,zeroed_run,8944887,4049,SILENT,0,decode
9591,truncation,6965246,2623932,caught,68,decode
9592,header,365,1,caught,66,decode
9593,payload,8416764,1,SILENT,0,decode
9594,bit_flip,2492162,1,SILENT,0,decode
9595,random_bytes,7003279,10,SILENT,0,decode
9596,zeroed_run,1661018,3661,SILENT,0,decode
9597,truncation,2207808,7381370,caught,68,decode
9598,header,396,1,caught,66,decode
9599,payload,7148098,1,SILENT,0,decode
9600,bit_flip,113783,1,SILENT,0,decode
9601,random_bytes,6233523,2,SILENT,0,decode
9602,zeroed_run,3145629,3899,SILENT,0,decode
9603,truncation,6552224,3036954,caught,68,decode
9604,header,938,1,SILENT,0,decode
9605,payload,7242927,1,SILENT,0,decode
9606,bit_flip,5641374,1,SILENT,0,decode
9607,random_bytes,4397680,2,caught,66,decode
9608,zeroed_run,211982,3780,SILENT,0,decode
9609,truncation,611338,8977840,caught,68,decode
9610,header,883,1,SILENT,0,decode
9611,payload,9420906,1,caught,66,decode
9612,bit_flip,7645566,1,SILENT,0,decode
9613,random_bytes,3094198,8,SILENT,0,decode
9614,zeroed_run,7016620,3560,SILENT,0,decode
9615,truncation,2295500,7293678,caught,68,decode
9616,header,629,1,caught,66,decode
9617,payload,1115245,1,caught,66,decode
9618,bit_flip,3710912,1,SILENT,0,decode
9619,random_bytes,459673,3,caught,66,decode
9620,zeroed_run,8036599,3997,SILENT,0,decode
9621,truncation,9334504,254674,caught,68,decode
9622,header,533,1,SILENT,0,decode
9623,payload,7367395,1,SILENT,0,decode
9624,bit_flip,6124700,1,SILENT,0,decode
9625,random_bytes,1065651,16,SILENT,0,decode
9626,zeroed_run,1756116,1681,SILENT,0,decode
9627,truncation,7433133,2156045,caught,68,decode
9628,header,179,1,SILENT,0,decode
9629,payload,6183727,1,SILENT,0,decode
9630,bit_flip,1064210,1,SILENT,0,decode
9631,random_bytes,2735472,1,SILENT,0,decode
9632,zeroed_run,6037401,2370,SILENT,0,decode
9633,truncation,120776,9468402,caught,68,decode
9634,header,720,1,caught,66,decode
9635,payload,2631413,1,caught,66,decode
9636,bit_flip,2954875,1,caught,66,decode
9637,random_bytes,8352363,8,SILENT,0,decode
9638,zeroed_run,7473609,3176,SILENT,0,decode
9639,truncation,6849641,2739537,caught,68,decode
9640,header,518,1,caught,66,decode
9641,payload,5768748,1,SILENT,0,decode
9642,bit_flip,4505420,1,SILENT,0,decode
9643,random_bytes,7755831,7,SILENT,0,decode
9644,zeroed_run,9136978,41,caught,66,decode
9645,truncation,84309,9504869,caught,68,decode
9646,header,392,1,SILENT,0,decode
9647,payload,2003413,1,caught,66,decode
9648,bit_flip,2663750,1,SILENT,0,decode
9649,random_bytes,8573861,7,caught,66,decode
9650,zeroed_run,9509278,729,SILENT,0,decode
9651,truncation,6974323,2614855,caught,68,decode
9652,header,605,1,SILENT,0,decode
9653,payload,5044607,1,SILENT,0,decode
9654,bit_flip,3845405,1,SILENT,0,decode
9655,random_bytes,3828545,2,SILENT,0,decode
9656,zeroed_run,8828673,2581,SILENT,0,decode
9657,truncation,3433239,6155939,caught,68,decode
9658,header,515,1,SILENT,0,decode
9659,payload,8539026,1,SILENT,0,decode
9660,bit_flip,545186,1,SILENT,0,decode
9661,random_bytes,9366926,13,caught,66,decode
9662,zeroed_run,2395155,1775,caught,66,decode
9663,truncation,3664183,5924995,caught,68,decode
9664,header,443,1,SILENT,0,decode
9665,payload,9313704,1,SILENT,0,decode
9666,bit_flip,8406647,1,SILENT,0,decode
9667,random_bytes,3365242,7,caught,66,decode
9668,zeroed_run,6704391,2598,SILENT,0,decode
9669,truncation,2691289,6897889,caught,68,decode
9670,header,199,1,SILENT,0,decode
9671,payload,9349750,1,SILENT,0,decode
9672,bit_flip,4124837,1,SILENT,0,decode
9673,random_bytes,4068452,14,caught,66,decode
9674,zeroed_run,8710113,133,SILENT,0,decode
9675,truncation,196602,9392576,caught,68,decode
9676,header,745,1,SILENT,0,decode
9677,payload,5401063,1,SILENT,0,decode
9678,bit_flip,5772427,1,SILENT,0,decode
9679,random_bytes,1222796,12,SILENT,0,decode
9680,zeroed_run,6829506,2185,SILENT,0,decode
9681,truncation,2188407,7400771,caught,68,decode
9682,header,332,1,SILENT,0,decode
9683,payload,2355076,1,SILENT,0,decode
9684,bit_flip,7661410,1,SILENT,0,decode
9685,random_bytes,3021325,9,caught,66,decode
9686,zeroed_run,5261136,781,SILENT,0,decode
9687,truncation,2832006,6757172,caught,68,decode
9688,header,980,1,caught,66,decode
9689,payload,6745022,1,SILENT,0,decode
9690,bit_flip,8564285,1,SILENT,0,decode
9691,random_bytes,280362,4,caught,66,decode
9692,zeroed_run,4967305,2174,SILENT,0,decode
9693,truncation,4681605,4907573,caught,68,decode
9694,header,785,1,caught,66,decode
9695,payload,1200747,1,caught,66,decode
9696,bit_flip,1654758,1,SILENT,0,decode
9697,random_bytes,8118928,6,caught,66,decode
9698,zeroed_run,8088623,578,SILENT,0,decode
9699,truncation,1939005,7650173,caught,68,decode
9700,header,417,1,caught,66,decode
9701,payload,4239912,1,caught,66,decode
9702,bit_flip,7116254,1,SILENT,0,decode
9703,random_bytes,4792148,11,SILENT,0,decode
9704,zeroed_run,1941006,859,SILENT,0,decode
9705,truncation,7943801,1645377,caught,68,decode
9706,header,713,1,caught,66,decode
9707,payload,8661298,1,SILENT,0,decode
9708,bit_flip,3865872,1,SILENT,0,decode
9709,random_bytes,3595451,4,SILENT,0,decode
9710,zeroed_run,231894,3765,SILENT,0,decode
9711,truncation,6422158,3167020,caught,68,decode
9712,header,915,1,caught,66,decode
9713,payload,6009691,1,SILENT,0,decode
9714,bit_flip,7314807,1,caught,66,decode
9715,random_bytes,6951508,15,caught,66,decode
9716,zeroed_run,142559,3103,SILENT,0,decode
9717,truncation,3797615,5791563,caught,68,decode
9718,header,435,1,SILENT,0,decode
9719,payload,7458917,1,caught,66,decode
9720,bit_flip,6421192,1,SILENT,0,decode
9721,random_bytes,2557869,14,caught,66,decode
9722,zeroed_run,3919000,488,SILENT,0,decode
9723,truncation,8874842,714336,caught,68,decode
9724,header,202,1,caught,66,decode
9725,payload,8728607,1,caught,66,decode
9726,bit_flip,6637715,1,caught,66,decode
9727,random_bytes,6578466,11,SILENT,0,decode
9728,zeroed_run,3496761,2870,SILENT,0,decode
9729,truncation,428346,9160832,caught,68,decode
9730,header,362,1,SILENT,0,decode
9731,payload,4826097,1,SILENT,0,decode
9732,bit_flip,6139146,1,SILENT,0,decode
9733,random_bytes,5956904,15,SILENT,0,decode
9734,zeroed_run,3635144,149,SILENT,0,decode
9735,truncation,3442316,6146862,caught,68,decode
9736,header,105,1,SILENT,0,decode
9737,payload,3534050,1,SILENT,0,decode
9738,bit_flip,9346242,1,SILENT,0,decode
9739,random_bytes,1426189,3,SILENT,0,decode
9740,zeroed_run,8294799,3131,SILENT,0,decode
9741,truncation,5614826,3974352,caught,68,decode
9742,header,429,1,SILENT,0,decode
9743,payload,8842404,1,SILENT,0,decode
9744,bit_flip,7061853,1,SILENT,0,decode
9745,random_bytes,1248143,6,caught,66,decode
9746,zeroed_run,2321901,3200,SILENT,0,decode
9747,truncation,6092191,3496987,caught,68,decode
9748,header,333,1,caught,66,decode
9749,payload,7039841,1,SILENT,0,decode
9750,bit_flip,5448573,1,SILENT,0,decode
9751,random_bytes,298266,11,caught,66,decode
9752,zeroed_run,5335364,2989,SILENT,0,decode
9753,truncation,8894947,694231,caught,68,decode
9754,header,766,1,caught,66,decode
9755,payload,5470677,1,SILENT,0,decode
9756,bit_flip,7045948,1,SILENT,0,decode
9757,random_bytes,7386277,8,caught,66,decode
9758,zeroed_run,1715572,3967,SILENT,0,decode
9759,truncation,4201494,5387684,caught,68,decode
9760,header,494,1,SILENT,0,decode
9761,payload,9155924,1,SILENT,0,decode
9762,bit_flip,8406574,1,SILENT,0,decode
9763,random_bytes,9121196,10,caught,66,decode
9764,zeroed_run,3397529,3032,SILENT,0,decode
9765,truncation,2301358,7287820,caught,68,decode
9766,header,644,1,SILENT,0,decode
9767,payload,7486834,1,SILENT,0,decode
9768,bit_flip,3504244,1,SILENT,0,decode
9769,random_bytes,8893442,9,caught,66,decode
9770,zeroed_run,2090067,1745,SILENT,0,decode
9771,truncation,4223301,5365877,caught,68,decode
9772,header,504,1,caught,66,decode
9773,payload,8906683,1,SILENT,0,decode
9774,bit_flip,7595619,1,caught,66,decode
9775,random_bytes,3755687,7,caught,66,decode
9776,zeroed_run,2734512,399,SILENT,0,decode
9777,truncation,8339489,1249689,caught,68,decode
9778,header,952,1,SILENT,0,decode
9779,payload,2738070,1,SILENT,0,decode
9780,bit_flip,8369541,1,caught,66,decode
9781,random_bytes,6766773,2,SILENT,0,decode
9782,zeroed_run,1378856,1085,SILENT,0,decode
9783,truncation,4875301,4713877,caught,68,decode
9784,header,761,1,SILENT,0,decode
9785,payload,5467323,1,SILENT,0,decode
9786,bit_flip,8929675,1,SILENT,0,decode
9787,random_bytes,8222704,10,caught,66,decode
9788,zeroed_run,4814596,3030,SILENT,0,decode
9789,truncation,9331038,258140,caught,68,decode
9790,header,40,1,caught,66,decode
9791,payload,3240060,1,SILENT,0,decode
9792,bit_flip,8463679,1,SILENT,0,decode
9793,random_bytes,903199,9,caught,66,decode
9794,zeroed_run,2454316,2197,SILENT,0,decode
9795,truncation,7568937,2020241,caught,68,decode
9796,header,11,1,caught,66,decode
9797,payload,4178382,1,SILENT,0,decode
9798,bit_flip,4323083,1,caught,66,decode
9799,random_bytes,4038433,11,SILENT,0,decode
9800,zeroed_run,4016741,2308,SILENT,0,decode
9801,truncation,6927489,2661689,caught,68,decode
9802,header,1017,1,SILENT,0,decode
9803,payload,89819,1,SILENT,0,decode
9804,bit_flip,8600686,1,SILENT,0,decode
9805,random_bytes,6865507,12,caught,66,decode
9806,zeroed_run,9493737,486,SILENT,0,decode
9807,truncation,4953008,4636170,caught,68,decode
9808,header,416,1,caught,66,decode
9809,payload,1578014,1,SILENT,0,decode
9810,bit_flip,7749957,1,SILENT,0,decode
9811,random_bytes,5022280,5,caught,66,decode
9812,zeroed_run,4358168,272,SILENT,0,decode
9813,truncation,4187066,5402112,caught,68,decode
9814,header,817,1,caught,66,decode
9815,payload,222056,1,SILENT,0,decode
9816,bit_flip,2973832,1,caught,66,decode
9817,random_bytes,8748849,12,caught,66,decode
9818,zeroed_run,4884611,3264,SILENT,0,decode
9819,truncation,8070778,1518400,caught,68,decode
9820,header,725,1,SILENT,0,decode
9821,payload,5766762,1,SILENT,0,decode
9822,bit_flip,111082,1,SILENT,0,decode
9823,random_bytes,8920966,11,SILENT,0,decode
9824,zeroed_run,5292533,3864,SILENT,0,decode
9825,truncation,4702443,4886735,caught,68,decode
9826,header,233,1,SILENT,0,decode
9827,payload,5934481,1,caught,66,decode
9828,bit_flip,9005261,1,SILENT,0,decode
9829,random_bytes,420800,10,SILENT,0,decode
9830,zeroed_run,5665161,1862,SILENT,0,decode
9831,truncation,5630856,3958322,caught,68,decode
9832,header,760,1,SILENT,0,decode
9833,payload,623173,1,SILENT,0,decode
9834,bit_flip,6889354,1,SILENT,0,decode
9835,random_bytes,1951573,13,SILENT,0,decode
9836,zeroed_run,240819,3006,SILENT,0,decode
9837,truncation,7712937,1876241,caught,68,decode
9838,header,48,1,SILENT,0,decode
9839,payload,9398100,1,SILENT,0,decode
9840,bit_flip,3271473,1,SILENT,0,decode
9841,random_bytes,5946606,6,caught,66,decode
9842,zeroed_run,9232668,200,SILENT,0,decode
9843,truncation,425971,9163207,caught,68,decode
9844,header,841,1,SILENT,0,decode
9845,payload,5266822,1,SILENT,0,decode
9846,bit_flip,6348285,1,SILENT,0,decode
9847,random_bytes,1264820,13,SILENT,0,decode
9848,zeroed_run,7055039,2243,SILENT,0,decode
9849,truncation,4389739,5199439,caught,68,decode
9850,header,966,1,SILENT,0,decode
9851,payload,853147,1,caught,66,decode
9852,bit_flip,2096595,1,SILENT,0,decode
9853,random_bytes,5232864,3,caught,66,decode
9854,zeroed_run,3723840,767,SILENT,0,decode
9855,truncation,3998550,5590628,caught,68,decode
9856,header,770,1,caught,66,decode
9857,payload,4401569,1,SILENT,0,decode
9858,bit_flip,7945744,1,caught,66,decode
9859,random_bytes,3756224,13,caught,66,decode
9860,zeroed_run,1377620,3637,SILENT,0,decode
9861,truncation,7601120,1988058,caught,68,decode
9862,header,210,1,SILENT,0,decode
9863,payload,6077247,1,SILENT,0,decode
9864,bit_flip,4665558,1,SILENT,0,decode
9865,random_bytes,4021423,6,caught,66,decode
9866,zeroed_run,2375787,2134,SILENT,0,decode
9867,truncation,8046182,1542996,caught,68,decode
9868,header,841,1,SILENT,0,decode
9869,payload,5468548,1,SILENT,0,decode
9870,bit_flip,7054955,1,caught,66,decode
9871,random_bytes,7193465,4,SILENT,0,decode
9872,zeroed_run,4173217,3266,SILENT,0,decode
9873,truncation,110618,9478560,caught,68,decode
9874,header,1,1,caught,44,decode
9875,payload,8238645,1,SILENT,0,decode
9876,bit_flip,67593,1,SILENT,0,decode
9877,random_bytes,2040471,13,caught,66,decode
9878,zeroed_run,5352712,992,SILENT,0,decode
9879,truncation,9533320,55858,caught,68,decode
9880,header,792,1,SILENT,0,decode
9881,payload,4999340,1,SILENT,0,decode
9882,bit_flip,4203860,1,SILENT,0,decode
9883,random_bytes,1310571,13,SILENT,0,decode
9884,zeroed_run,3485188,3475,SILENT,0,decode
9885,truncation,3683734,5905444,caught,68,decode
9886,header,821,1,SILENT,0,decode
9887,payload,7596358,1,SILENT,0,decode
9888,bit_flip,4390502,1,SILENT,0,decode
9889,random_bytes,8450049,10,SILENT,0,decode
9890,zeroed_run,5491463,96,SILENT,0,decode
9891,truncation,203508,9385670,caught,68,decode
9892,header,600,1,SILENT,0,decode
9893,payload,5392528,1,SILENT,0,decode
9894,bit_flip,4144427,1,SILENT,0,decode
9895,random_bytes,4599745,10,caught,66,decode
9896,zeroed_run,7531875,611,SILENT,0,decode
9897,truncation,2642789,6946389,caught,68,decode
9898,header,95,1,caught,66,decode
9899,payload,8048077,1,caught,66,decode
9900,bit_flip,775434,1,caught,66,decode
9901,random_bytes,5146234,6,caught,66,decode
9902,zeroed_run,4309094,2691,SILENT,0,decode
9903,truncation,6685650,2903528,caught,68,decode
9904,header,664,1,SILENT,0,decode
9905,payload,4879838,1,caught,66,decode
9906,bit_flip,7159659,1,caught,66,decode
9907,random_bytes,14885,5,caught,66,decode
9908,zeroed_run,6598852,3825,SILENT,0,decode
9909,truncation,6976053,2613125,caught,68,decode
9910,header,724,1,SILENT,0,decode
9911,payload,456725,1,caught,66,decode
9912,bit_flip,9392597,1,SILENT,0,decode
9913,random_bytes,8703459,1,SILENT,0,decode
9914,zeroed_run,5387666,1263,SILENT,0,decode
9915,truncation,2339880,7249298,caught,68,decode
9916,header,101,1,SILENT,0,decode
9917,payload,4817074,1,caught,66,decode
9918,bit_flip,2545167,1,caught,66,decode
9919,random_bytes,8835311,6,SILENT,0,decode
9920,zeroed_run,3252240,2371,SILENT,0,decode
9921,truncation,3624151,5965027,caught,68,decode
9922,header,436,1,SILENT,0,decode
9923,payload,4388444,1,SILENT,0,decode
9924,bit_flip,2978205,1,caught,66,decode
9925,random_bytes,5412989,1,SILENT,0,decode
9926,zeroed_run,8825552,3833,SILENT,0,decode
9927,truncation,6616168,2973010,caught,68,decode
9928,header,360,1,caught,66,decode
9929,payload,8398628,1,caught,66,decode
9930,bit_flip,3600099,1,SILENT,0,decode
9931,random_bytes,9076428,13,caught,66,decode
9932,zeroed_run,5582052,527,SILENT,0,decode
9933,truncation,5473135,4116043,caught,68,decode
9934,header,933,1,SILENT,0,decode
9935,payload,8147634,1,SILENT,0,decode
9936,bit_flip,1533169,1,caught,66,decode
9937,random_bytes,2610606,15,caught,66,decode
9938,zeroed_run,9378137,390,SILENT,0,decode
9939,truncation,7750113,1839065,caught,68,decode
9940,header,864,1,SILENT,0,decode
9941,payload,4427674,1,caught,66,decode
9942,bit_flip,734656,1,caught,66,decode
9943,random_bytes,6115456,2,SILENT,0,decode
9944,zeroed_run,2130067,1866,SILENT,0,decode
9945,truncation,3211563,6377615,caught,68,decode
9946,header,690,1,caught,66,decode
9947,payload,7109178,1,caught,66,decode
9948,bit_flip,85875,1,caught,66,decode
9949,random_bytes,3668081,10,caught,66,decode
9950,zeroed_run,5788277,3531,SILENT,0,decode
9951,truncation,356992,9232186,caught,68,decode
9952,header,1009,1,SILENT,0,decode
9953,payload,3004609,1,SILENT,0,decode
9954,bit_flip,8988929,1,SILENT,0,decode
9955,random_bytes,628622,6,caught,66,decode
9956,zeroed_run,4554588,3329,SILENT,0,decode
9957,truncation,2602744,6986434,caught,68,decode
9958,header,756,1,SILENT,0,decode
9959,payload,3814225,1,SILENT,0,decode
9960,bit_flip,1194975,1,SILENT,0,decode
9961,random_bytes,8616101,8,caught,66,decode
9962,zeroed_run,6159893,1391,SILENT,0,decode
9963,truncation,340115,9249063,caught,68,decode
9964,header,328,1,caught,66,decode
9965,payload,1946091,1,SILENT,0,decode
9966,bit_flip,3505626,1,SILENT,0,decode
9967,random_bytes,2408815,6,SILENT,0,decode
9968,zeroed_run,2146925,3545,SILENT,0,decode
9969,truncation,5933539,3655639,caught,68,decode
9970,header,314,1,caught,66,decode
9971,payload,2105966,1,SILENT,0,decode
9972,bit_flip,8603233,1,SILENT,0,decode
9973,random_bytes,4369482,5,caught,66,decode
9974,zeroed_run,1078993,1317,SILENT,0,decode
9975,truncation,7619797,1969381,caught,68,decode
9976,header,643,1,SILENT,0,decode
9977,payload,3298830,1,caught,66,decode
9978,bit_flip,6976532,1,caught,66,decode
9979,random_bytes,9040354,9,SILENT,0,decode
9980,zeroed_run,7988009,3831,SILENT,0,decode
9981,truncation,9444931,144247,caught,68,decode
9982,header,176,1,SILENT,0,decode
9983,payload,2430029,1,SILENT,0,decode
9984,bit_flip,8015464,1,SILENT,0,decode
9985,random_bytes,7791060,1,SILENT,0,decode
9986,zeroed_run,505534,768,SILENT,0,decode
9987,truncation,4059684,5529494,caught,68,decode
9988,header,245,1,SILENT,0,decode
9989,payload,4185071,1,SILENT,0,decode
9990,bit_flip,1238656,1,SILENT,0,decode
9991,random_bytes,6259261,11,caught,66,decode
9992,zeroed_run,1116819,3628,SILENT,0,decode
9993,truncation,4585759,5003419,caught,68,decode
9994,header,486,1,SILENT,0,decode
9995,payload,7290628,1,SILENT,0,decode
9996,bit_flip,5102282,1,SILENT,0,decode
9997,random_bytes,6241727,8,caught,66,decode
9998,zeroed_run,3456220,1604,SILENT,0,decode
9999,truncation,1726924,7862254,caught,68,decode
