case,kind,offset,length,outcome,returncode,phase
0,bit_flip,1842427,1,SILENT,0,decode
1,random_bytes,4009046,11,caught,1,decode
2,zeroed_run,3030003,2888,caught,1,decode
3,truncation,816115,4859654,caught,1,decode
4,header,489,1,SILENT,0,decode
5,payload,3811792,1,SILENT,0,decode
6,bit_flip,2229389,1,SILENT,0,decode
7,random_bytes,2547620,16,caught,1,decode
8,zeroed_run,1134824,3387,caught,1,decode
9,truncation,1512341,4163428,caught,1,decode
10,header,651,1,SILENT,0,decode
11,payload,4417370,1,SILENT,0,decode
12,bit_flip,2741247,1,SILENT,0,decode
13,random_bytes,21468,2,caught,1,decode
14,zeroed_run,4258787,374,caught,1,decode
15,truncation,3963455,1712314,caught,1,decode
16,header,523,1,SILENT,0,decode
17,payload,2903321,1,SILENT,0,decode
18,bit_flip,2403197,1,caught,1,decode
19,random_bytes,826985,4,caught,1,decode
20,zeroed_run,461608,151,caught,1,decode
21,truncation,4701517,974252,caught,1,decode
22,header,179,1,SILENT,0,decode
23,payload,998459,1,SILENT,0,decode
24,bit_flip,4909246,1,SILENT,0,decode
25,random_bytes,1608253,15,caught,1,decode
26,zeroed_run,379333,1656,caught,1,decode
27,truncation,1226078,4449691,caught,1,decode
28,header,440,1,SILENT,0,decode
29,payload,5373133,1,caught,1,decode
30,bit_flip,3424625,1,SILENT,0,decode
31,random_bytes,1467066,12,caught,1,decode
32,zeroed_run,22136,1080,caught,1,decode
33,truncation,999914,4675855,caught,1,decode
34,header,818,1,SILENT,0,decode
35,payload,2118450,1,SILENT,0,decode
36,bit_flip,4053813,1,SILENT,0,decode
37,random_bytes,4657836,9,caught,1,decode
38,zeroed_run,4504551,1998,caught,1,decode
39,truncation,2674348,3001421,caught,1,decode
40,header,829,1,SILENT,0,decode
41,payload,2212313,1,caught,1,decode
42,bit_flip,2382797,1,caught,1,decode
43,random_bytes,4211618,14,caught,1,decode
44,zeroed_run,1663902,1736,caught,1,decode
45,truncation,1639167,4036602,caught,1,decode
46,header,725,1,SILENT,0,decode
47,payload,2440872,1,SILENT,0,decode
48,bit_flip,1062736,1,SILENT,0,decode
49,random_bytes,1758319,14,caught,1,decode
50,zeroed_run,5238525,2107,caught,1,decode
51,truncation,857511,4818258,caught,1,decode
52,header,142,1,SILENT,0,decode
53,payload,2925418,1,caught,1,decode
54,bit_flip,393119,1,SILENT,0,decode
55,random_bytes,1940987,13,caught,1,decode
56,zeroed_run,3002159,1811,caught,1,decode
57,truncation,5271518,404251,caught,1,decode
58,header,848,1,SILENT,0,decode
59,payload,1444361,1,caught,1,decode
60,bit_flip,2311571,1,SILENT,0,decode
61,random_bytes,404153,7,caught,1,decode
62,zeroed_run,2449164,3703,caught,1,decode
63,truncation,1399324,4276445,caught,1,decode
64,header,289,1,SILENT,0,decode
65,payload,5346930,1,caught,1,decode
66,bit_flip,1139609,1,SILENT,0,decode
67,random_bytes,2956982,14,caught,1,decode
68,zeroed_run,5641857,1603,caught,1,decode
69,truncation,3979556,1696213,caught,1,decode
70,header,659,1,SILENT,0,decode
71,payload,2359115,1,caught,1,decode
72,bit_flip,1339132,1,SILENT,0,decode
73,random_bytes,3261098,2,caught,1,decode
74,zeroed_run,2130508,917,caught,1,decode
75,truncation,315492,5360277,caught,1,decode
76,header,146,1,caught,1,decode
77,payload,1107760,1,SILENT,0,decode
78,bit_flip,4589043,1,caught,1,decode
79,random_bytes,2664217,15,caught,1,decode
80,zeroed_run,3578677,4044,caught,1,decode
81,truncation,1567847,4107922,caught,1,decode
82,header,837,1,SILENT,0,decode
83,payload,1867927,1,caught,1,decode
84,bit_flip,1128664,1,caught,1,decode
85,random_bytes,133418,5,SILENT,0,decode
86,zeroed_run,4547825,2695,caught,1,decode
87,truncation,4383995,1291774,caught,1,decode
88,header,807,1,SILENT,0,decode
89,payload,759194,1,SILENT,0,decode
90,bit_flip,4957177,1,SILENT,0,decode
91,random_bytes,3120312,3,caught,1,decode
92,zeroed_run,953867,3589,caught,1,decode
93,truncation,4511599,1164170,caught,1,decode
94,header,69,1,SILENT,0,decode
95,payload,3384564,1,SILENT,0,decode
96,bit_flip,4305507,1,caught,1,decode
97,random_bytes,3804673,4,caught,1,decode
98,zeroed_run,5325483,797,caught,1,decode
99,truncation,3661807,2013962,caught,1,decode
100,header,853,1,SILENT,0,decode
101,payload,1363907,1,SILENT,0,decode
102,bit_flip,153114,1,SILENT,0,decode
103,random_bytes,707781,3,caught,1,decode
104,zeroed_run,405908,1076,caught,1,decode
105,truncation,5199319,476450,caught,1,decode
106,header,597,1,SILENT,0,decode
107,payload,4018325,1,SILENT,0,decode
108,bit_flip,5554969,1,SILENT,0,decode
109,random_bytes,360466,14,caught,1,decode
110,zeroed_run,4363391,2783,caught,1,decode
111,truncation,1234353,4441416,caught,1,decode
112,header,655,1,SILENT,0,decode
113,payload,4739401,1,SILENT,0,decode
114,bit_flip,312673,1,SILENT,0,decode
115,random_bytes,2876746,3,caught,1,decode
116,zeroed_run,214993,1433,caught,1,decode
117,truncation,5399131,276638,caught,1,decode
118,header,622,1,SILENT,0,decode
119,payload,3299176,1,SILENT,0,decode
120,bit_flip,4753983,1,SILENT,0,decode
121,random_bytes,1691252,15,caught,1,decode
122,zeroed_run,4095469,2343,caught,1,decode
123,truncation,1036558,4639211,caught,1,decode
124,header,827,1,SILENT,0,decode
125,payload,561738,1,SILENT,0,decode
126,bit_flip,5070097,1,SILENT,0,decode
127,random_bytes,2248304,14,caught,1,decode
128,zeroed_run,2812712,3887,caught,1,decode
129,truncation,5397831,277938,caught,1,decode
130,header,658,1,SILENT,0,decode
131,payload,946049,1,SILENT,0,decode
132,bit_flip,2298327,1,SILENT,0,decode
133,random_bytes,1803556,3,caught,1,decode
134,zeroed_run,3260580,2203,caught,1,decode
135,truncation,4562866,1112903,caught,1,decode
136,header,790,1,SILENT,0,decode
137,payload,1297458,1,SILENT,0,decode
138,bit_flip,520473,1,caught,1,decode
139,random_bytes,3452213,2,caught,1,decode
140,zeroed_run,3077832,3371,caught,1,decode
141,truncation,5559521,116248,caught,1,decode
142,header,501,1,SILENT,0,decode
143,payload,2751821,1,caught,1,decode
144,bit_flip,3239382,1,caught,1,decode
145,random_bytes,2630519,12,caught,1,decode
146,zeroed_run,1211133,3468,caught,1,decode
147,truncation,18585,5657184,caught,1,decode
148,header,901,1,SILENT,0,decode
149,payload,1785024,1,SILENT,0,decode
150,bit_flip,1886262,1,SILENT,0,decode
151,random_bytes,788897,11,caught,1,decode
152,zeroed_run,1132735,259,caught,1,decode
153,truncation,2553776,3121993,caught,1,decode
154,header,845,1,caught,1,decode
155,payload,615941,1,SILENT,0,decode
156,bit_flip,1459066,1,SILENT,0,decode
157,random_bytes,783993,11,caught,1,decode
158,zeroed_run,653002,2961,caught,1,decode
159,truncation,3788959,1886810,caught,1,decode
160,header,305,1,SILENT,0,decode
161,payload,4406745,1,SILENT,0,decode
162,bit_flip,4752419,1,caught,1,decode
163,random_bytes,4197699,7,caught,1,decode
164,zeroed_run,3770466,3017,caught,1,decode
165,truncation,5100704,575065,caught,1,decode
166,header,997,1,SILENT,0,decode
167,payload,5173906,1,caught,1,decode
168,bit_flip,4303108,1,SILENT,0,decode
169,random_bytes,3467538,16,caught,1,decode
170,zeroed_run,1483648,2038,caught,1,decode
171,truncation,2640714,3035055,caught,1,decode
172,header,974,1,SILENT,0,decode
173,payload,4773947,1,SILENT,0,decode
174,bit_flip,1776162,1,SILENT,0,decode
175,random_bytes,1023154,13,caught,1,decode
176,zeroed_run,1435040,65,caught,1,decode
177,truncation,5378240,297529,caught,1,decode
178,header,121,1,caught,1,decode
179,payload,2937853,1,SILENT,0,decode
180,bit_flip,3237499,1,caught,1,decode
181,random_bytes,1135775,6,caught,1,decode
182,zeroed_run,1901269,1445,caught,1,decode
183,truncation,2975775,2699994,caught,1,decode
184,header,336,1,SILENT,0,decode
185,payload,1927090,1,SILENT,0,decode
186,bit_flip,4633336,1,SILENT,0,decode
187,random_bytes,2712362,1,caught,1,decode
188,zeroed_run,867572,1317,caught,1,decode
189,truncation,1929007,3746762,caught,1,decode
190,header,440,1,SILENT,0,decode
191,payload,5366488,1,SILENT,0,decode
192,bit_flip,5587311,1,SILENT,0,decode
193,random_bytes,3378138,8,caught,1,decode
194,zeroed_run,4595590,3426,caught,1,decode
195,truncation,4254723,1421046,caught,1,decode
196,header,61,1,SILENT,0,decode
197,payload,4642992,1,caught,1,decode
198,bit_flip,5425019,1,caught,1,decode
199,random_bytes,4248576,13,caught,1,decode
200,zeroed_run,3374433,1914,caught,1,decode
201,truncation,1217931,4457838,caught,1,decode
202,header,205,1,SILENT,0,decode
203,payload,931104,1,SILENT,0,decode
204,bit_flip,1458969,1,SILENT,0,decode
205,random_bytes,2888263,3,caught,1,decode
206,zeroed_run,282823,797,caught,1,decode
207,truncation,4594744,1081025,caught,1,decode
208,header,121,1,caught,1,decode
209,payload,1571272,1,SILENT,0,decode
210,bit_flip,2544623,1,SILENT,0,decode
211,random_bytes,2050017,11,caught,1,decode
212,zeroed_run,5141631,3284,caught,1,decode
213,truncation,3523503,2152266,caught,1,decode
214,header,38,1,SILENT,0,decode
215,payload,2693094,1,SILENT,0,decode
216,bit_flip,4419211,1,SILENT,0,decode
217,random_bytes,4681247,16,caught,1,decode
218,zeroed_run,5107737,1064,caught,1,decode
219,truncation,4597275,1078494,caught,1,decode
220,header,436,1,SILENT,0,decode
221,payload,2769775,1,SILENT,0,decode
222,bit_flip,4796410,1,SILENT,0,decode
223,random_bytes,4906602,10,caught,1,decode
224,zeroed_run,2663815,2283,caught,1,decode
225,truncation,1931420,3744349,caught,1,decode
226,header,907,1,SILENT,0,decode
227,payload,1203571,1,SILENT,0,decode
228,bit_flip,5169819,1,SILENT,0,decode
229,random_bytes,2818344,10,caught,1,decode
230,zeroed_run,1636095,3983,caught,1,decode
231,truncation,1035723,4640046,caught,1,decode
232,header,327,1,SILENT,0,decode
233,payload,182476,1,SILENT,0,decode
234,bit_flip,2417690,1,SILENT,0,decode
235,random_bytes,3147402,16,caught,1,decode
236,zeroed_run,1818293,509,caught,1,decode
237,truncation,5053278,622491,caught,1,decode
238,header,434,1,SILENT,0,decode
239,payload,3617296,1,SILENT,0,decode
240,bit_flip,3878912,1,SILENT,0,decode
241,random_bytes,346639,12,caught,1,decode
242,zeroed_run,2945989,3521,caught,1,decode
243,truncation,2562425,3113344,caught,1,decode
244,header,10,1,caught,1,decode
245,payload,2163623,1,SILENT,0,decode
246,bit_flip,4370758,1,SILENT,0,decode
247,random_bytes,4860804,12,caught,1,decode
248,zeroed_run,2901985,3179,caught,1,decode
249,truncation,337745,5338024,caught,1,decode
250,header,886,1,SILENT,0,decode
251,payload,3369790,1,SILENT,0,decode
252,bit_flip,1777352,1,SILENT,0,decode
253,random_bytes,5451475,12,caught,1,decode
254,zeroed_run,4093647,663,caught,1,decode
255,truncation,5586758,89011,caught,1,decode
256,header,921,1,SILENT,0,decode
257,payload,4062823,1,SILENT,0,decode
258,bit_flip,3682441,1,caught,1,decode
259,random_bytes,614084,2,caught,1,decode
260,zeroed_run,5633768,2966,caught,1,decode
261,truncation,2316816,3358953,caught,1,decode
262,header,101,1,caught,1,decode
263,payload,5473060,1,SILENT,0,decode
264,bit_flip,858724,1,SILENT,0,decode
265,random_bytes,2267556,9,caught,1,decode
266,zeroed_run,3480860,1342,caught,1,decode
267,truncation,80891,5594878,caught,1,decode
268,header,611,1,SILENT,0,decode
269,payload,2340241,1,SILENT,0,decode
270,bit_flip,5348639,1,SILENT,0,decode
271,random_bytes,965264,9,caught,1,decode
272,zeroed_run,2867558,286,caught,1,decode
273,truncation,5304432,371337,caught,1,decode
274,header,551,1,SILENT,0,decode
275,payload,2772305,1,SILENT,0,decode
276,bit_flip,4364177,1,SILENT,0,decode
277,random_bytes,1246147,11,caught,1,decode
278,zeroed_run,2933308,4078,caught,1,decode
279,truncation,1842044,3833725,caught,1,decode
280,header,861,1,SILENT,0,decode
281,payload,579431,1,SILENT,0,decode
282,bit_flip,903625,1,SILENT,0,decode
283,random_bytes,3307256,11,caught,1,decode
284,zeroed_run,1509701,3850,caught,1,decode
285,truncation,2584554,3091215,caught,1,decode
286,header,105,1,SILENT,0,decode
287,payload,3037313,1,SILENT,0,decode
288,bit_flip,622957,1,SILENT,0,decode
289,random_bytes,1340296,16,caught,1,decode
290,zeroed_run,221334,91,caught,1,decode
291,truncation,2127047,3548722,caught,1,decode
292,header,412,1,caught,1,decode
293,payload,831685,1,SILENT,0,decode
294,bit_flip,407101,1,SILENT,0,decode
295,random_bytes,2832587,8,caught,1,decode
296,zeroed_run,3553766,4033,caught,1,decode
297,truncation,1117951,4557818,caught,1,decode
298,header,69,1,SILENT,0,decode
299,payload,2631378,1,caught,1,decode
300,bit_flip,138176,1,SILENT,0,decode
301,random_bytes,1714777,1,SILENT,0,decode
302,zeroed_run,2550255,1420,caught,1,decode
303,truncation,1000101,4675668,caught,1,decode
304,header,784,1,SILENT,0,decode
305,payload,4065122,1,SILENT,0,decode
306,bit_flip,1203914,1,SILENT,0,decode
307,random_bytes,2739372,2,caught,1,decode
308,zeroed_run,3945673,2954,caught,1,decode
309,truncation,4061773,1613996,caught,1,decode
310,header,347,1,SILENT,0,decode
311,payload,1225261,1,caught,1,decode
312,bit_flip,3660286,1,SILENT,0,decode
313,random_bytes,639907,16,caught,1,decode
314,zeroed_run,2213555,2199,caught,1,decode
315,truncation,5386056,289713,caught,1,decode
316,header,678,1,SILENT,0,decode
317,payload,5486963,1,SILENT,0,decode
318,bit_flip,4955509,1,SILENT,0,decode
319,random_bytes,5393171,11,caught,1,decode
320,zeroed_run,3443466,3887,caught,1,decode
321,truncation,4360910,1314859,caught,1,decode
322,header,721,1,SILENT,0,decode
323,payload,1872781,1,SILENT,0,decode
324,bit_flip,2725608,1,caught,1,decode
325,random_bytes,4385126,12,caught,1,decode
326,zeroed_run,2459542,3344,caught,1,decode
327,truncation,3161095,2514674,caught,1,decode
328,header,152,1,SILENT,0,decode
329,payload,3226877,1,SILENT,0,decode
330,bit_flip,5348930,1,caught,1,decode
331,random_bytes,3818240,2,caught,1,decode
332,zeroed_run,3738423,2588,caught,1,decode
333,truncation,4796169,879600,caught,1,decode
334,header,551,1,SILENT,0,decode
335,payload,3936484,1,caught,1,decode
336,bit_flip,3741506,1,caught,1,decode
337,random_bytes,2233841,12,caught,1,decode
338,zeroed_run,4129780,463,caught,1,decode
339,truncation,711075,4964694,caught,1,decode
340,header,604,1,SILENT,0,decode
341,payload,3234301,1,SILENT,0,decode
342,bit_flip,3640364,1,SILENT,0,decode
343,random_bytes,990789,15,caught,1,decode
344,zeroed_run,4241061,1006,caught,1,decode
345,truncation,2785996,2889773,caught,1,decode
346,header,151,1,caught,1,decode
347,payload,3161210,1,SILENT,0,decode
348,bit_flip,182807,1,SILENT,0,decode
349,random_bytes,5115144,5,caught,1,decode
350,zeroed_run,4625660,3006,caught,1,decode
351,truncation,3491859,2183910,caught,1,decode
352,header,692,1,SILENT,0,decode
353,payload,4164051,1,caught,1,decode
354,bit_flip,1104021,1,SILENT,0,decode
355,random_bytes,4854028,3,caught,1,decode
356,zeroed_run,4372100,3155,caught,1,decode
357,truncation,3113068,2562701,caught,1,decode
358,header,85,1,SILENT,0,decode
359,payload,3250079,1,SILENT,0,decode
360,bit_flip,1679468,1,SILENT,0,decode
361,random_bytes,1030077,2,caught,1,decode
362,zeroed_run,1128428,47,caught,1,decode
363,truncation,565032,5110737,caught,1,decode
364,header,776,1,SILENT,0,decode
365,payload,2107819,1,SILENT,0,decode
366,bit_flip,1736656,1,caught,1,decode
367,random_bytes,2436319,6,caught,1,decode
368,zeroed_run,2989683,3297,caught,1,decode
369,truncation,1654734,4021035,caught,1,decode
370,header,55,1,SILENT,0,decode
371,payload,3580192,1,SILENT,0,decode
372,bit_flip,430136,1,SILENT,0,decode
373,random_bytes,2254342,10,caught,1,decode
374,zeroed_run,215835,3698,caught,1,decode
375,truncation,1691255,3984514,caught,1,decode
376,header,233,1,SILENT,0,decode
377,payload,4298693,1,SILENT,0,decode
378,bit_flip,917097,1,SILENT,0,decode
379,random_bytes,3031908,13,caught,1,decode
380,zeroed_run,4139984,1792,caught,1,decode
381,truncation,419512,5256257,caught,1,decode
382,header,602,1,SILENT,0,decode
383,payload,2711610,1,caught,1,decode
384,bit_flip,170037,1,SILENT,0,decode
385,random_bytes,5499776,2,caught,1,decode
386,zeroed_run,2939450,917,caught,1,decode
387,truncation,2451396,3224373,caught,1,decode
388,header,731,1,SILENT,0,decode
389,payload,2221002,1,SILENT,0,decode
390,bit_flip,2589401,1,SILENT,0,decode
391,random_bytes,4139808,9,caught,1,decode
392,zeroed_run,661178,2052,caught,1,decode
393,truncation,2865764,2810005,caught,1,decode
394,header,1019,1,SILENT,0,decode
395,payload,1994909,1,SILENT,0,decode
396,bit_flip,1507234,1,caught,1,decode
397,random_bytes,4917426,15,caught,1,decode
398,zeroed_run,373858,2693,caught,1,decode
399,truncation,2496373,3179396,caught,1,decode
400,header,482,1,SILENT,0,decode
401,payload,3031720,1,caught,1,decode
402,bit_flip,3493327,1,SILENT,0,decode
403,random_bytes,2385917,13,caught,1,decode
404,zeroed_run,3167877,154,caught,1,decode
405,truncation,3249308,2426461,caught,1,decode
406,header,488,1,SILENT,0,decode
407,payload,4278039,1,caught,1,decode
408,bit_flip,3890427,1,SILENT,0,decode
409,random_bytes,1275040,9,caught,1,decode
410,zeroed_run,3048826,2836,caught,1,decode
411,truncation,1167424,4508345,caught,1,decode
412,header,113,1,SILENT,0,decode
413,payload,4875135,1,SILENT,0,decode
414,bit_flip,5223902,1,SILENT,0,decode
415,random_bytes,4030428,6,caught,1,decode
416,zeroed_run,1680769,1680,caught,1,decode
417,truncation,608312,5067457,caught,1,decode
418,header,994,1,SILENT,0,decode
419,payload,1172905,1,SILENT,0,decode
420,bit_flip,3380085,1,caught,1,decode
421,random_bytes,4960275,7,caught,1,decode
422,zeroed_run,1806366,3630,caught,1,decode
423,truncation,4655325,1020444,caught,1,decode
424,header,905,1,SILENT,0,decode
425,payload,3757415,1,caught,1,decode
426,bit_flip,1578009,1,SILENT,0,decode
427,random_bytes,5047561,10,caught,1,decode
428,zeroed_run,2530180,442,caught,1,decode
429,truncation,3652661,2023108,caught,1,decode
430,header,315,1,SILENT,0,decode
431,payload,1344196,1,SILENT,0,decode
432,bit_flip,1231262,1,SILENT,0,decode
433,random_bytes,2521777,5,caught,1,decode
434,zeroed_run,1413592,1030,caught,1,decode
435,truncation,5358278,317491,caught,1,decode
436,header,539,1,caught,1,decode
437,payload,993784,1,caught,1,decode
438,bit_flip,4357316,1,SILENT,0,decode
439,random_bytes,5409493,2,caught,1,decode
440,zeroed_run,538606,2776,caught,1,decode
441,truncation,5072573,603196,caught,1,decode
442,header,868,1,SILENT,0,decode
443,payload,2686170,1,SILENT,0,decode
444,bit_flip,1866307,1,caught,1,decode
445,random_bytes,1603442,6,caught,1,decode
446,zeroed_run,1474611,3792,caught,1,decode
447,truncation,246562,5429207,caught,1,decode
448,header,884,1,SILENT,0,decode
449,payload,3597382,1,SILENT,0,decode
450,bit_flip,3147369,1,SILENT,0,decode
451,random_bytes,1619090,1,SILENT,0,decode
452,zeroed_run,5058387,1174,caught,1,decode
453,truncation,3509124,2166645,caught,1,decode
454,header,611,1,SILENT,0,decode
455,payload,1565507,1,SILENT,0,decode
456,bit_flip,5255704,1,SILENT,0,decode
457,random_bytes,3272286,3,caught,1,decode
458,zeroed_run,2878731,2781,caught,1,decode
459,truncation,1696470,3979299,caught,1,decode
460,header,447,1,SILENT,0,decode
461,payload,3294055,1,caught,1,decode
462,bit_flip,4521871,1,caught,1,decode
463,random_bytes,3350107,2,caught,1,decode
464,zeroed_run,4982725,2385,caught,1,decode
465,truncation,868700,4807069,caught,1,decode
466,header,350,1,SILENT,0,decode
467,payload,234246,1,caught,1,decode
468,bit_flip,2404246,1,caught,1,decode
469,random_bytes,4721994,12,caught,1,decode
470,zeroed_run,2621816,2249,caught,1,decode
471,truncation,1312790,4362979,caught,1,decode
472,header,974,1,SILENT,0,decode
473,payload,2934799,1,SILENT,0,decode
474,bit_flip,2976751,1,SILENT,0,decode
475,random_bytes,3326904,3,caught,1,decode
476,zeroed_run,1744805,72,caught,1,decode
477,truncation,492965,5182804,caught,1,decode
478,header,674,1,SILENT,0,decode
479,payload,3995754,1,SILENT,0,decode
480,bit_flip,600613,1,SILENT,0,decode
481,random_bytes,5500880,1,caught,1,decode
482,zeroed_run,1986629,2464,caught,1,decode
483,truncation,4602274,1073495,caught,1,decode
484,header,201,1,SILENT,0,decode
485,payload,2877675,1,SILENT,0,decode
486,bit_flip,1388354,1,caught,1,decode
487,random_bytes,2931198,16,caught,1,decode
488,zeroed_run,47089,2527,caught,1,decode
489,truncation,3038068,2637701,caught,1,decode
490,header,463,1,SILENT,0,decode
491,payload,4834512,1,SILENT,0,decode
492,bit_flip,4450689,1,SILENT,0,decode
493,random_bytes,1264681,4,caught,1,decode
494,zeroed_run,1236839,916,caught,1,decode
495,truncation,1709181,3966588,caught,1,decode
496,header,288,1,SILENT,0,decode
497,payload,87650,1,SILENT,0,decode
498,bit_flip,1461863,1,SILENT,0,decode
499,random_bytes,3406297,9,caught,1,decode
500,zeroed_run,1164736,1942,caught,1,decode
501,truncation,4605201,1070568,caught,1,decode
502,header,741,1,SILENT,0,decode
503,payload,2224340,1,SILENT,0,decode
504,bit_flip,1389166,1,caught,1,decode
505,random_bytes,730852,11,caught,1,decode
506,zeroed_run,2821577,2900,caught,1,decode
507,truncation,833184,4842585,caught,1,decode
508,header,883,1,SILENT,0,decode
509,payload,4141493,1,SILENT,0,decode
510,bit_flip,5555833,1,SILENT,0,decode
511,random_bytes,2349671,13,caught,1,decode
512,zeroed_run,5404291,4039,caught,1,decode
513,truncation,1759875,3915894,caught,1,decode
514,header,134,1,caught,1,decode
515,payload,1898610,1,SILENT,0,decode
516,bit_flip,2375040,1,SILENT,0,decode
517,random_bytes,3760821,14,caught,1,decode
518,zeroed_run,3111156,2620,caught,1,decode
519,truncation,2866197,2809572,caught,1,decode
520,header,264,1,SILENT,0,decode
521,payload,903673,1,SILENT,0,decode
522,bit_flip,4186532,1,SILENT,0,decode
523,random_bytes,1937777,13,caught,1,decode
524,zeroed_run,4668895,1816,caught,1,decode
525,truncation,3051229,2624540,caught,1,decode
526,header,222,1,SILENT,0,decode
527,payload,4509726,1,caught,1,decode
528,bit_flip,5243924,1,caught,1,decode
529,random_bytes,5440272,15,caught,1,decode
530,zeroed_run,5589333,2947,caught,1,decode
531,truncation,14350,5661419,caught,1,decode
532,header,172,1,caught,1,decode
533,payload,303854,1,SILENT,0,decode
534,bit_flip,4594146,1,caught,1,decode
535,random_bytes,4286248,7,caught,1,decode
536,zeroed_run,4798749,272,caught,1,decode
537,truncation,1274415,4401354,caught,1,decode
538,header,654,1,SILENT,0,decode
539,payload,2401811,1,SILENT,0,decode
540,bit_flip,2133565,1,SILENT,0,decode
541,random_bytes,1171627,1,SILENT,0,decode
542,zeroed_run,3296930,1043,caught,1,decode
543,truncation,1169590,4506179,caught,1,decode
544,header,765,1,SILENT,0,decode
545,payload,604922,1,SILENT,0,decode
546,bit_flip,1712050,1,caught,1,decode
547,random_bytes,5148430,2,caught,1,decode
548,zeroed_run,1047522,178,caught,1,decode
549,truncation,4036481,1639288,caught,1,decode
550,header,383,1,SILENT,0,decode
551,payload,4494994,1,caught,1,decode
552,bit_flip,3914736,1,SILENT,0,decode
553,random_bytes,4865858,3,caught,1,decode
554,zeroed_run,4770997,3772,caught,1,decode
555,truncation,769349,4906420,caught,1,decode
556,header,36,1,SILENT,0,decode
557,payload,4830908,1,caught,1,decode
558,bit_flip,745116,1,caught,1,decode
559,random_bytes,3959676,13,caught,1,decode
560,zeroed_run,1395502,1340,caught,1,decode
561,truncation,678550,4997219,caught,1,decode
562,header,209,1,SILENT,0,decode
563,payload,1633170,1,caught,1,decode
564,bit_flip,3632783,1,SILENT,0,decode
565,random_bytes,4885542,2,caught,1,decode
566,zeroed_run,1369292,3031,caught,1,decode
567,truncation,3453609,2222160,caught,1,decode
568,header,330,1,SILENT,0,decode
569,payload,3655027,1,caught,1,decode
570,bit_flip,1865906,1,caught,1,decode
571,random_bytes,3377126,2,caught,1,decode
572,zeroed_run,786937,2046,caught,1,decode
573,truncation,2709660,2966109,caught,1,decode
574,header,490,1,caught,1,decode
575,payload,3875279,1,SILENT,0,decode
576,bit_flip,1882251,1,SILENT,0,decode
577,random_bytes,1569075,1,SILENT,0,decode
578,zeroed_run,3375070,3982,caught,1,decode
579,truncation,2055881,3619888,caught,1,decode
580,header,835,1,SILENT,0,decode
581,payload,978756,1,SILENT,0,decode
582,bit_flip,1035676,1,caught,1,decode
583,random_bytes,659270,3,caught,1,decode
584,zeroed_run,886133,2129,caught,1,decode
585,truncation,911738,4764031,caught,1,decode
586,header,771,1,SILENT,0,decode
587,payload,2547191,1,SILENT,0,decode
588,bit_flip,5125658,1,SILENT,0,decode
589,random_bytes,2479692,10,caught,1,decode
590,zeroed_run,942835,132,caught,1,decode
591,truncation,3504937,2170832,caught,1,decode
592,header,681,1,SILENT,0,decode
593,payload,695262,1,caught,1,decode
594,bit_flip,4563411,1,SILENT,0,decode
595,random_bytes,1668421,14,caught,1,decode
596,zeroed_run,1701369,294,caught,1,decode
597,truncation,1760762,3915007,caught,1,decode
598,header,792,1,SILENT,0,decode
599,payload,5333373,1,SILENT,0,decode
600,bit_flip,654898,1,SILENT,0,decode
601,random_bytes,547500,2,caught,1,decode
602,zeroed_run,4371274,3855,caught,1,decode
603,truncation,3841586,1834183,caught,1,decode
604,header,670,1,SILENT,0,decode
605,payload,5281569,1,SILENT,0,decode
606,bit_flip,814997,1,caught,1,decode
607,random_bytes,4949513,4,caught,1,decode
608,zeroed_run,4725773,2078,caught,1,decode
609,truncation,4454996,1220773,caught,1,decode
610,header,2,1,caught,1,decode
611,payload,1594928,1,caught,1,decode
612,bit_flip,170319,1,SILENT,0,decode
613,random_bytes,3547583,10,caught,1,decode
614,zeroed_run,2640868,365,caught,1,decode
615,truncation,5615883,59886,caught,1,decode
616,header,413,1,SILENT,0,decode
617,payload,2685769,1,SILENT,0,decode
618,bit_flip,2856406,1,SILENT,0,decode
619,random_bytes,1720080,7,caught,1,decode
620,zeroed_run,4595217,3328,caught,1,decode
621,truncation,251942,5423827,caught,1,decode
622,header,854,1,caught,1,decode
623,payload,5363505,1,caught,1,decode
624,bit_flip,927605,1,SILENT,0,decode
625,random_bytes,5055927,1,caught,1,decode
626,zeroed_run,3323649,2623,caught,1,decode
627,truncation,4121734,1554035,caught,1,decode
628,header,70,1,SILENT,0,decode
629,payload,4380740,1,SILENT,0,decode
630,bit_flip,3507054,1,SILENT,0,decode
631,random_bytes,522648,8,caught,1,decode
632,zeroed_run,311972,1316,caught,1,decode
633,truncation,3169545,2506224,caught,1,decode
634,header,115,1,SILENT,0,decode
635,payload,1023604,1,SILENT,0,decode
636,bit_flip,4316075,1,SILENT,0,decode
637,random_bytes,3608950,1,caught,1,decode
638,zeroed_run,1005993,2285,caught,1,decode
639,truncation,2815561,2860208,caught,1,decode
640,header,492,1,SILENT,0,decode
641,payload,4688852,1,SILENT,0,decode
642,bit_flip,1109527,1,SILENT,0,decode
643,random_bytes,1810343,3,caught,1,decode
644,zeroed_run,2079230,1369,caught,1,decode
645,truncation,1888511,3787258,caught,1,decode
646,header,758,1,SILENT,0,decode
647,payload,2529466,1,caught,1,decode
648,bit_flip,2193894,1,SILENT,0,decode
649,random_bytes,996325,3,caught,1,decode
650,zeroed_run,2904801,1194,caught,1,decode
651,truncation,1214288,4461481,caught,1,decode
652,header,725,1,SILENT,0,decode
653,payload,5255006,1,SILENT,0,decode
654,bit_flip,2749331,1,SILENT,0,decode
655,random_bytes,5656171,1,SILENT,0,decode
656,zeroed_run,268303,632,caught,1,decode
657,truncation,3391849,2283920,caught,1,decode
658,header,563,1,SILENT,0,decode
659,payload,2486503,1,SILENT,0,decode
660,bit_flip,3491231,1,SILENT,0,decode
661,random_bytes,4276368,4,caught,1,decode
662,zeroed_run,3356973,1170,caught,1,decode
663,truncation,4747908,927861,caught,1,decode
664,header,635,1,SILENT,0,decode
665,payload,4428802,1,SILENT,0,decode
666,bit_flip,3258425,1,SILENT,0,decode
667,random_bytes,4205544,5,caught,1,decode
668,zeroed_run,4945676,3939,caught,1,decode
669,truncation,2177352,3498417,caught,1,decode
670,header,96,1,SILENT,0,decode
671,payload,4820620,1,SILENT,0,decode
672,bit_flip,5150624,1,SILENT,0,decode
673,random_bytes,339026,15,caught,1,decode
674,zeroed_run,530421,2547,caught,1,decode
675,truncation,4455456,1220313,caught,1,decode
676,header,806,1,SILENT,0,decode
677,payload,1428792,1,SILENT,0,decode
678,bit_flip,4368775,1,SILENT,0,decode
679,random_bytes,5567915,16,caught,1,decode
680,zeroed_run,2539248,3423,caught,1,decode
681,truncation,1386857,4288912,caught,1,decode
682,header,267,1,SILENT,0,decode
683,payload,4133602,1,SILENT,0,decode
684,bit_flip,5143482,1,SILENT,0,decode
685,random_bytes,996721,8,caught,1,decode
686,zeroed_run,303491,2125,caught,1,decode
687,truncation,3129148,2546621,caught,1,decode
688,header,496,1,SILENT,0,decode
689,payload,1121864,1,caught,1,decode
690,bit_flip,4251937,1,SILENT,0,decode
691,random_bytes,3895536,15,caught,1,decode
692,zeroed_run,1651390,215,caught,1,decode
693,truncation,930219,4745550,caught,1,decode
694,header,206,1,caught,1,decode
695,payload,1972087,1,SILENT,0,decode
696,bit_flip,31817,1,caught,1,decode
697,random_bytes,4841945,15,caught,1,decode
698,zeroed_run,486549,4013,caught,1,decode
699,truncation,5063806,611963,caught,1,decode
700,header,367,1,SILENT,0,decode
701,payload,4841070,1,SILENT,0,decode
702,bit_flip,1235019,1,SILENT,0,decode
703,random_bytes,1738709,10,caught,1,decode
704,zeroed_run,2436703,2303,caught,1,decode
705,truncation,838043,4837726,caught,1,decode
706,header,902,1,SILENT,0,decode
707,payload,1876670,1,SILENT,0,decode
708,bit_flip,2461574,1,SILENT,0,decode
709,random_bytes,4491425,1,SILENT,0,decode
710,zeroed_run,4884527,405,caught,1,decode
711,truncation,4573004,1102765,caught,1,decode
712,header,822,1,caught,1,decode
713,payload,3018987,1,SILENT,0,decode
714,bit_flip,3516328,1,SILENT,0,decode
715,random_bytes,4069249,15,caught,1,decode
716,zeroed_run,405781,3524,caught,1,decode
717,truncation,3454498,2221271,caught,1,decode
718,header,177,1,SILENT,0,decode
719,payload,4672979,1,SILENT,0,decode
720,bit_flip,5579175,1,SILENT,0,decode
721,random_bytes,5570451,12,caught,1,decode
722,zeroed_run,1502786,367,caught,1,decode
723,truncation,3948024,1727745,caught,1,decode
724,header,901,1,SILENT,0,decode
725,payload,1974778,1,SILENT,0,decode
726,bit_flip,1532633,1,caught,1,decode
727,random_bytes,700522,12,caught,1,decode
728,zeroed_run,4076556,1172,caught,1,decode
729,truncation,922751,4753018,caught,1,decode
730,header,862,1,SILENT,0,decode
731,payload,124462,1,SILENT,0,decode
732,bit_flip,341058,1,caught,1,decode
733,random_bytes,428967,2,caught,1,decode
734,zeroed_run,1779169,3724,caught,1,decode
735,truncation,98296,5577473,caught,1,decode
736,header,97,1,SILENT,0,decode
737,payload,1675139,1,SILENT,0,decode
738,bit_flip,1495429,1,caught,1,decode
739,random_bytes,3589001,8,caught,1,decode
740,zeroed_run,1568341,3245,caught,1,decode
741,truncation,409393,5266376,caught,1,decode
742,header,192,1,SILENT,0,decode
743,payload,4249586,1,SILENT,0,decode
744,bit_flip,3538807,1,SILENT,0,decode
745,random_bytes,3057618,12,caught,1,decode
746,zeroed_run,5398407,3075,caught,1,decode
747,truncation,3352524,2323245,caught,1,decode
748,header,645,1,SILENT,0,decode
749,payload,5064990,1,SILENT,0,decode
750,bit_flip,987253,1,SILENT,0,decode
751,random_bytes,4366579,8,caught,1,decode
752,zeroed_run,4267855,2430,caught,1,decode
753,truncation,55912,5619857,caught,1,decode
754,header,142,1,SILENT,0,decode
755,payload,503011,1,SILENT,0,decode
756,bit_flip,2509053,1,caught,1,decode
757,random_bytes,1770494,4,caught,1,decode
758,zeroed_run,5437585,2183,caught,1,decode
759,truncation,1295605,4380164,caught,1,decode
760,header,417,1,SILENT,0,decode
761,payload,4086272,1,SILENT,0,decode
762,bit_flip,2726286,1,SILENT,0,decode
763,random_bytes,4087870,7,caught,1,decode
764,zeroed_run,1531767,2797,caught,1,decode
765,truncation,3164059,2511710,caught,1,decode
766,header,467,1,SILENT,0,decode
767,payload,2902853,1,caught,1,decode
768,bit_flip,5117990,1,SILENT,0,decode
769,random_bytes,5160092,15,caught,1,decode
770,zeroed_run,3204982,2632,caught,1,decode
771,truncation,2973930,2701839,caught,1,decode
772,header,143,1,caught,1,decode
773,payload,4508064,1,caught,1,decode
774,bit_flip,705189,1,SILENT,0,decode
775,random_bytes,4209004,8,caught,1,decode
776,zeroed_run,2882632,3908,caught,1,decode
777,truncation,4595825,1079944,caught,1,decode
778,header,609,1,SILENT,0,decode
779,payload,4950312,1,SILENT,0,decode
780,bit_flip,3435040,1,SILENT,0,decode
781,random_bytes,2772962,3,caught,1,decode
782,zeroed_run,3427931,143,caught,1,decode
783,truncation,3783521,1892248,caught,1,decode
784,header,758,1,SILENT,0,decode
785,payload,3463821,1,SILENT,0,decode
786,bit_flip,3688611,1,SILENT,0,decode
787,random_bytes,2409564,15,caught,1,decode
788,zeroed_run,1352864,231,caught,1,decode
789,truncation,3656182,2019587,caught,1,decode
790,header,914,1,SILENT,0,decode
791,payload,1208165,1,SILENT,0,decode
792,bit_flip,5303661,1,caught,1,decode
793,random_bytes,2131509,2,SILENT,0,decode
794,zeroed_run,2613307,1287,caught,1,decode
795,truncation,3457881,2217888,caught,1,decode
796,header,219,1,SILENT,0,decode
797,payload,4451391,1,SILENT,0,decode
798,bit_flip,1506281,1,SILENT,0,decode
799,random_bytes,785412,7,caught,1,decode
800,zeroed_run,3488416,2142,caught,1,decode
801,truncation,598465,5077304,caught,1,decode
802,header,1004,1,SILENT,0,decode
803,payload,4695016,1,SILENT,0,decode
804,bit_flip,17516,1,caught,1,decode
805,random_bytes,3379787,10,caught,1,decode
806,zeroed_run,4196833,3211,caught,1,decode
807,truncation,3921178,1754591,caught,1,decode
808,header,427,1,SILENT,0,decode
809,payload,4454624,1,caught,1,decode
810,bit_flip,2525610,1,SILENT,0,decode
811,random_bytes,3398858,13,caught,1,decode
812,zeroed_run,3345579,835,caught,1,decode
813,truncation,491447,5184322,caught,1,decode
814,header,677,1,SILENT,0,decode
815,payload,1639859,1,caught,1,decode
816,bit_flip,2753576,1,SILENT,0,decode
817,random_bytes,2840016,5,caught,1,decode
818,zeroed_run,4342235,1359,caught,1,decode
819,truncation,2632384,3043385,caught,1,decode
820,header,287,1,SILENT,0,decode
821,payload,3849080,1,caught,1,decode
822,bit_flip,4379744,1,caught,1,decode
823,random_bytes,4754458,8,caught,1,decode
824,zeroed_run,5480734,2527,caught,1,decode
825,truncation,4026624,1649145,caught,1,decode
826,header,17,1,caught,1,decode
827,payload,2684402,1,caught,1,decode
828,bit_flip,1650853,1,SILENT,0,decode
829,random_bytes,1727540,2,caught,1,decode
830,zeroed_run,5232724,3812,caught,1,decode
831,truncation,1235127,4440642,caught,1,decode
832,header,552,1,caught,1,decode
833,payload,3358019,1,SILENT,0,decode
834,bit_flip,1701618,1,SILENT,0,decode
835,random_bytes,2220852,3,caught,1,decode
836,zeroed_run,171017,3045,caught,1,decode
837,truncation,2462631,3213138,caught,1,decode
838,header,851,1,SILENT,0,decode
839,payload,2989930,1,SILENT,0,decode
840,bit_flip,2843800,1,caught,1,decode
841,random_bytes,3608829,12,caught,1,decode
842,zeroed_run,3943365,2275,caught,1,decode
843,truncation,3507243,2168526,caught,1,decode
844,header,355,1,SILENT,0,decode
845,payload,3812172,1,SILENT,0,decode
846,bit_flip,1556437,1,SILENT,0,decode
847,random_bytes,4548985,11,caught,1,decode
848,zeroed_run,4338343,941,caught,1,decode
849,truncation,3310090,2365679,caught,1,decode
850,header,846,1,caught,1,decode
851,payload,2534890,1,SILENT,0,decode
852,bit_flip,558211,1,SILENT,0,decode
853,random_bytes,1095359,16,caught,1,decode
854,zeroed_run,4585149,1228,caught,1,decode
855,truncation,3546549,2129220,caught,1,decode
856,header,247,1,SILENT,0,decode
857,payload,2611417,1,caught,1,decode
858,bit_flip,1132151,1,SILENT,0,decode
859,random_bytes,2995472,3,caught,1,decode
860,zeroed_run,3313363,1101,caught,1,decode
861,truncation,5631589,44180,caught,1,decode
862,header,551,1,SILENT,0,decode
863,payload,5273634,1,SILENT,0,decode
864,bit_flip,4538862,1,caught,1,decode
865,random_bytes,4330338,12,caught,1,decode
866,zeroed_run,1592802,3831,caught,1,decode
867,truncation,616856,5058913,caught,1,decode
868,header,752,1,SILENT,0,decode
869,payload,594216,1,SILENT,0,decode
870,bit_flip,1713250,1,SILENT,0,decode
871,random_bytes,390540,7,caught,1,decode
872,zeroed_run,211394,3067,caught,1,decode
873,truncation,2338099,3337670,caught,1,decode
874,header,840,1,SILENT,0,decode
875,payload,4364947,1,SILENT,0,decode
876,bit_flip,5316312,1,SILENT,0,decode
877,random_bytes,5047895,4,caught,1,decode
878,zeroed_run,3227778,948,caught,1,decode
879,truncation,5511378,164391,caught,1,decode
880,header,311,1,SILENT,0,decode
881,payload,4830949,1,SILENT,0,decode
882,bit_flip,3488646,1,SILENT,0,decode
883,random_bytes,1758922,6,caught,1,decode
884,zeroed_run,1713870,119,caught,1,decode
885,truncation,3392816,2282953,caught,1,decode
886,header,934,1,SILENT,0,decode
887,payload,1076558,1,SILENT,0,decode
888,bit_flip,5318406,1,caught,1,decode
889,random_bytes,1660754,2,caught,1,decode
890,zeroed_run,1761871,2213,caught,1,decode
891,truncation,655746,5020023,caught,1,decode
892,header,138,1,caught,1,decode
893,payload,4888448,1,SILENT,0,decode
894,bit_flip,538708,1,SILENT,0,decode
895,random_bytes,478176,12,caught,1,decode
896,zeroed_run,5147867,3688,caught,1,decode
897,truncation,2440880,3234889,caught,1,decode
898,header,585,1,SILENT,0,decode
899,payload,2888429,1,caught,1,decode
900,bit_flip,3381587,1,SILENT,0,decode
901,random_bytes,3540451,4,caught,1,decode
902,zeroed_run,3865922,2573,caught,1,decode
903,truncation,5414040,261729,caught,1,decode
904,header,176,1,caught,1,decode
905,payload,4136508,1,caught,1,decode
906,bit_flip,2146560,1,caught,1,decode
907,random_bytes,2140393,6,caught,1,decode
908,zeroed_run,1247147,1927,caught,1,decode
909,truncation,4930993,744776,caught,1,decode
910,header,924,1,SILENT,0,decode
911,payload,860904,1,caught,1,decode
912,bit_flip,1583575,1,caught,1,decode
913,random_bytes,2485377,7,caught,1,decode
914,zeroed_run,1901634,1105,caught,1,decode
915,truncation,4148087,1527682,caught,1,decode
916,header,327,1,SILENT,0,decode
917,payload,203509,1,caught,1,decode
918,bit_flip,2612848,1,SILENT,0,decode
919,random_bytes,1943594,13,caught,1,decode
920,zeroed_run,2367180,165,caught,1,decode
921,truncation,2101167,3574602,caught,1,decode
922,header,774,1,SILENT,0,decode
923,payload,1721942,1,SILENT,0,decode
924,bit_flip,2186728,1,SILENT,0,decode
925,random_bytes,5370636,15,caught,1,decode
926,zeroed_run,2676766,1345,caught,1,decode
927,truncation,2332399,3343370,caught,1,decode
928,header,660,1,SILENT,0,decode
929,payload,2924226,1,SILENT,0,decode
930,bit_flip,2253794,1,SILENT,0,decode
931,random_bytes,70812,3,caught,1,decode
932,zeroed_run,2890130,2271,caught,1,decode
933,truncation,1569147,4106622,caught,1,decode
934,header,365,1,SILENT,0,decode
935,payload,2234354,1,SILENT,0,decode
936,bit_flip,130942,1,caught,1,decode
937,random_bytes,5146796,7,caught,1,decode
938,zeroed_run,4052933,174,caught,1,decode
939,truncation,5150597,525172,caught,1,decode
940,header,188,1,SILENT,0,decode
941,payload,2131288,1,SILENT,0,decode
942,bit_flip,3011795,1,caught,1,decode
943,random_bytes,4957128,14,caught,1,decode
944,zeroed_run,172850,2274,caught,1,decode
945,truncation,4170314,1505455,caught,1,decode
946,header,675,1,SILENT,0,decode
947,payload,3645535,1,SILENT,0,decode
948,bit_flip,2650594,1,SILENT,0,decode
949,random_bytes,1938742,10,caught,1,decode
950,zeroed_run,2866282,2606,caught,1,decode
951,truncation,754123,4921646,caught,1,decode
952,header,80,1,SILENT,0,decode
953,payload,1756018,1,SILENT,0,decode
954,bit_flip,649146,1,caught,1,decode
955,random_bytes,2055357,7,caught,1,decode
956,zeroed_run,4768462,1294,caught,1,decode
957,truncation,5228565,447204,caught,1,decode
958,header,790,1,SILENT,0,decode
959,payload,5577957,1,SILENT,0,decode
960,bit_flip,2294607,1,SILENT,0,decode
961,random_bytes,1904366,7,caught,1,decode
962,zeroed_run,894195,3112,caught,1,decode
963,truncation,1203752,4472017,caught,1,decode
964,header,974,1,SILENT,0,decode
965,payload,2087601,1,caught,1,decode
966,bit_flip,5571263,1,SILENT,0,decode
967,random_bytes,191460,13,caught,1,decode
968,zeroed_run,4539478,904,caught,1,decode
969,truncation,2102514,3573255,caught,1,decode
970,header,375,1,SILENT,0,decode
971,payload,2343823,1,SILENT,0,decode
972,bit_flip,3048161,1,SILENT,0,decode
973,random_bytes,2909886,11,caught,1,decode
974,zeroed_run,595863,2272,caught,1,decode
975,truncation,1796271,3879498,caught,1,decode
976,header,645,1,SILENT,0,decode
977,payload,479877,1,caught,1,decode
978,bit_flip,4117736,1,caught,1,decode
979,random_bytes,3797295,9,caught,1,decode
980,zeroed_run,3968451,502,caught,1,decode
981,truncation,1168588,4507181,caught,1,decode
982,header,670,1,SILENT,0,decode
983,payload,4702579,1,caught,1,decode
984,bit_flip,4782172,1,SILENT,0,decode
985,random_bytes,3249402,7,caught,1,decode
986,zeroed_run,1338373,1509,caught,1,decode
987,truncation,4168526,1507243,caught,1,decode
988,header,220,1,SILENT,0,decode
989,payload,2501675,1,caught,1,decode
990,bit_flip,2942801,1,caught,1,decode
991,random_bytes,3298,5,caught,1,decode
992,zeroed_run,2958173,3568,caught,1,decode
993,truncation,4926067,749702,caught,1,decode
994,header,639,1,SILENT,0,decode
995,payload,3012530,1,SILENT,0,decode
996,bit_flip,4088122,1,SILENT,0,decode
997,random_bytes,695961,8,caught,1,decode
998,zeroed_run,1245399,2417,caught,1,decode
999,truncation,1349095,4326674,caught,1,decode
1000,header,458,1,caught,1,decode
1001,payload,3800734,1,SILENT,0,decode
1002,bit_flip,3995081,1,SILENT,0,decode
1003,random_bytes,4469757,2,SILENT,0,decode
1004,zeroed_run,2516746,3007,caught,1,decode
1005,truncation,1112606,4563163,caught,1,decode
1006,header,732,1,SILENT,0,decode
1007,payload,632578,1,SILENT,0,decode
1008,bit_flip,4905102,1,SILENT,0,decode
1009,random_bytes,1442151,8,caught,1,decode
1010,zeroed_run,4569277,3259,caught,1,decode
1011,truncation,9034,5666735,caught,1,decode
1012,header,572,1,SILENT,0,decode
1013,payload,3882022,1,caught,1,decode
1014,bit_flip,1869940,1,SILENT,0,decode
1015,random_bytes,241922,1,SILENT,0,decode
1016,zeroed_run,4251381,1083,caught,1,decode
1017,truncation,5454566,221203,caught,1,decode
1018,header,820,1,SILENT,0,decode
1019,payload,458424,1,caught,1,decode
1020,bit_flip,580552,1,caught,1,decode
1021,random_bytes,5318253,9,caught,1,decode
1022,zeroed_run,2650136,1016,caught,1,decode
1023,truncation,27461,5648308,caught,1,decode
1024,header,834,1,SILENT,0,decode
1025,payload,3034210,1,SILENT,0,decode
1026,bit_flip,3047960,1,caught,1,decode
1027,random_bytes,5391965,12,caught,1,decode
1028,zeroed_run,929661,3546,caught,1,decode
1029,truncation,1648134,4027635,caught,1,decode
1030,header,621,1,SILENT,0,decode
1031,payload,2958659,1,caught,1,decode
1032,bit_flip,1594713,1,SILENT,0,decode
1033,random_bytes,2098587,16,caught,1,decode
1034,zeroed_run,5275430,2951,caught,1,decode
1035,truncation,1162921,4512848,caught,1,decode
1036,header,47,1,caught,1,decode
1037,payload,1881113,1,SILENT,0,decode
1038,bit_flip,1706608,1,SILENT,0,decode
1039,random_bytes,2707278,13,caught,1,decode
1040,zeroed_run,1758844,419,caught,1,decode
1041,truncation,1990555,3685214,caught,1,decode
1042,header,933,1,SILENT,0,decode
1043,payload,3150065,1,caught,1,decode
1044,bit_flip,2831755,1,SILENT,0,decode
1045,random_bytes,1071284,3,caught,1,decode
1046,zeroed_run,2000475,803,caught,1,decode
1047,truncation,4856742,819027,caught,1,decode
1048,header,339,1,SILENT,0,decode
1049,payload,5005509,1,SILENT,0,decode
1050,bit_flip,5168262,1,SILENT,0,decode
1051,random_bytes,4838971,10,caught,1,decode
1052,zeroed_run,1556548,2169,caught,1,decode
1053,truncation,4314406,1361363,caught,1,decode
1054,header,74,1,SILENT,0,decode
1055,payload,2085557,1,SILENT,0,decode
1056,bit_flip,954271,1,caught,1,decode
1057,random_bytes,2858864,12,caught,1,decode
1058,zeroed_run,721120,3426,caught,1,decode
1059,truncation,2255867,3419902,caught,1,decode
1060,header,100,1,caught,1,decode
1061,payload,951904,1,SILENT,0,decode
1062,bit_flip,3127373,1,caught,1,decode
1063,random_bytes,725860,13,caught,1,decode
1064,zeroed_run,1340219,3452,caught,1,decode
1065,truncation,5586159,89610,caught,1,decode
1066,header,500,1,SILENT,0,decode
1067,payload,3644737,1,SILENT,0,decode
1068,bit_flip,776753,1,SILENT,0,decode
1069,random_bytes,4567565,2,caught,1,decode
1070,zeroed_run,4692476,1834,caught,1,decode
1071,truncation,4018517,1657252,caught,1,decode
1072,header,559,1,SILENT,0,decode
1073,payload,3987288,1,SILENT,0,decode
1074,bit_flip,3344015,1,SILENT,0,decode
1075,random_bytes,2325212,1,caught,1,decode
1076,zeroed_run,1061597,3270,caught,1,decode
1077,truncation,3895967,1779802,caught,1,decode
1078,header,337,1,SILENT,0,decode
1079,payload,4404642,1,SILENT,0,decode
1080,bit_flip,2245013,1,SILENT,0,decode
1081,random_bytes,5291080,5,caught,1,decode
1082,zeroed_run,5654345,778,caught,1,decode
1083,truncation,5156279,519490,caught,1,decode
1084,header,235,1,SILENT,0,decode
1085,payload,3008794,1,SILENT,0,decode
1086,bit_flip,1721609,1,SILENT,0,decode
1087,random_bytes,5652805,12,caught,1,decode
1088,zeroed_run,4182146,83,caught,1,decode
1089,truncation,4329436,1346333,caught,1,decode
1090,header,747,1,SILENT,0,decode
1091,payload,4999148,1,caught,1,decode
1092,bit_flip,4652349,1,caught,1,decode
1093,random_bytes,5196684,15,caught,1,decode
1094,zeroed_run,5556801,2301,caught,1,decode
1095,truncation,1922492,3753277,caught,1,decode
1096,header,379,1,SILENT,0,decode
1097,payload,2954227,1,SILENT,0,decode
1098,bit_flip,226597,1,SILENT,0,decode
1099,random_bytes,640130,15,caught,1,decode
1100,zeroed_run,3375620,2479,caught,1,decode
1101,truncation,2005573,3670196,caught,1,decode
1102,header,821,1,SILENT,0,decode
1103,payload,4706650,1,caught,1,decode
1104,bit_flip,353166,1,SILENT,0,decode
1105,random_bytes,3097646,16,caught,1,decode
1106,zeroed_run,4609918,1732,caught,1,decode
1107,truncation,4682093,993676,caught,1,decode
1108,header,539,1,SILENT,0,decode
1109,payload,791584,1,caught,1,decode
1110,bit_flip,5192263,1,SILENT,0,decode
1111,random_bytes,1145158,8,caught,1,decode
1112,zeroed_run,5224537,3732,caught,1,decode
1113,truncation,4424400,1251369,caught,1,decode
1114,header,761,1,caught,1,decode
1115,payload,2482828,1,SILENT,0,decode
1116,bit_flip,318371,1,SILENT,0,decode
1117,random_bytes,4573128,7,caught,1,decode
1118,zeroed_run,679846,1941,caught,1,decode
1119,truncation,1593545,4082224,caught,1,decode
1120,header,162,1,SILENT,0,decode
1121,payload,4265277,1,SILENT,0,decode
1122,bit_flip,2247860,1,caught,1,decode
1123,random_bytes,1091353,11,caught,1,decode
1124,zeroed_run,676777,1549,caught,1,decode
1125,truncation,3784100,1891669,caught,1,decode
1126,header,116,1,SILENT,0,decode
1127,payload,5512606,1,SILENT,0,decode
1128,bit_flip,1388474,1,SILENT,0,decode
1129,random_bytes,3550544,3,caught,1,decode
1130,zeroed_run,141532,515,caught,1,decode
1131,truncation,1644336,4031433,caught,1,decode
1132,header,208,1,SILENT,0,decode
1133,payload,1341746,1,caught,1,decode
1134,bit_flip,3156790,1,caught,1,decode
1135,random_bytes,1080554,7,caught,1,decode
1136,zeroed_run,2169239,842,caught,1,decode
1137,truncation,980367,4695402,caught,1,decode
1138,header,380,1,SILENT,0,decode
1139,payload,2035013,1,SILENT,0,decode
1140,bit_flip,5496577,1,caught,1,decode
1141,random_bytes,2130762,5,caught,1,decode
1142,zeroed_run,1768114,487,caught,1,decode
1143,truncation,4266523,1409246,caught,1,decode
1144,header,170,1,SILENT,0,decode
1145,payload,4753074,1,caught,1,decode
1146,bit_flip,5212772,1,SILENT,0,decode
1147,random_bytes,5171737,11,caught,1,decode
1148,zeroed_run,2407151,224,caught,1,decode
1149,truncation,2010424,3665345,caught,1,decode
1150,header,247,1,SILENT,0,decode
1151,payload,3164920,1,caught,1,decode
1152,bit_flip,1777941,1,caught,1,decode
1153,random_bytes,67668,1,caught,1,decode
1154,zeroed_run,5521544,172,caught,1,decode
1155,truncation,4829814,845955,caught,1,decode
1156,header,510,1,SILENT,0,decode
1157,payload,5192936,1,caught,1,decode
1158,bit_flip,3861046,1,SILENT,0,decode
1159,random_bytes,2304669,2,caught,1,decode
1160,zeroed_run,2117074,2618,caught,1,decode
1161,truncation,23124,5652645,caught,1,decode
1162,header,5,1,caught,1,decode
1163,payload,5410075,1,SILENT,0,decode
1164,bit_flip,4533940,1,caught,1,decode
1165,random_bytes,4930289,14,caught,1,decode
1166,zeroed_run,5184704,3601,caught,1,decode
1167,truncation,2763951,2911818,caught,1,decode
1168,header,178,1,SILENT,0,decode
1169,payload,4978237,1,SILENT,0,decode
1170,bit_flip,3350386,1,SILENT,0,decode
1171,random_bytes,3143741,6,caught,1,decode
1172,zeroed_run,4223734,3566,caught,1,decode
1173,truncation,845752,4830017,caught,1,decode
1174,header,276,1,SILENT,0,decode
1175,payload,5398965,1,SILENT,0,decode
1176,bit_flip,5662297,1,SILENT,0,decode
1177,random_bytes,3570959,11,caught,1,decode
1178,zeroed_run,4485720,2515,caught,1,decode
1179,truncation,3829173,1846596,caught,1,decode
1180,header,940,1,SILENT,0,decode
1181,payload,2873277,1,caught,1,decode
1182,bit_flip,1793806,1,SILENT,0,decode
1183,random_bytes,787089,5,caught,1,decode
1184,zeroed_run,3094102,1720,caught,1,decode
1185,truncation,3444860,2230909,caught,1,decode
1186,header,116,1,SILENT,0,decode
1187,payload,1775956,1,caught,1,decode
1188,bit_flip,4241042,1,SILENT,0,decode
1189,random_bytes,4534478,8,caught,1,decode
1190,zeroed_run,2079528,2976,caught,1,decode
1191,truncation,2544944,3130825,caught,1,decode
1192,header,859,1,SILENT,0,decode
1193,payload,1069888,1,SILENT,0,decode
1194,bit_flip,1187326,1,SILENT,0,decode
1195,random_bytes,2692480,6,caught,1,decode
1196,zeroed_run,2522342,23,caught,1,decode
1197,truncation,5205296,470473,caught,1,decode
1198,header,640,1,SILENT,0,decode
1199,payload,1221298,1,SILENT,0,decode
1200,bit_flip,5452001,1,SILENT,0,decode
1201,random_bytes,2875924,11,caught,1,decode
1202,zeroed_run,1999875,688,caught,1,decode
1203,truncation,195857,5479912,caught,1,decode
1204,header,66,1,SILENT,0,decode
1205,payload,1507792,1,caught,1,decode
1206,bit_flip,5568605,1,caught,1,decode
1207,random_bytes,5577351,11,caught,1,decode
1208,zeroed_run,3655013,1753,caught,1,decode
1209,truncation,4698092,977677,caught,1,decode
1210,header,645,1,caught,1,decode
1211,payload,2123110,1,caught,1,decode
1212,bit_flip,5274726,1,SILENT,0,decode
1213,random_bytes,4196085,8,caught,1,decode
1214,zeroed_run,5214636,627,caught,1,decode
1215,truncation,4776751,899018,caught,1,decode
1216,header,954,1,SILENT,0,decode
1217,payload,4611886,1,caught,1,decode
1218,bit_flip,4840747,1,SILENT,0,decode
1219,random_bytes,204759,15,caught,1,decode
1220,zeroed_run,5093528,3516,caught,1,decode
1221,truncation,3356910,2318859,caught,1,decode
1222,header,923,1,SILENT,0,decode
1223,payload,3786382,1,SILENT,0,decode
1224,bit_flip,1713141,1,SILENT,0,decode
1225,random_bytes,2827794,15,caught,1,decode
1226,zeroed_run,457144,1788,caught,1,decode
1227,truncation,5503929,171840,caught,1,decode
1228,header,43,1,SILENT,0,decode
1229,payload,992624,1,caught,1,decode
1230,bit_flip,2939581,1,SILENT,0,decode
1231,random_bytes,5603369,16,caught,1,decode
1232,zeroed_run,44511,464,caught,1,decode
1233,truncation,5510869,164900,caught,1,decode
1234,header,60,1,caught,1,decode
1235,payload,1072181,1,SILENT,0,decode
1236,bit_flip,405379,1,caught,1,decode
1237,random_bytes,636345,12,caught,1,decode
1238,zeroed_run,4863620,2319,caught,1,decode
1239,truncation,5620808,54961,caught,1,decode
1240,header,1019,1,SILENT,0,decode
1241,payload,3624390,1,caught,1,decode
1242,bit_flip,852780,1,caught,1,decode
1243,random_bytes,4167792,10,caught,1,decode
1244,zeroed_run,1891161,1016,caught,1,decode
1245,truncation,3515863,2159906,caught,1,decode
1246,header,205,1,SILENT,0,decode
1247,payload,2343733,1,SILENT,0,decode
1248,bit_flip,1209599,1,SILENT,0,decode
1249,random_bytes,5611495,13,caught,1,decode
1250,zeroed_run,4206681,2126,caught,1,decode
1251,truncation,2197446,3478323,caught,1,decode
1252,header,2,1,caught,1,decode
1253,payload,2474772,1,SILENT,0,decode
1254,bit_flip,4693067,1,SILENT,0,decode
1255,random_bytes,5641559,15,caught,1,decode
1256,zeroed_run,133802,1210,caught,1,decode
1257,truncation,4355799,1319970,caught,1,decode
1258,header,418,1,SILENT,0,decode
1259,payload,5497719,1,SILENT,0,decode
1260,bit_flip,5116489,1,SILENT,0,decode
1261,random_bytes,4464520,8,caught,1,decode
1262,zeroed_run,5527952,1110,caught,1,decode
1263,truncation,5489940,185829,caught,1,decode
1264,header,949,1,SILENT,0,decode
1265,payload,1296502,1,SILENT,0,decode
1266,bit_flip,3218775,1,SILENT,0,decode
1267,random_bytes,435028,7,caught,1,decode
1268,zeroed_run,4504910,1150,caught,1,decode
1269,truncation,805176,4870593,caught,1,decode
1270,header,307,1,SILENT,0,decode
1271,payload,3529913,1,SILENT,0,decode
1272,bit_flip,3480779,1,caught,1,decode
1273,random_bytes,3315356,8,caught,1,decode
1274,zeroed_run,237105,1901,caught,1,decode
1275,truncation,575833,5099936,caught,1,decode
1276,header,657,1,SILENT,0,decode
1277,payload,1972594,1,caught,1,decode
1278,bit_flip,345734,1,SILENT,0,decode
1279,random_bytes,5234659,4,caught,1,decode
1280,zeroed_run,3158814,1287,caught,1,decode
1281,truncation,4047380,1628389,caught,1,decode
1282,header,907,1,SILENT,0,decode
1283,payload,3592135,1,caught,1,decode
1284,bit_flip,4109964,1,SILENT,0,decode
1285,random_bytes,1419747,1,SILENT,0,decode
1286,zeroed_run,2259442,2521,caught,1,decode
1287,truncation,2709099,2966670,caught,1,decode
1288,header,704,1,SILENT,0,decode
1289,payload,1878106,1,caught,1,decode
1290,bit_flip,3746607,1,SILENT,0,decode
1291,random_bytes,2635423,6,caught,1,decode
1292,zeroed_run,1631445,674,caught,1,decode
1293,truncation,2220687,3455082,caught,1,decode
1294,header,420,1,SILENT,0,decode
1295,payload,3849458,1,caught,1,decode
1296,bit_flip,5002596,1,SILENT,0,decode
1297,random_bytes,5101954,11,caught,1,decode
1298,zeroed_run,4518608,1089,caught,1,decode
1299,truncation,156385,5519384,caught,1,decode
1300,header,908,1,SILENT,0,decode
1301,payload,5068604,1,SILENT,0,decode
1302,bit_flip,1988297,1,SILENT,0,decode
1303,random_bytes,1119243,4,caught,1,decode
1304,zeroed_run,2145888,389,caught,1,decode
1305,truncation,508932,5166837,caught,1,decode
1306,header,855,1,SILENT,0,decode
1307,payload,3799717,1,caught,1,decode
1308,bit_flip,4712197,1,caught,1,decode
1309,random_bytes,1375847,15,caught,1,decode
1310,zeroed_run,765140,2625,caught,1,decode
1311,truncation,647909,5027860,caught,1,decode
1312,header,139,1,SILENT,0,decode
1313,payload,1974560,1,SILENT,0,decode
1314,bit_flip,1902809,1,SILENT,0,decode
1315,random_bytes,4017001,6,caught,1,decode
1316,zeroed_run,3924367,910,caught,1,decode
1317,truncation,2865207,2810562,caught,1,decode
1318,header,355,1,SILENT,0,decode
1319,payload,3612895,1,SILENT,0,decode
1320,bit_flip,3107412,1,SILENT,0,decode
1321,random_bytes,5164585,8,caught,1,decode
1322,zeroed_run,4950055,3909,caught,1,decode
1323,truncation,4745551,930218,caught,1,decode
1324,header,170,1,SILENT,0,decode
1325,payload,1058846,1,caught,1,decode
1326,bit_flip,486080,1,SILENT,0,decode
1327,random_bytes,5150637,5,caught,1,decode
1328,zeroed_run,1302308,2188,caught,1,decode
1329,truncation,776957,4898812,caught,1,decode
1330,header,41,1,SILENT,0,decode
1331,payload,5645974,1,SILENT,0,decode
1332,bit_flip,2730178,1,SILENT,0,decode
1333,random_bytes,2693640,13,caught,1,decode
1334,zeroed_run,2702734,2994,caught,1,decode
1335,truncation,4469806,1205963,caught,1,decode
1336,header,892,1,SILENT,0,decode
1337,payload,5427381,1,caught,1,decode
1338,bit_flip,3005468,1,SILENT,0,decode
1339,random_bytes,2670957,4,caught,1,decode
1340,zeroed_run,1377534,2810,caught,1,decode
1341,truncation,832776,4842993,caught,1,decode
1342,header,494,1,SILENT,0,decode
1343,payload,1234909,1,SILENT,0,decode
1344,bit_flip,4219281,1,caught,1,decode
1345,random_bytes,2319468,10,caught,1,decode
1346,zeroed_run,580715,3551,caught,1,decode
1347,truncation,5318096,357673,caught,1,decode
1348,header,103,1,caught,1,decode
1349,payload,2114017,1,SILENT,0,decode
1350,bit_flip,4974066,1,caught,1,decode
1351,random_bytes,306592,14,caught,1,decode
1352,zeroed_run,1255872,3395,caught,1,decode
1353,truncation,579724,5096045,caught,1,decode
1354,header,82,1,SILENT,0,decode
1355,payload,1976072,1,caught,1,decode
1356,bit_flip,1894841,1,SILENT,0,decode
1357,random_bytes,4283579,3,caught,1,decode
1358,zeroed_run,2657727,3357,caught,1,decode
1359,truncation,2276403,3399366,caught,1,decode
1360,header,570,1,SILENT,0,decode
1361,payload,3400014,1,caught,1,decode
1362,bit_flip,437654,1,SILENT,0,decode
1363,random_bytes,3035855,8,caught,1,decode
1364,zeroed_run,2792993,2994,caught,1,decode
1365,truncation,4486061,1189708,caught,1,decode
1366,header,312,1,SILENT,0,decode
1367,payload,941454,1,SILENT,0,decode
1368,bit_flip,4008569,1,caught,1,decode
1369,random_bytes,2440283,8,caught,1,decode
1370,zeroed_run,4038240,1118,caught,1,decode
1371,truncation,1287116,4388653,caught,1,decode
1372,header,672,1,SILENT,0,decode
1373,payload,5321183,1,caught,1,decode
1374,bit_flip,368109,1,SILENT,0,decode
1375,random_bytes,2025940,1,SILENT,0,decode
1376,zeroed_run,4064208,3004,caught,1,decode
1377,truncation,1801813,3873956,caught,1,decode
1378,header,813,1,caught,1,decode
1379,payload,3382490,1,caught,1,decode
1380,bit_flip,4044060,1,caught,1,decode
1381,random_bytes,4213014,7,caught,1,decode
1382,zeroed_run,3073453,3702,caught,1,decode
1383,truncation,12757,5663012,caught,1,decode
1384,header,997,1,SILENT,0,decode
1385,payload,2575013,1,SILENT,0,decode
1386,bit_flip,1366787,1,caught,1,decode
1387,random_bytes,4636876,4,caught,1,decode
1388,zeroed_run,5140534,3286,caught,1,decode
1389,truncation,916366,4759403,caught,1,decode
1390,header,310,1,SILENT,0,decode
1391,payload,4097295,1,SILENT,0,decode
1392,bit_flip,136335,1,caught,1,decode
1393,random_bytes,287646,4,caught,1,decode
1394,zeroed_run,3508255,3773,caught,1,decode
1395,truncation,2132630,3543139,caught,1,decode
1396,header,672,1,SILENT,0,decode
1397,payload,2933209,1,SILENT,0,decode
1398,bit_flip,1899657,1,SILENT,0,decode
1399,random_bytes,651097,16,caught,1,decode
1400,zeroed_run,4050885,1510,caught,1,decode
1401,truncation,2853384,2822385,caught,1,decode
1402,header,491,1,SILENT,0,decode
1403,payload,4480203,1,SILENT,0,decode
1404,bit_flip,2399732,1,caught,1,decode
1405,random_bytes,1849183,9,caught,1,decode
1406,zeroed_run,3473137,1217,caught,1,decode
1407,truncation,60082,5615687,caught,1,decode
1408,header,446,1,caught,1,decode
1409,payload,1486255,1,SILENT,0,decode
1410,bit_flip,632523,1,SILENT,0,decode
1411,random_bytes,3429858,3,caught,1,decode
1412,zeroed_run,4500906,641,caught,1,decode
1413,truncation,4810166,865603,caught,1,decode
1414,header,49,1,caught,1,decode
1415,payload,251033,1,SILENT,0,decode
1416,bit_flip,478859,1,SILENT,0,decode
1417,random_bytes,1998239,6,caught,1,decode
1418,zeroed_run,4930341,3195,caught,1,decode
1419,truncation,1034114,4641655,caught,1,decode
1420,header,597,1,SILENT,0,decode
1421,payload,1391447,1,SILENT,0,decode
1422,bit_flip,1806225,1,SILENT,0,decode
1423,random_bytes,4481625,7,caught,1,decode
1424,zeroed_run,5290790,3164,caught,1,decode
1425,truncation,623305,5052464,caught,1,decode
1426,header,917,1,caught,1,decode
1427,payload,1650736,1,SILENT,0,decode
1428,bit_flip,5614200,1,SILENT,0,decode
1429,random_bytes,5664045,7,caught,1,decode
1430,zeroed_run,3417543,2162,caught,1,decode
1431,truncation,3046244,2629525,caught,1,decode
1432,header,673,1,SILENT,0,decode
1433,payload,2349926,1,caught,1,decode
1434,bit_flip,1056363,1,SILENT,0,decode
1435,random_bytes,2087621,5,caught,1,decode
1436,zeroed_run,4798867,3091,caught,1,decode
1437,truncation,6937,5668832,caught,1,decode
1438,header,771,1,SILENT,0,decode
1439,payload,4175163,1,SILENT,0,decode
1440,bit_flip,5085057,1,SILENT,0,decode
1441,random_bytes,2924613,1,caught,1,decode
1442,zeroed_run,1300122,2496,caught,1,decode
1443,truncation,266793,5408976,caught,1,decode
1444,header,878,1,SILENT,0,decode
1445,payload,390983,1,caught,1,decode
1446,bit_flip,905501,1,caught,1,decode
1447,random_bytes,161414,9,caught,1,decode
1448,zeroed_run,2495508,3263,caught,1,decode
1449,truncation,2010795,3664974,caught,1,decode
1450,header,373,1,SILENT,0,decode
1451,payload,554080,1,caught,1,decode
1452,bit_flip,3149387,1,caught,1,decode
1453,random_bytes,3771978,4,caught,1,decode
1454,zeroed_run,259267,2374,caught,1,decode
1455,truncation,2972621,2703148,caught,1,decode
1456,header,152,1,SILENT,0,decode
1457,payload,1434162,1,caught,1,decode
1458,bit_flip,5578487,1,SILENT,0,decode
1459,random_bytes,372604,4,caught,1,decode
1460,zeroed_run,3931410,3934,caught,1,decode
1461,truncation,2829832,2845937,caught,1,decode
1462,header,778,1,caught,1,decode
1463,payload,587844,1,caught,1,decode
1464,bit_flip,2490776,1,SILENT,0,decode
1465,random_bytes,58971,16,caught,1,decode
1466,zeroed_run,2872693,1232,caught,1,decode
1467,truncation,1248507,4427262,caught,1,decode
1468,header,1009,1,SILENT,0,decode
1469,payload,5511814,1,SILENT,0,decode
1470,bit_flip,1053102,1,SILENT,0,decode
1471,random_bytes,3098662,16,caught,1,decode
1472,zeroed_run,2917211,2594,caught,1,decode
1473,truncation,2689178,2986591,caught,1,decode
1474,header,171,1,caught,1,decode
1475,payload,1595771,1,SILENT,0,decode
1476,bit_flip,4465305,1,caught,1,decode
1477,random_bytes,4266209,5,caught,1,decode
1478,zeroed_run,2038702,543,caught,1,decode
1479,truncation,503855,5171914,caught,1,decode
1480,header,279,1,caught,1,decode
1481,payload,4175853,1,SILENT,0,decode
1482,bit_flip,3786055,1,caught,1,decode
1483,random_bytes,2792358,8,caught,1,decode
1484,zeroed_run,2047632,2894,caught,1,decode
1485,truncation,2522974,3152795,caught,1,decode
1486,header,377,1,SILENT,0,decode
1487,payload,3175791,1,SILENT,0,decode
1488,bit_flip,1619497,1,SILENT,0,decode
1489,random_bytes,3909338,9,caught,1,decode
1490,zeroed_run,2706025,3308,caught,1,decode
1491,truncation,1062474,4613295,caught,1,decode
1492,header,266,1,SILENT,0,decode
1493,payload,1449100,1,SILENT,0,decode
1494,bit_flip,2277845,1,SILENT,0,decode
1495,random_bytes,1149676,13,caught,1,decode
1496,zeroed_run,5445782,3449,caught,1,decode
1497,truncation,4006990,1668779,caught,1,decode
1498,header,538,1,caught,1,decode
1499,payload,55919,1,SILENT,0,decode
1500,bit_flip,4309235,1,SILENT,0,decode
1501,random_bytes,4271164,15,caught,1,decode
1502,zeroed_run,5638570,1841,caught,1,decode
1503,truncation,751737,4924032,caught,1,decode
1504,header,340,1,SILENT,0,decode
1505,payload,3311342,1,SILENT,0,decode
1506,bit_flip,2567830,1,SILENT,0,decode
1507,random_bytes,5005715,8,caught,1,decode
1508,zeroed_run,2255746,1198,caught,1,decode
1509,truncation,5391131,284638,caught,1,decode
1510,header,830,1,SILENT,0,decode
1511,payload,2438968,1,caught,1,decode
1512,bit_flip,4659818,1,SILENT,0,decode
1513,random_bytes,32697,14,caught,1,decode
1514,zeroed_run,1417500,136,caught,1,decode
1515,truncation,4800659,875110,caught,1,decode
1516,header,370,1,SILENT,0,decode
1517,payload,769349,1,SILENT,0,decode
1518,bit_flip,1669256,1,SILENT,0,decode
1519,random_bytes,5226779,12,caught,1,decode
1520,zeroed_run,2986360,1770,caught,1,decode
1521,truncation,2016100,3659669,caught,1,decode
1522,header,416,1,SILENT,0,decode
1523,payload,4861108,1,SILENT,0,decode
1524,bit_flip,3181457,1,SILENT,0,decode
1525,random_bytes,5022302,15,caught,1,decode
1526,zeroed_run,991458,415,caught,1,decode
1527,truncation,2378063,3297706,caught,1,decode
1528,header,885,1,SILENT,0,decode
1529,payload,2494311,1,SILENT,0,decode
1530,bit_flip,5581696,1,caught,1,decode
1531,random_bytes,2901200,3,caught,1,decode
1532,zeroed_run,1379897,154,caught,1,decode
1533,truncation,4799769,876000,caught,1,decode
1534,header,782,1,SILENT,0,decode
1535,payload,2100486,1,SILENT,0,decode
1536,bit_flip,2961355,1,SILENT,0,decode
1537,random_bytes,2325202,12,caught,1,decode
1538,zeroed_run,2007654,2348,caught,1,decode
1539,truncation,5173842,501927,caught,1,decode
1540,header,105,1,SILENT,0,decode
1541,payload,866120,1,SILENT,0,decode
1542,bit_flip,976474,1,SILENT,0,decode
1543,random_bytes,3304232,16,caught,1,decode
1544,zeroed_run,5310457,560,caught,1,decode
1545,truncation,1258759,4417010,caught,1,decode
1546,header,469,1,SILENT,0,decode
1547,payload,1806249,1,SILENT,0,decode
1548,bit_flip,385058,1,SILENT,0,decode
1549,random_bytes,3783152,6,caught,1,decode
1550,zeroed_run,720841,375,caught,1,decode
1551,truncation,409387,5266382,caught,1,decode
1552,header,259,1,SILENT,0,decode
1553,payload,109378,1,SILENT,0,decode
1554,bit_flip,4814889,1,SILENT,0,decode
1555,random_bytes,2456722,6,caught,1,decode
1556,zeroed_run,984743,1119,caught,1,decode
1557,truncation,186041,5489728,caught,1,decode
1558,header,729,1,caught,1,decode
1559,payload,3156157,1,caught,1,decode
1560,bit_flip,3850888,1,SILENT,0,decode
1561,random_bytes,1618496,9,caught,1,decode
1562,zeroed_run,1807809,1047,caught,1,decode
1563,truncation,3545808,2129961,caught,1,decode
1564,header,280,1,SILENT,0,decode
1565,payload,1150574,1,SILENT,0,decode
1566,bit_flip,3919577,1,caught,1,decode
1567,random_bytes,2862952,5,caught,1,decode
1568,zeroed_run,4400098,758,caught,1,decode
1569,truncation,4686597,989172,caught,1,decode
1570,header,194,1,SILENT,0,decode
1571,payload,2893948,1,SILENT,0,decode
1572,bit_flip,2491462,1,SILENT,0,decode
1573,random_bytes,2550817,10,caught,1,decode
1574,zeroed_run,3978518,1636,caught,1,decode
1575,truncation,1935467,3740302,caught,1,decode
1576,header,910,1,SILENT,0,decode
1577,payload,4079914,1,SILENT,0,decode
1578,bit_flip,4955791,1,caught,1,decode
1579,random_bytes,677146,9,caught,1,decode
1580,zeroed_run,2836356,3745,caught,1,decode
1581,truncation,3320099,2355670,caught,1,decode
1582,header,392,1,SILENT,0,decode
1583,payload,5642698,1,SILENT,0,decode
1584,bit_flip,3120608,1,caught,1,decode
1585,random_bytes,2147584,7,caught,1,decode
1586,zeroed_run,1106287,2885,caught,1,decode
1587,truncation,2894192,2781577,caught,1,decode
1588,header,42,1,SILENT,0,decode
1589,payload,309050,1,SILENT,0,decode
1590,bit_flip,5310017,1,caught,1,decode
1591,random_bytes,4379932,2,caught,1,decode
1592,zeroed_run,888374,2773,caught,1,decode
1593,truncation,802707,4873062,caught,1,decode
1594,header,40,1,SILENT,0,decode
1595,payload,1182378,1,SILENT,0,decode
1596,bit_flip,3339777,1,SILENT,0,decode
1597,random_bytes,4417516,15,caught,1,decode
1598,zeroed_run,4745647,1857,caught,1,decode
1599,truncation,2245071,3430698,caught,1,decode
1600,header,699,1,SILENT,0,decode
1601,payload,1002590,1,SILENT,0,decode
1602,bit_flip,48265,1,SILENT,0,decode
1603,random_bytes,4022568,1,caught,1,decode
1604,zeroed_run,1126133,1597,caught,1,decode
1605,truncation,1177552,4498217,caught,1,decode
1606,header,381,1,SILENT,0,decode
1607,payload,3705550,1,SILENT,0,decode
1608,bit_flip,652392,1,SILENT,0,decode
1609,random_bytes,2410585,15,caught,1,decode
1610,zeroed_run,3841725,3131,caught,1,decode
1611,truncation,5555796,119973,caught,1,decode
1612,header,101,1,caught,1,decode
1613,payload,1747970,1,SILENT,0,decode
1614,bit_flip,2560864,1,caught,1,decode
1615,random_bytes,122115,8,caught,1,decode
1616,zeroed_run,800502,3800,caught,1,decode
1617,truncation,5284482,391287,caught,1,decode
1618,header,531,1,caught,1,decode
1619,payload,96962,1,caught,1,decode
1620,bit_flip,731378,1,SILENT,0,decode
1621,random_bytes,1063714,6,caught,1,decode
1622,zeroed_run,2288378,2395,caught,1,decode
1623,truncation,5601368,74401,caught,1,decode
1624,header,195,1,SILENT,0,decode
1625,payload,1932690,1,SILENT,0,decode
1626,bit_flip,5350899,1,caught,1,decode
1627,random_bytes,3606661,7,caught,1,decode
1628,zeroed_run,5298148,812,caught,1,decode
1629,truncation,79422,5596347,caught,1,decode
1630,header,715,1,SILENT,0,decode
1631,payload,850108,1,SILENT,0,decode
1632,bit_flip,4643774,1,SILENT,0,decode
1633,random_bytes,387755,9,caught,1,decode
1634,zeroed_run,1693614,2595,caught,1,decode
1635,truncation,620898,5054871,caught,1,decode
1636,header,710,1,SILENT,0,decode
1637,payload,5161161,1,caught,1,decode
1638,bit_flip,1377600,1,SILENT,0,decode
1639,random_bytes,102126,4,caught,1,decode
1640,zeroed_run,1504237,3308,caught,1,decode
1641,truncation,4454826,1220943,caught,1,decode
1642,header,818,1,SILENT,0,decode
1643,payload,3355798,1,caught,1,decode
1644,bit_flip,2332160,1,SILENT,0,decode
1645,random_bytes,3935620,14,caught,1,decode
1646,zeroed_run,67491,3320,caught,1,decode
1647,truncation,4671952,1003817,caught,1,decode
1648,header,999,1,SILENT,0,decode
1649,payload,1084059,1,SILENT,0,decode
1650,bit_flip,4422061,1,caught,1,decode
1651,random_bytes,2693872,5,caught,1,decode
1652,zeroed_run,1018867,2845,caught,1,decode
1653,truncation,5073207,602562,caught,1,decode
1654,header,93,1,SILENT,0,decode
1655,payload,661819,1,caught,1,decode
1656,bit_flip,4592020,1,SILENT,0,decode
1657,random_bytes,28018,13,caught,1,decode
1658,zeroed_run,1946842,3383,caught,1,decode
1659,truncation,1803596,3872173,caught,1,decode
1660,header,773,1,SILENT,0,decode
1661,payload,4792277,1,SILENT,0,decode
1662,bit_flip,5567450,1,SILENT,0,decode
1663,random_bytes,1973343,12,caught,1,decode
1664,zeroed_run,2604115,3755,caught,1,decode
1665,truncation,741139,4934630,caught,1,decode
1666,header,452,1,SILENT,0,decode
1667,payload,5399032,1,SILENT,0,decode
1668,bit_flip,3152750,1,caught,1,decode
1669,random_bytes,3389776,12,caught,1,decode
1670,zeroed_run,3950978,2682,caught,1,decode
1671,truncation,3462482,2213287,caught,1,decode
1672,header,435,1,SILENT,0,decode
1673,payload,5295577,1,SILENT,0,decode
1674,bit_flip,84621,1,SILENT,0,decode
1675,random_bytes,1740678,8,caught,1,decode
1676,zeroed_run,1256419,19,caught,1,decode
1677,truncation,971655,4704114,caught,1,decode
1678,header,562,1,SILENT,0,decode
1679,payload,4136429,1,SILENT,0,decode
1680,bit_flip,4708154,1,caught,1,decode
1681,random_bytes,3676831,8,caught,1,decode
1682,zeroed_run,1767127,1124,caught,1,decode
1683,truncation,2230837,3444932,caught,1,decode
1684,header,639,1,SILENT,0,decode
1685,payload,657032,1,SILENT,0,decode
1686,bit_flip,3426228,1,SILENT,0,decode
1687,random_bytes,3505738,13,caught,1,decode
1688,zeroed_run,3964709,526,caught,1,decode
1689,truncation,2135928,3539841,caught,1,decode
1690,header,66,1,SILENT,0,decode
1691,payload,843491,1,SILENT,0,decode
1692,bit_flip,2450569,1,SILENT,0,decode
1693,random_bytes,2329074,14,caught,1,decode
1694,zeroed_run,750421,3962,caught,1,decode
1695,truncation,4143885,1531884,caught,1,decode
1696,header,903,1,SILENT,0,decode
1697,payload,3890116,1,SILENT,0,decode
1698,bit_flip,732720,1,caught,1,decode
1699,random_bytes,534582,7,caught,1,decode
1700,zeroed_run,1545170,1695,caught,1,decode
1701,truncation,1681527,3994242,caught,1,decode
1702,header,104,1,SILENT,0,decode
1703,payload,3706624,1,caught,1,decode
1704,bit_flip,3134204,1,SILENT,0,decode
1705,random_bytes,3142637,14,caught,1,decode
1706,zeroed_run,2732404,3453,caught,1,decode
1707,truncation,1916162,3759607,caught,1,decode
1708,header,58,1,SILENT,0,decode
1709,payload,2726135,1,caught,1,decode
1710,bit_flip,3939500,1,SILENT,0,decode
1711,random_bytes,2081533,12,caught,1,decode
1712,zeroed_run,1382980,1167,caught,1,decode
1713,truncation,2581728,3094041,caught,1,decode
1714,header,291,1,SILENT,0,decode
1715,payload,3126081,1,SILENT,0,decode
1716,bit_flip,4519006,1,caught,1,decode
1717,random_bytes,4890631,13,caught,1,decode
1718,zeroed_run,3520177,1854,caught,1,decode
1719,truncation,475976,5199793,caught,1,decode
1720,header,778,1,SILENT,0,decode
1721,payload,414382,1,SILENT,0,decode
1722,bit_flip,865636,1,caught,1,decode
1723,random_bytes,1091903,3,caught,1,decode
1724,zeroed_run,5560208,791,caught,1,decode
1725,truncation,5580782,94987,caught,1,decode
1726,header,151,1,caught,1,decode
1727,payload,1497339,1,SILENT,0,decode
1728,bit_flip,3234623,1,SILENT,0,decode
1729,random_bytes,3125826,15,caught,1,decode
1730,zeroed_run,2870419,2779,caught,1,decode
1731,truncation,4211508,1464261,caught,1,decode
1732,header,414,1,SILENT,0,decode
1733,payload,3933797,1,caught,1,decode
1734,bit_flip,3200016,1,SILENT,0,decode
1735,random_bytes,5373453,6,caught,1,decode
1736,zeroed_run,1658024,2377,caught,1,decode
1737,truncation,3329478,2346291,caught,1,decode
1738,header,48,1,SILENT,0,decode
1739,payload,1164650,1,SILENT,0,decode
1740,bit_flip,4353437,1,SILENT,0,decode
1741,random_bytes,4920384,5,caught,1,decode
1742,zeroed_run,4003701,652,caught,1,decode
1743,truncation,3653982,2021787,caught,1,decode
1744,header,171,1,caught,1,decode
1745,payload,5284931,1,SILENT,0,decode
1746,bit_flip,3674346,1,SILENT,0,decode
1747,random_bytes,2625911,8,caught,1,decode
1748,zeroed_run,4223402,289,caught,1,decode
1749,truncation,1543397,4132372,caught,1,decode
1750,header,309,1,SILENT,0,decode
1751,payload,2958681,1,SILENT,0,decode
1752,bit_flip,1700102,1,SILENT,0,decode
1753,random_bytes,5490921,3,caught,1,decode
1754,zeroed_run,1796618,558,caught,1,decode
1755,truncation,1901354,3774415,caught,1,decode
1756,header,993,1,SILENT,0,decode
1757,payload,3748450,1,SILENT,0,decode
1758,bit_flip,1057678,1,caught,1,decode
1759,random_bytes,5497422,1,SILENT,0,decode
1760,zeroed_run,3470415,3663,caught,1,decode
1761,truncation,1535843,4139926,caught,1,decode
1762,header,114,1,SILENT,0,decode
1763,payload,3283949,1,SILENT,0,decode
1764,bit_flip,4872393,1,SILENT,0,decode
1765,random_bytes,2856299,10,caught,1,decode
1766,zeroed_run,1215278,1806,caught,1,decode
1767,truncation,3120829,2554940,caught,1,decode
1768,header,426,1,SILENT,0,decode
1769,payload,833142,1,SILENT,0,decode
1770,bit_flip,4002788,1,SILENT,0,decode
1771,random_bytes,148624,9,caught,1,decode
1772,zeroed_run,182747,4048,caught,1,decode
1773,truncation,648939,5026830,caught,1,decode
1774,header,741,1,SILENT,0,decode
1775,payload,2864837,1,SILENT,0,decode
1776,bit_flip,3500396,1,SILENT,0,decode
1777,random_bytes,352489,3,caught,1,decode
1778,zeroed_run,2100988,1034,caught,1,decode
1779,truncation,421847,5253922,caught,1,decode
1780,header,998,1,SILENT,0,decode
1781,payload,4231406,1,caught,1,decode
1782,bit_flip,3756987,1,SILENT,0,decode
1783,random_bytes,3913274,6,caught,1,decode
1784,zeroed_run,597461,2499,caught,1,decode
1785,truncation,768132,4907637,caught,1,decode
1786,header,982,1,caught,1,decode
1787,payload,649142,1,caught,1,decode
1788,bit_flip,4525687,1,SILENT,0,decode
1789,random_bytes,2626965,3,caught,1,decode
1790,zeroed_run,4183698,951,caught,1,decode
1791,truncation,1104238,4571531,caught,1,decode
1792,header,817,1,SILENT,0,decode
1793,payload,4497135,1,SILENT,0,decode
1794,bit_flip,598464,1,SILENT,0,decode
1795,random_bytes,238541,14,caught,1,decode
1796,zeroed_run,3881999,1753,caught,1,decode
1797,truncation,5547919,127850,caught,1,decode
1798,header,165,1,caught,1,decode
1799,payload,3315145,1,SILENT,0,decode
1800,bit_flip,4499619,1,SILENT,0,decode
1801,random_bytes,283021,3,caught,1,decode
1802,zeroed_run,5135539,1816,caught,1,decode
1803,truncation,3075496,2600273,caught,1,decode
1804,header,110,1,SILENT,0,decode
1805,payload,990091,1,SILENT,0,decode
1806,bit_flip,882987,1,caught,1,decode
1807,random_bytes,460330,15,caught,1,decode
1808,zeroed_run,2341152,652,caught,1,decode
1809,truncation,3989206,1686563,caught,1,decode
1810,header,110,1,SILENT,0,decode
1811,payload,3277791,1,SILENT,0,decode
1812,bit_flip,495583,1,caught,1,decode
1813,random_bytes,3601097,7,caught,1,decode
1814,zeroed_run,1054272,1638,caught,1,decode
1815,truncation,1813721,3862048,caught,1,decode
1816,header,1000,1,SILENT,0,decode
1817,payload,5104723,1,SILENT,0,decode
1818,bit_flip,5640592,1,SILENT,0,decode
1819,random_bytes,3000565,1,SILENT,0,decode
1820,zeroed_run,1413424,3569,caught,1,decode
1821,truncation,5215226,460543,caught,1,decode
1822,header,408,1,SILENT,0,decode
1823,payload,3327291,1,SILENT,0,decode
1824,bit_flip,126588,1,SILENT,0,decode
1825,random_bytes,4294127,6,caught,1,decode
1826,zeroed_run,1035836,1517,caught,1,decode
1827,truncation,1514335,4161434,caught,1,decode
1828,header,774,1,SILENT,0,decode
1829,payload,3542245,1,caught,1,decode
1830,bit_flip,1521111,1,caught,1,decode
1831,random_bytes,3967027,9,caught,1,decode
1832,zeroed_run,1194177,932,caught,1,decode
1833,truncation,4616250,1059519,caught,1,decode
1834,header,821,1,SILENT,0,decode
1835,payload,749429,1,SILENT,0,decode
1836,bit_flip,3598865,1,SILENT,0,decode
1837,random_bytes,2147153,4,caught,1,decode
1838,zeroed_run,5598599,267,caught,1,decode
1839,truncation,1816607,3859162,caught,1,decode
1840,header,75,1,SILENT,0,decode
1841,payload,684933,1,caught,1,decode
1842,bit_flip,1918490,1,SILENT,0,decode
1843,random_bytes,3351919,4,caught,1,decode
1844,zeroed_run,5567758,2676,caught,1,decode
1845,truncation,596626,5079143,caught,1,decode
1846,header,28,1,caught,1,decode
1847,payload,2998683,1,caught,1,decode
1848,bit_flip,692027,1,SILENT,0,decode
1849,random_bytes,2582976,2,caught,1,decode
1850,zeroed_run,4113942,1580,caught,1,decode
1851,truncation,2657056,3018713,caught,1,decode
1852,header,525,1,caught,1,decode
1853,payload,1550600,1,SILENT,0,decode
1854,bit_flip,2769541,1,caught,1,decode
1855,random_bytes,263920,9,caught,1,decode
1856,zeroed_run,1683340,2135,caught,1,decode
1857,truncation,379872,5295897,caught,1,decode
1858,header,789,1,SILENT,0,decode
1859,payload,1280939,1,caught,1,decode
1860,bit_flip,4552098,1,caught,1,decode
1861,random_bytes,1403892,12,caught,1,decode
1862,zeroed_run,4002856,3145,caught,1,decode
1863,truncation,4771113,904656,caught,1,decode
1864,header,4,1,caught,1,decode
1865,payload,5356535,1,caught,1,decode
1866,bit_flip,2444772,1,SILENT,0,decode
1867,random_bytes,3814517,11,caught,1,decode
1868,zeroed_run,427686,438,caught,1,decode
1869,truncation,374740,5301029,caught,1,decode
1870,header,39,1,SILENT,0,decode
1871,payload,3423605,1,SILENT,0,decode
1872,bit_flip,2187392,1,caught,1,decode
1873,random_bytes,1158699,7,caught,1,decode
1874,zeroed_run,2732890,2614,caught,1,decode
1875,truncation,5316137,359632,caught,1,decode
1876,header,168,1,SILENT,0,decode
1877,payload,1574079,1,SILENT,0,decode
1878,bit_flip,3703162,1,SILENT,0,decode
1879,random_bytes,1434354,12,caught,1,decode
1880,zeroed_run,3741601,1971,caught,1,decode
1881,truncation,922241,4753528,caught,1,decode
1882,header,53,1,SILENT,0,decode
1883,payload,5507202,1,caught,1,decode
1884,bit_flip,2947817,1,caught,1,decode
1885,random_bytes,423515,15,caught,1,decode
1886,zeroed_run,1716392,3736,caught,1,decode
1887,truncation,1146254,4529515,caught,1,decode
1888,header,770,1,SILENT,0,decode
1889,payload,2774110,1,caught,1,decode
1890,bit_flip,1276488,1,SILENT,0,decode
1891,random_bytes,1338531,1,SILENT,0,decode
1892,zeroed_run,1992847,569,caught,1,decode
1893,truncation,160821,5514948,caught,1,decode
1894,header,975,1,SILENT,0,decode
1895,payload,343690,1,SILENT,0,decode
1896,bit_flip,1304058,1,SILENT,0,decode
1897,random_bytes,4196622,10,caught,1,decode
1898,zeroed_run,2134432,966,caught,1,decode
1899,truncation,229663,5446106,caught,1,decode
1900,header,285,1,SILENT,0,decode
1901,payload,3748208,1,caught,1,decode
1902,bit_flip,5538986,1,SILENT,0,decode
1903,random_bytes,3555301,15,caught,1,decode
1904,zeroed_run,808050,2786,caught,1,decode
1905,truncation,2610952,3064817,caught,1,decode
1906,header,137,1,caught,1,decode
1907,payload,3272282,1,SILENT,0,decode
1908,bit_flip,4702763,1,SILENT,0,decode
1909,random_bytes,2527233,1,caught,1,decode
1910,zeroed_run,2345062,3885,caught,1,decode
1911,truncation,1667711,4008058,caught,1,decode
1912,header,498,1,SILENT,0,decode
1913,payload,2327399,1,caught,1,decode
1914,bit_flip,4553376,1,SILENT,0,decode
1915,random_bytes,2098541,6,caught,1,decode
1916,zeroed_run,4840057,498,caught,1,decode
1917,truncation,3103034,2572735,caught,1,decode
1918,header,595,1,SILENT,0,decode
1919,payload,1831907,1,SILENT,0,decode
1920,bit_flip,4091760,1,SILENT,0,decode
1921,random_bytes,4625753,10,caught,1,decode
1922,zeroed_run,192089,2045,caught,1,decode
1923,truncation,1131478,4544291,caught,1,decode
1924,header,59,1,caught,1,decode
1925,payload,4260966,1,SILENT,0,decode
1926,bit_flip,1242580,1,caught,1,decode
1927,random_bytes,1565457,2,caught,1,decode
1928,zeroed_run,2375875,1874,caught,1,decode
1929,truncation,3394121,2281648,caught,1,decode
1930,header,786,1,SILENT,0,decode
1931,payload,2784942,1,SILENT,0,decode
1932,bit_flip,1836465,1,SILENT,0,decode
1933,random_bytes,2827960,16,caught,1,decode
1934,zeroed_run,5166389,2262,caught,1,decode
1935,truncation,1293826,4381943,caught,1,decode
1936,header,946,1,SILENT,0,decode
1937,payload,5497970,1,SILENT,0,decode
1938,bit_flip,1746789,1,SILENT,0,decode
1939,random_bytes,4560342,9,SILENT,0,decode
1940,zeroed_run,3520453,1412,caught,1,decode
1941,truncation,3894755,1781014,caught,1,decode
1942,header,676,1,SILENT,0,decode
1943,payload,1782283,1,SILENT,0,decode
1944,bit_flip,1796101,1,caught,1,decode
1945,random_bytes,3214078,3,caught,1,decode
1946,zeroed_run,425338,2064,caught,1,decode
1947,truncation,4902385,773384,caught,1,decode
1948,header,19,1,harmless,0,decode
1949,payload,2736346,1,SILENT,0,decode
1950,bit_flip,3246135,1,SILENT,0,decode
1951,random_bytes,1426501,13,caught,1,decode
1952,zeroed_run,1324621,1149,caught,1,decode
1953,truncation,344761,5331008,caught,1,decode
1954,header,491,1,SILENT,0,decode
1955,payload,5298867,1,caught,1,decode
1956,bit_flip,2477905,1,caught,1,decode
1957,random_bytes,4985892,16,caught,1,decode
1958,zeroed_run,1896244,519,caught,1,decode
1959,truncation,2573026,3102743,caught,1,decode
1960,header,248,1,SILENT,0,decode
1961,payload,4352053,1,SILENT,0,decode
1962,bit_flip,4381241,1,SILENT,0,decode
1963,random_bytes,1097017,4,caught,1,decode
1964,zeroed_run,2496373,1344,caught,1,decode
1965,truncation,924037,4751732,caught,1,decode
1966,header,307,1,SILENT,0,decode
1967,payload,2873049,1,caught,1,decode
1968,bit_flip,87998,1,SILENT,0,decode
1969,random_bytes,1073176,8,caught,1,decode
1970,zeroed_run,5655416,1661,caught,1,decode
1971,truncation,2817216,2858553,caught,1,decode
1972,header,396,1,caught,1,decode
1973,payload,2375487,1,caught,1,decode
1974,bit_flip,1441496,1,SILENT,0,decode
1975,random_bytes,3773214,3,caught,1,decode
1976,zeroed_run,4115429,3179,caught,1,decode
1977,truncation,4485712,1190057,caught,1,decode
1978,header,892,1,SILENT,0,decode
1979,payload,3154117,1,caught,1,decode
1980,bit_flip,2288035,1,caught,1,decode
1981,random_bytes,671745,13,caught,1,decode
1982,zeroed_run,4254210,3762,caught,1,decode
1983,truncation,604416,5071353,caught,1,decode
1984,header,240,1,SILENT,0,decode
1985,payload,2655956,1,SILENT,0,decode
1986,bit_flip,1589975,1,caught,1,decode
1987,random_bytes,1864948,16,caught,1,decode
1988,zeroed_run,1407929,2443,caught,1,decode
1989,truncation,1090687,4585082,caught,1,decode
1990,header,789,1,SILENT,0,decode
1991,payload,4120883,1,SILENT,0,decode
1992,bit_flip,2676020,1,caught,1,decode
1993,random_bytes,1021372,1,SILENT,0,decode
1994,zeroed_run,5466784,428,caught,1,decode
1995,truncation,4925674,750095,caught,1,decode
1996,header,524,1,SILENT,0,decode
1997,payload,103669,1,caught,1,decode
1998,bit_flip,4209550,1,caught,1,decode
1999,random_bytes,5279490,1,SILENT,0,decode
2000,zeroed_run,3375725,1433,caught,1,decode
2001,truncation,2741065,2934704,caught,1,decode
2002,header,724,1,SILENT,0,decode
2003,payload,11703,1,SILENT,0,decode
2004,bit_flip,3325344,1,caught,1,decode
2005,random_bytes,3928507,10,caught,1,decode
2006,zeroed_run,2391046,918,caught,1,decode
2007,truncation,2447520,3228249,caught,1,decode
2008,header,902,1,SILENT,0,decode
2009,payload,3414708,1,SILENT,0,decode
2010,bit_flip,2613574,1,caught,1,decode
2011,random_bytes,5020429,14,caught,1,decode
2012,zeroed_run,2456220,1681,caught,1,decode
2013,truncation,675267,5000502,caught,1,decode
2014,header,29,1,caught,1,decode
2015,payload,2381564,1,SILENT,0,decode
2016,bit_flip,3825253,1,SILENT,0,decode
2017,random_bytes,5507705,7,caught,1,decode
2018,zeroed_run,8822,1407,caught,1,decode
2019,truncation,336175,5339594,caught,1,decode
2020,header,535,1,caught,1,decode
2021,payload,217123,1,caught,1,decode
2022,bit_flip,3411670,1,SILENT,0,decode
2023,random_bytes,1993242,16,caught,1,decode
2024,zeroed_run,775893,2287,caught,1,decode
2025,truncation,3439829,2235940,caught,1,decode
2026,header,800,1,SILENT,0,decode
2027,payload,1008138,1,caught,1,decode
2028,bit_flip,5672012,1,caught,1,decode
2029,random_bytes,586968,9,caught,1,decode
2030,zeroed_run,844827,1967,caught,1,decode
2031,truncation,2620233,3055536,caught,1,decode
2032,header,72,1,SILENT,0,decode
2033,payload,1632288,1,caught,1,decode
2034,bit_flip,2758835,1,SILENT,0,decode
2035,random_bytes,4108492,14,caught,1,decode
2036,zeroed_run,1376597,1575,caught,1,decode
2037,truncation,2613219,3062550,caught,1,decode
2038,header,999,1,SILENT,0,decode
2039,payload,1961107,1,SILENT,0,decode
2040,bit_flip,3138817,1,SILENT,0,decode
2041,random_bytes,1383257,5,caught,1,decode
2042,zeroed_run,1270686,979,caught,1,decode
2043,truncation,1573894,4101875,caught,1,decode
2044,header,554,1,SILENT,0,decode
2045,payload,1269687,1,SILENT,0,decode
2046,bit_flip,4805128,1,SILENT,0,decode
2047,random_bytes,4133827,3,caught,1,decode
2048,zeroed_run,3162837,2001,caught,1,decode
2049,truncation,4842965,832804,caught,1,decode
2050,header,202,1,SILENT,0,decode
2051,payload,3122995,1,caught,1,decode
2052,bit_flip,2334188,1,SILENT,0,decode
2053,random_bytes,3080397,9,caught,1,decode
2054,zeroed_run,3001372,2393,caught,1,decode
2055,truncation,4147977,1527792,caught,1,decode
2056,header,545,1,SILENT,0,decode
2057,payload,2203161,1,caught,1,decode
2058,bit_flip,4346601,1,SILENT,0,decode
2059,random_bytes,4234768,5,caught,1,decode
2060,zeroed_run,5055444,3363,caught,1,decode
2061,truncation,1553275,4122494,caught,1,decode
2062,header,669,1,SILENT,0,decode
2063,payload,108331,1,caught,1,decode
2064,bit_flip,2386280,1,SILENT,0,decode
2065,random_bytes,626988,15,caught,1,decode
2066,zeroed_run,3864765,3512,caught,1,decode
2067,truncation,3980966,1694803,caught,1,decode
2068,header,76,1,SILENT,0,decode
2069,payload,2197365,1,SILENT,0,decode
2070,bit_flip,5618274,1,SILENT,0,decode
2071,random_bytes,1156560,7,caught,1,decode
2072,zeroed_run,3175820,913,caught,1,decode
2073,truncation,2752570,2923199,caught,1,decode
2074,header,202,1,SILENT,0,decode
2075,payload,3165947,1,SILENT,0,decode
2076,bit_flip,3924946,1,SILENT,0,decode
2077,random_bytes,1879600,6,caught,1,decode
2078,zeroed_run,1785878,1313,caught,1,decode
2079,truncation,3207883,2467886,caught,1,decode
2080,header,829,1,SILENT,0,decode
2081,payload,76512,1,caught,1,decode
2082,bit_flip,3529418,1,SILENT,0,decode
2083,random_bytes,5267699,16,caught,1,decode
2084,zeroed_run,642434,1824,caught,1,decode
2085,truncation,5362810,312959,caught,1,decode
2086,header,291,1,SILENT,0,decode
2087,payload,4703745,1,SILENT,0,decode
2088,bit_flip,3985404,1,SILENT,0,decode
2089,random_bytes,5495388,1,SILENT,0,decode
2090,zeroed_run,192685,1359,caught,1,decode
2091,truncation,2678406,2997363,caught,1,decode
2092,header,565,1,SILENT,0,decode
2093,payload,1992611,1,caught,1,decode
2094,bit_flip,1709787,1,SILENT,0,decode
2095,random_bytes,4310931,1,SILENT,0,decode
2096,zeroed_run,253357,405,caught,1,decode
2097,truncation,4521303,1154466,caught,1,decode
2098,header,398,1,SILENT,0,decode
2099,payload,4904349,1,caught,1,decode
2100,bit_flip,1434047,1,SILENT,0,decode
2101,random_bytes,4499180,16,caught,1,decode
2102,zeroed_run,3121748,1201,caught,1,decode
2103,truncation,2388525,3287244,caught,1,decode
2104,header,1009,1,SILENT,0,decode
2105,payload,889671,1,caught,1,decode
2106,bit_flip,4300821,1,SILENT,0,decode
2107,random_bytes,3484837,9,caught,1,decode
2108,zeroed_run,1840587,674,caught,1,decode
2109,truncation,1609123,4066646,caught,1,decode
2110,header,1020,1,SILENT,0,decode
2111,payload,4116045,1,SILENT,0,decode
2112,bit_flip,2726414,1,SILENT,0,decode
2113,random_bytes,3441668,10,caught,1,decode
2114,zeroed_run,1194180,2444,caught,1,decode
2115,truncation,3440378,2235391,caught,1,decode
2116,header,802,1,SILENT,0,decode
2117,payload,3990508,1,SILENT,0,decode
2118,bit_flip,2168140,1,caught,1,decode
2119,random_bytes,3892452,11,caught,1,decode
2120,zeroed_run,4748827,3793,caught,1,decode
2121,truncation,1543247,4132522,caught,1,decode
2122,header,419,1,SILENT,0,decode
2123,payload,2648956,1,caught,1,decode
2124,bit_flip,1794685,1,SILENT,0,decode
2125,random_bytes,2806809,1,caught,1,decode
2126,zeroed_run,4657539,2646,caught,1,decode
2127,truncation,508232,5167537,caught,1,decode
2128,header,127,1,SILENT,0,decode
2129,payload,1503160,1,SILENT,0,decode
2130,bit_flip,90940,1,SILENT,0,decode
2131,random_bytes,1925542,10,caught,1,decode
2132,zeroed_run,3916322,3646,caught,1,decode
2133,truncation,1158079,4517690,caught,1,decode
2134,header,952,1,caught,1,decode
2135,payload,5006049,1,SILENT,0,decode
2136,bit_flip,115720,1,caught,1,decode
2137,random_bytes,3055762,11,caught,1,decode
2138,zeroed_run,4534798,281,caught,1,decode
2139,truncation,141650,5534119,caught,1,decode
2140,header,171,1,SILENT,0,decode
2141,payload,5283780,1,SILENT,0,decode
2142,bit_flip,1247874,1,caught,1,decode
2143,random_bytes,4709941,14,caught,1,decode
2144,zeroed_run,95189,1425,caught,1,decode
2145,truncation,537691,5138078,caught,1,decode
2146,header,75,1,SILENT,0,decode
2147,payload,3423411,1,caught,1,decode
2148,bit_flip,2677433,1,SILENT,0,decode
2149,random_bytes,2879270,10,caught,1,decode
2150,zeroed_run,1301479,1697,caught,1,decode
2151,truncation,2103983,3571786,caught,1,decode
2152,header,184,1,SILENT,0,decode
2153,payload,139128,1,SILENT,0,decode
2154,bit_flip,2527004,1,caught,1,decode
2155,random_bytes,4548391,8,caught,1,decode
2156,zeroed_run,450954,3892,caught,1,decode
2157,truncation,671715,5004054,caught,1,decode
2158,header,73,1,SILENT,0,decode
2159,payload,2773988,1,SILENT,0,decode
2160,bit_flip,903579,1,caught,1,decode
2161,random_bytes,3723659,10,caught,1,decode
2162,zeroed_run,1151825,2407,caught,1,decode
2163,truncation,1118804,4556965,caught,1,decode
2164,header,421,1,SILENT,0,decode
2165,payload,3629946,1,caught,1,decode
2166,bit_flip,60748,1,SILENT,0,decode
2167,random_bytes,4528014,4,caught,1,decode
2168,zeroed_run,3332216,120,caught,1,decode
2169,truncation,4730822,944947,caught,1,decode
2170,header,288,1,SILENT,0,decode
2171,payload,1399480,1,SILENT,0,decode
2172,bit_flip,1461721,1,caught,1,decode
2173,random_bytes,4969332,5,caught,1,decode
2174,zeroed_run,3934959,3659,caught,1,decode
2175,truncation,4135483,1540286,caught,1,decode
2176,header,417,1,SILENT,0,decode
2177,payload,2739437,1,caught,1,decode
2178,bit_flip,4439789,1,SILENT,0,decode
2179,random_bytes,706751,3,caught,1,decode
2180,zeroed_run,4026374,3396,caught,1,decode
2181,truncation,4444306,1231463,caught,1,decode
2182,header,791,1,SILENT,0,decode
2183,payload,5059617,1,caught,1,decode
2184,bit_flip,2578569,1,SILENT,0,decode
2185,random_bytes,110297,10,caught,1,decode
2186,zeroed_run,2721471,2125,caught,1,decode
2187,truncation,913129,4762640,caught,1,decode
2188,header,734,1,SILENT,0,decode
2189,payload,5632676,1,caught,1,decode
2190,bit_flip,121586,1,SILENT,0,decode
2191,random_bytes,1261003,5,caught,1,decode
2192,zeroed_run,2221192,194,caught,1,decode
2193,truncation,2080594,3595175,caught,1,decode
2194,header,916,1,SILENT,0,decode
2195,payload,4397926,1,SILENT,0,decode
2196,bit_flip,268725,1,SILENT,0,decode
2197,random_bytes,3781279,15,caught,1,decode
2198,zeroed_run,2225306,78,caught,1,decode
2199,truncation,4070769,1605000,caught,1,decode
2200,header,892,1,SILENT,0,decode
2201,payload,829490,1,SILENT,0,decode
2202,bit_flip,4975348,1,SILENT,0,decode
2203,random_bytes,1300703,10,caught,1,decode
2204,zeroed_run,2068085,1355,caught,1,decode
2205,truncation,2893930,2781839,caught,1,decode
2206,header,944,1,SILENT,0,decode
2207,payload,4978458,1,caught,1,decode
2208,bit_flip,727468,1,SILENT,0,decode
2209,random_bytes,4298065,16,caught,1,decode
2210,zeroed_run,3234380,1075,caught,1,decode
2211,truncation,1404485,4271284,caught,1,decode
2212,header,337,1,SILENT,0,decode
2213,payload,3116966,1,SILENT,0,decode
2214,bit_flip,2282245,1,caught,1,decode
2215,random_bytes,126276,5,caught,1,decode
2216,zeroed_run,63712,511,caught,1,decode
2217,truncation,3570785,2104984,caught,1,decode
2218,header,348,1,SILENT,0,decode
2219,payload,1023456,1,SILENT,0,decode
2220,bit_flip,3431267,1,SILENT,0,decode
2221,random_bytes,695026,14,caught,1,decode
2222,zeroed_run,4919738,416,caught,1,decode
2223,truncation,4593321,1082448,caught,1,decode
2224,header,480,1,SILENT,0,decode
2225,payload,4836207,1,caught,1,decode
2226,bit_flip,3734923,1,SILENT,0,decode
2227,random_bytes,1171390,12,caught,1,decode
2228,zeroed_run,2952817,203,caught,1,decode
2229,truncation,3379882,2295887,caught,1,decode
2230,header,954,1,SILENT,0,decode
2231,payload,1586878,1,caught,1,decode
2232,bit_flip,1970532,1,SILENT,0,decode
2233,random_bytes,1536699,12,caught,1,decode
2234,zeroed_run,3820101,2258,caught,1,decode
2235,truncation,2264301,3411468,caught,1,decode
2236,header,101,1,caught,1,decode
2237,payload,2382819,1,SILENT,0,decode
2238,bit_flip,426139,1,caught,1,decode
2239,random_bytes,4026885,9,caught,1,decode
2240,zeroed_run,5017153,838,caught,1,decode
2241,truncation,4246336,1429433,caught,1,decode
2242,header,202,1,SILENT,0,decode
2243,payload,2839779,1,SILENT,0,decode
2244,bit_flip,2813667,1,SILENT,0,decode
2245,random_bytes,2854161,4,caught,1,decode
2246,zeroed_run,1470992,3267,caught,1,decode
2247,truncation,1401413,4274356,caught,1,decode
2248,header,354,1,SILENT,0,decode
2249,payload,5296036,1,SILENT,0,decode
2250,bit_flip,5116619,1,caught,1,decode
2251,random_bytes,4918080,10,caught,1,decode
2252,zeroed_run,1312535,3463,caught,1,decode
2253,truncation,2497858,3177911,caught,1,decode
2254,header,33,1,caught,1,decode
2255,payload,1926875,1,SILENT,0,decode
2256,bit_flip,3469042,1,SILENT,0,decode
2257,random_bytes,2359844,12,caught,1,decode
2258,zeroed_run,3689108,41,caught,1,decode
2259,truncation,3240244,2435525,caught,1,decode
2260,header,461,1,SILENT,0,decode
2261,payload,3018858,1,SILENT,0,decode
2262,bit_flip,4592822,1,SILENT,0,decode
2263,random_bytes,3392194,16,caught,1,decode
2264,zeroed_run,3379191,3886,caught,1,decode
2265,truncation,5544920,130849,caught,1,decode
2266,header,864,1,SILENT,0,decode
2267,payload,2243347,1,caught,1,decode
2268,bit_flip,3861230,1,SILENT,0,decode
2269,random_bytes,4147777,4,caught,1,decode
2270,zeroed_run,2677690,2739,caught,1,decode
2271,truncation,3440200,2235569,caught,1,decode
2272,header,465,1,SILENT,0,decode
2273,payload,3580320,1,SILENT,0,decode
2274,bit_flip,2819455,1,SILENT,0,decode
2275,random_bytes,5537624,7,caught,1,decode
2276,zeroed_run,1536449,1388,caught,1,decode
2277,truncation,2503236,3172533,caught,1,decode
2278,header,72,1,SILENT,0,decode
2279,payload,662739,1,caught,1,decode
2280,bit_flip,2586805,1,SILENT,0,decode
2281,random_bytes,3258441,5,caught,1,decode
2282,zeroed_run,1785158,3631,caught,1,decode
2283,truncation,4164012,1511757,caught,1,decode
2284,header,99,1,SILENT,0,decode
2285,payload,776007,1,SILENT,0,decode
2286,bit_flip,1114650,1,SILENT,0,decode
2287,random_bytes,5208914,1,caught,1,decode
2288,zeroed_run,152476,3418,caught,1,decode
2289,truncation,5528557,147212,caught,1,decode
2290,header,603,1,SILENT,0,decode
2291,payload,3456345,1,caught,1,decode
2292,bit_flip,4885397,1,SILENT,0,decode
2293,random_bytes,4407044,15,caught,1,decode
2294,zeroed_run,2491522,3205,caught,1,decode
2295,truncation,5041209,634560,caught,1,decode
2296,header,561,1,SILENT,0,decode
2297,payload,2066592,1,SILENT,0,decode
2298,bit_flip,3845930,1,SILENT,0,decode
2299,random_bytes,1669118,4,caught,1,decode
2300,zeroed_run,240435,4038,caught,1,decode
2301,truncation,4354040,1321729,caught,1,decode
2302,header,572,1,SILENT,0,decode
2303,payload,2139,1,SILENT,0,decode
2304,bit_flip,4023946,1,SILENT,0,decode
2305,random_bytes,974561,7,caught,1,decode
2306,zeroed_run,2583783,1980,caught,1,decode
2307,truncation,2294625,3381144,caught,1,decode
2308,header,632,1,SILENT,0,decode
2309,payload,4007774,1,SILENT,0,decode
2310,bit_flip,5453494,1,SILENT,0,decode
2311,random_bytes,48149,8,caught,1,decode
2312,zeroed_run,4323361,3038,caught,1,decode
2313,truncation,3763275,1912494,caught,1,decode
2314,header,330,1,caught,1,decode
2315,payload,4624394,1,SILENT,0,decode
2316,bit_flip,3330845,1,caught,1,decode
2317,random_bytes,200335,9,caught,1,decode
2318,zeroed_run,4383495,748,caught,1,decode
2319,truncation,3613801,2061968,caught,1,decode
2320,header,21,1,caught,1,decode
2321,payload,3695999,1,SILENT,0,decode
2322,bit_flip,5150879,1,SILENT,0,decode
2323,random_bytes,4148966,4,caught,1,decode
2324,zeroed_run,1399245,1703,caught,1,decode
2325,truncation,4877360,798409,caught,1,decode
2326,header,389,1,SILENT,0,decode
2327,payload,3959951,1,SILENT,0,decode
2328,bit_flip,5239947,1,SILENT,0,decode
2329,random_bytes,4204161,5,caught,1,decode
2330,zeroed_run,5174603,665,caught,1,decode
2331,truncation,5284329,391440,caught,1,decode
2332,header,49,1,SILENT,0,decode
2333,payload,3700307,1,SILENT,0,decode
2334,bit_flip,1114427,1,caught,1,decode
2335,random_bytes,4141395,4,caught,1,decode
2336,zeroed_run,4314480,2211,caught,1,decode
2337,truncation,1471771,4203998,caught,1,decode
2338,header,848,1,SILENT,0,decode
2339,payload,4656937,1,caught,1,decode
2340,bit_flip,5096955,1,SILENT,0,decode
2341,random_bytes,5419565,12,caught,1,decode
2342,zeroed_run,4030006,297,caught,1,decode
2343,truncation,4369902,1305867,caught,1,decode
2344,header,128,1,SILENT,0,decode
2345,payload,2325786,1,SILENT,0,decode
2346,bit_flip,3959823,1,SILENT,0,decode
2347,random_bytes,3579944,7,caught,1,decode
2348,zeroed_run,1796445,584,caught,1,decode
2349,truncation,3926331,1749438,caught,1,decode
2350,header,872,1,caught,1,decode
2351,payload,318517,1,SILENT,0,decode
2352,bit_flip,5528289,1,SILENT,0,decode
2353,random_bytes,4783659,11,caught,1,decode
2354,zeroed_run,2744171,2709,caught,1,decode
2355,truncation,589978,5085791,caught,1,decode
2356,header,298,1,SILENT,0,decode
2357,payload,4403620,1,SILENT,0,decode
2358,bit_flip,731726,1,SILENT,0,decode
2359,random_bytes,4110527,12,caught,1,decode
2360,zeroed_run,718765,3044,caught,1,decode
2361,truncation,2273228,3402541,caught,1,decode
2362,header,14,1,caught,1,decode
2363,payload,3419219,1,caught,1,decode
2364,bit_flip,4564291,1,SILENT,0,decode
2365,random_bytes,5286624,9,caught,1,decode
2366,zeroed_run,4196836,83,caught,1,decode
2367,truncation,2642089,3033680,caught,1,decode
2368,header,586,1,SILENT,0,decode
2369,payload,1475245,1,SILENT,0,decode
2370,bit_flip,5388911,1,caught,1,decode
2371,random_bytes,433280,9,caught,1,decode
2372,zeroed_run,3032982,3463,caught,1,decode
2373,truncation,43527,5632242,caught,1,decode
2374,header,347,1,SILENT,0,decode
2375,payload,2846705,1,caught,1,decode
2376,bit_flip,4494970,1,caught,1,decode
2377,random_bytes,5346765,2,SILENT,0,decode
2378,zeroed_run,1463001,2357,caught,1,decode
2379,truncation,4713657,962112,caught,1,decode
2380,header,69,1,SILENT,0,decode
2381,payload,3730784,1,caught,1,decode
2382,bit_flip,888009,1,SILENT,0,decode
2383,random_bytes,4424175,6,caught,1,decode
2384,zeroed_run,1460546,501,caught,1,decode
2385,truncation,3998968,1676801,caught,1,decode
2386,header,486,1,caught,1,decode
2387,payload,2991450,1,caught,1,decode
2388,bit_flip,4701969,1,SILENT,0,decode
2389,random_bytes,2956576,4,caught,1,decode
2390,zeroed_run,3102846,3964,caught,1,decode
2391,truncation,4665713,1010056,caught,1,decode
2392,header,181,1,SILENT,0,decode
2393,payload,2821127,1,caught,1,decode
2394,bit_flip,5338314,1,SILENT,0,decode
2395,random_bytes,3189598,10,caught,1,decode
2396,zeroed_run,1506019,1968,caught,1,decode
2397,truncation,41034,5634735,caught,1,decode
2398,header,56,1,SILENT,0,decode
2399,payload,3006511,1,SILENT,0,decode
2400,bit_flip,368905,1,SILENT,0,decode
2401,random_bytes,4671144,7,caught,1,decode
2402,zeroed_run,5418953,3201,caught,1,decode
2403,truncation,4182311,1493458,caught,1,decode
2404,header,613,1,caught,1,decode
2405,payload,2273252,1,SILENT,0,decode
2406,bit_flip,2988258,1,caught,1,decode
2407,random_bytes,4305208,3,caught,1,decode
2408,zeroed_run,2975816,1040,caught,1,decode
2409,truncation,4070957,1604812,caught,1,decode
2410,header,96,1,caught,1,decode
2411,payload,1467155,1,SILENT,0,decode
2412,bit_flip,3486107,1,caught,1,decode
2413,random_bytes,3715140,4,caught,1,decode
2414,zeroed_run,4204511,3596,caught,1,decode
2415,truncation,623175,5052594,caught,1,decode
2416,header,390,1,SILENT,0,decode
2417,payload,41294,1,SILENT,0,decode
2418,bit_flip,1800548,1,SILENT,0,decode
2419,random_bytes,3150618,11,caught,1,decode
2420,zeroed_run,4270629,1533,caught,1,decode
2421,truncation,2706654,2969115,caught,1,decode
2422,header,420,1,SILENT,0,decode
2423,payload,5667710,1,caught,1,decode
2424,bit_flip,3701832,1,caught,1,decode
2425,random_bytes,2017396,13,caught,1,decode
2426,zeroed_run,5077651,3909,caught,1,decode
2427,truncation,1382483,4293286,caught,1,decode
2428,header,926,1,SILENT,0,decode
2429,payload,1696057,1,SILENT,0,decode
2430,bit_flip,4687767,1,SILENT,0,decode
2431,random_bytes,4803166,12,caught,1,decode
2432,zeroed_run,3294332,2002,caught,1,decode
2433,truncation,5282742,393027,caught,1,decode
2434,header,449,1,SILENT,0,decode
2435,payload,3990462,1,SILENT,0,decode
2436,bit_flip,3605076,1,SILENT,0,decode
2437,random_bytes,4354515,7,caught,1,decode
2438,zeroed_run,5494263,319,caught,1,decode
2439,truncation,2683532,2992237,caught,1,decode
2440,header,396,1,SILENT,0,decode
2441,payload,175427,1,SILENT,0,decode
2442,bit_flip,3909222,1,caught,1,decode
2443,random_bytes,1473044,2,caught,1,decode
2444,zeroed_run,1003552,404,caught,1,decode
2445,truncation,460415,5215354,caught,1,decode
2446,header,565,1,SILENT,0,decode
2447,payload,1819597,1,SILENT,0,decode
2448,bit_flip,1540796,1,SILENT,0,decode
2449,random_bytes,4502071,14,caught,1,decode
2450,zeroed_run,5030638,3856,caught,1,decode
2451,truncation,3914604,1761165,caught,1,decode
2452,header,436,1,SILENT,0,decode
2453,payload,1291754,1,SILENT,0,decode
2454,bit_flip,962489,1,caught,1,decode
2455,random_bytes,3410469,13,caught,1,decode
2456,zeroed_run,3750590,3331,caught,1,decode
2457,truncation,2042262,3633507,caught,1,decode
2458,header,889,1,caught,1,decode
2459,payload,2308028,1,SILENT,0,decode
2460,bit_flip,1813995,1,caught,1,decode
2461,random_bytes,1501936,15,caught,1,decode
2462,zeroed_run,2152384,4092,caught,1,decode
2463,truncation,3599604,2076165,caught,1,decode
2464,header,976,1,SILENT,0,decode
2465,payload,1704400,1,caught,1,decode
2466,bit_flip,3116423,1,caught,1,decode
2467,random_bytes,2406865,15,caught,1,decode
2468,zeroed_run,4085029,41,caught,1,decode
2469,truncation,3701921,1973848,caught,1,decode
2470,header,625,1,SILENT,0,decode
2471,payload,4802472,1,caught,1,decode
2472,bit_flip,4128152,1,SILENT,0,decode
2473,random_bytes,2293076,2,SILENT,0,decode
2474,zeroed_run,1927198,3192,caught,1,decode
2475,truncation,4262836,1412933,caught,1,decode
2476,header,465,1,SILENT,0,decode
2477,payload,4761288,1,caught,1,decode
2478,bit_flip,5564526,1,caught,1,decode
2479,random_bytes,4251846,10,caught,1,decode
2480,zeroed_run,260597,3242,caught,1,decode
2481,truncation,3362864,2312905,caught,1,decode
2482,header,512,1,SILENT,0,decode
2483,payload,4405920,1,SILENT,0,decode
2484,bit_flip,3400184,1,SILENT,0,decode
2485,random_bytes,2039627,1,caught,1,decode
2486,zeroed_run,2837909,1803,caught,1,decode
2487,truncation,1446044,4229725,caught,1,decode
2488,header,639,1,SILENT,0,decode
2489,payload,1026973,1,SILENT,0,decode
2490,bit_flip,2043826,1,SILENT,0,decode
2491,random_bytes,1221930,13,caught,1,decode
2492,zeroed_run,3074034,807,caught,1,decode
2493,truncation,439458,5236311,caught,1,decode
2494,header,213,1,SILENT,0,decode
2495,payload,1729917,1,SILENT,0,decode
2496,bit_flip,3514596,1,SILENT,0,decode
2497,random_bytes,4103387,11,caught,1,decode
2498,zeroed_run,587202,3599,caught,1,decode
2499,truncation,2622130,3053639,caught,1,decode
2500,header,397,1,SILENT,0,decode
2501,payload,3960908,1,SILENT,0,decode
2502,bit_flip,5606162,1,SILENT,0,decode
2503,random_bytes,1993765,9,caught,1,decode
2504,zeroed_run,2968168,1783,caught,1,decode
2505,truncation,1860486,3815283,caught,1,decode
2506,header,426,1,SILENT,0,decode
2507,payload,448586,1,SILENT,0,decode
2508,bit_flip,5307421,1,SILENT,0,decode
2509,random_bytes,2245050,13,caught,1,decode
2510,zeroed_run,2763985,3851,caught,1,decode
2511,truncation,3081456,2594313,caught,1,decode
2512,header,946,1,SILENT,0,decode
2513,payload,5448944,1,SILENT,0,decode
2514,bit_flip,199648,1,caught,1,decode
2515,random_bytes,2787082,15,caught,1,decode
2516,zeroed_run,3198363,2307,caught,1,decode
2517,truncation,5244002,431767,caught,1,decode
2518,header,15,1,caught,1,decode
2519,payload,3215231,1,SILENT,0,decode
2520,bit_flip,401368,1,SILENT,0,decode
2521,random_bytes,675687,10,caught,1,decode
2522,zeroed_run,2477442,3608,caught,1,decode
2523,truncation,1116906,4558863,caught,1,decode
2524,header,19,1,caught,1,decode
2525,payload,1669115,1,SILENT,0,decode
2526,bit_flip,1951745,1,caught,1,decode
2527,random_bytes,910270,7,caught,1,decode
2528,zeroed_run,892445,1917,caught,1,decode
2529,truncation,2133224,3542545,caught,1,decode
2530,header,72,1,SILENT,0,decode
2531,payload,5010854,1,SILENT,0,decode
2532,bit_flip,733577,1,SILENT,0,decode
2533,random_bytes,1750972,6,caught,1,decode
2534,zeroed_run,3878195,1990,caught,1,decode
2535,truncation,2896616,2779153,caught,1,decode
2536,header,565,1,SILENT,0,decode
2537,payload,2874770,1,SILENT,0,decode
2538,bit_flip,133233,1,caught,1,decode
2539,random_bytes,1846860,8,caught,1,decode
2540,zeroed_run,5607320,2984,caught,1,decode
2541,truncation,3846799,1828970,caught,1,decode
2542,header,950,1,SILENT,0,decode
2543,payload,1419491,1,SILENT,0,decode
2544,bit_flip,5659369,1,SILENT,0,decode
2545,random_bytes,4566362,9,caught,1,decode
2546,zeroed_run,5097669,2861,caught,1,decode
2547,truncation,574320,5101449,caught,1,decode
2548,header,78,1,SILENT,0,decode
2549,payload,3825637,1,caught,1,decode
2550,bit_flip,2094682,1,SILENT,0,decode
2551,random_bytes,1035635,12,caught,1,decode
2552,zeroed_run,1064162,1060,caught,1,decode
2553,truncation,3710613,1965156,caught,1,decode
2554,header,146,1,SILENT,0,decode
2555,payload,1840759,1,SILENT,0,decode
2556,bit_flip,2877969,1,SILENT,0,decode
2557,random_bytes,4447425,11,caught,1,decode
2558,zeroed_run,3053135,1500,caught,1,decode
2559,truncation,1211409,4464360,caught,1,decode
2560,header,613,1,SILENT,0,decode
2561,payload,940454,1,caught,1,decode
2562,bit_flip,3155065,1,SILENT,0,decode
2563,random_bytes,2858921,15,caught,1,decode
2564,zeroed_run,5206319,3766,caught,1,decode
2565,truncation,3079164,2596605,caught,1,decode
2566,header,439,1,SILENT,0,decode
2567,payload,1279707,1,SILENT,0,decode
2568,bit_flip,2494111,1,SILENT,0,decode
2569,random_bytes,3396787,2,caught,1,decode
2570,zeroed_run,4188365,2385,caught,1,decode
2571,truncation,5069831,605938,caught,1,decode
2572,header,432,1,SILENT,0,decode
2573,payload,1920561,1,caught,1,decode
2574,bit_flip,2300893,1,SILENT,0,decode
2575,random_bytes,1698780,13,caught,1,decode
2576,zeroed_run,5183128,2022,caught,1,decode
2577,truncation,2663995,3011774,caught,1,decode
2578,header,288,1,SILENT,0,decode
2579,payload,2111890,1,caught,1,decode
2580,bit_flip,5531623,1,caught,1,decode
2581,random_bytes,2979216,15,caught,1,decode
2582,zeroed_run,104052,1196,caught,1,decode
2583,truncation,4308034,1367735,caught,1,decode
2584,header,109,1,caught,1,decode
2585,payload,806997,1,SILENT,0,decode
2586,bit_flip,5630959,1,SILENT,0,decode
2587,random_bytes,3528072,14,caught,1,decode
2588,zeroed_run,5256071,2890,caught,1,decode
2589,truncation,4266766,1409003,caught,1,decode
2590,header,452,1,SILENT,0,decode
2591,payload,2132767,1,SILENT,0,decode
2592,bit_flip,1442841,1,caught,1,decode
2593,random_bytes,2665914,2,caught,1,decode
2594,zeroed_run,3681579,3624,caught,1,decode
2595,truncation,185287,5490482,caught,1,decode
2596,header,113,1,SILENT,0,decode
2597,payload,3462669,1,SILENT,0,decode
2598,bit_flip,1913520,1,SILENT,0,decode
2599,random_bytes,1868906,15,caught,1,decode
2600,zeroed_run,1381640,599,caught,1,decode
2601,truncation,2689033,2986736,caught,1,decode
2602,header,943,1,SILENT,0,decode
2603,payload,1112786,1,SILENT,0,decode
2604,bit_flip,2140856,1,SILENT,0,decode
2605,random_bytes,823966,13,caught,1,decode
2606,zeroed_run,1288312,2741,caught,1,decode
2607,truncation,2325900,3349869,caught,1,decode
2608,header,205,1,SILENT,0,decode
2609,payload,5226273,1,SILENT,0,decode
2610,bit_flip,5449844,1,SILENT,0,decode
2611,random_bytes,1386452,10,caught,1,decode
2612,zeroed_run,2968777,668,caught,1,decode
2613,truncation,1744495,3931274,caught,1,decode
2614,header,938,1,caught,1,decode
2615,payload,2650753,1,SILENT,0,decode
2616,bit_flip,2639779,1,SILENT,0,decode
2617,random_bytes,4844597,13,caught,1,decode
2618,zeroed_run,86143,729,caught,1,decode
2619,truncation,430677,5245092,caught,1,decode
2620,header,974,1,SILENT,0,decode
2621,payload,2526576,1,caught,1,decode
2622,bit_flip,4771198,1,caught,1,decode
2623,random_bytes,4394397,2,caught,1,decode
2624,zeroed_run,5672055,2151,caught,1,decode
2625,truncation,211475,5464294,caught,1,decode
2626,header,236,1,SILENT,0,decode
2627,payload,2583847,1,caught,1,decode
2628,bit_flip,1954769,1,SILENT,0,decode
2629,random_bytes,3035767,10,caught,1,decode
2630,zeroed_run,5413592,2776,caught,1,decode
2631,truncation,4208177,1467592,caught,1,decode
2632,header,145,1,caught,1,decode
2633,payload,3889524,1,SILENT,0,decode
2634,bit_flip,933596,1,SILENT,0,decode
2635,random_bytes,3464771,11,caught,1,decode
2636,zeroed_run,3446784,1754,caught,1,decode
2637,truncation,1736779,3938990,caught,1,decode
2638,header,352,1,SILENT,0,decode
2639,payload,2005419,1,SILENT,0,decode
2640,bit_flip,52888,1,SILENT,0,decode
2641,random_bytes,2823314,9,caught,1,decode
2642,zeroed_run,2284232,874,caught,1,decode
2643,truncation,4178957,1496812,caught,1,decode
2644,header,234,1,SILENT,0,decode
2645,payload,1848764,1,SILENT,0,decode
2646,bit_flip,2848313,1,SILENT,0,decode
2647,random_bytes,4294900,12,caught,1,decode
2648,zeroed_run,2185389,101,caught,1,decode
2649,truncation,5010912,664857,caught,1,decode
2650,header,59,1,caught,1,decode
2651,payload,3382427,1,SILENT,0,decode
2652,bit_flip,1603967,1,SILENT,0,decode
2653,random_bytes,5057374,11,caught,1,decode
2654,zeroed_run,2907095,3998,caught,1,decode
2655,truncation,3681934,1993835,caught,1,decode
2656,header,895,1,caught,1,decode
2657,payload,651588,1,SILENT,0,decode
2658,bit_flip,1404449,1,caught,1,decode
2659,random_bytes,5578895,6,caught,1,decode
2660,zeroed_run,5663464,3248,caught,1,decode
2661,truncation,4931178,744591,caught,1,decode
2662,header,29,1,caught,1,decode
2663,payload,1124631,1,SILENT,0,decode
2664,bit_flip,3747528,1,SILENT,0,decode
2665,random_bytes,2873821,1,caught,1,decode
2666,zeroed_run,1114336,175,caught,1,decode
2667,truncation,3790081,1885688,caught,1,decode
2668,header,909,1,SILENT,0,decode
2669,payload,2005031,1,SILENT,0,decode
2670,bit_flip,5234689,1,SILENT,0,decode
2671,random_bytes,2525627,8,caught,1,decode
2672,zeroed_run,363797,1950,caught,1,decode
2673,truncation,3256317,2419452,caught,1,decode
2674,header,221,1,SILENT,0,decode
2675,payload,4270944,1,SILENT,0,decode
2676,bit_flip,5457745,1,SILENT,0,decode
2677,random_bytes,2010971,3,caught,1,decode
2678,zeroed_run,2577282,3744,caught,1,decode
2679,truncation,3200622,2475147,caught,1,decode
2680,header,767,1,SILENT,0,decode
2681,payload,3724614,1,caught,1,decode
2682,bit_flip,1938624,1,SILENT,0,decode
2683,random_bytes,4280120,3,caught,1,decode
2684,zeroed_run,5050517,2317,caught,1,decode
2685,truncation,1704982,3970787,caught,1,decode
2686,header,284,1,SILENT,0,decode
2687,payload,4807197,1,SILENT,0,decode
2688,bit_flip,4111269,1,SILENT,0,decode
2689,random_bytes,291328,16,caught,1,decode
2690,zeroed_run,1838306,3705,caught,1,decode
2691,truncation,560549,5115220,caught,1,decode
2692,header,21,1,harmless,0,decode
2693,payload,1655159,1,SILENT,0,decode
2694,bit_flip,1452723,1,SILENT,0,decode
2695,random_bytes,5392303,15,caught,1,decode
2696,zeroed_run,1268440,977,caught,1,decode
2697,truncation,1595582,4080187,caught,1,decode
2698,header,480,1,SILENT,0,decode
2699,payload,4771860,1,SILENT,0,decode
2700,bit_flip,3592442,1,SILENT,0,decode
2701,random_bytes,1812005,12,caught,1,decode
2702,zeroed_run,96425,3950,caught,1,decode
2703,truncation,5019042,656727,caught,1,decode
2704,header,577,1,SILENT,0,decode
2705,payload,5043731,1,SILENT,0,decode
2706,bit_flip,527616,1,SILENT,0,decode
2707,random_bytes,1575887,14,caught,1,decode
2708,zeroed_run,2998486,1440,caught,1,decode
2709,truncation,5040535,635234,caught,1,decode
2710,header,293,1,SILENT,0,decode
2711,payload,3852260,1,SILENT,0,decode
2712,bit_flip,3284827,1,SILENT,0,decode
2713,random_bytes,3827401,11,caught,1,decode
2714,zeroed_run,4960196,1674,caught,1,decode
2715,truncation,5135356,540413,caught,1,decode
2716,header,792,1,SILENT,0,decode
2717,payload,1212141,1,caught,1,decode
2718,bit_flip,1768718,1,SILENT,0,decode
2719,random_bytes,917176,15,caught,1,decode
2720,zeroed_run,1936457,701,caught,1,decode
2721,truncation,3861286,1814483,caught,1,decode
2722,header,385,1,SILENT,0,decode
2723,payload,4802373,1,caught,1,decode
2724,bit_flip,4809457,1,SILENT,0,decode
2725,random_bytes,937729,15,caught,1,decode
2726,zeroed_run,3808522,3147,caught,1,decode
2727,truncation,3231857,2443912,caught,1,decode
2728,header,359,1,SILENT,0,decode
2729,payload,4420151,1,SILENT,0,decode
2730,bit_flip,948660,1,SILENT,0,decode
2731,random_bytes,3632411,11,caught,1,decode
2732,zeroed_run,4407403,3949,caught,1,decode
2733,truncation,4089110,1586659,caught,1,decode
2734,header,372,1,SILENT,0,decode
2735,payload,976523,1,SILENT,0,decode
2736,bit_flip,1385794,1,SILENT,0,decode
2737,random_bytes,2520708,11,caught,1,decode
2738,zeroed_run,2460578,2888,caught,1,decode
2739,truncation,4437948,1237821,caught,1,decode
2740,header,1021,1,SILENT,0,decode
2741,payload,1497280,1,caught,1,decode
2742,bit_flip,1479947,1,SILENT,0,decode
2743,random_bytes,4440209,4,caught,1,decode
2744,zeroed_run,5065228,1851,caught,1,decode
2745,truncation,715839,4959930,caught,1,decode
2746,header,2,1,caught,1,decode
2747,payload,4959577,1,SILENT,0,decode
2748,bit_flip,4774514,1,SILENT,0,decode
2749,random_bytes,3509893,9,caught,1,decode
2750,zeroed_run,2202786,3101,caught,1,decode
2751,truncation,4951403,724366,caught,1,decode
2752,header,403,1,SILENT,0,decode
2753,payload,4611895,1,caught,1,decode
2754,bit_flip,1160989,1,SILENT,0,decode
2755,random_bytes,4870771,5,caught,1,decode
2756,zeroed_run,2096539,780,caught,1,decode
2757,truncation,3416902,2258867,caught,1,decode
2758,header,995,1,SILENT,0,decode
2759,payload,4959499,1,SILENT,0,decode
2760,bit_flip,1994619,1,caught,1,decode
2761,random_bytes,3723075,12,caught,1,decode
2762,zeroed_run,2348265,531,caught,1,decode
2763,truncation,4730964,944805,caught,1,decode
2764,header,595,1,SILENT,0,decode
2765,payload,968839,1,SILENT,0,decode
2766,bit_flip,3170002,1,SILENT,0,decode
2767,random_bytes,4517665,6,caught,1,decode
2768,zeroed_run,1199570,1598,caught,1,decode
2769,truncation,662647,5013122,caught,1,decode
2770,header,615,1,SILENT,0,decode
2771,payload,3626707,1,SILENT,0,decode
2772,bit_flip,1421460,1,caught,1,decode
2773,random_bytes,1399564,4,caught,1,decode
2774,zeroed_run,1957250,3237,caught,1,decode
2775,truncation,1300068,4375701,caught,1,decode
2776,header,557,1,SILENT,0,decode
2777,payload,3064748,1,caught,1,decode
2778,bit_flip,701777,1,SILENT,0,decode
2779,random_bytes,5047766,16,caught,1,decode
2780,zeroed_run,2151731,797,caught,1,decode
2781,truncation,3931617,1744152,caught,1,decode
2782,header,262,1,SILENT,0,decode
2783,payload,3416424,1,caught,1,decode
2784,bit_flip,4413186,1,SILENT,0,decode
2785,random_bytes,4023935,13,caught,1,decode
2786,zeroed_run,2241967,4089,caught,1,decode
2787,truncation,2132119,3543650,caught,1,decode
2788,header,331,1,SILENT,0,decode
2789,payload,3186580,1,SILENT,0,decode
2790,bit_flip,1172954,1,SILENT,0,decode
2791,random_bytes,1118292,3,caught,1,decode
2792,zeroed_run,1262121,523,caught,1,decode
2793,truncation,22024,5653745,caught,1,decode
2794,header,194,1,caught,1,decode
2795,payload,989352,1,SILENT,0,decode
2796,bit_flip,4774160,1,SILENT,0,decode
2797,random_bytes,5655036,1,caught,1,decode
2798,zeroed_run,1104485,985,caught,1,decode
2799,truncation,5344884,330885,caught,1,decode
2800,header,618,1,SILENT,0,decode
2801,payload,2712040,1,SILENT,0,decode
2802,bit_flip,1605441,1,SILENT,0,decode
2803,random_bytes,4610749,2,caught,1,decode
2804,zeroed_run,3553181,1505,caught,1,decode
2805,truncation,2296096,3379673,caught,1,decode
2806,header,573,1,SILENT,0,decode
2807,payload,4083822,1,SILENT,0,decode
2808,bit_flip,4369511,1,SILENT,0,decode
2809,random_bytes,1643417,13,caught,1,decode
2810,zeroed_run,2359674,1810,caught,1,decode
2811,truncation,294298,5381471,caught,1,decode
2812,header,829,1,SILENT,0,decode
2813,payload,868584,1,SILENT,0,decode
2814,bit_flip,2814064,1,SILENT,0,decode
2815,random_bytes,4483789,11,caught,1,decode
2816,zeroed_run,2606249,1373,caught,1,decode
2817,truncation,2571677,3104092,caught,1,decode
2818,header,828,1,SILENT,0,decode
2819,payload,276218,1,SILENT,0,decode
2820,bit_flip,274022,1,SILENT,0,decode
2821,random_bytes,4835549,7,caught,1,decode
2822,zeroed_run,4871331,2608,caught,1,decode
2823,truncation,1953259,3722510,caught,1,decode
2824,header,927,1,SILENT,0,decode
2825,payload,4362417,1,SILENT,0,decode
2826,bit_flip,4666228,1,SILENT,0,decode
2827,random_bytes,4532257,3,caught,1,decode
2828,zeroed_run,1506381,184,caught,1,decode
2829,truncation,4022705,1653064,caught,1,decode
2830,header,835,1,SILENT,0,decode
2831,payload,1904513,1,caught,1,decode
2832,bit_flip,665208,1,SILENT,0,decode
2833,random_bytes,3656652,9,caught,1,decode
2834,zeroed_run,4200285,2574,caught,1,decode
2835,truncation,3159764,2516005,caught,1,decode
2836,header,341,1,SILENT,0,decode
2837,payload,4301195,1,SILENT,0,decode
2838,bit_flip,688586,1,SILENT,0,decode
2839,random_bytes,2149417,16,caught,1,decode
2840,zeroed_run,2222999,2637,caught,1,decode
2841,truncation,2302700,3373069,caught,1,decode
2842,header,833,1,SILENT,0,decode
2843,payload,770692,1,caught,1,decode
2844,bit_flip,2396338,1,SILENT,0,decode
2845,random_bytes,3407789,8,caught,1,decode
2846,zeroed_run,2035888,994,caught,1,decode
2847,truncation,958489,4717280,caught,1,decode
2848,header,641,1,SILENT,0,decode
2849,payload,3814948,1,SILENT,0,decode
2850,bit_flip,2179175,1,caught,1,decode
2851,random_bytes,5570087,14,caught,1,decode
2852,zeroed_run,3102537,2139,caught,1,decode
2853,truncation,1000575,4675194,caught,1,decode
2854,header,569,1,SILENT,0,decode
2855,payload,5606267,1,SILENT,0,decode
2856,bit_flip,3364835,1,SILENT,0,decode
2857,random_bytes,3143899,11,caught,1,decode
2858,zeroed_run,1939051,578,caught,1,decode
2859,truncation,366324,5309445,caught,1,decode
2860,header,473,1,SILENT,0,decode
2861,payload,980658,1,SILENT,0,decode
2862,bit_flip,5108754,1,SILENT,0,decode
2863,random_bytes,5143530,10,caught,1,decode
2864,zeroed_run,4231920,857,caught,1,decode
2865,truncation,1892239,3783530,caught,1,decode
2866,header,466,1,caught,1,decode
2867,payload,1240321,1,SILENT,0,decode
2868,bit_flip,699691,1,SILENT,0,decode
2869,random_bytes,5593140,9,caught,1,decode
2870,zeroed_run,2082129,1329,caught,1,decode
2871,truncation,4302414,1373355,caught,1,decode
2872,header,853,1,SILENT,0,decode
2873,payload,443345,1,caught,1,decode
2874,bit_flip,5577270,1,SILENT,0,decode
2875,random_bytes,3215604,14,caught,1,decode
2876,zeroed_run,4284430,3187,caught,1,decode
2877,truncation,2264533,3411236,caught,1,decode
2878,header,716,1,SILENT,0,decode
2879,payload,744104,1,SILENT,0,decode
2880,bit_flip,5311145,1,caught,1,decode
2881,random_bytes,445135,14,caught,1,decode
2882,zeroed_run,1602470,909,caught,1,decode
2883,truncation,2375954,3299815,caught,1,decode
2884,header,157,1,SILENT,0,decode
2885,payload,5062448,1,caught,1,decode
2886,bit_flip,185617,1,SILENT,0,decode
2887,random_bytes,970069,10,caught,1,decode
2888,zeroed_run,5268991,1814,caught,1,decode
2889,truncation,2020880,3654889,caught,1,decode
2890,header,719,1,caught,1,decode
2891,payload,5387714,1,SILENT,0,decode
2892,bit_flip,4673304,1,SILENT,0,decode
2893,random_bytes,373622,3,caught,1,decode
2894,zeroed_run,1670399,3263,caught,1,decode
2895,truncation,532043,5143726,caught,1,decode
2896,header,85,1,SILENT,0,decode
2897,payload,250745,1,caught,1,decode
2898,bit_flip,3526673,1,caught,1,decode
2899,random_bytes,5174783,3,caught,1,decode
2900,zeroed_run,4908548,1698,caught,1,decode
2901,truncation,6835,5668934,caught,1,decode
2902,header,902,1,SILENT,0,decode
2903,payload,5167139,1,SILENT,0,decode
2904,bit_flip,3530299,1,SILENT,0,decode
2905,random_bytes,5197145,15,caught,1,decode
2906,zeroed_run,5260748,909,caught,1,decode
2907,truncation,4688100,987669,caught,1,decode
2908,header,253,1,SILENT,0,decode
2909,payload,3283102,1,SILENT,0,decode
2910,bit_flip,1744030,1,SILENT,0,decode
2911,random_bytes,4791105,4,caught,1,decode
2912,zeroed_run,653702,1454,caught,1,decode
2913,truncation,1843167,3832602,caught,1,decode
2914,header,289,1,SILENT,0,decode
2915,payload,3860387,1,SILENT,0,decode
2916,bit_flip,691919,1,SILENT,0,decode
2917,random_bytes,2655731,3,caught,1,decode
2918,zeroed_run,5226935,866,caught,1,decode
2919,truncation,4354734,1321035,caught,1,decode
2920,header,344,1,SILENT,0,decode
2921,payload,1467409,1,caught,1,decode
2922,bit_flip,3450102,1,SILENT,0,decode
2923,random_bytes,2495453,13,caught,1,decode
2924,zeroed_run,890059,3137,caught,1,decode
2925,truncation,3649464,2026305,caught,1,decode
2926,header,138,1,SILENT,0,decode
2927,payload,3685961,1,SILENT,0,decode
2928,bit_flip,768844,1,caught,1,decode
2929,random_bytes,1830130,15,caught,1,decode
2930,zeroed_run,1826741,623,caught,1,decode
2931,truncation,2564522,3111247,caught,1,decode
2932,header,321,1,SILENT,0,decode
2933,payload,4214002,1,SILENT,0,decode
2934,bit_flip,4233873,1,caught,1,decode
2935,random_bytes,1216694,13,caught,1,decode
2936,zeroed_run,5122232,3829,caught,1,decode
2937,truncation,2667500,3008269,caught,1,decode
2938,header,746,1,SILENT,0,decode
2939,payload,14181,1,SILENT,0,decode
2940,bit_flip,1206603,1,SILENT,0,decode
2941,random_bytes,2882059,6,caught,1,decode
2942,zeroed_run,4929568,50,caught,1,decode
2943,truncation,1830550,3845219,caught,1,decode
2944,header,652,1,SILENT,0,decode
2945,payload,3212166,1,caught,1,decode
2946,bit_flip,3897576,1,SILENT,0,decode
2947,random_bytes,5109120,16,caught,1,decode
2948,zeroed_run,4752466,3978,caught,1,decode
2949,truncation,2989291,2686478,caught,1,decode
2950,header,94,1,SILENT,0,decode
2951,payload,190537,1,SILENT,0,decode
2952,bit_flip,1614549,1,caught,1,decode
2953,random_bytes,5228907,16,caught,1,decode
2954,zeroed_run,858807,2526,caught,1,decode
2955,truncation,4179256,1496513,caught,1,decode
2956,header,155,1,SILENT,0,decode
2957,payload,494644,1,SILENT,0,decode
2958,bit_flip,3450902,1,SILENT,0,decode
2959,random_bytes,4638803,11,caught,1,decode
2960,zeroed_run,581452,2412,caught,1,decode
2961,truncation,2524879,3150890,caught,1,decode
2962,header,233,1,SILENT,0,decode
2963,payload,5083847,1,SILENT,0,decode
2964,bit_flip,1414830,1,SILENT,0,decode
2965,random_bytes,722199,7,caught,1,decode
2966,zeroed_run,2187716,685,caught,1,decode
2967,truncation,5018966,656803,caught,1,decode
2968,header,814,1,SILENT,0,decode
2969,payload,1072372,1,SILENT,0,decode
2970,bit_flip,5660119,1,caught,1,decode
2971,random_bytes,1035631,9,caught,1,decode
2972,zeroed_run,927597,2075,caught,1,decode
2973,truncation,2485510,3190259,caught,1,decode
2974,header,906,1,SILENT,0,decode
2975,payload,2391698,1,SILENT,0,decode
2976,bit_flip,2234791,1,caught,1,decode
2977,random_bytes,4506915,6,caught,1,decode
2978,zeroed_run,2917968,2891,caught,1,decode
2979,truncation,4751781,923988,caught,1,decode
2980,header,278,1,SILENT,0,decode
2981,payload,4484338,1,caught,1,decode
2982,bit_flip,2618883,1,SILENT,0,decode
2983,random_bytes,3743103,8,caught,1,decode
2984,zeroed_run,5043769,1016,caught,1,decode
2985,truncation,5477503,198266,caught,1,decode
2986,header,358,1,SILENT,0,decode
2987,payload,4421538,1,caught,1,decode
2988,bit_flip,3498223,1,SILENT,0,decode
2989,random_bytes,1700826,12,caught,1,decode
2990,zeroed_run,1196832,2885,caught,1,decode
2991,truncation,1476757,4199012,caught,1,decode
2992,header,172,1,caught,1,decode
2993,payload,5632790,1,SILENT,0,decode
2994,bit_flip,3881545,1,SILENT,0,decode
2995,random_bytes,4353995,3,caught,1,decode
2996,zeroed_run,906073,180,caught,1,decode
2997,truncation,1211671,4464098,caught,1,decode
2998,header,64,1,SILENT,0,decode
2999,payload,2370544,1,SILENT,0,decode
3000,bit_flip,5577919,1,SILENT,0,decode
3001,random_bytes,2438585,12,caught,1,decode
3002,zeroed_run,3154556,1180,caught,1,decode
3003,truncation,4232601,1443168,caught,1,decode
3004,header,556,1,SILENT,0,decode
3005,payload,2852819,1,caught,1,decode
3006,bit_flip,2529118,1,SILENT,0,decode
3007,random_bytes,2186268,15,caught,1,decode
3008,zeroed_run,554021,690,caught,1,decode
3009,truncation,2480098,3195671,caught,1,decode
3010,header,211,1,SILENT,0,decode
3011,payload,5478322,1,SILENT,0,decode
3012,bit_flip,3347194,1,caught,1,decode
3013,random_bytes,2214281,13,caught,1,decode
3014,zeroed_run,2852667,2526,caught,1,decode
3015,truncation,1371640,4304129,caught,1,decode
3016,header,6,1,caught,1,decode
3017,payload,5197445,1,SILENT,0,decode
3018,bit_flip,3919718,1,SILENT,0,decode
3019,random_bytes,5618851,5,caught,1,decode
3020,zeroed_run,1099821,1293,caught,1,decode
3021,truncation,2742996,2932773,caught,1,decode
3022,header,674,1,SILENT,0,decode
3023,payload,3772397,1,caught,1,decode
3024,bit_flip,282258,1,SILENT,0,decode
3025,random_bytes,1865112,6,caught,1,decode
3026,zeroed_run,5198233,3943,caught,1,decode
3027,truncation,4092681,1583088,caught,1,decode
3028,header,305,1,SILENT,0,decode
3029,payload,1448128,1,caught,1,decode
3030,bit_flip,3842733,1,caught,1,decode
3031,random_bytes,206847,7,caught,1,decode
3032,zeroed_run,5011284,1493,caught,1,decode
3033,truncation,2435679,3240090,caught,1,decode
3034,header,595,1,SILENT,0,decode
3035,payload,163687,1,SILENT,0,decode
3036,bit_flip,1941113,1,SILENT,0,decode
3037,random_bytes,4353250,14,caught,1,decode
3038,zeroed_run,1344249,2495,caught,1,decode
3039,truncation,3202162,2473607,caught,1,decode
3040,header,731,1,SILENT,0,decode
3041,payload,2727487,1,SILENT,0,decode
3042,bit_flip,2818950,1,SILENT,0,decode
3043,random_bytes,960138,6,caught,1,decode
3044,zeroed_run,2963174,3994,caught,1,decode
3045,truncation,1625764,4050005,caught,1,decode
3046,header,159,1,SILENT,0,decode
3047,payload,194660,1,SILENT,0,decode
3048,bit_flip,5031376,1,SILENT,0,decode
3049,random_bytes,1692485,4,caught,1,decode
3050,zeroed_run,678923,511,caught,1,decode
3051,truncation,764658,4911111,caught,1,decode
3052,header,946,1,SILENT,0,decode
3053,payload,5438338,1,SILENT,0,decode
3054,bit_flip,3666685,1,SILENT,0,decode
3055,random_bytes,239912,13,caught,1,decode
3056,zeroed_run,5523508,2366,caught,1,decode
3057,truncation,1705497,3970272,caught,1,decode
3058,header,429,1,SILENT,0,decode
3059,payload,598885,1,SILENT,0,decode
3060,bit_flip,3381287,1,SILENT,0,decode
3061,random_bytes,4067101,14,caught,1,decode
3062,zeroed_run,3312318,2166,caught,1,decode
3063,truncation,1411197,4264572,caught,1,decode
3064,header,678,1,SILENT,0,decode
3065,payload,3570671,1,SILENT,0,decode
3066,bit_flip,3419454,1,SILENT,0,decode
3067,random_bytes,53235,14,caught,1,decode
3068,zeroed_run,4264477,243,caught,1,decode
3069,truncation,4156951,1518818,caught,1,decode
3070,header,821,1,SILENT,0,decode
3071,payload,3981311,1,SILENT,0,decode
3072,bit_flip,4616311,1,SILENT,0,decode
3073,random_bytes,2947802,13,caught,1,decode
3074,zeroed_run,4526216,3036,caught,1,decode
3075,truncation,2042809,3632960,caught,1,decode
3076,header,958,1,SILENT,0,decode
3077,payload,3610503,1,SILENT,0,decode
3078,bit_flip,3188285,1,SILENT,0,decode
3079,random_bytes,1930199,9,caught,1,decode
3080,zeroed_run,5505394,1376,caught,1,decode
3081,truncation,4433673,1242096,caught,1,decode
3082,header,935,1,SILENT,0,decode
3083,payload,1717085,1,caught,1,decode
3084,bit_flip,2681720,1,SILENT,0,decode
3085,random_bytes,578972,1,caught,1,decode
3086,zeroed_run,1272485,1733,caught,1,decode
3087,truncation,2490144,3185625,caught,1,decode
3088,header,31,1,caught,1,decode
3089,payload,5634942,1,SILENT,0,decode
3090,bit_flip,2929944,1,SILENT,0,decode
3091,random_bytes,5081450,6,caught,1,decode
3092,zeroed_run,2991742,3892,caught,1,decode
3093,truncation,1581232,4094537,caught,1,decode
3094,header,919,1,SILENT,0,decode
3095,payload,885087,1,SILENT,0,decode
3096,bit_flip,1675788,1,SILENT,0,decode
3097,random_bytes,1167897,8,caught,1,decode
3098,zeroed_run,2612208,4007,caught,1,decode
3099,truncation,1582049,4093720,caught,1,decode
3100,header,648,1,caught,1,decode
3101,payload,5273245,1,SILENT,0,decode
3102,bit_flip,1846381,1,caught,1,decode
3103,random_bytes,259605,11,caught,1,decode
3104,zeroed_run,1342836,3267,caught,1,decode
3105,truncation,1707011,3968758,caught,1,decode
3106,header,858,1,caught,1,decode
3107,payload,1630965,1,SILENT,0,decode
3108,bit_flip,5457308,1,SILENT,0,decode
3109,random_bytes,5342239,10,caught,1,decode
3110,zeroed_run,4408752,1512,caught,1,decode
3111,truncation,122958,5552811,caught,1,decode
3112,header,695,1,SILENT,0,decode
3113,payload,3585129,1,caught,1,decode
3114,bit_flip,1674478,1,SILENT,0,decode
3115,random_bytes,2896575,10,caught,1,decode
3116,zeroed_run,587276,1428,caught,1,decode
3117,truncation,743646,4932123,caught,1,decode
3118,header,896,1,SILENT,0,decode
3119,payload,2015613,1,SILENT,0,decode
3120,bit_flip,3952834,1,caught,1,decode
3121,random_bytes,3158364,9,caught,1,decode
3122,zeroed_run,4715390,1022,caught,1,decode
3123,truncation,282395,5393374,caught,1,decode
3124,header,379,1,SILENT,0,decode
3125,payload,3564373,1,SILENT,0,decode
3126,bit_flip,4941122,1,SILENT,0,decode
3127,random_bytes,3579975,7,SILENT,0,decode
3128,zeroed_run,1784221,3483,caught,1,decode
3129,truncation,1875395,3800374,caught,1,decode
3130,header,100,1,caught,1,decode
3131,payload,822200,1,SILENT,0,decode
3132,bit_flip,2713725,1,SILENT,0,decode
3133,random_bytes,557338,6,caught,1,decode
3134,zeroed_run,1566617,3264,caught,1,decode
3135,truncation,4960638,715131,caught,1,decode
3136,header,324,1,caught,1,decode
3137,payload,3633304,1,SILENT,0,decode
3138,bit_flip,764991,1,SILENT,0,decode
3139,random_bytes,1377980,15,caught,1,decode
3140,zeroed_run,5191948,732,caught,1,decode
3141,truncation,402405,5273364,caught,1,decode
3142,header,735,1,SILENT,0,decode
3143,payload,1846513,1,SILENT,0,decode
3144,bit_flip,2086999,1,SILENT,0,decode
3145,random_bytes,2540860,12,caught,1,decode
3146,zeroed_run,3693704,3761,caught,1,decode
3147,truncation,4064973,1610796,caught,1,decode
3148,header,652,1,SILENT,0,decode
3149,payload,4135706,1,SILENT,0,decode
3150,bit_flip,563290,1,SILENT,0,decode
3151,random_bytes,791816,14,caught,1,decode
3152,zeroed_run,3786446,2879,caught,1,decode
3153,truncation,1108551,4567218,caught,1,decode
3154,header,835,1,SILENT,0,decode
3155,payload,4445287,1,caught,1,decode
3156,bit_flip,3094976,1,caught,1,decode
3157,random_bytes,2938699,13,caught,1,decode
3158,zeroed_run,1281355,561,caught,1,decode
3159,truncation,629297,5046472,caught,1,decode
3160,header,297,1,SILENT,0,decode
3161,payload,3702044,1,caught,1,decode
3162,bit_flip,4367960,1,caught,1,decode
3163,random_bytes,4628411,6,caught,1,decode
3164,zeroed_run,1002331,277,caught,1,decode
3165,truncation,2037627,3638142,caught,1,decode
3166,header,242,1,SILENT,0,decode
3167,payload,729863,1,SILENT,0,decode
3168,bit_flip,1909698,1,SILENT,0,decode
3169,random_bytes,1374176,11,caught,1,decode
3170,zeroed_run,5217609,1409,caught,1,decode
3171,truncation,346944,5328825,caught,1,decode
3172,header,882,1,SILENT,0,decode
3173,payload,4471160,1,SILENT,0,decode
3174,bit_flip,3687944,1,SILENT,0,decode
3175,random_bytes,595550,10,caught,1,decode
3176,zeroed_run,2609458,1580,caught,1,decode
3177,truncation,4351976,1323793,caught,1,decode
3178,header,783,1,SILENT,0,decode
3179,payload,5496631,1,caught,1,decode
3180,bit_flip,1260149,1,SILENT,0,decode
3181,random_bytes,3413174,15,caught,1,decode
3182,zeroed_run,5311808,19,caught,1,decode
3183,truncation,3101375,2574394,caught,1,decode
3184,header,527,1,caught,1,decode
3185,payload,3747995,1,SILENT,0,decode
3186,bit_flip,3022428,1,SILENT,0,decode
3187,random_bytes,2784348,5,caught,1,decode
3188,zeroed_run,2287166,3184,caught,1,decode
3189,truncation,1464873,4210896,caught,1,decode
3190,header,536,1,SILENT,0,decode
3191,payload,631945,1,SILENT,0,decode
3192,bit_flip,1512518,1,SILENT,0,decode
3193,random_bytes,1827493,6,caught,1,decode
3194,zeroed_run,5373229,1151,caught,1,decode
3195,truncation,5474588,201181,caught,1,decode
3196,header,780,1,SILENT,0,decode
3197,payload,468111,1,SILENT,0,decode
3198,bit_flip,5209886,1,SILENT,0,decode
3199,random_bytes,3729234,9,caught,1,decode
3200,zeroed_run,2471152,1770,caught,1,decode
3201,truncation,3632195,2043574,caught,1,decode
3202,header,817,1,SILENT,0,decode
3203,payload,5320253,1,SILENT,0,decode
3204,bit_flip,4568273,1,SILENT,0,decode
3205,random_bytes,323362,10,caught,1,decode
3206,zeroed_run,5532800,3251,caught,1,decode
3207,truncation,690697,4985072,caught,1,decode
3208,header,925,1,SILENT,0,decode
3209,payload,5393103,1,SILENT,0,decode
3210,bit_flip,3153297,1,SILENT,0,decode
3211,random_bytes,4291911,7,caught,1,decode
3212,zeroed_run,1309478,3320,caught,1,decode
3213,truncation,63105,5612664,caught,1,decode
3214,header,156,1,SILENT,0,decode
3215,payload,2492868,1,caught,1,decode
3216,bit_flip,2188252,1,caught,1,decode
3217,random_bytes,4735356,5,caught,1,decode
3218,zeroed_run,3693819,2127,caught,1,decode
3219,truncation,4577606,1098163,caught,1,decode
3220,header,434,1,SILENT,0,decode
3221,payload,2280,1,caught,1,decode
3222,bit_flip,1481173,1,caught,1,decode
3223,random_bytes,1284071,14,caught,1,decode
3224,zeroed_run,5317773,638,caught,1,decode
3225,truncation,4572877,1102892,caught,1,decode
3226,header,654,1,SILENT,0,decode
3227,payload,705179,1,SILENT,0,decode
3228,bit_flip,3122088,1,SILENT,0,decode
3229,random_bytes,2475373,6,caught,1,decode
3230,zeroed_run,5667632,850,caught,1,decode
3231,truncation,1886162,3789607,caught,1,decode
3232,header,316,1,caught,1,decode
3233,payload,4456585,1,SILENT,0,decode
3234,bit_flip,1747439,1,caught,1,decode
3235,random_bytes,5663518,6,caught,1,decode
3236,zeroed_run,3093399,634,caught,1,decode
3237,truncation,1077739,4598030,caught,1,decode
3238,header,524,1,SILENT,0,decode
3239,payload,1221486,1,SILENT,0,decode
3240,bit_flip,300204,1,caught,1,decode
3241,random_bytes,1766696,13,caught,1,decode
3242,zeroed_run,3532427,1522,caught,1,decode
3243,truncation,5199267,476502,caught,1,decode
3244,header,496,1,SILENT,0,decode
3245,payload,3747149,1,SILENT,0,decode
3246,bit_flip,1037376,1,caught,1,decode
3247,random_bytes,2959462,15,caught,1,decode
3248,zeroed_run,3079956,1899,caught,1,decode
3249,truncation,53499,5622270,caught,1,decode
3250,header,822,1,caught,1,decode
3251,payload,2336192,1,SILENT,0,decode
3252,bit_flip,4506118,1,caught,1,decode
3253,random_bytes,860891,4,caught,1,decode
3254,zeroed_run,731564,2507,caught,1,decode
3255,truncation,5355163,320606,caught,1,decode
3256,header,436,1,SILENT,0,decode
3257,payload,4660939,1,SILENT,0,decode
3258,bit_flip,2726882,1,SILENT,0,decode
3259,random_bytes,154951,8,caught,1,decode
3260,zeroed_run,4030981,1361,caught,1,decode
3261,truncation,3343005,2332764,caught,1,decode
3262,header,934,1,SILENT,0,decode
3263,payload,3887130,1,caught,1,decode
3264,bit_flip,5631032,1,SILENT,0,decode
3265,random_bytes,5149205,13,caught,1,decode
3266,zeroed_run,5059803,3222,caught,1,decode
3267,truncation,3333953,2341816,caught,1,decode
3268,header,855,1,caught,1,decode
3269,payload,3054025,1,SILENT,0,decode
3270,bit_flip,2142233,1,SILENT,0,decode
3271,random_bytes,3607932,12,caught,1,decode
3272,zeroed_run,5487316,3835,caught,1,decode
3273,truncation,1461544,4214225,caught,1,decode
3274,header,285,1,SILENT,0,decode
3275,payload,4326363,1,caught,1,decode
3276,bit_flip,4323920,1,caught,1,decode
3277,random_bytes,2081908,4,caught,1,decode
3278,zeroed_run,936265,3179,caught,1,decode
3279,truncation,5619322,56447,caught,1,decode
3280,header,960,1,caught,1,decode
3281,payload,1023336,1,caught,1,decode
3282,bit_flip,2933542,1,SILENT,0,decode
3283,random_bytes,1983780,13,caught,1,decode
3284,zeroed_run,4159196,3150,caught,1,decode
3285,truncation,5050896,624873,caught,1,decode
3286,header,933,1,SILENT,0,decode
3287,payload,2910075,1,caught,1,decode
3288,bit_flip,4423359,1,caught,1,decode
3289,random_bytes,4552365,4,caught,1,decode
3290,zeroed_run,4617058,1512,caught,1,decode
3291,truncation,4829439,846330,caught,1,decode
3292,header,543,1,SILENT,0,decode
3293,payload,4198067,1,SILENT,0,decode
3294,bit_flip,3518658,1,caught,1,decode
3295,random_bytes,3116865,1,caught,1,decode
3296,zeroed_run,1081430,4093,caught,1,decode
3297,truncation,5154422,521347,caught,1,decode
3298,header,14,1,caught,1,decode
3299,payload,3962167,1,SILENT,0,decode
3300,bit_flip,1616569,1,SILENT,0,decode
3301,random_bytes,1883848,2,caught,1,decode
3302,zeroed_run,3378051,1454,caught,1,decode
3303,truncation,5581291,94478,caught,1,decode
3304,header,946,1,SILENT,0,decode
3305,payload,2389879,1,caught,1,decode
3306,bit_flip,2248605,1,SILENT,0,decode
3307,random_bytes,2003678,5,caught,1,decode
3308,zeroed_run,4862151,971,caught,1,decode
3309,truncation,119953,5555816,caught,1,decode
3310,header,997,1,SILENT,0,decode
3311,payload,593240,1,SILENT,0,decode
3312,bit_flip,2604065,1,caught,1,decode
3313,random_bytes,4841812,3,caught,1,decode
3314,zeroed_run,3408960,1629,caught,1,decode
3315,truncation,2904067,2771702,caught,1,decode
3316,header,62,1,SILENT,0,decode
3317,payload,675426,1,SILENT,0,decode
3318,bit_flip,321151,1,caught,1,decode
3319,random_bytes,4017373,11,caught,1,decode
3320,zeroed_run,4689617,3201,caught,1,decode
3321,truncation,2072411,3603358,caught,1,decode
3322,header,412,1,SILENT,0,decode
3323,payload,1725678,1,caught,1,decode
3324,bit_flip,596364,1,SILENT,0,decode
3325,random_bytes,4561161,14,caught,1,decode
3326,zeroed_run,2396907,2079,caught,1,decode
3327,truncation,69117,5606652,caught,1,decode
3328,header,242,1,SILENT,0,decode
3329,payload,1656851,1,SILENT,0,decode
3330,bit_flip,3778763,1,caught,1,decode
3331,random_bytes,5667711,16,caught,1,decode
3332,zeroed_run,5233162,3890,caught,1,decode
3333,truncation,3283123,2392646,caught,1,decode
3334,header,488,1,SILENT,0,decode
3335,payload,2137877,1,SILENT,0,decode
3336,bit_flip,5293874,1,SILENT,0,decode
3337,random_bytes,5039591,4,caught,1,decode
3338,zeroed_run,5092696,2708,caught,1,decode
3339,truncation,3504627,2171142,caught,1,decode
3340,header,12,1,caught,1,decode
3341,payload,572770,1,SILENT,0,decode
3342,bit_flip,5219020,1,SILENT,0,decode
3343,random_bytes,683508,10,caught,1,decode
3344,zeroed_run,2797065,2789,caught,1,decode
3345,truncation,5655045,20724,caught,1,decode
3346,header,644,1,SILENT,0,decode
3347,payload,2109213,1,caught,1,decode
3348,bit_flip,804035,1,SILENT,0,decode
3349,random_bytes,1833351,6,caught,1,decode
3350,zeroed_run,3798110,63,caught,1,decode
3351,truncation,2487540,3188229,caught,1,decode
3352,header,68,1,SILENT,0,decode
3353,payload,5088443,1,SILENT,0,decode
3354,bit_flip,3063106,1,caught,1,decode
3355,random_bytes,4488317,7,caught,1,decode
3356,zeroed_run,5535394,522,caught,1,decode
3357,truncation,194240,5481529,caught,1,decode
3358,header,543,1,SILENT,0,decode
3359,payload,1064385,1,SILENT,0,decode
3360,bit_flip,635751,1,SILENT,0,decode
3361,random_bytes,490555,11,caught,1,decode
3362,zeroed_run,1451826,1791,caught,1,decode
3363,truncation,3177278,2498491,caught,1,decode
3364,header,820,1,SILENT,0,decode
3365,payload,3186932,1,SILENT,0,decode
3366,bit_flip,2862398,1,SILENT,0,decode
3367,random_bytes,1553607,11,caught,1,decode
3368,zeroed_run,1955958,2905,caught,1,decode
3369,truncation,2180047,3495722,caught,1,decode
3370,header,100,1,caught,1,decode
3371,payload,2776530,1,caught,1,decode
3372,bit_flip,3740457,1,SILENT,0,decode
3373,random_bytes,3903254,10,caught,1,decode
3374,zeroed_run,1478354,2790,caught,1,decode
3375,truncation,1200103,4475666,caught,1,decode
3376,header,152,1,SILENT,0,decode
3377,payload,3429146,1,caught,1,decode
3378,bit_flip,3216709,1,SILENT,0,decode
3379,random_bytes,5590440,1,SILENT,0,decode
3380,zeroed_run,5422113,3557,caught,1,decode
3381,truncation,895043,4780726,caught,1,decode
3382,header,214,1,SILENT,0,decode
3383,payload,4911311,1,SILENT,0,decode
3384,bit_flip,5416948,1,SILENT,0,decode
3385,random_bytes,164595,11,caught,1,decode
3386,zeroed_run,2292463,95,caught,1,decode
3387,truncation,2325865,3349904,caught,1,decode
3388,header,198,1,SILENT,0,decode
3389,payload,1999923,1,caught,1,decode
3390,bit_flip,4017074,1,caught,1,decode
3391,random_bytes,1343091,8,caught,1,decode
3392,zeroed_run,2882915,2078,caught,1,decode
3393,truncation,4516178,1159591,caught,1,decode
3394,header,903,1,SILENT,0,decode
3395,payload,4156773,1,caught,1,decode
3396,bit_flip,1305500,1,SILENT,0,decode
3397,random_bytes,3163271,3,caught,1,decode
3398,zeroed_run,3917246,2197,caught,1,decode
3399,truncation,5605810,69959,caught,1,decode
3400,header,412,1,SILENT,0,decode
3401,payload,3427485,1,SILENT,0,decode
3402,bit_flip,3210183,1,caught,1,decode
3403,random_bytes,324640,2,caught,1,decode
3404,zeroed_run,424786,2065,caught,1,decode
3405,truncation,1965741,3710028,caught,1,decode
3406,header,423,1,caught,1,decode
3407,payload,2797733,1,SILENT,0,decode
3408,bit_flip,292789,1,SILENT,0,decode
3409,random_bytes,5230250,5,caught,1,decode
3410,zeroed_run,978698,2957,caught,1,decode
3411,truncation,5079140,596629,caught,1,decode
3412,header,925,1,SILENT,0,decode
3413,payload,2542697,1,SILENT,0,decode
3414,bit_flip,563179,1,SILENT,0,decode
3415,random_bytes,3732711,2,caught,1,decode
3416,zeroed_run,4152643,3007,caught,1,decode
3417,truncation,5078973,596796,caught,1,decode
3418,header,158,1,SILENT,0,decode
3419,payload,3184260,1,SILENT,0,decode
3420,bit_flip,4694931,1,SILENT,0,decode
3421,random_bytes,3890090,5,SILENT,0,decode
3422,zeroed_run,953526,82,caught,1,decode
3423,truncation,2401640,3274129,caught,1,decode
3424,header,379,1,SILENT,0,decode
3425,payload,1547742,1,SILENT,0,decode
3426,bit_flip,5492164,1,caught,1,decode
3427,random_bytes,2511990,1,caught,1,decode
3428,zeroed_run,980358,1390,caught,1,decode
3429,truncation,5223055,452714,caught,1,decode
3430,header,77,1,SILENT,0,decode
3431,payload,4370521,1,SILENT,0,decode
3432,bit_flip,2223773,1,SILENT,0,decode
3433,random_bytes,5217435,16,caught,1,decode
3434,zeroed_run,923195,4085,caught,1,decode
3435,truncation,1078688,4597081,caught,1,decode
3436,header,925,1,SILENT,0,decode
3437,payload,1582843,1,SILENT,0,decode
3438,bit_flip,5338992,1,caught,1,decode
3439,random_bytes,636423,8,caught,1,decode
3440,zeroed_run,12276,3264,caught,1,decode
3441,truncation,2101662,3574107,caught,1,decode
3442,header,363,1,SILENT,0,decode
3443,payload,3352684,1,SILENT,0,decode
3444,bit_flip,4195339,1,SILENT,0,decode
3445,random_bytes,1605527,7,caught,1,decode
3446,zeroed_run,879640,4018,caught,1,decode
3447,truncation,2384953,3290816,caught,1,decode
3448,header,207,1,SILENT,0,decode
3449,payload,2040217,1,SILENT,0,decode
3450,bit_flip,4838352,1,caught,1,decode
3451,random_bytes,4995206,15,caught,1,decode
3452,zeroed_run,47769,1806,caught,1,decode
3453,truncation,1336927,4338842,caught,1,decode
3454,header,663,1,caught,1,decode
3455,payload,44086,1,SILENT,0,decode
3456,bit_flip,683914,1,SILENT,0,decode
3457,random_bytes,4407444,9,caught,1,decode
3458,zeroed_run,2956592,2768,caught,1,decode
3459,truncation,1811819,3863950,caught,1,decode
3460,header,663,1,caught,1,decode
3461,payload,2149585,1,caught,1,decode
3462,bit_flip,3736426,1,SILENT,0,decode
3463,random_bytes,3624933,14,caught,1,decode
3464,zeroed_run,4379345,2444,caught,1,decode
3465,truncation,1487962,4187807,caught,1,decode
3466,header,630,1,SILENT,0,decode
3467,payload,3748413,1,SILENT,0,decode
3468,bit_flip,1670576,1,SILENT,0,decode
3469,random_bytes,2387524,16,caught,1,decode
3470,zeroed_run,173006,3215,caught,1,decode
3471,truncation,501647,5174122,caught,1,decode
3472,header,613,1,SILENT,0,decode
3473,payload,2219464,1,SILENT,0,decode
3474,bit_flip,2048530,1,SILENT,0,decode
3475,random_bytes,3736777,7,caught,1,decode
3476,zeroed_run,1154120,2521,caught,1,decode
3477,truncation,1525288,4150481,caught,1,decode
3478,header,189,1,SILENT,0,decode
3479,payload,1126181,1,SILENT,0,decode
3480,bit_flip,1890905,1,SILENT,0,decode
3481,random_bytes,2622880,11,caught,1,decode
3482,zeroed_run,885378,3657,caught,1,decode
3483,truncation,394650,5281119,caught,1,decode
3484,header,840,1,SILENT,0,decode
3485,payload,3900165,1,caught,1,decode
3486,bit_flip,3523729,1,SILENT,0,decode
3487,random_bytes,1907048,3,caught,1,decode
3488,zeroed_run,3987768,3157,caught,1,decode
3489,truncation,4687463,988306,caught,1,decode
3490,header,396,1,caught,1,decode
3491,payload,4832949,1,caught,1,decode
3492,bit_flip,5029894,1,SILENT,0,decode
3493,random_bytes,369667,14,caught,1,decode
3494,zeroed_run,1151276,138,caught,1,decode
3495,truncation,3585446,2090323,caught,1,decode
3496,header,390,1,SILENT,0,decode
3497,payload,3920703,1,SILENT,0,decode
3498,bit_flip,3280768,1,SILENT,0,decode
3499,random_bytes,70400,5,caught,1,decode
3500,zeroed_run,796548,3091,caught,1,decode
3501,truncation,2854183,2821586,caught,1,decode
3502,header,869,1,SILENT,0,decode
3503,payload,1160126,1,SILENT,0,decode
3504,bit_flip,3929375,1,SILENT,0,decode
3505,random_bytes,768946,16,caught,1,decode
3506,zeroed_run,3832832,3191,caught,1,decode
3507,truncation,3664831,2010938,caught,1,decode
3508,header,92,1,caught,1,decode
3509,payload,22553,1,caught,1,decode
3510,bit_flip,1617909,1,SILENT,0,decode
3511,random_bytes,1481223,13,caught,1,decode
3512,zeroed_run,5147106,1072,caught,1,decode
3513,truncation,1857373,3818396,caught,1,decode
3514,header,874,1,caught,1,decode
3515,payload,3505017,1,caught,1,decode
3516,bit_flip,4152491,1,caught,1,decode
3517,random_bytes,3338401,11,caught,1,decode
3518,zeroed_run,1930733,2252,caught,1,decode
3519,truncation,2913583,2762186,caught,1,decode
3520,header,771,1,SILENT,0,decode
3521,payload,948482,1,SILENT,0,decode
3522,bit_flip,824408,1,SILENT,0,decode
3523,random_bytes,4353003,6,caught,1,decode
3524,zeroed_run,584790,303,caught,1,decode
3525,truncation,5051384,624385,caught,1,decode
3526,header,611,1,SILENT,0,decode
3527,payload,3287362,1,SILENT,0,decode
3528,bit_flip,1702829,1,caught,1,decode
3529,random_bytes,363538,13,caught,1,decode
3530,zeroed_run,4236238,986,caught,1,decode
3531,truncation,2549164,3126605,caught,1,decode
3532,header,67,1,SILENT,0,decode
3533,payload,3809977,1,SILENT,0,decode
3534,bit_flip,5439790,1,caught,1,decode
3535,random_bytes,5016525,12,caught,1,decode
3536,zeroed_run,3822614,3007,caught,1,decode
3537,truncation,3512566,2163203,caught,1,decode
3538,header,894,1,SILENT,0,decode
3539,payload,2775845,1,SILENT,0,decode
3540,bit_flip,5486890,1,SILENT,0,decode
3541,random_bytes,3336833,5,caught,1,decode
3542,zeroed_run,4475043,857,caught,1,decode
3543,truncation,1056176,4619593,caught,1,decode
3544,header,533,1,SILENT,0,decode
3545,payload,1090191,1,SILENT,0,decode
3546,bit_flip,2964646,1,SILENT,0,decode
3547,random_bytes,3532422,9,caught,1,decode
3548,zeroed_run,1692257,1618,caught,1,decode
3549,truncation,4806849,868920,caught,1,decode
3550,header,991,1,SILENT,0,decode
3551,payload,1691750,1,SILENT,0,decode
3552,bit_flip,1406485,1,caught,1,decode
3553,random_bytes,5176245,7,caught,1,decode
3554,zeroed_run,756750,2502,caught,1,decode
3555,truncation,5025130,650639,caught,1,decode
3556,header,858,1,caught,1,decode
3557,payload,3733821,1,SILENT,0,decode
3558,bit_flip,3115081,1,SILENT,0,decode
3559,random_bytes,1778990,15,caught,1,decode
3560,zeroed_run,5586077,3844,caught,1,decode
3561,truncation,2424661,3251108,caught,1,decode
3562,header,475,1,SILENT,0,decode
3563,payload,1131065,1,SILENT,0,decode
3564,bit_flip,2033131,1,caught,1,decode
3565,random_bytes,2003826,7,caught,1,decode
3566,zeroed_run,2981126,2675,caught,1,decode
3567,truncation,1058509,4617260,caught,1,decode
3568,header,376,1,SILENT,0,decode
3569,payload,523172,1,SILENT,0,decode
3570,bit_flip,4569573,1,SILENT,0,decode
3571,random_bytes,4464385,14,caught,1,decode
3572,zeroed_run,1019654,2404,caught,1,decode
3573,truncation,1764749,3911020,caught,1,decode
3574,header,958,1,SILENT,0,decode
3575,payload,3007453,1,SILENT,0,decode
3576,bit_flip,1782005,1,SILENT,0,decode
3577,random_bytes,492710,1,caught,1,decode
3578,zeroed_run,552710,1760,caught,1,decode
3579,truncation,1188747,4487022,caught,1,decode
3580,header,363,1,SILENT,0,decode
3581,payload,3234101,1,SILENT,0,decode
3582,bit_flip,2140697,1,SILENT,0,decode
3583,random_bytes,156296,15,caught,1,decode
3584,zeroed_run,1654586,2350,caught,1,decode
3585,truncation,1491269,4184500,caught,1,decode
3586,header,411,1,SILENT,0,decode
3587,payload,4646743,1,SILENT,0,decode
3588,bit_flip,3622882,1,caught,1,decode
3589,random_bytes,157895,9,caught,1,decode
3590,zeroed_run,1820951,1750,caught,1,decode
3591,truncation,2264039,3411730,caught,1,decode
3592,header,556,1,SILENT,0,decode
3593,payload,2244347,1,SILENT,0,decode
3594,bit_flip,4790406,1,SILENT,0,decode
3595,random_bytes,81444,2,caught,1,decode
3596,zeroed_run,3652359,470,caught,1,decode
3597,truncation,3369381,2306388,caught,1,decode
3598,header,491,1,SILENT,0,decode
3599,payload,4480024,1,SILENT,0,decode
3600,bit_flip,1337843,1,caught,1,decode
3601,random_bytes,3310318,6,caught,1,decode
3602,zeroed_run,1655373,3156,caught,1,decode
3603,truncation,1947862,3727907,caught,1,decode
3604,header,789,1,SILENT,0,decode
3605,payload,348324,1,caught,1,decode
3606,bit_flip,2540394,1,SILENT,0,decode
3607,random_bytes,2934164,15,caught,1,decode
3608,zeroed_run,3554103,3608,caught,1,decode
3609,truncation,3540942,2134827,caught,1,decode
3610,header,969,1,SILENT,0,decode
3611,payload,1688258,1,caught,1,decode
3612,bit_flip,2773139,1,SILENT,0,decode
3613,random_bytes,5500253,7,caught,1,decode
3614,zeroed_run,5155992,1047,caught,1,decode
3615,truncation,4793420,882349,caught,1,decode
3616,header,408,1,SILENT,0,decode
3617,payload,3462592,1,SILENT,0,decode
3618,bit_flip,3073923,1,SILENT,0,decode
3619,random_bytes,343924,4,caught,1,decode
3620,zeroed_run,1480970,743,caught,1,decode
3621,truncation,3484105,2191664,caught,1,decode
3622,header,717,1,caught,1,decode
3623,payload,4651542,1,SILENT,0,decode
3624,bit_flip,662484,1,SILENT,0,decode
3625,random_bytes,2891214,3,caught,1,decode
3626,zeroed_run,716807,3072,caught,1,decode
3627,truncation,4693790,981979,caught,1,decode
3628,header,683,1,SILENT,0,decode
3629,payload,2559932,1,caught,1,decode
3630,bit_flip,109692,1,SILENT,0,decode
3631,random_bytes,1572870,7,caught,1,decode
3632,zeroed_run,999744,2753,caught,1,decode
3633,truncation,323613,5352156,caught,1,decode
3634,header,324,1,SILENT,0,decode
3635,payload,5068978,1,SILENT,0,decode
3636,bit_flip,205965,1,SILENT,0,decode
3637,random_bytes,4986423,13,caught,1,decode
3638,zeroed_run,2023521,3376,caught,1,decode
3639,truncation,5113807,561962,caught,1,decode
3640,header,69,1,SILENT,0,decode
3641,payload,3123339,1,caught,1,decode
3642,bit_flip,238519,1,SILENT,0,decode
3643,random_bytes,4475092,6,caught,1,decode
3644,zeroed_run,3446676,3454,caught,1,decode
3645,truncation,2152934,3522835,caught,1,decode
3646,header,787,1,SILENT,0,decode
3647,payload,885708,1,SILENT,0,decode
3648,bit_flip,4661135,1,SILENT,0,decode
3649,random_bytes,557853,7,caught,1,decode
3650,zeroed_run,865048,2963,caught,1,decode
3651,truncation,4174587,1501182,caught,1,decode
3652,header,573,1,SILENT,0,decode
3653,payload,5589111,1,caught,1,decode
3654,bit_flip,4625787,1,SILENT,0,decode
3655,random_bytes,5386134,5,caught,1,decode
3656,zeroed_run,4995669,3784,caught,1,decode
3657,truncation,1723587,3952182,caught,1,decode
3658,header,987,1,SILENT,0,decode
3659,payload,241858,1,SILENT,0,decode
3660,bit_flip,989437,1,SILENT,0,decode
3661,random_bytes,4766102,6,caught,1,decode
3662,zeroed_run,1989266,256,caught,1,decode
3663,truncation,1281986,4393783,caught,1,decode
3664,header,59,1,caught,1,decode
3665,payload,5254394,1,SILENT,0,decode
3666,bit_flip,479370,1,SILENT,0,decode
3667,random_bytes,776875,4,caught,1,decode
3668,zeroed_run,5666211,657,caught,1,decode
3669,truncation,3758392,1917377,caught,1,decode
3670,header,133,1,caught,1,decode
3671,payload,5166628,1,caught,1,decode
3672,bit_flip,1853729,1,SILENT,0,decode
3673,random_bytes,5560774,12,caught,1,decode
3674,zeroed_run,3494407,533,caught,1,decode
3675,truncation,4355118,1320651,caught,1,decode
3676,header,863,1,caught,1,decode
3677,payload,5464240,1,SILENT,0,decode
3678,bit_flip,2525744,1,SILENT,0,decode
3679,random_bytes,3584276,3,caught,1,decode
3680,zeroed_run,3831898,636,caught,1,decode
3681,truncation,278221,5397548,caught,1,decode
3682,header,862,1,SILENT,0,decode
3683,payload,4680344,1,SILENT,0,decode
3684,bit_flip,5098377,1,SILENT,0,decode
3685,random_bytes,411205,6,caught,1,decode
3686,zeroed_run,3819694,464,caught,1,decode
3687,truncation,2017662,3658107,caught,1,decode
3688,header,452,1,SILENT,0,decode
3689,payload,4838154,1,SILENT,0,decode
3690,bit_flip,567839,1,SILENT,0,decode
3691,random_bytes,5268821,15,caught,1,decode
3692,zeroed_run,4985000,3346,caught,1,decode
3693,truncation,2228022,3447747,caught,1,decode
3694,header,609,1,SILENT,0,decode
3695,payload,4189973,1,SILENT,0,decode
3696,bit_flip,3161270,1,SILENT,0,decode
3697,random_bytes,257656,12,caught,1,decode
3698,zeroed_run,2741459,3674,caught,1,decode
3699,truncation,2577129,3098640,caught,1,decode
3700,header,134,1,caught,1,decode
3701,payload,673680,1,caught,1,decode
3702,bit_flip,2548511,1,SILENT,0,decode
3703,random_bytes,4691587,10,caught,1,decode
3704,zeroed_run,1339716,2511,caught,1,decode
3705,truncation,2208148,3467621,caught,1,decode
3706,header,259,1,SILENT,0,decode
3707,payload,3212285,1,SILENT,0,decode
3708,bit_flip,478559,1,SILENT,0,decode
3709,random_bytes,2104746,11,caught,1,decode
3710,zeroed_run,2099582,845,caught,1,decode
3711,truncation,798119,4877650,caught,1,decode
3712,header,76,1,SILENT,0,decode
3713,payload,2986515,1,caught,1,decode
3714,bit_flip,2145909,1,SILENT,0,decode
3715,random_bytes,5311545,13,caught,1,decode
3716,zeroed_run,887927,2888,caught,1,decode
3717,truncation,3077173,2598596,caught,1,decode
3718,header,943,1,SILENT,0,decode
3719,payload,1922113,1,SILENT,0,decode
3720,bit_flip,1711495,1,caught,1,decode
3721,random_bytes,1602404,8,caught,1,decode
3722,zeroed_run,4681197,2642,caught,1,decode
3723,truncation,545015,5130754,caught,1,decode
3724,header,502,1,SILENT,0,decode
3725,payload,1915066,1,caught,1,decode
3726,bit_flip,33317,1,SILENT,0,decode
3727,random_bytes,2385417,13,caught,1,decode
3728,zeroed_run,1142442,3237,caught,1,decode
3729,truncation,4717883,957886,caught,1,decode
3730,header,492,1,SILENT,0,decode
3731,payload,2434900,1,caught,1,decode
3732,bit_flip,473322,1,SILENT,0,decode
3733,random_bytes,1416106,14,caught,1,decode
3734,zeroed_run,1197873,2653,caught,1,decode
3735,truncation,1392354,4283415,caught,1,decode
3736,header,72,1,SILENT,0,decode
3737,payload,3117581,1,SILENT,0,decode
3738,bit_flip,1066573,1,SILENT,0,decode
3739,random_bytes,311613,4,caught,1,decode
3740,zeroed_run,2438683,3858,caught,1,decode
3741,truncation,5266269,409500,caught,1,decode
3742,header,498,1,SILENT,0,decode
3743,payload,447536,1,SILENT,0,decode
3744,bit_flip,2738854,1,SILENT,0,decode
3745,random_bytes,1723576,7,caught,1,decode
3746,zeroed_run,1003364,2121,caught,1,decode
3747,truncation,435304,5240465,caught,1,decode
3748,header,380,1,SILENT,0,decode
3749,payload,257348,1,SILENT,0,decode
3750,bit_flip,5199604,1,SILENT,0,decode
3751,random_bytes,317854,5,caught,1,decode
3752,zeroed_run,4798717,76,caught,1,decode
3753,truncation,4005407,1670362,caught,1,decode
3754,header,238,1,SILENT,0,decode
3755,payload,3869399,1,caught,1,decode
3756,bit_flip,2256620,1,caught,1,decode
3757,random_bytes,1784153,13,caught,1,decode
3758,zeroed_run,4476933,3428,caught,1,decode
3759,truncation,1625391,4050378,caught,1,decode
3760,header,136,1,SILENT,0,decode
3761,payload,58429,1,SILENT,0,decode
3762,bit_flip,2675943,1,SILENT,0,decode
3763,random_bytes,180580,13,caught,1,decode
3764,zeroed_run,5633121,3976,caught,1,decode
3765,truncation,2240169,3435600,caught,1,decode
3766,header,428,1,SILENT,0,decode
3767,payload,5300978,1,SILENT,0,decode
3768,bit_flip,4137949,1,SILENT,0,decode
3769,random_bytes,1509980,13,caught,1,decode
3770,zeroed_run,2343410,1663,caught,1,decode
3771,truncation,1444819,4230950,caught,1,decode
3772,header,122,1,caught,1,decode
3773,payload,1959550,1,caught,1,decode
3774,bit_flip,5672732,1,SILENT,0,decode
3775,random_bytes,4947068,16,caught,1,decode
3776,zeroed_run,3291137,1364,caught,1,decode
3777,truncation,2338876,3336893,caught,1,decode
3778,header,986,1,SILENT,0,decode
3779,payload,1306940,1,SILENT,0,decode
3780,bit_flip,3335247,1,SILENT,0,decode
3781,random_bytes,3362198,6,caught,1,decode
3782,zeroed_run,2440939,3741,caught,1,decode
3783,truncation,4361264,1314505,caught,1,decode
3784,header,733,1,SILENT,0,decode
3785,payload,5401873,1,SILENT,0,decode
3786,bit_flip,5497667,1,SILENT,0,decode
3787,random_bytes,2813284,7,caught,1,decode
3788,zeroed_run,5496281,439,caught,1,decode
3789,truncation,2284263,3391506,caught,1,decode
3790,header,332,1,SILENT,0,decode
3791,payload,2233970,1,caught,1,decode
3792,bit_flip,2055335,1,SILENT,0,decode
3793,random_bytes,4979108,4,caught,1,decode
3794,zeroed_run,384872,453,caught,1,decode
3795,truncation,422956,5252813,caught,1,decode
3796,header,72,1,SILENT,0,decode
3797,payload,3012434,1,SILENT,0,decode
3798,bit_flip,2648490,1,SILENT,0,decode
3799,random_bytes,2083001,5,caught,1,decode
3800,zeroed_run,1763388,1408,caught,1,decode
3801,truncation,3620886,2054883,caught,1,decode
3802,header,721,1,SILENT,0,decode
3803,payload,4375840,1,SILENT,0,decode
3804,bit_flip,1180703,1,caught,1,decode
3805,random_bytes,3599514,13,caught,1,decode
3806,zeroed_run,744584,2757,caught,1,decode
3807,truncation,4796058,879711,caught,1,decode
3808,header,597,1,SILENT,0,decode
3809,payload,1938676,1,SILENT,0,decode
3810,bit_flip,175804,1,SILENT,0,decode
3811,random_bytes,1334702,1,caught,1,decode
3812,zeroed_run,1938528,2021,caught,1,decode
3813,truncation,4457283,1218486,caught,1,decode
3814,header,814,1,SILENT,0,decode
3815,payload,3672901,1,caught,1,decode
3816,bit_flip,859909,1,SILENT,0,decode
3817,random_bytes,4775437,10,caught,1,decode
3818,zeroed_run,4686833,2365,caught,1,decode
3819,truncation,2619755,3056014,caught,1,decode
3820,header,118,1,caught,1,decode
3821,payload,1413114,1,caught,1,decode
3822,bit_flip,4473776,1,SILENT,0,decode
3823,random_bytes,569767,11,caught,1,decode
3824,zeroed_run,2060757,3894,caught,1,decode
3825,truncation,2484442,3191327,caught,1,decode
3826,header,983,1,caught,1,decode
3827,payload,264431,1,SILENT,0,decode
3828,bit_flip,5606107,1,caught,1,decode
3829,random_bytes,3060062,4,caught,1,decode
3830,zeroed_run,5120547,3374,caught,1,decode
3831,truncation,2920185,2755584,caught,1,decode
3832,header,440,1,SILENT,0,decode
3833,payload,1676554,1,SILENT,0,decode
3834,bit_flip,548100,1,SILENT,0,decode
3835,random_bytes,1573100,6,caught,1,decode
3836,zeroed_run,1183756,1011,caught,1,decode
3837,truncation,1302310,4373459,caught,1,decode
3838,header,162,1,SILENT,0,decode
3839,payload,5453001,1,SILENT,0,decode
3840,bit_flip,4582376,1,caught,1,decode
3841,random_bytes,5044094,15,caught,1,decode
3842,zeroed_run,559570,2289,caught,1,decode
3843,truncation,169059,5506710,caught,1,decode
3844,header,14,1,caught,1,decode
3845,payload,511141,1,caught,1,decode
3846,bit_flip,4310991,1,SILENT,0,decode
3847,random_bytes,5645945,9,caught,1,decode
3848,zeroed_run,952287,2513,caught,1,decode
3849,truncation,2530101,3145668,caught,1,decode
3850,header,220,1,SILENT,0,decode
3851,payload,3628090,1,SILENT,0,decode
3852,bit_flip,2701207,1,caught,1,decode
3853,random_bytes,2043562,8,caught,1,decode
3854,zeroed_run,996828,3994,caught,1,decode
3855,truncation,2251249,3424520,caught,1,decode
3856,header,842,1,SILENT,0,decode
3857,payload,3443756,1,SILENT,0,decode
3858,bit_flip,5468089,1,caught,1,decode
3859,random_bytes,3487313,13,caught,1,decode
3860,zeroed_run,458430,3721,caught,1,decode
3861,truncation,3093002,2582767,caught,1,decode
3862,header,230,1,SILENT,0,decode
3863,payload,1012699,1,SILENT,0,decode
3864,bit_flip,4631902,1,SILENT,0,decode
3865,random_bytes,3032660,12,caught,1,decode
3866,zeroed_run,4612416,3019,caught,1,decode
3867,truncation,3330217,2345552,caught,1,decode
3868,header,172,1,SILENT,0,decode
3869,payload,4722960,1,caught,1,decode
3870,bit_flip,684238,1,SILENT,0,decode
3871,random_bytes,1905653,14,caught,1,decode
3872,zeroed_run,4593010,4003,caught,1,decode
3873,truncation,2479455,3196314,caught,1,decode
3874,header,203,1,SILENT,0,decode
3875,payload,1887157,1,caught,1,decode
3876,bit_flip,1108959,1,caught,1,decode
3877,random_bytes,5021732,2,caught,1,decode
3878,zeroed_run,74105,3033,caught,1,decode
3879,truncation,278457,5397312,caught,1,decode
3880,header,470,1,SILENT,0,decode
3881,payload,239351,1,SILENT,0,decode
3882,bit_flip,428672,1,SILENT,0,decode
3883,random_bytes,892501,15,caught,1,decode
3884,zeroed_run,5129061,1451,caught,1,decode
3885,truncation,138917,5536852,caught,1,decode
3886,header,11,1,caught,1,decode
3887,payload,1430868,1,SILENT,0,decode
3888,bit_flip,653760,1,caught,1,decode
3889,random_bytes,4515508,3,caught,1,decode
3890,zeroed_run,5163170,1730,caught,1,decode
3891,truncation,2730936,2944833,caught,1,decode
3892,header,763,1,SILENT,0,decode
3893,payload,3688851,1,SILENT,0,decode
3894,bit_flip,617478,1,SILENT,0,decode
3895,random_bytes,4575054,4,caught,1,decode
3896,zeroed_run,1335048,1538,caught,1,decode
3897,truncation,3379431,2296338,caught,1,decode
3898,header,61,1,SILENT,0,decode
3899,payload,1227933,1,SILENT,0,decode
3900,bit_flip,4993981,1,SILENT,0,decode
3901,random_bytes,517483,3,caught,1,decode
3902,zeroed_run,2370458,1298,caught,1,decode
3903,truncation,3546631,2129138,caught,1,decode
3904,header,223,1,SILENT,0,decode
3905,payload,3706920,1,SILENT,0,decode
3906,bit_flip,4601967,1,SILENT,0,decode
3907,random_bytes,8177,2,caught,1,decode
3908,zeroed_run,4406319,1716,caught,1,decode
3909,truncation,5027601,648168,caught,1,decode
3910,header,277,1,caught,1,decode
3911,payload,651745,1,SILENT,0,decode
3912,bit_flip,3894583,1,SILENT,0,decode
3913,random_bytes,5519798,14,caught,1,decode
3914,zeroed_run,5433556,1617,caught,1,decode
3915,truncation,4872734,803035,caught,1,decode
3916,header,109,1,caught,1,decode
3917,payload,3383714,1,SILENT,0,decode
3918,bit_flip,1699060,1,SILENT,0,decode
3919,random_bytes,572361,1,caught,1,decode
3920,zeroed_run,2635885,563,caught,1,decode
3921,truncation,4012296,1663473,caught,1,decode
3922,header,931,1,SILENT,0,decode
3923,payload,4772298,1,SILENT,0,decode
3924,bit_flip,271550,1,SILENT,0,decode
3925,random_bytes,5613334,6,caught,1,decode
3926,zeroed_run,1838837,798,caught,1,decode
3927,truncation,1871452,3804317,caught,1,decode
3928,header,121,1,SILENT,0,decode
3929,payload,4233690,1,caught,1,decode
3930,bit_flip,1031366,1,caught,1,decode
3931,random_bytes,3417562,6,caught,1,decode
3932,zeroed_run,5445077,611,caught,1,decode
3933,truncation,761916,4913853,caught,1,decode
3934,header,761,1,SILENT,0,decode
3935,payload,5185513,1,SILENT,0,decode
3936,bit_flip,5540722,1,SILENT,0,decode
3937,random_bytes,140350,6,caught,1,decode
3938,zeroed_run,2254583,815,caught,1,decode
3939,truncation,276389,5399380,caught,1,decode
3940,header,311,1,caught,1,decode
3941,payload,1706395,1,SILENT,0,decode
3942,bit_flip,2953304,1,SILENT,0,decode
3943,random_bytes,1677923,7,caught,1,decode
3944,zeroed_run,4770124,3753,caught,1,decode
3945,truncation,3510732,2165037,caught,1,decode
3946,header,386,1,SILENT,0,decode
3947,payload,811402,1,SILENT,0,decode
3948,bit_flip,4340156,1,caught,1,decode
3949,random_bytes,4948927,15,caught,1,decode
3950,zeroed_run,1651637,2058,caught,1,decode
3951,truncation,1019700,4656069,caught,1,decode
3952,header,1001,1,SILENT,0,decode
3953,payload,3326501,1,SILENT,0,decode
3954,bit_flip,106011,1,SILENT,0,decode
3955,random_bytes,1238384,8,caught,1,decode
3956,zeroed_run,4197970,3607,caught,1,decode
3957,truncation,639944,5035825,caught,1,decode
3958,header,415,1,SILENT,0,decode
3959,payload,3785688,1,SILENT,0,decode
3960,bit_flip,2528755,1,caught,1,decode
3961,random_bytes,5660525,11,caught,1,decode
3962,zeroed_run,926247,2025,caught,1,decode
3963,truncation,2694505,2981264,caught,1,decode
3964,header,423,1,SILENT,0,decode
3965,payload,2426530,1,caught,1,decode
3966,bit_flip,5240202,1,SILENT,0,decode
3967,random_bytes,2556981,9,caught,1,decode
3968,zeroed_run,3272380,3195,caught,1,decode
3969,truncation,2803683,2872086,caught,1,decode
3970,header,769,1,SILENT,0,decode
3971,payload,3761403,1,SILENT,0,decode
3972,bit_flip,253307,1,caught,1,decode
3973,random_bytes,2489173,15,caught,1,decode
3974,zeroed_run,5037005,614,caught,1,decode
3975,truncation,1913938,3761831,caught,1,decode
3976,header,931,1,SILENT,0,decode
3977,payload,2415928,1,SILENT,0,decode
3978,bit_flip,3423800,1,SILENT,0,decode
3979,random_bytes,3433235,4,caught,1,decode
3980,zeroed_run,2391483,987,caught,1,decode
3981,truncation,3852570,1823199,caught,1,decode
3982,header,105,1,caught,1,decode
3983,payload,2232352,1,SILENT,0,decode
3984,bit_flip,653216,1,SILENT,0,decode
3985,random_bytes,2710089,14,caught,1,decode
3986,zeroed_run,5407865,1331,caught,1,decode
3987,truncation,4545710,1130059,caught,1,decode
3988,header,850,1,SILENT,0,decode
3989,payload,3762510,1,SILENT,0,decode
3990,bit_flip,5507882,1,SILENT,0,decode
3991,random_bytes,856249,2,caught,1,decode
3992,zeroed_run,2683550,3135,caught,1,decode
3993,truncation,4499595,1176174,caught,1,decode
3994,header,891,1,caught,1,decode
3995,payload,1688294,1,caught,1,decode
3996,bit_flip,4260468,1,SILENT,0,decode
3997,random_bytes,3672518,14,caught,1,decode
3998,zeroed_run,1979718,69,caught,1,decode
3999,truncation,1164728,4511041,caught,1,decode
4000,header,418,1,SILENT,0,decode
4001,payload,1206713,1,SILENT,0,decode
4002,bit_flip,1880211,1,SILENT,0,decode
4003,random_bytes,938243,8,caught,1,decode
4004,zeroed_run,2030356,1281,caught,1,decode
4005,truncation,935417,4740352,caught,1,decode
4006,header,133,1,caught,1,decode
4007,payload,636347,1,caught,1,decode
4008,bit_flip,3057895,1,caught,1,decode
4009,random_bytes,5169624,13,caught,1,decode
4010,zeroed_run,2946162,877,caught,1,decode
4011,truncation,4207410,1468359,caught,1,decode
4012,header,225,1,SILENT,0,decode
4013,payload,1350272,1,caught,1,decode
4014,bit_flip,683641,1,SILENT,0,decode
4015,random_bytes,55698,14,caught,1,decode
4016,zeroed_run,1280388,322,caught,1,decode
4017,truncation,2029710,3646059,caught,1,decode
4018,header,102,1,caught,1,decode
4019,payload,242482,1,caught,1,decode
4020,bit_flip,3264740,1,SILENT,0,decode
4021,random_bytes,2589626,4,caught,1,decode
4022,zeroed_run,5248466,2229,caught,1,decode
4023,truncation,4353239,1322530,caught,1,decode
4024,header,132,1,caught,1,decode
4025,payload,477052,1,SILENT,0,decode
4026,bit_flip,2407261,1,SILENT,0,decode
4027,random_bytes,545593,8,caught,1,decode
4028,zeroed_run,2625759,662,caught,1,decode
4029,truncation,418409,5257360,caught,1,decode
4030,header,678,1,SILENT,0,decode
4031,payload,3624588,1,caught,1,decode
4032,bit_flip,3465189,1,SILENT,0,decode
4033,random_bytes,3823540,10,caught,1,decode
4034,zeroed_run,2186297,2641,caught,1,decode
4035,truncation,3103236,2572533,caught,1,decode
4036,header,974,1,SILENT,0,decode
4037,payload,2799877,1,SILENT,0,decode
4038,bit_flip,2165341,1,SILENT,0,decode
4039,random_bytes,4468651,16,caught,1,decode
4040,zeroed_run,2012276,3742,caught,1,decode
4041,truncation,4603782,1071987,caught,1,decode
4042,header,749,1,SILENT,0,decode
4043,payload,3001482,1,SILENT,0,decode
4044,bit_flip,4249488,1,caught,1,decode
4045,random_bytes,4974598,3,caught,1,decode
4046,zeroed_run,1000264,2683,caught,1,decode
4047,truncation,3224964,2450805,caught,1,decode
4048,header,896,1,caught,1,decode
4049,payload,4245634,1,SILENT,0,decode
4050,bit_flip,2690970,1,SILENT,0,decode
4051,random_bytes,2176679,2,caught,1,decode
4052,zeroed_run,3010293,3225,caught,1,decode
4053,truncation,1275518,4400251,caught,1,decode
4054,header,852,1,SILENT,0,decode
4055,payload,1765434,1,SILENT,0,decode
4056,bit_flip,4386848,1,SILENT,0,decode
4057,random_bytes,5107704,14,caught,1,decode
4058,zeroed_run,5330364,3313,caught,1,decode
4059,truncation,994646,4681123,caught,1,decode
4060,header,464,1,SILENT,0,decode
4061,payload,4810739,1,caught,1,decode
4062,bit_flip,20201,1,caught,1,decode
4063,random_bytes,4582271,1,SILENT,0,decode
4064,zeroed_run,1808569,2148,caught,1,decode
4065,truncation,1715840,3959929,caught,1,decode
4066,header,445,1,SILENT,0,decode
4067,payload,4593068,1,SILENT,0,decode
4068,bit_flip,7891,1,caught,1,decode
4069,random_bytes,1955108,8,caught,1,decode
4070,zeroed_run,1665244,2456,caught,1,decode
4071,truncation,995944,4679825,caught,1,decode
4072,header,844,1,SILENT,0,decode
4073,payload,5495166,1,caught,1,decode
4074,bit_flip,4978437,1,SILENT,0,decode
4075,random_bytes,1150381,15,caught,1,decode
4076,zeroed_run,961292,1056,caught,1,decode
4077,truncation,1336732,4339037,caught,1,decode
4078,header,706,1,caught,1,decode
4079,payload,576425,1,caught,1,decode
4080,bit_flip,2121038,1,SILENT,0,decode
4081,random_bytes,2476518,1,SILENT,0,decode
4082,zeroed_run,878247,684,caught,1,decode
4083,truncation,1693666,3982103,caught,1,decode
4084,header,535,1,SILENT,0,decode
4085,payload,2916520,1,caught,1,decode
4086,bit_flip,5263702,1,caught,1,decode
4087,random_bytes,3544133,7,caught,1,decode
4088,zeroed_run,4157485,590,caught,1,decode
4089,truncation,4516201,1159568,caught,1,decode
4090,header,538,1,SILENT,0,decode
4091,payload,4646404,1,SILENT,0,decode
4092,bit_flip,950047,1,caught,1,decode
4093,random_bytes,4284902,10,caught,1,decode
4094,zeroed_run,550612,1263,caught,1,decode
4095,truncation,5277034,398735,caught,1,decode
4096,header,567,1,caught,1,decode
4097,payload,5049013,1,caught,1,decode
4098,bit_flip,738805,1,SILENT,0,decode
4099,random_bytes,5319143,7,caught,1,decode
4100,zeroed_run,603847,3916,caught,1,decode
4101,truncation,1106097,4569672,caught,1,decode
4102,header,25,1,caught,1,decode
4103,payload,5116204,1,SILENT,0,decode
4104,bit_flip,5485304,1,SILENT,0,decode
4105,random_bytes,4964548,16,caught,1,decode
4106,zeroed_run,194633,3573,caught,1,decode
4107,truncation,5656795,18974,caught,1,decode
4108,header,191,1,SILENT,0,decode
4109,payload,3734885,1,SILENT,0,decode
4110,bit_flip,1998423,1,SILENT,0,decode
4111,random_bytes,623808,7,caught,1,decode
4112,zeroed_run,5300631,2815,caught,1,decode
4113,truncation,1027489,4648280,caught,1,decode
4114,header,388,1,SILENT,0,decode
4115,payload,1445313,1,caught,1,decode
4116,bit_flip,61190,1,SILENT,0,decode
4117,random_bytes,4272075,12,caught,1,decode
4118,zeroed_run,3168893,1992,caught,1,decode
4119,truncation,436899,5238870,caught,1,decode
4120,header,277,1,caught,1,decode
4121,payload,4652587,1,SILENT,0,decode
4122,bit_flip,1874731,1,SILENT,0,decode
4123,random_bytes,2501635,10,caught,1,decode
4124,zeroed_run,5535671,3613,caught,1,decode
4125,truncation,4658102,1017667,caught,1,decode
4126,header,317,1,caught,1,decode
4127,payload,4723190,1,caught,1,decode
4128,bit_flip,5371416,1,SILENT,0,decode
4129,random_bytes,3403355,9,caught,1,decode
4130,zeroed_run,2417654,2639,caught,1,decode
4131,truncation,704247,4971522,caught,1,decode
4132,header,271,1,SILENT,0,decode
4133,payload,4385833,1,SILENT,0,decode
4134,bit_flip,4194884,1,SILENT,0,decode
4135,random_bytes,4410586,4,caught,1,decode
4136,zeroed_run,3306934,848,caught,1,decode
4137,truncation,708886,4966883,caught,1,decode
4138,header,263,1,SILENT,0,decode
4139,payload,5510697,1,caught,1,decode
4140,bit_flip,3789945,1,caught,1,decode
4141,random_bytes,3403394,3,caught,1,decode
4142,zeroed_run,1345119,3389,caught,1,decode
4143,truncation,3417657,2258112,caught,1,decode
4144,header,992,1,SILENT,0,decode
4145,payload,5514787,1,caught,1,decode
4146,bit_flip,2147486,1,SILENT,0,decode
4147,random_bytes,1163562,13,caught,1,decode
4148,zeroed_run,3378554,1670,caught,1,decode
4149,truncation,1344451,4331318,caught,1,decode
4150,header,234,1,SILENT,0,decode
4151,payload,4654022,1,SILENT,0,decode
4152,bit_flip,54283,1,SILENT,0,decode
4153,random_bytes,3386750,16,caught,1,decode
4154,zeroed_run,3460343,233,caught,1,decode
4155,truncation,1567741,4108028,caught,1,decode
4156,header,500,1,SILENT,0,decode
4157,payload,1687092,1,SILENT,0,decode
4158,bit_flip,4720265,1,caught,1,decode
4159,random_bytes,5268775,13,caught,1,decode
4160,zeroed_run,721075,3430,caught,1,decode
4161,truncation,4376725,1299044,caught,1,decode
4162,header,428,1,SILENT,0,decode
4163,payload,2490813,1,SILENT,0,decode
4164,bit_flip,5552224,1,SILENT,0,decode
4165,random_bytes,2254997,15,caught,1,decode
4166,zeroed_run,2867633,4029,caught,1,decode
4167,truncation,5428285,247484,caught,1,decode
4168,header,565,1,caught,1,decode
4169,payload,4544393,1,SILENT,0,decode
4170,bit_flip,1847481,1,SILENT,0,decode
4171,random_bytes,1480113,16,caught,1,decode
4172,zeroed_run,845124,491,caught,1,decode
4173,truncation,1669053,4006716,caught,1,decode
4174,header,723,1,SILENT,0,decode
4175,payload,2410586,1,SILENT,0,decode
4176,bit_flip,5502906,1,caught,1,decode
4177,random_bytes,3782787,6,caught,1,decode
4178,zeroed_run,2203665,2338,caught,1,decode
4179,truncation,2943255,2732514,caught,1,decode
4180,header,227,1,caught,1,decode
4181,payload,1005952,1,caught,1,decode
4182,bit_flip,4364245,1,SILENT,0,decode
4183,random_bytes,4769608,6,caught,1,decode
4184,zeroed_run,1188281,2087,caught,1,decode
4185,truncation,3650791,2024978,caught,1,decode
4186,header,625,1,SILENT,0,decode
4187,payload,2490540,1,SILENT,0,decode
4188,bit_flip,5119480,1,SILENT,0,decode
4189,random_bytes,4901611,10,caught,1,decode
4190,zeroed_run,4960050,3307,caught,1,decode
4191,truncation,2694519,2981250,caught,1,decode
4192,header,594,1,SILENT,0,decode
4193,payload,4316868,1,SILENT,0,decode
4194,bit_flip,524656,1,SILENT,0,decode
4195,random_bytes,3985887,10,caught,1,decode
4196,zeroed_run,4453159,3089,caught,1,decode
4197,truncation,382467,5293302,caught,1,decode
4198,header,699,1,SILENT,0,decode
4199,payload,1646563,1,SILENT,0,decode
4200,bit_flip,5665070,1,SILENT,0,decode
4201,random_bytes,1238388,10,caught,1,decode
4202,zeroed_run,3332274,3950,caught,1,decode
4203,truncation,1661670,4014099,caught,1,decode
4204,header,433,1,SILENT,0,decode
4205,payload,1083948,1,SILENT,0,decode
4206,bit_flip,553213,1,caught,1,decode
4207,random_bytes,2613097,6,caught,1,decode
4208,zeroed_run,2992833,2551,caught,1,decode
4209,truncation,3483410,2192359,caught,1,decode
4210,header,288,1,SILENT,0,decode
4211,payload,3784705,1,SILENT,0,decode
4212,bit_flip,58963,1,caught,1,decode
4213,random_bytes,3955742,8,caught,1,decode
4214,zeroed_run,412866,43,caught,1,decode
4215,truncation,339038,5336731,caught,1,decode
4216,header,804,1,SILENT,0,decode
4217,payload,4159992,1,caught,1,decode
4218,bit_flip,1380387,1,SILENT,0,decode
4219,random_bytes,1647222,11,caught,1,decode
4220,zeroed_run,732895,1864,caught,1,decode
4221,truncation,270431,5405338,caught,1,decode
4222,header,711,1,SILENT,0,decode
4223,payload,5447264,1,SILENT,0,decode
4224,bit_flip,3936508,1,SILENT,0,decode
4225,random_bytes,4634176,4,caught,1,decode
4226,zeroed_run,4691640,3744,caught,1,decode
4227,truncation,2193329,3482440,caught,1,decode
4228,header,369,1,SILENT,0,decode
4229,payload,46990,1,caught,1,decode
4230,bit_flip,3625508,1,SILENT,0,decode
4231,random_bytes,345530,14,caught,1,decode
4232,zeroed_run,2703055,2801,caught,1,decode
4233,truncation,32436,5643333,caught,1,decode
4234,header,288,1,SILENT,0,decode
4235,payload,2925825,1,SILENT,0,decode
4236,bit_flip,857126,1,SILENT,0,decode
4237,random_bytes,418809,9,caught,1,decode
4238,zeroed_run,1876995,3965,caught,1,decode
4239,truncation,4778618,897151,caught,1,decode
4240,header,366,1,SILENT,0,decode
4241,payload,2910695,1,caught,1,decode
4242,bit_flip,326022,1,SILENT,0,decode
4243,random_bytes,4622477,11,caught,1,decode
4244,zeroed_run,654463,2617,caught,1,decode
4245,truncation,4615707,1060062,caught,1,decode
4246,header,36,1,SILENT,0,decode
4247,payload,3016718,1,SILENT,0,decode
4248,bit_flip,3948501,1,SILENT,0,decode
4249,random_bytes,1949784,8,caught,1,decode
4250,zeroed_run,1602222,3019,caught,1,decode
4251,truncation,4380627,1295142,caught,1,decode
4252,header,305,1,SILENT,0,decode
4253,payload,1054050,1,SILENT,0,decode
4254,bit_flip,5288493,1,SILENT,0,decode
4255,random_bytes,3310360,5,caught,1,decode
4256,zeroed_run,238472,2190,caught,1,decode
4257,truncation,3847733,1828036,caught,1,decode
4258,header,148,1,SILENT,0,decode
4259,payload,1985152,1,SILENT,0,decode
4260,bit_flip,1187676,1,SILENT,0,decode
4261,random_bytes,1571237,11,caught,1,decode
4262,zeroed_run,2062303,2940,caught,1,decode
4263,truncation,2265822,3409947,caught,1,decode
4264,header,541,1,SILENT,0,decode
4265,payload,1770999,1,SILENT,0,decode
4266,bit_flip,1461227,1,caught,1,decode
4267,random_bytes,2128872,8,caught,1,decode
4268,zeroed_run,2409072,2083,caught,1,decode
4269,truncation,2065914,3609855,caught,1,decode
4270,header,666,1,caught,1,decode
4271,payload,2694056,1,caught,1,decode
4272,bit_flip,4769985,1,SILENT,0,decode
4273,random_bytes,2237459,11,caught,1,decode
4274,zeroed_run,3073357,2590,caught,1,decode
4275,truncation,4041798,1633971,caught,1,decode
4276,header,214,1,SILENT,0,decode
4277,payload,2324562,1,caught,1,decode
4278,bit_flip,5484358,1,SILENT,0,decode
4279,random_bytes,2292510,5,caught,1,decode
4280,zeroed_run,1847648,3305,caught,1,decode
4281,truncation,2100486,3575283,caught,1,decode
4282,header,256,1,SILENT,0,decode
4283,payload,4029461,1,SILENT,0,decode
4284,bit_flip,3678159,1,SILENT,0,decode
4285,random_bytes,2734997,4,caught,1,decode
4286,zeroed_run,5234023,644,caught,1,decode
4287,truncation,974277,4701492,caught,1,decode
4288,header,838,1,SILENT,0,decode
4289,payload,4280901,1,SILENT,0,decode
4290,bit_flip,1396899,1,SILENT,0,decode
4291,random_bytes,1259557,3,caught,1,decode
4292,zeroed_run,4941092,1271,caught,1,decode
4293,truncation,4413511,1262258,caught,1,decode
4294,header,304,1,SILENT,0,decode
4295,payload,650819,1,SILENT,0,decode
4296,bit_flip,2738574,1,SILENT,0,decode
4297,random_bytes,3707672,11,caught,1,decode
4298,zeroed_run,1955136,1516,caught,1,decode
4299,truncation,3780706,1895063,caught,1,decode
4300,header,877,1,SILENT,0,decode
4301,payload,1083288,1,caught,1,decode
4302,bit_flip,2807570,1,SILENT,0,decode
4303,random_bytes,385572,6,caught,1,decode
4304,zeroed_run,1815099,375,caught,1,decode
4305,truncation,5659451,16318,caught,1,decode
4306,header,958,1,SILENT,0,decode
4307,payload,441153,1,SILENT,0,decode
4308,bit_flip,765413,1,SILENT,0,decode
4309,random_bytes,2607454,12,caught,1,decode
4310,zeroed_run,2741206,1657,caught,1,decode
4311,truncation,4316544,1359225,caught,1,decode
4312,header,979,1,SILENT,0,decode
4313,payload,2758960,1,SILENT,0,decode
4314,bit_flip,3371118,1,SILENT,0,decode
4315,random_bytes,4670151,9,caught,1,decode
4316,zeroed_run,3339544,753,caught,1,decode
4317,truncation,1236108,4439661,caught,1,decode
4318,header,560,1,SILENT,0,decode
4319,payload,4917056,1,SILENT,0,decode
4320,bit_flip,744624,1,caught,1,decode
4321,random_bytes,4325299,6,caught,1,decode
4322,zeroed_run,3038682,3248,caught,1,decode
4323,truncation,1433595,4242174,caught,1,decode
4324,header,528,1,SILENT,0,decode
4325,payload,3159355,1,SILENT,0,decode
4326,bit_flip,4641839,1,SILENT,0,decode
4327,random_bytes,4663068,15,caught,1,decode
4328,zeroed_run,1598006,4026,caught,1,decode
4329,truncation,5447379,228390,caught,1,decode
4330,header,312,1,caught,1,decode
4331,payload,2922744,1,SILENT,0,decode
4332,bit_flip,1949294,1,caught,1,decode
4333,random_bytes,64363,7,caught,1,decode
4334,zeroed_run,784363,962,caught,1,decode
4335,truncation,3146776,2528993,caught,1,decode
4336,header,632,1,SILENT,0,decode
4337,payload,2158329,1,caught,1,decode
4338,bit_flip,1522738,1,SILENT,0,decode
4339,random_bytes,2322718,10,caught,1,decode
4340,zeroed_run,3458212,563,caught,1,decode
4341,truncation,248951,5426818,caught,1,decode
4342,header,150,1,SILENT,0,decode
4343,payload,5635458,1,caught,1,decode
4344,bit_flip,3262395,1,caught,1,decode
4345,random_bytes,1741583,2,caught,1,decode
4346,zeroed_run,3319805,463,caught,1,decode
4347,truncation,2188203,3487566,caught,1,decode
4348,header,538,1,SILENT,0,decode
4349,payload,4046936,1,caught,1,decode
4350,bit_flip,2211347,1,caught,1,decode
4351,random_bytes,1770660,1,SILENT,0,decode
4352,zeroed_run,430617,2731,caught,1,decode
4353,truncation,467788,5207981,caught,1,decode
4354,header,312,1,SILENT,0,decode
4355,payload,3198104,1,SILENT,0,decode
4356,bit_flip,1010303,1,SILENT,0,decode
4357,random_bytes,3904733,5,caught,1,decode
4358,zeroed_run,4136891,1641,caught,1,decode
4359,truncation,1160409,4515360,caught,1,decode
4360,header,520,1,SILENT,0,decode
4361,payload,1156420,1,caught,1,decode
4362,bit_flip,2315376,1,caught,1,decode
4363,random_bytes,2521575,15,caught,1,decode
4364,zeroed_run,4980284,2906,caught,1,decode
4365,truncation,3142982,2532787,caught,1,decode
4366,header,916,1,SILENT,0,decode
4367,payload,1219726,1,caught,1,decode
4368,bit_flip,2576927,1,SILENT,0,decode
4369,random_bytes,3472922,12,caught,1,decode
4370,zeroed_run,3120536,1760,caught,1,decode
4371,truncation,1698404,3977365,caught,1,decode
4372,header,835,1,SILENT,0,decode
4373,payload,3248726,1,SILENT,0,decode
4374,bit_flip,747215,1,SILENT,0,decode
4375,random_bytes,2908434,5,caught,1,decode
4376,zeroed_run,2559271,1349,caught,1,decode
4377,truncation,5011744,664025,caught,1,decode
4378,header,881,1,SILENT,0,decode
4379,payload,3504531,1,SILENT,0,decode
4380,bit_flip,4011474,1,SILENT,0,decode
4381,random_bytes,5080825,7,caught,1,decode
4382,zeroed_run,426561,3063,caught,1,decode
4383,truncation,4090067,1585702,caught,1,decode
4384,header,190,1,SILENT,0,decode
4385,payload,2023534,1,SILENT,0,decode
4386,bit_flip,1375940,1,SILENT,0,decode
4387,random_bytes,3856817,10,caught,1,decode
4388,zeroed_run,4505460,3413,caught,1,decode
4389,truncation,3145388,2530381,caught,1,decode
4390,header,811,1,SILENT,0,decode
4391,payload,2333483,1,caught,1,decode
4392,bit_flip,2263468,1,SILENT,0,decode
4393,random_bytes,5021969,3,caught,1,decode
4394,zeroed_run,1479324,3342,caught,1,decode
4395,truncation,5125079,550690,caught,1,decode
4396,header,307,1,SILENT,0,decode
4397,payload,403317,1,SILENT,0,decode
4398,bit_flip,2177898,1,caught,1,decode
4399,random_bytes,2153335,6,caught,1,decode
4400,zeroed_run,2472452,384,caught,1,decode
4401,truncation,3460260,2215509,caught,1,decode
4402,header,857,1,SILENT,0,decode
4403,payload,2436158,1,SILENT,0,decode
4404,bit_flip,1160977,1,SILENT,0,decode
4405,random_bytes,3582850,7,caught,1,decode
4406,zeroed_run,3734545,4029,caught,1,decode
4407,truncation,3111724,2564045,caught,1,decode
4408,header,720,1,SILENT,0,decode
4409,payload,321770,1,SILENT,0,decode
4410,bit_flip,4031144,1,SILENT,0,decode
4411,random_bytes,3593450,12,caught,1,decode
4412,zeroed_run,3232375,2622,caught,1,decode
4413,truncation,1372081,4303688,caught,1,decode
4414,header,420,1,caught,1,decode
4415,payload,2444954,1,caught,1,decode
4416,bit_flip,1773383,1,SILENT,0,decode
4417,random_bytes,2174615,10,caught,1,decode
4418,zeroed_run,1353629,1027,caught,1,decode
4419,truncation,423652,5252117,caught,1,decode
4420,header,1,1,caught,1,decode
4421,payload,5185615,1,SILENT,0,decode
4422,bit_flip,4689610,1,caught,1,decode
4423,random_bytes,4361009,1,SILENT,0,decode
4424,zeroed_run,3643613,1833,caught,1,decode
4425,truncation,4494887,1180882,caught,1,decode
4426,header,357,1,SILENT,0,decode
4427,payload,5370785,1,SILENT,0,decode
4428,bit_flip,2749858,1,caught,1,decode
4429,random_bytes,2147941,9,caught,1,decode
4430,zeroed_run,448030,2479,caught,1,decode
4431,truncation,1770026,3905743,caught,1,decode
4432,header,947,1,SILENT,0,decode
4433,payload,1021047,1,SILENT,0,decode
4434,bit_flip,1114692,1,SILENT,0,decode
4435,random_bytes,2530118,6,caught,1,decode
4436,zeroed_run,2160409,3793,caught,1,decode
4437,truncation,1383103,4292666,caught,1,decode
4438,header,826,1,caught,1,decode
4439,payload,2846883,1,caught,1,decode
4440,bit_flip,3309542,1,SILENT,0,decode
4441,random_bytes,4446398,11,caught,1,decode
4442,zeroed_run,584695,3855,caught,1,decode
4443,truncation,2355326,3320443,caught,1,decode
4444,header,800,1,SILENT,0,decode
4445,payload,3836875,1,caught,1,decode
4446,bit_flip,5636394,1,caught,1,decode
4447,random_bytes,3385387,5,caught,1,decode
4448,zeroed_run,2564976,3604,caught,1,decode
4449,truncation,5433816,241953,caught,1,decode
4450,header,490,1,SILENT,0,decode
4451,payload,4427889,1,caught,1,decode
4452,bit_flip,656734,1,SILENT,0,decode
4453,random_bytes,3571380,12,caught,1,decode
4454,zeroed_run,2281962,2293,caught,1,decode
4455,truncation,5451021,224748,caught,1,decode
4456,header,416,1,caught,1,decode
4457,payload,2883198,1,SILENT,0,decode
4458,bit_flip,3743492,1,SILENT,0,decode
4459,random_bytes,198394,9,caught,1,decode
4460,zeroed_run,1165201,1922,caught,1,decode
4461,truncation,4373363,1302406,caught,1,decode
4462,header,467,1,SILENT,0,decode
4463,payload,3899625,1,caught,1,decode
4464,bit_flip,758964,1,SILENT,0,decode
4465,random_bytes,2994817,12,caught,1,decode
4466,zeroed_run,2343563,3102,caught,1,decode
4467,truncation,1406040,4269729,caught,1,decode
4468,header,392,1,caught,1,decode
4469,payload,383764,1,caught,1,decode
4470,bit_flip,779091,1,caught,1,decode
4471,random_bytes,1892437,9,caught,1,decode
4472,zeroed_run,1217019,17,caught,1,decode
4473,truncation,4042049,1633720,caught,1,decode
4474,header,203,1,SILENT,0,decode
4475,payload,270649,1,caught,1,decode
4476,bit_flip,1917617,1,SILENT,0,decode
4477,random_bytes,728229,3,caught,1,decode
4478,zeroed_run,5348277,682,caught,1,decode
4479,truncation,1573958,4101811,caught,1,decode
4480,header,751,1,SILENT,0,decode
4481,payload,2200776,1,SILENT,0,decode
4482,bit_flip,5371157,1,SILENT,0,decode
4483,random_bytes,2416890,12,caught,1,decode
4484,zeroed_run,3997742,3033,caught,1,decode
4485,truncation,1316149,4359620,caught,1,decode
4486,header,463,1,SILENT,0,decode
4487,payload,1664970,1,caught,1,decode
4488,bit_flip,3475675,1,SILENT,0,decode
4489,random_bytes,798512,7,caught,1,decode
4490,zeroed_run,2871118,2792,caught,1,decode
4491,truncation,5448338,227431,caught,1,decode
4492,header,525,1,SILENT,0,decode
4493,payload,5478594,1,SILENT,0,decode
4494,bit_flip,4366408,1,SILENT,0,decode
4495,random_bytes,1763023,12,caught,1,decode
4496,zeroed_run,5261302,1056,caught,1,decode
4497,truncation,5672900,2869,caught,1,decode
4498,header,599,1,SILENT,0,decode
4499,payload,866778,1,SILENT,0,decode
4500,bit_flip,1328721,1,SILENT,0,decode
4501,random_bytes,3696959,5,caught,1,decode
4502,zeroed_run,2475437,856,caught,1,decode
4503,truncation,4972014,703755,caught,1,decode
4504,header,251,1,SILENT,0,decode
4505,payload,3235514,1,SILENT,0,decode
4506,bit_flip,4300535,1,SILENT,0,decode
4507,random_bytes,2780806,9,caught,1,decode
4508,zeroed_run,5201960,1004,caught,1,decode
4509,truncation,2208208,3467561,caught,1,decode
4510,header,400,1,SILENT,0,decode
4511,payload,424152,1,SILENT,0,decode
4512,bit_flip,2225111,1,SILENT,0,decode
4513,random_bytes,3284973,4,caught,1,decode
4514,zeroed_run,5459783,3880,caught,1,decode
4515,truncation,1811602,3864167,caught,1,decode
4516,header,176,1,SILENT,0,decode
4517,payload,4975835,1,SILENT,0,decode
4518,bit_flip,732697,1,SILENT,0,decode
4519,random_bytes,4993366,13,caught,1,decode
4520,zeroed_run,3131202,640,caught,1,decode
4521,truncation,3307810,2367959,caught,1,decode
4522,header,523,1,caught,1,decode
4523,payload,816232,1,SILENT,0,decode
4524,bit_flip,295654,1,SILENT,0,decode
4525,random_bytes,3814708,10,caught,1,decode
4526,zeroed_run,2507522,998,caught,1,decode
4527,truncation,3785541,1890228,caught,1,decode
4528,header,985,1,caught,1,decode
4529,payload,3866951,1,SILENT,0,decode
4530,bit_flip,5456467,1,SILENT,0,decode
4531,random_bytes,591348,9,caught,1,decode
4532,zeroed_run,483048,3517,caught,1,decode
4533,truncation,3452012,2223757,caught,1,decode
4534,header,293,1,SILENT,0,decode
4535,payload,4812353,1,SILENT,0,decode
4536,bit_flip,1311602,1,SILENT,0,decode
4537,random_bytes,3288280,6,caught,1,decode
4538,zeroed_run,2730818,849,caught,1,decode
4539,truncation,4704810,970959,caught,1,decode
4540,header,845,1,SILENT,0,decode
4541,payload,3276601,1,SILENT,0,decode
4542,bit_flip,534,1,SILENT,0,decode
4543,random_bytes,4632892,1,caught,1,decode
4544,zeroed_run,1999634,1360,caught,1,decode
4545,truncation,4687241,988528,caught,1,decode
4546,header,918,1,caught,1,decode
4547,payload,1158196,1,caught,1,decode
4548,bit_flip,2784837,1,SILENT,0,decode
4549,random_bytes,497832,13,caught,1,decode
4550,zeroed_run,5412843,1749,caught,1,decode
4551,truncation,3120690,2555079,caught,1,decode
4552,header,747,1,SILENT,0,decode
4553,payload,1713273,1,caught,1,decode
4554,bit_flip,4550953,1,SILENT,0,decode
4555,random_bytes,2051753,1,SILENT,0,decode
4556,zeroed_run,3352635,310,caught,1,decode
4557,truncation,1637332,4038437,caught,1,decode
4558,header,948,1,SILENT,0,decode
4559,payload,2334433,1,SILENT,0,decode
4560,bit_flip,4585565,1,SILENT,0,decode
4561,random_bytes,248276,14,caught,1,decode
4562,zeroed_run,4747888,375,caught,1,decode
4563,truncation,5027971,647798,caught,1,decode
4564,header,564,1,SILENT,0,decode
4565,payload,2625000,1,SILENT,0,decode
4566,bit_flip,431930,1,SILENT,0,decode
4567,random_bytes,3101244,2,caught,1,decode
4568,zeroed_run,5372719,3979,caught,1,decode
4569,truncation,535728,5140041,caught,1,decode
4570,header,377,1,SILENT,0,decode
4571,payload,5433655,1,SILENT,0,decode
4572,bit_flip,3710709,1,SILENT,0,decode
4573,random_bytes,3187906,2,caught,1,decode
4574,zeroed_run,1831348,1627,caught,1,decode
4575,truncation,1742618,3933151,caught,1,decode
4576,header,438,1,SILENT,0,decode
4577,payload,3917270,1,SILENT,0,decode
4578,bit_flip,853308,1,SILENT,0,decode
4579,random_bytes,562011,4,caught,1,decode
4580,zeroed_run,4764180,2073,caught,1,decode
4581,truncation,5271588,404181,caught,1,decode
4582,header,887,1,SILENT,0,decode
4583,payload,3334450,1,SILENT,0,decode
4584,bit_flip,5310293,1,SILENT,0,decode
4585,random_bytes,94973,12,caught,1,decode
4586,zeroed_run,2397385,805,caught,1,decode
4587,truncation,3892909,1782860,caught,1,decode
4588,header,170,1,SILENT,0,decode
4589,payload,2704108,1,caught,1,decode
4590,bit_flip,864,1,caught,1,decode
4591,random_bytes,1961535,6,caught,1,decode
4592,zeroed_run,465773,1709,caught,1,decode
4593,truncation,329943,5345826,caught,1,decode
4594,header,815,1,SILENT,0,decode
4595,payload,1241582,1,SILENT,0,decode
4596,bit_flip,3866212,1,caught,1,decode
4597,random_bytes,1045635,1,caught,1,decode
4598,zeroed_run,2822993,3429,caught,1,decode
4599,truncation,5025017,650752,caught,1,decode
4600,header,245,1,SILENT,0,decode
4601,payload,119040,1,SILENT,0,decode
4602,bit_flip,3355494,1,caught,1,decode
4603,random_bytes,4586354,7,caught,1,decode
4604,zeroed_run,2333983,1682,caught,1,decode
4605,truncation,5341436,334333,caught,1,decode
4606,header,452,1,caught,1,decode
4607,payload,3371121,1,SILENT,0,decode
4608,bit_flip,1968499,1,SILENT,0,decode
4609,random_bytes,462587,14,caught,1,decode
4610,zeroed_run,3688510,1465,caught,1,decode
4611,truncation,3907669,1768100,caught,1,decode
4612,header,835,1,SILENT,0,decode
4613,payload,5075484,1,SILENT,0,decode
4614,bit_flip,523013,1,SILENT,0,decode
4615,random_bytes,5070945,5,caught,1,decode
4616,zeroed_run,1749857,1548,caught,1,decode
4617,truncation,3533337,2142432,caught,1,decode
4618,header,754,1,SILENT,0,decode
4619,payload,2793396,1,SILENT,0,decode
4620,bit_flip,5314133,1,caught,1,decode
4621,random_bytes,1878111,11,caught,1,decode
4622,zeroed_run,2732629,2920,caught,1,decode
4623,truncation,812340,4863429,caught,1,decode
4624,header,91,1,caught,1,decode
4625,payload,2880361,1,SILENT,0,decode
4626,bit_flip,1464966,1,caught,1,decode
4627,random_bytes,3700530,15,caught,1,decode
4628,zeroed_run,994727,640,caught,1,decode
4629,truncation,3456550,2219219,caught,1,decode
4630,header,814,1,caught,1,decode
4631,payload,1150902,1,SILENT,0,decode
4632,bit_flip,2058404,1,caught,1,decode
4633,random_bytes,2608227,13,caught,1,decode
4634,zeroed_run,5078920,467,caught,1,decode
4635,truncation,4558630,1117139,caught,1,decode
4636,header,135,1,caught,1,decode
4637,payload,2550530,1,SILENT,0,decode
4638,bit_flip,924768,1,SILENT,0,decode
4639,random_bytes,2035007,10,caught,1,decode
4640,zeroed_run,5380326,1984,caught,1,decode
4641,truncation,693050,4982719,caught,1,decode
4642,header,259,1,SILENT,0,decode
4643,payload,1075319,1,SILENT,0,decode
4644,bit_flip,612296,1,SILENT,0,decode
4645,random_bytes,4391323,7,caught,1,decode
4646,zeroed_run,5179600,685,caught,1,decode
4647,truncation,621807,5053962,caught,1,decode
4648,header,966,1,SILENT,0,decode
4649,payload,5628352,1,SILENT,0,decode
4650,bit_flip,4875607,1,SILENT,0,decode
4651,random_bytes,2808705,1,SILENT,0,decode
4652,zeroed_run,343245,3735,caught,1,decode
4653,truncation,3588661,2087108,caught,1,decode
4654,header,563,1,caught,1,decode
4655,payload,924787,1,SILENT,0,decode
4656,bit_flip,5431412,1,SILENT,0,decode
4657,random_bytes,1244314,1,SILENT,0,decode
4658,zeroed_run,1015846,2048,caught,1,decode
4659,truncation,1486867,4188902,caught,1,decode
4660,header,567,1,SILENT,0,decode
4661,payload,5387406,1,SILENT,0,decode
4662,bit_flip,388708,1,SILENT,0,decode
4663,random_bytes,4345414,15,caught,1,decode
4664,zeroed_run,1261655,701,caught,1,decode
4665,truncation,1785886,3889883,caught,1,decode
4666,header,30,1,caught,1,decode
4667,payload,4647853,1,caught,1,decode
4668,bit_flip,2507033,1,caught,1,decode
4669,random_bytes,5268874,10,caught,1,decode
4670,zeroed_run,771917,1599,caught,1,decode
4671,truncation,187984,5487785,caught,1,decode
4672,header,356,1,SILENT,0,decode
4673,payload,2308943,1,SILENT,0,decode
4674,bit_flip,3796721,1,SILENT,0,decode
4675,random_bytes,3747001,1,caught,1,decode
4676,zeroed_run,3134868,3024,caught,1,decode
4677,truncation,3230198,2445571,caught,1,decode
4678,header,533,1,SILENT,0,decode
4679,payload,4311565,1,SILENT,0,decode
4680,bit_flip,4250402,1,caught,1,decode
4681,random_bytes,3542553,9,caught,1,decode
4682,zeroed_run,3268117,2952,caught,1,decode
4683,truncation,320926,5354843,caught,1,decode
4684,header,649,1,SILENT,0,decode
4685,payload,3122957,1,SILENT,0,decode
4686,bit_flip,3125088,1,SILENT,0,decode
4687,random_bytes,117647,11,caught,1,decode
4688,zeroed_run,5583548,3894,caught,1,decode
4689,truncation,758461,4917308,caught,1,decode
4690,header,161,1,caught,1,decode
4691,payload,263470,1,SILENT,0,decode
4692,bit_flip,2148061,1,SILENT,0,decode
4693,random_bytes,21647,1,SILENT,0,decode
4694,zeroed_run,5575746,222,caught,1,decode
4695,truncation,4206867,1468902,caught,1,decode
4696,header,894,1,SILENT,0,decode
4697,payload,257471,1,caught,1,decode
4698,bit_flip,407876,1,SILENT,0,decode
4699,random_bytes,4756002,16,caught,1,decode
4700,zeroed_run,2613556,1638,caught,1,decode
4701,truncation,5437905,237864,caught,1,decode
4702,header,32,1,caught,1,decode
4703,payload,5566306,1,caught,1,decode
4704,bit_flip,324437,1,SILENT,0,decode
4705,random_bytes,3589996,5,caught,1,decode
4706,zeroed_run,1286417,1754,caught,1,decode
4707,truncation,2901130,2774639,caught,1,decode
4708,header,928,1,SILENT,0,decode
4709,payload,3477323,1,SILENT,0,decode
4710,bit_flip,3344714,1,SILENT,0,decode
4711,random_bytes,1360808,7,caught,1,decode
4712,zeroed_run,5430906,3221,caught,1,decode
4713,truncation,280333,5395436,caught,1,decode
4714,header,375,1,SILENT,0,decode
4715,payload,345026,1,SILENT,0,decode
4716,bit_flip,1754252,1,caught,1,decode
4717,random_bytes,4597004,16,caught,1,decode
4718,zeroed_run,926365,2553,caught,1,decode
4719,truncation,2326245,3349524,caught,1,decode
4720,header,539,1,SILENT,0,decode
4721,payload,4006057,1,SILENT,0,decode
4722,bit_flip,343862,1,SILENT,0,decode
4723,random_bytes,1592185,13,caught,1,decode
4724,zeroed_run,2239195,2041,caught,1,decode
4725,truncation,3277959,2397810,caught,1,decode
4726,header,180,1,SILENT,0,decode
4727,payload,2221771,1,SILENT,0,decode
4728,bit_flip,4761223,1,SILENT,0,decode
4729,random_bytes,3930007,9,caught,1,decode
4730,zeroed_run,5611706,3880,caught,1,decode
4731,truncation,4751689,924080,caught,1,decode
4732,header,430,1,SILENT,0,decode
4733,payload,1335868,1,SILENT,0,decode
4734,bit_flip,3600966,1,caught,1,decode
4735,random_bytes,4640195,11,caught,1,decode
4736,zeroed_run,2927133,1912,caught,1,decode
4737,truncation,4126131,1549638,caught,1,decode
4738,header,898,1,SILENT,0,decode
4739,payload,524160,1,SILENT,0,decode
4740,bit_flip,320632,1,SILENT,0,decode
4741,random_bytes,3600789,14,caught,1,decode
4742,zeroed_run,3349002,1682,caught,1,decode
4743,truncation,5663425,12344,caught,1,decode
4744,header,949,1,SILENT,0,decode
4745,payload,1084233,1,caught,1,decode
4746,bit_flip,654157,1,SILENT,0,decode
4747,random_bytes,2004248,10,caught,1,decode
4748,zeroed_run,2636283,3834,caught,1,decode
4749,truncation,3572130,2103639,caught,1,decode
4750,header,2,1,caught,1,decode
4751,payload,339539,1,SILENT,0,decode
4752,bit_flip,178946,1,caught,1,decode
4753,random_bytes,556726,13,caught,1,decode
4754,zeroed_run,1785786,1774,caught,1,decode
4755,truncation,1024993,4650776,caught,1,decode
4756,header,973,1,SILENT,0,decode
4757,payload,2905714,1,SILENT,0,decode
4758,bit_flip,5497069,1,SILENT,0,decode
4759,random_bytes,3162477,12,caught,1,decode
4760,zeroed_run,4958,1221,caught,1,decode
4761,truncation,5670576,5193,caught,1,decode
4762,header,526,1,SILENT,0,decode
4763,payload,1388132,1,caught,1,decode
4764,bit_flip,3865153,1,SILENT,0,decode
4765,random_bytes,633219,12,caught,1,decode
4766,zeroed_run,1478593,2382,caught,1,decode
4767,truncation,704998,4970771,caught,1,decode
4768,header,970,1,SILENT,0,decode
4769,payload,4802519,1,SILENT,0,decode
4770,bit_flip,624100,1,SILENT,0,decode
4771,random_bytes,4488619,13,caught,1,decode
4772,zeroed_run,550285,3667,caught,1,decode
4773,truncation,4096644,1579125,caught,1,decode
4774,header,240,1,SILENT,0,decode
4775,payload,301702,1,caught,1,decode
4776,bit_flip,3408955,1,SILENT,0,decode
4777,random_bytes,4296881,7,caught,1,decode
4778,zeroed_run,789265,2373,caught,1,decode
4779,truncation,4769884,905885,caught,1,decode
4780,header,315,1,SILENT,0,decode
4781,payload,2330659,1,SILENT,0,decode
4782,bit_flip,1739011,1,SILENT,0,decode
4783,random_bytes,40148,8,caught,1,decode
4784,zeroed_run,2053110,1182,caught,1,decode
4785,truncation,5245547,430222,caught,1,decode
4786,header,420,1,SILENT,0,decode
4787,payload,1406760,1,SILENT,0,decode
4788,bit_flip,3290299,1,caught,1,decode
4789,random_bytes,1960191,3,caught,1,decode
4790,zeroed_run,3513757,1212,caught,1,decode
4791,truncation,628358,5047411,caught,1,decode
4792,header,244,1,SILENT,0,decode
4793,payload,4969409,1,SILENT,0,decode
4794,bit_flip,4512886,1,caught,1,decode
4795,random_bytes,2934310,2,caught,1,decode
4796,zeroed_run,505570,1463,caught,1,decode
4797,truncation,3185526,2490243,caught,1,decode
4798,header,377,1,SILENT,0,decode
4799,payload,4975714,1,SILENT,0,decode
4800,bit_flip,2399720,1,caught,1,decode
4801,random_bytes,3842396,7,caught,1,decode
4802,zeroed_run,4823688,984,caught,1,decode
4803,truncation,2431049,3244720,caught,1,decode
4804,header,396,1,SILENT,0,decode
4805,payload,5019310,1,SILENT,0,decode
4806,bit_flip,496208,1,SILENT,0,decode
4807,random_bytes,2559960,3,caught,1,decode
4808,zeroed_run,3569766,753,caught,1,decode
4809,truncation,4549216,1126553,caught,1,decode
4810,header,667,1,SILENT,0,decode
4811,payload,3947177,1,caught,1,decode
4812,bit_flip,71029,1,SILENT,0,decode
4813,random_bytes,2791318,10,caught,1,decode
4814,zeroed_run,849220,1844,caught,1,decode
4815,truncation,4426421,1249348,caught,1,decode
4816,header,492,1,SILENT,0,decode
4817,payload,5267270,1,SILENT,0,decode
4818,bit_flip,4675906,1,SILENT,0,decode
4819,random_bytes,5103752,2,caught,1,decode
4820,zeroed_run,5055828,3129,caught,1,decode
4821,truncation,385141,5290628,caught,1,decode
4822,header,310,1,SILENT,0,decode
4823,payload,651119,1,caught,1,decode
4824,bit_flip,1487727,1,caught,1,decode
4825,random_bytes,1942704,1,SILENT,0,decode
4826,zeroed_run,2732241,43,caught,1,decode
4827,truncation,945742,4730027,caught,1,decode
4828,header,332,1,SILENT,0,decode
4829,payload,2640156,1,SILENT,0,decode
4830,bit_flip,4605698,1,SILENT,0,decode
4831,random_bytes,2441196,4,caught,1,decode
4832,zeroed_run,5328224,3371,caught,1,decode
4833,truncation,4563271,1112498,caught,1,decode
4834,header,872,1,caught,1,decode
4835,payload,771229,1,SILENT,0,decode
4836,bit_flip,3623865,1,SILENT,0,decode
4837,random_bytes,948074,7,caught,1,decode
4838,zeroed_run,2232362,1849,caught,1,decode
4839,truncation,75664,5600105,caught,1,decode
4840,header,776,1,SILENT,0,decode
4841,payload,5640196,1,SILENT,0,decode
4842,bit_flip,3541055,1,SILENT,0,decode
4843,random_bytes,260606,8,caught,1,decode
4844,zeroed_run,3127474,3220,caught,1,decode
4845,truncation,5142778,532991,caught,1,decode
4846,header,481,1,caught,1,decode
4847,payload,3136694,1,SILENT,0,decode
4848,bit_flip,4760075,1,SILENT,0,decode
4849,random_bytes,3359201,3,caught,1,decode
4850,zeroed_run,1296941,2772,caught,1,decode
4851,truncation,1956736,3719033,caught,1,decode
4852,header,166,1,SILENT,0,decode
4853,payload,2293311,1,SILENT,0,decode
4854,bit_flip,4588146,1,SILENT,0,decode
4855,random_bytes,3846323,13,caught,1,decode
4856,zeroed_run,3251581,3096,caught,1,decode
4857,truncation,2615192,3060577,caught,1,decode
4858,header,312,1,SILENT,0,decode
4859,payload,3550773,1,SILENT,0,decode
4860,bit_flip,993684,1,caught,1,decode
4861,random_bytes,4451290,4,caught,1,decode
4862,zeroed_run,1676151,2295,caught,1,decode
4863,truncation,4661210,1014559,caught,1,decode
4864,header,994,1,SILENT,0,decode
4865,payload,4380490,1,SILENT,0,decode
4866,bit_flip,3659191,1,SILENT,0,decode
4867,random_bytes,2443542,5,caught,1,decode
4868,zeroed_run,2561969,3158,caught,1,decode
4869,truncation,1634754,4041015,caught,1,decode
4870,header,27,1,SILENT,0,decode
4871,payload,1887265,1,SILENT,0,decode
4872,bit_flip,3662085,1,caught,1,decode
4873,random_bytes,1885202,10,caught,1,decode
4874,zeroed_run,3257465,525,caught,1,decode
4875,truncation,1219841,4455928,caught,1,decode
4876,header,164,1,caught,1,decode
4877,payload,559256,1,caught,1,decode
4878,bit_flip,4286540,1,SILENT,0,decode
4879,random_bytes,453627,2,SILENT,0,decode
4880,zeroed_run,3548347,299,caught,1,decode
4881,truncation,1944006,3731763,caught,1,decode
4882,header,157,1,SILENT,0,decode
4883,payload,1036074,1,SILENT,0,decode
4884,bit_flip,772968,1,SILENT,0,decode
4885,random_bytes,622082,13,caught,1,decode
4886,zeroed_run,1892679,272,caught,1,decode
4887,truncation,2495578,3180191,caught,1,decode
4888,header,721,1,SILENT,0,decode
4889,payload,2077320,1,caught,1,decode
4890,bit_flip,221407,1,caught,1,decode
4891,random_bytes,4589094,9,caught,1,decode
4892,zeroed_run,496799,1020,caught,1,decode
4893,truncation,823273,4852496,caught,1,decode
4894,header,141,1,SILENT,0,decode
4895,payload,2820496,1,SILENT,0,decode
4896,bit_flip,4599203,1,caught,1,decode
4897,random_bytes,1470723,5,caught,1,decode
4898,zeroed_run,667318,3732,caught,1,decode
4899,truncation,5304037,371732,caught,1,decode
4900,header,643,1,SILENT,0,decode
4901,payload,2925307,1,caught,1,decode
4902,bit_flip,4264005,1,SILENT,0,decode
4903,random_bytes,1257035,1,caught,1,decode
4904,zeroed_run,3628044,2241,caught,1,decode
4905,truncation,2781172,2894597,caught,1,decode
4906,header,239,1,caught,1,decode
4907,payload,2413616,1,SILENT,0,decode
4908,bit_flip,5317727,1,SILENT,0,decode
4909,random_bytes,3830820,15,caught,1,decode
4910,zeroed_run,4341039,1665,caught,1,decode
4911,truncation,1064210,4611559,caught,1,decode
4912,header,276,1,SILENT,0,decode
4913,payload,5600881,1,SILENT,0,decode
4914,bit_flip,3951273,1,SILENT,0,decode
4915,random_bytes,5015797,1,caught,1,decode
4916,zeroed_run,2514225,703,caught,1,decode
4917,truncation,5047372,628397,caught,1,decode
4918,header,49,1,caught,1,decode
4919,payload,4570673,1,SILENT,0,decode
4920,bit_flip,3633764,1,caught,1,decode
4921,random_bytes,5401578,2,caught,1,decode
4922,zeroed_run,4774752,1722,caught,1,decode
4923,truncation,3950203,1725566,caught,1,decode
4924,header,161,1,SILENT,0,decode
4925,payload,3939889,1,caught,1,decode
4926,bit_flip,2722826,1,SILENT,0,decode
4927,random_bytes,3991933,16,caught,1,decode
4928,zeroed_run,3642442,2103,caught,1,decode
4929,truncation,2416657,3259112,caught,1,decode
4930,header,84,1,SILENT,0,decode
4931,payload,1714295,1,SILENT,0,decode
4932,bit_flip,3124750,1,caught,1,decode
4933,random_bytes,3160613,5,caught,1,decode
4934,zeroed_run,5128140,1878,caught,1,decode
4935,truncation,1860130,3815639,caught,1,decode
4936,header,57,1,SILENT,0,decode
4937,payload,3295022,1,SILENT,0,decode
4938,bit_flip,3927026,1,SILENT,0,decode
4939,random_bytes,3385783,1,caught,1,decode
4940,zeroed_run,4246784,2251,caught,1,decode
4941,truncation,2731374,2944395,caught,1,decode
4942,header,1006,1,SILENT,0,decode
4943,payload,4137484,1,SILENT,0,decode
4944,bit_flip,931081,1,SILENT,0,decode
4945,random_bytes,1308641,6,caught,1,decode
4946,zeroed_run,3370987,2768,caught,1,decode
4947,truncation,1755578,3920191,caught,1,decode
4948,header,568,1,SILENT,0,decode
4949,payload,1119421,1,SILENT,0,decode
4950,bit_flip,4307831,1,SILENT,0,decode
4951,random_bytes,5649834,8,caught,1,decode
4952,zeroed_run,3660514,3155,caught,1,decode
4953,truncation,3918825,1756944,caught,1,decode
4954,header,681,1,SILENT,0,decode
4955,payload,5294174,1,caught,1,decode
4956,bit_flip,1997072,1,SILENT,0,decode
4957,random_bytes,4551362,15,caught,1,decode
4958,zeroed_run,3607670,2660,caught,1,decode
4959,truncation,1920508,3755261,caught,1,decode
4960,header,948,1,SILENT,0,decode
4961,payload,1813304,1,caught,1,decode
4962,bit_flip,1383717,1,SILENT,0,decode
4963,random_bytes,3630088,10,caught,1,decode
4964,zeroed_run,1871970,288,caught,1,decode
4965,truncation,719499,4956270,caught,1,decode
4966,header,568,1,SILENT,0,decode
4967,payload,4074392,1,SILENT,0,decode
4968,bit_flip,2870703,1,SILENT,0,decode
4969,random_bytes,5512787,3,caught,1,decode
4970,zeroed_run,1700772,3496,caught,1,decode
4971,truncation,3991903,1683866,caught,1,decode
4972,header,87,1,SILENT,0,decode
4973,payload,1663683,1,SILENT,0,decode
4974,bit_flip,2332333,1,SILENT,0,decode
4975,random_bytes,675431,9,caught,1,decode
4976,zeroed_run,2394632,709,caught,1,decode
4977,truncation,2552456,3123313,caught,1,decode
4978,header,793,1,SILENT,0,decode
4979,payload,4351772,1,SILENT,0,decode
4980,bit_flip,1732166,1,SILENT,0,decode
4981,random_bytes,3105854,10,caught,1,decode
4982,zeroed_run,4694872,2916,caught,1,decode
4983,truncation,3630926,2044843,caught,1,decode
4984,header,509,1,caught,1,decode
4985,payload,420485,1,SILENT,0,decode
4986,bit_flip,1537988,1,caught,1,decode
4987,random_bytes,2979501,6,caught,1,decode
4988,zeroed_run,3809680,4002,caught,1,decode
4989,truncation,5367934,307835,caught,1,decode
4990,header,416,1,SILENT,0,decode
4991,payload,2268662,1,SILENT,0,decode
4992,bit_flip,5636981,1,caught,1,decode
4993,random_bytes,1892917,9,caught,1,decode
4994,zeroed_run,4652002,643,caught,1,decode
4995,truncation,3468770,2206999,caught,1,decode
4996,header,866,1,SILENT,0,decode
4997,payload,2678813,1,SILENT,0,decode
4998,bit_flip,1253769,1,SILENT,0,decode
4999,random_bytes,41929,9,caught,1,decode
5000,zeroed_run,975031,355,caught,1,decode
5001,truncation,724437,4951332,caught,1,decode
5002,header,988,1,SILENT,0,decode
5003,payload,2335494,1,caught,1,decode
5004,bit_flip,5302017,1,caught,1,decode
5005,random_bytes,5509839,2,caught,1,decode
5006,zeroed_run,4639832,3271,caught,1,decode
5007,truncation,5521883,153886,caught,1,decode
5008,header,460,1,SILENT,0,decode
5009,payload,205630,1,caught,1,decode
5010,bit_flip,3173659,1,SILENT,0,decode
5011,random_bytes,357314,16,caught,1,decode
5012,zeroed_run,5420255,3353,caught,1,decode
5013,truncation,1284180,4391589,caught,1,decode
5014,header,917,1,SILENT,0,decode
5015,payload,3174830,1,SILENT,0,decode
5016,bit_flip,3554087,1,caught,1,decode
5017,random_bytes,3810206,12,caught,1,decode
5018,zeroed_run,927294,3602,caught,1,decode
5019,truncation,2164933,3510836,caught,1,decode
5020,header,649,1,SILENT,0,decode
5021,payload,2922039,1,SILENT,0,decode
5022,bit_flip,2257735,1,SILENT,0,decode
5023,random_bytes,3996100,12,caught,1,decode
5024,zeroed_run,4312392,779,caught,1,decode
5025,truncation,1326562,4349207,caught,1,decode
5026,header,667,1,SILENT,0,decode
5027,payload,3975813,1,caught,1,decode
5028,bit_flip,3899923,1,caught,1,decode
5029,random_bytes,3584478,12,caught,1,decode
5030,zeroed_run,4453118,1104,caught,1,decode
5031,truncation,1053365,4622404,caught,1,decode
5032,header,120,1,SILENT,0,decode
5033,payload,3496264,1,caught,1,decode
5034,bit_flip,1809684,1,SILENT,0,decode
5035,random_bytes,133962,7,caught,1,decode
5036,zeroed_run,3793330,3666,caught,1,decode
5037,truncation,5448296,227473,caught,1,decode
5038,header,531,1,caught,1,decode
5039,payload,1659448,1,SILENT,0,decode
5040,bit_flip,1178916,1,caught,1,decode
5041,random_bytes,473550,7,caught,1,decode
5042,zeroed_run,1100911,1669,caught,1,decode
5043,truncation,447639,5228130,caught,1,decode
5044,header,49,1,caught,1,decode
5045,payload,3323538,1,SILENT,0,decode
5046,bit_flip,385220,1,SILENT,0,decode
5047,random_bytes,5242047,3,caught,1,decode
5048,zeroed_run,1637310,2584,caught,1,decode
5049,truncation,1007451,4668318,caught,1,decode
5050,header,537,1,caught,1,decode
5051,payload,887442,1,SILENT,0,decode
5052,bit_flip,3672724,1,SILENT,0,decode
5053,random_bytes,5252529,4,caught,1,decode
5054,zeroed_run,2434074,2610,caught,1,decode
5055,truncation,1759886,3915883,caught,1,decode
5056,header,641,1,SILENT,0,decode
5057,payload,4080505,1,SILENT,0,decode
5058,bit_flip,3323972,1,SILENT,0,decode
5059,random_bytes,1082991,14,caught,1,decode
5060,zeroed_run,5175723,3514,caught,1,decode
5061,truncation,3156903,2518866,caught,1,decode
5062,header,75,1,SILENT,0,decode
5063,payload,3034546,1,SILENT,0,decode
5064,bit_flip,2464933,1,caught,1,decode
5065,random_bytes,5520453,16,caught,1,decode
5066,zeroed_run,799920,1894,caught,1,decode
5067,truncation,4262014,1413755,caught,1,decode
5068,header,836,1,caught,1,decode
5069,payload,5365435,1,caught,1,decode
5070,bit_flip,905600,1,SILENT,0,decode
5071,random_bytes,3355961,12,caught,1,decode
5072,zeroed_run,4923593,3305,caught,1,decode
5073,truncation,4298502,1377267,caught,1,decode
5074,header,152,1,SILENT,0,decode
5075,payload,2022564,1,SILENT,0,decode
5076,bit_flip,755249,1,SILENT,0,decode
5077,random_bytes,4383852,15,caught,1,decode
5078,zeroed_run,5170615,2770,caught,1,decode
5079,truncation,3800931,1874838,caught,1,decode
5080,header,127,1,SILENT,0,decode
5081,payload,74354,1,SILENT,0,decode
5082,bit_flip,196656,1,SILENT,0,decode
5083,random_bytes,4362261,2,SILENT,0,decode
5084,zeroed_run,2620925,1688,caught,1,decode
5085,truncation,3085528,2590241,caught,1,decode
5086,header,854,1,SILENT,0,decode
5087,payload,3653956,1,SILENT,0,decode
5088,bit_flip,5562632,1,caught,1,decode
5089,random_bytes,779284,3,caught,1,decode
5090,zeroed_run,4457665,2464,caught,1,decode
5091,truncation,5236410,439359,caught,1,decode
5092,header,653,1,SILENT,0,decode
5093,payload,2671018,1,SILENT,0,decode
5094,bit_flip,4638542,1,SILENT,0,decode
5095,random_bytes,5633085,16,caught,1,decode
5096,zeroed_run,1673806,606,caught,1,decode
5097,truncation,3807683,1868086,caught,1,decode
5098,header,47,1,caught,1,decode
5099,payload,2926180,1,SILENT,0,decode
5100,bit_flip,3960806,1,caught,1,decode
5101,random_bytes,1034183,3,caught,1,decode
5102,zeroed_run,1638627,3966,caught,1,decode
5103,truncation,4858952,816817,caught,1,decode
5104,header,642,1,SILENT,0,decode
5105,payload,1987903,1,SILENT,0,decode
5106,bit_flip,4569993,1,SILENT,0,decode
5107,random_bytes,1926785,9,caught,1,decode
5108,zeroed_run,1445171,761,caught,1,decode
5109,truncation,58124,5617645,caught,1,decode
5110,header,750,1,SILENT,0,decode
5111,payload,1888905,1,caught,1,decode
5112,bit_flip,4564793,1,SILENT,0,decode
5113,random_bytes,2619517,12,caught,1,decode
5114,zeroed_run,3462676,2779,caught,1,decode
5115,truncation,2000413,3675356,caught,1,decode
5116,header,8,1,caught,1,decode
5117,payload,312523,1,caught,1,decode
5118,bit_flip,4720960,1,caught,1,decode
5119,random_bytes,2773220,16,caught,1,decode
5120,zeroed_run,5377094,1399,caught,1,decode
5121,truncation,1675939,3999830,caught,1,decode
5122,header,674,1,SILENT,0,decode
5123,payload,171975,1,caught,1,decode
5124,bit_flip,5484355,1,SILENT,0,decode
5125,random_bytes,648398,5,caught,1,decode
5126,zeroed_run,207533,3779,caught,1,decode
5127,truncation,2756220,2919549,caught,1,decode
5128,header,398,1,SILENT,0,decode
5129,payload,5467632,1,SILENT,0,decode
5130,bit_flip,1205601,1,caught,1,decode
5131,random_bytes,2166095,4,caught,1,decode
5132,zeroed_run,4341446,3896,caught,1,decode
5133,truncation,2673643,3002126,caught,1,decode
5134,header,187,1,SILENT,0,decode
5135,payload,1358630,1,SILENT,0,decode
5136,bit_flip,4223532,1,SILENT,0,decode
5137,random_bytes,4776932,8,caught,1,decode
5138,zeroed_run,697139,1630,caught,1,decode
5139,truncation,4026804,1648965,caught,1,decode
5140,header,495,1,SILENT,0,decode
5141,payload,1322372,1,caught,1,decode
5142,bit_flip,2955772,1,SILENT,0,decode
5143,random_bytes,3103627,9,caught,1,decode
5144,zeroed_run,2374092,3005,caught,1,decode
5145,truncation,2141693,3534076,caught,1,decode
5146,header,832,1,SILENT,0,decode
5147,payload,2298259,1,SILENT,0,decode
5148,bit_flip,3546225,1,caught,1,decode
5149,random_bytes,189853,12,caught,1,decode
5150,zeroed_run,135598,2734,caught,1,decode
5151,truncation,1114170,4561599,caught,1,decode
5152,header,488,1,SILENT,0,decode
5153,payload,3974403,1,caught,1,decode
5154,bit_flip,1058596,1,caught,1,decode
5155,random_bytes,3520242,3,caught,1,decode
5156,zeroed_run,2213495,689,caught,1,decode
5157,truncation,4981697,694072,caught,1,decode
5158,header,221,1,SILENT,0,decode
5159,payload,5094235,1,SILENT,0,decode
5160,bit_flip,3551262,1,SILENT,0,decode
5161,random_bytes,154210,5,caught,1,decode
5162,zeroed_run,3306372,2242,caught,1,decode
5163,truncation,3409614,2266155,caught,1,decode
5164,header,904,1,SILENT,0,decode
5165,payload,5409474,1,SILENT,0,decode
5166,bit_flip,1539060,1,SILENT,0,decode
5167,random_bytes,2860659,12,caught,1,decode
5168,zeroed_run,2172267,1617,caught,1,decode
5169,truncation,5007110,668659,caught,1,decode
5170,header,561,1,SILENT,0,decode
5171,payload,4396348,1,SILENT,0,decode
5172,bit_flip,4352842,1,caught,1,decode
5173,random_bytes,2955739,6,caught,1,decode
5174,zeroed_run,2892623,93,caught,1,decode
5175,truncation,1777958,3897811,caught,1,decode
5176,header,7,1,caught,1,decode
5177,payload,5074457,1,SILENT,0,decode
5178,bit_flip,4128358,1,caught,1,decode
5179,random_bytes,2484154,11,caught,1,decode
5180,zeroed_run,3720327,1022,caught,1,decode
5181,truncation,343258,5332511,caught,1,decode
5182,header,249,1,SILENT,0,decode
5183,payload,4598032,1,caught,1,decode
5184,bit_flip,1451953,1,caught,1,decode
5185,random_bytes,3064724,1,caught,1,decode
5186,zeroed_run,1543818,1029,caught,1,decode
5187,truncation,4411499,1264270,caught,1,decode
5188,header,443,1,SILENT,0,decode
5189,payload,5056851,1,SILENT,0,decode
5190,bit_flip,181831,1,SILENT,0,decode
5191,random_bytes,631250,6,caught,1,decode
5192,zeroed_run,1748848,2869,caught,1,decode
5193,truncation,4612518,1063251,caught,1,decode
5194,header,45,1,SILENT,0,decode
5195,payload,935242,1,SILENT,0,decode
5196,bit_flip,4512057,1,SILENT,0,decode
5197,random_bytes,131432,5,caught,1,decode
5198,zeroed_run,2716882,2876,caught,1,decode
5199,truncation,95122,5580647,caught,1,decode
5200,header,859,1,SILENT,0,decode
5201,payload,2207113,1,caught,1,decode
5202,bit_flip,4638985,1,SILENT,0,decode
5203,random_bytes,104560,11,caught,1,decode
5204,zeroed_run,1022835,2316,caught,1,decode
5205,truncation,2080264,3595505,caught,1,decode
5206,header,620,1,SILENT,0,decode
5207,payload,5051078,1,SILENT,0,decode
5208,bit_flip,5065456,1,SILENT,0,decode
5209,random_bytes,2099417,7,caught,1,decode
5210,zeroed_run,2070906,2965,caught,1,decode
5211,truncation,2693736,2982033,caught,1,decode
5212,header,186,1,SILENT,0,decode
5213,payload,514622,1,SILENT,0,decode
5214,bit_flip,3356190,1,caught,1,decode
5215,random_bytes,3474200,11,caught,1,decode
5216,zeroed_run,2184517,562,caught,1,decode
5217,truncation,2663159,3012610,caught,1,decode
5218,header,749,1,caught,1,decode
5219,payload,4258606,1,SILENT,0,decode
5220,bit_flip,268536,1,caught,1,decode
5221,random_bytes,4398862,1,SILENT,0,decode
5222,zeroed_run,3320352,3192,caught,1,decode
5223,truncation,5012986,662783,caught,1,decode
5224,header,871,1,SILENT,0,decode
5225,payload,3122672,1,SILENT,0,decode
5226,bit_flip,5403075,1,caught,1,decode
5227,random_bytes,1063763,9,caught,1,decode
5228,zeroed_run,3683897,785,caught,1,decode
5229,truncation,1168185,4507584,caught,1,decode
5230,header,224,1,SILENT,0,decode
5231,payload,1813806,1,SILENT,0,decode
5232,bit_flip,787786,1,SILENT,0,decode
5233,random_bytes,5229373,1,SILENT,0,decode
5234,zeroed_run,826199,3317,caught,1,decode
5235,truncation,3354043,2321726,caught,1,decode
5236,header,831,1,SILENT,0,decode
5237,payload,5104180,1,SILENT,0,decode
5238,bit_flip,4725060,1,caught,1,decode
5239,random_bytes,1107838,12,caught,1,decode
5240,zeroed_run,3016718,2576,caught,1,decode
5241,truncation,3909119,1766650,caught,1,decode
5242,header,606,1,SILENT,0,decode
5243,payload,3857654,1,SILENT,0,decode
5244,bit_flip,4237603,1,caught,1,decode
5245,random_bytes,2496208,3,caught,1,decode
5246,zeroed_run,3010186,603,caught,1,decode
5247,truncation,5635945,39824,caught,1,decode
5248,header,221,1,SILENT,0,decode
5249,payload,358164,1,SILENT,0,decode
5250,bit_flip,3681113,1,SILENT,0,decode
5251,random_bytes,3268386,11,caught,1,decode
5252,zeroed_run,242855,1459,caught,1,decode
5253,truncation,996445,4679324,caught,1,decode
5254,header,246,1,SILENT,0,decode
5255,payload,1494347,1,SILENT,0,decode
5256,bit_flip,2657495,1,SILENT,0,decode
5257,random_bytes,2180384,8,caught,1,decode
5258,zeroed_run,3145040,3392,caught,1,decode
5259,truncation,1955811,3719958,caught,1,decode
5260,header,380,1,SILENT,0,decode
5261,payload,4879405,1,caught,1,decode
5262,bit_flip,545835,1,SILENT,0,decode
5263,random_bytes,4450025,8,caught,1,decode
5264,zeroed_run,3688374,2837,caught,1,decode
5265,truncation,3297397,2378372,caught,1,decode
5266,header,361,1,SILENT,0,decode
5267,payload,609325,1,SILENT,0,decode
5268,bit_flip,1469581,1,SILENT,0,decode
5269,random_bytes,3593953,11,caught,1,decode
5270,zeroed_run,5357307,1119,caught,1,decode
5271,truncation,818073,4857696,caught,1,decode
5272,header,604,1,SILENT,0,decode
5273,payload,1874621,1,SILENT,0,decode
5274,bit_flip,128990,1,SILENT,0,decode
5275,random_bytes,1307478,1,caught,1,decode
5276,zeroed_run,2987136,772,caught,1,decode
5277,truncation,836886,4838883,caught,1,decode
5278,header,999,1,SILENT,0,decode
5279,payload,2099435,1,SILENT,0,decode
5280,bit_flip,706355,1,SILENT,0,decode
5281,random_bytes,287165,12,caught,1,decode
5282,zeroed_run,2074087,1395,caught,1,decode
5283,truncation,4220458,1455311,caught,1,decode
5284,header,504,1,SILENT,0,decode
5285,payload,3049120,1,SILENT,0,decode
5286,bit_flip,394269,1,SILENT,0,decode
5287,random_bytes,2170891,5,caught,1,decode
5288,zeroed_run,396185,2262,caught,1,decode
5289,truncation,135718,5540051,caught,1,decode
5290,header,443,1,SILENT,0,decode
5291,payload,3883252,1,SILENT,0,decode
5292,bit_flip,2810207,1,caught,1,decode
5293,random_bytes,4603424,14,caught,1,decode
5294,zeroed_run,1014562,1221,caught,1,decode
5295,truncation,1308858,4366911,caught,1,decode
5296,header,975,1,SILENT,0,decode
5297,payload,4352848,1,SILENT,0,decode
5298,bit_flip,2281170,1,SILENT,0,decode
5299,random_bytes,1311334,3,caught,1,decode
5300,zeroed_run,4272589,2849,caught,1,decode
5301,truncation,4977059,698710,caught,1,decode
5302,header,987,1,SILENT,0,decode
5303,payload,3549944,1,caught,1,decode
5304,bit_flip,633600,1,SILENT,0,decode
5305,random_bytes,3182805,2,caught,1,decode
5306,zeroed_run,4778010,2889,caught,1,decode
5307,truncation,2013764,3662005,caught,1,decode
5308,header,400,1,SILENT,0,decode
5309,payload,82348,1,caught,1,decode
5310,bit_flip,5107256,1,caught,1,decode
5311,random_bytes,1498021,16,caught,1,decode
5312,zeroed_run,1029896,2490,caught,1,decode
5313,truncation,1234095,4441674,caught,1,decode
5314,header,490,1,caught,1,decode
5315,payload,4112027,1,SILENT,0,decode
5316,bit_flip,4344621,1,SILENT,0,decode
5317,random_bytes,4969769,15,caught,1,decode
5318,zeroed_run,5405831,1819,caught,1,decode
5319,truncation,5620291,55478,caught,1,decode
5320,header,595,1,SILENT,0,decode
5321,payload,2944310,1,SILENT,0,decode
5322,bit_flip,2557324,1,SILENT,0,decode
5323,random_bytes,2460690,9,caught,1,decode
5324,zeroed_run,1769364,3919,caught,1,decode
5325,truncation,5285108,390661,caught,1,decode
5326,header,873,1,SILENT,0,decode
5327,payload,5083837,1,SILENT,0,decode
5328,bit_flip,4263426,1,SILENT,0,decode
5329,random_bytes,3142945,2,caught,1,decode
5330,zeroed_run,4256934,3731,caught,1,decode
5331,truncation,4942740,733029,caught,1,decode
5332,header,917,1,SILENT,0,decode
5333,payload,4751293,1,SILENT,0,decode
5334,bit_flip,5015893,1,caught,1,decode
5335,random_bytes,5581422,3,caught,1,decode
5336,zeroed_run,186044,3195,caught,1,decode
5337,truncation,3801305,1874464,caught,1,decode
5338,header,157,1,SILENT,0,decode
5339,payload,1846063,1,SILENT,0,decode
5340,bit_flip,1216256,1,SILENT,0,decode
5341,random_bytes,4131219,7,caught,1,decode
5342,zeroed_run,2599427,393,caught,1,decode
5343,truncation,2569316,3106453,caught,1,decode
5344,header,1008,1,SILENT,0,decode
5345,payload,4182546,1,SILENT,0,decode
5346,bit_flip,288303,1,SILENT,0,decode
5347,random_bytes,2040997,14,caught,1,decode
5348,zeroed_run,3579281,3748,caught,1,decode
5349,truncation,4816629,859140,caught,1,decode
5350,header,700,1,SILENT,0,decode
5351,payload,3433941,1,SILENT,0,decode
5352,bit_flip,4658976,1,SILENT,0,decode
5353,random_bytes,3348384,3,caught,1,decode
5354,zeroed_run,3196840,2689,caught,1,decode
5355,truncation,1723065,3952704,caught,1,decode
5356,header,459,1,SILENT,0,decode
5357,payload,3655952,1,caught,1,decode
5358,bit_flip,3187310,1,SILENT,0,decode
5359,random_bytes,1423972,7,caught,1,decode
5360,zeroed_run,1581193,769,caught,1,decode
5361,truncation,2939515,2736254,caught,1,decode
5362,header,134,1,SILENT,0,decode
5363,payload,3998358,1,SILENT,0,decode
5364,bit_flip,148726,1,caught,1,decode
5365,random_bytes,2704813,13,caught,1,decode
5366,zeroed_run,1332177,684,caught,1,decode
5367,truncation,3712189,1963580,caught,1,decode
5368,header,999,1,SILENT,0,decode
5369,payload,3729825,1,SILENT,0,decode
5370,bit_flip,470839,1,SILENT,0,decode
5371,random_bytes,2606316,7,caught,1,decode
5372,zeroed_run,405947,466,caught,1,decode
5373,truncation,3750954,1924815,caught,1,decode
5374,header,403,1,caught,1,decode
5375,payload,5159672,1,SILENT,0,decode
5376,bit_flip,837810,1,SILENT,0,decode
5377,random_bytes,1314793,14,caught,1,decode
5378,zeroed_run,1477387,1080,caught,1,decode
5379,truncation,4496163,1179606,caught,1,decode
5380,header,606,1,SILENT,0,decode
5381,payload,4124120,1,SILENT,0,decode
5382,bit_flip,1993501,1,caught,1,decode
5383,random_bytes,4056366,15,caught,1,decode
5384,zeroed_run,5089072,1534,caught,1,decode
5385,truncation,4328001,1347768,caught,1,decode
5386,header,408,1,SILENT,0,decode
5387,payload,682258,1,SILENT,0,decode
5388,bit_flip,5604179,1,caught,1,decode
5389,random_bytes,2951123,10,caught,1,decode
5390,zeroed_run,4712743,3805,caught,1,decode
5391,truncation,2499079,3176690,caught,1,decode
5392,header,677,1,SILENT,0,decode
5393,payload,5347668,1,caught,1,decode
5394,bit_flip,5035253,1,SILENT,0,decode
5395,random_bytes,3918735,16,caught,1,decode
5396,zeroed_run,589029,3045,caught,1,decode
5397,truncation,1289856,4385913,caught,1,decode
5398,header,233,1,SILENT,0,decode
5399,payload,5564067,1,caught,1,decode
5400,bit_flip,4623725,1,SILENT,0,decode
5401,random_bytes,5648237,15,caught,1,decode
5402,zeroed_run,539252,602,caught,1,decode
5403,truncation,3272851,2402918,caught,1,decode
5404,header,484,1,SILENT,0,decode
5405,payload,4092055,1,SILENT,0,decode
5406,bit_flip,5427473,1,SILENT,0,decode
5407,random_bytes,4899236,1,caught,1,decode
5408,zeroed_run,1333019,3261,caught,1,decode
5409,truncation,1611685,4064084,caught,1,decode
5410,header,413,1,SILENT,0,decode
5411,payload,3336206,1,SILENT,0,decode
5412,bit_flip,1403374,1,SILENT,0,decode
5413,random_bytes,4336800,12,caught,1,decode
5414,zeroed_run,656246,868,caught,1,decode
5415,truncation,1932212,3743557,caught,1,decode
5416,header,873,1,SILENT,0,decode
5417,payload,2058100,1,caught,1,decode
5418,bit_flip,2354400,1,SILENT,0,decode
5419,random_bytes,2370207,3,caught,1,decode
5420,zeroed_run,4587040,4084,caught,1,decode
5421,truncation,1657426,4018343,caught,1,decode
5422,header,527,1,caught,1,decode
5423,payload,285173,1,caught,1,decode
5424,bit_flip,4129204,1,SILENT,0,decode
5425,random_bytes,3601469,11,caught,1,decode
5426,zeroed_run,4262373,2412,caught,1,decode
5427,truncation,1297170,4378599,caught,1,decode
5428,header,105,1,SILENT,0,decode
5429,payload,3169115,1,caught,1,decode
5430,bit_flip,2205570,1,SILENT,0,decode
5431,random_bytes,2276249,3,caught,1,decode
5432,zeroed_run,3797888,955,caught,1,decode
5433,truncation,305195,5370574,caught,1,decode
5434,header,204,1,SILENT,0,decode
5435,payload,879495,1,caught,1,decode
5436,bit_flip,5538003,1,SILENT,0,decode
5437,random_bytes,5273477,5,caught,1,decode
5438,zeroed_run,4777337,1389,caught,1,decode
5439,truncation,3026303,2649466,caught,1,decode
5440,header,204,1,SILENT,0,decode
5441,payload,4241780,1,SILENT,0,decode
5442,bit_flip,3697445,1,caught,1,decode
5443,random_bytes,2202313,3,caught,1,decode
5444,zeroed_run,4327073,3161,caught,1,decode
5445,truncation,5131014,544755,caught,1,decode
5446,header,204,1,SILENT,0,decode
5447,payload,1782683,1,caught,1,decode
5448,bit_flip,892262,1,SILENT,0,decode
5449,random_bytes,4966610,5,caught,1,decode
5450,zeroed_run,2547366,1238,caught,1,decode
5451,truncation,233352,5442417,caught,1,decode
5452,header,548,1,SILENT,0,decode
5453,payload,95663,1,SILENT,0,decode
5454,bit_flip,5239748,1,SILENT,0,decode
5455,random_bytes,4884191,12,caught,1,decode
5456,zeroed_run,4761337,143,caught,1,decode
5457,truncation,1834451,3841318,caught,1,decode
5458,header,798,1,SILENT,0,decode
5459,payload,4457586,1,caught,1,decode
5460,bit_flip,6114,1,SILENT,0,decode
5461,random_bytes,3207371,9,caught,1,decode
5462,zeroed_run,3206549,1745,caught,1,decode
5463,truncation,40986,5634783,caught,1,decode
5464,header,665,1,SILENT,0,decode
5465,payload,2279254,1,SILENT,0,decode
5466,bit_flip,1809630,1,SILENT,0,decode
5467,random_bytes,3179099,6,caught,1,decode
5468,zeroed_run,5471534,3054,caught,1,decode
5469,truncation,2773609,2902160,caught,1,decode
5470,header,561,1,SILENT,0,decode
5471,payload,1275825,1,caught,1,decode
5472,bit_flip,4199590,1,caught,1,decode
5473,random_bytes,2006401,1,caught,1,decode
5474,zeroed_run,4136754,1672,caught,1,decode
5475,truncation,2023780,3651989,caught,1,decode
5476,header,505,1,SILENT,0,decode
5477,payload,1521533,1,SILENT,0,decode
5478,bit_flip,2898430,1,SILENT,0,decode
5479,random_bytes,2588357,5,caught,1,decode
5480,zeroed_run,2864135,2143,caught,1,decode
5481,truncation,679148,4996621,caught,1,decode
5482,header,611,1,SILENT,0,decode
5483,payload,4387442,1,SILENT,0,decode
5484,bit_flip,1326865,1,SILENT,0,decode
5485,random_bytes,1846345,15,caught,1,decode
5486,zeroed_run,5040252,2630,caught,1,decode
5487,truncation,5407697,268072,caught,1,decode
5488,header,785,1,SILENT,0,decode
5489,payload,5555111,1,caught,1,decode
5490,bit_flip,941220,1,SILENT,0,decode
5491,random_bytes,4920809,14,caught,1,decode
5492,zeroed_run,1870629,3766,caught,1,decode
5493,truncation,4765442,910327,caught,1,decode
5494,header,154,1,caught,1,decode
5495,payload,5022891,1,caught,1,decode
5496,bit_flip,2076084,1,SILENT,0,decode
5497,random_bytes,3882141,4,caught,1,decode
5498,zeroed_run,4943773,666,caught,1,decode
5499,truncation,1205213,4470556,caught,1,decode
5500,header,209,1,SILENT,0,decode
5501,payload,2352592,1,SILENT,0,decode
5502,bit_flip,3999176,1,SILENT,0,decode
5503,random_bytes,1131546,2,caught,1,decode
5504,zeroed_run,4447699,3572,caught,1,decode
5505,truncation,4313072,1362697,caught,1,decode
5506,header,554,1,SILENT,0,decode
5507,payload,3658643,1,SILENT,0,decode
5508,bit_flip,5094769,1,caught,1,decode
5509,random_bytes,3042906,14,caught,1,decode
5510,zeroed_run,479675,2365,caught,1,decode
5511,truncation,1672581,4003188,caught,1,decode
5512,header,65,1,SILENT,0,decode
5513,payload,5561666,1,SILENT,0,decode
5514,bit_flip,398101,1,SILENT,0,decode
5515,random_bytes,5336021,7,caught,1,decode
5516,zeroed_run,3212935,2596,caught,1,decode
5517,truncation,253039,5422730,caught,1,decode
5518,header,641,1,SILENT,0,decode
5519,payload,834902,1,SILENT,0,decode
5520,bit_flip,1538903,1,SILENT,0,decode
5521,random_bytes,5561192,11,caught,1,decode
5522,zeroed_run,4958415,3213,caught,1,decode
5523,truncation,3827039,1848730,caught,1,decode
5524,header,143,1,caught,1,decode
5525,payload,2476282,1,SILENT,0,decode
5526,bit_flip,928961,1,SILENT,0,decode
5527,random_bytes,3660781,8,caught,1,decode
5528,zeroed_run,4358882,2124,caught,1,decode
5529,truncation,3008513,2667256,caught,1,decode
5530,header,1013,1,SILENT,0,decode
5531,payload,2961803,1,SILENT,0,decode
5532,bit_flip,3313046,1,SILENT,0,decode
5533,random_bytes,2680849,12,caught,1,decode
5534,zeroed_run,536032,837,caught,1,decode
5535,truncation,5277520,398249,caught,1,decode
5536,header,675,1,SILENT,0,decode
5537,payload,1325446,1,SILENT,0,decode
5538,bit_flip,1611444,1,SILENT,0,decode
5539,random_bytes,814947,15,caught,1,decode
5540,zeroed_run,3642064,1066,caught,1,decode
5541,truncation,1616093,4059676,caught,1,decode
5542,header,780,1,SILENT,0,decode
5543,payload,5116403,1,caught,1,decode
5544,bit_flip,3386172,1,SILENT,0,decode
5545,random_bytes,1351299,7,caught,1,decode
5546,zeroed_run,417240,3231,caught,1,decode
5547,truncation,924582,4751187,caught,1,decode
5548,header,383,1,SILENT,0,decode
5549,payload,397626,1,caught,1,decode
5550,bit_flip,1582214,1,SILENT,0,decode
5551,random_bytes,2022369,10,caught,1,decode
5552,zeroed_run,34367,169,caught,1,decode
5553,truncation,861671,4814098,caught,1,decode
5554,header,802,1,SILENT,0,decode
5555,payload,194248,1,caught,1,decode
5556,bit_flip,4629699,1,SILENT,0,decode
5557,random_bytes,1564851,10,caught,1,decode
5558,zeroed_run,3624181,2578,caught,1,decode
5559,truncation,243551,5432218,caught,1,decode
5560,header,268,1,SILENT,0,decode
5561,payload,1350074,1,SILENT,0,decode
5562,bit_flip,506870,1,caught,1,decode
5563,random_bytes,3760930,5,caught,1,decode
5564,zeroed_run,577719,2094,caught,1,decode
5565,truncation,4674439,1001330,caught,1,decode
5566,header,802,1,SILENT,0,decode
5567,payload,2517012,1,SILENT,0,decode
5568,bit_flip,937966,1,SILENT,0,decode
5569,random_bytes,5368542,4,caught,1,decode
5570,zeroed_run,4707182,3854,caught,1,decode
5571,truncation,4315545,1360224,caught,1,decode
5572,header,627,1,SILENT,0,decode
5573,payload,151007,1,SILENT,0,decode
5574,bit_flip,4269969,1,SILENT,0,decode
5575,random_bytes,4132019,13,caught,1,decode
5576,zeroed_run,4324967,3539,caught,1,decode
5577,truncation,3620070,2055699,caught,1,decode
5578,header,629,1,SILENT,0,decode
5579,payload,2167587,1,SILENT,0,decode
5580,bit_flip,169780,1,SILENT,0,decode
5581,random_bytes,1354554,12,caught,1,decode
5582,zeroed_run,1009797,1373,caught,1,decode
5583,truncation,5478887,196882,caught,1,decode
5584,header,120,1,SILENT,0,decode
5585,payload,1805987,1,caught,1,decode
5586,bit_flip,5303202,1,caught,1,decode
5587,random_bytes,621752,6,caught,1,decode
5588,zeroed_run,4353331,165,caught,1,decode
5589,truncation,4004250,1671519,caught,1,decode
5590,header,688,1,caught,1,decode
5591,payload,333244,1,SILENT,0,decode
5592,bit_flip,5300095,1,SILENT,0,decode
5593,random_bytes,1638833,13,caught,1,decode
5594,zeroed_run,119583,841,caught,1,decode
5595,truncation,304889,5370880,caught,1,decode
5596,header,581,1,SILENT,0,decode
5597,payload,5414991,1,SILENT,0,decode
5598,bit_flip,1347188,1,SILENT,0,decode
5599,random_bytes,1874887,11,caught,1,decode
5600,zeroed_run,3822309,3680,caught,1,decode
5601,truncation,5281805,393964,caught,1,decode
5602,header,907,1,SILENT,0,decode
5603,payload,3152827,1,SILENT,0,decode
5604,bit_flip,908681,1,caught,1,decode
5605,random_bytes,4193814,9,caught,1,decode
5606,zeroed_run,5127220,3188,caught,1,decode
5607,truncation,3261261,2414508,caught,1,decode
5608,header,111,1,SILENT,0,decode
5609,payload,1247402,1,SILENT,0,decode
5610,bit_flip,3477093,1,SILENT,0,decode
5611,random_bytes,1996569,7,caught,1,decode
5612,zeroed_run,1882529,3263,caught,1,decode
5613,truncation,574844,5100925,caught,1,decode
5614,header,749,1,SILENT,0,decode
5615,payload,2195180,1,SILENT,0,decode
5616,bit_flip,3806290,1,SILENT,0,decode
5617,random_bytes,4111393,12,caught,1,decode
5618,zeroed_run,3654073,2424,caught,1,decode
5619,truncation,2309355,3366414,caught,1,decode
5620,header,661,1,SILENT,0,decode
5621,payload,5233675,1,SILENT,0,decode
5622,bit_flip,3717920,1,caught,1,decode
5623,random_bytes,2569643,15,caught,1,decode
5624,zeroed_run,886841,277,caught,1,decode
5625,truncation,5279929,395840,caught,1,decode
5626,header,516,1,SILENT,0,decode
5627,payload,2172183,1,SILENT,0,decode
5628,bit_flip,3148470,1,caught,1,decode
5629,random_bytes,2037535,7,caught,1,decode
5630,zeroed_run,1615961,3976,caught,1,decode
5631,truncation,329002,5346767,caught,1,decode
5632,header,1001,1,SILENT,0,decode
5633,payload,500120,1,SILENT,0,decode
5634,bit_flip,5274526,1,caught,1,decode
5635,random_bytes,3136571,4,caught,1,decode
5636,zeroed_run,980080,4055,caught,1,decode
5637,truncation,2399502,3276267,caught,1,decode
5638,header,959,1,SILENT,0,decode
5639,payload,1989266,1,caught,1,decode
5640,bit_flip,692616,1,caught,1,decode
5641,random_bytes,384814,11,caught,1,decode
5642,zeroed_run,2891307,159,caught,1,decode
5643,truncation,1155077,4520692,caught,1,decode
5644,header,817,1,SILENT,0,decode
5645,payload,1334740,1,SILENT,0,decode
5646,bit_flip,3736773,1,SILENT,0,decode
5647,random_bytes,1084262,7,caught,1,decode
5648,zeroed_run,5542615,3095,caught,1,decode
5649,truncation,2609977,3065792,caught,1,decode
5650,header,14,1,caught,1,decode
5651,payload,1081588,1,SILENT,0,decode
5652,bit_flip,1531946,1,SILENT,0,decode
5653,random_bytes,914404,9,caught,1,decode
5654,zeroed_run,658197,3334,caught,1,decode
5655,truncation,2971988,2703781,caught,1,decode
5656,header,789,1,SILENT,0,decode
5657,payload,3166889,1,caught,1,decode
5658,bit_flip,4494764,1,caught,1,decode
5659,random_bytes,2424758,2,SILENT,0,decode
5660,zeroed_run,787632,3462,caught,1,decode
5661,truncation,108503,5567266,caught,1,decode
5662,header,749,1,SILENT,0,decode
5663,payload,5281871,1,SILENT,0,decode
5664,bit_flip,1807957,1,SILENT,0,decode
5665,random_bytes,4990194,1,SILENT,0,decode
5666,zeroed_run,1949954,1618,caught,1,decode
5667,truncation,4692875,982894,caught,1,decode
5668,header,21,1,SILENT,0,decode
5669,payload,2142394,1,SILENT,0,decode
5670,bit_flip,1236280,1,SILENT,0,decode
5671,random_bytes,4339554,12,caught,1,decode
5672,zeroed_run,3043460,220,caught,1,decode
5673,truncation,3368824,2306945,caught,1,decode
5674,header,397,1,SILENT,0,decode
5675,payload,533216,1,SILENT,0,decode
5676,bit_flip,4164332,1,SILENT,0,decode
5677,random_bytes,1242707,4,caught,1,decode
5678,zeroed_run,2982012,2231,caught,1,decode
5679,truncation,5624154,51615,caught,1,decode
5680,header,909,1,SILENT,0,decode
5681,payload,2061400,1,SILENT,0,decode
5682,bit_flip,4666892,1,SILENT,0,decode
5683,random_bytes,5122056,6,caught,1,decode
5684,zeroed_run,2261841,503,caught,1,decode
5685,truncation,2143233,3532536,caught,1,decode
5686,header,1018,1,SILENT,0,decode
5687,payload,3863999,1,SILENT,0,decode
5688,bit_flip,1345064,1,caught,1,decode
5689,random_bytes,3456358,13,caught,1,decode
5690,zeroed_run,1506567,3708,caught,1,decode
5691,truncation,4984906,690863,caught,1,decode
5692,header,59,1,caught,1,decode
5693,payload,4733161,1,SILENT,0,decode
5694,bit_flip,2308309,1,SILENT,0,decode
5695,random_bytes,3878569,6,caught,1,decode
5696,zeroed_run,5267186,1893,caught,1,decode
5697,truncation,1621667,4054102,caught,1,decode
5698,header,73,1,SILENT,0,decode
5699,payload,3393993,1,caught,1,decode
5700,bit_flip,1742254,1,SILENT,0,decode
5701,random_bytes,4907185,8,caught,1,decode
5702,zeroed_run,4341543,3314,caught,1,decode
5703,truncation,2269293,3406476,caught,1,decode
5704,header,947,1,SILENT,0,decode
5705,payload,4131954,1,caught,1,decode
5706,bit_flip,111865,1,SILENT,0,decode
5707,random_bytes,1616853,6,caught,1,decode
5708,zeroed_run,1044296,1222,caught,1,decode
5709,truncation,2324476,3351293,caught,1,decode
5710,header,971,1,SILENT,0,decode
5711,payload,1136407,1,SILENT,0,decode
5712,bit_flip,3265000,1,caught,1,decode
5713,random_bytes,2123838,11,caught,1,decode
5714,zeroed_run,875657,3407,caught,1,decode
5715,truncation,3982084,1693685,caught,1,decode
5716,header,992,1,SILENT,0,decode
5717,payload,5074799,1,SILENT,0,decode
5718,bit_flip,4982026,1,SILENT,0,decode
5719,random_bytes,1558292,16,caught,1,decode
5720,zeroed_run,5222466,258,caught,1,decode
5721,truncation,4396935,1278834,caught,1,decode
5722,header,40,1,SILENT,0,decode
5723,payload,3964226,1,SILENT,0,decode
5724,bit_flip,3003061,1,caught,1,decode
5725,random_bytes,3451333,10,SILENT,0,decode
5726,zeroed_run,1039790,4061,caught,1,decode
5727,truncation,2727175,2948594,caught,1,decode
5728,header,1006,1,SILENT,0,decode
5729,payload,514726,1,caught,1,decode
5730,bit_flip,5439116,1,SILENT,0,decode
5731,random_bytes,2858351,3,caught,1,decode
5732,zeroed_run,3004411,2782,caught,1,decode
5733,truncation,4881744,794025,caught,1,decode
5734,header,383,1,SILENT,0,decode
5735,payload,4675918,1,caught,1,decode
5736,bit_flip,3150341,1,SILENT,0,decode
5737,random_bytes,5007552,10,caught,1,decode
5738,zeroed_run,3848943,2574,caught,1,decode
5739,truncation,3455657,2220112,caught,1,decode
5740,header,407,1,SILENT,0,decode
5741,payload,1893206,1,SILENT,0,decode
5742,bit_flip,4667686,1,caught,1,decode
5743,random_bytes,565051,9,caught,1,decode
5744,zeroed_run,4022839,3863,caught,1,decode
5745,truncation,2096659,3579110,caught,1,decode
5746,header,858,1,caught,1,decode
5747,payload,754649,1,SILENT,0,decode
5748,bit_flip,4608905,1,SILENT,0,decode
5749,random_bytes,564410,4,caught,1,decode
5750,zeroed_run,3535021,2974,caught,1,decode
5751,truncation,465096,5210673,caught,1,decode
5752,header,672,1,SILENT,0,decode
5753,payload,1173342,1,caught,1,decode
5754,bit_flip,4653455,1,caught,1,decode
5755,random_bytes,5561039,8,caught,1,decode
5756,zeroed_run,935283,1484,caught,1,decode
5757,truncation,1118762,4557007,caught,1,decode
5758,header,526,1,SILENT,0,decode
5759,payload,4970095,1,SILENT,0,decode
5760,bit_flip,2177919,1,SILENT,0,decode
5761,random_bytes,4766884,3,caught,1,decode
5762,zeroed_run,495534,54,caught,1,decode
5763,truncation,4160417,1515352,caught,1,decode
5764,header,434,1,SILENT,0,decode
5765,payload,4779538,1,SILENT,0,decode
5766,bit_flip,3340835,1,SILENT,0,decode
5767,random_bytes,4755079,8,caught,1,decode
5768,zeroed_run,1253497,1264,caught,1,decode
5769,truncation,2583359,3092410,caught,1,decode
5770,header,771,1,SILENT,0,decode
5771,payload,5521630,1,SILENT,0,decode
5772,bit_flip,1428153,1,SILENT,0,decode
5773,random_bytes,1342486,3,caught,1,decode
5774,zeroed_run,4421416,3355,caught,1,decode
5775,truncation,1417995,4257774,caught,1,decode
5776,header,43,1,SILENT,0,decode
5777,payload,2256189,1,caught,1,decode
5778,bit_flip,874022,1,caught,1,decode
5779,random_bytes,4630649,16,caught,1,decode
5780,zeroed_run,1158595,2154,caught,1,decode
5781,truncation,224162,5451607,caught,1,decode
5782,header,383,1,SILENT,0,decode
5783,payload,374095,1,SILENT,0,decode
5784,bit_flip,2954338,1,SILENT,0,decode
5785,random_bytes,2808719,1,caught,1,decode
5786,zeroed_run,2775786,3088,caught,1,decode
5787,truncation,3940666,1735103,caught,1,decode
5788,header,439,1,SILENT,0,decode
5789,payload,3107529,1,SILENT,0,decode
5790,bit_flip,2932533,1,SILENT,0,decode
5791,random_bytes,5334065,8,caught,1,decode
5792,zeroed_run,424993,1589,caught,1,decode
5793,truncation,2424394,3251375,caught,1,decode
5794,header,1000,1,SILENT,0,decode
5795,payload,2161308,1,SILENT,0,decode
5796,bit_flip,4722279,1,SILENT,0,decode
5797,random_bytes,2959833,3,caught,1,decode
5798,zeroed_run,4587129,1654,caught,1,decode
5799,truncation,629542,5046227,caught,1,decode
5800,header,741,1,caught,1,decode
5801,payload,5200563,1,SILENT,0,decode
5802,bit_flip,5034020,1,SILENT,0,decode
5803,random_bytes,1087761,3,caught,1,decode
5804,zeroed_run,1946644,562,caught,1,decode
5805,truncation,1676778,3998991,caught,1,decode
5806,header,771,1,SILENT,0,decode
5807,payload,1200429,1,SILENT,0,decode
5808,bit_flip,5550200,1,caught,1,decode
5809,random_bytes,1333159,11,caught,1,decode
5810,zeroed_run,775672,4020,caught,1,decode
5811,truncation,1164551,4511218,caught,1,decode
5812,header,156,1,caught,1,decode
5813,payload,3588412,1,SILENT,0,decode
5814,bit_flip,4775883,1,SILENT,0,decode
5815,random_bytes,2425790,5,caught,1,decode
5816,zeroed_run,4914216,157,caught,1,decode
5817,truncation,4156151,1519618,caught,1,decode
5818,header,952,1,SILENT,0,decode
5819,payload,3098157,1,caught,1,decode
5820,bit_flip,2278975,1,SILENT,0,decode
5821,random_bytes,2161250,6,SILENT,0,decode
5822,zeroed_run,573617,1751,caught,1,decode
5823,truncation,4532512,1143257,caught,1,decode
5824,header,73,1,SILENT,0,decode
5825,payload,4106656,1,SILENT,0,decode
5826,bit_flip,5014893,1,SILENT,0,decode
5827,random_bytes,5649700,16,caught,1,decode
5828,zeroed_run,4096260,3409,caught,1,decode
5829,truncation,3395700,2280069,caught,1,decode
5830,header,584,1,SILENT,0,decode
5831,payload,1273949,1,SILENT,0,decode
5832,bit_flip,306983,1,SILENT,0,decode
5833,random_bytes,5332969,8,caught,1,decode
5834,zeroed_run,3341308,508,caught,1,decode
5835,truncation,148606,5527163,caught,1,decode
5836,header,508,1,SILENT,0,decode
5837,payload,3314918,1,caught,1,decode
5838,bit_flip,1144599,1,caught,1,decode
5839,random_bytes,3934159,16,caught,1,decode
5840,zeroed_run,2101440,3802,caught,1,decode
5841,truncation,1155052,4520717,caught,1,decode
5842,header,806,1,SILENT,0,decode
5843,payload,2066387,1,SILENT,0,decode
5844,bit_flip,4250866,1,caught,1,decode
5845,random_bytes,4430672,1,caught,1,decode
5846,zeroed_run,1012981,263,caught,1,decode
5847,truncation,3681796,1993973,caught,1,decode
5848,header,699,1,SILENT,0,decode
5849,payload,5252876,1,SILENT,0,decode
5850,bit_flip,5036781,1,caught,1,decode
5851,random_bytes,3566619,6,caught,1,decode
5852,zeroed_run,2398671,1557,caught,1,decode
5853,truncation,2458275,3217494,caught,1,decode
5854,header,944,1,SILENT,0,decode
5855,payload,858212,1,SILENT,0,decode
5856,bit_flip,832918,1,SILENT,0,decode
5857,random_bytes,4101639,13,caught,1,decode
5858,zeroed_run,3235750,2674,caught,1,decode
5859,truncation,359580,5316189,caught,1,decode
5860,header,682,1,SILENT,0,decode
5861,payload,4170608,1,SILENT,0,decode
5862,bit_flip,4233201,1,SILENT,0,decode
5863,random_bytes,1770717,8,caught,1,decode
5864,zeroed_run,4224028,383,caught,1,decode
5865,truncation,5220238,455531,caught,1,decode
5866,header,250,1,SILENT,0,decode
5867,payload,1353365,1,SILENT,0,decode
5868,bit_flip,2439402,1,SILENT,0,decode
5869,random_bytes,3472495,4,caught,1,decode
5870,zeroed_run,185008,1279,caught,1,decode
5871,truncation,2162080,3513689,caught,1,decode
5872,header,746,1,SILENT,0,decode
5873,payload,542956,1,SILENT,0,decode
5874,bit_flip,4096536,1,SILENT,0,decode
5875,random_bytes,5399903,11,caught,1,decode
5876,zeroed_run,5663950,3493,caught,1,decode
5877,truncation,3667122,2008647,caught,1,decode
5878,header,283,1,SILENT,0,decode
5879,payload,3597772,1,SILENT,0,decode
5880,bit_flip,3805034,1,SILENT,0,decode
5881,random_bytes,1387488,15,caught,1,decode
5882,zeroed_run,3996197,2415,caught,1,decode
5883,truncation,111200,5564569,caught,1,decode
5884,header,190,1,SILENT,0,decode
5885,payload,1774725,1,SILENT,0,decode
5886,bit_flip,2079403,1,SILENT,0,decode
5887,random_bytes,1965530,3,caught,1,decode
5888,zeroed_run,2096833,2787,caught,1,decode
5889,truncation,2735792,2939977,caught,1,decode
5890,header,54,1,SILENT,0,decode
5891,payload,5424181,1,caught,1,decode
5892,bit_flip,3756414,1,caught,1,decode
5893,random_bytes,1025988,11,caught,1,decode
5894,zeroed_run,117391,1546,caught,1,decode
5895,truncation,4211172,1464597,caught,1,decode
5896,header,843,1,SILENT,0,decode
5897,payload,2309883,1,SILENT,0,decode
5898,bit_flip,3108676,1,SILENT,0,decode
5899,random_bytes,275767,13,caught,1,decode
5900,zeroed_run,3911177,3978,caught,1,decode
5901,truncation,5436747,239022,caught,1,decode
5902,header,633,1,SILENT,0,decode
5903,payload,1752942,1,SILENT,0,decode
5904,bit_flip,341231,1,caught,1,decode
5905,random_bytes,3953920,16,caught,1,decode
5906,zeroed_run,939328,4035,caught,1,decode
5907,truncation,2459769,3216000,caught,1,decode
5908,header,125,1,SILENT,0,decode
5909,payload,2397134,1,SILENT,0,decode
5910,bit_flip,3297750,1,SILENT,0,decode
5911,random_bytes,16054,11,caught,1,decode
5912,zeroed_run,3577306,3317,caught,1,decode
5913,truncation,4884068,791701,caught,1,decode
5914,header,808,1,SILENT,0,decode
5915,payload,2794839,1,SILENT,0,decode
5916,bit_flip,288834,1,SILENT,0,decode
5917,random_bytes,4531130,14,caught,1,decode
5918,zeroed_run,4464615,2823,caught,1,decode
5919,truncation,4415767,1260002,caught,1,decode
5920,header,138,1,SILENT,0,decode
5921,payload,4228402,1,caught,1,decode
5922,bit_flip,1266165,1,SILENT,0,decode
5923,random_bytes,4745612,6,caught,1,decode
5924,zeroed_run,2824891,3377,caught,1,decode
5925,truncation,4065278,1610491,caught,1,decode
5926,header,87,1,SILENT,0,decode
5927,payload,2945619,1,SILENT,0,decode
5928,bit_flip,3229744,1,SILENT,0,decode
5929,random_bytes,3723820,9,caught,1,decode
5930,zeroed_run,4315498,2951,caught,1,decode
5931,truncation,1297120,4378649,caught,1,decode
5932,header,441,1,SILENT,0,decode
5933,payload,5409032,1,SILENT,0,decode
5934,bit_flip,5149872,1,SILENT,0,decode
5935,random_bytes,2742144,9,caught,1,decode
5936,zeroed_run,5052174,44,caught,1,decode
5937,truncation,2783386,2892383,caught,1,decode
5938,header,702,1,SILENT,0,decode
5939,payload,3559326,1,SILENT,0,decode
5940,bit_flip,3073048,1,caught,1,decode
5941,random_bytes,4310341,14,caught,1,decode
5942,zeroed_run,5532105,1561,caught,1,decode
5943,truncation,354082,5321687,caught,1,decode
5944,header,39,1,caught,1,decode
5945,payload,1336414,1,SILENT,0,decode
5946,bit_flip,678769,1,SILENT,0,decode
5947,random_bytes,4812790,16,caught,1,decode
5948,zeroed_run,1375581,1453,caught,1,decode
5949,truncation,3018622,2657147,caught,1,decode
5950,header,642,1,SILENT,0,decode
5951,payload,5526583,1,caught,1,decode
5952,bit_flip,3676813,1,SILENT,0,decode
5953,random_bytes,5083028,14,caught,1,decode
5954,zeroed_run,10286,1475,caught,1,decode
5955,truncation,2047035,3628734,caught,1,decode
5956,header,771,1,SILENT,0,decode
5957,payload,2559533,1,SILENT,0,decode
5958,bit_flip,2578372,1,SILENT,0,decode
5959,random_bytes,2350008,15,caught,1,decode
5960,zeroed_run,2910083,1879,caught,1,decode
5961,truncation,4933120,742649,caught,1,decode
5962,header,920,1,SILENT,0,decode
5963,payload,415166,1,SILENT,0,decode
5964,bit_flip,5205773,1,SILENT,0,decode
5965,random_bytes,2147820,9,caught,1,decode
5966,zeroed_run,2068558,514,caught,1,decode
5967,truncation,5259990,415779,caught,1,decode
5968,header,846,1,SILENT,0,decode
5969,payload,4097288,1,caught,1,decode
5970,bit_flip,408940,1,caught,1,decode
5971,random_bytes,217751,8,caught,1,decode
5972,zeroed_run,380145,1630,caught,1,decode
5973,truncation,1552635,4123134,caught,1,decode
5974,header,770,1,SILENT,0,decode
5975,payload,2671466,1,caught,1,decode
5976,bit_flip,5311433,1,caught,1,decode
5977,random_bytes,5249184,10,caught,1,decode
5978,zeroed_run,4401418,2047,caught,1,decode
5979,truncation,305053,5370716,caught,1,decode
5980,header,34,1,SILENT,0,decode
5981,payload,1076370,1,SILENT,0,decode
5982,bit_flip,1212145,1,SILENT,0,decode
5983,random_bytes,4230805,2,caught,1,decode
5984,zeroed_run,1648025,3817,caught,1,decode
5985,truncation,2868455,2807314,caught,1,decode
5986,header,490,1,SILENT,0,decode
5987,payload,1620865,1,SILENT,0,decode
5988,bit_flip,1303100,1,SILENT,0,decode
5989,random_bytes,2673910,2,SILENT,0,decode
5990,zeroed_run,4682621,2945,caught,1,decode
5991,truncation,3321129,2354640,caught,1,decode
5992,header,236,1,SILENT,0,decode
5993,payload,158105,1,caught,1,decode
5994,bit_flip,1845849,1,SILENT,0,decode
5995,random_bytes,162191,16,caught,1,decode
5996,zeroed_run,2924067,2148,caught,1,decode
5997,truncation,3830619,1845150,caught,1,decode
5998,header,794,1,caught,1,decode
5999,payload,750145,1,SILENT,0,decode
6000,bit_flip,338700,1,SILENT,0,decode
6001,random_bytes,619295,9,caught,1,decode
6002,zeroed_run,35556,3414,caught,1,decode
6003,truncation,5480434,195335,caught,1,decode
6004,header,8,1,caught,1,decode
6005,payload,3306345,1,SILENT,0,decode
6006,bit_flip,2542336,1,SILENT,0,decode
6007,random_bytes,1380762,16,caught,1,decode
6008,zeroed_run,3511991,3193,caught,1,decode
6009,truncation,3845093,1830676,caught,1,decode
6010,header,683,1,SILENT,0,decode
6011,payload,2374141,1,SILENT,0,decode
6012,bit_flip,2118049,1,SILENT,0,decode
6013,random_bytes,4714967,14,caught,1,decode
6014,zeroed_run,2180500,1763,caught,1,decode
6015,truncation,5328387,347382,caught,1,decode
6016,header,545,1,caught,1,decode
6017,payload,2613950,1,SILENT,0,decode
6018,bit_flip,3851571,1,SILENT,0,decode
6019,random_bytes,3270877,9,caught,1,decode
6020,zeroed_run,872439,1856,caught,1,decode
6021,truncation,4792358,883411,caught,1,decode
6022,header,111,1,SILENT,0,decode
6023,payload,222109,1,SILENT,0,decode
6024,bit_flip,3585215,1,SILENT,0,decode
6025,random_bytes,785692,11,caught,1,decode
6026,zeroed_run,2910005,3530,caught,1,decode
6027,truncation,3429925,2245844,caught,1,decode
6028,header,859,1,SILENT,0,decode
6029,payload,4660959,1,SILENT,0,decode
6030,bit_flip,3506681,1,caught,1,decode
6031,random_bytes,88209,15,caught,1,decode
6032,zeroed_run,1470077,2380,caught,1,decode
6033,truncation,4971371,704398,caught,1,decode
6034,header,850,1,SILENT,0,decode
6035,payload,2388411,1,SILENT,0,decode
6036,bit_flip,3354350,1,SILENT,0,decode
6037,random_bytes,856513,9,caught,1,decode
6038,zeroed_run,5093451,3737,caught,1,decode
6039,truncation,433652,5242117,caught,1,decode
6040,header,569,1,SILENT,0,decode
6041,payload,1653804,1,SILENT,0,decode
6042,bit_flip,3913607,1,SILENT,0,decode
6043,random_bytes,2400515,4,caught,1,decode
6044,zeroed_run,3227140,2120,caught,1,decode
6045,truncation,2354511,3321258,caught,1,decode
6046,header,591,1,SILENT,0,decode
6047,payload,5215343,1,caught,1,decode
6048,bit_flip,3528698,1,SILENT,0,decode
6049,random_bytes,2238449,16,caught,1,decode
6050,zeroed_run,1920106,2786,caught,1,decode
6051,truncation,1909849,3765920,caught,1,decode
6052,header,174,1,SILENT,0,decode
6053,payload,3209831,1,SILENT,0,decode
6054,bit_flip,2009925,1,caught,1,decode
6055,random_bytes,59762,2,caught,1,decode
6056,zeroed_run,768281,1753,caught,1,decode
6057,truncation,3242826,2432943,caught,1,decode
6058,header,386,1,caught,1,decode
6059,payload,3347789,1,SILENT,0,decode
6060,bit_flip,4125429,1,caught,1,decode
6061,random_bytes,5463899,6,caught,1,decode
6062,zeroed_run,235468,2856,caught,1,decode
6063,truncation,602277,5073492,caught,1,decode
6064,header,508,1,SILENT,0,decode
6065,payload,3731712,1,caught,1,decode
6066,bit_flip,4893792,1,caught,1,decode
6067,random_bytes,1513937,11,caught,1,decode
6068,zeroed_run,783063,977,caught,1,decode
6069,truncation,2104448,3571321,caught,1,decode
6070,header,279,1,SILENT,0,decode
6071,payload,4543943,1,SILENT,0,decode
6072,bit_flip,822847,1,caught,1,decode
6073,random_bytes,3673158,12,caught,1,decode
6074,zeroed_run,5098516,1366,caught,1,decode
6075,truncation,4201681,1474088,caught,1,decode
6076,header,215,1,caught,1,decode
6077,payload,5256553,1,caught,1,decode
6078,bit_flip,2315729,1,caught,1,decode
6079,random_bytes,4028715,3,caught,1,decode
6080,zeroed_run,4630291,1320,caught,1,decode
6081,truncation,3138,5672631,caught,1,decode
6082,header,464,1,SILENT,0,decode
6083,payload,3907841,1,SILENT,0,decode
6084,bit_flip,3678387,1,SILENT,0,decode
6085,random_bytes,4231625,12,caught,1,decode
6086,zeroed_run,3110610,2862,caught,1,decode
6087,truncation,3892606,1783163,caught,1,decode
6088,header,939,1,caught,1,decode
6089,payload,2096616,1,SILENT,0,decode
6090,bit_flip,5425840,1,caught,1,decode
6091,random_bytes,2376472,8,caught,1,decode
6092,zeroed_run,1725,2760,caught,1,decode
6093,truncation,3728935,1946834,caught,1,decode
6094,header,424,1,SILENT,0,decode
6095,payload,407404,1,caught,1,decode
6096,bit_flip,2128575,1,SILENT,0,decode
6097,random_bytes,3862713,16,caught,1,decode
6098,zeroed_run,5606134,2613,caught,1,decode
6099,truncation,1285044,4390725,caught,1,decode
6100,header,665,1,SILENT,0,decode
6101,payload,222567,1,caught,1,decode
6102,bit_flip,600012,1,caught,1,decode
6103,random_bytes,4407413,1,SILENT,0,decode
6104,zeroed_run,1785304,2143,caught,1,decode
6105,truncation,694052,4981717,caught,1,decode
6106,header,972,1,SILENT,0,decode
6107,payload,3402274,1,SILENT,0,decode
6108,bit_flip,1144039,1,SILENT,0,decode
6109,random_bytes,701701,12,caught,1,decode
6110,zeroed_run,3985181,683,caught,1,decode
6111,truncation,3314827,2360942,caught,1,decode
6112,header,184,1,SILENT,0,decode
6113,payload,1861723,1,caught,1,decode
6114,bit_flip,4606746,1,SILENT,0,decode
6115,random_bytes,5583031,16,caught,1,decode
6116,zeroed_run,1585789,393,caught,1,decode
6117,truncation,2236210,3439559,caught,1,decode
6118,header,201,1,SILENT,0,decode
6119,payload,4521883,1,SILENT,0,decode
6120,bit_flip,4798537,1,SILENT,0,decode
6121,random_bytes,4213542,8,caught,1,decode
6122,zeroed_run,419759,1983,caught,1,decode
6123,truncation,1858994,3816775,caught,1,decode
6124,header,329,1,SILENT,0,decode
6125,payload,3323355,1,SILENT,0,decode
6126,bit_flip,3216266,1,caught,1,decode
6127,random_bytes,1660039,7,caught,1,decode
6128,zeroed_run,729160,2445,caught,1,decode
6129,truncation,838444,4837325,caught,1,decode
6130,header,382,1,SILENT,0,decode
6131,payload,629658,1,caught,1,decode
6132,bit_flip,2706734,1,SILENT,0,decode
6133,random_bytes,5503542,12,caught,1,decode
6134,zeroed_run,1952740,378,caught,1,decode
6135,truncation,3353330,2322439,caught,1,decode
6136,header,973,1,SILENT,0,decode
6137,payload,1912469,1,SILENT,0,decode
6138,bit_flip,2427897,1,caught,1,decode
6139,random_bytes,4632794,5,caught,1,decode
6140,zeroed_run,949876,1224,caught,1,decode
6141,truncation,3977348,1698421,caught,1,decode
6142,header,423,1,SILENT,0,decode
6143,payload,3624816,1,SILENT,0,decode
6144,bit_flip,1884898,1,SILENT,0,decode
6145,random_bytes,4676653,3,caught,1,decode
6146,zeroed_run,2473390,1479,caught,1,decode
6147,truncation,5587817,87952,caught,1,decode
6148,header,512,1,SILENT,0,decode
6149,payload,4157847,1,SILENT,0,decode
6150,bit_flip,4838479,1,SILENT,0,decode
6151,random_bytes,1294136,4,caught,1,decode
6152,zeroed_run,5034421,273,caught,1,decode
6153,truncation,3685961,1989808,caught,1,decode
6154,header,731,1,SILENT,0,decode
6155,payload,4425667,1,SILENT,0,decode
6156,bit_flip,4674414,1,SILENT,0,decode
6157,random_bytes,4649712,3,SILENT,0,decode
6158,zeroed_run,4248960,3500,caught,1,decode
6159,truncation,3580992,2094777,caught,1,decode
6160,header,95,1,caught,1,decode
6161,payload,2132654,1,SILENT,0,decode
6162,bit_flip,4349749,1,caught,1,decode
6163,random_bytes,776412,11,caught,1,decode
6164,zeroed_run,4726989,1309,caught,1,decode
6165,truncation,921242,4754527,caught,1,decode
6166,header,5,1,caught,1,decode
6167,payload,5654111,1,SILENT,0,decode
6168,bit_flip,4119829,1,caught,1,decode
6169,random_bytes,1218807,15,caught,1,decode
6170,zeroed_run,78094,1039,caught,1,decode
6171,truncation,4927072,748697,caught,1,decode
6172,header,829,1,SILENT,0,decode
6173,payload,736479,1,SILENT,0,decode
6174,bit_flip,2151879,1,SILENT,0,decode
6175,random_bytes,4735049,6,caught,1,decode
6176,zeroed_run,2221647,2331,caught,1,decode
6177,truncation,1220343,4455426,caught,1,decode
6178,header,147,1,SILENT,0,decode
6179,payload,1989844,1,caught,1,decode
6180,bit_flip,5336648,1,caught,1,decode
6181,random_bytes,3813545,5,caught,1,decode
6182,zeroed_run,4318204,575,caught,1,decode
6183,truncation,1272096,4403673,caught,1,decode
6184,header,579,1,SILENT,0,decode
6185,payload,396461,1,SILENT,0,decode
6186,bit_flip,4616155,1,SILENT,0,decode
6187,random_bytes,2290728,3,caught,1,decode
6188,zeroed_run,3094781,156,caught,1,decode
6189,truncation,3266868,2408901,caught,1,decode
6190,header,993,1,SILENT,0,decode
6191,payload,559499,1,caught,1,decode
6192,bit_flip,1834536,1,SILENT,0,decode
6193,random_bytes,4024635,13,caught,1,decode
6194,zeroed_run,3817840,2320,caught,1,decode
6195,truncation,954386,4721383,caught,1,decode
6196,header,802,1,SILENT,0,decode
6197,payload,791595,1,SILENT,0,decode
6198,bit_flip,1264125,1,SILENT,0,decode
6199,random_bytes,2696379,7,caught,1,decode
6200,zeroed_run,4842892,3240,caught,1,decode
6201,truncation,2678441,2997328,caught,1,decode
6202,header,432,1,SILENT,0,decode
6203,payload,1254168,1,caught,1,decode
6204,bit_flip,2265303,1,SILENT,0,decode
6205,random_bytes,3622362,11,caught,1,decode
6206,zeroed_run,3059093,507,caught,1,decode
6207,truncation,4253033,1422736,caught,1,decode
6208,header,258,1,SILENT,0,decode
6209,payload,2931967,1,SILENT,0,decode
6210,bit_flip,4765923,1,SILENT,0,decode
6211,random_bytes,4511074,14,caught,1,decode
6212,zeroed_run,3025005,429,caught,1,decode
6213,truncation,636761,5039008,caught,1,decode
6214,header,425,1,SILENT,0,decode
6215,payload,3926135,1,SILENT,0,decode
6216,bit_flip,3872471,1,SILENT,0,decode
6217,random_bytes,2455125,4,caught,1,decode
6218,zeroed_run,4450084,1121,caught,1,decode
6219,truncation,5267277,408492,caught,1,decode
6220,header,796,1,SILENT,0,decode
6221,payload,1427621,1,caught,1,decode
6222,bit_flip,4393022,1,SILENT,0,decode
6223,random_bytes,3870048,10,caught,1,decode
6224,zeroed_run,7921,140,caught,1,decode
6225,truncation,824870,4850899,caught,1,decode
6226,header,391,1,SILENT,0,decode
6227,payload,3842924,1,caught,1,decode
6228,bit_flip,5111900,1,SILENT,0,decode
6229,random_bytes,215736,13,caught,1,decode
6230,zeroed_run,2854378,2517,caught,1,decode
6231,truncation,2569199,3106570,caught,1,decode
6232,header,852,1,SILENT,0,decode
6233,payload,770311,1,SILENT,0,decode
6234,bit_flip,3800122,1,SILENT,0,decode
6235,random_bytes,3477958,3,caught,1,decode
6236,zeroed_run,1481810,1721,caught,1,decode
6237,truncation,23067,5652702,caught,1,decode
6238,header,856,1,SILENT,0,decode
6239,payload,4048543,1,SILENT,0,decode
6240,bit_flip,1046991,1,SILENT,0,decode
6241,random_bytes,5025814,14,caught,1,decode
6242,zeroed_run,521261,3128,caught,1,decode
6243,truncation,765448,4910321,caught,1,decode
6244,header,659,1,SILENT,0,decode
6245,payload,655339,1,caught,1,decode
6246,bit_flip,1845931,1,SILENT,0,decode
6247,random_bytes,5556894,12,caught,1,decode
6248,zeroed_run,4692483,255,caught,1,decode
6249,truncation,3789949,1885820,caught,1,decode
6250,header,593,1,SILENT,0,decode
6251,payload,3760234,1,caught,1,decode
6252,bit_flip,1081477,1,caught,1,decode
6253,random_bytes,3281374,5,caught,1,decode
6254,zeroed_run,817819,183,caught,1,decode
6255,truncation,4254462,1421307,caught,1,decode
6256,header,618,1,SILENT,0,decode
6257,payload,621228,1,SILENT,0,decode
6258,bit_flip,510198,1,SILENT,0,decode
6259,random_bytes,1052953,16,caught,1,decode
6260,zeroed_run,5203385,1619,caught,1,decode
6261,truncation,5105550,570219,caught,1,decode
6262,header,298,1,SILENT,0,decode
6263,payload,4137554,1,SILENT,0,decode
6264,bit_flip,5469595,1,SILENT,0,decode
6265,random_bytes,3786819,11,caught,1,decode
6266,zeroed_run,2142357,2674,caught,1,decode
6267,truncation,908409,4767360,caught,1,decode
6268,header,716,1,SILENT,0,decode
6269,payload,328535,1,SILENT,0,decode
6270,bit_flip,3542181,1,SILENT,0,decode
6271,random_bytes,814975,5,caught,1,decode
6272,zeroed_run,4450131,2831,caught,1,decode
6273,truncation,5166432,509337,caught,1,decode
6274,header,287,1,SILENT,0,decode
6275,payload,1429322,1,SILENT,0,decode
6276,bit_flip,4223092,1,caught,1,decode
6277,random_bytes,2071147,14,caught,1,decode
6278,zeroed_run,2357977,2133,caught,1,decode
6279,truncation,2018158,3657611,caught,1,decode
6280,header,341,1,SILENT,0,decode
6281,payload,1533249,1,caught,1,decode
6282,bit_flip,3812481,1,SILENT,0,decode
6283,random_bytes,616347,11,caught,1,decode
6284,zeroed_run,3097245,2830,caught,1,decode
6285,truncation,2162728,3513041,caught,1,decode
6286,header,769,1,SILENT,0,decode
6287,payload,2195682,1,SILENT,0,decode
6288,bit_flip,3925822,1,caught,1,decode
6289,random_bytes,2355488,1,caught,1,decode
6290,zeroed_run,4917144,2767,caught,1,decode
6291,truncation,5211862,463907,caught,1,decode
6292,header,816,1,SILENT,0,decode
6293,payload,1949095,1,SILENT,0,decode
6294,bit_flip,4125954,1,caught,1,decode
6295,random_bytes,4743575,7,caught,1,decode
6296,zeroed_run,2468465,3244,caught,1,decode
6297,truncation,3690383,1985386,caught,1,decode
6298,header,490,1,SILENT,0,decode
6299,payload,996200,1,SILENT,0,decode
6300,bit_flip,1862218,1,caught,1,decode
6301,random_bytes,4062832,16,caught,1,decode
6302,zeroed_run,3794350,3720,caught,1,decode
6303,truncation,5388608,287161,caught,1,decode
6304,header,55,1,SILENT,0,decode
6305,payload,3914781,1,SILENT,0,decode
6306,bit_flip,2842036,1,SILENT,0,decode
6307,random_bytes,2614390,7,caught,1,decode
6308,zeroed_run,1824947,1632,caught,1,decode
6309,truncation,4633312,1042457,caught,1,decode
6310,header,474,1,SILENT,0,decode
6311,payload,4341088,1,SILENT,0,decode
6312,bit_flip,2678356,1,SILENT,0,decode
6313,random_bytes,3513283,5,caught,1,decode
6314,zeroed_run,3879668,2984,caught,1,decode
6315,truncation,3148723,2527046,caught,1,decode
6316,header,790,1,SILENT,0,decode
6317,payload,1193797,1,SILENT,0,decode
6318,bit_flip,3065122,1,SILENT,0,decode
6319,random_bytes,3245445,14,caught,1,decode
6320,zeroed_run,3921701,3464,caught,1,decode
6321,truncation,4953329,722440,caught,1,decode
6322,header,809,1,SILENT,0,decode
6323,payload,2429159,1,caught,1,decode
6324,bit_flip,4523962,1,SILENT,0,decode
6325,random_bytes,2610389,7,caught,1,decode
6326,zeroed_run,3756949,3206,caught,1,decode
6327,truncation,2396151,3279618,caught,1,decode
6328,header,319,1,SILENT,0,decode
6329,payload,4494351,1,caught,1,decode
6330,bit_flip,4849074,1,SILENT,0,decode
6331,random_bytes,1047807,16,caught,1,decode
6332,zeroed_run,1940394,1791,caught,1,decode
6333,truncation,521623,5154146,caught,1,decode
6334,header,338,1,SILENT,0,decode
6335,payload,2177485,1,caught,1,decode
6336,bit_flip,1721110,1,SILENT,0,decode
6337,random_bytes,5403673,9,caught,1,decode
6338,zeroed_run,4977705,1406,caught,1,decode
6339,truncation,5159350,516419,caught,1,decode
6340,header,685,1,caught,1,decode
6341,payload,529219,1,caught,1,decode
6342,bit_flip,937720,1,SILENT,0,decode
6343,random_bytes,2805189,10,caught,1,decode
6344,zeroed_run,3487808,693,caught,1,decode
6345,truncation,478358,5197411,caught,1,decode
6346,header,135,1,SILENT,0,decode
6347,payload,2291148,1,SILENT,0,decode
6348,bit_flip,4018879,1,SILENT,0,decode
6349,random_bytes,956595,14,caught,1,decode
6350,zeroed_run,1314008,822,caught,1,decode
6351,truncation,1839059,3836710,caught,1,decode
6352,header,220,1,SILENT,0,decode
6353,payload,497216,1,SILENT,0,decode
6354,bit_flip,4831578,1,SILENT,0,decode
6355,random_bytes,4183358,14,caught,1,decode
6356,zeroed_run,4655197,1349,caught,1,decode
6357,truncation,3432358,2243411,caught,1,decode
6358,header,977,1,SILENT,0,decode
6359,payload,2426277,1,SILENT,0,decode
6360,bit_flip,2025795,1,SILENT,0,decode
6361,random_bytes,2384291,4,caught,1,decode
6362,zeroed_run,2536219,3606,caught,1,decode
6363,truncation,1366557,4309212,caught,1,decode
6364,header,95,1,SILENT,0,decode
6365,payload,4212249,1,SILENT,0,decode
6366,bit_flip,2143376,1,SILENT,0,decode
6367,random_bytes,5249995,12,caught,1,decode
6368,zeroed_run,1835745,351,caught,1,decode
6369,truncation,1941494,3734275,caught,1,decode
6370,header,763,1,SILENT,0,decode
6371,payload,5205590,1,caught,1,decode
6372,bit_flip,5068897,1,SILENT,0,decode
6373,random_bytes,4830515,3,SILENT,0,decode
6374,zeroed_run,4475054,2264,caught,1,decode
6375,truncation,144064,5531705,caught,1,decode
6376,header,273,1,caught,1,decode
6377,payload,4870591,1,SILENT,0,decode
6378,bit_flip,3854179,1,caught,1,decode
6379,random_bytes,1256700,1,SILENT,0,decode
6380,zeroed_run,3097558,3079,caught,1,decode
6381,truncation,2027216,3648553,caught,1,decode
6382,header,690,1,SILENT,0,decode
6383,payload,2912863,1,caught,1,decode
6384,bit_flip,3505552,1,SILENT,0,decode
6385,random_bytes,5351331,10,caught,1,decode
6386,zeroed_run,1218604,1517,caught,1,decode
6387,truncation,5465740,210029,caught,1,decode
6388,header,315,1,SILENT,0,decode
6389,payload,4719816,1,SILENT,0,decode
6390,bit_flip,5189183,1,caught,1,decode
6391,random_bytes,2549741,11,caught,1,decode
6392,zeroed_run,3933077,2835,caught,1,decode
6393,truncation,821822,4853947,caught,1,decode
6394,header,450,1,SILENT,0,decode
6395,payload,3307911,1,SILENT,0,decode
6396,bit_flip,5143558,1,caught,1,decode
6397,random_bytes,5622290,6,caught,1,decode
6398,zeroed_run,4623094,3529,caught,1,decode
6399,truncation,2861550,2814219,caught,1,decode
6400,header,834,1,SILENT,0,decode
6401,payload,245669,1,SILENT,0,decode
6402,bit_flip,2532406,1,SILENT,0,decode
6403,random_bytes,1839777,8,caught,1,decode
6404,zeroed_run,3664449,223,caught,1,decode
6405,truncation,1154067,4521702,caught,1,decode
6406,header,167,1,SILENT,0,decode
6407,payload,3642125,1,caught,1,decode
6408,bit_flip,4585819,1,caught,1,decode
6409,random_bytes,3422710,12,caught,1,decode
6410,zeroed_run,1551441,2087,caught,1,decode
6411,truncation,587513,5088256,caught,1,decode
6412,header,54,1,SILENT,0,decode
6413,payload,1160632,1,caught,1,decode
6414,bit_flip,2158646,1,caught,1,decode
6415,random_bytes,5350586,9,caught,1,decode
6416,zeroed_run,3377875,1587,caught,1,decode
6417,truncation,244324,5431445,caught,1,decode
6418,header,664,1,SILENT,0,decode
6419,payload,4029094,1,SILENT,0,decode
6420,bit_flip,4881787,1,SILENT,0,decode
6421,random_bytes,1666969,2,caught,1,decode
6422,zeroed_run,4343430,2554,caught,1,decode
6423,truncation,3911858,1763911,caught,1,decode
6424,header,467,1,SILENT,0,decode
6425,payload,2346521,1,SILENT,0,decode
6426,bit_flip,1980284,1,SILENT,0,decode
6427,random_bytes,1714146,9,caught,1,decode
6428,zeroed_run,360965,3732,caught,1,decode
6429,truncation,977097,4698672,caught,1,decode
6430,header,152,1,SILENT,0,decode
6431,payload,637446,1,SILENT,0,decode
6432,bit_flip,4340864,1,SILENT,0,decode
6433,random_bytes,1688156,11,caught,1,decode
6434,zeroed_run,4020938,1178,caught,1,decode
6435,truncation,3778800,1896969,caught,1,decode
6436,header,213,1,caught,1,decode
6437,payload,740002,1,SILENT,0,decode
6438,bit_flip,1366008,1,caught,1,decode
6439,random_bytes,1369172,9,caught,1,decode
6440,zeroed_run,3882827,2892,caught,1,decode
6441,truncation,4964619,711150,caught,1,decode
6442,header,806,1,SILENT,0,decode
6443,payload,154589,1,SILENT,0,decode
6444,bit_flip,4050562,1,caught,1,decode
6445,random_bytes,5438508,9,caught,1,decode
6446,zeroed_run,5446215,4017,caught,1,decode
6447,truncation,1441976,4233793,caught,1,decode
6448,header,442,1,SILENT,0,decode
6449,payload,5513767,1,SILENT,0,decode
6450,bit_flip,1251248,1,SILENT,0,decode
6451,random_bytes,4470783,8,SILENT,0,decode
6452,zeroed_run,1135511,158,caught,1,decode
6453,truncation,4621867,1053902,caught,1,decode
6454,header,313,1,SILENT,0,decode
6455,payload,5259020,1,caught,1,decode
6456,bit_flip,3636671,1,SILENT,0,decode
6457,random_bytes,2964126,4,caught,1,decode
6458,zeroed_run,4154823,2147,caught,1,decode
6459,truncation,2752273,2923496,caught,1,decode
6460,header,320,1,SILENT,0,decode
6461,payload,814020,1,SILENT,0,decode
6462,bit_flip,1046827,1,caught,1,decode
6463,random_bytes,3483115,1,caught,1,decode
6464,zeroed_run,4896603,609,caught,1,decode
6465,truncation,1692327,3983442,caught,1,decode
6466,header,27,1,caught,1,decode
6467,payload,673013,1,SILENT,0,decode
6468,bit_flip,538853,1,SILENT,0,decode
6469,random_bytes,4556650,12,caught,1,decode
6470,zeroed_run,1584775,227,caught,1,decode
6471,truncation,65280,5610489,caught,1,decode
6472,header,98,1,SILENT,0,decode
6473,payload,999438,1,SILENT,0,decode
6474,bit_flip,2031027,1,caught,1,decode
6475,random_bytes,5574812,13,caught,1,decode
6476,zeroed_run,2245827,1364,caught,1,decode
6477,truncation,4722804,952965,caught,1,decode
6478,header,863,1,SILENT,0,decode
6479,payload,3998018,1,caught,1,decode
6480,bit_flip,3359043,1,caught,1,decode
6481,random_bytes,3123159,4,caught,1,decode
6482,zeroed_run,320131,3633,caught,1,decode
6483,truncation,805429,4870340,caught,1,decode
6484,header,676,1,SILENT,0,decode
6485,payload,390176,1,caught,1,decode
6486,bit_flip,3090135,1,SILENT,0,decode
6487,random_bytes,650085,15,caught,1,decode
6488,zeroed_run,4569543,2626,caught,1,decode
6489,truncation,341272,5334497,caught,1,decode
6490,header,19,1,harmless,0,decode
6491,payload,1790198,1,SILENT,0,decode
6492,bit_flip,3373771,1,SILENT,0,decode
6493,random_bytes,1658623,9,caught,1,decode
6494,zeroed_run,3133017,3058,caught,1,decode
6495,truncation,4472032,1203737,caught,1,decode
6496,header,427,1,SILENT,0,decode
6497,payload,4908144,1,SILENT,0,decode
6498,bit_flip,1217991,1,SILENT,0,decode
6499,random_bytes,2343317,5,caught,1,decode
6500,zeroed_run,4948688,1656,caught,1,decode
6501,truncation,3852830,1822939,caught,1,decode
6502,header,216,1,SILENT,0,decode
6503,payload,5558986,1,SILENT,0,decode
6504,bit_flip,902794,1,SILENT,0,decode
6505,random_bytes,2705986,7,caught,1,decode
6506,zeroed_run,2870485,1237,caught,1,decode
6507,truncation,894034,4781735,caught,1,decode
6508,header,405,1,SILENT,0,decode
6509,payload,4681646,1,caught,1,decode
6510,bit_flip,1070024,1,SILENT,0,decode
6511,random_bytes,2197067,16,caught,1,decode
6512,zeroed_run,3213110,2347,caught,1,decode
6513,truncation,4415155,1260614,caught,1,decode
6514,header,851,1,SILENT,0,decode
6515,payload,2724242,1,SILENT,0,decode
6516,bit_flip,3510987,1,SILENT,0,decode
6517,random_bytes,2888763,10,caught,1,decode
6518,zeroed_run,4961621,2463,caught,1,decode
6519,truncation,4215431,1460338,caught,1,decode
6520,header,700,1,SILENT,0,decode
6521,payload,4189147,1,SILENT,0,decode
6522,bit_flip,303417,1,SILENT,0,decode
6523,random_bytes,2994135,15,caught,1,decode
6524,zeroed_run,4737162,1358,caught,1,decode
6525,truncation,979283,4696486,caught,1,decode
6526,header,505,1,SILENT,0,decode
6527,payload,992663,1,SILENT,0,decode
6528,bit_flip,357988,1,SILENT,0,decode
6529,random_bytes,4841944,9,caught,1,decode
6530,zeroed_run,4729843,1512,caught,1,decode
6531,truncation,5161052,514717,caught,1,decode
6532,header,745,1,SILENT,0,decode
6533,payload,3471881,1,caught,1,decode
6534,bit_flip,1520338,1,SILENT,0,decode
6535,random_bytes,2850903,1,SILENT,0,decode
6536,zeroed_run,3717968,3065,caught,1,decode
6537,truncation,5115308,560461,caught,1,decode
6538,header,333,1,SILENT,0,decode
6539,payload,4611194,1,SILENT,0,decode
6540,bit_flip,1674577,1,SILENT,0,decode
6541,random_bytes,3409979,12,caught,1,decode
6542,zeroed_run,2053083,3895,caught,1,decode
6543,truncation,2059555,3616214,caught,1,decode
6544,header,470,1,SILENT,0,decode
6545,payload,1963497,1,SILENT,0,decode
6546,bit_flip,3673052,1,SILENT,0,decode
6547,random_bytes,5242135,10,caught,1,decode
6548,zeroed_run,2106019,938,caught,1,decode
6549,truncation,855223,4820546,caught,1,decode
6550,header,513,1,caught,1,decode
6551,payload,4456119,1,caught,1,decode
6552,bit_flip,2254287,1,SILENT,0,decode
6553,random_bytes,1705835,13,caught,1,decode
6554,zeroed_run,701017,3436,caught,1,decode
6555,truncation,4010383,1665386,caught,1,decode
6556,header,490,1,SILENT,0,decode
6557,payload,3836669,1,SILENT,0,decode
6558,bit_flip,195648,1,SILENT,0,decode
6559,random_bytes,561670,2,caught,1,decode
6560,zeroed_run,338110,857,caught,1,decode
6561,truncation,4948764,727005,caught,1,decode
6562,header,1002,1,SILENT,0,decode
6563,payload,3346056,1,SILENT,0,decode
6564,bit_flip,3057120,1,SILENT,0,decode
6565,random_bytes,5328214,12,caught,1,decode
6566,zeroed_run,4145809,2678,caught,1,decode
6567,truncation,4112070,1563699,caught,1,decode
6568,header,832,1,SILENT,0,decode
6569,payload,3813078,1,SILENT,0,decode
6570,bit_flip,1965988,1,SILENT,0,decode
6571,random_bytes,839733,8,caught,1,decode
6572,zeroed_run,5204532,2886,caught,1,decode
6573,truncation,5087762,588007,caught,1,decode
6574,header,931,1,SILENT,0,decode
6575,payload,5673924,1,SILENT,0,decode
6576,bit_flip,1353986,1,SILENT,0,decode
6577,random_bytes,5163490,14,caught,1,decode
6578,zeroed_run,5020975,877,caught,1,decode
6579,truncation,1577754,4098015,caught,1,decode
6580,header,459,1,SILENT,0,decode
6581,payload,1558361,1,caught,1,decode
6582,bit_flip,4535686,1,caught,1,decode
6583,random_bytes,820074,3,caught,1,decode
6584,zeroed_run,1895532,1609,caught,1,decode
6585,truncation,262087,5413682,caught,1,decode
6586,header,437,1,SILENT,0,decode
6587,payload,701653,1,SILENT,0,decode
6588,bit_flip,2754194,1,caught,1,decode
6589,random_bytes,973250,8,caught,1,decode
6590,zeroed_run,2612346,1471,caught,1,decode
6591,truncation,2209831,3465938,caught,1,decode
6592,header,639,1,SILENT,0,decode
6593,payload,3906670,1,SILENT,0,decode
6594,bit_flip,4837227,1,caught,1,decode
6595,random_bytes,335224,7,caught,1,decode
6596,zeroed_run,793226,390,caught,1,decode
6597,truncation,3249303,2426466,caught,1,decode
6598,header,224,1,SILENT,0,decode
6599,payload,3045775,1,SILENT,0,decode
6600,bit_flip,3402312,1,caught,1,decode
6601,random_bytes,4295616,2,caught,1,decode
6602,zeroed_run,2203051,3556,caught,1,decode
6603,truncation,5624126,51643,caught,1,decode
6604,header,80,1,SILENT,0,decode
6605,payload,1161014,1,SILENT,0,decode
6606,bit_flip,4888395,1,SILENT,0,decode
6607,random_bytes,1516161,1,SILENT,0,decode
6608,zeroed_run,4698628,483,caught,1,decode
6609,truncation,5082653,593116,caught,1,decode
6610,header,265,1,SILENT,0,decode
6611,payload,4276731,1,SILENT,0,decode
6612,bit_flip,1490303,1,SILENT,0,decode
6613,random_bytes,3122869,3,caught,1,decode
6614,zeroed_run,4872778,2193,caught,1,decode
6615,truncation,2442621,3233148,caught,1,decode
6616,header,845,1,SILENT,0,decode
6617,payload,3609624,1,caught,1,decode
6618,bit_flip,4003738,1,SILENT,0,decode
6619,random_bytes,4980798,11,caught,1,decode
6620,zeroed_run,1038987,2990,caught,1,decode
6621,truncation,1892929,3782840,caught,1,decode
6622,header,344,1,SILENT,0,decode
6623,payload,5561096,1,caught,1,decode
6624,bit_flip,362169,1,SILENT,0,decode
6625,random_bytes,714750,10,caught,1,decode
6626,zeroed_run,1296419,1420,caught,1,decode
6627,truncation,5095673,580096,caught,1,decode
6628,header,340,1,SILENT,0,decode
6629,payload,225667,1,caught,1,decode
6630,bit_flip,2908702,1,SILENT,0,decode
6631,random_bytes,1223235,2,caught,1,decode
6632,zeroed_run,2117207,2016,caught,1,decode
6633,truncation,3724808,1950961,caught,1,decode
6634,header,741,1,SILENT,0,decode
6635,payload,3284305,1,SILENT,0,decode
6636,bit_flip,167320,1,SILENT,0,decode
6637,random_bytes,4917000,12,caught,1,decode
6638,zeroed_run,4975973,3145,caught,1,decode
6639,truncation,4849018,826751,caught,1,decode
6640,header,489,1,SILENT,0,decode
6641,payload,4744203,1,SILENT,0,decode
6642,bit_flip,835736,1,SILENT,0,decode
6643,random_bytes,5520027,16,caught,1,decode
6644,zeroed_run,4165902,2015,caught,1,decode
6645,truncation,1090583,4585186,caught,1,decode
6646,header,228,1,SILENT,0,decode
6647,payload,1976683,1,SILENT,0,decode
6648,bit_flip,2824056,1,SILENT,0,decode
6649,random_bytes,243200,12,caught,1,decode
6650,zeroed_run,4112259,1136,caught,1,decode
6651,truncation,3085490,2590279,caught,1,decode
6652,header,371,1,SILENT,0,decode
6653,payload,3639379,1,caught,1,decode
6654,bit_flip,4465137,1,SILENT,0,decode
6655,random_bytes,1926753,9,caught,1,decode
6656,zeroed_run,1022197,502,caught,1,decode
6657,truncation,2886580,2789189,caught,1,decode
6658,header,505,1,caught,1,decode
6659,payload,5218861,1,SILENT,0,decode
6660,bit_flip,4662809,1,SILENT,0,decode
6661,random_bytes,1825175,8,caught,1,decode
6662,zeroed_run,2382502,2797,caught,1,decode
6663,truncation,4402511,1273258,caught,1,decode
6664,header,374,1,SILENT,0,decode
6665,payload,947005,1,SILENT,0,decode
6666,bit_flip,802132,1,caught,1,decode
6667,random_bytes,5454370,2,caught,1,decode
6668,zeroed_run,4273999,3915,caught,1,decode
6669,truncation,2779674,2896095,caught,1,decode
6670,header,646,1,SILENT,0,decode
6671,payload,5270493,1,SILENT,0,decode
6672,bit_flip,3600169,1,SILENT,0,decode
6673,random_bytes,5582190,12,caught,1,decode
6674,zeroed_run,4439484,2097,caught,1,decode
6675,truncation,114893,5560876,caught,1,decode
6676,header,346,1,SILENT,0,decode
6677,payload,3089510,1,SILENT,0,decode
6678,bit_flip,4976211,1,SILENT,0,decode
6679,random_bytes,3599108,11,caught,1,decode
6680,zeroed_run,4668294,273,caught,1,decode
6681,truncation,5580244,95525,caught,1,decode
6682,header,913,1,SILENT,0,decode
6683,payload,5136437,1,SILENT,0,decode
6684,bit_flip,3570962,1,caught,1,decode
6685,random_bytes,4701962,4,caught,1,decode
6686,zeroed_run,5504995,397,caught,1,decode
6687,truncation,5447754,228015,caught,1,decode
6688,header,173,1,SILENT,0,decode
6689,payload,3614329,1,SILENT,0,decode
6690,bit_flip,1739547,1,SILENT,0,decode
6691,random_bytes,563295,1,SILENT,0,decode
6692,zeroed_run,571847,1029,caught,1,decode
6693,truncation,461874,5213895,caught,1,decode
6694,header,305,1,SILENT,0,decode
6695,payload,2941142,1,SILENT,0,decode
6696,bit_flip,3306691,1,SILENT,0,decode
6697,random_bytes,2481363,6,caught,1,decode
6698,zeroed_run,1573252,2368,caught,1,decode
6699,truncation,957181,4718588,caught,1,decode
6700,header,215,1,SILENT,0,decode
6701,payload,2647553,1,SILENT,0,decode
6702,bit_flip,3264709,1,SILENT,0,decode
6703,random_bytes,1997199,14,caught,1,decode
6704,zeroed_run,5207704,1902,caught,1,decode
6705,truncation,1642888,4032881,caught,1,decode
6706,header,249,1,SILENT,0,decode
6707,payload,1884785,1,SILENT,0,decode
6708,bit_flip,2221042,1,SILENT,0,decode
6709,random_bytes,2898340,9,caught,1,decode
6710,zeroed_run,1065996,1571,caught,1,decode
6711,truncation,3305816,2369953,caught,1,decode
6712,header,388,1,SILENT,0,decode
6713,payload,820288,1,SILENT,0,decode
6714,bit_flip,692154,1,SILENT,0,decode
6715,random_bytes,4825397,5,caught,1,decode
6716,zeroed_run,1304349,1797,caught,1,decode
6717,truncation,2253299,3422470,caught,1,decode
6718,header,1008,1,SILENT,0,decode
6719,payload,1447833,1,SILENT,0,decode
6720,bit_flip,3686725,1,SILENT,0,decode
6721,random_bytes,5053659,16,SILENT,0,decode
6722,zeroed_run,129121,1378,caught,1,decode
6723,truncation,4234220,1441549,caught,1,decode
6724,header,510,1,caught,1,decode
6725,payload,3497875,1,SILENT,0,decode
6726,bit_flip,1611269,1,caught,1,decode
6727,random_bytes,4859423,4,caught,1,decode
6728,zeroed_run,166845,3180,caught,1,decode
6729,truncation,4181976,1493793,caught,1,decode
6730,header,514,1,SILENT,0,decode
6731,payload,5138829,1,SILENT,0,decode
6732,bit_flip,4329727,1,SILENT,0,decode
6733,random_bytes,1061746,15,caught,1,decode
6734,zeroed_run,3206854,3457,caught,1,decode
6735,truncation,3021738,2654031,caught,1,decode
6736,header,287,1,SILENT,0,decode
6737,payload,1980260,1,SILENT,0,decode
6738,bit_flip,3898443,1,caught,1,decode
6739,random_bytes,1113948,9,caught,1,decode
6740,zeroed_run,3471322,1215,caught,1,decode
6741,truncation,1190763,4485006,caught,1,decode
6742,header,921,1,SILENT,0,decode
6743,payload,5269222,1,SILENT,0,decode
6744,bit_flip,4473245,1,SILENT,0,decode
6745,random_bytes,4278461,16,caught,1,decode
6746,zeroed_run,5109808,245,caught,1,decode
6747,truncation,90741,5585028,caught,1,decode
6748,header,502,1,caught,1,decode
6749,payload,485353,1,SILENT,0,decode
6750,bit_flip,751957,1,SILENT,0,decode
6751,random_bytes,2502032,2,caught,1,decode
6752,zeroed_run,2615781,1410,caught,1,decode
6753,truncation,1197331,4478438,caught,1,decode
6754,header,366,1,SILENT,0,decode
6755,payload,2019172,1,caught,1,decode
6756,bit_flip,86970,1,SILENT,0,decode
6757,random_bytes,2980796,2,caught,1,decode
6758,zeroed_run,4805554,3101,caught,1,decode
6759,truncation,3158384,2517385,caught,1,decode
6760,header,580,1,SILENT,0,decode
6761,payload,5223009,1,SILENT,0,decode
6762,bit_flip,3775444,1,caught,1,decode
6763,random_bytes,2482249,11,caught,1,decode
6764,zeroed_run,3242065,3678,caught,1,decode
6765,truncation,5434982,240787,caught,1,decode
6766,header,152,1,SILENT,0,decode
6767,payload,5411683,1,SILENT,0,decode
6768,bit_flip,1464345,1,SILENT,0,decode
6769,random_bytes,3453936,7,caught,1,decode
6770,zeroed_run,889539,1262,caught,1,decode
6771,truncation,1313196,4362573,caught,1,decode
6772,header,465,1,SILENT,0,decode
6773,payload,1877847,1,SILENT,0,decode
6774,bit_flip,3010191,1,SILENT,0,decode
6775,random_bytes,1802139,15,caught,1,decode
6776,zeroed_run,4529545,3840,caught,1,decode
6777,truncation,4088791,1586978,caught,1,decode
6778,header,158,1,SILENT,0,decode
6779,payload,881493,1,SILENT,0,decode
6780,bit_flip,3226457,1,SILENT,0,decode
6781,random_bytes,3388199,9,caught,1,decode
6782,zeroed_run,1256118,2840,caught,1,decode
6783,truncation,1108595,4567174,caught,1,decode
6784,header,212,1,SILENT,0,decode
6785,payload,1756630,1,SILENT,0,decode
6786,bit_flip,2607401,1,caught,1,decode
6787,random_bytes,3728733,16,caught,1,decode
6788,zeroed_run,4973185,2110,caught,1,decode
6789,truncation,2608296,3067473,caught,1,decode
6790,header,118,1,SILENT,0,decode
6791,payload,5492386,1,SILENT,0,decode
6792,bit_flip,2818592,1,SILENT,0,decode
6793,random_bytes,3189757,4,caught,1,decode
6794,zeroed_run,3800484,2692,caught,1,decode
6795,truncation,4640363,1035406,caught,1,decode
6796,header,896,1,caught,1,decode
6797,payload,4788259,1,SILENT,0,decode
6798,bit_flip,5066501,1,SILENT,0,decode
6799,random_bytes,3339940,16,caught,1,decode
6800,zeroed_run,2878864,2020,caught,1,decode
6801,truncation,2714588,2961181,caught,1,decode
6802,header,24,1,caught,1,decode
6803,payload,5405094,1,SILENT,0,decode
6804,bit_flip,482994,1,SILENT,0,decode
6805,random_bytes,3022827,16,caught,1,decode
6806,zeroed_run,947413,1156,caught,1,decode
6807,truncation,1717157,3958612,caught,1,decode
6808,header,733,1,SILENT,0,decode
6809,payload,3489784,1,caught,1,decode
6810,bit_flip,4369784,1,caught,1,decode
6811,random_bytes,1776369,13,caught,1,decode
6812,zeroed_run,3693136,3620,caught,1,decode
6813,truncation,2270847,3404922,caught,1,decode
6814,header,327,1,SILENT,0,decode
6815,payload,3785030,1,SILENT,0,decode
6816,bit_flip,2775626,1,SILENT,0,decode
6817,random_bytes,5049361,4,caught,1,decode
6818,zeroed_run,755265,2417,caught,1,decode
6819,truncation,4244380,1431389,caught,1,decode
6820,header,936,1,caught,1,decode
6821,payload,2231675,1,SILENT,0,decode
6822,bit_flip,794840,1,SILENT,0,decode
6823,random_bytes,2888562,6,caught,1,decode
6824,zeroed_run,2072714,1724,caught,1,decode
6825,truncation,2589426,3086343,caught,1,decode
6826,header,1017,1,caught,1,decode
6827,payload,1121968,1,caught,1,decode
6828,bit_flip,1029743,1,caught,1,decode
6829,random_bytes,3053577,8,caught,1,decode
6830,zeroed_run,296479,1865,caught,1,decode
6831,truncation,5349579,326190,caught,1,decode
6832,header,926,1,SILENT,0,decode
6833,payload,5124620,1,SILENT,0,decode
6834,bit_flip,3828960,1,SILENT,0,decode
6835,random_bytes,5240791,7,caught,1,decode
6836,zeroed_run,2256024,1773,caught,1,decode
6837,truncation,1075,5674694,caught,1,decode
6838,header,620,1,SILENT,0,decode
6839,payload,1974455,1,SILENT,0,decode
6840,bit_flip,2294368,1,caught,1,decode
6841,random_bytes,4543777,4,caught,1,decode
6842,zeroed_run,4556518,2515,caught,1,decode
6843,truncation,518997,5156772,caught,1,decode
6844,header,245,1,SILENT,0,decode
6845,payload,392973,1,SILENT,0,decode
6846,bit_flip,1700457,1,caught,1,decode
6847,random_bytes,3164192,7,caught,1,decode
6848,zeroed_run,1368361,1113,caught,1,decode
6849,truncation,5182431,493338,caught,1,decode
6850,header,787,1,SILENT,0,decode
6851,payload,2828472,1,caught,1,decode
6852,bit_flip,5398351,1,SILENT,0,decode
6853,random_bytes,551349,10,caught,1,decode
6854,zeroed_run,3475424,2045,caught,1,decode
6855,truncation,4882540,793229,caught,1,decode
6856,header,39,1,SILENT,0,decode
6857,payload,469586,1,caught,1,decode
6858,bit_flip,4132792,1,SILENT,0,decode
6859,random_bytes,4530988,3,caught,1,decode
6860,zeroed_run,4254121,1078,caught,1,decode
6861,truncation,2850821,2824948,caught,1,decode
6862,header,20,1,SILENT,0,decode
6863,payload,5600421,1,caught,1,decode
6864,bit_flip,2383434,1,caught,1,decode
6865,random_bytes,5171191,16,caught,1,decode
6866,zeroed_run,3852865,2053,caught,1,decode
6867,truncation,3716365,1959404,caught,1,decode
6868,header,109,1,caught,1,decode
6869,payload,3276519,1,SILENT,0,decode
6870,bit_flip,2639869,1,SILENT,0,decode
6871,random_bytes,3475014,13,caught,1,decode
6872,zeroed_run,2083611,2189,caught,1,decode
6873,truncation,1090906,4584863,caught,1,decode
6874,header,735,1,SILENT,0,decode
6875,payload,3917443,1,SILENT,0,decode
6876,bit_flip,2751855,1,SILENT,0,decode
6877,random_bytes,1361556,9,caught,1,decode
6878,zeroed_run,489333,1005,caught,1,decode
6879,truncation,2090033,3585736,caught,1,decode
6880,header,1007,1,SILENT,0,decode
6881,payload,2030070,1,caught,1,decode
6882,bit_flip,4740512,1,SILENT,0,decode
6883,random_bytes,5585746,10,caught,1,decode
6884,zeroed_run,4916806,1615,caught,1,decode
6885,truncation,2927574,2748195,caught,1,decode
6886,header,571,1,SILENT,0,decode
6887,payload,4707792,1,SILENT,0,decode
6888,bit_flip,1458977,1,SILENT,0,decode
6889,random_bytes,5450802,8,caught,1,decode
6890,zeroed_run,4959757,2936,caught,1,decode
6891,truncation,3019107,2656662,caught,1,decode
6892,header,130,1,SILENT,0,decode
6893,payload,3756499,1,SILENT,0,decode
6894,bit_flip,3340361,1,SILENT,0,decode
6895,random_bytes,530743,8,caught,1,decode
6896,zeroed_run,2360205,2967,caught,1,decode
6897,truncation,3665642,2010127,caught,1,decode
6898,header,665,1,SILENT,0,decode
6899,payload,4892472,1,SILENT,0,decode
6900,bit_flip,817755,1,SILENT,0,decode
6901,random_bytes,4541684,16,caught,1,decode
6902,zeroed_run,2405067,258,caught,1,decode
6903,truncation,2267513,3408256,caught,1,decode
6904,header,454,1,SILENT,0,decode
6905,payload,1144426,1,caught,1,decode
6906,bit_flip,4878560,1,caught,1,decode
6907,random_bytes,4523982,14,caught,1,decode
6908,zeroed_run,3272936,2023,caught,1,decode
6909,truncation,4449609,1226160,caught,1,decode
6910,header,798,1,SILENT,0,decode
6911,payload,1823840,1,SILENT,0,decode
6912,bit_flip,3557489,1,SILENT,0,decode
6913,random_bytes,5488857,11,caught,1,decode
6914,zeroed_run,1587183,699,caught,1,decode
6915,truncation,5445311,230458,caught,1,decode
6916,header,971,1,SILENT,0,decode
6917,payload,2285483,1,SILENT,0,decode
6918,bit_flip,1519226,1,SILENT,0,decode
6919,random_bytes,2829255,6,caught,1,decode
6920,zeroed_run,4230879,2758,caught,1,decode
6921,truncation,4440550,1235219,caught,1,decode
6922,header,234,1,SILENT,0,decode
6923,payload,2565988,1,caught,1,decode
6924,bit_flip,2505811,1,SILENT,0,decode
6925,random_bytes,1328118,2,caught,1,decode
6926,zeroed_run,4177742,2695,caught,1,decode
6927,truncation,587525,5088244,caught,1,decode
6928,header,885,1,SILENT,0,decode
6929,payload,2359902,1,SILENT,0,decode
6930,bit_flip,1883294,1,caught,1,decode
6931,random_bytes,193472,15,caught,1,decode
6932,zeroed_run,3208231,2471,caught,1,decode
6933,truncation,3963999,1711770,caught,1,decode
6934,header,805,1,SILENT,0,decode
6935,payload,805456,1,SILENT,0,decode
6936,bit_flip,4705455,1,SILENT,0,decode
6937,random_bytes,86416,13,caught,1,decode
6938,zeroed_run,2191766,1009,caught,1,decode
6939,truncation,2577789,3097980,caught,1,decode
6940,header,204,1,SILENT,0,decode
6941,payload,3116933,1,caught,1,decode
6942,bit_flip,4632960,1,SILENT,0,decode
6943,random_bytes,2242395,8,caught,1,decode
6944,zeroed_run,4683476,2782,caught,1,decode
6945,truncation,1040561,4635208,caught,1,decode
6946,header,928,1,SILENT,0,decode
6947,payload,4872727,1,SILENT,0,decode
6948,bit_flip,5613807,1,caught,1,decode
6949,random_bytes,4308513,6,caught,1,decode
6950,zeroed_run,895619,496,caught,1,decode
6951,truncation,3773137,1902632,caught,1,decode
6952,header,892,1,caught,1,decode
6953,payload,1485860,1,SILENT,0,decode
6954,bit_flip,3423952,1,SILENT,0,decode
6955,random_bytes,16936,2,caught,1,decode
6956,zeroed_run,439210,2856,caught,1,decode
6957,truncation,1622508,4053261,caught,1,decode
6958,header,879,1,SILENT,0,decode
6959,payload,3910444,1,caught,1,decode
6960,bit_flip,3168688,1,SILENT,0,decode
6961,random_bytes,4169305,4,caught,1,decode
6962,zeroed_run,1486185,2825,caught,1,decode
6963,truncation,3102039,2573730,caught,1,decode
6964,header,875,1,SILENT,0,decode
6965,payload,2336871,1,SILENT,0,decode
6966,bit_flip,273934,1,SILENT,0,decode
6967,random_bytes,4290421,13,SILENT,0,decode
6968,zeroed_run,2673762,3349,caught,1,decode
6969,truncation,685793,4989976,caught,1,decode
6970,header,507,1,SILENT,0,decode
6971,payload,3859054,1,caught,1,decode
6972,bit_flip,366429,1,SILENT,0,decode
6973,random_bytes,4362231,13,caught,1,decode
6974,zeroed_run,2669131,1879,caught,1,decode
6975,truncation,735225,4940544,caught,1,decode
6976,header,86,1,SILENT,0,decode
6977,payload,1344207,1,SILENT,0,decode
6978,bit_flip,153937,1,caught,1,decode
6979,random_bytes,4230554,2,SILENT,0,decode
6980,zeroed_run,5671013,850,caught,1,decode
6981,truncation,3059941,2615828,caught,1,decode
6982,header,621,1,SILENT,0,decode
6983,payload,3814629,1,SILENT,0,decode
6984,bit_flip,4477057,1,caught,1,decode
6985,random_bytes,4776300,15,caught,1,decode
6986,zeroed_run,1998813,1828,caught,1,decode
6987,truncation,1045430,4630339,caught,1,decode
6988,header,908,1,SILENT,0,decode
6989,payload,4473764,1,SILENT,0,decode
6990,bit_flip,5408843,1,SILENT,0,decode
6991,random_bytes,4019900,2,SILENT,0,decode
6992,zeroed_run,3968700,228,caught,1,decode
6993,truncation,4256452,1419317,caught,1,decode
6994,header,334,1,SILENT,0,decode
6995,payload,5462502,1,SILENT,0,decode
6996,bit_flip,5581114,1,SILENT,0,decode
6997,random_bytes,4412356,9,caught,1,decode
6998,zeroed_run,2465616,3787,caught,1,decode
6999,truncation,1193998,4481771,caught,1,decode
7000,header,814,1,SILENT,0,decode
7001,payload,2344234,1,SILENT,0,decode
7002,bit_flip,3282722,1,SILENT,0,decode
7003,random_bytes,2601981,11,caught,1,decode
7004,zeroed_run,2952385,125,caught,1,decode
7005,truncation,2905282,2770487,caught,1,decode
7006,header,845,1,SILENT,0,decode
7007,payload,1907968,1,caught,1,decode
7008,bit_flip,5307296,1,caught,1,decode
7009,random_bytes,5473944,8,caught,1,decode
7010,zeroed_run,1893822,97,caught,1,decode
7011,truncation,816831,4858938,caught,1,decode
7012,header,720,1,SILENT,0,decode
7013,payload,4919203,1,SILENT,0,decode
7014,bit_flip,3809400,1,SILENT,0,decode
7015,random_bytes,5236455,12,caught,1,decode
7016,zeroed_run,3179385,963,caught,1,decode
7017,truncation,2244864,3430905,caught,1,decode
7018,header,365,1,SILENT,0,decode
7019,payload,5079593,1,SILENT,0,decode
7020,bit_flip,5441950,1,SILENT,0,decode
7021,random_bytes,3664199,10,caught,1,decode
7022,zeroed_run,105476,1146,caught,1,decode
7023,truncation,3511401,2164368,caught,1,decode
7024,header,992,1,SILENT,0,decode
7025,payload,3918543,1,SILENT,0,decode
7026,bit_flip,3094123,1,caught,1,decode
7027,random_bytes,4711892,16,caught,1,decode
7028,zeroed_run,523737,3366,caught,1,decode
7029,truncation,218179,5457590,caught,1,decode
7030,header,748,1,caught,1,decode
7031,payload,4269751,1,caught,1,decode
7032,bit_flip,3962997,1,SILENT,0,decode
7033,random_bytes,2887435,14,caught,1,decode
7034,zeroed_run,983553,1695,caught,1,decode
7035,truncation,4919522,756247,caught,1,decode
7036,header,426,1,SILENT,0,decode
7037,payload,3058771,1,SILENT,0,decode
7038,bit_flip,2654941,1,SILENT,0,decode
7039,random_bytes,4930842,5,caught,1,decode
7040,zeroed_run,1965443,2689,caught,1,decode
7041,truncation,5044203,631566,caught,1,decode
7042,header,692,1,SILENT,0,decode
7043,payload,5608504,1,SILENT,0,decode
7044,bit_flip,3564970,1,caught,1,decode
7045,random_bytes,1160555,16,caught,1,decode
7046,zeroed_run,2416594,3458,caught,1,decode
7047,truncation,1845459,3830310,caught,1,decode
7048,header,169,1,SILENT,0,decode
7049,payload,2739587,1,SILENT,0,decode
7050,bit_flip,2599414,1,caught,1,decode
7051,random_bytes,275915,12,caught,1,decode
7052,zeroed_run,4645768,1105,caught,1,decode
7053,truncation,171600,5504169,caught,1,decode
7054,header,275,1,SILENT,0,decode
7055,payload,1397312,1,SILENT,0,decode
7056,bit_flip,165249,1,caught,1,decode
7057,random_bytes,5303792,9,caught,1,decode
7058,zeroed_run,1439688,1028,caught,1,decode
7059,truncation,4956438,719331,caught,1,decode
7060,header,900,1,SILENT,0,decode
7061,payload,4895896,1,caught,1,decode
7062,bit_flip,5461189,1,caught,1,decode
7063,random_bytes,3601672,13,caught,1,decode
7064,zeroed_run,3877643,127,caught,1,decode
7065,truncation,299400,5376369,caught,1,decode
7066,header,162,1,caught,1,decode
7067,payload,4264413,1,SILENT,0,decode
7068,bit_flip,4203802,1,caught,1,decode
7069,random_bytes,4736981,2,caught,1,decode
7070,zeroed_run,4541731,3999,caught,1,decode
7071,truncation,4734735,941034,caught,1,decode
7072,header,996,1,SILENT,0,decode
7073,payload,3511000,1,caught,1,decode
7074,bit_flip,2801314,1,caught,1,decode
7075,random_bytes,2256602,2,SILENT,0,decode
7076,zeroed_run,4884265,2708,caught,1,decode
7077,truncation,433921,5241848,caught,1,decode
7078,header,85,1,SILENT,0,decode
7079,payload,3782994,1,SILENT,0,decode
7080,bit_flip,4751760,1,SILENT,0,decode
7081,random_bytes,4411761,12,caught,1,decode
7082,zeroed_run,5351398,3562,caught,1,decode
7083,truncation,1320784,4354985,caught,1,decode
7084,header,962,1,SILENT,0,decode
7085,payload,608018,1,caught,1,decode
7086,bit_flip,2107654,1,SILENT,0,decode
7087,random_bytes,1362947,13,caught,1,decode
7088,zeroed_run,3104800,406,caught,1,decode
7089,truncation,214624,5461145,caught,1,decode
7090,header,71,1,SILENT,0,decode
7091,payload,3019273,1,SILENT,0,decode
7092,bit_flip,74246,1,caught,1,decode
7093,random_bytes,2766682,4,caught,1,decode
7094,zeroed_run,3997862,3266,caught,1,decode
7095,truncation,3387066,2288703,caught,1,decode
7096,header,722,1,SILENT,0,decode
7097,payload,2751118,1,SILENT,0,decode
7098,bit_flip,2295373,1,caught,1,decode
7099,random_bytes,4651518,15,caught,1,decode
7100,zeroed_run,4770037,2035,caught,1,decode
7101,truncation,3451346,2224423,caught,1,decode
7102,header,380,1,SILENT,0,decode
7103,payload,949911,1,SILENT,0,decode
7104,bit_flip,4881619,1,SILENT,0,decode
7105,random_bytes,5011973,11,caught,1,decode
7106,zeroed_run,4583228,1508,caught,1,decode
7107,truncation,3999734,1676035,caught,1,decode
7108,header,324,1,SILENT,0,decode
7109,payload,4051555,1,caught,1,decode
7110,bit_flip,944516,1,SILENT,0,decode
7111,random_bytes,1469452,2,caught,1,decode
7112,zeroed_run,5495185,3049,caught,1,decode
7113,truncation,766199,4909570,caught,1,decode
7114,header,117,1,caught,1,decode
7115,payload,1570501,1,SILENT,0,decode
7116,bit_flip,348028,1,caught,1,decode
7117,random_bytes,2449573,6,caught,1,decode
7118,zeroed_run,3784650,2200,caught,1,decode
7119,truncation,5190731,485038,caught,1,decode
7120,header,154,1,caught,1,decode
7121,payload,3110703,1,caught,1,decode
7122,bit_flip,3615031,1,caught,1,decode
7123,random_bytes,3236145,5,caught,1,decode
7124,zeroed_run,5540301,3119,caught,1,decode
7125,truncation,1836800,3838969,caught,1,decode
7126,header,82,1,SILENT,0,decode
7127,payload,2657086,1,SILENT,0,decode
7128,bit_flip,4352211,1,SILENT,0,decode
7129,random_bytes,3635919,1,caught,1,decode
7130,zeroed_run,3015009,386,caught,1,decode
7131,truncation,1575241,4100528,caught,1,decode
7132,header,1007,1,SILENT,0,decode
7133,payload,412047,1,SILENT,0,decode
7134,bit_flip,582151,1,caught,1,decode
7135,random_bytes,1710098,12,caught,1,decode
7136,zeroed_run,2029477,4043,caught,1,decode
7137,truncation,82944,5592825,caught,1,decode
7138,header,727,1,SILENT,0,decode
7139,payload,261666,1,SILENT,0,decode
7140,bit_flip,5064158,1,SILENT,0,decode
7141,random_bytes,3867689,2,caught,1,decode
7142,zeroed_run,1107826,1380,caught,1,decode
7143,truncation,2835549,2840220,caught,1,decode
7144,header,118,1,SILENT,0,decode
7145,payload,3092514,1,SILENT,0,decode
7146,bit_flip,250459,1,SILENT,0,decode
7147,random_bytes,4707184,1,caught,1,decode
7148,zeroed_run,2231890,3057,caught,1,decode
7149,truncation,4881794,793975,caught,1,decode
7150,header,776,1,SILENT,0,decode
7151,payload,2523166,1,SILENT,0,decode
7152,bit_flip,1591007,1,SILENT,0,decode
7153,random_bytes,3269629,1,SILENT,0,decode
7154,zeroed_run,2811935,1079,caught,1,decode
7155,truncation,5020069,655700,caught,1,decode
7156,header,689,1,SILENT,0,decode
7157,payload,838179,1,caught,1,decode
7158,bit_flip,2171355,1,caught,1,decode
7159,random_bytes,761087,2,caught,1,decode
7160,zeroed_run,5344771,140,caught,1,decode
7161,truncation,1824157,3851612,caught,1,decode
7162,header,818,1,SILENT,0,decode
7163,payload,2474367,1,SILENT,0,decode
7164,bit_flip,2347939,1,caught,1,decode
7165,random_bytes,1814744,15,caught,1,decode
7166,zeroed_run,3777616,2590,caught,1,decode
7167,truncation,3654911,2020858,caught,1,decode
7168,header,615,1,SILENT,0,decode
7169,payload,5288077,1,caught,1,decode
7170,bit_flip,5183427,1,caught,1,decode
7171,random_bytes,515355,2,SILENT,0,decode
7172,zeroed_run,1096913,3881,caught,1,decode
7173,truncation,228529,5447240,caught,1,decode
7174,header,215,1,caught,1,decode
7175,payload,2085457,1,SILENT,0,decode
7176,bit_flip,20969,1,caught,1,decode
7177,random_bytes,2366128,16,caught,1,decode
7178,zeroed_run,915761,222,caught,1,decode
7179,truncation,700329,4975440,caught,1,decode
7180,header,1009,1,SILENT,0,decode
7181,payload,3533005,1,SILENT,0,decode
7182,bit_flip,4649373,1,caught,1,decode
7183,random_bytes,4374799,2,caught,1,decode
7184,zeroed_run,2429298,2616,caught,1,decode
7185,truncation,1039834,4635935,caught,1,decode
7186,header,957,1,SILENT,0,decode
7187,payload,2229312,1,caught,1,decode
7188,bit_flip,2439639,1,SILENT,0,decode
7189,random_bytes,2981219,8,caught,1,decode
7190,zeroed_run,4443769,4077,caught,1,decode
7191,truncation,4209981,1465788,caught,1,decode
7192,header,383,1,SILENT,0,decode
7193,payload,1108560,1,SILENT,0,decode
7194,bit_flip,3413977,1,caught,1,decode
7195,random_bytes,5541084,3,caught,1,decode
7196,zeroed_run,4778771,2143,caught,1,decode
7197,truncation,4903498,772271,caught,1,decode
7198,header,846,1,SILENT,0,decode
7199,payload,2566884,1,SILENT,0,decode
7200,bit_flip,2113494,1,SILENT,0,decode
7201,random_bytes,2594626,16,caught,1,decode
7202,zeroed_run,1618099,2128,caught,1,decode
7203,truncation,5125153,550616,caught,1,decode
7204,header,823,1,SILENT,0,decode
7205,payload,4289033,1,SILENT,0,decode
7206,bit_flip,2577441,1,caught,1,decode
7207,random_bytes,4312342,7,caught,1,decode
7208,zeroed_run,1128396,998,caught,1,decode
7209,truncation,1982211,3693558,caught,1,decode
7210,header,679,1,SILENT,0,decode
7211,payload,2073552,1,SILENT,0,decode
7212,bit_flip,4824413,1,caught,1,decode
7213,random_bytes,3630874,14,caught,1,decode
7214,zeroed_run,4781079,1546,caught,1,decode
7215,truncation,3472753,2203016,caught,1,decode
7216,header,948,1,SILENT,0,decode
7217,payload,486874,1,SILENT,0,decode
7218,bit_flip,706168,1,SILENT,0,decode
7219,random_bytes,5330234,12,caught,1,decode
7220,zeroed_run,4171959,385,caught,1,decode
7221,truncation,4903295,772474,caught,1,decode
7222,header,311,1,SILENT,0,decode
7223,payload,4725987,1,SILENT,0,decode
7224,bit_flip,5483743,1,caught,1,decode
7225,random_bytes,345234,2,caught,1,decode
7226,zeroed_run,4463291,3475,caught,1,decode
7227,truncation,2118719,3557050,caught,1,decode
7228,header,578,1,SILENT,0,decode
7229,payload,4168213,1,caught,1,decode
7230,bit_flip,2316791,1,caught,1,decode
7231,random_bytes,3765867,5,caught,1,decode
7232,zeroed_run,2501565,1495,caught,1,decode
7233,truncation,3572404,2103365,caught,1,decode
7234,header,808,1,SILENT,0,decode
7235,payload,3358064,1,SILENT,0,decode
7236,bit_flip,5031901,1,SILENT,0,decode
7237,random_bytes,2653094,16,caught,1,decode
7238,zeroed_run,409755,3566,caught,1,decode
7239,truncation,621222,5054547,caught,1,decode
7240,header,689,1,SILENT,0,decode
7241,payload,5368510,1,SILENT,0,decode
7242,bit_flip,3028446,1,SILENT,0,decode
7243,random_bytes,4090951,2,caught,1,decode
7244,zeroed_run,3060156,400,caught,1,decode
7245,truncation,5125317,550452,caught,1,decode
7246,header,233,1,SILENT,0,decode
7247,payload,4444046,1,SILENT,0,decode
7248,bit_flip,4954186,1,SILENT,0,decode
7249,random_bytes,976228,12,caught,1,decode
7250,zeroed_run,721425,2248,caught,1,decode
7251,truncation,2745002,2930767,caught,1,decode
7252,header,1004,1,SILENT,0,decode
7253,payload,4994492,1,SILENT,0,decode
7254,bit_flip,3752294,1,caught,1,decode
7255,random_bytes,201660,13,caught,1,decode
7256,zeroed_run,4708090,752,caught,1,decode
7257,truncation,3554867,2120902,caught,1,decode
7258,header,479,1,SILENT,0,decode
7259,payload,3221902,1,SILENT,0,decode
7260,bit_flip,129690,1,caught,1,decode
7261,random_bytes,1662462,12,caught,1,decode
7262,zeroed_run,2824434,2636,caught,1,decode
7263,truncation,4589910,1085859,caught,1,decode
7264,header,705,1,SILENT,0,decode
7265,payload,3757518,1,SILENT,0,decode
7266,bit_flip,547997,1,SILENT,0,decode
7267,random_bytes,2478899,6,caught,1,decode
7268,zeroed_run,3688512,2011,caught,1,decode
7269,truncation,1005408,4670361,caught,1,decode
7270,header,219,1,SILENT,0,decode
7271,payload,1803402,1,SILENT,0,decode
7272,bit_flip,5530898,1,caught,1,decode
7273,random_bytes,2653563,11,caught,1,decode
7274,zeroed_run,2270483,1836,caught,1,decode
7275,truncation,2603920,3071849,caught,1,decode
7276,header,454,1,caught,1,decode
7277,payload,4963208,1,SILENT,0,decode
7278,bit_flip,1525230,1,SILENT,0,decode
7279,random_bytes,4180513,5,caught,1,decode
7280,zeroed_run,2165058,740,caught,1,decode
7281,truncation,4913623,762146,caught,1,decode
7282,header,203,1,SILENT,0,decode
7283,payload,5105537,1,SILENT,0,decode
7284,bit_flip,1310799,1,SILENT,0,decode
7285,random_bytes,1693742,11,caught,1,decode
7286,zeroed_run,2742543,2849,caught,1,decode
7287,truncation,4915490,760279,caught,1,decode
7288,header,839,1,SILENT,0,decode
7289,payload,47089,1,caught,1,decode
7290,bit_flip,2389559,1,SILENT,0,decode
7291,random_bytes,1142906,12,caught,1,decode
7292,zeroed_run,340474,426,caught,1,decode
7293,truncation,2360320,3315449,caught,1,decode
7294,header,440,1,SILENT,0,decode
7295,payload,4985061,1,SILENT,0,decode
7296,bit_flip,375107,1,SILENT,0,decode
7297,random_bytes,1537466,10,caught,1,decode
7298,zeroed_run,2619066,1708,caught,1,decode
7299,truncation,2455685,3220084,caught,1,decode
7300,header,863,1,caught,1,decode
7301,payload,3175499,1,SILENT,0,decode
7302,bit_flip,803289,1,SILENT,0,decode
7303,random_bytes,1666455,1,caught,1,decode
7304,zeroed_run,5082972,819,caught,1,decode
7305,truncation,4381475,1294294,caught,1,decode
7306,header,691,1,SILENT,0,decode
7307,payload,5131841,1,caught,1,decode
7308,bit_flip,4596615,1,caught,1,decode
7309,random_bytes,3525100,3,caught,1,decode
7310,zeroed_run,3794412,2611,caught,1,decode
7311,truncation,1562281,4113488,caught,1,decode
7312,header,84,1,SILENT,0,decode
7313,payload,4659098,1,SILENT,0,decode
7314,bit_flip,3713608,1,caught,1,decode
7315,random_bytes,3746796,15,caught,1,decode
7316,zeroed_run,893294,2970,caught,1,decode
7317,truncation,4258359,1417410,caught,1,decode
7318,header,312,1,SILENT,0,decode
7319,payload,387910,1,SILENT,0,decode
7320,bit_flip,5151004,1,caught,1,decode
7321,random_bytes,2018817,14,caught,1,decode
7322,zeroed_run,1156129,2742,caught,1,decode
7323,truncation,17688,5658081,caught,1,decode
7324,header,514,1,caught,1,decode
7325,payload,5287671,1,SILENT,0,decode
7326,bit_flip,3938942,1,caught,1,decode
7327,random_bytes,1719050,13,caught,1,decode
7328,zeroed_run,2706901,2037,caught,1,decode
7329,truncation,3025943,2649826,caught,1,decode
7330,header,127,1,caught,1,decode
7331,payload,2627486,1,SILENT,0,decode
7332,bit_flip,2394280,1,caught,1,decode
7333,random_bytes,3766971,6,caught,1,decode
7334,zeroed_run,1328538,1326,caught,1,decode
7335,truncation,3638145,2037624,caught,1,decode
7336,header,812,1,SILENT,0,decode
7337,payload,3838906,1,SILENT,0,decode
7338,bit_flip,1253220,1,SILENT,0,decode
7339,random_bytes,1990723,9,caught,1,decode
7340,zeroed_run,1163837,2406,caught,1,decode
7341,truncation,468005,5207764,caught,1,decode
7342,header,817,1,SILENT,0,decode
7343,payload,532722,1,SILENT,0,decode
7344,bit_flip,2077533,1,SILENT,0,decode
7345,random_bytes,2121405,8,caught,1,decode
7346,zeroed_run,841676,2448,caught,1,decode
7347,truncation,5072792,602977,caught,1,decode
7348,header,776,1,SILENT,0,decode
7349,payload,1414802,1,SILENT,0,decode
7350,bit_flip,3102132,1,SILENT,0,decode
7351,random_bytes,2739538,11,caught,1,decode
7352,zeroed_run,2830813,3138,caught,1,decode
7353,truncation,3919502,1756267,caught,1,decode
7354,header,570,1,SILENT,0,decode
7355,payload,1327991,1,caught,1,decode
7356,bit_flip,1577875,1,SILENT,0,decode
7357,random_bytes,5028508,1,caught,1,decode
7358,zeroed_run,590418,673,caught,1,decode
7359,truncation,1349102,4326667,caught,1,decode
7360,header,246,1,SILENT,0,decode
7361,payload,3878388,1,SILENT,0,decode
7362,bit_flip,4583689,1,caught,1,decode
7363,random_bytes,2860132,2,caught,1,decode
7364,zeroed_run,5390485,1899,caught,1,decode
7365,truncation,2892043,2783726,caught,1,decode
7366,header,689,1,SILENT,0,decode
7367,payload,2886723,1,caught,1,decode
7368,bit_flip,524378,1,SILENT,0,decode
7369,random_bytes,3811330,8,caught,1,decode
7370,zeroed_run,5125734,3813,caught,1,decode
7371,truncation,3129541,2546228,caught,1,decode
7372,header,622,1,caught,1,decode
7373,payload,2593233,1,caught,1,decode
7374,bit_flip,1517357,1,SILENT,0,decode
7375,random_bytes,5422192,15,caught,1,decode
7376,zeroed_run,5358807,4078,caught,1,decode
7377,truncation,4708427,967342,caught,1,decode
7378,header,596,1,SILENT,0,decode
7379,payload,95437,1,caught,1,decode
7380,bit_flip,3309585,1,caught,1,decode
7381,random_bytes,505623,15,caught,1,decode
7382,zeroed_run,4505640,3412,caught,1,decode
7383,truncation,5502819,172950,caught,1,decode
7384,header,558,1,SILENT,0,decode
7385,payload,707575,1,caught,1,decode
7386,bit_flip,3995368,1,caught,1,decode
7387,random_bytes,2760512,3,caught,1,decode
7388,zeroed_run,5305449,3683,caught,1,decode
7389,truncation,3715524,1960245,caught,1,decode
7390,header,41,1,caught,1,decode
7391,payload,5064819,1,caught,1,decode
7392,bit_flip,859582,1,SILENT,0,decode
7393,random_bytes,3948036,7,caught,1,decode
7394,zeroed_run,5473196,445,caught,1,decode
7395,truncation,4587382,1088387,caught,1,decode
7396,header,385,1,SILENT,0,decode
7397,payload,4452478,1,SILENT,0,decode
7398,bit_flip,5944,1,SILENT,0,decode
7399,random_bytes,1870107,4,caught,1,decode
7400,zeroed_run,2797008,3756,caught,1,decode
7401,truncation,1087663,4588106,caught,1,decode
7402,header,212,1,SILENT,0,decode
7403,payload,2944215,1,SILENT,0,decode
7404,bit_flip,2130775,1,SILENT,0,decode
7405,random_bytes,2199369,5,caught,1,decode
7406,zeroed_run,2710473,22,caught,1,decode
7407,truncation,2638766,3037003,caught,1,decode
7408,header,219,1,SILENT,0,decode
7409,payload,2902887,1,SILENT,0,decode
7410,bit_flip,2119679,1,caught,1,decode
7411,random_bytes,2926433,5,caught,1,decode
7412,zeroed_run,250217,3150,caught,1,decode
7413,truncation,2264977,3410792,caught,1,decode
7414,header,598,1,SILENT,0,decode
7415,payload,2520463,1,caught,1,decode
7416,bit_flip,4717945,1,caught,1,decode
7417,random_bytes,2707326,7,caught,1,decode
7418,zeroed_run,3686757,2253,caught,1,decode
7419,truncation,2128693,3547076,caught,1,decode
7420,header,14,1,caught,1,decode
7421,payload,4561533,1,caught,1,decode
7422,bit_flip,4807878,1,SILENT,0,decode
7423,random_bytes,5511356,9,caught,1,decode
7424,zeroed_run,302916,2685,caught,1,decode
7425,truncation,1155859,4519910,caught,1,decode
7426,header,125,1,SILENT,0,decode
7427,payload,201381,1,SILENT,0,decode
7428,bit_flip,5401324,1,caught,1,decode
7429,random_bytes,723232,15,caught,1,decode
7430,zeroed_run,4587321,2430,caught,1,decode
7431,truncation,3691406,1984363,caught,1,decode
7432,header,833,1,SILENT,0,decode
7433,payload,4227210,1,caught,1,decode
7434,bit_flip,5142401,1,caught,1,decode
7435,random_bytes,2800785,1,caught,1,decode
7436,zeroed_run,4686633,1070,caught,1,decode
7437,truncation,3635526,2040243,caught,1,decode
7438,header,744,1,SILENT,0,decode
7439,payload,2767530,1,SILENT,0,decode
7440,bit_flip,3572765,1,SILENT,0,decode
7441,random_bytes,586776,4,caught,1,decode
7442,zeroed_run,3389790,2731,caught,1,decode
7443,truncation,3785643,1890126,caught,1,decode
7444,header,185,1,SILENT,0,decode
7445,payload,5078194,1,SILENT,0,decode
7446,bit_flip,92841,1,caught,1,decode
7447,random_bytes,1283536,1,caught,1,decode
7448,zeroed_run,3631587,1541,caught,1,decode
7449,truncation,5425075,250694,caught,1,decode
7450,header,757,1,SILENT,0,decode
7451,payload,3313671,1,SILENT,0,decode
7452,bit_flip,1502733,1,SILENT,0,decode
7453,random_bytes,5177475,8,caught,1,decode
7454,zeroed_run,1550586,306,caught,1,decode
7455,truncation,4480217,1195552,caught,1,decode
7456,header,95,1,caught,1,decode
7457,payload,3203201,1,SILENT,0,decode
7458,bit_flip,14301,1,SILENT,0,decode
7459,random_bytes,1608359,1,SILENT,0,decode
7460,zeroed_run,3713078,2121,caught,1,decode
7461,truncation,2494113,3181656,caught,1,decode
7462,header,173,1,SILENT,0,decode
7463,payload,2974830,1,SILENT,0,decode
7464,bit_flip,3438779,1,SILENT,0,decode
7465,random_bytes,4986739,12,caught,1,decode
7466,zeroed_run,1519184,3910,caught,1,decode
7467,truncation,1611436,4064333,caught,1,decode
7468,header,124,1,SILENT,0,decode
7469,payload,107018,1,caught,1,decode
7470,bit_flip,289877,1,SILENT,0,decode
7471,random_bytes,593107,8,caught,1,decode
7472,zeroed_run,2081486,1587,caught,1,decode
7473,truncation,1359082,4316687,caught,1,decode
7474,header,378,1,caught,1,decode
7475,payload,1452059,1,SILENT,0,decode
7476,bit_flip,3951564,1,caught,1,decode
7477,random_bytes,1521204,5,caught,1,decode
7478,zeroed_run,1089675,2060,caught,1,decode
7479,truncation,3220367,2455402,caught,1,decode
7480,header,279,1,caught,1,decode
7481,payload,2901491,1,SILENT,0,decode
7482,bit_flip,3762543,1,SILENT,0,decode
7483,random_bytes,1853386,12,caught,1,decode
7484,zeroed_run,256692,1792,caught,1,decode
7485,truncation,3725864,1949905,caught,1,decode
7486,header,506,1,SILENT,0,decode
7487,payload,1169512,1,SILENT,0,decode
7488,bit_flip,3383351,1,SILENT,0,decode
7489,random_bytes,5235608,13,caught,1,decode
7490,zeroed_run,4143749,455,caught,1,decode
7491,truncation,1465402,4210367,caught,1,decode
7492,header,401,1,SILENT,0,decode
7493,payload,4462476,1,SILENT,0,decode
7494,bit_flip,1437613,1,caught,1,decode
7495,random_bytes,2817499,15,caught,1,decode
7496,zeroed_run,3604596,2385,caught,1,decode
7497,truncation,577120,5098649,caught,1,decode
7498,header,493,1,SILENT,0,decode
7499,payload,1013522,1,caught,1,decode
7500,bit_flip,4347394,1,SILENT,0,decode
7501,random_bytes,5146750,11,caught,1,decode
7502,zeroed_run,1645723,1245,caught,1,decode
7503,truncation,3372745,2303024,caught,1,decode
7504,header,874,1,SILENT,0,decode
7505,payload,20852,1,SILENT,0,decode
7506,bit_flip,3877548,1,SILENT,0,decode
7507,random_bytes,1241218,3,caught,1,decode
7508,zeroed_run,1863209,3791,caught,1,decode
7509,truncation,5545243,130526,caught,1,decode
7510,header,967,1,caught,1,decode
7511,payload,4350764,1,SILENT,0,decode
7512,bit_flip,206601,1,caught,1,decode
7513,random_bytes,2297452,15,caught,1,decode
7514,zeroed_run,1752726,143,caught,1,decode
7515,truncation,1394646,4281123,caught,1,decode
7516,header,816,1,SILENT,0,decode
7517,payload,3590223,1,SILENT,0,decode
7518,bit_flip,36212,1,caught,1,decode
7519,random_bytes,210380,3,caught,1,decode
7520,zeroed_run,2683015,3136,caught,1,decode
7521,truncation,803313,4872456,caught,1,decode
7522,header,239,1,SILENT,0,decode
7523,payload,2650538,1,SILENT,0,decode
7524,bit_flip,3893068,1,SILENT,0,decode
7525,random_bytes,4722529,9,caught,1,decode
7526,zeroed_run,3016926,2791,caught,1,decode
7527,truncation,1479687,4196082,caught,1,decode
7528,header,769,1,SILENT,0,decode
7529,payload,1251405,1,SILENT,0,decode
7530,bit_flip,2664337,1,SILENT,0,decode
7531,random_bytes,320703,8,caught,1,decode
7532,zeroed_run,5567864,2956,caught,1,decode
7533,truncation,5433328,242441,caught,1,decode
7534,header,189,1,SILENT,0,decode
7535,payload,529577,1,caught,1,decode
7536,bit_flip,3461790,1,SILENT,0,decode
7537,random_bytes,3707668,1,caught,1,decode
7538,zeroed_run,2757741,3421,caught,1,decode
7539,truncation,1043152,4632617,caught,1,decode
7540,header,361,1,SILENT,0,decode
7541,payload,5469456,1,caught,1,decode
7542,bit_flip,3505320,1,SILENT,0,decode
7543,random_bytes,5494039,14,caught,1,decode
7544,zeroed_run,5626347,2633,caught,1,decode
7545,truncation,3372847,2302922,caught,1,decode
7546,header,541,1,SILENT,0,decode
7547,payload,1743293,1,caught,1,decode
7548,bit_flip,4040091,1,SILENT,0,decode
7549,random_bytes,1883902,4,caught,1,decode
7550,zeroed_run,1983886,295,caught,1,decode
7551,truncation,5617116,58653,caught,1,decode
7552,header,498,1,SILENT,0,decode
7553,payload,4955068,1,SILENT,0,decode
7554,bit_flip,1544201,1,SILENT,0,decode
7555,random_bytes,3605648,8,caught,1,decode
7556,zeroed_run,482350,2307,caught,1,decode
7557,truncation,4497918,1177851,caught,1,decode
7558,header,517,1,SILENT,0,decode
7559,payload,3964559,1,caught,1,decode
7560,bit_flip,4914008,1,caught,1,decode
7561,random_bytes,2894239,6,caught,1,decode
7562,zeroed_run,3188963,3805,caught,1,decode
7563,truncation,53370,5622399,caught,1,decode
7564,header,898,1,SILENT,0,decode
7565,payload,1017115,1,caught,1,decode
7566,bit_flip,4596175,1,caught,1,decode
7567,random_bytes,3760687,10,caught,1,decode
7568,zeroed_run,3649750,3869,caught,1,decode
7569,truncation,1916637,3759132,caught,1,decode
7570,header,378,1,SILENT,0,decode
7571,payload,3465732,1,SILENT,0,decode
7572,bit_flip,2608266,1,SILENT,0,decode
7573,random_bytes,1177439,13,caught,1,decode
7574,zeroed_run,4920413,2855,caught,1,decode
7575,truncation,1987956,3687813,caught,1,decode
7576,header,124,1,caught,1,decode
7577,payload,2708716,1,caught,1,decode
7578,bit_flip,5675277,1,SILENT,0,decode
7579,random_bytes,1072826,3,caught,1,decode
7580,zeroed_run,4495644,3578,caught,1,decode
7581,truncation,399883,5275886,caught,1,decode
7582,header,48,1,SILENT,0,decode
7583,payload,4462599,1,SILENT,0,decode
7584,bit_flip,1671786,1,SILENT,0,decode
7585,random_bytes,2273669,16,caught,1,decode
7586,zeroed_run,3645934,262,caught,1,decode
7587,truncation,3612293,2063476,caught,1,decode
7588,header,777,1,SILENT,0,decode
7589,payload,16853,1,caught,1,decode
7590,bit_flip,3125328,1,SILENT,0,decode
7591,random_bytes,2823981,11,caught,1,decode
7592,zeroed_run,2735855,4091,caught,1,decode
7593,truncation,2811873,2863896,caught,1,decode
7594,header,559,1,SILENT,0,decode
7595,payload,2923895,1,SILENT,0,decode
7596,bit_flip,3571210,1,SILENT,0,decode
7597,random_bytes,3691632,12,caught,1,decode
7598,zeroed_run,3518720,3822,caught,1,decode
7599,truncation,4797288,878481,caught,1,decode
7600,header,1021,1,SILENT,0,decode
7601,payload,1970282,1,SILENT,0,decode
7602,bit_flip,461137,1,SILENT,0,decode
7603,random_bytes,3978872,15,caught,1,decode
7604,zeroed_run,3333236,2871,caught,1,decode
7605,truncation,2377939,3297830,caught,1,decode
7606,header,937,1,SILENT,0,decode
7607,payload,2783255,1,SILENT,0,decode
7608,bit_flip,794062,1,SILENT,0,decode
7609,random_bytes,3326796,1,SILENT,0,decode
7610,zeroed_run,1886368,2330,caught,1,decode
7611,truncation,318193,5357576,caught,1,decode
7612,header,814,1,SILENT,0,decode
7613,payload,1718978,1,caught,1,decode
7614,bit_flip,3939804,1,SILENT,0,decode
7615,random_bytes,3638160,15,caught,1,decode
7616,zeroed_run,4518561,1798,caught,1,decode
7617,truncation,60297,5615472,caught,1,decode
7618,header,865,1,caught,1,decode
7619,payload,3050459,1,SILENT,0,decode
7620,bit_flip,4163626,1,SILENT,0,decode
7621,random_bytes,3052949,7,caught,1,decode
7622,zeroed_run,3675675,3554,caught,1,decode
7623,truncation,43012,5632757,caught,1,decode
7624,header,248,1,SILENT,0,decode
7625,payload,5197075,1,SILENT,0,decode
7626,bit_flip,1174200,1,SILENT,0,decode
7627,random_bytes,3436754,9,caught,1,decode
7628,zeroed_run,5303700,2773,caught,1,decode
7629,truncation,276711,5399058,caught,1,decode
7630,header,913,1,SILENT,0,decode
7631,payload,2525366,1,SILENT,0,decode
7632,bit_flip,1847426,1,SILENT,0,decode
7633,random_bytes,1331,8,caught,1,decode
7634,zeroed_run,1192834,3671,caught,1,decode
7635,truncation,1479001,4196768,caught,1,decode
7636,header,688,1,caught,1,decode
7637,payload,5489176,1,SILENT,0,decode
7638,bit_flip,2098506,1,SILENT,0,decode
7639,random_bytes,3298218,4,caught,1,decode
7640,zeroed_run,2407640,658,caught,1,decode
7641,truncation,4329110,1346659,caught,1,decode
7642,header,506,1,SILENT,0,decode
7643,payload,3359813,1,SILENT,0,decode
7644,bit_flip,893545,1,caught,1,decode
7645,random_bytes,5626093,3,caught,1,decode
7646,zeroed_run,882824,3537,caught,1,decode
7647,truncation,5408235,267534,caught,1,decode
7648,header,871,1,SILENT,0,decode
7649,payload,3831942,1,SILENT,0,decode
7650,bit_flip,210952,1,SILENT,0,decode
7651,random_bytes,2726855,9,caught,1,decode
7652,zeroed_run,1322308,1056,caught,1,decode
7653,truncation,462735,5213034,caught,1,decode
7654,header,527,1,SILENT,0,decode
7655,payload,2695671,1,SILENT,0,decode
7656,bit_flip,4812259,1,SILENT,0,decode
7657,random_bytes,65552,15,caught,1,decode
7658,zeroed_run,619582,1044,caught,1,decode
7659,truncation,4192847,1482922,caught,1,decode
7660,header,674,1,SILENT,0,decode
7661,payload,3221720,1,SILENT,0,decode
7662,bit_flip,1452360,1,SILENT,0,decode
7663,random_bytes,44198,8,caught,1,decode
7664,zeroed_run,1422001,683,caught,1,decode
7665,truncation,2891791,2783978,caught,1,decode
7666,header,242,1,SILENT,0,decode
7667,payload,93042,1,caught,1,decode
7668,bit_flip,3940946,1,SILENT,0,decode
7669,random_bytes,2642368,6,caught,1,decode
7670,zeroed_run,1138395,1195,caught,1,decode
7671,truncation,2852913,2822856,caught,1,decode
7672,header,737,1,SILENT,0,decode
7673,payload,1110428,1,SILENT,0,decode
7674,bit_flip,4026422,1,caught,1,decode
7675,random_bytes,1897369,3,caught,1,decode
7676,zeroed_run,689036,1146,caught,1,decode
7677,truncation,3689187,1986582,caught,1,decode
7678,header,973,1,SILENT,0,decode
7679,payload,4931111,1,SILENT,0,decode
7680,bit_flip,90295,1,caught,1,decode
7681,random_bytes,2540024,13,caught,1,decode
7682,zeroed_run,796867,3797,caught,1,decode
7683,truncation,2838784,2836985,caught,1,decode
7684,header,597,1,SILENT,0,decode
7685,payload,3985235,1,caught,1,decode
7686,bit_flip,4646561,1,caught,1,decode
7687,random_bytes,696478,1,caught,1,decode
7688,zeroed_run,3938909,601,caught,1,decode
7689,truncation,4274955,1400814,caught,1,decode
7690,header,166,1,SILENT,0,decode
7691,payload,2031198,1,SILENT,0,decode
7692,bit_flip,2410289,1,SILENT,0,decode
7693,random_bytes,3793964,7,caught,1,decode
7694,zeroed_run,863589,2120,caught,1,decode
7695,truncation,540925,5134844,caught,1,decode
7696,header,2,1,caught,1,decode
7697,payload,615448,1,SILENT,0,decode
7698,bit_flip,2975514,1,SILENT,0,decode
7699,random_bytes,1242897,16,caught,1,decode
7700,zeroed_run,5061848,83,caught,1,decode
7701,truncation,4393351,1282418,caught,1,decode
7702,header,985,1,caught,1,decode
7703,payload,324018,1,caught,1,decode
7704,bit_flip,2581168,1,SILENT,0,decode
7705,random_bytes,4895836,4,caught,1,decode
7706,zeroed_run,3844631,2852,caught,1,decode
7707,truncation,4253153,1422616,caught,1,decode
7708,header,923,1,SILENT,0,decode
7709,payload,1767557,1,caught,1,decode
7710,bit_flip,226489,1,caught,1,decode
7711,random_bytes,4165928,14,caught,1,decode
7712,zeroed_run,2703250,1818,caught,1,decode
7713,truncation,5138084,537685,caught,1,decode
7714,header,393,1,SILENT,0,decode
7715,payload,1012630,1,SILENT,0,decode
7716,bit_flip,2715162,1,caught,1,decode
7717,random_bytes,3187277,10,SILENT,0,decode
7718,zeroed_run,5617413,109,caught,1,decode
7719,truncation,1821781,3853988,caught,1,decode
7720,header,716,1,SILENT,0,decode
7721,payload,2877921,1,caught,1,decode
7722,bit_flip,845755,1,SILENT,0,decode
7723,random_bytes,1786573,9,caught,1,decode
7724,zeroed_run,465613,1167,caught,1,decode
7725,truncation,3337648,2338121,caught,1,decode
7726,header,258,1,SILENT,0,decode
7727,payload,108732,1,SILENT,0,decode
7728,bit_flip,4777835,1,SILENT,0,decode
7729,random_bytes,622874,13,caught,1,decode
7730,zeroed_run,1559553,163,caught,1,decode
7731,truncation,1307822,4367947,caught,1,decode
7732,header,508,1,SILENT,0,decode
7733,payload,1137005,1,caught,1,decode
7734,bit_flip,3870085,1,SILENT,0,decode
7735,random_bytes,129247,1,caught,1,decode
7736,zeroed_run,597886,1895,caught,1,decode
7737,truncation,3427138,2248631,caught,1,decode
7738,header,762,1,SILENT,0,decode
7739,payload,528156,1,caught,1,decode
7740,bit_flip,1115671,1,SILENT,0,decode
7741,random_bytes,4567449,5,caught,1,decode
7742,zeroed_run,3187637,3380,caught,1,decode
7743,truncation,2016458,3659311,caught,1,decode
7744,header,523,1,SILENT,0,decode
7745,payload,48380,1,SILENT,0,decode
7746,bit_flip,1169781,1,SILENT,0,decode
7747,random_bytes,1511381,3,caught,1,decode
7748,zeroed_run,3998925,2452,caught,1,decode
7749,truncation,975116,4700653,caught,1,decode
7750,header,194,1,SILENT,0,decode
7751,payload,2869087,1,caught,1,decode
7752,bit_flip,2729100,1,SILENT,0,decode
7753,random_bytes,4523988,8,caught,1,decode
7754,zeroed_run,2046103,1849,caught,1,decode
7755,truncation,2357677,3318092,caught,1,decode
7756,header,328,1,SILENT,0,decode
7757,payload,3530361,1,SILENT,0,decode
7758,bit_flip,1769661,1,caught,1,decode
7759,random_bytes,3933219,5,caught,1,decode
7760,zeroed_run,1175994,413,caught,1,decode
7761,truncation,3155617,2520152,caught,1,decode
7762,header,317,1,SILENT,0,decode
7763,payload,1315241,1,caught,1,decode
7764,bit_flip,720464,1,SILENT,0,decode
7765,random_bytes,3542407,2,caught,1,decode
7766,zeroed_run,2710300,1501,caught,1,decode
7767,truncation,3061252,2614517,caught,1,decode
7768,header,581,1,SILENT,0,decode
7769,payload,531241,1,caught,1,decode
7770,bit_flip,899898,1,SILENT,0,decode
7771,random_bytes,2443394,15,caught,1,decode
7772,zeroed_run,1675927,2106,caught,1,decode
7773,truncation,1270654,4405115,caught,1,decode
7774,header,965,1,SILENT,0,decode
7775,payload,4902289,1,SILENT,0,decode
7776,bit_flip,4106788,1,caught,1,decode
7777,random_bytes,2436167,4,caught,1,decode
7778,zeroed_run,1203999,1373,caught,1,decode
7779,truncation,79941,5595828,caught,1,decode
7780,header,221,1,SILENT,0,decode
7781,payload,4870234,1,SILENT,0,decode
7782,bit_flip,2704566,1,caught,1,decode
7783,random_bytes,1600067,3,caught,1,decode
7784,zeroed_run,1818780,1321,caught,1,decode
7785,truncation,4523947,1151822,caught,1,decode
7786,header,750,1,SILENT,0,decode
7787,payload,4746366,1,caught,1,decode
7788,bit_flip,3942976,1,caught,1,decode
7789,random_bytes,1635546,8,caught,1,decode
7790,zeroed_run,677729,3117,caught,1,decode
7791,truncation,3614909,2060860,caught,1,decode
7792,header,74,1,caught,1,decode
7793,payload,3310160,1,SILENT,0,decode
7794,bit_flip,4068741,1,SILENT,0,decode
7795,random_bytes,253885,7,caught,1,decode
7796,zeroed_run,3707642,3403,caught,1,decode
7797,truncation,5644094,31675,caught,1,decode
7798,header,977,1,caught,1,decode
7799,payload,3163069,1,SILENT,0,decode
7800,bit_flip,4827698,1,SILENT,0,decode
7801,random_bytes,2205759,9,caught,1,decode
7802,zeroed_run,353008,2523,caught,1,decode
7803,truncation,828481,4847288,caught,1,decode
7804,header,613,1,SILENT,0,decode
7805,payload,2400105,1,SILENT,0,decode
7806,bit_flip,4741901,1,caught,1,decode
7807,random_bytes,1244771,10,caught,1,decode
7808,zeroed_run,493322,102,caught,1,decode
7809,truncation,185176,5490593,caught,1,decode
7810,header,439,1,SILENT,0,decode
7811,payload,1609035,1,caught,1,decode
7812,bit_flip,3272135,1,SILENT,0,decode
7813,random_bytes,4601107,3,caught,1,decode
7814,zeroed_run,2049424,753,caught,1,decode
7815,truncation,3067798,2607971,caught,1,decode
7816,header,135,1,SILENT,0,decode
7817,payload,5661877,1,caught,1,decode
7818,bit_flip,786057,1,SILENT,0,decode
7819,random_bytes,1967855,2,caught,1,decode
7820,zeroed_run,3378101,3854,caught,1,decode
7821,truncation,714283,4961486,caught,1,decode
7822,header,798,1,SILENT,0,decode
7823,payload,617034,1,SILENT,0,decode
7824,bit_flip,810010,1,SILENT,0,decode
7825,random_bytes,5069421,3,caught,1,decode
7826,zeroed_run,2509165,3089,caught,1,decode
7827,truncation,3152415,2523354,caught,1,decode
7828,header,682,1,SILENT,0,decode
7829,payload,2229032,1,SILENT,0,decode
7830,bit_flip,329144,1,SILENT,0,decode
7831,random_bytes,5347672,13,caught,1,decode
7832,zeroed_run,2293313,2251,caught,1,decode
7833,truncation,2967758,2708011,caught,1,decode
7834,header,547,1,SILENT,0,decode
7835,payload,1324205,1,SILENT,0,decode
7836,bit_flip,4511150,1,SILENT,0,decode
7837,random_bytes,979913,10,caught,1,decode
7838,zeroed_run,2161603,3641,caught,1,decode
7839,truncation,4542392,1133377,caught,1,decode
7840,header,210,1,SILENT,0,decode
7841,payload,2703302,1,SILENT,0,decode
7842,bit_flip,4206713,1,SILENT,0,decode
7843,random_bytes,4730542,9,caught,1,decode
7844,zeroed_run,2375196,3309,caught,1,decode
7845,truncation,1045174,4630595,caught,1,decode
7846,header,627,1,caught,1,decode
7847,payload,5485471,1,caught,1,decode
7848,bit_flip,5199149,1,SILENT,0,decode
7849,random_bytes,4578352,1,caught,1,decode
7850,zeroed_run,1182091,1814,caught,1,decode
7851,truncation,47597,5628172,caught,1,decode
7852,header,417,1,SILENT,0,decode
7853,payload,4767035,1,SILENT,0,decode
7854,bit_flip,5152972,1,caught,1,decode
7855,random_bytes,3048520,15,caught,1,decode
7856,zeroed_run,3129017,2498,caught,1,decode
7857,truncation,3004848,2670921,caught,1,decode
7858,header,720,1,SILENT,0,decode
7859,payload,47934,1,SILENT,0,decode
7860,bit_flip,4503182,1,SILENT,0,decode
7861,random_bytes,418556,5,caught,1,decode
7862,zeroed_run,3494448,3637,caught,1,decode
7863,truncation,3387607,2288162,caught,1,decode
7864,header,484,1,SILENT,0,decode
7865,payload,4685788,1,caught,1,decode
7866,bit_flip,3124453,1,caught,1,decode
7867,random_bytes,1167191,7,caught,1,decode
7868,zeroed_run,5578047,1775,caught,1,decode
7869,truncation,4145424,1530345,caught,1,decode
7870,header,72,1,SILENT,0,decode
7871,payload,165598,1,SILENT,0,decode
7872,bit_flip,5063326,1,caught,1,decode
7873,random_bytes,2638704,16,caught,1,decode
7874,zeroed_run,1405650,3282,caught,1,decode
7875,truncation,2446875,3228894,caught,1,decode
7876,header,959,1,SILENT,0,decode
7877,payload,3898195,1,caught,1,decode
7878,bit_flip,975262,1,SILENT,0,decode
7879,random_bytes,379594,14,caught,1,decode
7880,zeroed_run,5624830,24,caught,1,decode
7881,truncation,950728,4725041,caught,1,decode
7882,header,546,1,caught,1,decode
7883,payload,3697300,1,SILENT,0,decode
7884,bit_flip,348064,1,caught,1,decode
7885,random_bytes,5304629,6,caught,1,decode
7886,zeroed_run,2763979,994,caught,1,decode
7887,truncation,3021220,2654549,caught,1,decode
7888,header,644,1,caught,1,decode
7889,payload,2549313,1,SILENT,0,decode
7890,bit_flip,3505697,1,SILENT,0,decode
7891,random_bytes,5577191,5,caught,1,decode
7892,zeroed_run,3049015,2016,caught,1,decode
7893,truncation,348958,5326811,caught,1,decode
7894,header,131,1,caught,1,decode
7895,payload,3385263,1,caught,1,decode
7896,bit_flip,3139684,1,caught,1,decode
7897,random_bytes,3365982,15,caught,1,decode
7898,zeroed_run,4853790,303,caught,1,decode
7899,truncation,4339321,1336448,caught,1,decode
7900,header,87,1,caught,1,decode
7901,payload,2676078,1,caught,1,decode
7902,bit_flip,289950,1,SILENT,0,decode
7903,random_bytes,5325836,12,caught,1,decode
7904,zeroed_run,5347747,768,caught,1,decode
7905,truncation,2019247,3656522,caught,1,decode
7906,header,149,1,SILENT,0,decode
7907,payload,4339895,1,SILENT,0,decode
7908,bit_flip,2194764,1,SILENT,0,decode
7909,random_bytes,129017,8,caught,1,decode
7910,zeroed_run,3218366,745,caught,1,decode
7911,truncation,5603041,72728,caught,1,decode
7912,header,932,1,SILENT,0,decode
7913,payload,5015834,1,SILENT,0,decode
7914,bit_flip,3102760,1,SILENT,0,decode
7915,random_bytes,4608706,8,caught,1,decode
7916,zeroed_run,4680113,315,caught,1,decode
7917,truncation,908951,4766818,caught,1,decode
7918,header,870,1,SILENT,0,decode
7919,payload,2525755,1,SILENT,0,decode
7920,bit_flip,232659,1,SILENT,0,decode
7921,random_bytes,3546518,6,caught,1,decode
7922,zeroed_run,2827061,3483,caught,1,decode
7923,truncation,716775,4958994,caught,1,decode
7924,header,186,1,SILENT,0,decode
7925,payload,3082147,1,SILENT,0,decode
7926,bit_flip,2252072,1,SILENT,0,decode
7927,random_bytes,2587740,9,caught,1,decode
7928,zeroed_run,2543608,3012,caught,1,decode
7929,truncation,4711897,963872,caught,1,decode
7930,header,461,1,SILENT,0,decode
7931,payload,1272885,1,SILENT,0,decode
7932,bit_flip,4006114,1,SILENT,0,decode
7933,random_bytes,4767604,7,caught,1,decode
7934,zeroed_run,4369460,3455,caught,1,decode
7935,truncation,4115612,1560157,caught,1,decode
7936,header,297,1,SILENT,0,decode
7937,payload,4081041,1,SILENT,0,decode
7938,bit_flip,2529212,1,SILENT,0,decode
7939,random_bytes,3499226,16,caught,1,decode
7940,zeroed_run,854582,2989,caught,1,decode
7941,truncation,460336,5215433,caught,1,decode
7942,header,739,1,SILENT,0,decode
7943,payload,391070,1,SILENT,0,decode
7944,bit_flip,5541037,1,SILENT,0,decode
7945,random_bytes,273021,14,caught,1,decode
7946,zeroed_run,2160318,2039,caught,1,decode
7947,truncation,2110961,3564808,caught,1,decode
7948,header,749,1,SILENT,0,decode
7949,payload,1360778,1,SILENT,0,decode
7950,bit_flip,3291602,1,SILENT,0,decode
7951,random_bytes,3476686,11,caught,1,decode
7952,zeroed_run,3187539,2232,caught,1,decode
7953,truncation,73682,5602087,caught,1,decode
7954,header,350,1,SILENT,0,decode
7955,payload,5265833,1,SILENT,0,decode
7956,bit_flip,1527007,1,SILENT,0,decode
7957,random_bytes,290751,9,caught,1,decode
7958,zeroed_run,5363861,438,caught,1,decode
7959,truncation,4948265,727504,caught,1,decode
7960,header,406,1,caught,1,decode
7961,payload,753578,1,SILENT,0,decode
7962,bit_flip,3835736,1,SILENT,0,decode
7963,random_bytes,4492874,2,caught,1,decode
7964,zeroed_run,1416344,2781,caught,1,decode
7965,truncation,2093414,3582355,caught,1,decode
7966,header,426,1,SILENT,0,decode
7967,payload,1845864,1,caught,1,decode
7968,bit_flip,4025976,1,SILENT,0,decode
7969,random_bytes,2039295,11,caught,1,decode
7970,zeroed_run,3710379,2641,caught,1,decode
7971,truncation,2376333,3299436,caught,1,decode
7972,header,364,1,SILENT,0,decode
7973,payload,4943023,1,SILENT,0,decode
7974,bit_flip,780730,1,SILENT,0,decode
7975,random_bytes,2404253,16,caught,1,decode
7976,zeroed_run,4514627,3806,caught,1,decode
7977,truncation,357596,5318173,caught,1,decode
7978,header,674,1,SILENT,0,decode
7979,payload,181323,1,SILENT,0,decode
7980,bit_flip,3804807,1,SILENT,0,decode
7981,random_bytes,51654,5,caught,1,decode
7982,zeroed_run,3774473,101,caught,1,decode
7983,truncation,2546320,3129449,caught,1,decode
7984,header,432,1,SILENT,0,decode
7985,payload,4883722,1,caught,1,decode
7986,bit_flip,5017934,1,SILENT,0,decode
7987,random_bytes,2072254,4,caught,1,decode
7988,zeroed_run,3573017,460,caught,1,decode
7989,truncation,515038,5160731,caught,1,decode
7990,header,729,1,SILENT,0,decode
7991,payload,2156944,1,SILENT,0,decode
7992,bit_flip,2986546,1,SILENT,0,decode
7993,random_bytes,5165526,2,caught,1,decode
7994,zeroed_run,296594,2177,caught,1,decode
7995,truncation,2567345,3108424,caught,1,decode
7996,header,489,1,SILENT,0,decode
7997,payload,3992510,1,SILENT,0,decode
7998,bit_flip,2993138,1,caught,1,decode
7999,random_bytes,5514441,5,caught,1,decode
8000,zeroed_run,2474154,1731,caught,1,decode
8001,truncation,2984243,2691526,caught,1,decode
8002,header,409,1,SILENT,0,decode
8003,payload,2189585,1,caught,1,decode
8004,bit_flip,5186624,1,SILENT,0,decode
8005,random_bytes,1733005,11,caught,1,decode
8006,zeroed_run,2105614,711,caught,1,decode
8007,truncation,3245779,2429990,caught,1,decode
8008,header,221,1,SILENT,0,decode
8009,payload,4049355,1,SILENT,0,decode
8010,bit_flip,4553236,1,SILENT,0,decode
8011,random_bytes,1030600,15,caught,1,decode
8012,zeroed_run,1191080,2823,caught,1,decode
8013,truncation,653262,5022507,caught,1,decode
8014,header,487,1,SILENT,0,decode
8015,payload,2860299,1,caught,1,decode
8016,bit_flip,4852678,1,caught,1,decode
8017,random_bytes,2554261,7,caught,1,decode
8018,zeroed_run,4868671,3091,caught,1,decode
8019,truncation,1414240,4261529,caught,1,decode
8020,header,986,1,SILENT,0,decode
8021,payload,152189,1,SILENT,0,decode
8022,bit_flip,1632488,1,caught,1,decode
8023,random_bytes,1544517,8,caught,1,decode
8024,zeroed_run,4456724,110,caught,1,decode
8025,truncation,4488227,1187542,caught,1,decode
8026,header,983,1,caught,1,decode
8027,payload,2064476,1,caught,1,decode
8028,bit_flip,1045841,1,SILENT,0,decode
8029,random_bytes,2515093,16,caught,1,decode
8030,zeroed_run,1024616,3947,caught,1,decode
8031,truncation,386885,5288884,caught,1,decode
8032,header,56,1,SILENT,0,decode
8033,payload,2515154,1,SILENT,0,decode
8034,bit_flip,973886,1,caught,1,decode
8035,random_bytes,178898,11,caught,1,decode
8036,zeroed_run,3888885,2817,caught,1,decode
8037,truncation,4328376,1347393,caught,1,decode
8038,header,17,1,caught,1,decode
8039,payload,2574999,1,SILENT,0,decode
8040,bit_flip,4137988,1,caught,1,decode
8041,random_bytes,686179,15,caught,1,decode
8042,zeroed_run,1142888,3190,caught,1,decode
8043,truncation,3920497,1755272,caught,1,decode
8044,header,58,1,caught,1,decode
8045,payload,3050394,1,SILENT,0,decode
8046,bit_flip,1248289,1,SILENT,0,decode
8047,random_bytes,3993085,2,caught,1,decode
8048,zeroed_run,3295534,3337,caught,1,decode
8049,truncation,4218087,1457682,caught,1,decode
8050,header,630,1,SILENT,0,decode
8051,payload,2979306,1,SILENT,0,decode
8052,bit_flip,3086204,1,SILENT,0,decode
8053,random_bytes,3671202,9,caught,1,decode
8054,zeroed_run,3620572,1567,caught,1,decode
8055,truncation,4389630,1286139,caught,1,decode
8056,header,180,1,SILENT,0,decode
8057,payload,363506,1,SILENT,0,decode
8058,bit_flip,3890650,1,caught,1,decode
8059,random_bytes,4145713,7,caught,1,decode
8060,zeroed_run,2969479,1316,caught,1,decode
8061,truncation,5090679,585090,caught,1,decode
8062,header,579,1,SILENT,0,decode
8063,payload,4869986,1,SILENT,0,decode
8064,bit_flip,1563640,1,SILENT,0,decode
8065,random_bytes,2332810,15,caught,1,decode
8066,zeroed_run,970544,1262,caught,1,decode
8067,truncation,5475544,200225,caught,1,decode
8068,header,173,1,caught,1,decode
8069,payload,43411,1,caught,1,decode
8070,bit_flip,1225751,1,SILENT,0,decode
8071,random_bytes,4835261,2,caught,1,decode
8072,zeroed_run,2216238,750,caught,1,decode
8073,truncation,1943640,3732129,caught,1,decode
8074,header,122,1,SILENT,0,decode
8075,payload,79527,1,caught,1,decode
8076,bit_flip,1540013,1,SILENT,0,decode
8077,random_bytes,3691289,15,caught,1,decode
8078,zeroed_run,4798899,1026,caught,1,decode
8079,truncation,1918530,3757239,caught,1,decode
8080,header,324,1,SILENT,0,decode
8081,payload,792148,1,caught,1,decode
8082,bit_flip,1627087,1,SILENT,0,decode
8083,random_bytes,4752804,5,caught,1,decode
8084,zeroed_run,3028768,1385,caught,1,decode
8085,truncation,5245957,429812,caught,1,decode
8086,header,326,1,SILENT,0,decode
8087,payload,4068182,1,SILENT,0,decode
8088,bit_flip,3016723,1,caught,1,decode
8089,random_bytes,3070665,7,caught,1,decode
8090,zeroed_run,4510606,1121,caught,1,decode
8091,truncation,5266380,409389,caught,1,decode
8092,header,206,1,SILENT,0,decode
8093,payload,1368634,1,SILENT,0,decode
8094,bit_flip,3358630,1,caught,1,decode
8095,random_bytes,3081541,8,caught,1,decode
8096,zeroed_run,2921006,3021,caught,1,decode
8097,truncation,3869486,1806283,caught,1,decode
8098,header,513,1,caught,1,decode
8099,payload,1025213,1,SILENT,0,decode
8100,bit_flip,375793,1,caught,1,decode
8101,random_bytes,3455418,13,caught,1,decode
8102,zeroed_run,5110054,292,caught,1,decode
8103,truncation,5051094,624675,caught,1,decode
8104,header,208,1,SILENT,0,decode
8105,payload,5649988,1,SILENT,0,decode
8106,bit_flip,4973075,1,SILENT,0,decode
8107,random_bytes,4775946,7,caught,1,decode
8108,zeroed_run,922064,338,caught,1,decode
8109,truncation,2105314,3570455,caught,1,decode
8110,header,878,1,SILENT,0,decode
8111,payload,1504348,1,SILENT,0,decode
8112,bit_flip,2009806,1,SILENT,0,decode
8113,random_bytes,1604879,9,caught,1,decode
8114,zeroed_run,3907383,173,caught,1,decode
8115,truncation,5399700,276069,caught,1,decode
8116,header,613,1,SILENT,0,decode
8117,payload,1109125,1,caught,1,decode
8118,bit_flip,5041113,1,SILENT,0,decode
8119,random_bytes,1265019,7,caught,1,decode
8120,zeroed_run,5542709,3278,caught,1,decode
8121,truncation,851925,4823844,caught,1,decode
8122,header,278,1,SILENT,0,decode
8123,payload,5586939,1,SILENT,0,decode
8124,bit_flip,1114221,1,caught,1,decode
8125,random_bytes,3043773,11,caught,1,decode
8126,zeroed_run,2458420,90,caught,1,decode
8127,truncation,2906724,2769045,caught,1,decode
8128,header,1015,1,SILENT,0,decode
8129,payload,955921,1,SILENT,0,decode
8130,bit_flip,2470036,1,SILENT,0,decode
8131,random_bytes,4574626,10,caught,1,decode
8132,zeroed_run,5167660,2077,caught,1,decode
8133,truncation,5464956,210813,caught,1,decode
8134,header,29,1,caught,1,decode
8135,payload,4840287,1,SILENT,0,decode
8136,bit_flip,934531,1,SILENT,0,decode
8137,random_bytes,2256098,3,caught,1,decode
8138,zeroed_run,4483375,2525,caught,1,decode
8139,truncation,1099722,4576047,caught,1,decode
8140,header,343,1,SILENT,0,decode
8141,payload,2742898,1,SILENT,0,decode
8142,bit_flip,4513281,1,SILENT,0,decode
8143,random_bytes,3953564,1,SILENT,0,decode
8144,zeroed_run,5110123,3325,caught,1,decode
8145,truncation,4756055,919714,caught,1,decode
8146,header,702,1,SILENT,0,decode
8147,payload,5443071,1,SILENT,0,decode
8148,bit_flip,2520294,1,SILENT,0,decode
8149,random_bytes,2998560,8,caught,1,decode
8150,zeroed_run,633979,3166,caught,1,decode
8151,truncation,3724085,1951684,caught,1,decode
8152,header,844,1,caught,1,decode
8153,payload,3501504,1,caught,1,decode
8154,bit_flip,4634993,1,caught,1,decode
8155,random_bytes,3388175,7,caught,1,decode
8156,zeroed_run,5111813,1929,caught,1,decode
8157,truncation,5099670,576099,caught,1,decode
8158,header,599,1,SILENT,0,decode
8159,payload,5411506,1,SILENT,0,decode
8160,bit_flip,3032872,1,SILENT,0,decode
8161,random_bytes,2395073,11,caught,1,decode
8162,zeroed_run,2600510,3057,caught,1,decode
8163,truncation,1369665,4306104,caught,1,decode
8164,header,512,1,SILENT,0,decode
8165,payload,3457994,1,caught,1,decode
8166,bit_flip,3719920,1,SILENT,0,decode
8167,random_bytes,4462034,12,caught,1,decode
8168,zeroed_run,2487735,443,caught,1,decode
8169,truncation,506391,5169378,caught,1,decode
8170,header,654,1,SILENT,0,decode
8171,payload,1548902,1,SILENT,0,decode
8172,bit_flip,2872656,1,SILENT,0,decode
8173,random_bytes,4003523,8,caught,1,decode
8174,zeroed_run,2945537,1671,caught,1,decode
8175,truncation,208852,5466917,caught,1,decode
8176,header,85,1,SILENT,0,decode
8177,payload,2134124,1,SILENT,0,decode
8178,bit_flip,5633224,1,SILENT,0,decode
8179,random_bytes,2315092,2,caught,1,decode
8180,zeroed_run,2700989,2623,caught,1,decode
8181,truncation,236164,5439605,caught,1,decode
8182,header,884,1,SILENT,0,decode
8183,payload,2084057,1,SILENT,0,decode
8184,bit_flip,3535596,1,caught,1,decode
8185,random_bytes,2546297,11,caught,1,decode
8186,zeroed_run,2128549,1005,caught,1,decode
8187,truncation,3603969,2071800,caught,1,decode
8188,header,451,1,SILENT,0,decode
8189,payload,1480079,1,caught,1,decode
8190,bit_flip,3763302,1,SILENT,0,decode
8191,random_bytes,1660194,15,caught,1,decode
8192,zeroed_run,3465176,472,caught,1,decode
8193,truncation,3499695,2176074,caught,1,decode
8194,header,510,1,SILENT,0,decode
8195,payload,4130964,1,caught,1,decode
8196,bit_flip,959439,1,caught,1,decode
8197,random_bytes,2866397,12,caught,1,decode
8198,zeroed_run,1104631,459,caught,1,decode
8199,truncation,4050474,1625295,caught,1,decode
8200,header,111,1,SILENT,0,decode
8201,payload,1465769,1,caught,1,decode
8202,bit_flip,2536037,1,caught,1,decode
8203,random_bytes,4872724,8,caught,1,decode
8204,zeroed_run,5390045,820,caught,1,decode
8205,truncation,4070625,1605144,caught,1,decode
8206,header,319,1,SILENT,0,decode
8207,payload,88935,1,SILENT,0,decode
8208,bit_flip,4713620,1,SILENT,0,decode
8209,random_bytes,81117,14,caught,1,decode
8210,zeroed_run,4441041,3092,caught,1,decode
8211,truncation,3701717,1974052,caught,1,decode
8212,header,306,1,SILENT,0,decode
8213,payload,5105414,1,SILENT,0,decode
8214,bit_flip,3484649,1,SILENT,0,decode
8215,random_bytes,4294866,12,caught,1,decode
8216,zeroed_run,2928597,3779,caught,1,decode
8217,truncation,348910,5326859,caught,1,decode
8218,header,669,1,SILENT,0,decode
8219,payload,5069216,1,SILENT,0,decode
8220,bit_flip,871762,1,SILENT,0,decode
8221,random_bytes,224117,16,caught,1,decode
8222,zeroed_run,911295,3439,caught,1,decode
8223,truncation,1775847,3899922,caught,1,decode
8224,header,836,1,caught,1,decode
8225,payload,3556589,1,SILENT,0,decode
8226,bit_flip,2293940,1,SILENT,0,decode
8227,random_bytes,3669397,2,SILENT,0,decode
8228,zeroed_run,4934477,3481,caught,1,decode
8229,truncation,4894263,781506,caught,1,decode
8230,header,462,1,SILENT,0,decode
8231,payload,3915411,1,SILENT,0,decode
8232,bit_flip,5101570,1,SILENT,0,decode
8233,random_bytes,39920,11,caught,1,decode
8234,zeroed_run,358340,2282,caught,1,decode
8235,truncation,2946727,2729042,caught,1,decode
8236,header,0,1,caught,1,decode
8237,payload,3306912,1,SILENT,0,decode
8238,bit_flip,5119740,1,SILENT,0,decode
8239,random_bytes,4070310,6,caught,1,decode
8240,zeroed_run,3950472,2152,caught,1,decode
8241,truncation,4335405,1340364,caught,1,decode
8242,header,276,1,SILENT,0,decode
8243,payload,5446626,1,caught,1,decode
8244,bit_flip,1457048,1,SILENT,0,decode
8245,random_bytes,3804185,8,caught,1,decode
8246,zeroed_run,5063687,3730,caught,1,decode
8247,truncation,2919821,2755948,caught,1,decode
8248,header,983,1,caught,1,decode
8249,payload,2107444,1,caught,1,decode
8250,bit_flip,589874,1,caught,1,decode
8251,random_bytes,4833983,8,caught,1,decode
8252,zeroed_run,5344321,328,caught,1,decode
8253,truncation,1477098,4198671,caught,1,decode
8254,header,850,1,SILENT,0,decode
8255,payload,113495,1,caught,1,decode
8256,bit_flip,1549773,1,caught,1,decode
8257,random_bytes,1429526,12,caught,1,decode
8258,zeroed_run,4488722,1103,caught,1,decode
8259,truncation,5219034,456735,caught,1,decode
8260,header,75,1,SILENT,0,decode
8261,payload,24302,1,caught,1,decode
8262,bit_flip,2083695,1,SILENT,0,decode
8263,random_bytes,5636293,4,caught,1,decode
8264,zeroed_run,618621,3994,caught,1,decode
8265,truncation,5452982,222787,caught,1,decode
8266,header,862,1,SILENT,0,decode
8267,payload,4690089,1,caught,1,decode
8268,bit_flip,4686079,1,caught,1,decode
8269,random_bytes,3377853,15,caught,1,decode
8270,zeroed_run,2464695,3154,caught,1,decode
8271,truncation,5038439,637330,caught,1,decode
8272,header,624,1,SILENT,0,decode
8273,payload,1456235,1,SILENT,0,decode
8274,bit_flip,5225510,1,SILENT,0,decode
8275,random_bytes,2964932,15,caught,1,decode
8276,zeroed_run,3248810,148,caught,1,decode
8277,truncation,5589886,85883,caught,1,decode
8278,header,104,1,SILENT,0,decode
8279,payload,2348749,1,SILENT,0,decode
8280,bit_flip,121500,1,SILENT,0,decode
8281,random_bytes,1432760,12,caught,1,decode
8282,zeroed_run,1189743,3921,caught,1,decode
8283,truncation,5019691,656078,caught,1,decode
8284,header,568,1,SILENT,0,decode
8285,payload,770738,1,SILENT,0,decode
8286,bit_flip,201279,1,SILENT,0,decode
8287,random_bytes,3558546,12,caught,1,decode
8288,zeroed_run,1881129,358,caught,1,decode
8289,truncation,2910474,2765295,caught,1,decode
8290,header,401,1,SILENT,0,decode
8291,payload,1293172,1,SILENT,0,decode
8292,bit_flip,3360500,1,SILENT,0,decode
8293,random_bytes,1707266,15,caught,1,decode
8294,zeroed_run,4799660,1188,caught,1,decode
8295,truncation,5443981,231788,caught,1,decode
8296,header,232,1,SILENT,0,decode
8297,payload,1089324,1,caught,1,decode
8298,bit_flip,4273952,1,SILENT,0,decode
8299,random_bytes,4873012,14,caught,1,decode
8300,zeroed_run,4209039,1158,caught,1,decode
8301,truncation,2685510,2990259,caught,1,decode
8302,header,465,1,SILENT,0,decode
8303,payload,1219832,1,SILENT,0,decode
8304,bit_flip,1244232,1,SILENT,0,decode
8305,random_bytes,2376123,4,caught,1,decode
8306,zeroed_run,448528,4043,caught,1,decode
8307,truncation,1111087,4564682,caught,1,decode
8308,header,237,1,SILENT,0,decode
8309,payload,4534513,1,SILENT,0,decode
8310,bit_flip,1096631,1,SILENT,0,decode
8311,random_bytes,1317036,9,caught,1,decode
8312,zeroed_run,4340038,2718,caught,1,decode
8313,truncation,4522299,1153470,caught,1,decode
8314,header,676,1,SILENT,0,decode
8315,payload,5390045,1,SILENT,0,decode
8316,bit_flip,2540694,1,SILENT,0,decode
8317,random_bytes,1003556,15,caught,1,decode
8318,zeroed_run,302020,815,caught,1,decode
8319,truncation,293998,5381771,caught,1,decode
8320,header,939,1,SILENT,0,decode
8321,payload,115612,1,caught,1,decode
8322,bit_flip,4000617,1,SILENT,0,decode
8323,random_bytes,1336456,12,caught,1,decode
8324,zeroed_run,4835026,1362,caught,1,decode
8325,truncation,3608412,2067357,caught,1,decode
8326,header,994,1,SILENT,0,decode
8327,payload,1223821,1,SILENT,0,decode
8328,bit_flip,1405860,1,SILENT,0,decode
8329,random_bytes,2294884,5,caught,1,decode
8330,zeroed_run,1117380,1685,caught,1,decode
8331,truncation,1065245,4610524,caught,1,decode
8332,header,336,1,SILENT,0,decode
8333,payload,2872500,1,SILENT,0,decode
8334,bit_flip,5674483,1,caught,1,decode
8335,random_bytes,978687,3,caught,1,decode
8336,zeroed_run,458838,3391,caught,1,decode
8337,truncation,3138289,2537480,caught,1,decode
8338,header,149,1,SILENT,0,decode
8339,payload,3660808,1,caught,1,decode
8340,bit_flip,5601298,1,SILENT,0,decode
8341,random_bytes,3725168,12,caught,1,decode
8342,zeroed_run,1342108,2252,caught,1,decode
8343,truncation,289391,5386378,caught,1,decode
8344,header,753,1,SILENT,0,decode
8345,payload,1039054,1,SILENT,0,decode
8346,bit_flip,45566,1,caught,1,decode
8347,random_bytes,5090665,9,caught,1,decode
8348,zeroed_run,3123209,2981,caught,1,decode
8349,truncation,5128227,547542,caught,1,decode
8350,header,385,1,SILENT,0,decode
8351,payload,4124326,1,SILENT,0,decode
8352,bit_flip,1616032,1,caught,1,decode
8353,random_bytes,1205324,16,caught,1,decode
8354,zeroed_run,4238161,375,caught,1,decode
8355,truncation,264055,5411714,caught,1,decode
8356,header,425,1,SILENT,0,decode
8357,payload,1701595,1,SILENT,0,decode
8358,bit_flip,5387020,1,SILENT,0,decode
8359,random_bytes,867072,8,caught,1,decode
8360,zeroed_run,5649630,2993,caught,1,decode
8361,truncation,3843558,1832211,caught,1,decode
8362,header,762,1,SILENT,0,decode
8363,payload,2752368,1,SILENT,0,decode
8364,bit_flip,2614928,1,SILENT,0,decode
8365,random_bytes,4056142,4,caught,1,decode
8366,zeroed_run,986058,835,caught,1,decode
8367,truncation,1517023,4158746,caught,1,decode
8368,header,433,1,SILENT,0,decode
8369,payload,838172,1,caught,1,decode
8370,bit_flip,5292586,1,caught,1,decode
8371,random_bytes,2543681,15,caught,1,decode
8372,zeroed_run,147562,2594,caught,1,decode
8373,truncation,1347228,4328541,caught,1,decode
8374,header,659,1,SILENT,0,decode
8375,payload,4862881,1,SILENT,0,decode
8376,bit_flip,1335462,1,SILENT,0,decode
8377,random_bytes,603285,15,caught,1,decode
8378,zeroed_run,3283933,2310,caught,1,decode
8379,truncation,2808958,2866811,caught,1,decode
8380,header,932,1,SILENT,0,decode
8381,payload,686774,1,SILENT,0,decode
8382,bit_flip,3072989,1,SILENT,0,decode
8383,random_bytes,512546,5,caught,1,decode
8384,zeroed_run,1314624,825,caught,1,decode
8385,truncation,820347,4855422,caught,1,decode
8386,header,476,1,SILENT,0,decode
8387,payload,1686634,1,SILENT,0,decode
8388,bit_flip,144498,1,SILENT,0,decode
8389,random_bytes,803312,14,caught,1,decode
8390,zeroed_run,5588672,3007,caught,1,decode
8391,truncation,3156309,2519460,caught,1,decode
8392,header,196,1,SILENT,0,decode
8393,payload,3176837,1,caught,1,decode
8394,bit_flip,4693923,1,SILENT,0,decode
8395,random_bytes,5045048,2,SILENT,0,decode
8396,zeroed_run,3882523,2698,caught,1,decode
8397,truncation,435245,5240524,caught,1,decode
8398,header,951,1,SILENT,0,decode
8399,payload,895538,1,SILENT,0,decode
8400,bit_flip,2750931,1,caught,1,decode
8401,random_bytes,997387,8,caught,1,decode
8402,zeroed_run,1526964,3120,caught,1,decode
8403,truncation,4368831,1306938,caught,1,decode
8404,header,1014,1,SILENT,0,decode
8405,payload,3051277,1,SILENT,0,decode
8406,bit_flip,2672203,1,SILENT,0,decode
8407,random_bytes,4404220,10,caught,1,decode
8408,zeroed_run,1486676,451,caught,1,decode
8409,truncation,4368682,1307087,caught,1,decode
8410,header,562,1,SILENT,0,decode
8411,payload,709191,1,SILENT,0,decode
8412,bit_flip,1153281,1,SILENT,0,decode
8413,random_bytes,1920332,12,caught,1,decode
8414,zeroed_run,3195489,1777,caught,1,decode
8415,truncation,39774,5635995,caught,1,decode
8416,header,814,1,SILENT,0,decode
8417,payload,2060777,1,SILENT,0,decode
8418,bit_flip,1465838,1,caught,1,decode
8419,random_bytes,1466352,4,caught,1,decode
8420,zeroed_run,4880139,415,caught,1,decode
8421,truncation,4896664,779105,caught,1,decode
8422,header,183,1,SILENT,0,decode
8423,payload,5268020,1,SILENT,0,decode
8424,bit_flip,2350569,1,SILENT,0,decode
8425,random_bytes,4932418,4,caught,1,decode
8426,zeroed_run,2544728,2250,caught,1,decode
8427,truncation,3490916,2184853,caught,1,decode
8428,header,888,1,SILENT,0,decode
8429,payload,4192851,1,SILENT,0,decode
8430,bit_flip,1580333,1,caught,1,decode
8431,random_bytes,1709831,16,caught,1,decode
8432,zeroed_run,302217,2451,caught,1,decode
8433,truncation,1802688,3873081,caught,1,decode
8434,header,36,1,caught,1,decode
8435,payload,5225797,1,SILENT,0,decode
8436,bit_flip,3570888,1,SILENT,0,decode
8437,random_bytes,4541568,15,caught,1,decode
8438,zeroed_run,4715595,3091,caught,1,decode
8439,truncation,5409651,266118,caught,1,decode
8440,header,219,1,caught,1,decode
8441,payload,2179047,1,SILENT,0,decode
8442,bit_flip,2749819,1,SILENT,0,decode
8443,random_bytes,5667773,6,caught,1,decode
8444,zeroed_run,2304097,2665,caught,1,decode
8445,truncation,1031277,4644492,caught,1,decode
8446,header,494,1,caught,1,decode
8447,payload,440964,1,caught,1,decode
8448,bit_flip,2283621,1,caught,1,decode
8449,random_bytes,3694542,2,caught,1,decode
8450,zeroed_run,3505204,2439,caught,1,decode
8451,truncation,4575837,1099932,caught,1,decode
8452,header,350,1,SILENT,0,decode
8453,payload,4876995,1,SILENT,0,decode
8454,bit_flip,4891649,1,SILENT,0,decode
8455,random_bytes,936478,4,caught,1,decode
8456,zeroed_run,3287189,1569,caught,1,decode
8457,truncation,2265277,3410492,caught,1,decode
8458,header,813,1,caught,1,decode
8459,payload,757504,1,SILENT,0,decode
8460,bit_flip,4658869,1,SILENT,0,decode
8461,random_bytes,5062,2,caught,1,decode
8462,zeroed_run,4297245,350,caught,1,decode
8463,truncation,3737871,1937898,caught,1,decode
8464,header,322,1,SILENT,0,decode
8465,payload,5424334,1,caught,1,decode
8466,bit_flip,5190070,1,SILENT,0,decode
8467,random_bytes,4905245,8,caught,1,decode
8468,zeroed_run,1032119,1209,caught,1,decode
8469,truncation,3795086,1880683,caught,1,decode
8470,header,995,1,SILENT,0,decode
8471,payload,537951,1,SILENT,0,decode
8472,bit_flip,3355135,1,caught,1,decode
8473,random_bytes,1469764,4,caught,1,decode
8474,zeroed_run,1320533,660,caught,1,decode
8475,truncation,3987830,1687939,caught,1,decode
8476,header,823,1,caught,1,decode
8477,payload,638115,1,SILENT,0,decode
8478,bit_flip,2959545,1,SILENT,0,decode
8479,random_bytes,1544193,3,caught,1,decode
8480,zeroed_run,2532310,3933,caught,1,decode
8481,truncation,833066,4842703,caught,1,decode
8482,header,872,1,caught,1,decode
8483,payload,5027910,1,SILENT,0,decode
8484,bit_flip,1725594,1,SILENT,0,decode
8485,random_bytes,1970752,10,caught,1,decode
8486,zeroed_run,4960783,2515,caught,1,decode
8487,truncation,2667430,3008339,caught,1,decode
8488,header,428,1,SILENT,0,decode
8489,payload,2652438,1,SILENT,0,decode
8490,bit_flip,3841185,1,caught,1,decode
8491,random_bytes,3640777,2,caught,1,decode
8492,zeroed_run,4066688,2989,caught,1,decode
8493,truncation,4847094,828675,caught,1,decode
8494,header,297,1,SILENT,0,decode
8495,payload,576343,1,caught,1,decode
8496,bit_flip,1543411,1,SILENT,0,decode
8497,random_bytes,3767839,6,caught,1,decode
8498,zeroed_run,1488518,2145,caught,1,decode
8499,truncation,5373503,302266,caught,1,decode
8500,header,530,1,SILENT,0,decode
8501,payload,4768500,1,caught,1,decode
8502,bit_flip,3629612,1,caught,1,decode
8503,random_bytes,5223164,15,caught,1,decode
8504,zeroed_run,1483317,3731,caught,1,decode
8505,truncation,4150354,1525415,caught,1,decode
8506,header,1013,1,SILENT,0,decode
8507,payload,3504514,1,SILENT,0,decode
8508,bit_flip,925316,1,SILENT,0,decode
8509,random_bytes,622496,5,caught,1,decode
8510,zeroed_run,3561884,4040,caught,1,decode
8511,truncation,1449965,4225804,caught,1,decode
8512,header,362,1,caught,1,decode
8513,payload,4159492,1,SILENT,0,decode
8514,bit_flip,4403340,1,SILENT,0,decode
8515,random_bytes,1028627,10,caught,1,decode
8516,zeroed_run,3376874,3439,caught,1,decode
8517,truncation,1120644,4555125,caught,1,decode
8518,header,148,1,SILENT,0,decode
8519,payload,1814801,1,caught,1,decode
8520,bit_flip,3800848,1,SILENT,0,decode
8521,random_bytes,4732537,3,caught,1,decode
8522,zeroed_run,1890462,4033,caught,1,decode
8523,truncation,4162011,1513758,caught,1,decode
8524,header,221,1,SILENT,0,decode
8525,payload,788881,1,SILENT,0,decode
8526,bit_flip,2066166,1,SILENT,0,decode
8527,random_bytes,3277805,7,caught,1,decode
8528,zeroed_run,5136687,2250,caught,1,decode
8529,truncation,1050830,4624939,caught,1,decode
8530,header,465,1,SILENT,0,decode
8531,payload,787734,1,caught,1,decode
8532,bit_flip,3576198,1,SILENT,0,decode
8533,random_bytes,5210071,8,caught,1,decode
8534,zeroed_run,5434763,847,caught,1,decode
8535,truncation,4025874,1649895,caught,1,decode
8536,header,660,1,SILENT,0,decode
8537,payload,1180071,1,SILENT,0,decode
8538,bit_flip,2328043,1,SILENT,0,decode
8539,random_bytes,815777,14,caught,1,decode
8540,zeroed_run,4199739,1876,caught,1,decode
8541,truncation,4459872,1215897,caught,1,decode
8542,header,116,1,caught,1,decode
8543,payload,2496686,1,SILENT,0,decode
8544,bit_flip,1029961,1,caught,1,decode
8545,random_bytes,1552457,2,caught,1,decode
8546,zeroed_run,1500703,1090,caught,1,decode
8547,truncation,3731243,1944526,caught,1,decode
8548,header,687,1,caught,1,decode
8549,payload,1772050,1,SILENT,0,decode
8550,bit_flip,2001367,1,SILENT,0,decode
8551,random_bytes,1135413,15,caught,1,decode
8552,zeroed_run,548748,3629,caught,1,decode
8553,truncation,1181519,4494250,caught,1,decode
8554,header,730,1,SILENT,0,decode
8555,payload,4381316,1,SILENT,0,decode
8556,bit_flip,4521639,1,SILENT,0,decode
8557,random_bytes,230121,10,caught,1,decode
8558,zeroed_run,1747502,3746,caught,1,decode
8559,truncation,4540804,1134965,caught,1,decode
8560,header,719,1,SILENT,0,decode
8561,payload,4441079,1,SILENT,0,decode
8562,bit_flip,3552228,1,SILENT,0,decode
8563,random_bytes,2159301,4,caught,1,decode
8564,zeroed_run,4370485,508,caught,1,decode
8565,truncation,2721982,2953787,caught,1,decode
8566,header,527,1,caught,1,decode
8567,payload,1741785,1,SILENT,0,decode
8568,bit_flip,734420,1,caught,1,decode
8569,random_bytes,1202419,15,caught,1,decode
8570,zeroed_run,5630552,588,caught,1,decode
8571,truncation,2662322,3013447,caught,1,decode
8572,header,855,1,SILENT,0,decode
8573,payload,5274690,1,caught,1,decode
8574,bit_flip,329277,1,SILENT,0,decode
8575,random_bytes,284849,3,caught,1,decode
8576,zeroed_run,4975169,1099,caught,1,decode
8577,truncation,2506039,3169730,caught,1,decode
8578,header,503,1,SILENT,0,decode
8579,payload,5512617,1,SILENT,0,decode
8580,bit_flip,3529556,1,SILENT,0,decode
8581,random_bytes,2709569,1,caught,1,decode
8582,zeroed_run,3709144,944,caught,1,decode
8583,truncation,2717185,2958584,caught,1,decode
8584,header,163,1,SILENT,0,decode
8585,payload,2303234,1,caught,1,decode
8586,bit_flip,1105051,1,SILENT,0,decode
8587,random_bytes,3415321,10,caught,1,decode
8588,zeroed_run,218031,396,caught,1,decode
8589,truncation,4599290,1076479,caught,1,decode
8590,header,227,1,SILENT,0,decode
8591,payload,1975631,1,SILENT,0,decode
8592,bit_flip,3217738,1,SILENT,0,decode
8593,random_bytes,4937313,14,caught,1,decode
8594,zeroed_run,5544290,3176,caught,1,decode
8595,truncation,701232,4974537,caught,1,decode
8596,header,450,1,SILENT,0,decode
8597,payload,4095747,1,caught,1,decode
8598,bit_flip,1310953,1,SILENT,0,decode
8599,random_bytes,5363648,4,SILENT,0,decode
8600,zeroed_run,797501,1255,caught,1,decode
8601,truncation,2089737,3586032,caught,1,decode
8602,header,595,1,SILENT,0,decode
8603,payload,1802942,1,SILENT,0,decode
8604,bit_flip,495900,1,caught,1,decode
8605,random_bytes,4142172,1,SILENT,0,decode
8606,zeroed_run,110675,1460,caught,1,decode
8607,truncation,5079876,595893,caught,1,decode
8608,header,972,1,SILENT,0,decode
8609,payload,2439687,1,SILENT,0,decode
8610,bit_flip,4834343,1,SILENT,0,decode
8611,random_bytes,3222730,15,caught,1,decode
8612,zeroed_run,1577405,1987,caught,1,decode
8613,truncation,509164,5166605,caught,1,decode
8614,header,975,1,caught,1,decode
8615,payload,1476038,1,SILENT,0,decode
8616,bit_flip,5351724,1,caught,1,decode
8617,random_bytes,656485,2,caught,1,decode
8618,zeroed_run,4065636,3055,caught,1,decode
8619,truncation,3653073,2022696,caught,1,decode
8620,header,32,1,caught,1,decode
8621,payload,865233,1,caught,1,decode
8622,bit_flip,5292999,1,SILENT,0,decode
8623,random_bytes,1401974,16,caught,1,decode
8624,zeroed_run,4424369,1413,caught,1,decode
8625,truncation,5474182,201587,caught,1,decode
8626,header,580,1,SILENT,0,decode
8627,payload,1246420,1,SILENT,0,decode
8628,bit_flip,2461846,1,SILENT,0,decode
8629,random_bytes,4205517,1,SILENT,0,decode
8630,zeroed_run,3553940,945,caught,1,decode
8631,truncation,4655999,1019770,caught,1,decode
8632,header,519,1,SILENT,0,decode
8633,payload,4598134,1,SILENT,0,decode
8634,bit_flip,5103258,1,SILENT,0,decode
8635,random_bytes,794631,7,caught,1,decode
8636,zeroed_run,5071200,3381,caught,1,decode
8637,truncation,1170374,4505395,caught,1,decode
8638,header,507,1,SILENT,0,decode
8639,payload,1454716,1,SILENT,0,decode
8640,bit_flip,2650138,1,SILENT,0,decode
8641,random_bytes,2758439,5,caught,1,decode
8642,zeroed_run,3101636,526,caught,1,decode
8643,truncation,779935,4895834,caught,1,decode
8644,header,795,1,SILENT,0,decode
8645,payload,3510727,1,SILENT,0,decode
8646,bit_flip,3006167,1,caught,1,decode
8647,random_bytes,2190321,13,caught,1,decode
8648,zeroed_run,4719871,3106,caught,1,decode
8649,truncation,1572958,4102811,caught,1,decode
8650,header,186,1,SILENT,0,decode
8651,payload,1584655,1,SILENT,0,decode
8652,bit_flip,4185452,1,SILENT,0,decode
8653,random_bytes,452595,13,caught,1,decode
8654,zeroed_run,1407586,3933,caught,1,decode
8655,truncation,194598,5481171,caught,1,decode
8656,header,744,1,SILENT,0,decode
8657,payload,1606374,1,caught,1,decode
8658,bit_flip,1506314,1,SILENT,0,decode
8659,random_bytes,3007789,7,caught,1,decode
8660,zeroed_run,1876096,2480,caught,1,decode
8661,truncation,4147494,1528275,caught,1,decode
8662,header,816,1,caught,1,decode
8663,payload,4135332,1,SILENT,0,decode
8664,bit_flip,4273717,1,SILENT,0,decode
8665,random_bytes,1147610,13,caught,1,decode
8666,zeroed_run,309705,2844,caught,1,decode
8667,truncation,1079059,4596710,caught,1,decode
8668,header,130,1,caught,1,decode
8669,payload,5139680,1,SILENT,0,decode
8670,bit_flip,4655033,1,caught,1,decode
8671,random_bytes,3130015,6,caught,1,decode
8672,zeroed_run,866385,3986,caught,1,decode
8673,truncation,895238,4780531,caught,1,decode
8674,header,871,1,SILENT,0,decode
8675,payload,4397571,1,caught,1,decode
8676,bit_flip,1555445,1,SILENT,0,decode
8677,random_bytes,4494662,13,caught,1,decode
8678,zeroed_run,3675891,2460,caught,1,decode
8679,truncation,1203264,4472505,caught,1,decode
8680,header,448,1,SILENT,0,decode
8681,payload,1840702,1,SILENT,0,decode
8682,bit_flip,4789311,1,SILENT,0,decode
8683,random_bytes,1157627,9,caught,1,decode
8684,zeroed_run,1985066,1515,caught,1,decode
8685,truncation,2718493,2957276,caught,1,decode
8686,header,595,1,SILENT,0,decode
8687,payload,4644695,1,SILENT,0,decode
8688,bit_flip,5669132,1,SILENT,0,decode
8689,random_bytes,497602,13,caught,1,decode
8690,zeroed_run,1281778,2967,caught,1,decode
8691,truncation,480348,5195421,caught,1,decode
8692,header,252,1,SILENT,0,decode
8693,payload,2700193,1,SILENT,0,decode
8694,bit_flip,1479995,1,SILENT,0,decode
8695,random_bytes,1330244,6,caught,1,decode
8696,zeroed_run,3757811,3072,caught,1,decode
8697,truncation,4934743,741026,caught,1,decode
8698,header,340,1,caught,1,decode
8699,payload,14979,1,SILENT,0,decode
8700,bit_flip,266918,1,SILENT,0,decode
8701,random_bytes,1846327,15,caught,1,decode
8702,zeroed_run,2020209,2222,caught,1,decode
8703,truncation,1606008,4069761,caught,1,decode
8704,header,515,1,SILENT,0,decode
8705,payload,3735048,1,SILENT,0,decode
8706,bit_flip,5397209,1,caught,1,decode
8707,random_bytes,1866889,9,caught,1,decode
8708,zeroed_run,3474727,1944,caught,1,decode
8709,truncation,3328483,2347286,caught,1,decode
8710,header,968,1,SILENT,0,decode
8711,payload,4166133,1,SILENT,0,decode
8712,bit_flip,4238377,1,SILENT,0,decode
8713,random_bytes,507969,12,caught,1,decode
8714,zeroed_run,3717158,915,caught,1,decode
8715,truncation,1185171,4490598,caught,1,decode
8716,header,70,1,SILENT,0,decode
8717,payload,1661173,1,SILENT,0,decode
8718,bit_flip,3132248,1,SILENT,0,decode
8719,random_bytes,889260,6,caught,1,decode
8720,zeroed_run,4030839,1283,caught,1,decode
8721,truncation,3727242,1948527,caught,1,decode
8722,header,834,1,SILENT,0,decode
8723,payload,678840,1,SILENT,0,decode
8724,bit_flip,4527195,1,SILENT,0,decode
8725,random_bytes,3228482,6,caught,1,decode
8726,zeroed_run,1125399,2193,caught,1,decode
8727,truncation,1663008,4012761,caught,1,decode
8728,header,849,1,SILENT,0,decode
8729,payload,2862112,1,caught,1,decode
8730,bit_flip,4748706,1,SILENT,0,decode
8731,random_bytes,5646043,12,caught,1,decode
8732,zeroed_run,3308569,3960,caught,1,decode
8733,truncation,2732432,2943337,caught,1,decode
8734,header,1022,1,SILENT,0,decode
8735,payload,4016469,1,caught,1,decode
8736,bit_flip,1917146,1,SILENT,0,decode
8737,random_bytes,5401502,5,caught,1,decode
8738,zeroed_run,498453,2404,caught,1,decode
8739,truncation,5568923,106846,caught,1,decode
8740,header,767,1,SILENT,0,decode
8741,payload,3402853,1,SILENT,0,decode
8742,bit_flip,2252878,1,SILENT,0,decode
8743,random_bytes,4639195,15,caught,1,decode
8744,zeroed_run,673917,1874,caught,1,decode
8745,truncation,1718211,3957558,caught,1,decode
8746,header,523,1,caught,1,decode
8747,payload,4947447,1,caught,1,decode
8748,bit_flip,1547187,1,caught,1,decode
8749,random_bytes,629284,10,caught,1,decode
8750,zeroed_run,313377,1424,caught,1,decode
8751,truncation,1534653,4141116,caught,1,decode
8752,header,759,1,caught,1,decode
8753,payload,2885224,1,caught,1,decode
8754,bit_flip,2512787,1,SILENT,0,decode
8755,random_bytes,536590,12,caught,1,decode
8756,zeroed_run,5349690,3653,caught,1,decode
8757,truncation,2096368,3579401,caught,1,decode
8758,header,206,1,SILENT,0,decode
8759,payload,5352568,1,SILENT,0,decode
8760,bit_flip,3237714,1,SILENT,0,decode
8761,random_bytes,890000,16,caught,1,decode
8762,zeroed_run,999274,2957,caught,1,decode
8763,truncation,3203073,2472696,caught,1,decode
8764,header,381,1,SILENT,0,decode
8765,payload,3556131,1,caught,1,decode
8766,bit_flip,5388340,1,caught,1,decode
8767,random_bytes,3650860,1,SILENT,0,decode
8768,zeroed_run,2455887,3030,caught,1,decode
8769,truncation,2528175,3147594,caught,1,decode
8770,header,177,1,SILENT,0,decode
8771,payload,2191614,1,SILENT,0,decode
8772,bit_flip,2223410,1,SILENT,0,decode
8773,random_bytes,4345606,9,caught,1,decode
8774,zeroed_run,5118692,3941,caught,1,decode
8775,truncation,1686082,3989687,caught,1,decode
8776,header,281,1,SILENT,0,decode
8777,payload,2072509,1,SILENT,0,decode
8778,bit_flip,4161960,1,SILENT,0,decode
8779,random_bytes,4480824,2,caught,1,decode
8780,zeroed_run,5136940,1373,caught,1,decode
8781,truncation,1654518,4021251,caught,1,decode
8782,header,606,1,SILENT,0,decode
8783,payload,5407879,1,caught,1,decode
8784,bit_flip,926228,1,caught,1,decode
8785,random_bytes,915742,5,caught,1,decode
8786,zeroed_run,3244631,905,caught,1,decode
8787,truncation,1522570,4153199,caught,1,decode
8788,header,90,1,SILENT,0,decode
8789,payload,1297518,1,SILENT,0,decode
8790,bit_flip,882347,1,caught,1,decode
8791,random_bytes,4781887,14,caught,1,decode
8792,zeroed_run,5656123,941,caught,1,decode
8793,truncation,5064703,611066,caught,1,decode
8794,header,98,1,SILENT,0,decode
8795,payload,4322360,1,SILENT,0,decode
8796,bit_flip,4380210,1,SILENT,0,decode
8797,random_bytes,1573914,6,caught,1,decode
8798,zeroed_run,4285543,4031,caught,1,decode
8799,truncation,775973,4899796,caught,1,decode
8800,header,947,1,SILENT,0,decode
8801,payload,5521179,1,SILENT,0,decode
8802,bit_flip,4094964,1,SILENT,0,decode
8803,random_bytes,246874,15,caught,1,decode
8804,zeroed_run,1956456,2414,caught,1,decode
8805,truncation,565085,5110684,caught,1,decode
8806,header,789,1,caught,1,decode
8807,payload,3381451,1,SILENT,0,decode
8808,bit_flip,4235322,1,SILENT,0,decode
8809,random_bytes,4884060,7,caught,1,decode
8810,zeroed_run,1099354,776,caught,1,decode
8811,truncation,4387791,1287978,caught,1,decode
8812,header,979,1,SILENT,0,decode
8813,payload,3269150,1,caught,1,decode
8814,bit_flip,4281749,1,SILENT,0,decode
8815,random_bytes,4712591,3,caught,1,decode
8816,zeroed_run,340884,273,caught,1,decode
8817,truncation,4214265,1461504,caught,1,decode
8818,header,655,1,caught,1,decode
8819,payload,274510,1,SILENT,0,decode
8820,bit_flip,4309232,1,SILENT,0,decode
8821,random_bytes,5579312,2,caught,1,decode
8822,zeroed_run,5575309,1562,caught,1,decode
8823,truncation,1521968,4153801,caught,1,decode
8824,header,358,1,SILENT,0,decode
8825,payload,4720386,1,SILENT,0,decode
8826,bit_flip,1969925,1,SILENT,0,decode
8827,random_bytes,77755,16,caught,1,decode
8828,zeroed_run,369387,2045,caught,1,decode
8829,truncation,413824,5261945,caught,1,decode
8830,header,121,1,SILENT,0,decode
8831,payload,816308,1,SILENT,0,decode
8832,bit_flip,2396682,1,caught,1,decode
8833,random_bytes,4321807,3,caught,1,decode
8834,zeroed_run,121892,1037,caught,1,decode
8835,truncation,4198565,1477204,caught,1,decode
8836,header,605,1,SILENT,0,decode
8837,payload,4223416,1,SILENT,0,decode
8838,bit_flip,608901,1,SILENT,0,decode
8839,random_bytes,3272652,9,caught,1,decode
8840,zeroed_run,1550664,466,caught,1,decode
8841,truncation,2610409,3065360,caught,1,decode
8842,header,255,1,SILENT,0,decode
8843,payload,4510118,1,SILENT,0,decode
8844,bit_flip,3881802,1,SILENT,0,decode
8845,random_bytes,4278385,9,caught,1,decode
8846,zeroed_run,318846,1671,caught,1,decode
8847,truncation,1156950,4518819,caught,1,decode
8848,header,597,1,SILENT,0,decode
8849,payload,3829840,1,SILENT,0,decode
8850,bit_flip,283387,1,SILENT,0,decode
8851,random_bytes,4634957,6,caught,1,decode
8852,zeroed_run,2308346,3005,caught,1,decode
8853,truncation,5162187,513582,caught,1,decode
8854,header,535,1,SILENT,0,decode
8855,payload,993129,1,SILENT,0,decode
8856,bit_flip,779938,1,SILENT,0,decode
8857,random_bytes,1599490,6,caught,1,decode
8858,zeroed_run,1155371,2348,caught,1,decode
8859,truncation,3691412,1984357,caught,1,decode
8860,header,701,1,SILENT,0,decode
8861,payload,4810910,1,SILENT,0,decode
8862,bit_flip,5078328,1,caught,1,decode
8863,random_bytes,2534621,5,caught,1,decode
8864,zeroed_run,2085239,1731,caught,1,decode
8865,truncation,3176925,2498844,caught,1,decode
8866,header,912,1,SILENT,0,decode
8867,payload,609684,1,SILENT,0,decode
8868,bit_flip,482363,1,caught,1,decode
8869,random_bytes,2394521,13,caught,1,decode
8870,zeroed_run,3280398,582,caught,1,decode
8871,truncation,3696905,1978864,caught,1,decode
8872,header,1013,1,caught,1,decode
8873,payload,2925541,1,SILENT,0,decode
8874,bit_flip,625382,1,SILENT,0,decode
8875,random_bytes,5274131,11,caught,1,decode
8876,zeroed_run,3440597,141,caught,1,decode
8877,truncation,1242202,4433567,caught,1,decode
8878,header,60,1,SILENT,0,decode
8879,payload,4763334,1,caught,1,decode
8880,bit_flip,4389691,1,SILENT,0,decode
8881,random_bytes,2282465,11,caught,1,decode
8882,zeroed_run,2874154,2355,caught,1,decode
8883,truncation,4499702,1176067,caught,1,decode
8884,header,524,1,SILENT,0,decode
8885,payload,1227980,1,SILENT,0,decode
8886,bit_flip,728083,1,SILENT,0,decode
8887,random_bytes,4202949,1,SILENT,0,decode
8888,zeroed_run,1287973,713,caught,1,decode
8889,truncation,1825981,3849788,caught,1,decode
8890,header,510,1,SILENT,0,decode
8891,payload,4311112,1,SILENT,0,decode
8892,bit_flip,3839416,1,caught,1,decode
8893,random_bytes,4865067,9,caught,1,decode
8894,zeroed_run,5064317,3958,caught,1,decode
8895,truncation,4964599,711170,caught,1,decode
8896,header,735,1,SILENT,0,decode
8897,payload,488484,1,SILENT,0,decode
8898,bit_flip,3202738,1,SILENT,0,decode
8899,random_bytes,3219536,1,SILENT,0,decode
8900,zeroed_run,459389,1875,caught,1,decode
8901,truncation,3830909,1844860,caught,1,decode
8902,header,1005,1,SILENT,0,decode
8903,payload,735883,1,SILENT,0,decode
8904,bit_flip,3014650,1,SILENT,0,decode
8905,random_bytes,467009,9,caught,1,decode
8906,zeroed_run,3925235,1457,caught,1,decode
8907,truncation,5538006,137763,caught,1,decode
8908,header,882,1,SILENT,0,decode
8909,payload,378321,1,SILENT,0,decode
8910,bit_flip,2860314,1,caught,1,decode
8911,random_bytes,4552434,12,caught,1,decode
8912,zeroed_run,3058328,1978,caught,1,decode
8913,truncation,4241321,1434448,caught,1,decode
8914,header,776,1,SILENT,0,decode
8915,payload,4788809,1,SILENT,0,decode
8916,bit_flip,2274409,1,SILENT,0,decode
8917,random_bytes,4563457,4,caught,1,decode
8918,zeroed_run,958893,3701,caught,1,decode
8919,truncation,462756,5213013,caught,1,decode
8920,header,636,1,caught,1,decode
8921,payload,2218657,1,SILENT,0,decode
8922,bit_flip,4957572,1,SILENT,0,decode
8923,random_bytes,5577196,13,caught,1,decode
8924,zeroed_run,3873527,800,caught,1,decode
8925,truncation,3610364,2065405,caught,1,decode
8926,header,390,1,SILENT,0,decode
8927,payload,5209577,1,SILENT,0,decode
8928,bit_flip,815491,1,SILENT,0,decode
8929,random_bytes,1710307,12,caught,1,decode
8930,zeroed_run,5049105,104,caught,1,decode
8931,truncation,2393068,3282701,caught,1,decode
8932,header,469,1,SILENT,0,decode
8933,payload,3523362,1,caught,1,decode
8934,bit_flip,3218796,1,SILENT,0,decode
8935,random_bytes,1678941,12,caught,1,decode
8936,zeroed_run,2534933,4023,caught,1,decode
8937,truncation,2249810,3425959,caught,1,decode
8938,header,693,1,SILENT,0,decode
8939,payload,567014,1,SILENT,0,decode
8940,bit_flip,2115115,1,SILENT,0,decode
8941,random_bytes,51755,1,SILENT,0,decode
8942,zeroed_run,5450420,251,caught,1,decode
8943,truncation,2366260,3309509,caught,1,decode
8944,header,303,1,SILENT,0,decode
8945,payload,5111660,1,SILENT,0,decode
8946,bit_flip,1725701,1,SILENT,0,decode
8947,random_bytes,2211713,5,caught,1,decode
8948,zeroed_run,2004654,2622,caught,1,decode
8949,truncation,5091165,584604,caught,1,decode
8950,header,138,1,caught,1,decode
8951,payload,4828493,1,caught,1,decode
8952,bit_flip,1639270,1,SILENT,0,decode
8953,random_bytes,5086217,1,SILENT,0,decode
8954,zeroed_run,3626027,3845,caught,1,decode
8955,truncation,4314637,1361132,caught,1,decode
8956,header,984,1,SILENT,0,decode
8957,payload,1753460,1,caught,1,decode
8958,bit_flip,1414212,1,caught,1,decode
8959,random_bytes,1352395,2,caught,1,decode
8960,zeroed_run,391936,3609,caught,1,decode
8961,truncation,4715701,960068,caught,1,decode
8962,header,736,1,caught,1,decode
8963,payload,2959260,1,SILENT,0,decode
8964,bit_flip,3913500,1,caught,1,decode
8965,random_bytes,509567,2,caught,1,decode
8966,zeroed_run,5545461,1401,caught,1,decode
8967,truncation,5039817,635952,caught,1,decode
8968,header,475,1,SILENT,0,decode
8969,payload,1927863,1,SILENT,0,decode
8970,bit_flip,1601470,1,SILENT,0,decode
8971,random_bytes,4962590,3,caught,1,decode
8972,zeroed_run,974857,3316,caught,1,decode
8973,truncation,2139674,3536095,caught,1,decode
8974,header,355,1,caught,1,decode
8975,payload,5125033,1,SILENT,0,decode
8976,bit_flip,4920060,1,SILENT,0,decode
8977,random_bytes,1484196,2,caught,1,decode
8978,zeroed_run,1739344,2046,caught,1,decode
8979,truncation,2412669,3263100,caught,1,decode
8980,header,653,1,SILENT,0,decode
8981,payload,4241414,1,caught,1,decode
8982,bit_flip,4453673,1,SILENT,0,decode
8983,random_bytes,4326263,15,caught,1,decode
8984,zeroed_run,4638663,2050,caught,1,decode
8985,truncation,4583082,1092687,caught,1,decode
8986,header,25,1,caught,1,decode
8987,payload,1834841,1,caught,1,decode
8988,bit_flip,128192,1,SILENT,0,decode
8989,random_bytes,2254049,2,caught,1,decode
8990,zeroed_run,3336653,3075,caught,1,decode
8991,truncation,5074526,601243,caught,1,decode
8992,header,191,1,SILENT,0,decode
8993,payload,1210812,1,SILENT,0,decode
8994,bit_flip,4732802,1,caught,1,decode
8995,random_bytes,4974431,8,caught,1,decode
8996,zeroed_run,4253786,3921,caught,1,decode
8997,truncation,3166603,2509166,caught,1,decode
8998,header,877,1,SILENT,0,decode
8999,payload,5031781,1,SILENT,0,decode
9000,bit_flip,1023640,1,caught,1,decode
9001,random_bytes,2409437,8,caught,1,decode
9002,zeroed_run,631656,239,caught,1,decode
9003,truncation,3955212,1720557,caught,1,decode
9004,header,594,1,SILENT,0,decode
9005,payload,2363798,1,SILENT,0,decode
9006,bit_flip,5084083,1,SILENT,0,decode
9007,random_bytes,2626994,8,caught,1,decode
9008,zeroed_run,5002116,156,caught,1,decode
9009,truncation,573682,5102087,caught,1,decode
9010,header,917,1,SILENT,0,decode
9011,payload,3130708,1,SILENT,0,decode
9012,bit_flip,2034595,1,SILENT,0,decode
9013,random_bytes,3920110,13,caught,1,decode
9014,zeroed_run,2286041,674,caught,1,decode
9015,truncation,2428494,3247275,caught,1,decode
9016,header,812,1,SILENT,0,decode
9017,payload,2978288,1,SILENT,0,decode
9018,bit_flip,3868786,1,SILENT,0,decode
9019,random_bytes,994913,1,caught,1,decode
9020,zeroed_run,3909307,2494,caught,1,decode
9021,truncation,365609,5310160,caught,1,decode
9022,header,479,1,SILENT,0,decode
9023,payload,2364129,1,SILENT,0,decode
9024,bit_flip,1067464,1,SILENT,0,decode
9025,random_bytes,4828094,8,caught,1,decode
9026,zeroed_run,147280,2706,caught,1,decode
9027,truncation,1264848,4410921,caught,1,decode
9028,header,732,1,caught,1,decode
9029,payload,3244693,1,SILENT,0,decode
9030,bit_flip,4206087,1,SILENT,0,decode
9031,random_bytes,5411466,5,caught,1,decode
9032,zeroed_run,2389710,2252,caught,1,decode
9033,truncation,5509744,166025,caught,1,decode
9034,header,130,1,caught,1,decode
9035,payload,2842918,1,SILENT,0,decode
9036,bit_flip,5549272,1,SILENT,0,decode
9037,random_bytes,2187497,11,caught,1,decode
9038,zeroed_run,2480266,1233,caught,1,decode
9039,truncation,3882995,1792774,caught,1,decode
9040,header,2,1,caught,1,decode
9041,payload,4701248,1,SILENT,0,decode
9042,bit_flip,2210663,1,SILENT,0,decode
9043,random_bytes,2099708,16,caught,1,decode
9044,zeroed_run,1664685,1611,caught,1,decode
9045,truncation,2795396,2880373,caught,1,decode
9046,header,740,1,SILENT,0,decode
9047,payload,1486919,1,SILENT,0,decode
9048,bit_flip,4928248,1,caught,1,decode
9049,random_bytes,4850366,7,caught,1,decode
9050,zeroed_run,1112229,686,caught,1,decode
9051,truncation,2858773,2816996,caught,1,decode
9052,header,525,1,caught,1,decode
9053,payload,55111,1,SILENT,0,decode
9054,bit_flip,4149496,1,SILENT,0,decode
9055,random_bytes,77739,6,caught,1,decode
9056,zeroed_run,3054226,2254,caught,1,decode
9057,truncation,2194994,3480775,caught,1,decode
9058,header,291,1,SILENT,0,decode
9059,payload,5599529,1,SILENT,0,decode
9060,bit_flip,4013245,1,SILENT,0,decode
9061,random_bytes,4620542,9,caught,1,decode
9062,zeroed_run,5506282,1723,caught,1,decode
9063,truncation,2414982,3260787,caught,1,decode
9064,header,412,1,SILENT,0,decode
9065,payload,2591375,1,SILENT,0,decode
9066,bit_flip,1957873,1,SILENT,0,decode
9067,random_bytes,4859326,12,caught,1,decode
9068,zeroed_run,3397290,1626,caught,1,decode
9069,truncation,827824,4847945,caught,1,decode
9070,header,735,1,SILENT,0,decode
9071,payload,1429441,1,SILENT,0,decode
9072,bit_flip,2217523,1,SILENT,0,decode
9073,random_bytes,5368113,2,SILENT,0,decode
9074,zeroed_run,5057173,1126,caught,1,decode
9075,truncation,5533768,142001,caught,1,decode
9076,header,886,1,SILENT,0,decode
9077,payload,2660037,1,caught,1,decode
9078,bit_flip,1887003,1,SILENT,0,decode
9079,random_bytes,4024979,7,caught,1,decode
9080,zeroed_run,3627290,2770,caught,1,decode
9081,truncation,727477,4948292,caught,1,decode
9082,header,937,1,SILENT,0,decode
9083,payload,1209710,1,caught,1,decode
9084,bit_flip,2684095,1,caught,1,decode
9085,random_bytes,1460859,11,caught,1,decode
9086,zeroed_run,1847992,2447,caught,1,decode
9087,truncation,5606800,68969,caught,1,decode
9088,header,186,1,SILENT,0,decode
9089,payload,47621,1,caught,1,decode
9090,bit_flip,5435763,1,SILENT,0,decode
9091,random_bytes,2369412,9,caught,1,decode
9092,zeroed_run,4730652,372,caught,1,decode
9093,truncation,391339,5284430,caught,1,decode
9094,header,963,1,caught,1,decode
9095,payload,1650103,1,SILENT,0,decode
9096,bit_flip,3300811,1,SILENT,0,decode
9097,random_bytes,1773976,12,caught,1,decode
9098,zeroed_run,3047983,3092,caught,1,decode
9099,truncation,3733332,1942437,caught,1,decode
9100,header,713,1,SILENT,0,decode
9101,payload,1373122,1,SILENT,0,decode
9102,bit_flip,852637,1,SILENT,0,decode
9103,random_bytes,2934107,13,caught,1,decode
9104,zeroed_run,5088177,1289,caught,1,decode
9105,truncation,2830936,2844833,caught,1,decode
9106,header,708,1,SILENT,0,decode
9107,payload,4794646,1,SILENT,0,decode
9108,bit_flip,3309640,1,caught,1,decode
9109,random_bytes,1680804,8,caught,1,decode
9110,zeroed_run,1739352,2639,caught,1,decode
9111,truncation,4760051,915718,caught,1,decode
9112,header,121,1,SILENT,0,decode
9113,payload,4420977,1,SILENT,0,decode
9114,bit_flip,1648598,1,caught,1,decode
9115,random_bytes,5366720,9,caught,1,decode
9116,zeroed_run,761638,825,caught,1,decode
9117,truncation,2780366,2895403,caught,1,decode
9118,header,344,1,SILENT,0,decode
9119,payload,5266859,1,caught,1,decode
9120,bit_flip,4675267,1,SILENT,0,decode
9121,random_bytes,296639,9,caught,1,decode
9122,zeroed_run,455353,2778,caught,1,decode
9123,truncation,987828,4687941,caught,1,decode
9124,header,130,1,SILENT,0,decode
9125,payload,169085,1,SILENT,0,decode
9126,bit_flip,4236907,1,caught,1,decode
9127,random_bytes,463253,7,caught,1,decode
9128,zeroed_run,609082,4076,caught,1,decode
9129,truncation,2548750,3127019,caught,1,decode
9130,header,168,1,SILENT,0,decode
9131,payload,1260437,1,caught,1,decode
9132,bit_flip,4754292,1,SILENT,0,decode
9133,random_bytes,1057987,7,caught,1,decode
9134,zeroed_run,4125731,285,caught,1,decode
9135,truncation,687805,4987964,caught,1,decode
9136,header,916,1,SILENT,0,decode
9137,payload,3423103,1,caught,1,decode
9138,bit_flip,4165377,1,SILENT,0,decode
9139,random_bytes,1645910,8,caught,1,decode
9140,zeroed_run,605576,1630,caught,1,decode
9141,truncation,1695496,3980273,caught,1,decode
9142,header,31,1,caught,1,decode
9143,payload,2082582,1,SILENT,0,decode
9144,bit_flip,5608679,1,SILENT,0,decode
9145,random_bytes,4633280,2,caught,1,decode
9146,zeroed_run,4536732,3397,caught,1,decode
9147,truncation,537440,5138329,caught,1,decode
9148,header,626,1,SILENT,0,decode
9149,payload,4037380,1,SILENT,0,decode
9150,bit_flip,819591,1,SILENT,0,decode
9151,random_bytes,4215290,13,caught,1,decode
9152,zeroed_run,3305993,1898,caught,1,decode
9153,truncation,1000156,4675613,caught,1,decode
9154,header,492,1,SILENT,0,decode
9155,payload,5361822,1,SILENT,0,decode
9156,bit_flip,3249838,1,SILENT,0,decode
9157,random_bytes,3731210,11,caught,1,decode
9158,zeroed_run,1039485,3601,caught,1,decode
9159,truncation,243932,5431837,caught,1,decode
9160,header,501,1,SILENT,0,decode
9161,payload,2461171,1,SILENT,0,decode
9162,bit_flip,2121226,1,SILENT,0,decode
9163,random_bytes,3972996,5,caught,1,decode
9164,zeroed_run,2971140,597,caught,1,decode
9165,truncation,673870,5001899,caught,1,decode
9166,header,824,1,caught,1,decode
9167,payload,4798694,1,SILENT,0,decode
9168,bit_flip,5662558,1,SILENT,0,decode
9169,random_bytes,2960107,8,caught,1,decode
9170,zeroed_run,161405,1225,caught,1,decode
9171,truncation,1068484,4607285,caught,1,decode
9172,header,25,1,SILENT,0,decode
9173,payload,5524435,1,SILENT,0,decode
9174,bit_flip,5174291,1,caught,1,decode
9175,random_bytes,3774837,12,caught,1,decode
9176,zeroed_run,4037608,897,caught,1,decode
9177,truncation,1650071,4025698,caught,1,decode
9178,header,340,1,SILENT,0,decode
9179,payload,3384563,1,SILENT,0,decode
9180,bit_flip,795998,1,SILENT,0,decode
9181,random_bytes,282383,12,caught,1,decode
9182,zeroed_run,4052694,1609,caught,1,decode
9183,truncation,4317825,1357944,caught,1,decode
9184,header,962,1,SILENT,0,decode
9185,payload,4072371,1,SILENT,0,decode
9186,bit_flip,2414890,1,SILENT,0,decode
9187,random_bytes,5014465,14,caught,1,decode
9188,zeroed_run,1407636,1848,caught,1,decode
9189,truncation,1242799,4432970,caught,1,decode
9190,header,492,1,SILENT,0,decode
9191,payload,687584,1,SILENT,0,decode
9192,bit_flip,4044297,1,SILENT,0,decode
9193,random_bytes,2378606,7,caught,1,decode
9194,zeroed_run,308462,1166,caught,1,decode
9195,truncation,777964,4897805,caught,1,decode
9196,header,681,1,SILENT,0,decode
9197,payload,1143875,1,SILENT,0,decode
9198,bit_flip,2652403,1,SILENT,0,decode
9199,random_bytes,2329680,9,caught,1,decode
9200,zeroed_run,2874324,4053,caught,1,decode
9201,truncation,3175701,2500068,caught,1,decode
9202,header,284,1,SILENT,0,decode
9203,payload,210124,1,SILENT,0,decode
9204,bit_flip,849134,1,SILENT,0,decode
9205,random_bytes,3616787,10,caught,1,decode
9206,zeroed_run,2080348,1718,caught,1,decode
9207,truncation,3923373,1752396,caught,1,decode
9208,header,82,1,SILENT,0,decode
9209,payload,3762026,1,caught,1,decode
9210,bit_flip,5532305,1,caught,1,decode
9211,random_bytes,2265287,14,caught,1,decode
9212,zeroed_run,4743069,1035,caught,1,decode
9213,truncation,4457668,1218101,caught,1,decode
9214,header,1002,1,SILENT,0,decode
9215,payload,2287328,1,SILENT,0,decode
9216,bit_flip,2462776,1,SILENT,0,decode
9217,random_bytes,1190771,7,caught,1,decode
9218,zeroed_run,3623756,751,caught,1,decode
9219,truncation,4490174,1185595,caught,1,decode
9220,header,691,1,SILENT,0,decode
9221,payload,5495812,1,SILENT,0,decode
9222,bit_flip,482748,1,caught,1,decode
9223,random_bytes,435455,15,caught,1,decode
9224,zeroed_run,3676111,229,caught,1,decode
9225,truncation,1457707,4218062,caught,1,decode
9226,header,440,1,SILENT,0,decode
9227,payload,4519291,1,SILENT,0,decode
9228,bit_flip,4316209,1,caught,1,decode
9229,random_bytes,5516760,3,caught,1,decode
9230,zeroed_run,4356613,3650,caught,1,decode
9231,truncation,3909240,1766529,caught,1,decode
9232,header,947,1,SILENT,0,decode
9233,payload,2145000,1,SILENT,0,decode
9234,bit_flip,1591819,1,SILENT,0,decode
9235,random_bytes,5234846,1,SILENT,0,decode
9236,zeroed_run,2896644,248,caught,1,decode
9237,truncation,4836565,839204,caught,1,decode
9238,header,331,1,SILENT,0,decode
9239,payload,2812615,1,SILENT,0,decode
9240,bit_flip,5263826,1,SILENT,0,decode
9241,random_bytes,5096731,13,caught,1,decode
9242,zeroed_run,1253714,4026,caught,1,decode
9243,truncation,3122494,2553275,caught,1,decode
9244,header,805,1,SILENT,0,decode
9245,payload,4871581,1,SILENT,0,decode
9246,bit_flip,5076412,1,SILENT,0,decode
9247,random_bytes,2053166,13,caught,1,decode
9248,zeroed_run,5191595,2679,caught,1,decode
9249,truncation,3655695,2020074,caught,1,decode
9250,header,825,1,caught,1,decode
9251,payload,5366825,1,caught,1,decode
9252,bit_flip,706770,1,SILENT,0,decode
9253,random_bytes,3524328,2,caught,1,decode
9254,zeroed_run,2598837,1449,caught,1,decode
9255,truncation,4443395,1232374,caught,1,decode
9256,header,270,1,SILENT,0,decode
9257,payload,443534,1,caught,1,decode
9258,bit_flip,919701,1,SILENT,0,decode
9259,random_bytes,4042980,3,caught,1,decode
9260,zeroed_run,2252713,482,caught,1,decode
9261,truncation,4625720,1050049,caught,1,decode
9262,header,518,1,SILENT,0,decode
9263,payload,115437,1,caught,1,decode
9264,bit_flip,5547930,1,SILENT,0,decode
9265,random_bytes,3698335,16,caught,1,decode
9266,zeroed_run,2763542,3387,caught,1,decode
9267,truncation,2141280,3534489,caught,1,decode
9268,header,677,1,SILENT,0,decode
9269,payload,4655534,1,SILENT,0,decode
9270,bit_flip,725300,1,caught,1,decode
9271,random_bytes,2616266,8,caught,1,decode
9272,zeroed_run,1170934,3514,caught,1,decode
9273,truncation,3268539,2407230,caught,1,decode
9274,header,132,1,SILENT,0,decode
9275,payload,2376643,1,SILENT,0,decode
9276,bit_flip,2535244,1,SILENT,0,decode
9277,random_bytes,5135392,9,caught,1,decode
9278,zeroed_run,2670329,1682,caught,1,decode
9279,truncation,612139,5063630,caught,1,decode
9280,header,626,1,SILENT,0,decode
9281,payload,1530701,1,caught,1,decode
9282,bit_flip,4109105,1,caught,1,decode
9283,random_bytes,4293403,4,caught,1,decode
9284,zeroed_run,3741814,2734,caught,1,decode
9285,truncation,2571610,3104159,caught,1,decode
9286,header,962,1,caught,1,decode
9287,payload,1027072,1,SILENT,0,decode
9288,bit_flip,3431924,1,caught,1,decode
9289,random_bytes,3885018,10,caught,1,decode
9290,zeroed_run,2280106,2003,caught,1,decode
9291,truncation,4495040,1180729,caught,1,decode
9292,header,582,1,SILENT,0,decode
9293,payload,2916314,1,SILENT,0,decode
9294,bit_flip,2899946,1,caught,1,decode
9295,random_bytes,2678779,9,caught,1,decode
9296,zeroed_run,3979796,3633,caught,1,decode
9297,truncation,3018468,2657301,caught,1,decode
9298,header,618,1,SILENT,0,decode
9299,payload,1567371,1,SILENT,0,decode
9300,bit_flip,1938233,1,SILENT,0,decode
9301,random_bytes,2286648,15,caught,1,decode
9302,zeroed_run,4624732,121,caught,1,decode
9303,truncation,5427026,248743,caught,1,decode
9304,header,256,1,caught,1,decode
9305,payload,2175681,1,caught,1,decode
9306,bit_flip,3491084,1,SILENT,0,decode
9307,random_bytes,5008711,11,caught,1,decode
9308,zeroed_run,1304715,2544,caught,1,decode
9309,truncation,3841297,1834472,caught,1,decode
9310,header,270,1,SILENT,0,decode
9311,payload,3287826,1,SILENT,0,decode
9312,bit_flip,2892236,1,caught,1,decode
9313,random_bytes,1812184,11,caught,1,decode
9314,zeroed_run,1202383,3497,caught,1,decode
9315,truncation,4957905,717864,caught,1,decode
9316,header,52,1,SILENT,0,decode
9317,payload,1360156,1,caught,1,decode
9318,bit_flip,3373663,1,SILENT,0,decode
9319,random_bytes,2568124,16,caught,1,decode
9320,zeroed_run,1965838,3508,caught,1,decode
9321,truncation,3774695,1901074,caught,1,decode
9322,header,690,1,SILENT,0,decode
9323,payload,3730590,1,SILENT,0,decode
9324,bit_flip,3436498,1,SILENT,0,decode
9325,random_bytes,5416247,13,caught,1,decode
9326,zeroed_run,3740782,1470,caught,1,decode
9327,truncation,4870621,805148,caught,1,decode
9328,header,856,1,SILENT,0,decode
9329,payload,4633915,1,SILENT,0,decode
9330,bit_flip,737669,1,SILENT,0,decode
9331,random_bytes,4496089,9,caught,1,decode
9332,zeroed_run,2957879,1264,caught,1,decode
9333,truncation,3639086,2036683,caught,1,decode
9334,header,50,1,SILENT,0,decode
9335,payload,3107319,1,SILENT,0,decode
9336,bit_flip,362284,1,SILENT,0,decode
9337,random_bytes,3532043,10,caught,1,decode
9338,zeroed_run,2435334,2600,caught,1,decode
9339,truncation,1093864,4581905,caught,1,decode
9340,header,712,1,SILENT,0,decode
9341,payload,4819585,1,SILENT,0,decode
9342,bit_flip,5547267,1,caught,1,decode
9343,random_bytes,2816589,10,caught,1,decode
9344,zeroed_run,2598569,496,caught,1,decode
9345,truncation,1259418,4416351,caught,1,decode
9346,header,324,1,SILENT,0,decode
9347,payload,2172871,1,caught,1,decode
9348,bit_flip,2586929,1,SILENT,0,decode
9349,random_bytes,1119698,10,caught,1,decode
9350,zeroed_run,2877915,3565,caught,1,decode
9351,truncation,287387,5388382,caught,1,decode
9352,header,170,1,SILENT,0,decode
9353,payload,3403119,1,SILENT,0,decode
9354,bit_flip,3226887,1,SILENT,0,decode
9355,random_bytes,5190137,15,caught,1,decode
9356,zeroed_run,2167401,958,caught,1,decode
9357,truncation,1396844,4278925,caught,1,decode
9358,header,680,1,SILENT,0,decode
9359,payload,936379,1,SILENT,0,decode
9360,bit_flip,952149,1,SILENT,0,decode
9361,random_bytes,4088517,4,caught,1,decode
9362,zeroed_run,1875996,1166,caught,1,decode
9363,truncation,4040729,1635040,caught,1,decode
9364,header,17,1,caught,1,decode
9365,payload,3389217,1,SILENT,0,decode
9366,bit_flip,4630755,1,caught,1,decode
9367,random_bytes,3447041,12,caught,1,decode
9368,zeroed_run,3763329,1431,caught,1,decode
9369,truncation,2168923,3506846,caught,1,decode
9370,header,951,1,SILENT,0,decode
9371,payload,4473864,1,caught,1,decode
9372,bit_flip,332659,1,caught,1,decode
9373,random_bytes,2682463,15,caught,1,decode
9374,zeroed_run,4657626,3022,caught,1,decode
9375,truncation,3833918,1841851,caught,1,decode
9376,header,467,1,SILENT,0,decode
9377,payload,1900236,1,caught,1,decode
9378,bit_flip,1318722,1,SILENT,0,decode
9379,random_bytes,907353,2,caught,1,decode
9380,zeroed_run,638235,3497,caught,1,decode
9381,truncation,5231286,444483,caught,1,decode
9382,header,965,1,SILENT,0,decode
9383,payload,3816299,1,SILENT,0,decode
9384,bit_flip,1783097,1,SILENT,0,decode
9385,random_bytes,4688179,14,caught,1,decode
9386,zeroed_run,506605,3258,caught,1,decode
9387,truncation,371052,5304717,caught,1,decode
9388,header,161,1,caught,1,decode
9389,payload,4731680,1,SILENT,0,decode
9390,bit_flip,2058763,1,caught,1,decode
9391,random_bytes,2877528,11,caught,1,decode
9392,zeroed_run,375620,2309,caught,1,decode
9393,truncation,356630,5319139,caught,1,decode
9394,header,673,1,SILENT,0,decode
9395,payload,115056,1,caught,1,decode
9396,bit_flip,2778689,1,SILENT,0,decode
9397,random_bytes,5089117,6,caught,1,decode
9398,zeroed_run,5383820,2444,caught,1,decode
9399,truncation,4979471,696298,caught,1,decode
9400,header,488,1,SILENT,0,decode
9401,payload,266104,1,SILENT,0,decode
9402,bit_flip,4357757,1,SILENT,0,decode
9403,random_bytes,5568635,10,caught,1,decode
9404,zeroed_run,1326302,720,caught,1,decode
9405,truncation,5504018,171751,caught,1,decode
9406,header,784,1,SILENT,0,decode
9407,payload,868721,1,caught,1,decode
9408,bit_flip,3089648,1,SILENT,0,decode
9409,random_bytes,2893053,2,caught,1,decode
9410,zeroed_run,592215,1792,caught,1,decode
9411,truncation,4942541,733228,caught,1,decode
9412,header,589,1,SILENT,0,decode
9413,payload,637307,1,SILENT,0,decode
9414,bit_flip,3826682,1,SILENT,0,decode
9415,random_bytes,4463007,11,caught,1,decode
9416,zeroed_run,2556822,3908,caught,1,decode
9417,truncation,1095734,4580035,caught,1,decode
9418,header,642,1,SILENT,0,decode
9419,payload,1738447,1,caught,1,decode
9420,bit_flip,1184938,1,caught,1,decode
9421,random_bytes,401612,10,caught,1,decode
9422,zeroed_run,5366671,183,caught,1,decode
9423,truncation,1499614,4176155,caught,1,decode
9424,header,458,1,caught,1,decode
9425,payload,4295809,1,SILENT,0,decode
9426,bit_flip,1545517,1,caught,1,decode
9427,random_bytes,1287663,16,caught,1,decode
9428,zeroed_run,951209,528,caught,1,decode
9429,truncation,2772948,2902821,caught,1,decode
9430,header,180,1,SILENT,0,decode
9431,payload,233618,1,SILENT,0,decode
9432,bit_flip,4906384,1,SILENT,0,decode
9433,random_bytes,2649362,12,SILENT,0,decode
9434,zeroed_run,5315533,3720,caught,1,decode
9435,truncation,4195879,1479890,caught,1,decode
9436,header,996,1,SILENT,0,decode
9437,payload,5111383,1,SILENT,0,decode
9438,bit_flip,3276375,1,SILENT,0,decode
9439,random_bytes,603345,16,caught,1,decode
9440,zeroed_run,1021195,2617,caught,1,decode
9441,truncation,4498606,1177163,caught,1,decode
9442,header,693,1,SILENT,0,decode
9443,payload,1310587,1,SILENT,0,decode
9444,bit_flip,817010,1,SILENT,0,decode
9445,random_bytes,132845,13,caught,1,decode
9446,zeroed_run,4639097,2088,caught,1,decode
9447,truncation,3178295,2497474,caught,1,decode
9448,header,353,1,caught,1,decode
9449,payload,4681486,1,caught,1,decode
9450,bit_flip,2554740,1,caught,1,decode
9451,random_bytes,2782678,3,caught,1,decode
9452,zeroed_run,632135,775,caught,1,decode
9453,truncation,4187522,1488247,caught,1,decode
9454,header,253,1,caught,1,decode
9455,payload,196327,1,SILENT,0,decode
9456,bit_flip,279721,1,SILENT,0,decode
9457,random_bytes,5450078,7,caught,1,decode
9458,zeroed_run,1235395,1372,caught,1,decode
9459,truncation,4579769,1096000,caught,1,decode
9460,header,625,1,SILENT,0,decode
9461,payload,2655306,1,SILENT,0,decode
9462,bit_flip,2082003,1,caught,1,decode
9463,random_bytes,212367,7,caught,1,decode
9464,zeroed_run,5363787,2635,caught,1,decode
9465,truncation,5111176,564593,caught,1,decode
9466,header,316,1,caught,1,decode
9467,payload,3190808,1,SILENT,0,decode
9468,bit_flip,925131,1,SILENT,0,decode
9469,random_bytes,4770285,8,caught,1,decode
9470,zeroed_run,435955,586,caught,1,decode
9471,truncation,2317769,3358000,caught,1,decode
9472,header,322,1,SILENT,0,decode
9473,payload,2754377,1,caught,1,decode
9474,bit_flip,3894559,1,SILENT,0,decode
9475,random_bytes,1225887,7,caught,1,decode
9476,zeroed_run,1557878,2045,caught,1,decode
9477,truncation,3070811,2604958,caught,1,decode
9478,header,525,1,caught,1,decode
9479,payload,3134036,1,SILENT,0,decode
9480,bit_flip,1085493,1,SILENT,0,decode
9481,random_bytes,3000033,10,caught,1,decode
9482,zeroed_run,1453707,175,caught,1,decode
9483,truncation,3098553,2577216,caught,1,decode
9484,header,509,1,caught,1,decode
9485,payload,1004597,1,SILENT,0,decode
9486,bit_flip,5049644,1,caught,1,decode
9487,random_bytes,884881,9,caught,1,decode
9488,zeroed_run,4905500,4059,caught,1,decode
9489,truncation,917863,4757906,caught,1,decode
9490,header,153,1,caught,1,decode
9491,payload,2523669,1,caught,1,decode
9492,bit_flip,253693,1,SILENT,0,decode
9493,random_bytes,3995950,1,SILENT,0,decode
9494,zeroed_run,2924177,1653,caught,1,decode
9495,truncation,1560797,4114972,caught,1,decode
9496,header,302,1,SILENT,0,decode
9497,payload,157190,1,SILENT,0,decode
9498,bit_flip,2107815,1,SILENT,0,decode
9499,random_bytes,1870520,13,caught,1,decode
9500,zeroed_run,1857469,3236,caught,1,decode
9501,truncation,2951821,2723948,caught,1,decode
9502,header,306,1,caught,1,decode
9503,payload,180115,1,SILENT,0,decode
9504,bit_flip,2452949,1,caught,1,decode
9505,random_bytes,3172205,11,caught,1,decode
9506,zeroed_run,564013,2797,caught,1,decode
9507,truncation,5130732,545037,caught,1,decode
9508,header,287,1,SILENT,0,decode
9509,payload,264775,1,caught,1,decode
9510,bit_flip,2403552,1,SILENT,0,decode
9511,random_bytes,2858883,3,caught,1,decode
9512,zeroed_run,5150265,2612,caught,1,decode
9513,truncation,389116,5286653,caught,1,decode
9514,header,739,1,SILENT,0,decode
9515,payload,3417626,1,SILENT,0,decode
9516,bit_flip,5272394,1,caught,1,decode
9517,random_bytes,1244465,4,caught,1,decode
9518,zeroed_run,5662652,1983,caught,1,decode
9519,truncation,3330024,2345745,caught,1,decode
9520,header,73,1,SILENT,0,decode
9521,payload,610628,1,SILENT,0,decode
9522,bit_flip,1253878,1,SILENT,0,decode
9523,random_bytes,4436461,3,caught,1,decode
9524,zeroed_run,335785,3145,caught,1,decode
9525,truncation,1695000,3980769,caught,1,decode
9526,header,762,1,caught,1,decode
9527,payload,1421337,1,SILENT,0,decode
9528,bit_flip,792912,1,caught,1,decode
9529,random_bytes,3299378,4,caught,1,decode
9530,zeroed_run,5007085,3767,caught,1,decode
9531,truncation,3022378,2653391,caught,1,decode
9532,header,475,1,SILENT,0,decode
9533,payload,5253522,1,SILENT,0,decode
9534,bit_flip,1052478,1,caught,1,decode
9535,random_bytes,3952336,8,caught,1,decode
9536,zeroed_run,1364295,3388,caught,1,decode
9537,truncation,4619798,1055971,caught,1,decode
9538,header,441,1,caught,1,decode
9539,payload,3245278,1,SILENT,0,decode
9540,bit_flip,2333226,1,SILENT,0,decode
9541,random_bytes,2302255,5,caught,1,decode
9542,zeroed_run,4368576,3506,caught,1,decode
9543,truncation,3159911,2515858,caught,1,decode
9544,header,408,1,SILENT,0,decode
9545,payload,3812896,1,SILENT,0,decode
9546,bit_flip,1954915,1,SILENT,0,decode
9547,random_bytes,265869,9,SILENT,0,decode
9548,zeroed_run,4209807,1834,caught,1,decode
9549,truncation,5041722,634047,caught,1,decode
9550,header,6,1,caught,1,decode
9551,payload,4535050,1,caught,1,decode
9552,bit_flip,4593127,1,SILENT,0,decode
9553,random_bytes,2221867,3,caught,1,decode
9554,zeroed_run,3412075,293,caught,1,decode
9555,truncation,860441,4815328,caught,1,decode
9556,header,884,1,SILENT,0,decode
9557,payload,2514922,1,SILENT,0,decode
9558,bit_flip,2242259,1,SILENT,0,decode
9559,random_bytes,4253917,12,caught,1,decode
9560,zeroed_run,597038,3271,caught,1,decode
9561,truncation,3127778,2547991,caught,1,decode
9562,header,153,1,SILENT,0,decode
9563,payload,3362049,1,caught,1,decode
9564,bit_flip,1853840,1,SILENT,0,decode
9565,random_bytes,4106996,2,caught,1,decode
9566,zeroed_run,3155710,2062,caught,1,decode
9567,truncation,2421743,3254026,caught,1,decode
9568,header,541,1,SILENT,0,decode
9569,payload,3578514,1,SILENT,0,decode
9570,bit_flip,3813865,1,caught,1,decode
9571,random_bytes,3344626,16,caught,1,decode
9572,zeroed_run,3636219,310,caught,1,decode
9573,truncation,898566,4777203,caught,1,decode
9574,header,599,1,SILENT,0,decode
9575,payload,3566145,1,SILENT,0,decode
9576,bit_flip,1188479,1,SILENT,0,decode
9577,random_bytes,5627264,1,caught,1,decode
9578,zeroed_run,742631,170,caught,1,decode
9579,truncation,5214900,460869,caught,1,decode
9580,header,841,1,SILENT,0,decode
9581,payload,4810610,1,caught,1,decode
9582,bit_flip,1726256,1,SILENT,0,decode
9583,random_bytes,2816218,15,caught,1,decode
9584,zeroed_run,2666499,980,caught,1,decode
9585,truncation,1892303,3783466,caught,1,decode
9586,header,240,1,SILENT,0,decode
9587,payload,5540974,1,SILENT,0,decode
9588,bit_flip,3431617,1,caught,1,decode
9589,random_bytes,2753,4,caught,1,decode
9590,zeroed_run,5292875,4049,caught,1,decode
9591,truncation,4122681,1553088,caught,1,decode
9592,header,365,1,SILENT,0,decode
9593,payload,4981876,1,caught,1,decode
9594,bit_flip,1475094,1,SILENT,0,decode
9595,random_bytes,4145190,10,caught,1,decode
9596,zeroed_run,982886,3661,caught,1,decode
9597,truncation,1306786,4368983,caught,1,decode
9598,header,396,1,SILENT,0,decode
9599,payload,4231016,1,caught,1,decode
9600,bit_flip,67347,1,caught,1,decode
9601,random_bytes,3689579,2,caught,1,decode
9602,zeroed_run,1861354,3899,caught,1,decode
9603,truncation,3878216,1797553,caught,1,decode
9604,header,938,1,caught,1,decode
9605,payload,4287141,1,SILENT,0,decode
9606,bit_flip,3339091,1,caught,1,decode
9607,random_bytes,2602956,2,caught,1,decode
9608,zeroed_run,125437,3780,caught,1,decode
9609,truncation,361847,5313922,caught,1,decode
9610,header,883,1,SILENT,0,decode
9611,payload,5576177,1,SILENT,0,decode
9612,bit_flip,4525358,1,SILENT,0,decode
9613,random_bytes,1831434,8,caught,1,decode
9614,zeroed_run,4152026,3560,caught,1,decode
9615,truncation,1358691,4317078,caught,1,decode
9616,header,629,1,SILENT,0,decode
9617,payload,660475,1,caught,1,decode
9618,bit_flip,2196463,1,SILENT,0,decode
9619,random_bytes,272077,3,caught,1,decode
9620,zeroed_run,4755441,3997,caught,1,decode
9621,truncation,5525029,150740,caught,1,decode
9622,header,533,1,SILENT,0,decode
9623,payload,4360808,1,caught,1,decode
9624,bit_flip,3625168,1,SILENT,0,decode
9625,random_bytes,630750,16,caught,1,decode
9626,zeroed_run,1039307,1681,caught,1,decode
9627,truncation,4399620,1276149,caught,1,decode
9628,header,179,1,SILENT,0,decode
9629,payload,3660254,1,SILENT,0,decode
9630,bit_flip,629898,1,SILENT,0,decode
9631,random_bytes,1619107,1,SILENT,0,decode
9632,zeroed_run,3572887,2370,caught,1,decode
9633,truncation,71486,5604283,caught,1,decode
9634,header,720,1,SILENT,0,decode
9635,payload,1557819,1,caught,1,decode
9636,bit_flip,1748970,1,SILENT,0,decode
9637,random_bytes,4943704,8,caught,1,decode
9638,zeroed_run,4422568,3176,caught,1,decode
9639,truncation,4054255,1621514,caught,1,decode
9640,header,518,1,SILENT,0,decode
9641,payload,3414649,1,SILENT,0,decode
9642,bit_flip,2666727,1,SILENT,0,decode
9643,random_bytes,4590621,7,caught,1,decode
9644,zeroed_run,5408099,41,caught,1,decode
9645,truncation,49902,5625867,caught,1,decode
9646,header,392,1,SILENT,0,decode
9647,payload,1186137,1,caught,1,decode
9648,bit_flip,1576655,1,caught,1,decode
9649,random_bytes,5074807,7,caught,1,decode
9650,zeroed_run,5628182,729,caught,1,decode
9651,truncation,4128054,1547715,caught,1,decode
9652,header,605,1,SILENT,0,decode
9653,payload,2986066,1,caught,1,decode
9654,bit_flip,2276069,1,SILENT,0,decode
9655,random_bytes,2266089,2,caught,1,decode
9656,zeroed_run,5224662,2581,caught,1,decode
9657,truncation,2032110,3643659,caught,1,decode
9658,header,515,1,caught,1,decode
9659,payload,5054237,1,SILENT,0,decode
9660,bit_flip,322692,1,caught,1,decode
9661,random_bytes,5544215,13,caught,1,decode
9662,zeroed_run,1417495,1775,caught,1,decode
9663,truncation,2168805,3506964,caught,1,decode
9664,header,443,1,SILENT,0,decode
9665,payload,5512730,1,caught,1,decode
9666,bit_flip,4975837,1,SILENT,0,decode
9667,random_bytes,1991863,7,caught,1,decode
9668,zeroed_run,3967542,2598,caught,1,decode
9669,truncation,1592955,4082814,caught,1,decode
9670,header,199,1,SILENT,0,decode
9671,payload,5534063,1,SILENT,0,decode
9672,bit_flip,2441462,1,SILENT,0,decode
9673,random_bytes,2408087,14,caught,1,decode
9674,zeroed_run,5155407,133,caught,1,decode
9675,truncation,116367,5559402,caught,1,decode
9676,header,745,1,SILENT,0,decode
9677,payload,3197035,1,SILENT,0,decode
9678,bit_flip,3416660,1,caught,1,decode
9679,random_bytes,723764,12,caught,1,decode
9680,zeroed_run,4041703,2185,caught,1,decode
9681,truncation,1295303,4380466,caught,1,decode
9682,header,332,1,SILENT,0,decode
9683,payload,1394268,1,SILENT,0,decode
9684,bit_flip,4534736,1,caught,1,decode
9685,random_bytes,1788300,9,caught,1,decode
9686,zeroed_run,3113856,781,caught,1,decode
9687,truncation,1676245,3999524,caught,1,decode
9688,header,980,1,caught,1,decode
9689,payload,3992456,1,caught,1,decode
9690,bit_flip,5069142,1,caught,1,decode
9691,random_bytes,165944,4,caught,1,decode
9692,zeroed_run,2939654,2174,caught,1,decode
9693,truncation,2771010,2904759,caught,1,decode
9694,header,785,1,SILENT,0,decode
9695,payload,711080,1,caught,1,decode
9696,bit_flip,979440,1,caught,1,decode
9697,random_bytes,4805536,6,caught,1,decode
9698,zeroed_run,4787402,578,caught,1,decode
9699,truncation,1147684,4528085,caught,1,decode
9700,header,417,1,SILENT,0,decode
9701,payload,2509808,1,SILENT,0,decode
9702,bit_flip,4212062,1,SILENT,0,decode
9703,random_bytes,2836437,11,caught,1,decode
9704,zeroed_run,1148797,859,caught,1,decode
9705,truncation,4701881,973888,caught,1,decode
9706,header,713,1,SILENT,0,decode
9707,payload,5126603,1,SILENT,0,decode
9708,bit_flip,2288183,1,SILENT,0,decode
9709,random_bytes,2128122,4,caught,1,decode
9710,zeroed_run,137219,3765,caught,1,decode
9711,truncation,3801231,1874538,caught,1,decode
9712,header,915,1,SILENT,0,decode
9713,payload,3557251,1,SILENT,0,decode
9714,bit_flip,4329584,1,caught,1,decode
9715,random_bytes,4114546,15,caught,1,decode
9716,zeroed_run,84361,3103,caught,1,decode
9717,truncation,2247782,3427987,caught,1,decode
9718,header,435,1,SILENT,0,decode
9719,payload,4414975,1,SILENT,0,decode
9720,bit_flip,3800659,1,SILENT,0,decode
9721,random_bytes,1513984,14,caught,1,decode
9722,zeroed_run,2319548,488,caught,1,decode
9723,truncation,5252958,422811,caught,1,decode
9724,header,202,1,SILENT,0,decode
9725,payload,5166440,1,caught,1,decode
9726,bit_flip,3928818,1,SILENT,0,decode
9727,random_bytes,3893746,11,caught,1,decode
9728,zeroed_run,2069282,2870,caught,1,decode
9729,truncation,253535,5422234,caught,1,decode
9730,header,362,1,SILENT,0,decode
9731,payload,2856741,1,SILENT,0,decode
9732,bit_flip,3633718,1,SILENT,0,decode
9733,random_bytes,3525847,15,caught,1,decode
9734,zeroed_run,2151594,149,caught,1,decode
9735,truncation,2037483,3638286,caught,1,decode
9736,header,105,1,SILENT,0,decode
9737,payload,2092044,1,SILENT,0,decode
9738,bit_flip,5531976,1,caught,1,decode
9739,random_bytes,844151,3,caught,1,decode
9740,zeroed_run,4908529,3131,caught,1,decode
9741,truncation,3323377,2352392,caught,1,decode
9742,header,429,1,caught,1,decode
9743,payload,5233791,1,SILENT,0,decode
9744,bit_flip,4179863,1,SILENT,0,decode
9745,random_bytes,738767,6,caught,1,decode
9746,zeroed_run,1374001,3200,caught,1,decode
9747,truncation,3605926,2069843,caught,1,decode
9748,header,333,1,SILENT,0,decode
9749,payload,4166945,1,SILENT,0,decode
9750,bit_flip,3224973,1,SILENT,0,decode
9751,random_bytes,176541,11,caught,1,decode
9752,zeroed_run,3157287,2989,caught,1,decode
9753,truncation,5264858,410911,caught,1,decode
9754,header,766,1,SILENT,0,decode
9755,payload,3238235,1,caught,1,decode
9756,bit_flip,4170448,1,SILENT,0,decode
9757,random_bytes,4371884,8,caught,1,decode
9758,zeroed_run,1015145,3967,caught,1,decode
9759,truncation,2486836,3188933,caught,1,decode
9760,header,494,1,SILENT,0,decode
9761,payload,5419348,1,SILENT,0,decode
9762,bit_flip,4975794,1,SILENT,0,decode
9763,random_bytes,5398770,10,caught,1,decode
9764,zeroed_run,2010535,3032,caught,1,decode
9765,truncation,1362158,4313611,caught,1,decode
9766,header,644,1,SILENT,0,decode
9767,payload,4431497,1,caught,1,decode
9768,bit_flip,2074138,1,SILENT,0,decode
9769,random_bytes,5263964,9,caught,1,decode
9770,zeroed_run,1236941,1745,caught,1,decode
9771,truncation,2499743,3176026,caught,1,decode
9772,header,504,1,SILENT,0,decode
9773,payload,5271834,1,SILENT,0,decode
9774,bit_flip,4495795,1,caught,1,decode
9775,random_bytes,2222964,7,caught,1,decode
9776,zeroed_run,1618492,399,caught,1,decode
9777,truncation,4936086,739683,caught,1,decode
9778,header,952,1,SILENT,0,decode
9779,payload,1620944,1,caught,1,decode
9780,bit_flip,4953874,1,caught,1,decode
9781,random_bytes,4005206,2,caught,1,decode
9782,zeroed_run,816071,1085,caught,1,decode
9783,truncation,2885657,2790112,caught,1,decode
9784,header,761,1,SILENT,0,decode
9785,payload,3236251,1,caught,1,decode
9786,bit_flip,5285414,1,SILENT,0,decode
9787,random_bytes,4866959,10,caught,1,decode
9788,zeroed_run,2849105,3030,caught,1,decode
9789,truncation,5522978,152791,caught,1,decode
9790,header,40,1,SILENT,0,decode
9791,payload,1918046,1,SILENT,0,decode
9792,bit_flip,5009594,1,SILENT,0,decode
9793,random_bytes,534597,9,caught,1,decode
9794,zeroed_run,1452463,2197,caught,1,decode
9795,truncation,4480002,1195767,caught,1,decode
9796,header,11,1,caught,1,decode
9797,payload,2473391,1,SILENT,0,decode
9798,bit_flip,2558803,1,SILENT,0,decode
9799,random_bytes,2390319,11,caught,1,decode
9800,zeroed_run,2377087,2308,caught,1,decode
9801,truncation,4100333,1575436,caught,1,decode
9802,header,1017,1,SILENT,0,decode
9803,payload,53577,1,SILENT,0,decode
9804,bit_flip,5090687,1,SILENT,0,decode
9805,random_bytes,4063643,12,caught,1,decode
9806,zeroed_run,5619082,486,caught,1,decode
9807,truncation,2931651,2744118,caught,1,decode
9808,header,416,1,SILENT,0,decode
9809,payload,934365,1,caught,1,decode
9810,bit_flip,4587147,1,caught,1,decode
9811,random_bytes,2972652,5,caught,1,decode
9812,zeroed_run,2579519,272,caught,1,decode
9813,truncation,2478296,3197473,caught,1,decode
9814,header,817,1,SILENT,0,decode
9815,payload,131842,1,SILENT,0,decode
9816,bit_flip,1760191,1,SILENT,0,decode
9817,random_bytes,5178380,12,caught,1,decode
9818,zeroed_run,2890489,3264,caught,1,decode
9819,truncation,4777038,898731,caught,1,decode
9820,header,725,1,SILENT,0,decode
9821,payload,3413473,1,SILENT,0,decode
9822,bit_flip,65748,1,SILENT,0,decode
9823,random_bytes,5280255,11,caught,1,decode
9824,zeroed_run,3131743,3864,caught,1,decode
9825,truncation,2783344,2892425,caught,1,decode
9826,header,233,1,SILENT,0,decode
9827,payload,3512738,1,SILENT,0,decode
9828,bit_flip,5330152,1,SILENT,0,decode
9829,random_bytes,249068,10,caught,1,decode
9830,zeroed_run,3352721,1862,caught,1,decode
9831,truncation,3332865,2342904,caught,1,decode
9832,header,760,1,SILENT,0,decode
9833,payload,369242,1,SILENT,0,decode
9834,bit_flip,4077761,1,SILENT,0,decode
9835,random_bytes,1155122,13,caught,1,decode
9836,zeroed_run,142508,3006,caught,1,decode
9837,truncation,4565235,1110534,caught,1,decode
9838,header,48,1,SILENT,0,decode
9839,payload,5562680,1,caught,1,decode
9840,bit_flip,1936363,1,SILENT,0,decode
9841,random_bytes,3519754,6,caught,1,decode
9842,zeroed_run,5464675,200,caught,1,decode
9843,truncation,252129,5423640,caught,1,decode
9844,header,841,1,SILENT,0,decode
9845,payload,3117584,1,SILENT,0,decode
9846,bit_flip,3757506,1,SILENT,0,decode
9847,random_bytes,748637,13,caught,1,decode
9848,zeroed_run,4175156,2243,caught,1,decode
9849,truncation,2598256,3077513,caught,1,decode
9850,header,966,1,SILENT,0,decode
9851,payload,505353,1,SILENT,0,decode
9852,bit_flip,1240960,1,SILENT,0,decode
9853,random_bytes,3097296,3,SILENT,0,decode
9854,zeroed_run,2203994,767,caught,1,decode
9855,truncation,2366714,3309055,caught,1,decode
9856,header,770,1,SILENT,0,decode
9857,payload,2605484,1,SILENT,0,decode
9858,bit_flip,4703031,1,SILENT,0,decode
9859,random_bytes,2223281,13,caught,1,decode
9860,zeroed_run,815190,3637,caught,1,decode
9861,truncation,4499051,1176718,caught,1,decode
9862,header,210,1,SILENT,0,decode
9863,payload,3597234,1,SILENT,0,decode
9864,bit_flip,2761512,1,SILENT,0,decode
9865,random_bytes,2380252,6,caught,1,decode
9866,zeroed_run,1405996,2134,caught,1,decode
9867,truncation,4762480,913289,caught,1,decode
9868,header,841,1,SILENT,0,decode
9869,payload,3236976,1,caught,1,decode
9870,bit_flip,4175780,1,SILENT,0,decode
9871,random_bytes,4257762,4,caught,1,decode
9872,zeroed_run,2469518,3266,caught,1,decode
9873,truncation,65474,5610295,caught,1,decode
9874,header,1,1,caught,1,decode
9875,payload,4876456,1,caught,1,decode
9876,bit_flip,40008,1,caught,1,decode
9877,random_bytes,1207740,13,caught,1,decode
9878,zeroed_run,3168008,992,caught,1,decode
9879,truncation,5642707,33062,caught,1,decode
9880,header,792,1,SILENT,0,decode
9881,payload,2959275,1,SILENT,0,decode
9882,bit_flip,2488236,1,SILENT,0,decode
9883,random_bytes,775717,13,caught,1,decode
9884,zeroed_run,2062343,3475,caught,1,decode
9885,truncation,2180377,3495392,caught,1,decode
9886,header,821,1,SILENT,0,decode
9887,payload,4496319,1,SILENT,0,decode
9888,bit_flip,2598708,1,SILENT,0,decode
9889,random_bytes,5001523,10,caught,1,decode
9890,zeroed_run,3250337,96,caught,1,decode
9891,truncation,120455,5555314,caught,1,decode
9892,header,600,1,SILENT,0,decode
9893,payload,3191983,1,SILENT,0,decode
9894,bit_flip,2453058,1,SILENT,0,decode
9895,random_bytes,2722556,10,caught,1,decode
9896,zeroed_run,4457870,611,caught,1,decode
9897,truncation,1564249,4111520,caught,1,decode
9898,header,95,1,caught,1,decode
9899,payload,4763669,1,SILENT,0,decode
9900,bit_flip,458974,1,caught,1,decode
9901,random_bytes,3046019,6,caught,1,decode
9902,zeroed_run,2550030,2691,caught,1,decode
9903,truncation,3957190,1718579,caught,1,decode
9904,header,664,1,SILENT,0,decode
9905,payload,2888548,1,SILENT,0,decode
9906,bit_flip,4237753,1,caught,1,decode
9907,random_bytes,8810,5,caught,1,decode
9908,zeroed_run,3904741,3825,caught,1,decode
9909,truncation,4129078,1546691,caught,1,decode
9910,header,724,1,SILENT,0,decode
9911,payload,270730,1,caught,1,decode
9912,bit_flip,5559414,1,caught,1,decode
9913,random_bytes,5151518,1,caught,1,decode
9914,zeroed_run,3188633,1263,caught,1,decode
9915,truncation,1384959,4290810,caught,1,decode
9916,header,101,1,caught,1,decode
9917,payload,2851401,1,SILENT,0,decode
9918,bit_flip,1506467,1,SILENT,0,decode
9919,random_bytes,5229558,6,caught,1,decode
9920,zeroed_run,1924650,2371,caught,1,decode
9921,truncation,2145110,3530659,caught,1,decode
9922,header,436,1,SILENT,0,decode
9923,payload,2597716,1,SILENT,0,decode
9924,bit_flip,1762779,1,SILENT,0,decode
9925,random_bytes,3203911,1,caught,1,decode
9926,zeroed_run,5222344,3833,caught,1,decode
9927,truncation,3916064,1759705,caught,1,decode
9928,header,360,1,SILENT,0,decode
9929,payload,4971142,1,SILENT,0,decode
9930,bit_flip,2130874,1,SILENT,0,decode
9931,random_bytes,5372271,13,caught,1,decode
9932,zeroed_run,3303853,527,caught,1,decode
9933,truncation,3239511,2436258,caught,1,decode
9934,header,933,1,SILENT,0,decode
9935,payload,4822591,1,caught,1,decode
9936,bit_flip,907472,1,SILENT,0,decode
9937,random_bytes,1545198,15,caught,1,decode
9938,zeroed_run,5550700,390,caught,1,decode
9939,truncation,4587239,1088530,caught,1,decode
9940,header,864,1,caught,1,decode
9941,payload,2620935,1,caught,1,decode
9942,bit_flip,434838,1,SILENT,0,decode
9943,random_bytes,3619696,2,caught,1,decode
9944,zeroed_run,1260603,1866,caught,1,decode
9945,truncation,1900902,3774867,caught,1,decode
9946,header,690,1,SILENT,0,decode
9947,payload,4207982,1,SILENT,0,decode
9948,bit_flip,50829,1,SILENT,0,decode
9949,random_bytes,2171110,10,caught,1,decode
9950,zeroed_run,3425171,3531,caught,1,decode
9951,truncation,211301,5464468,caught,1,decode
9952,header,1009,1,SILENT,0,decode
9953,payload,1778694,1,SILENT,0,decode
9954,bit_flip,5320485,1,caught,1,decode
9955,random_bytes,372076,6,caught,1,decode
9956,zeroed_run,2695184,3329,caught,1,decode
9957,truncation,1540546,4135223,caught,1,decode
9958,header,756,1,SILENT,0,decode
9959,payload,2257865,1,caught,1,decode
9960,bit_flip,707298,1,caught,1,decode
9961,random_bytes,5099809,8,caught,1,decode
9962,zeroed_run,3645634,1391,caught,1,decode
9963,truncation,201311,5474458,caught,1,decode
9964,header,328,1,SILENT,0,decode
9965,payload,1152211,1,caught,1,decode
9966,bit_flip,2074956,1,caught,1,decode
9967,random_bytes,1425761,6,caught,1,decode
9968,zeroed_run,1270426,3545,caught,1,decode
9969,truncation,3512021,2163748,caught,1,decode
9970,header,314,1,SILENT,0,decode
9971,payload,1246833,1,SILENT,0,decode
9972,bit_flip,5092195,1,SILENT,0,decode
9973,random_bytes,2586266,5,caught,1,decode
9974,zeroed_run,638588,1317,caught,1,decode
9975,truncation,4510106,1165663,caught,1,decode
9976,header,643,1,SILENT,0,decode
9977,payload,1952829,1,caught,1,decode
9978,bit_flip,4129361,1,SILENT,0,decode
9979,random_bytes,5350920,9,caught,1,decode
9980,zeroed_run,4726745,3831,caught,1,decode
9981,truncation,5590390,85379,caught,1,decode
9982,header,176,1,SILENT,0,decode
9983,payload,1438629,1,SILENT,0,decode
9984,bit_flip,4744298,1,caught,1,decode
9985,random_bytes,4611475,1,caught,1,decode
9986,zeroed_run,299205,768,caught,1,decode
9987,truncation,2402899,3272870,caught,1,decode
9988,header,245,1,SILENT,0,decode
9989,payload,2477350,1,SILENT,0,decode
9990,bit_flip,733152,1,SILENT,0,decode
9991,random_bytes,3704811,11,caught,1,decode
9992,zeroed_run,660865,3628,caught,1,decode
9993,truncation,2714279,2961490,caught,1,decode
9994,header,486,1,caught,1,decode
9995,payload,4315373,1,caught,1,decode
9996,bit_flip,3020006,1,caught,1,decode
9997,random_bytes,3694433,8,caught,1,decode
9998,zeroed_run,2045477,1604,caught,1,decode
9999,truncation,1022155,4653614,caught,1,decode
