case,kind,offset,length,outcome,returncode,phase
0,bit_flip,1842428,1,caught,1,decode
1,random_bytes,4009049,11,caught,1,decode
2,zeroed_run,3030005,2888,caught,1,decode
3,truncation,816116,4859657,caught,1,decode
4,header,489,1,caught,1,decode
5,payload,3811795,1,caught,1,decode
6,bit_flip,2229391,1,caught,1,decode
7,random_bytes,2547622,16,caught,1,decode
8,zeroed_run,1134825,3387,caught,1,decode
9,truncation,1512342,4163431,caught,1,decode
10,header,651,1,caught,1,decode
11,payload,4417373,1,caught,1,decode
12,bit_flip,2741249,1,caught,1,decode
13,random_bytes,21468,2,caught,1,decode
14,zeroed_run,4258790,374,caught,1,decode
15,truncation,3963458,1712315,caught,1,decode
16,header,523,1,caught,1,decode
17,payload,2903323,1,caught,1,decode
18,bit_flip,2403199,1,caught,1,decode
19,random_bytes,826985,4,caught,1,decode
20,zeroed_run,461608,151,caught,1,decode
21,truncation,4701520,974253,caught,1,decode
22,header,179,1,caught,1,decode
23,payload,998460,1,caught,1,decode
24,bit_flip,4909250,1,caught,1,decode
25,random_bytes,1608254,15,caught,1,decode
26,zeroed_run,379334,1656,caught,1,decode
27,truncation,1226079,4449694,caught,1,decode
28,header,440,1,caught,1,decode
29,payload,5373137,1,caught,1,decode
30,bit_flip,3424627,1,caught,1,decode
31,random_bytes,1467067,12,caught,1,decode
32,zeroed_run,22137,1080,caught,1,decode
33,truncation,999915,4675858,caught,1,decode
34,header,818,1,caught,1,decode
35,payload,2118452,1,caught,1,decode
36,bit_flip,4053816,1,caught,1,decode
37,random_bytes,4657839,9,caught,1,decode
38,zeroed_run,4504554,1998,caught,1,decode
39,truncation,2674350,3001423,caught,1,decode
40,header,829,1,caught,1,decode
41,payload,2212314,1,caught,1,decode
42,bit_flip,2382799,1,caught,1,decode
43,random_bytes,4211621,14,caught,1,decode
44,zeroed_run,1663903,1736,caught,1,decode
45,truncation,1639168,4036605,caught,1,decode
46,header,725,1,caught,1,decode
47,payload,2440874,1,caught,1,decode
48,bit_flip,1062737,1,caught,1,decode
49,random_bytes,1758320,14,caught,1,decode
50,zeroed_run,5238529,2107,caught,1,decode
51,truncation,857512,4818261,caught,1,decode
52,header,142,1,caught,1,decode
53,payload,2925420,1,caught,1,decode
54,bit_flip,393119,1,caught,1,decode
55,random_bytes,1940989,13,caught,1,decode
56,zeroed_run,3002161,1811,caught,1,decode
57,truncation,5271522,404251,caught,1,decode
58,header,848,1,caught,1,decode
59,payload,1444362,1,caught,1,decode
60,bit_flip,2311572,1,caught,1,decode
61,random_bytes,404153,7,caught,1,decode
62,zeroed_run,2449166,3703,caught,1,decode
63,truncation,1399325,4276448,caught,1,decode
64,header,289,1,caught,1,decode
65,payload,5346934,1,caught,1,decode
66,bit_flip,1139610,1,caught,1,decode
67,random_bytes,2956984,14,caught,1,decode
68,zeroed_run,5641861,1603,caught,1,decode
69,truncation,3979559,1696214,caught,1,decode
70,header,659,1,caught,1,decode
71,payload,2359117,1,caught,1,decode
72,bit_flip,1339133,1,caught,1,decode
73,random_bytes,3261100,2,caught,1,decode
74,zeroed_run,2130510,917,caught,1,decode
75,truncation,315493,5360280,caught,1,decode
76,header,146,1,caught,1,decode
77,payload,1107761,1,caught,1,decode
78,bit_flip,4589046,1,caught,1,decode
79,random_bytes,2664219,15,caught,1,decode
80,zeroed_run,3578680,4044,caught,1,decode
81,truncation,1567848,4107925,caught,1,decode
82,header,837,1,caught,1,decode
83,payload,1867929,1,caught,1,decode
84,bit_flip,1128665,1,caught,1,decode
85,random_bytes,133418,5,caught,1,decode
86,zeroed_run,4547829,2695,caught,1,decode
87,truncation,4383998,1291775,caught,1,decode
88,header,807,1,caught,1,decode
89,payload,759195,1,caught,1,decode
90,bit_flip,4957180,1,caught,1,decode
91,random_bytes,3120314,3,caught,1,decode
92,zeroed_run,953867,3589,caught,1,decode
93,truncation,4511602,1164171,caught,1,decode
94,header,69,1,caught,1,decode
95,payload,3384566,1,caught,1,decode
96,bit_flip,4305510,1,caught,1,decode
97,random_bytes,3804676,4,caught,1,decode
98,zeroed_run,5325487,797,caught,1,decode
99,truncation,3661810,2013963,caught,1,decode
100,header,853,1,caught,1,decode
101,payload,1363908,1,caught,1,decode
102,bit_flip,153114,1,caught,1,decode
103,random_bytes,707782,3,caught,1,decode
104,zeroed_run,405909,1076,caught,1,decode
105,truncation,5199322,476451,caught,1,decode
106,header,597,1,caught,1,decode
107,payload,4018328,1,caught,1,decode
108,bit_flip,5554973,1,caught,1,decode
109,random_bytes,360466,14,caught,1,decode
110,zeroed_run,4363395,2783,caught,1,decode
111,truncation,1234354,4441419,caught,1,decode
112,header,655,1,caught,1,decode
113,payload,4739404,1,caught,1,decode
114,bit_flip,312673,1,caught,1,decode
115,random_bytes,2876748,3,caught,1,decode
116,zeroed_run,214993,1433,caught,1,decode
117,truncation,5399135,276638,caught,1,decode
118,header,622,1,caught,1,decode
119,payload,3299178,1,caught,1,decode
120,bit_flip,4753987,1,caught,1,decode
121,random_bytes,1691253,15,caught,1,decode
122,zeroed_run,4095472,2343,caught,1,decode
123,truncation,1036558,4639215,caught,1,decode
124,header,827,1,caught,1,decode
125,payload,561739,1,caught,1,decode
126,bit_flip,5070101,1,caught,1,decode
127,random_bytes,2248306,14,caught,1,decode
128,zeroed_run,2812713,3887,caught,1,decode
129,truncation,5397835,277938,caught,1,decode
130,header,658,1,caught,1,decode
131,payload,946049,1,caught,1,decode
132,bit_flip,2298329,1,caught,1,decode
133,random_bytes,1803558,3,caught,1,decode
134,zeroed_run,3260583,2203,caught,1,decode
135,truncation,4562869,1112904,caught,1,decode
136,header,790,1,caught,1,decode
137,payload,1297459,1,caught,1,decode
138,bit_flip,520473,1,caught,1,decode
139,random_bytes,3452216,2,caught,1,decode
140,zeroed_run,3077834,3371,caught,1,decode
141,truncation,5559525,116248,caught,1,decode
142,header,501,1,caught,1,decode
143,payload,2751823,1,caught,1,decode
144,bit_flip,3239384,1,caught,1,decode
145,random_bytes,2630521,12,caught,1,decode
146,zeroed_run,1211134,3468,caught,1,decode
147,truncation,18585,5657188,caught,1,decode
148,header,901,1,caught,1,decode
149,payload,1785026,1,caught,1,decode
150,bit_flip,1886263,1,caught,1,decode
151,random_bytes,788898,11,caught,1,decode
152,zeroed_run,1132736,259,caught,1,decode
153,truncation,2553778,3121995,caught,1,decode
154,header,845,1,caught,1,decode
155,payload,615942,1,caught,1,decode
156,bit_flip,1459067,1,caught,1,decode
157,random_bytes,783993,11,caught,1,decode
158,zeroed_run,653002,2961,caught,1,decode
159,truncation,3788961,1886812,caught,1,decode
160,header,305,1,caught,1,decode
161,payload,4406748,1,caught,1,decode
162,bit_flip,4752423,1,caught,1,decode
163,random_bytes,4197702,7,caught,1,decode
164,zeroed_run,3770469,3017,caught,1,decode
165,truncation,5100707,575066,caught,1,decode
166,header,997,1,caught,1,decode
167,payload,5173910,1,caught,1,decode
168,bit_flip,4303112,1,caught,1,decode
169,random_bytes,3467540,16,caught,1,decode
170,zeroed_run,1483649,2038,caught,1,decode
171,truncation,2640716,3035057,caught,1,decode
172,header,974,1,caught,1,decode
173,payload,4773950,1,caught,1,decode
174,bit_flip,1776163,1,caught,1,decode
175,random_bytes,1023155,13,caught,1,decode
176,zeroed_run,1435041,65,caught,1,decode
177,truncation,5378244,297529,caught,1,decode
178,header,121,1,caught,1,decode
179,payload,2937855,1,caught,1,decode
180,bit_flip,3237502,1,caught,1,decode
181,random_bytes,1135776,6,caught,1,decode
182,zeroed_run,1901270,1445,caught,1,decode
183,truncation,2975777,2699996,caught,1,decode
184,header,336,1,caught,1,decode
185,payload,1927091,1,caught,1,decode
186,bit_flip,4633339,1,caught,1,decode
187,random_bytes,2712364,1,caught,1,decode
188,zeroed_run,867572,1317,caught,1,decode
189,truncation,1929008,3746765,caught,1,decode
190,header,440,1,caught,1,decode
191,payload,5366492,1,caught,1,decode
192,bit_flip,5587315,1,caught,1,decode
193,random_bytes,3378140,8,caught,1,decode
194,zeroed_run,4595593,3426,caught,1,decode
195,truncation,4254726,1421047,caught,1,decode
196,header,61,1,caught,1,decode
197,payload,4642996,1,caught,1,decode
198,bit_flip,5425023,1,caught,1,decode
199,random_bytes,4248579,13,caught,1,decode
200,zeroed_run,3374436,1914,caught,1,decode
201,truncation,1217932,4457841,caught,1,decode
202,header,205,1,caught,1,decode
203,payload,931105,1,caught,1,decode
204,bit_flip,1458970,1,caught,1,decode
205,random_bytes,2888265,3,caught,1,decode
206,zeroed_run,282823,797,caught,1,decode
207,truncation,4594747,1081026,caught,1,decode
208,header,121,1,caught,1,decode
209,payload,1571273,1,caught,1,decode
210,bit_flip,2544624,1,caught,1,decode
211,random_bytes,2050019,11,caught,1,decode
212,zeroed_run,5141635,3284,caught,1,decode
213,truncation,3523506,2152267,caught,1,decode
214,header,38,1,caught,1,decode
215,payload,2693096,1,caught,1,decode
216,bit_flip,4419214,1,caught,1,decode
217,random_bytes,4681250,16,caught,1,decode
218,zeroed_run,5107740,1064,caught,1,decode
219,truncation,4597278,1078495,caught,1,decode
220,header,436,1,caught,1,decode
221,payload,2769777,1,caught,1,decode
222,bit_flip,4796414,1,caught,1,decode
223,random_bytes,4906605,10,caught,1,decode
224,zeroed_run,2663817,2283,caught,1,decode
225,truncation,1931422,3744351,caught,1,decode
226,header,907,1,caught,1,decode
227,payload,1203572,1,caught,1,decode
228,bit_flip,5169823,1,caught,1,decode
229,random_bytes,2818346,10,caught,1,decode
230,zeroed_run,1636096,3983,caught,1,decode
231,truncation,1035723,4640050,caught,1,decode
232,header,327,1,caught,1,decode
233,payload,182476,1,caught,1,decode
234,bit_flip,2417692,1,caught,1,decode
235,random_bytes,3147404,16,caught,1,decode
236,zeroed_run,1818294,509,caught,1,decode
237,truncation,5053281,622492,caught,1,decode
238,header,434,1,caught,1,decode
239,payload,3617299,1,caught,1,decode
240,bit_flip,3878915,1,caught,1,decode
241,random_bytes,346639,12,caught,1,decode
242,zeroed_run,2945991,3521,caught,1,decode
243,truncation,2562427,3113346,caught,1,decode
244,header,10,1,caught,1,decode
245,payload,2163625,1,caught,1,decode
246,bit_flip,4370761,1,caught,1,decode
247,random_bytes,4860807,12,caught,1,decode
248,zeroed_run,2901987,3179,caught,1,decode
249,truncation,337745,5338028,caught,1,decode
250,header,886,1,caught,1,decode
251,payload,3369792,1,caught,1,decode
252,bit_flip,1777353,1,caught,1,decode
253,random_bytes,5451479,12,caught,1,decode
254,zeroed_run,4093650,663,caught,1,decode
255,truncation,5586762,89011,caught,1,decode
256,header,921,1,caught,1,decode
257,payload,4062826,1,caught,1,decode
258,bit_flip,3682443,1,caught,1,decode
259,random_bytes,614085,2,caught,1,decode
260,zeroed_run,5633772,2966,caught,1,decode
261,truncation,2316818,3358955,caught,1,decode
262,header,101,1,caught,1,decode
263,payload,5473064,1,caught,1,decode
264,bit_flip,858724,1,caught,1,decode
265,random_bytes,2267557,9,caught,1,decode
266,zeroed_run,3480863,1342,caught,1,decode
267,truncation,80891,5594882,caught,1,decode
268,header,611,1,caught,1,decode
269,payload,2340243,1,caught,1,decode
270,bit_flip,5348643,1,caught,1,decode
271,random_bytes,965265,9,caught,1,decode
272,zeroed_run,2867560,286,caught,1,decode
273,truncation,5304435,371338,caught,1,decode
274,header,551,1,caught,1,decode
275,payload,2772307,1,caught,1,decode
276,bit_flip,4364180,1,caught,1,decode
277,random_bytes,1246147,11,caught,1,decode
278,zeroed_run,2933310,4078,caught,1,decode
279,truncation,1842046,3833727,caught,1,decode
280,header,861,1,caught,1,decode
281,payload,579432,1,caught,1,decode
282,bit_flip,903625,1,caught,1,decode
283,random_bytes,3307258,11,caught,1,decode
284,zeroed_run,1509702,3850,caught,1,decode
285,truncation,2584556,3091217,caught,1,decode
286,header,105,1,caught,1,decode
287,payload,3037315,1,caught,1,decode
288,bit_flip,622958,1,caught,1,decode
289,random_bytes,1340297,16,caught,1,decode
290,zeroed_run,221335,91,caught,1,decode
291,truncation,2127049,3548724,caught,1,decode
292,header,412,1,caught,1,decode
293,payload,831685,1,caught,1,decode
294,bit_flip,407101,1,caught,1,decode
295,random_bytes,2832589,8,caught,1,decode
296,zeroed_run,3553769,4033,caught,1,decode
297,truncation,1117952,4557821,caught,1,decode
298,header,69,1,caught,1,decode
299,payload,2631380,1,caught,1,decode
300,bit_flip,138176,1,caught,1,decode
301,random_bytes,1714778,1,caught,1,decode
302,zeroed_run,2550256,1420,caught,1,decode
303,truncation,1000102,4675671,caught,1,decode
304,header,784,1,caught,1,decode
305,payload,4065125,1,caught,1,decode
306,bit_flip,1203915,1,caught,1,decode
307,random_bytes,2739374,2,caught,1,decode
308,zeroed_run,3945676,2954,caught,1,decode
309,truncation,4061775,1613998,caught,1,decode
310,header,347,1,caught,1,decode
311,payload,1225262,1,caught,1,decode
312,bit_flip,3660289,1,caught,1,decode
313,random_bytes,639907,16,caught,1,decode
314,zeroed_run,2213556,2199,caught,1,decode
315,truncation,5386059,289714,caught,1,decode
316,header,678,1,caught,1,decode
317,payload,5486967,1,caught,1,decode
318,bit_flip,4955513,1,caught,1,decode
319,random_bytes,5393174,11,caught,1,decode
320,zeroed_run,3443469,3887,caught,1,decode
321,truncation,4360913,1314860,caught,1,decode
322,header,721,1,caught,1,decode
323,payload,1872783,1,caught,1,decode
324,bit_flip,2725610,1,caught,1,decode
325,random_bytes,4385129,12,caught,1,decode
326,zeroed_run,2459544,3344,caught,1,decode
327,truncation,3161097,2514676,caught,1,decode
328,header,152,1,caught,1,decode
329,payload,3226879,1,caught,1,decode
330,bit_flip,5348934,1,caught,1,decode
331,random_bytes,3818243,2,caught,1,decode
332,zeroed_run,3738426,2588,caught,1,decode
333,truncation,4796172,879601,caught,1,decode
334,header,551,1,caught,1,decode
335,payload,3936487,1,caught,1,decode
336,bit_flip,3741509,1,caught,1,decode
337,random_bytes,2233843,12,caught,1,decode
338,zeroed_run,4129783,463,caught,1,decode
339,truncation,711076,4964697,caught,1,decode
340,header,604,1,caught,1,decode
341,payload,3234304,1,caught,1,decode
342,bit_flip,3640366,1,caught,1,decode
343,random_bytes,990790,15,caught,1,decode
344,zeroed_run,4241064,1006,caught,1,decode
345,truncation,2785998,2889775,caught,1,decode
346,header,151,1,caught,1,decode
347,payload,3161212,1,caught,1,decode
348,bit_flip,182807,1,caught,1,decode
349,random_bytes,5115147,5,caught,1,decode
350,zeroed_run,4625663,3006,caught,1,decode
351,truncation,3491862,2183911,caught,1,decode
352,header,692,1,caught,1,decode
353,payload,4164054,1,caught,1,decode
354,bit_flip,1104022,1,caught,1,decode
355,random_bytes,4854031,3,caught,1,decode
356,zeroed_run,4372103,3155,caught,1,decode
357,truncation,3113070,2562703,caught,1,decode
358,header,85,1,caught,1,decode
359,payload,3250081,1,caught,1,decode
360,bit_flip,1679469,1,caught,1,decode
361,random_bytes,1030078,2,caught,1,decode
362,zeroed_run,1128429,47,caught,1,decode
363,truncation,565032,5110741,caught,1,decode
364,header,776,1,caught,1,decode
365,payload,2107820,1,caught,1,decode
366,bit_flip,1736658,1,caught,1,decode
367,random_bytes,2436320,6,caught,1,decode
368,zeroed_run,2989685,3297,caught,1,decode
369,truncation,1654735,4021038,caught,1,decode
370,header,55,1,caught,1,decode
371,payload,3580194,1,caught,1,decode
372,bit_flip,430136,1,caught,1,decode
373,random_bytes,2254344,10,caught,1,decode
374,zeroed_run,215835,3698,caught,1,decode
375,truncation,1691256,3984517,caught,1,decode
376,header,233,1,caught,1,decode
377,payload,4298697,1,caught,1,decode
378,bit_flip,917098,1,caught,1,decode
379,random_bytes,3031911,13,caught,1,decode
380,zeroed_run,4139987,1792,caught,1,decode
381,truncation,419512,5256261,caught,1,decode
382,header,602,1,caught,1,decode
383,payload,2711612,1,caught,1,decode
384,bit_flip,170037,1,caught,1,decode
385,random_bytes,5499780,2,caught,1,decode
386,zeroed_run,2939452,917,caught,1,decode
387,truncation,2451398,3224375,caught,1,decode
388,header,731,1,caught,1,decode
389,payload,2221003,1,caught,1,decode
390,bit_flip,2589402,1,caught,1,decode
391,random_bytes,4139811,9,caught,1,decode
392,zeroed_run,661179,2052,caught,1,decode
393,truncation,2865766,2810007,caught,1,decode
394,header,1019,1,caught,1,decode
395,payload,1994911,1,caught,1,decode
396,bit_flip,1507235,1,caught,1,decode
397,random_bytes,4917430,15,caught,1,decode
398,zeroed_run,373858,2693,caught,1,decode
399,truncation,2496375,3179398,caught,1,decode
400,header,482,1,caught,1,decode
401,payload,3031722,1,caught,1,decode
402,bit_flip,3493329,1,caught,1,decode
403,random_bytes,2385919,13,caught,1,decode
404,zeroed_run,3167879,154,caught,1,decode
405,truncation,3249310,2426463,caught,1,decode
406,header,488,1,caught,1,decode
407,payload,4278042,1,caught,1,decode
408,bit_flip,3890429,1,caught,1,decode
409,random_bytes,1275041,9,caught,1,decode
410,zeroed_run,3048828,2836,caught,1,decode
411,truncation,1167425,4508348,caught,1,decode
412,header,113,1,caught,1,decode
413,payload,4875139,1,caught,1,decode
414,bit_flip,5223905,1,caught,1,decode
415,random_bytes,4030431,6,caught,1,decode
416,zeroed_run,1680770,1680,caught,1,decode
417,truncation,608313,5067460,caught,1,decode
418,header,994,1,caught,1,decode
419,payload,1172906,1,caught,1,decode
420,bit_flip,3380088,1,caught,1,decode
421,random_bytes,4960278,7,caught,1,decode
422,zeroed_run,1806367,3630,caught,1,decode
423,truncation,4655329,1020444,caught,1,decode
424,header,905,1,caught,1,decode
425,payload,3757417,1,caught,1,decode
426,bit_flip,1578010,1,caught,1,decode
427,random_bytes,5047565,10,caught,1,decode
428,zeroed_run,2530181,442,caught,1,decode
429,truncation,3652663,2023110,caught,1,decode
430,header,315,1,caught,1,decode
431,payload,1344197,1,caught,1,decode
432,bit_flip,1231263,1,caught,1,decode
433,random_bytes,2521779,5,caught,1,decode
434,zeroed_run,1413593,1030,caught,1,decode
435,truncation,5358282,317491,caught,1,decode
436,header,539,1,caught,1,decode
437,payload,993785,1,caught,1,decode
438,bit_flip,4357319,1,caught,1,decode
439,random_bytes,5409497,2,caught,1,decode
440,zeroed_run,538606,2776,caught,1,decode
441,truncation,5072577,603196,caught,1,decode
442,header,868,1,caught,1,decode
443,payload,2686172,1,caught,1,decode
444,bit_flip,1866308,1,caught,1,decode
445,random_bytes,1603444,6,caught,1,decode
446,zeroed_run,1474612,3792,caught,1,decode
447,truncation,246562,5429211,caught,1,decode
448,header,884,1,caught,1,decode
449,payload,3597384,1,caught,1,decode
450,bit_flip,3147371,1,caught,1,decode
451,random_bytes,1619092,1,caught,1,decode
452,zeroed_run,5058391,1174,caught,1,decode
453,truncation,3509126,2166647,caught,1,decode
454,header,611,1,caught,1,decode
455,payload,1565508,1,caught,1,decode
456,bit_flip,5255708,1,caught,1,decode
457,random_bytes,3272288,3,caught,1,decode
458,zeroed_run,2878733,2781,caught,1,decode
459,truncation,1696471,3979302,caught,1,decode
460,header,447,1,caught,1,decode
461,payload,3294057,1,caught,1,decode
462,bit_flip,4521875,1,caught,1,decode
463,random_bytes,3350110,2,caught,1,decode
464,zeroed_run,4982729,2385,caught,1,decode
465,truncation,868701,4807072,caught,1,decode
466,header,350,1,caught,1,decode
467,payload,234247,1,caught,1,decode
468,bit_flip,2404247,1,caught,1,decode
469,random_bytes,4721997,12,caught,1,decode
470,zeroed_run,2621818,2249,caught,1,decode
471,truncation,1312791,4362982,caught,1,decode
472,header,974,1,caught,1,decode
473,payload,2934801,1,caught,1,decode
474,bit_flip,2976753,1,caught,1,decode
475,random_bytes,3326907,3,caught,1,decode
476,zeroed_run,1744806,72,caught,1,decode
477,truncation,492965,5182808,caught,1,decode
478,header,674,1,caught,1,decode
479,payload,3995757,1,caught,1,decode
480,bit_flip,600613,1,caught,1,decode
481,random_bytes,5500884,1,caught,1,decode
482,zeroed_run,1986630,2464,caught,1,decode
483,truncation,4602278,1073495,caught,1,decode
484,header,201,1,caught,1,decode
485,payload,2877677,1,caught,1,decode
486,bit_flip,1388355,1,caught,1,decode
487,random_bytes,2931200,16,caught,1,decode
488,zeroed_run,47089,2527,caught,1,decode
489,truncation,3038071,2637702,caught,1,decode
490,header,463,1,caught,1,decode
491,payload,4834515,1,caught,1,decode
492,bit_flip,4450692,1,caught,1,decode
493,random_bytes,1264682,4,caught,1,decode
494,zeroed_run,1236840,916,caught,1,decode
495,truncation,1709182,3966591,caught,1,decode
496,header,288,1,caught,1,decode
497,payload,87650,1,caught,1,decode
498,bit_flip,1461864,1,caught,1,decode
499,random_bytes,3406300,9,caught,1,decode
500,zeroed_run,1164737,1942,caught,1,decode
501,truncation,4605204,1070569,caught,1,decode
502,header,741,1,caught,1,decode
503,payload,2224342,1,caught,1,decode
504,bit_flip,1389167,1,caught,1,decode
505,random_bytes,730852,11,caught,1,decode
506,zeroed_run,2821579,2900,caught,1,decode
507,truncation,833184,4842589,caught,1,decode
508,header,883,1,caught,1,decode
509,payload,4141496,1,caught,1,decode
510,bit_flip,5555837,1,caught,1,decode
511,random_bytes,2349673,13,caught,1,decode
512,zeroed_run,5404295,4039,caught,1,decode
513,truncation,1759876,3915897,caught,1,decode
514,header,134,1,caught,1,decode
515,payload,1898611,1,caught,1,decode
516,bit_flip,2375042,1,caught,1,decode
517,random_bytes,3760824,14,caught,1,decode
518,zeroed_run,3111158,2620,caught,1,decode
519,truncation,2866199,2809574,caught,1,decode
520,header,264,1,caught,1,decode
521,payload,903674,1,caught,1,decode
522,bit_flip,4186535,1,caught,1,decode
523,random_bytes,1937778,13,caught,1,decode
524,zeroed_run,4668898,1816,caught,1,decode
525,truncation,3051231,2624542,caught,1,decode
526,header,222,1,caught,1,decode
527,payload,4509730,1,caught,1,decode
528,bit_flip,5243928,1,caught,1,decode
529,random_bytes,5440276,15,caught,1,decode
530,zeroed_run,5589337,2947,caught,1,decode
531,truncation,14350,5661423,caught,1,decode
532,header,172,1,caught,1,decode
533,payload,303854,1,caught,1,decode
534,bit_flip,4594149,1,caught,1,decode
535,random_bytes,4286251,7,caught,1,decode
536,zeroed_run,4798753,272,caught,1,decode
537,truncation,1274415,4401358,caught,1,decode
538,header,654,1,caught,1,decode
539,payload,2401812,1,caught,1,decode
540,bit_flip,2133567,1,caught,1,decode
541,random_bytes,1171628,1,caught,1,decode
542,zeroed_run,3296933,1043,caught,1,decode
543,truncation,1169591,4506182,caught,1,decode
544,header,765,1,caught,1,decode
545,payload,604923,1,caught,1,decode
546,bit_flip,1712051,1,caught,1,decode
547,random_bytes,5148434,2,caught,1,decode
548,zeroed_run,1047523,178,caught,1,decode
549,truncation,4036483,1639290,caught,1,decode
550,header,383,1,caught,1,decode
551,payload,4494997,1,caught,1,decode
552,bit_flip,3914739,1,caught,1,decode
553,random_bytes,4865861,3,caught,1,decode
554,zeroed_run,4771000,3772,caught,1,decode
555,truncation,769349,4906424,caught,1,decode
556,header,36,1,caught,1,decode
557,payload,4830912,1,caught,1,decode
558,bit_flip,745116,1,caught,1,decode
559,random_bytes,3959679,13,caught,1,decode
560,zeroed_run,1395503,1340,caught,1,decode
561,truncation,678550,4997223,caught,1,decode
562,header,209,1,caught,1,decode
563,payload,1633172,1,caught,1,decode
564,bit_flip,3632786,1,caught,1,decode
565,random_bytes,4885546,2,caught,1,decode
566,zeroed_run,1369292,3031,caught,1,decode
567,truncation,3453612,2222161,caught,1,decode
568,header,330,1,caught,1,decode
569,payload,3655030,1,caught,1,decode
570,bit_flip,1865907,1,caught,1,decode
571,random_bytes,3377129,2,caught,1,decode
572,zeroed_run,786937,2046,caught,1,decode
573,truncation,2709662,2966111,caught,1,decode
574,header,490,1,caught,1,decode
575,payload,3875282,1,caught,1,decode
576,bit_flip,1882252,1,caught,1,decode
577,random_bytes,1569076,1,caught,1,decode
578,zeroed_run,3375072,3982,caught,1,decode
579,truncation,2055882,3619891,caught,1,decode
580,header,835,1,caught,1,decode
581,payload,978757,1,caught,1,decode
582,bit_flip,1035677,1,caught,1,decode
583,random_bytes,659270,3,caught,1,decode
584,zeroed_run,886133,2129,caught,1,decode
585,truncation,911739,4764034,caught,1,decode
586,header,771,1,caught,1,decode
587,payload,2547193,1,caught,1,decode
588,bit_flip,5125662,1,caught,1,decode
589,random_bytes,2479694,10,caught,1,decode
590,zeroed_run,942836,132,caught,1,decode
591,truncation,3504939,2170834,caught,1,decode
592,header,681,1,caught,1,decode
593,payload,695262,1,caught,1,decode
594,bit_flip,4563415,1,caught,1,decode
595,random_bytes,1668422,14,caught,1,decode
596,zeroed_run,1701371,294,caught,1,decode
597,truncation,1760763,3915010,caught,1,decode
598,header,792,1,caught,1,decode
599,payload,5333377,1,caught,1,decode
600,bit_flip,654898,1,caught,1,decode
601,random_bytes,547500,2,caught,1,decode
602,zeroed_run,4371277,3855,caught,1,decode
603,truncation,3841589,1834184,caught,1,decode
604,header,670,1,caught,1,decode
605,payload,5281573,1,caught,1,decode
606,bit_flip,814998,1,caught,1,decode
607,random_bytes,4949517,4,caught,1,decode
608,zeroed_run,4725776,2078,caught,1,decode
609,truncation,4454999,1220774,caught,1,decode
610,header,2,1,caught,1,decode
611,payload,1594929,1,caught,1,decode
612,bit_flip,170319,1,caught,1,decode
613,random_bytes,3547586,10,caught,1,decode
614,zeroed_run,2640870,365,caught,1,decode
615,truncation,5615887,59886,caught,1,decode
616,header,413,1,caught,1,decode
617,payload,2685771,1,caught,1,decode
618,bit_flip,2856408,1,caught,1,decode
619,random_bytes,1720082,7,caught,1,decode
620,zeroed_run,4595220,3328,caught,1,decode
621,truncation,251942,5423831,caught,1,decode
622,header,854,1,caught,1,decode
623,payload,5363509,1,caught,1,decode
624,bit_flip,927605,1,caught,1,decode
625,random_bytes,5055930,1,caught,1,decode
626,zeroed_run,3323651,2623,caught,1,decode
627,truncation,4121737,1554036,caught,1,decode
628,header,70,1,caught,1,decode
629,payload,4380743,1,caught,1,decode
630,bit_flip,3507057,1,caught,1,decode
631,random_bytes,522648,8,caught,1,decode
632,zeroed_run,311972,1316,caught,1,decode
633,truncation,3169547,2506226,caught,1,decode
634,header,115,1,caught,1,decode
635,payload,1023605,1,caught,1,decode
636,bit_flip,4316078,1,caught,1,decode
637,random_bytes,3608953,1,caught,1,decode
638,zeroed_run,1005993,2285,caught,1,decode
639,truncation,2815563,2860210,caught,1,decode
640,header,492,1,caught,1,decode
641,payload,4688855,1,caught,1,decode
642,bit_flip,1109528,1,caught,1,decode
643,random_bytes,1810344,3,caught,1,decode
644,zeroed_run,2079232,1369,caught,1,decode
645,truncation,1888513,3787260,caught,1,decode
646,header,758,1,caught,1,decode
647,payload,2529468,1,caught,1,decode
648,bit_flip,2193895,1,caught,1,decode
649,random_bytes,996326,3,caught,1,decode
650,zeroed_run,2904803,1194,caught,1,decode
651,truncation,1214289,4461484,caught,1,decode
652,header,725,1,caught,1,decode
653,payload,5255009,1,caught,1,decode
654,bit_flip,2749333,1,caught,1,decode
655,random_bytes,5656175,1,caught,1,decode
656,zeroed_run,268304,632,caught,1,decode
657,truncation,3391851,2283922,caught,1,decode
658,header,563,1,caught,1,decode
659,payload,2486505,1,caught,1,decode
660,bit_flip,3491233,1,caught,1,decode
661,random_bytes,4276371,4,caught,1,decode
662,zeroed_run,3356975,1170,caught,1,decode
663,truncation,4747911,927862,caught,1,decode
664,header,635,1,caught,1,decode
665,payload,4428805,1,caught,1,decode
666,bit_flip,3258428,1,caught,1,decode
667,random_bytes,4205547,5,caught,1,decode
668,zeroed_run,4945679,3939,caught,1,decode
669,truncation,2177354,3498419,caught,1,decode
670,header,96,1,caught,1,decode
671,payload,4820624,1,caught,1,decode
672,bit_flip,5150628,1,caught,1,decode
673,random_bytes,339026,15,caught,1,decode
674,zeroed_run,530421,2547,caught,1,decode
675,truncation,4455460,1220313,caught,1,decode
676,header,806,1,caught,1,decode
677,payload,1428793,1,caught,1,decode
678,bit_flip,4368778,1,caught,1,decode
679,random_bytes,5567919,16,caught,1,decode
680,zeroed_run,2539250,3423,caught,1,decode
681,truncation,1386858,4288915,caught,1,decode
682,header,267,1,caught,1,decode
683,payload,4133605,1,caught,1,decode
684,bit_flip,5143486,1,caught,1,decode
685,random_bytes,996722,8,caught,1,decode
686,zeroed_run,303491,2125,caught,1,decode
687,truncation,3129150,2546623,caught,1,decode
688,header,496,1,caught,1,decode
689,payload,1121865,1,caught,1,decode
690,bit_flip,4251940,1,caught,1,decode
691,random_bytes,3895539,15,caught,1,decode
692,zeroed_run,1651391,215,caught,1,decode
693,truncation,930220,4745553,caught,1,decode
694,header,206,1,caught,1,decode
695,payload,1972088,1,caught,1,decode
696,bit_flip,31817,1,caught,1,decode
697,random_bytes,4841948,15,caught,1,decode
698,zeroed_run,486549,4013,caught,1,decode
699,truncation,5063809,611964,caught,1,decode
700,header,367,1,caught,1,decode
701,payload,4841073,1,caught,1,decode
702,bit_flip,1235019,1,caught,1,decode
703,random_bytes,1738710,10,caught,1,decode
704,zeroed_run,2436705,2303,caught,1,decode
705,truncation,838044,4837729,caught,1,decode
706,header,902,1,caught,1,decode
707,payload,1876672,1,caught,1,decode
708,bit_flip,2461575,1,caught,1,decode
709,random_bytes,4491428,1,caught,1,decode
710,zeroed_run,4884530,405,caught,1,decode
711,truncation,4573007,1102766,caught,1,decode
712,header,822,1,caught,1,decode
713,payload,3018989,1,caught,1,decode
714,bit_flip,3516330,1,caught,1,decode
715,random_bytes,4069252,15,caught,1,decode
716,zeroed_run,405782,3524,caught,1,decode
717,truncation,3454500,2221273,caught,1,decode
718,header,177,1,caught,1,decode
719,payload,4672982,1,caught,1,decode
720,bit_flip,5579179,1,caught,1,decode
721,random_bytes,5570455,12,caught,1,decode
722,zeroed_run,1502787,367,caught,1,decode
723,truncation,3948027,1727746,caught,1,decode
724,header,901,1,caught,1,decode
725,payload,1974779,1,caught,1,decode
726,bit_flip,1532634,1,caught,1,decode
727,random_bytes,700522,12,caught,1,decode
728,zeroed_run,4076559,1172,caught,1,decode
729,truncation,922751,4753022,caught,1,decode
730,header,862,1,caught,1,decode
731,payload,124462,1,caught,1,decode
732,bit_flip,341058,1,caught,1,decode
733,random_bytes,428967,2,caught,1,decode
734,zeroed_run,1779171,3724,caught,1,decode
735,truncation,98296,5577477,caught,1,decode
736,header,97,1,caught,1,decode
737,payload,1675140,1,caught,1,decode
738,bit_flip,1495430,1,caught,1,decode
739,random_bytes,3589003,8,caught,1,decode
740,zeroed_run,1568342,3245,caught,1,decode
741,truncation,409393,5266380,caught,1,decode
742,header,192,1,caught,1,decode
743,payload,4249589,1,caught,1,decode
744,bit_flip,3538810,1,caught,1,decode
745,random_bytes,3057620,12,caught,1,decode
746,zeroed_run,5398411,3075,caught,1,decode
747,truncation,3352526,2323247,caught,1,decode
748,header,645,1,caught,1,decode
749,payload,5064993,1,caught,1,decode
750,bit_flip,987254,1,caught,1,decode
751,random_bytes,4366582,8,caught,1,decode
752,zeroed_run,4267858,2430,caught,1,decode
753,truncation,55912,5619861,caught,1,decode
754,header,142,1,caught,1,decode
755,payload,503011,1,caught,1,decode
756,bit_flip,2509054,1,caught,1,decode
757,random_bytes,1770495,4,caught,1,decode
758,zeroed_run,5437589,2183,caught,1,decode
759,truncation,1295606,4380167,caught,1,decode
760,header,417,1,caught,1,decode
761,payload,4086275,1,caught,1,decode
762,bit_flip,2726288,1,caught,1,decode
763,random_bytes,4087872,7,caught,1,decode
764,zeroed_run,1531769,2797,caught,1,decode
765,truncation,3164061,2511712,caught,1,decode
766,header,467,1,caught,1,decode
767,payload,2902855,1,caught,1,decode
768,bit_flip,5117993,1,caught,1,decode
769,random_bytes,5160096,15,caught,1,decode
770,zeroed_run,3204984,2632,caught,1,decode
771,truncation,2973932,2701841,caught,1,decode
772,header,143,1,caught,1,decode
773,payload,4508067,1,caught,1,decode
774,bit_flip,705190,1,caught,1,decode
775,random_bytes,4209007,8,caught,1,decode
776,zeroed_run,2882634,3908,caught,1,decode
777,truncation,4595828,1079945,caught,1,decode
778,header,609,1,caught,1,decode
779,payload,4950316,1,caught,1,decode
780,bit_flip,3435042,1,caught,1,decode
781,random_bytes,2772964,3,caught,1,decode
782,zeroed_run,3427933,143,caught,1,decode
783,truncation,3783523,1892250,caught,1,decode
784,header,758,1,caught,1,decode
785,payload,3463824,1,caught,1,decode
786,bit_flip,3688613,1,caught,1,decode
787,random_bytes,2409566,15,caught,1,decode
788,zeroed_run,1352865,231,caught,1,decode
789,truncation,3656184,2019589,caught,1,decode
790,header,914,1,caught,1,decode
791,payload,1208165,1,caught,1,decode
792,bit_flip,5303665,1,caught,1,decode
793,random_bytes,2131511,2,caught,1,decode
794,zeroed_run,2613309,1287,caught,1,decode
795,truncation,3457883,2217890,caught,1,decode
796,header,219,1,caught,1,decode
797,payload,4451394,1,caught,1,decode
798,bit_flip,1506283,1,caught,1,decode
799,random_bytes,785412,7,caught,1,decode
800,zeroed_run,3488419,2142,caught,1,decode
801,truncation,598465,5077308,caught,1,decode
802,header,1004,1,caught,1,decode
803,payload,4695019,1,caught,1,decode
804,bit_flip,17516,1,caught,1,decode
805,random_bytes,3379789,10,caught,1,decode
806,zeroed_run,4196836,3211,caught,1,decode
807,truncation,3921181,1754592,caught,1,decode
808,header,427,1,caught,1,decode
809,payload,4454627,1,caught,1,decode
810,bit_flip,2525612,1,caught,1,decode
811,random_bytes,3398860,13,caught,1,decode
812,zeroed_run,3345582,835,caught,1,decode
813,truncation,491448,5184325,caught,1,decode
814,header,677,1,caught,1,decode
815,payload,1639860,1,caught,1,decode
816,bit_flip,2753578,1,caught,1,decode
817,random_bytes,2840018,5,caught,1,decode
818,zeroed_run,4342238,1359,caught,1,decode
819,truncation,2632386,3043387,caught,1,decode
820,header,287,1,caught,1,decode
821,payload,3849083,1,caught,1,decode
822,bit_flip,4379747,1,caught,1,decode
823,random_bytes,4754461,8,caught,1,decode
824,zeroed_run,5480738,2527,caught,1,decode
825,truncation,4026627,1649146,caught,1,decode
826,header,17,1,caught,1,decode
827,payload,2684404,1,caught,1,decode
828,bit_flip,1650854,1,caught,1,decode
829,random_bytes,1727542,2,caught,1,decode
830,zeroed_run,5232727,3812,caught,1,decode
831,truncation,1235128,4440645,caught,1,decode
832,header,552,1,caught,1,decode
833,payload,3358022,1,caught,1,decode
834,bit_flip,1701619,1,caught,1,decode
835,random_bytes,2220853,3,caught,1,decode
836,zeroed_run,171017,3045,caught,1,decode
837,truncation,2462633,3213140,caught,1,decode
838,header,851,1,caught,1,decode
839,payload,2989933,1,caught,1,decode
840,bit_flip,2843802,1,caught,1,decode
841,random_bytes,3608832,12,caught,1,decode
842,zeroed_run,3943368,2275,caught,1,decode
843,truncation,3507246,2168527,caught,1,decode
844,header,355,1,caught,1,decode
845,payload,3812175,1,caught,1,decode
846,bit_flip,1556438,1,caught,1,decode
847,random_bytes,4548988,11,caught,1,decode
848,zeroed_run,4338346,941,caught,1,decode
849,truncation,3310093,2365680,caught,1,decode
850,header,846,1,caught,1,decode
851,payload,2534892,1,caught,1,decode
852,bit_flip,558212,1,caught,1,decode
853,random_bytes,1095360,16,caught,1,decode
854,zeroed_run,4585153,1228,caught,1,decode
855,truncation,3546551,2129222,caught,1,decode
856,header,247,1,caught,1,decode
857,payload,2611419,1,caught,1,decode
858,bit_flip,1132152,1,caught,1,decode
859,random_bytes,2995474,3,caught,1,decode
860,zeroed_run,3313366,1101,caught,1,decode
861,truncation,5631593,44180,caught,1,decode
862,header,551,1,caught,1,decode
863,payload,5273638,1,caught,1,decode
864,bit_flip,4538865,1,caught,1,decode
865,random_bytes,4330341,12,caught,1,decode
866,zeroed_run,1592803,3831,caught,1,decode
867,truncation,616856,5058917,caught,1,decode
868,header,752,1,caught,1,decode
869,payload,594217,1,caught,1,decode
870,bit_flip,1713251,1,caught,1,decode
871,random_bytes,390540,7,caught,1,decode
872,zeroed_run,211394,3067,caught,1,decode
873,truncation,2338101,3337672,caught,1,decode
874,header,840,1,caught,1,decode
875,payload,4364950,1,caught,1,decode
876,bit_flip,5316316,1,caught,1,decode
877,random_bytes,5047899,4,caught,1,decode
878,zeroed_run,3227780,948,caught,1,decode
879,truncation,5511382,164391,caught,1,decode
880,header,311,1,caught,1,decode
881,payload,4830952,1,caught,1,decode
882,bit_flip,3488648,1,caught,1,decode
883,random_bytes,1758924,6,caught,1,decode
884,zeroed_run,1713871,119,caught,1,decode
885,truncation,3392818,2282955,caught,1,decode
886,header,934,1,caught,1,decode
887,payload,1076559,1,caught,1,decode
888,bit_flip,5318409,1,caught,1,decode
889,random_bytes,1660756,2,caught,1,decode
890,zeroed_run,1761872,2213,caught,1,decode
891,truncation,655747,5020026,caught,1,decode
892,header,138,1,caught,1,decode
893,payload,4888452,1,caught,1,decode
894,bit_flip,538708,1,caught,1,decode
895,random_bytes,478177,12,caught,1,decode
896,zeroed_run,5147871,3688,caught,1,decode
897,truncation,2440882,3234891,caught,1,decode
898,header,585,1,caught,1,decode
899,payload,2888431,1,caught,1,decode
900,bit_flip,3381589,1,caught,1,decode
901,random_bytes,3540453,4,caught,1,decode
902,zeroed_run,3865924,2573,caught,1,decode
903,truncation,5414044,261729,caught,1,decode
904,header,176,1,caught,1,decode
905,payload,4136511,1,caught,1,decode
906,bit_flip,2146562,1,caught,1,decode
907,random_bytes,2140395,6,caught,1,decode
908,zeroed_run,1247148,1927,caught,1,decode
909,truncation,4930997,744776,caught,1,decode
910,header,924,1,caught,1,decode
911,payload,860904,1,caught,1,decode
912,bit_flip,1583576,1,caught,1,decode
913,random_bytes,2485378,7,caught,1,decode
914,zeroed_run,1901635,1105,caught,1,decode
915,truncation,4148090,1527683,caught,1,decode
916,header,327,1,caught,1,decode
917,payload,203509,1,caught,1,decode
918,bit_flip,2612850,1,caught,1,decode
919,random_bytes,1943595,13,caught,1,decode
920,zeroed_run,2367182,165,caught,1,decode
921,truncation,2101168,3574605,caught,1,decode
922,header,774,1,caught,1,decode
923,payload,1721944,1,caught,1,decode
924,bit_flip,2186729,1,caught,1,decode
925,random_bytes,5370639,15,caught,1,decode
926,zeroed_run,2676768,1345,caught,1,decode
927,truncation,2332400,3343373,caught,1,decode
928,header,660,1,caught,1,decode
929,payload,2924228,1,caught,1,decode
930,bit_flip,2253795,1,caught,1,decode
931,random_bytes,70812,3,caught,1,decode
932,zeroed_run,2890132,2271,caught,1,decode
933,truncation,1569148,4106625,caught,1,decode
934,header,365,1,caught,1,decode
935,payload,2234355,1,caught,1,decode
936,bit_flip,130942,1,caught,1,decode
937,random_bytes,5146799,7,caught,1,decode
938,zeroed_run,4052936,174,caught,1,decode
939,truncation,5150601,525172,caught,1,decode
940,header,188,1,caught,1,decode
941,payload,2131290,1,caught,1,decode
942,bit_flip,3011797,1,caught,1,decode
943,random_bytes,4957131,14,caught,1,decode
944,zeroed_run,172850,2274,caught,1,decode
945,truncation,4170317,1505456,caught,1,decode
946,header,675,1,caught,1,decode
947,payload,3645538,1,caught,1,decode
948,bit_flip,2650596,1,caught,1,decode
949,random_bytes,1938743,10,caught,1,decode
950,zeroed_run,2866284,2606,caught,1,decode
951,truncation,754123,4921650,caught,1,decode
952,header,80,1,caught,1,decode
953,payload,1756020,1,caught,1,decode
954,bit_flip,649147,1,caught,1,decode
955,random_bytes,2055359,7,caught,1,decode
956,zeroed_run,4768465,1294,caught,1,decode
957,truncation,5228569,447204,caught,1,decode
958,header,790,1,caught,1,decode
959,payload,5577961,1,caught,1,decode
960,bit_flip,2294609,1,caught,1,decode
961,random_bytes,1904368,7,caught,1,decode
962,zeroed_run,894195,3112,caught,1,decode
963,truncation,1203753,4472020,caught,1,decode
964,header,974,1,caught,1,decode
965,payload,2087602,1,caught,1,decode
966,bit_flip,5571267,1,caught,1,decode
967,random_bytes,191460,13,caught,1,decode
968,zeroed_run,4539481,904,caught,1,decode
969,truncation,2102515,3573258,caught,1,decode
970,header,375,1,caught,1,decode
971,payload,2343825,1,caught,1,decode
972,bit_flip,3048163,1,caught,1,decode
973,random_bytes,2909888,11,caught,1,decode
974,zeroed_run,595864,2272,caught,1,decode
975,truncation,1796272,3879501,caught,1,decode
976,header,645,1,caught,1,decode
977,payload,479878,1,caught,1,decode
978,bit_flip,4117739,1,caught,1,decode
979,random_bytes,3797298,9,caught,1,decode
980,zeroed_run,3968454,502,caught,1,decode
981,truncation,1168589,4507184,caught,1,decode
982,header,670,1,caught,1,decode
983,payload,4702582,1,caught,1,decode
984,bit_flip,4782175,1,caught,1,decode
985,random_bytes,3249404,7,caught,1,decode
986,zeroed_run,1338374,1509,caught,1,decode
987,truncation,4168529,1507244,caught,1,decode
988,header,220,1,caught,1,decode
989,payload,2501677,1,caught,1,decode
990,bit_flip,2942803,1,caught,1,decode
991,random_bytes,3298,5,caught,1,decode
992,zeroed_run,2958175,3568,caught,1,decode
993,truncation,4926070,749703,caught,1,decode
994,header,639,1,caught,1,decode
995,payload,3012532,1,caught,1,decode
996,bit_flip,4088124,1,caught,1,decode
997,random_bytes,695961,8,caught,1,decode
998,zeroed_run,1245400,2417,caught,1,decode
999,truncation,1349096,4326677,caught,1,decode
1000,header,458,1,caught,1,decode
1001,payload,3800737,1,caught,1,decode
1002,bit_flip,3995084,1,caught,1,decode
1003,random_bytes,4469760,2,caught,1,decode
1004,zeroed_run,2516747,3007,caught,1,decode
1005,truncation,1112607,4563166,caught,1,decode
1006,header,732,1,caught,1,decode
1007,payload,632578,1,caught,1,decode
1008,bit_flip,4905105,1,caught,1,decode
1009,random_bytes,1442152,8,caught,1,decode
1010,zeroed_run,4569281,3259,caught,1,decode
1011,truncation,9034,5666739,caught,1,decode
1012,header,572,1,caught,1,decode
1013,payload,3882024,1,caught,1,decode
1014,bit_flip,1869942,1,caught,1,decode
1015,random_bytes,241922,1,caught,1,decode
1016,zeroed_run,4251384,1083,caught,1,decode
1017,truncation,5454570,221203,caught,1,decode
1018,header,820,1,caught,1,decode
1019,payload,458424,1,caught,1,decode
1020,bit_flip,580553,1,caught,1,decode
1021,random_bytes,5318257,9,caught,1,decode
1022,zeroed_run,2650138,1016,caught,1,decode
1023,truncation,27461,5648312,caught,1,decode
1024,header,834,1,caught,1,decode
1025,payload,3034212,1,caught,1,decode
1026,bit_flip,3047962,1,caught,1,decode
1027,random_bytes,5391969,12,caught,1,decode
1028,zeroed_run,929662,3546,caught,1,decode
1029,truncation,1648135,4027638,caught,1,decode
1030,header,621,1,caught,1,decode
1031,payload,2958661,1,caught,1,decode
1032,bit_flip,1594715,1,caught,1,decode
1033,random_bytes,2098589,16,caught,1,decode
1034,zeroed_run,5275434,2951,caught,1,decode
1035,truncation,1162922,4512851,caught,1,decode
1036,header,47,1,caught,1,decode
1037,payload,1881114,1,caught,1,decode
1038,bit_flip,1706609,1,caught,1,decode
1039,random_bytes,2707280,13,caught,1,decode
1040,zeroed_run,1758845,419,caught,1,decode
1041,truncation,1990556,3685217,caught,1,decode
1042,header,933,1,caught,1,decode
1043,payload,3150067,1,caught,1,decode
1044,bit_flip,2831757,1,caught,1,decode
1045,random_bytes,1071284,3,caught,1,decode
1046,zeroed_run,2000477,803,caught,1,decode
1047,truncation,4856746,819027,caught,1,decode
1048,header,339,1,caught,1,decode
1049,payload,5005513,1,caught,1,decode
1050,bit_flip,5168265,1,caught,1,decode
1051,random_bytes,4838974,10,caught,1,decode
1052,zeroed_run,1556549,2169,caught,1,decode
1053,truncation,4314409,1361364,caught,1,decode
1054,header,74,1,caught,1,decode
1055,payload,2085558,1,caught,1,decode
1056,bit_flip,954272,1,caught,1,decode
1057,random_bytes,2858866,12,caught,1,decode
1058,zeroed_run,721121,3426,caught,1,decode
1059,truncation,2255869,3419904,caught,1,decode
1060,header,100,1,caught,1,decode
1061,payload,951904,1,caught,1,decode
1062,bit_flip,3127376,1,caught,1,decode
1063,random_bytes,725861,13,caught,1,decode
1064,zeroed_run,1340220,3452,caught,1,decode
1065,truncation,5586163,89610,caught,1,decode
1066,header,500,1,caught,1,decode
1067,payload,3644740,1,caught,1,decode
1068,bit_flip,776754,1,caught,1,decode
1069,random_bytes,4567568,2,caught,1,decode
1070,zeroed_run,4692480,1834,caught,1,decode
1071,truncation,4018520,1657253,caught,1,decode
1072,header,559,1,caught,1,decode
1073,payload,3987291,1,caught,1,decode
1074,bit_flip,3344018,1,caught,1,decode
1075,random_bytes,2325214,1,caught,1,decode
1076,zeroed_run,1061598,3270,caught,1,decode
1077,truncation,3895970,1779803,caught,1,decode
1078,header,337,1,caught,1,decode
1079,payload,4404645,1,caught,1,decode
1080,bit_flip,2245014,1,caught,1,decode
1081,random_bytes,5291084,5,caught,1,decode
1082,zeroed_run,5654349,778,caught,1,decode
1083,truncation,5156283,519490,caught,1,decode
1084,header,235,1,caught,1,decode
1085,payload,3008797,1,caught,1,decode
1086,bit_flip,1721610,1,caught,1,decode
1087,random_bytes,5652809,12,caught,1,decode
1088,zeroed_run,4182149,83,caught,1,decode
1089,truncation,4329439,1346334,caught,1,decode
1090,header,747,1,caught,1,decode
1091,payload,4999151,1,caught,1,decode
1092,bit_flip,4652352,1,caught,1,decode
1093,random_bytes,5196687,15,caught,1,decode
1094,zeroed_run,5556805,2301,caught,1,decode
1095,truncation,1922493,3753280,caught,1,decode
1096,header,379,1,caught,1,decode
1097,payload,2954229,1,caught,1,decode
1098,bit_flip,226597,1,caught,1,decode
1099,random_bytes,640130,15,caught,1,decode
1100,zeroed_run,3375623,2479,caught,1,decode
1101,truncation,2005575,3670198,caught,1,decode
1102,header,821,1,caught,1,decode
1103,payload,4706653,1,caught,1,decode
1104,bit_flip,353166,1,caught,1,decode
1105,random_bytes,3097648,16,caught,1,decode
1106,zeroed_run,4609922,1732,caught,1,decode
1107,truncation,4682097,993676,caught,1,decode
1108,header,539,1,caught,1,decode
1109,payload,791585,1,caught,1,decode
1110,bit_flip,5192266,1,caught,1,decode
1111,random_bytes,1145159,8,caught,1,decode
1112,zeroed_run,5224541,3732,caught,1,decode
1113,truncation,4424403,1251370,caught,1,decode
1114,header,761,1,caught,1,decode
1115,payload,2482830,1,caught,1,decode
1116,bit_flip,318371,1,caught,1,decode
1117,random_bytes,4573131,7,caught,1,decode
1118,zeroed_run,679846,1941,caught,1,decode
1119,truncation,1593546,4082227,caught,1,decode
1120,header,162,1,caught,1,decode
1121,payload,4265280,1,caught,1,decode
1122,bit_flip,2247861,1,caught,1,decode
1123,random_bytes,1091354,11,caught,1,decode
1124,zeroed_run,676778,1549,caught,1,decode
1125,truncation,3784102,1891671,caught,1,decode
1126,header,116,1,caught,1,decode
1127,payload,5512610,1,caught,1,decode
1128,bit_flip,1388475,1,caught,1,decode
1129,random_bytes,3550547,3,caught,1,decode
1130,zeroed_run,141533,515,caught,1,decode
1131,truncation,1644337,4031436,caught,1,decode
1132,header,208,1,caught,1,decode
1133,payload,1341747,1,caught,1,decode
1134,bit_flip,3156792,1,caught,1,decode
1135,random_bytes,1080555,7,caught,1,decode
1136,zeroed_run,2169240,842,caught,1,decode
1137,truncation,980367,4695406,caught,1,decode
1138,header,380,1,caught,1,decode
1139,payload,2035015,1,caught,1,decode
1140,bit_flip,5496581,1,caught,1,decode
1141,random_bytes,2130763,5,caught,1,decode
1142,zeroed_run,1768115,487,caught,1,decode
1143,truncation,4266526,1409247,caught,1,decode
1144,header,170,1,caught,1,decode
1145,payload,4753077,1,caught,1,decode
1146,bit_flip,5212776,1,caught,1,decode
1147,random_bytes,5171740,11,caught,1,decode
1148,zeroed_run,2407152,224,caught,1,decode
1149,truncation,2010425,3665348,caught,1,decode
1150,header,247,1,caught,1,decode
1151,payload,3164922,1,caught,1,decode
1152,bit_flip,1777942,1,caught,1,decode
1153,random_bytes,67668,1,caught,1,decode
1154,zeroed_run,5521548,172,caught,1,decode
1155,truncation,4829818,845955,caught,1,decode
1156,header,510,1,caught,1,decode
1157,payload,5192940,1,caught,1,decode
1158,bit_flip,3861049,1,caught,1,decode
1159,random_bytes,2304670,2,caught,1,decode
1160,zeroed_run,2117076,2618,caught,1,decode
1161,truncation,23124,5652649,caught,1,decode
1162,header,5,1,caught,1,decode
1163,payload,5410079,1,caught,1,decode
1164,bit_flip,4533943,1,caught,1,decode
1165,random_bytes,4930292,14,caught,1,decode
1166,zeroed_run,5184708,3601,caught,1,decode
1167,truncation,2763953,2911820,caught,1,decode
1168,header,178,1,caught,1,decode
1169,payload,4978241,1,caught,1,decode
1170,bit_flip,3350388,1,caught,1,decode
1171,random_bytes,3143743,6,caught,1,decode
1172,zeroed_run,4223737,3566,caught,1,decode
1173,truncation,845752,4830021,caught,1,decode
1174,header,276,1,caught,1,decode
1175,payload,5398968,1,caught,1,decode
1176,bit_flip,5662301,1,caught,1,decode
1177,random_bytes,3570961,11,caught,1,decode
1178,zeroed_run,4485723,2515,caught,1,decode
1179,truncation,3829176,1846597,caught,1,decode
1180,header,940,1,caught,1,decode
1181,payload,2873279,1,caught,1,decode
1182,bit_flip,1793807,1,caught,1,decode
1183,random_bytes,787089,5,caught,1,decode
1184,zeroed_run,3094104,1720,caught,1,decode
1185,truncation,3444862,2230911,caught,1,decode
1186,header,116,1,caught,1,decode
1187,payload,1775957,1,caught,1,decode
1188,bit_flip,4241045,1,caught,1,decode
1189,random_bytes,4534481,8,caught,1,decode
1190,zeroed_run,2079530,2976,caught,1,decode
1191,truncation,2544946,3130827,caught,1,decode
1192,header,859,1,caught,1,decode
1193,payload,1069889,1,caught,1,decode
1194,bit_flip,1187327,1,caught,1,decode
1195,random_bytes,2692482,6,caught,1,decode
1196,zeroed_run,2522344,23,caught,1,decode
1197,truncation,5205299,470474,caught,1,decode
1198,header,640,1,caught,1,decode
1199,payload,1221299,1,caught,1,decode
1200,bit_flip,5452004,1,caught,1,decode
1201,random_bytes,2875926,11,caught,1,decode
1202,zeroed_run,1999876,688,caught,1,decode
1203,truncation,195857,5479916,caught,1,decode
1204,header,66,1,caught,1,decode
1205,payload,1507793,1,caught,1,decode
1206,bit_flip,5568609,1,caught,1,decode
1207,random_bytes,5577354,11,caught,1,decode
1208,zeroed_run,3655015,1753,caught,1,decode
1209,truncation,4698095,977678,caught,1,decode
1210,header,645,1,caught,1,decode
1211,payload,2123111,1,caught,1,decode
1212,bit_flip,5274729,1,caught,1,decode
1213,random_bytes,4196088,8,caught,1,decode
1214,zeroed_run,5214639,627,caught,1,decode
1215,truncation,4776755,899018,caught,1,decode
1216,header,954,1,caught,1,decode
1217,payload,4611889,1,caught,1,decode
1218,bit_flip,4840751,1,caught,1,decode
1219,random_bytes,204759,15,caught,1,decode
1220,zeroed_run,5093531,3516,caught,1,decode
1221,truncation,3356912,2318861,caught,1,decode
1222,header,923,1,caught,1,decode
1223,payload,3786385,1,caught,1,decode
1224,bit_flip,1713142,1,caught,1,decode
1225,random_bytes,2827796,15,caught,1,decode
1226,zeroed_run,457144,1788,caught,1,decode
1227,truncation,5503933,171840,caught,1,decode
1228,header,43,1,caught,1,decode
1229,payload,992624,1,caught,1,decode
1230,bit_flip,2939583,1,caught,1,decode
1231,random_bytes,5603372,16,caught,1,decode
1232,zeroed_run,44511,464,caught,1,decode
1233,truncation,5510873,164900,caught,1,decode
1234,header,60,1,caught,1,decode
1235,payload,1072182,1,caught,1,decode
1236,bit_flip,405380,1,caught,1,decode
1237,random_bytes,636345,12,caught,1,decode
1238,zeroed_run,4863623,2319,caught,1,decode
1239,truncation,5620812,54961,caught,1,decode
1240,header,1019,1,caught,1,decode
1241,payload,3624392,1,caught,1,decode
1242,bit_flip,852781,1,caught,1,decode
1243,random_bytes,4167795,10,caught,1,decode
1244,zeroed_run,1891163,1016,caught,1,decode
1245,truncation,3515865,2159908,caught,1,decode
1246,header,205,1,caught,1,decode
1247,payload,2343735,1,caught,1,decode
1248,bit_flip,1209600,1,caught,1,decode
1249,random_bytes,5611499,13,caught,1,decode
1250,zeroed_run,4206684,2126,caught,1,decode
1251,truncation,2197448,3478325,caught,1,decode
1252,header,2,1,caught,1,decode
1253,payload,2474774,1,caught,1,decode
1254,bit_flip,4693070,1,caught,1,decode
1255,random_bytes,5641563,15,caught,1,decode
1256,zeroed_run,133802,1210,caught,1,decode
1257,truncation,4355802,1319971,caught,1,decode
1258,header,418,1,caught,1,decode
1259,payload,5497723,1,caught,1,decode
1260,bit_flip,5116493,1,caught,1,decode
1261,random_bytes,4464523,8,caught,1,decode
1262,zeroed_run,5527955,1110,caught,1,decode
1263,truncation,5489944,185829,caught,1,decode
1264,header,949,1,caught,1,decode
1265,payload,1296502,1,caught,1,decode
1266,bit_flip,3218777,1,caught,1,decode
1267,random_bytes,435028,7,caught,1,decode
1268,zeroed_run,4504913,1150,caught,1,decode
1269,truncation,805177,4870596,caught,1,decode
1270,header,307,1,caught,1,decode
1271,payload,3529915,1,caught,1,decode
1272,bit_flip,3480781,1,caught,1,decode
1273,random_bytes,3315358,8,caught,1,decode
1274,zeroed_run,237105,1901,caught,1,decode
1275,truncation,575833,5099940,caught,1,decode
1276,header,657,1,caught,1,decode
1277,payload,1972595,1,caught,1,decode
1278,bit_flip,345734,1,caught,1,decode
1279,random_bytes,5234662,4,caught,1,decode
1280,zeroed_run,3158816,1287,caught,1,decode
1281,truncation,4047383,1628390,caught,1,decode
1282,header,907,1,caught,1,decode
1283,payload,3592137,1,caught,1,decode
1284,bit_flip,4109967,1,caught,1,decode
1285,random_bytes,1419748,1,caught,1,decode
1286,zeroed_run,2259444,2521,caught,1,decode
1287,truncation,2709101,2966672,caught,1,decode
1288,header,704,1,caught,1,decode
1289,payload,1878107,1,caught,1,decode
1290,bit_flip,3746610,1,caught,1,decode
1291,random_bytes,2635424,6,caught,1,decode
1292,zeroed_run,1631446,674,caught,1,decode
1293,truncation,2220689,3455084,caught,1,decode
1294,header,420,1,caught,1,decode
1295,payload,3849460,1,caught,1,decode
1296,bit_flip,5002599,1,caught,1,decode
1297,random_bytes,5101958,11,caught,1,decode
1298,zeroed_run,4518611,1089,caught,1,decode
1299,truncation,156386,5519387,caught,1,decode
1300,header,908,1,caught,1,decode
1301,payload,5068608,1,caught,1,decode
1302,bit_flip,1988298,1,caught,1,decode
1303,random_bytes,1119244,4,caught,1,decode
1304,zeroed_run,2145889,389,caught,1,decode
1305,truncation,508932,5166841,caught,1,decode
1306,header,855,1,caught,1,decode
1307,payload,3799719,1,caught,1,decode
1308,bit_flip,4712201,1,caught,1,decode
1309,random_bytes,1375848,15,caught,1,decode
1310,zeroed_run,765141,2625,caught,1,decode
1311,truncation,647909,5027864,caught,1,decode
1312,header,139,1,caught,1,decode
1313,payload,1974562,1,caught,1,decode
1314,bit_flip,1902810,1,caught,1,decode
1315,random_bytes,4017004,6,caught,1,decode
1316,zeroed_run,3924370,910,caught,1,decode
1317,truncation,2865209,2810564,caught,1,decode
1318,header,355,1,caught,1,decode
1319,payload,3612898,1,caught,1,decode
1320,bit_flip,3107414,1,caught,1,decode
1321,random_bytes,5164588,8,caught,1,decode
1322,zeroed_run,4950058,3909,caught,1,decode
1323,truncation,4745554,930219,caught,1,decode
1324,header,170,1,caught,1,decode
1325,payload,1058847,1,caught,1,decode
1326,bit_flip,486080,1,caught,1,decode
1327,random_bytes,5150641,5,caught,1,decode
1328,zeroed_run,1302309,2188,caught,1,decode
1329,truncation,776957,4898816,caught,1,decode
1330,header,41,1,caught,1,decode
1331,payload,5645978,1,caught,1,decode
1332,bit_flip,2730180,1,caught,1,decode
1333,random_bytes,2693642,13,caught,1,decode
1334,zeroed_run,2702736,2994,caught,1,decode
1335,truncation,4469809,1205964,caught,1,decode
1336,header,892,1,caught,1,decode
1337,payload,5427385,1,caught,1,decode
1338,bit_flip,3005470,1,caught,1,decode
1339,random_bytes,2670959,4,caught,1,decode
1340,zeroed_run,1377535,2810,caught,1,decode
1341,truncation,832777,4842996,caught,1,decode
1342,header,494,1,caught,1,decode
1343,payload,1234910,1,caught,1,decode
1344,bit_flip,4219284,1,caught,1,decode
1345,random_bytes,2319470,10,caught,1,decode
1346,zeroed_run,580716,3551,caught,1,decode
1347,truncation,5318100,357673,caught,1,decode
1348,header,103,1,caught,1,decode
1349,payload,2114018,1,caught,1,decode
1350,bit_flip,4974070,1,caught,1,decode
1351,random_bytes,306592,14,caught,1,decode
1352,zeroed_run,1255873,3395,caught,1,decode
1353,truncation,579724,5096049,caught,1,decode
1354,header,82,1,caught,1,decode
1355,payload,1976073,1,caught,1,decode
1356,bit_flip,1894843,1,caught,1,decode
1357,random_bytes,4283582,3,caught,1,decode
1358,zeroed_run,2657728,3357,caught,1,decode
1359,truncation,2276405,3399368,caught,1,decode
1360,header,570,1,caught,1,decode
1361,payload,3400016,1,caught,1,decode
1362,bit_flip,437655,1,caught,1,decode
1363,random_bytes,3035857,8,caught,1,decode
1364,zeroed_run,2792995,2994,caught,1,decode
1365,truncation,4486065,1189708,caught,1,decode
1366,header,312,1,caught,1,decode
1367,payload,941455,1,caught,1,decode
1368,bit_flip,4008572,1,caught,1,decode
1369,random_bytes,2440284,8,caught,1,decode
1370,zeroed_run,4038243,1118,caught,1,decode
1371,truncation,1287117,4388656,caught,1,decode
1372,header,672,1,caught,1,decode
1373,payload,5321187,1,caught,1,decode
1374,bit_flip,368110,1,caught,1,decode
1375,random_bytes,2025941,1,caught,1,decode
1376,zeroed_run,4064211,3004,caught,1,decode
1377,truncation,1801815,3873958,caught,1,decode
1378,header,813,1,caught,1,decode
1379,payload,3382493,1,caught,1,decode
1380,bit_flip,4044063,1,caught,1,decode
1381,random_bytes,4213017,7,caught,1,decode
1382,zeroed_run,3073455,3702,caught,1,decode
1383,truncation,12757,5663016,caught,1,decode
1384,header,997,1,caught,1,decode
1385,payload,2575014,1,caught,1,decode
1386,bit_flip,1366787,1,caught,1,decode
1387,random_bytes,4636880,4,caught,1,decode
1388,zeroed_run,5140538,3286,caught,1,decode
1389,truncation,916367,4759406,caught,1,decode
1390,header,310,1,caught,1,decode
1391,payload,4097297,1,caught,1,decode
1392,bit_flip,136335,1,caught,1,decode
1393,random_bytes,287646,4,caught,1,decode
1394,zeroed_run,3508257,3773,caught,1,decode
1395,truncation,2132632,3543141,caught,1,decode
1396,header,672,1,caught,1,decode
1397,payload,2933211,1,caught,1,decode
1398,bit_flip,1899658,1,caught,1,decode
1399,random_bytes,651097,16,caught,1,decode
1400,zeroed_run,4050888,1510,caught,1,decode
1401,truncation,2853386,2822387,caught,1,decode
1402,header,491,1,caught,1,decode
1403,payload,4480207,1,caught,1,decode
1404,bit_flip,2399734,1,caught,1,decode
1405,random_bytes,1849184,9,caught,1,decode
1406,zeroed_run,3473140,1217,caught,1,decode
1407,truncation,60082,5615691,caught,1,decode
1408,header,446,1,caught,1,decode
1409,payload,1486256,1,caught,1,decode
1410,bit_flip,632524,1,caught,1,decode
1411,random_bytes,3429860,3,caught,1,decode
1412,zeroed_run,4500909,641,caught,1,decode
1413,truncation,4810169,865604,caught,1,decode
1414,header,49,1,caught,1,decode
1415,payload,251034,1,caught,1,decode
1416,bit_flip,478860,1,caught,1,decode
1417,random_bytes,1998240,6,caught,1,decode
1418,zeroed_run,4930344,3195,caught,1,decode
1419,truncation,1034115,4641658,caught,1,decode
1420,header,597,1,caught,1,decode
1421,payload,1391448,1,caught,1,decode
1422,bit_flip,1806226,1,caught,1,decode
1423,random_bytes,4481628,7,caught,1,decode
1424,zeroed_run,5290794,3164,caught,1,decode
1425,truncation,623305,5052468,caught,1,decode
1426,header,917,1,caught,1,decode
1427,payload,1650738,1,caught,1,decode
1428,bit_flip,5614204,1,caught,1,decode
1429,random_bytes,5664049,7,caught,1,decode
1430,zeroed_run,3417546,2162,caught,1,decode
1431,truncation,3046246,2629527,caught,1,decode
1432,header,673,1,caught,1,decode
1433,payload,2349927,1,caught,1,decode
1434,bit_flip,1056364,1,caught,1,decode
1435,random_bytes,2087623,5,caught,1,decode
1436,zeroed_run,4798871,3091,caught,1,decode
1437,truncation,6937,5668836,caught,1,decode
1438,header,771,1,caught,1,decode
1439,payload,4175165,1,caught,1,decode
1440,bit_flip,5085061,1,caught,1,decode
1441,random_bytes,2924615,1,caught,1,decode
1442,zeroed_run,1300123,2496,caught,1,decode
1443,truncation,266793,5408980,caught,1,decode
1444,header,878,1,caught,1,decode
1445,payload,390983,1,caught,1,decode
1446,bit_flip,905501,1,caught,1,decode
1447,random_bytes,161414,9,caught,1,decode
1448,zeroed_run,2495510,3263,caught,1,decode
1449,truncation,2010797,3664976,caught,1,decode
1450,header,373,1,caught,1,decode
1451,payload,554081,1,caught,1,decode
1452,bit_flip,3149390,1,caught,1,decode
1453,random_bytes,3771980,4,caught,1,decode
1454,zeroed_run,259267,2374,caught,1,decode
1455,truncation,2972623,2703150,caught,1,decode
1456,header,152,1,caught,1,decode
1457,payload,1434163,1,caught,1,decode
1458,bit_flip,5578491,1,caught,1,decode
1459,random_bytes,372604,4,caught,1,decode
1460,zeroed_run,3931413,3934,caught,1,decode
1461,truncation,2829834,2845939,caught,1,decode
1462,header,778,1,caught,1,decode
1463,payload,587844,1,caught,1,decode
1464,bit_flip,2490777,1,caught,1,decode
1465,random_bytes,58971,16,caught,1,decode
1466,zeroed_run,2872695,1232,caught,1,decode
1467,truncation,1248508,4427265,caught,1,decode
1468,header,1009,1,caught,1,decode
1469,payload,5511818,1,caught,1,decode
1470,bit_flip,1053103,1,caught,1,decode
1471,random_bytes,3098665,16,caught,1,decode
1472,zeroed_run,2917213,2594,caught,1,decode
1473,truncation,2689180,2986593,caught,1,decode
1474,header,171,1,caught,1,decode
1475,payload,1595773,1,caught,1,decode
1476,bit_flip,4465308,1,caught,1,decode
1477,random_bytes,4266212,5,caught,1,decode
1478,zeroed_run,2038703,543,caught,1,decode
1479,truncation,503856,5171917,caught,1,decode
1480,header,279,1,caught,1,decode
1481,payload,4175856,1,caught,1,decode
1482,bit_flip,3786058,1,caught,1,decode
1483,random_bytes,2792360,8,caught,1,decode
1484,zeroed_run,2047633,2894,caught,1,decode
1485,truncation,2522976,3152797,caught,1,decode
1486,header,377,1,caught,1,decode
1487,payload,3175793,1,caught,1,decode
1488,bit_flip,1619498,1,caught,1,decode
1489,random_bytes,3909341,9,caught,1,decode
1490,zeroed_run,2706027,3308,caught,1,decode
1491,truncation,1062474,4613299,caught,1,decode
1492,header,266,1,caught,1,decode
1493,payload,1449101,1,caught,1,decode
1494,bit_flip,2277846,1,caught,1,decode
1495,random_bytes,1149677,13,caught,1,decode
1496,zeroed_run,5445786,3449,caught,1,decode
1497,truncation,4006993,1668780,caught,1,decode
1498,header,538,1,caught,1,decode
1499,payload,55919,1,caught,1,decode
1500,bit_flip,4309238,1,caught,1,decode
1501,random_bytes,4271167,15,caught,1,decode
1502,zeroed_run,5638574,1841,caught,1,decode
1503,truncation,751737,4924036,caught,1,decode
1504,header,340,1,caught,1,decode
1505,payload,3311345,1,caught,1,decode
1506,bit_flip,2567832,1,caught,1,decode
1507,random_bytes,5005719,8,caught,1,decode
1508,zeroed_run,2255747,1198,caught,1,decode
1509,truncation,5391135,284638,caught,1,decode
1510,header,830,1,caught,1,decode
1511,payload,2438970,1,caught,1,decode
1512,bit_flip,4659821,1,caught,1,decode
1513,random_bytes,32697,14,caught,1,decode
1514,zeroed_run,1417501,136,caught,1,decode
1515,truncation,4800662,875111,caught,1,decode
1516,header,370,1,caught,1,decode
1517,payload,769350,1,caught,1,decode
1518,bit_flip,1669257,1,caught,1,decode
1519,random_bytes,5226783,12,caught,1,decode
1520,zeroed_run,2986362,1770,caught,1,decode
1521,truncation,2016101,3659672,caught,1,decode
1522,header,416,1,caught,1,decode
1523,payload,4861111,1,caught,1,decode
1524,bit_flip,3181459,1,caught,1,decode
1525,random_bytes,5022306,15,caught,1,decode
1526,zeroed_run,991459,415,caught,1,decode
1527,truncation,2378064,3297709,caught,1,decode
1528,header,885,1,caught,1,decode
1529,payload,2494313,1,caught,1,decode
1530,bit_flip,5581700,1,caught,1,decode
1531,random_bytes,2901202,3,caught,1,decode
1532,zeroed_run,1379898,154,caught,1,decode
1533,truncation,4799772,876001,caught,1,decode
1534,header,782,1,caught,1,decode
1535,payload,2100488,1,caught,1,decode
1536,bit_flip,2961357,1,caught,1,decode
1537,random_bytes,2325203,12,caught,1,decode
1538,zeroed_run,2007655,2348,caught,1,decode
1539,truncation,5173845,501928,caught,1,decode
1540,header,105,1,caught,1,decode
1541,payload,866121,1,caught,1,decode
1542,bit_flip,976474,1,caught,1,decode
1543,random_bytes,3304235,16,caught,1,decode
1544,zeroed_run,5310461,560,caught,1,decode
1545,truncation,1258760,4417013,caught,1,decode
1546,header,469,1,caught,1,decode
1547,payload,1806250,1,caught,1,decode
1548,bit_flip,385059,1,caught,1,decode
1549,random_bytes,3783155,6,caught,1,decode
1550,zeroed_run,720841,375,caught,1,decode
1551,truncation,409387,5266386,caught,1,decode
1552,header,259,1,caught,1,decode
1553,payload,109378,1,caught,1,decode
1554,bit_flip,4814892,1,caught,1,decode
1555,random_bytes,2456724,6,caught,1,decode
1556,zeroed_run,984743,1119,caught,1,decode
1557,truncation,186041,5489732,caught,1,decode
1558,header,729,1,caught,1,decode
1559,payload,3156160,1,caught,1,decode
1560,bit_flip,3850891,1,caught,1,decode
1561,random_bytes,1618497,9,caught,1,decode
1562,zeroed_run,1807810,1047,caught,1,decode
1563,truncation,3545811,2129962,caught,1,decode
1564,header,280,1,caught,1,decode
1565,payload,1150575,1,caught,1,decode
1566,bit_flip,3919580,1,caught,1,decode
1567,random_bytes,2862954,5,caught,1,decode
1568,zeroed_run,4400101,758,caught,1,decode
1569,truncation,4686600,989173,caught,1,decode
1570,header,194,1,caught,1,decode
1571,payload,2893950,1,caught,1,decode
1572,bit_flip,2491464,1,caught,1,decode
1573,random_bytes,2550819,10,caught,1,decode
1574,zeroed_run,3978521,1636,caught,1,decode
1575,truncation,1935469,3740304,caught,1,decode
1576,header,910,1,caught,1,decode
1577,payload,4079916,1,caught,1,decode
1578,bit_flip,4955795,1,caught,1,decode
1579,random_bytes,677146,9,caught,1,decode
1580,zeroed_run,2836358,3745,caught,1,decode
1581,truncation,3320101,2355672,caught,1,decode
1582,header,392,1,caught,1,decode
1583,payload,5642702,1,caught,1,decode
1584,bit_flip,3120610,1,caught,1,decode
1585,random_bytes,2147586,7,caught,1,decode
1586,zeroed_run,1106287,2885,caught,1,decode
1587,truncation,2894194,2781579,caught,1,decode
1588,header,42,1,caught,1,decode
1589,payload,309050,1,caught,1,decode
1590,bit_flip,5310021,1,caught,1,decode
1591,random_bytes,4379935,2,caught,1,decode
1592,zeroed_run,888375,2773,caught,1,decode
1593,truncation,802708,4873065,caught,1,decode
1594,header,40,1,caught,1,decode
1595,payload,1182379,1,caught,1,decode
1596,bit_flip,3339779,1,caught,1,decode
1597,random_bytes,4417519,15,caught,1,decode
1598,zeroed_run,4745650,1857,caught,1,decode
1599,truncation,2245072,3430701,caught,1,decode
1600,header,699,1,caught,1,decode
1601,payload,1002591,1,caught,1,decode
1602,bit_flip,48265,1,caught,1,decode
1603,random_bytes,4022571,1,caught,1,decode
1604,zeroed_run,1126133,1597,caught,1,decode
1605,truncation,1177553,4498220,caught,1,decode
1606,header,381,1,caught,1,decode
1607,payload,3705552,1,caught,1,decode
1608,bit_flip,652393,1,caught,1,decode
1609,random_bytes,2410586,15,caught,1,decode
1610,zeroed_run,3841727,3131,caught,1,decode
1611,truncation,5555800,119973,caught,1,decode
1612,header,101,1,caught,1,decode
1613,payload,1747972,1,caught,1,decode
1614,bit_flip,2560865,1,caught,1,decode
1615,random_bytes,122115,8,caught,1,decode
1616,zeroed_run,800503,3800,caught,1,decode
1617,truncation,5284486,391287,caught,1,decode
1618,header,531,1,caught,1,decode
1619,payload,96962,1,caught,1,decode
1620,bit_flip,731379,1,caught,1,decode
1621,random_bytes,1063715,6,caught,1,decode
1622,zeroed_run,2288380,2395,caught,1,decode
1623,truncation,5601372,74401,caught,1,decode
1624,header,195,1,caught,1,decode
1625,payload,1932691,1,caught,1,decode
1626,bit_flip,5350902,1,caught,1,decode
1627,random_bytes,3606664,7,caught,1,decode
1628,zeroed_run,5298152,812,caught,1,decode
1629,truncation,79422,5596351,caught,1,decode
1630,header,715,1,caught,1,decode
1631,payload,850108,1,caught,1,decode
1632,bit_flip,4643777,1,caught,1,decode
1633,random_bytes,387755,9,caught,1,decode
1634,zeroed_run,1693615,2595,caught,1,decode
1635,truncation,620898,5054875,caught,1,decode
1636,header,710,1,caught,1,decode
1637,payload,5161165,1,caught,1,decode
1638,bit_flip,1377601,1,caught,1,decode
1639,random_bytes,102126,4,caught,1,decode
1640,zeroed_run,1504238,3308,caught,1,decode
1641,truncation,4454829,1220944,caught,1,decode
1642,header,818,1,caught,1,decode
1643,payload,3355800,1,caught,1,decode
1644,bit_flip,2332161,1,caught,1,decode
1645,random_bytes,3935623,14,caught,1,decode
1646,zeroed_run,67491,3320,caught,1,decode
1647,truncation,4671955,1003818,caught,1,decode
1648,header,999,1,caught,1,decode
1649,payload,1084060,1,caught,1,decode
1650,bit_flip,4422064,1,caught,1,decode
1651,random_bytes,2693874,5,caught,1,decode
1652,zeroed_run,1018868,2845,caught,1,decode
1653,truncation,5073211,602562,caught,1,decode
1654,header,93,1,caught,1,decode
1655,payload,661819,1,caught,1,decode
1656,bit_flip,4592023,1,caught,1,decode
1657,random_bytes,28018,13,caught,1,decode
1658,zeroed_run,1946843,3383,caught,1,decode
1659,truncation,1803598,3872175,caught,1,decode
1660,header,773,1,caught,1,decode
1661,payload,4792280,1,caught,1,decode
1662,bit_flip,5567454,1,caught,1,decode
1663,random_bytes,1973345,12,caught,1,decode
1664,zeroed_run,2604117,3755,caught,1,decode
1665,truncation,741140,4934633,caught,1,decode
1666,header,452,1,caught,1,decode
1667,payload,5399035,1,caught,1,decode
1668,bit_flip,3152752,1,caught,1,decode
1669,random_bytes,3389778,12,caught,1,decode
1670,zeroed_run,3950980,2682,caught,1,decode
1671,truncation,3462484,2213289,caught,1,decode
1672,header,435,1,caught,1,decode
1673,payload,5295581,1,caught,1,decode
1674,bit_flip,84621,1,caught,1,decode
1675,random_bytes,1740679,8,caught,1,decode
1676,zeroed_run,1256420,19,caught,1,decode
1677,truncation,971656,4704117,caught,1,decode
1678,header,562,1,caught,1,decode
1679,payload,4136432,1,caught,1,decode
1680,bit_flip,4708157,1,caught,1,decode
1681,random_bytes,3676833,8,caught,1,decode
1682,zeroed_run,1767129,1124,caught,1,decode
1683,truncation,2230839,3444934,caught,1,decode
1684,header,639,1,caught,1,decode
1685,payload,657032,1,caught,1,decode
1686,bit_flip,3426231,1,caught,1,decode
1687,random_bytes,3505741,13,caught,1,decode
1688,zeroed_run,3964711,526,caught,1,decode
1689,truncation,2135930,3539843,caught,1,decode
1690,header,66,1,caught,1,decode
1691,payload,843492,1,caught,1,decode
1692,bit_flip,2450571,1,caught,1,decode
1693,random_bytes,2329075,14,caught,1,decode
1694,zeroed_run,750422,3962,caught,1,decode
1695,truncation,4143888,1531885,caught,1,decode
1696,header,903,1,caught,1,decode
1697,payload,3890118,1,caught,1,decode
1698,bit_flip,732720,1,caught,1,decode
1699,random_bytes,534583,7,caught,1,decode
1700,zeroed_run,1545172,1695,caught,1,decode
1701,truncation,1681528,3994245,caught,1,decode
1702,header,104,1,caught,1,decode
1703,payload,3706627,1,caught,1,decode
1704,bit_flip,3134206,1,caught,1,decode
1705,random_bytes,3142640,14,caught,1,decode
1706,zeroed_run,2732406,3453,caught,1,decode
1707,truncation,1916163,3759610,caught,1,decode
1708,header,58,1,caught,1,decode
1709,payload,2726137,1,caught,1,decode
1710,bit_flip,3939503,1,caught,1,decode
1711,random_bytes,2081534,12,caught,1,decode
1712,zeroed_run,1382981,1167,caught,1,decode
1713,truncation,2581730,3094043,caught,1,decode
1714,header,291,1,caught,1,decode
1715,payload,3126083,1,caught,1,decode
1716,bit_flip,4519009,1,caught,1,decode
1717,random_bytes,4890634,13,caught,1,decode
1718,zeroed_run,3520179,1854,caught,1,decode
1719,truncation,475976,5199797,caught,1,decode
1720,header,778,1,caught,1,decode
1721,payload,414382,1,caught,1,decode
1722,bit_flip,865637,1,caught,1,decode
1723,random_bytes,1091904,3,caught,1,decode
1724,zeroed_run,5560211,791,caught,1,decode
1725,truncation,5580786,94987,caught,1,decode
1726,header,151,1,caught,1,decode
1727,payload,1497340,1,caught,1,decode
1728,bit_flip,3234626,1,caught,1,decode
1729,random_bytes,3125828,15,caught,1,decode
1730,zeroed_run,2870421,2779,caught,1,decode
1731,truncation,4211511,1464262,caught,1,decode
1732,header,414,1,caught,1,decode
1733,payload,3933800,1,caught,1,decode
1734,bit_flip,3200018,1,caught,1,decode
1735,random_bytes,5373457,6,caught,1,decode
1736,zeroed_run,1658025,2377,caught,1,decode
1737,truncation,3329480,2346293,caught,1,decode
1738,header,48,1,caught,1,decode
1739,payload,1164651,1,caught,1,decode
1740,bit_flip,4353440,1,caught,1,decode
1741,random_bytes,4920388,5,caught,1,decode
1742,zeroed_run,4003703,652,caught,1,decode
1743,truncation,3653985,2021788,caught,1,decode
1744,header,171,1,caught,1,decode
1745,payload,5284935,1,caught,1,decode
1746,bit_flip,3674348,1,caught,1,decode
1747,random_bytes,2625913,8,caught,1,decode
1748,zeroed_run,4223405,289,caught,1,decode
1749,truncation,1543398,4132375,caught,1,decode
1750,header,309,1,caught,1,decode
1751,payload,2958683,1,caught,1,decode
1752,bit_flip,1700103,1,caught,1,decode
1753,random_bytes,5490925,3,caught,1,decode
1754,zeroed_run,1796619,558,caught,1,decode
1755,truncation,1901355,3774418,caught,1,decode
1756,header,993,1,caught,1,decode
1757,payload,3748452,1,caught,1,decode
1758,bit_flip,1057678,1,caught,1,decode
1759,random_bytes,5497426,1,caught,1,decode
1760,zeroed_run,3470417,3663,caught,1,decode
1761,truncation,1535844,4139929,caught,1,decode
1762,header,114,1,caught,1,decode
1763,payload,3283951,1,caught,1,decode
1764,bit_flip,4872397,1,caught,1,decode
1765,random_bytes,2856301,10,caught,1,decode
1766,zeroed_run,1215279,1806,caught,1,decode
1767,truncation,3120831,2554942,caught,1,decode
1768,header,426,1,caught,1,decode
1769,payload,833143,1,caught,1,decode
1770,bit_flip,4002791,1,caught,1,decode
1771,random_bytes,148625,9,caught,1,decode
1772,zeroed_run,182747,4048,caught,1,decode
1773,truncation,648939,5026834,caught,1,decode
1774,header,741,1,caught,1,decode
1775,payload,2864839,1,caught,1,decode
1776,bit_flip,3500399,1,caught,1,decode
1777,random_bytes,352489,3,caught,1,decode
1778,zeroed_run,2100990,1034,caught,1,decode
1779,truncation,421848,5253925,caught,1,decode
1780,header,998,1,caught,1,decode
1781,payload,4231408,1,caught,1,decode
1782,bit_flip,3756989,1,caught,1,decode
1783,random_bytes,3913276,6,caught,1,decode
1784,zeroed_run,597461,2499,caught,1,decode
1785,truncation,768132,4907641,caught,1,decode
1786,header,982,1,caught,1,decode
1787,payload,649143,1,caught,1,decode
1788,bit_flip,4525690,1,caught,1,decode
1789,random_bytes,2626967,3,caught,1,decode
1790,zeroed_run,4183701,951,caught,1,decode
1791,truncation,1104239,4571534,caught,1,decode
1792,header,817,1,caught,1,decode
1793,payload,4497138,1,caught,1,decode
1794,bit_flip,598464,1,caught,1,decode
1795,random_bytes,238541,14,caught,1,decode
1796,zeroed_run,3882002,1753,caught,1,decode
1797,truncation,5547923,127850,caught,1,decode
1798,header,165,1,caught,1,decode
1799,payload,3315147,1,caught,1,decode
1800,bit_flip,4499622,1,caught,1,decode
1801,random_bytes,283022,3,caught,1,decode
1802,zeroed_run,5135542,1816,caught,1,decode
1803,truncation,3075498,2600275,caught,1,decode
1804,header,110,1,caught,1,decode
1805,payload,990092,1,caught,1,decode
1806,bit_flip,882988,1,caught,1,decode
1807,random_bytes,460330,15,caught,1,decode
1808,zeroed_run,2341154,652,caught,1,decode
1809,truncation,3989209,1686564,caught,1,decode
1810,header,110,1,caught,1,decode
1811,payload,3277794,1,caught,1,decode
1812,bit_flip,495583,1,caught,1,decode
1813,random_bytes,3601099,7,caught,1,decode
1814,zeroed_run,1054273,1638,caught,1,decode
1815,truncation,1813723,3862050,caught,1,decode
1816,header,1000,1,caught,1,decode
1817,payload,5104727,1,caught,1,decode
1818,bit_flip,5640596,1,caught,1,decode
1819,random_bytes,3000567,1,caught,1,decode
1820,zeroed_run,1413425,3569,caught,1,decode
1821,truncation,5215230,460543,caught,1,decode
1822,header,408,1,caught,1,decode
1823,payload,3327293,1,caught,1,decode
1824,bit_flip,126588,1,caught,1,decode
1825,random_bytes,4294130,6,caught,1,decode
1826,zeroed_run,1035836,1517,caught,1,decode
1827,truncation,1514336,4161437,caught,1,decode
1828,header,774,1,caught,1,decode
1829,payload,3542248,1,caught,1,decode
1830,bit_flip,1521112,1,caught,1,decode
1831,random_bytes,3967029,9,caught,1,decode
1832,zeroed_run,1194178,932,caught,1,decode
1833,truncation,4616253,1059520,caught,1,decode
1834,header,821,1,caught,1,decode
1835,payload,749429,1,caught,1,decode
1836,bit_flip,3598867,1,caught,1,decode
1837,random_bytes,2147154,4,caught,1,decode
1838,zeroed_run,5598603,267,caught,1,decode
1839,truncation,1816609,3859164,caught,1,decode
1840,header,75,1,caught,1,decode
1841,payload,684934,1,caught,1,decode
1842,bit_flip,1918491,1,caught,1,decode
1843,random_bytes,3351921,4,caught,1,decode
1844,zeroed_run,5567762,2676,caught,1,decode
1845,truncation,596626,5079147,caught,1,decode
1846,header,28,1,caught,1,decode
1847,payload,2998685,1,caught,1,decode
1848,bit_flip,692028,1,caught,1,decode
1849,random_bytes,2582978,2,caught,1,decode
1850,zeroed_run,4113945,1580,caught,1,decode
1851,truncation,2657058,3018715,caught,1,decode
1852,header,525,1,caught,1,decode
1853,payload,1550601,1,caught,1,decode
1854,bit_flip,2769543,1,caught,1,decode
1855,random_bytes,263920,9,caught,1,decode
1856,zeroed_run,1683341,2135,caught,1,decode
1857,truncation,379872,5295901,caught,1,decode
1858,header,789,1,caught,1,decode
1859,payload,1280940,1,caught,1,decode
1860,bit_flip,4552101,1,caught,1,decode
1861,random_bytes,1403893,12,caught,1,decode
1862,zeroed_run,4002859,3145,caught,1,decode
1863,truncation,4771116,904657,caught,1,decode
1864,header,4,1,caught,1,decode
1865,payload,5356539,1,caught,1,decode
1866,bit_flip,2444774,1,caught,1,decode
1867,random_bytes,3814520,11,caught,1,decode
1868,zeroed_run,427686,438,caught,1,decode
1869,truncation,374741,5301032,caught,1,decode
1870,header,39,1,caught,1,decode
1871,payload,3423608,1,caught,1,decode
1872,bit_flip,2187394,1,caught,1,decode
1873,random_bytes,1158700,7,caught,1,decode
1874,zeroed_run,2732892,2614,caught,1,decode
1875,truncation,5316140,359633,caught,1,decode
1876,header,168,1,caught,1,decode
1877,payload,1574080,1,caught,1,decode
1878,bit_flip,3703164,1,caught,1,decode
1879,random_bytes,1434355,12,caught,1,decode
1880,zeroed_run,3741603,1971,caught,1,decode
1881,truncation,922242,4753531,caught,1,decode
1882,header,53,1,caught,1,decode
1883,payload,5507206,1,caught,1,decode
1884,bit_flip,2947819,1,caught,1,decode
1885,random_bytes,423515,15,caught,1,decode
1886,zeroed_run,1716394,3736,caught,1,decode
1887,truncation,1146255,4529518,caught,1,decode
1888,header,770,1,caught,1,decode
1889,payload,2774112,1,caught,1,decode
1890,bit_flip,1276488,1,caught,1,decode
1891,random_bytes,1338532,1,caught,1,decode
1892,zeroed_run,1992848,569,caught,1,decode
1893,truncation,160821,5514952,caught,1,decode
1894,header,975,1,caught,1,decode
1895,payload,343690,1,caught,1,decode
1896,bit_flip,1304058,1,caught,1,decode
1897,random_bytes,4196625,10,caught,1,decode
1898,zeroed_run,2134433,966,caught,1,decode
1899,truncation,229663,5446110,caught,1,decode
1900,header,285,1,caught,1,decode
1901,payload,3748211,1,caught,1,decode
1902,bit_flip,5538990,1,caught,1,decode
1903,random_bytes,3555303,15,caught,1,decode
1904,zeroed_run,808051,2786,caught,1,decode
1905,truncation,2610954,3064819,caught,1,decode
1906,header,137,1,caught,1,decode
1907,payload,3272285,1,caught,1,decode
1908,bit_flip,4702766,1,caught,1,decode
1909,random_bytes,2527234,1,caught,1,decode
1910,zeroed_run,2345064,3885,caught,1,decode
1911,truncation,1667713,4008060,caught,1,decode
1912,header,498,1,caught,1,decode
1913,payload,2327401,1,caught,1,decode
1914,bit_flip,4553380,1,caught,1,decode
1915,random_bytes,2098542,6,caught,1,decode
1916,zeroed_run,4840060,498,caught,1,decode
1917,truncation,3103036,2572737,caught,1,decode
1918,header,595,1,caught,1,decode
1919,payload,1831908,1,caught,1,decode
1920,bit_flip,4091763,1,caught,1,decode
1921,random_bytes,4625756,10,caught,1,decode
1922,zeroed_run,192089,2045,caught,1,decode
1923,truncation,1131478,4544295,caught,1,decode
1924,header,59,1,caught,1,decode
1925,payload,4260969,1,caught,1,decode
1926,bit_flip,1242581,1,caught,1,decode
1927,random_bytes,1565458,2,caught,1,decode
1928,zeroed_run,2375877,1874,caught,1,decode
1929,truncation,3394124,2281649,caught,1,decode
1930,header,786,1,caught,1,decode
1931,payload,2784944,1,caught,1,decode
1932,bit_flip,1836466,1,caught,1,decode
1933,random_bytes,2827962,16,caught,1,decode
1934,zeroed_run,5166393,2262,caught,1,decode
1935,truncation,1293827,4381946,caught,1,decode
1936,header,946,1,caught,1,decode
1937,payload,5497974,1,caught,1,decode
1938,bit_flip,1746790,1,caught,1,decode
1939,random_bytes,4560345,9,caught,1,decode
1940,zeroed_run,3520455,1412,caught,1,decode
1941,truncation,3894757,1781016,caught,1,decode
1942,header,676,1,caught,1,decode
1943,payload,1782284,1,caught,1,decode
1944,bit_flip,1796102,1,caught,1,decode
1945,random_bytes,3214080,3,caught,1,decode
1946,zeroed_run,425338,2064,caught,1,decode
1947,truncation,4902389,773384,caught,1,decode
1948,header,19,1,harmless,0,decode
1949,payload,2736348,1,caught,1,decode
1950,bit_flip,3246137,1,caught,1,decode
1951,random_bytes,1426502,13,caught,1,decode
1952,zeroed_run,1324622,1149,caught,1,decode
1953,truncation,344761,5331012,caught,1,decode
1954,header,491,1,caught,1,decode
1955,payload,5298870,1,caught,1,decode
1956,bit_flip,2477907,1,caught,1,decode
1957,random_bytes,4985896,16,caught,1,decode
1958,zeroed_run,1896245,519,caught,1,decode
1959,truncation,2573028,3102745,caught,1,decode
1960,header,248,1,caught,1,decode
1961,payload,4352056,1,caught,1,decode
1962,bit_flip,4381244,1,caught,1,decode
1963,random_bytes,1097018,4,caught,1,decode
1964,zeroed_run,2496374,1344,caught,1,decode
1965,truncation,924038,4751735,caught,1,decode
1966,header,307,1,caught,1,decode
1967,payload,2873052,1,caught,1,decode
1968,bit_flip,87998,1,caught,1,decode
1969,random_bytes,1073176,8,caught,1,decode
1970,zeroed_run,5655420,1661,caught,1,decode
1971,truncation,2817218,2858555,caught,1,decode
1972,header,396,1,caught,1,decode
1973,payload,2375489,1,caught,1,decode
1974,bit_flip,1441497,1,caught,1,decode
1975,random_bytes,3773217,3,caught,1,decode
1976,zeroed_run,4115432,3179,caught,1,decode
1977,truncation,4485715,1190058,caught,1,decode
1978,header,892,1,caught,1,decode
1979,payload,3154119,1,caught,1,decode
1980,bit_flip,2288037,1,caught,1,decode
1981,random_bytes,671746,13,caught,1,decode
1982,zeroed_run,4254213,3762,caught,1,decode
1983,truncation,604416,5071357,caught,1,decode
1984,header,240,1,caught,1,decode
1985,payload,2655957,1,caught,1,decode
1986,bit_flip,1589976,1,caught,1,decode
1987,random_bytes,1864950,16,caught,1,decode
1988,zeroed_run,1407930,2443,caught,1,decode
1989,truncation,1090688,4585085,caught,1,decode
1990,header,789,1,caught,1,decode
1991,payload,4120886,1,caught,1,decode
1992,bit_flip,2676022,1,caught,1,decode
1993,random_bytes,1021373,1,caught,1,decode
1994,zeroed_run,5466787,428,caught,1,decode
1995,truncation,4925677,750096,caught,1,decode
1996,header,524,1,caught,1,decode
1997,payload,103669,1,caught,1,decode
1998,bit_flip,4209553,1,caught,1,decode
1999,random_bytes,5279494,1,caught,1,decode
2000,zeroed_run,3375727,1433,caught,1,decode
2001,truncation,2741066,2934707,caught,1,decode
2002,header,724,1,caught,1,decode
2003,payload,11703,1,caught,1,decode
2004,bit_flip,3325346,1,caught,1,decode
2005,random_bytes,3928509,10,caught,1,decode
2006,zeroed_run,2391047,918,caught,1,decode
2007,truncation,2447522,3228251,caught,1,decode
2008,header,902,1,caught,1,decode
2009,payload,3414710,1,caught,1,decode
2010,bit_flip,2613576,1,caught,1,decode
2011,random_bytes,5020433,14,caught,1,decode
2012,zeroed_run,2456221,1681,caught,1,decode
2013,truncation,675267,5000506,caught,1,decode
2014,header,29,1,caught,1,decode
2015,payload,2381566,1,caught,1,decode
2016,bit_flip,3825256,1,caught,1,decode
2017,random_bytes,5507709,7,caught,1,decode
2018,zeroed_run,8822,1407,caught,1,decode
2019,truncation,336175,5339598,caught,1,decode
2020,header,535,1,caught,1,decode
2021,payload,217123,1,caught,1,decode
2022,bit_flip,3411673,1,caught,1,decode
2023,random_bytes,1993244,16,caught,1,decode
2024,zeroed_run,775894,2287,caught,1,decode
2025,truncation,3439831,2235942,caught,1,decode
2026,header,800,1,caught,1,decode
2027,payload,1008138,1,caught,1,decode
2028,bit_flip,5672016,1,caught,1,decode
2029,random_bytes,586968,9,caught,1,decode
2030,zeroed_run,844828,1967,caught,1,decode
2031,truncation,2620234,3055539,caught,1,decode
2032,header,72,1,caught,1,decode
2033,payload,1632289,1,caught,1,decode
2034,bit_flip,2758837,1,caught,1,decode
2035,random_bytes,4108495,14,caught,1,decode
2036,zeroed_run,1376598,1575,caught,1,decode
2037,truncation,2613220,3062553,caught,1,decode
2038,header,999,1,caught,1,decode
2039,payload,1961108,1,caught,1,decode
2040,bit_flip,3138819,1,caught,1,decode
2041,random_bytes,1383258,5,caught,1,decode
2042,zeroed_run,1270687,979,caught,1,decode
2043,truncation,1573895,4101878,caught,1,decode
2044,header,554,1,caught,1,decode
2045,payload,1269688,1,caught,1,decode
2046,bit_flip,4805131,1,caught,1,decode
2047,random_bytes,4133830,3,caught,1,decode
2048,zeroed_run,3162840,2001,caught,1,decode
2049,truncation,4842968,832805,caught,1,decode
2050,header,202,1,caught,1,decode
2051,payload,3122997,1,caught,1,decode
2052,bit_flip,2334189,1,caught,1,decode
2053,random_bytes,3080399,9,caught,1,decode
2054,zeroed_run,3001374,2393,caught,1,decode
2055,truncation,4147980,1527793,caught,1,decode
2056,header,545,1,caught,1,decode
2057,payload,2203162,1,caught,1,decode
2058,bit_flip,4346605,1,caught,1,decode
2059,random_bytes,4234771,5,caught,1,decode
2060,zeroed_run,5055447,3363,caught,1,decode
2061,truncation,1553276,4122497,caught,1,decode
2062,header,669,1,caught,1,decode
2063,payload,108331,1,caught,1,decode
2064,bit_flip,2386282,1,caught,1,decode
2065,random_bytes,626989,15,caught,1,decode
2066,zeroed_run,3864768,3512,caught,1,decode
2067,truncation,3980969,1694804,caught,1,decode
2068,header,76,1,caught,1,decode
2069,payload,2197367,1,caught,1,decode
2070,bit_flip,5618278,1,caught,1,decode
2071,random_bytes,1156561,7,caught,1,decode
2072,zeroed_run,3175823,913,caught,1,decode
2073,truncation,2752572,2923201,caught,1,decode
2074,header,202,1,caught,1,decode
2075,payload,3165950,1,caught,1,decode
2076,bit_flip,3924949,1,caught,1,decode
2077,random_bytes,1879601,6,caught,1,decode
2078,zeroed_run,1785879,1313,caught,1,decode
2079,truncation,3207885,2467888,caught,1,decode
2080,header,829,1,caught,1,decode
2081,payload,76512,1,caught,1,decode
2082,bit_flip,3529420,1,caught,1,decode
2083,random_bytes,5267703,16,caught,1,decode
2084,zeroed_run,642435,1824,caught,1,decode
2085,truncation,5362814,312959,caught,1,decode
2086,header,291,1,caught,1,decode
2087,payload,4703748,1,caught,1,decode
2088,bit_flip,3985407,1,caught,1,decode
2089,random_bytes,5495392,1,caught,1,decode
2090,zeroed_run,192685,1359,caught,1,decode
2091,truncation,2678408,2997365,caught,1,decode
2092,header,565,1,caught,1,decode
2093,payload,1992613,1,caught,1,decode
2094,bit_flip,1709788,1,caught,1,decode
2095,random_bytes,4310934,1,caught,1,decode
2096,zeroed_run,253357,405,caught,1,decode
2097,truncation,4521306,1154467,caught,1,decode
2098,header,398,1,caught,1,decode
2099,payload,4904353,1,caught,1,decode
2100,bit_flip,1434048,1,caught,1,decode
2101,random_bytes,4499183,16,caught,1,decode
2102,zeroed_run,3121750,1201,caught,1,decode
2103,truncation,2388527,3287246,caught,1,decode
2104,header,1009,1,caught,1,decode
2105,payload,889672,1,caught,1,decode
2106,bit_flip,4300824,1,caught,1,decode
2107,random_bytes,3484839,9,caught,1,decode
2108,zeroed_run,1840588,674,caught,1,decode
2109,truncation,1609124,4066649,caught,1,decode
2110,header,1020,1,caught,1,decode
2111,payload,4116048,1,caught,1,decode
2112,bit_flip,2726416,1,caught,1,decode
2113,random_bytes,3441670,10,caught,1,decode
2114,zeroed_run,1194181,2444,caught,1,decode
2115,truncation,3440381,2235392,caught,1,decode
2116,header,802,1,caught,1,decode
2117,payload,3990511,1,caught,1,decode
2118,bit_flip,2168141,1,caught,1,decode
2119,random_bytes,3892455,11,caught,1,decode
2120,zeroed_run,4748831,3793,caught,1,decode
2121,truncation,1543248,4132525,caught,1,decode
2122,header,419,1,caught,1,decode
2123,payload,2648958,1,caught,1,decode
2124,bit_flip,1794687,1,caught,1,decode
2125,random_bytes,2806811,1,caught,1,decode
2126,zeroed_run,4657542,2646,caught,1,decode
2127,truncation,508232,5167541,caught,1,decode
2128,header,127,1,caught,1,decode
2129,payload,1503161,1,caught,1,decode
2130,bit_flip,90940,1,caught,1,decode
2131,random_bytes,1925544,10,caught,1,decode
2132,zeroed_run,3916325,3646,caught,1,decode
2133,truncation,1158080,4517693,caught,1,decode
2134,header,952,1,caught,1,decode
2135,payload,5006053,1,caught,1,decode
2136,bit_flip,115720,1,caught,1,decode
2137,random_bytes,3055764,11,caught,1,decode
2138,zeroed_run,4534802,281,caught,1,decode
2139,truncation,141650,5534123,caught,1,decode
2140,header,171,1,caught,1,decode
2141,payload,5283783,1,caught,1,decode
2142,bit_flip,1247875,1,caught,1,decode
2143,random_bytes,4709944,14,caught,1,decode
2144,zeroed_run,95189,1425,caught,1,decode
2145,truncation,537692,5138081,caught,1,decode
2146,header,75,1,caught,1,decode
2147,payload,3423414,1,caught,1,decode
2148,bit_flip,2677435,1,caught,1,decode
2149,random_bytes,2879272,10,caught,1,decode
2150,zeroed_run,1301480,1697,caught,1,decode
2151,truncation,2103985,3571788,caught,1,decode
2152,header,184,1,caught,1,decode
2153,payload,139128,1,caught,1,decode
2154,bit_flip,2527005,1,caught,1,decode
2155,random_bytes,4548394,8,caught,1,decode
2156,zeroed_run,450955,3892,caught,1,decode
2157,truncation,671715,5004058,caught,1,decode
2158,header,73,1,caught,1,decode
2159,payload,2773990,1,caught,1,decode
2160,bit_flip,903580,1,caught,1,decode
2161,random_bytes,3723661,10,caught,1,decode
2162,zeroed_run,1151826,2407,caught,1,decode
2163,truncation,1118805,4556968,caught,1,decode
2164,header,421,1,caught,1,decode
2165,payload,3629949,1,caught,1,decode
2166,bit_flip,60748,1,caught,1,decode
2167,random_bytes,4528017,4,caught,1,decode
2168,zeroed_run,3332218,120,caught,1,decode
2169,truncation,4730826,944947,caught,1,decode
2170,header,288,1,caught,1,decode
2171,payload,1399481,1,caught,1,decode
2172,bit_flip,1461722,1,caught,1,decode
2173,random_bytes,4969336,5,caught,1,decode
2174,zeroed_run,3934962,3659,caught,1,decode
2175,truncation,4135486,1540287,caught,1,decode
2176,header,417,1,caught,1,decode
2177,payload,2739439,1,caught,1,decode
2178,bit_flip,4439792,1,caught,1,decode
2179,random_bytes,706751,3,caught,1,decode
2180,zeroed_run,4026376,3396,caught,1,decode
2181,truncation,4444309,1231464,caught,1,decode
2182,header,791,1,caught,1,decode
2183,payload,5059620,1,caught,1,decode
2184,bit_flip,2578571,1,caught,1,decode
2185,random_bytes,110297,10,caught,1,decode
2186,zeroed_run,2721473,2125,caught,1,decode
2187,truncation,913130,4762643,caught,1,decode
2188,header,734,1,caught,1,decode
2189,payload,5632680,1,caught,1,decode
2190,bit_flip,121586,1,caught,1,decode
2191,random_bytes,1261004,5,caught,1,decode
2192,zeroed_run,2221194,194,caught,1,decode
2193,truncation,2080596,3595177,caught,1,decode
2194,header,916,1,caught,1,decode
2195,payload,4397929,1,caught,1,decode
2196,bit_flip,268725,1,caught,1,decode
2197,random_bytes,3781282,15,caught,1,decode
2198,zeroed_run,2225308,78,caught,1,decode
2199,truncation,4070772,1605001,caught,1,decode
2200,header,892,1,caught,1,decode
2201,payload,829491,1,caught,1,decode
2202,bit_flip,4975351,1,caught,1,decode
2203,random_bytes,1300704,10,caught,1,decode
2204,zeroed_run,2068086,1355,caught,1,decode
2205,truncation,2893932,2781841,caught,1,decode
2206,header,944,1,caught,1,decode
2207,payload,4978461,1,caught,1,decode
2208,bit_flip,727469,1,caught,1,decode
2209,random_bytes,4298068,16,caught,1,decode
2210,zeroed_run,3234383,1075,caught,1,decode
2211,truncation,1404486,4271287,caught,1,decode
2212,header,337,1,caught,1,decode
2213,payload,3116968,1,caught,1,decode
2214,bit_flip,2282247,1,caught,1,decode
2215,random_bytes,126276,5,caught,1,decode
2216,zeroed_run,63712,511,caught,1,decode
2217,truncation,3570787,2104986,caught,1,decode
2218,header,348,1,caught,1,decode
2219,payload,1023457,1,caught,1,decode
2220,bit_flip,3431269,1,caught,1,decode
2221,random_bytes,695026,14,caught,1,decode
2222,zeroed_run,4919742,416,caught,1,decode
2223,truncation,4593324,1082449,caught,1,decode
2224,header,480,1,caught,1,decode
2225,payload,4836210,1,caught,1,decode
2226,bit_flip,3734925,1,caught,1,decode
2227,random_bytes,1171390,12,caught,1,decode
2228,zeroed_run,2952819,203,caught,1,decode
2229,truncation,3379885,2295888,caught,1,decode
2230,header,954,1,caught,1,decode
2231,payload,1586879,1,caught,1,decode
2232,bit_flip,1970533,1,caught,1,decode
2233,random_bytes,1536700,12,caught,1,decode
2234,zeroed_run,3820104,2258,caught,1,decode
2235,truncation,2264303,3411470,caught,1,decode
2236,header,101,1,caught,1,decode
2237,payload,2382821,1,caught,1,decode
2238,bit_flip,426140,1,caught,1,decode
2239,random_bytes,4026888,9,caught,1,decode
2240,zeroed_run,5017156,838,caught,1,decode
2241,truncation,4246339,1429434,caught,1,decode
2242,header,202,1,caught,1,decode
2243,payload,2839781,1,caught,1,decode
2244,bit_flip,2813669,1,caught,1,decode
2245,random_bytes,2854163,4,caught,1,decode
2246,zeroed_run,1470993,3267,caught,1,decode
2247,truncation,1401414,4274359,caught,1,decode
2248,header,354,1,caught,1,decode
2249,payload,5296040,1,caught,1,decode
2250,bit_flip,5116623,1,caught,1,decode
2251,random_bytes,4918083,10,caught,1,decode
2252,zeroed_run,1312536,3463,caught,1,decode
2253,truncation,2497860,3177913,caught,1,decode
2254,header,33,1,caught,1,decode
2255,payload,1926876,1,caught,1,decode
2256,bit_flip,3469045,1,caught,1,decode
2257,random_bytes,2359845,12,caught,1,decode
2258,zeroed_run,3689110,41,caught,1,decode
2259,truncation,3240247,2435526,caught,1,decode
2260,header,461,1,caught,1,decode
2261,payload,3018860,1,caught,1,decode
2262,bit_flip,4592826,1,caught,1,decode
2263,random_bytes,3392196,16,caught,1,decode
2264,zeroed_run,3379193,3886,caught,1,decode
2265,truncation,5544924,130849,caught,1,decode
2266,header,864,1,caught,1,decode
2267,payload,2243348,1,caught,1,decode
2268,bit_flip,3861233,1,caught,1,decode
2269,random_bytes,4147779,4,caught,1,decode
2270,zeroed_run,2677691,2739,caught,1,decode
2271,truncation,3440202,2235571,caught,1,decode
2272,header,465,1,caught,1,decode
2273,payload,3580323,1,caught,1,decode
2274,bit_flip,2819457,1,caught,1,decode
2275,random_bytes,5537627,7,caught,1,decode
2276,zeroed_run,1536450,1388,caught,1,decode
2277,truncation,2503237,3172536,caught,1,decode
2278,header,72,1,caught,1,decode
2279,payload,662739,1,caught,1,decode
2280,bit_flip,2586807,1,caught,1,decode
2281,random_bytes,3258443,5,caught,1,decode
2282,zeroed_run,1785159,3631,caught,1,decode
2283,truncation,4164015,1511758,caught,1,decode
2284,header,99,1,caught,1,decode
2285,payload,776008,1,caught,1,decode
2286,bit_flip,1114651,1,caught,1,decode
2287,random_bytes,5208918,1,caught,1,decode
2288,zeroed_run,152476,3418,caught,1,decode
2289,truncation,5528561,147212,caught,1,decode
2290,header,603,1,caught,1,decode
2291,payload,3456347,1,caught,1,decode
2292,bit_flip,4885401,1,caught,1,decode
2293,random_bytes,4407047,15,caught,1,decode
2294,zeroed_run,2491523,3205,caught,1,decode
2295,truncation,5041213,634560,caught,1,decode
2296,header,561,1,caught,1,decode
2297,payload,2066593,1,caught,1,decode
2298,bit_flip,3845933,1,caught,1,decode
2299,random_bytes,1669119,4,caught,1,decode
2300,zeroed_run,240435,4038,caught,1,decode
2301,truncation,4354043,1321730,caught,1,decode
2302,header,572,1,caught,1,decode
2303,payload,2139,1,caught,1,decode
2304,bit_flip,4023949,1,caught,1,decode
2305,random_bytes,974562,7,caught,1,decode
2306,zeroed_run,2583785,1980,caught,1,decode
2307,truncation,2294626,3381147,caught,1,decode
2308,header,632,1,caught,1,decode
2309,payload,4007777,1,caught,1,decode
2310,bit_flip,5453497,1,caught,1,decode
2311,random_bytes,48149,8,caught,1,decode
2312,zeroed_run,4323364,3038,caught,1,decode
2313,truncation,3763278,1912495,caught,1,decode
2314,header,330,1,caught,1,decode
2315,payload,4624398,1,caught,1,decode
2316,bit_flip,3330847,1,caught,1,decode
2317,random_bytes,200335,9,caught,1,decode
2318,zeroed_run,4383498,748,caught,1,decode
2319,truncation,3613804,2061969,caught,1,decode
2320,header,21,1,caught,1,decode
2321,payload,3696001,1,caught,1,decode
2322,bit_flip,5150883,1,caught,1,decode
2323,random_bytes,4148969,4,caught,1,decode
2324,zeroed_run,1399246,1703,caught,1,decode
2325,truncation,4877364,798409,caught,1,decode
2326,header,389,1,caught,1,decode
2327,payload,3959954,1,caught,1,decode
2328,bit_flip,5239950,1,caught,1,decode
2329,random_bytes,4204164,5,caught,1,decode
2330,zeroed_run,5174607,665,caught,1,decode
2331,truncation,5284332,391441,caught,1,decode
2332,header,49,1,caught,1,decode
2333,payload,3700309,1,caught,1,decode
2334,bit_flip,1114428,1,caught,1,decode
2335,random_bytes,4141398,4,caught,1,decode
2336,zeroed_run,4314483,2211,caught,1,decode
2337,truncation,1471772,4204001,caught,1,decode
2338,header,848,1,caught,1,decode
2339,payload,4656940,1,caught,1,decode
2340,bit_flip,5096959,1,caught,1,decode
2341,random_bytes,5419569,12,caught,1,decode
2342,zeroed_run,4030008,297,caught,1,decode
2343,truncation,4369905,1305868,caught,1,decode
2344,header,128,1,caught,1,decode
2345,payload,2325788,1,caught,1,decode
2346,bit_flip,3959826,1,caught,1,decode
2347,random_bytes,3579946,7,caught,1,decode
2348,zeroed_run,1796447,584,caught,1,decode
2349,truncation,3926334,1749439,caught,1,decode
2350,header,872,1,caught,1,decode
2351,payload,318517,1,caught,1,decode
2352,bit_flip,5528293,1,caught,1,decode
2353,random_bytes,4783662,11,caught,1,decode
2354,zeroed_run,2744173,2709,caught,1,decode
2355,truncation,589978,5085795,caught,1,decode
2356,header,298,1,caught,1,decode
2357,payload,4403623,1,caught,1,decode
2358,bit_flip,731727,1,caught,1,decode
2359,random_bytes,4110530,12,caught,1,decode
2360,zeroed_run,718766,3044,caught,1,decode
2361,truncation,2273229,3402544,caught,1,decode
2362,header,14,1,caught,1,decode
2363,payload,3419221,1,caught,1,decode
2364,bit_flip,4564294,1,caught,1,decode
2365,random_bytes,5286628,9,caught,1,decode
2366,zeroed_run,4196839,83,caught,1,decode
2367,truncation,2642090,3033683,caught,1,decode
2368,header,586,1,caught,1,decode
2369,payload,1475246,1,caught,1,decode
2370,bit_flip,5388915,1,caught,1,decode
2371,random_bytes,433281,9,caught,1,decode
2372,zeroed_run,3032984,3463,caught,1,decode
2373,truncation,43527,5632246,caught,1,decode
2374,header,347,1,caught,1,decode
2375,payload,2846707,1,caught,1,decode
2376,bit_flip,4494973,1,caught,1,decode
2377,random_bytes,5346768,2,caught,1,decode
2378,zeroed_run,1463002,2357,caught,1,decode
2379,truncation,4713661,962112,caught,1,decode
2380,header,69,1,caught,1,decode
2381,payload,3730787,1,caught,1,decode
2382,bit_flip,888010,1,caught,1,decode
2383,random_bytes,4424178,6,caught,1,decode
2384,zeroed_run,1460547,501,caught,1,decode
2385,truncation,3998971,1676802,caught,1,decode
2386,header,486,1,caught,1,decode
2387,payload,2991452,1,caught,1,decode
2388,bit_flip,4701973,1,caught,1,decode
2389,random_bytes,2956578,4,caught,1,decode
2390,zeroed_run,3102848,3964,caught,1,decode
2391,truncation,4665716,1010057,caught,1,decode
2392,header,181,1,caught,1,decode
2393,payload,2821129,1,caught,1,decode
2394,bit_flip,5338318,1,caught,1,decode
2395,random_bytes,3189600,10,caught,1,decode
2396,zeroed_run,1506020,1968,caught,1,decode
2397,truncation,41034,5634739,caught,1,decode
2398,header,56,1,caught,1,decode
2399,payload,3006514,1,caught,1,decode
2400,bit_flip,368906,1,caught,1,decode
2401,random_bytes,4671147,7,caught,1,decode
2402,zeroed_run,5418957,3201,caught,1,decode
2403,truncation,4182314,1493459,caught,1,decode
2404,header,613,1,caught,1,decode
2405,payload,2273253,1,caught,1,decode
2406,bit_flip,2988260,1,caught,1,decode
2407,random_bytes,4305211,3,caught,1,decode
2408,zeroed_run,2975818,1040,caught,1,decode
2409,truncation,4070960,1604813,caught,1,decode
2410,header,96,1,caught,1,decode
2411,payload,1467156,1,caught,1,decode
2412,bit_flip,3486110,1,caught,1,decode
2413,random_bytes,3715142,4,caught,1,decode
2414,zeroed_run,4204514,3596,caught,1,decode
2415,truncation,623175,5052598,caught,1,decode
2416,header,390,1,caught,1,decode
2417,payload,41294,1,caught,1,decode
2418,bit_flip,1800549,1,caught,1,decode
2419,random_bytes,3150620,11,caught,1,decode
2420,zeroed_run,4270632,1533,caught,1,decode
2421,truncation,2706656,2969117,caught,1,decode
2422,header,420,1,caught,1,decode
2423,payload,5667714,1,caught,1,decode
2424,bit_flip,3701835,1,caught,1,decode
2425,random_bytes,2017398,13,caught,1,decode
2426,zeroed_run,5077654,3909,caught,1,decode
2427,truncation,1382484,4293289,caught,1,decode
2428,header,926,1,caught,1,decode
2429,payload,1696058,1,caught,1,decode
2430,bit_flip,4687770,1,caught,1,decode
2431,random_bytes,4803170,12,caught,1,decode
2432,zeroed_run,3294334,2002,caught,1,decode
2433,truncation,5282746,393027,caught,1,decode
2434,header,449,1,caught,1,decode
2435,payload,3990465,1,caught,1,decode
2436,bit_flip,3605078,1,caught,1,decode
2437,random_bytes,4354518,7,caught,1,decode
2438,zeroed_run,5494267,319,caught,1,decode
2439,truncation,2683534,2992239,caught,1,decode
2440,header,396,1,caught,1,decode
2441,payload,175427,1,caught,1,decode
2442,bit_flip,3909225,1,caught,1,decode
2443,random_bytes,1473045,2,caught,1,decode
2444,zeroed_run,1003553,404,caught,1,decode
2445,truncation,460416,5215357,caught,1,decode
2446,header,565,1,caught,1,decode
2447,payload,1819598,1,caught,1,decode
2448,bit_flip,1540798,1,caught,1,decode
2449,random_bytes,4502075,14,caught,1,decode
2450,zeroed_run,5030641,3856,caught,1,decode
2451,truncation,3914607,1761166,caught,1,decode
2452,header,436,1,caught,1,decode
2453,payload,1291755,1,caught,1,decode
2454,bit_flip,962489,1,caught,1,decode
2455,random_bytes,3410471,13,caught,1,decode
2456,zeroed_run,3750593,3331,caught,1,decode
2457,truncation,2042264,3633509,caught,1,decode
2458,header,889,1,caught,1,decode
2459,payload,2308029,1,caught,1,decode
2460,bit_flip,1813996,1,caught,1,decode
2461,random_bytes,1501937,15,caught,1,decode
2462,zeroed_run,2152385,4092,caught,1,decode
2463,truncation,3599607,2076166,caught,1,decode
2464,header,976,1,caught,1,decode
2465,payload,1704402,1,caught,1,decode
2466,bit_flip,3116425,1,caught,1,decode
2467,random_bytes,2406866,15,caught,1,decode
2468,zeroed_run,4085031,41,caught,1,decode
2469,truncation,3701924,1973849,caught,1,decode
2470,header,625,1,caught,1,decode
2471,payload,4802476,1,caught,1,decode
2472,bit_flip,4128155,1,caught,1,decode
2473,random_bytes,2293077,2,caught,1,decode
2474,zeroed_run,1927200,3192,caught,1,decode
2475,truncation,4262839,1412934,caught,1,decode
2476,header,465,1,caught,1,decode
2477,payload,4761291,1,caught,1,decode
2478,bit_flip,5564530,1,caught,1,decode
2479,random_bytes,4251849,10,caught,1,decode
2480,zeroed_run,260598,3242,caught,1,decode
2481,truncation,3362867,2312906,caught,1,decode
2482,header,512,1,caught,1,decode
2483,payload,4405923,1,caught,1,decode
2484,bit_flip,3400186,1,caught,1,decode
2485,random_bytes,2039628,1,caught,1,decode
2486,zeroed_run,2837911,1803,caught,1,decode
2487,truncation,1446045,4229728,caught,1,decode
2488,header,639,1,caught,1,decode
2489,payload,1026974,1,caught,1,decode
2490,bit_flip,2043827,1,caught,1,decode
2491,random_bytes,1221931,13,caught,1,decode
2492,zeroed_run,3074036,807,caught,1,decode
2493,truncation,439458,5236315,caught,1,decode
2494,header,213,1,caught,1,decode
2495,payload,1729919,1,caught,1,decode
2496,bit_flip,3514599,1,caught,1,decode
2497,random_bytes,4103390,11,caught,1,decode
2498,zeroed_run,587203,3599,caught,1,decode
2499,truncation,2622132,3053641,caught,1,decode
2500,header,397,1,caught,1,decode
2501,payload,3960910,1,caught,1,decode
2502,bit_flip,5606166,1,caught,1,decode
2503,random_bytes,1993767,9,caught,1,decode
2504,zeroed_run,2968170,1783,caught,1,decode
2505,truncation,1860487,3815286,caught,1,decode
2506,header,426,1,caught,1,decode
2507,payload,448586,1,caught,1,decode
2508,bit_flip,5307425,1,caught,1,decode
2509,random_bytes,2245051,13,caught,1,decode
2510,zeroed_run,2763987,3851,caught,1,decode
2511,truncation,3081458,2594315,caught,1,decode
2512,header,946,1,caught,1,decode
2513,payload,5448948,1,caught,1,decode
2514,bit_flip,199648,1,caught,1,decode
2515,random_bytes,2787084,15,caught,1,decode
2516,zeroed_run,3198366,2307,caught,1,decode
2517,truncation,5244006,431767,caught,1,decode
2518,header,15,1,caught,1,decode
2519,payload,3215234,1,caught,1,decode
2520,bit_flip,401368,1,caught,1,decode
2521,random_bytes,675688,10,caught,1,decode
2522,zeroed_run,2477444,3608,caught,1,decode
2523,truncation,1116907,4558866,caught,1,decode
2524,header,19,1,caught,1,decode
2525,payload,1669116,1,caught,1,decode
2526,bit_flip,1951747,1,caught,1,decode
2527,random_bytes,910270,7,caught,1,decode
2528,zeroed_run,892446,1917,caught,1,decode
2529,truncation,2133226,3542547,caught,1,decode
2530,header,72,1,caught,1,decode
2531,payload,5010858,1,caught,1,decode
2532,bit_flip,733578,1,caught,1,decode
2533,random_bytes,1750973,6,caught,1,decode
2534,zeroed_run,3878198,1990,caught,1,decode
2535,truncation,2896618,2779155,caught,1,decode
2536,header,565,1,caught,1,decode
2537,payload,2874772,1,caught,1,decode
2538,bit_flip,133233,1,caught,1,decode
2539,random_bytes,1846861,8,caught,1,decode
2540,zeroed_run,5607324,2984,caught,1,decode
2541,truncation,3846801,1828972,caught,1,decode
2542,header,950,1,caught,1,decode
2543,payload,1419492,1,caught,1,decode
2544,bit_flip,5659373,1,caught,1,decode
2545,random_bytes,4566366,9,caught,1,decode
2546,zeroed_run,5097673,2861,caught,1,decode
2547,truncation,574321,5101452,caught,1,decode
2548,header,78,1,caught,1,decode
2549,payload,3825639,1,caught,1,decode
2550,bit_flip,2094684,1,caught,1,decode
2551,random_bytes,1035635,12,caught,1,decode
2552,zeroed_run,1064163,1060,caught,1,decode
2553,truncation,3710615,1965158,caught,1,decode
2554,header,146,1,caught,1,decode
2555,payload,1840760,1,caught,1,decode
2556,bit_flip,2877971,1,caught,1,decode
2557,random_bytes,4447428,11,caught,1,decode
2558,zeroed_run,3053137,1500,caught,1,decode
2559,truncation,1211410,4464363,caught,1,decode
2560,header,613,1,caught,1,decode
2561,payload,940454,1,caught,1,decode
2562,bit_flip,3155067,1,caught,1,decode
2563,random_bytes,2858923,15,caught,1,decode
2564,zeroed_run,5206322,3766,caught,1,decode
2565,truncation,3079166,2596607,caught,1,decode
2566,header,439,1,caught,1,decode
2567,payload,1279708,1,caught,1,decode
2568,bit_flip,2494113,1,caught,1,decode
2569,random_bytes,3396789,2,caught,1,decode
2570,zeroed_run,4188368,2385,caught,1,decode
2571,truncation,5069834,605939,caught,1,decode
2572,header,432,1,caught,1,decode
2573,payload,1920562,1,caught,1,decode
2574,bit_flip,2300894,1,caught,1,decode
2575,random_bytes,1698782,13,caught,1,decode
2576,zeroed_run,5183132,2022,caught,1,decode
2577,truncation,2663996,3011777,caught,1,decode
2578,header,288,1,caught,1,decode
2579,payload,2111892,1,caught,1,decode
2580,bit_flip,5531627,1,caught,1,decode
2581,random_bytes,2979218,15,caught,1,decode
2582,zeroed_run,104053,1196,caught,1,decode
2583,truncation,4308037,1367736,caught,1,decode
2584,header,109,1,caught,1,decode
2585,payload,806997,1,caught,1,decode
2586,bit_flip,5630963,1,caught,1,decode
2587,random_bytes,3528074,14,caught,1,decode
2588,zeroed_run,5256074,2890,caught,1,decode
2589,truncation,4266769,1409004,caught,1,decode
2590,header,452,1,caught,1,decode
2591,payload,2132768,1,caught,1,decode
2592,bit_flip,1442842,1,caught,1,decode
2593,random_bytes,2665916,2,caught,1,decode
2594,zeroed_run,3681582,3624,caught,1,decode
2595,truncation,185287,5490486,caught,1,decode
2596,header,113,1,caught,1,decode
2597,payload,3462671,1,caught,1,decode
2598,bit_flip,1913521,1,caught,1,decode
2599,random_bytes,1868907,15,caught,1,decode
2600,zeroed_run,1381641,599,caught,1,decode
2601,truncation,2689035,2986738,caught,1,decode
2602,header,943,1,caught,1,decode
2603,payload,1112787,1,caught,1,decode
2604,bit_flip,2140857,1,caught,1,decode
2605,random_bytes,823967,13,caught,1,decode
2606,zeroed_run,1288313,2741,caught,1,decode
2607,truncation,2325901,3349872,caught,1,decode
2608,header,205,1,caught,1,decode
2609,payload,5226277,1,caught,1,decode
2610,bit_flip,5449847,1,caught,1,decode
2611,random_bytes,1386453,10,caught,1,decode
2612,zeroed_run,2968779,668,caught,1,decode
2613,truncation,1744497,3931276,caught,1,decode
2614,header,938,1,caught,1,decode
2615,payload,2650755,1,caught,1,decode
2616,bit_flip,2639781,1,caught,1,decode
2617,random_bytes,4844600,13,caught,1,decode
2618,zeroed_run,86143,729,caught,1,decode
2619,truncation,430677,5245096,caught,1,decode
2620,header,974,1,caught,1,decode
2621,payload,2526578,1,caught,1,decode
2622,bit_flip,4771201,1,caught,1,decode
2623,random_bytes,4394400,2,caught,1,decode
2624,zeroed_run,5672059,2151,caught,1,decode
2625,truncation,211475,5464298,caught,1,decode
2626,header,236,1,caught,1,decode
2627,payload,2583848,1,caught,1,decode
2628,bit_flip,1954771,1,caught,1,decode
2629,random_bytes,3035770,10,caught,1,decode
2630,zeroed_run,5413596,2776,caught,1,decode
2631,truncation,4208180,1467593,caught,1,decode
2632,header,145,1,caught,1,decode
2633,payload,3889527,1,caught,1,decode
2634,bit_flip,933597,1,caught,1,decode
2635,random_bytes,3464774,11,caught,1,decode
2636,zeroed_run,3446786,1754,caught,1,decode
2637,truncation,1736780,3938993,caught,1,decode
2638,header,352,1,caught,1,decode
2639,payload,2005420,1,caught,1,decode
2640,bit_flip,52888,1,caught,1,decode
2641,random_bytes,2823316,9,caught,1,decode
2642,zeroed_run,2284234,874,caught,1,decode
2643,truncation,4178960,1496813,caught,1,decode
2644,header,234,1,caught,1,decode
2645,payload,1848765,1,caught,1,decode
2646,bit_flip,2848315,1,caught,1,decode
2647,random_bytes,4294903,12,caught,1,decode
2648,zeroed_run,2185391,101,caught,1,decode
2649,truncation,5010915,664858,caught,1,decode
2650,header,59,1,caught,1,decode
2651,payload,3382429,1,caught,1,decode
2652,bit_flip,1603968,1,caught,1,decode
2653,random_bytes,5057378,11,caught,1,decode
2654,zeroed_run,2907097,3998,caught,1,decode
2655,truncation,3681937,1993836,caught,1,decode
2656,header,895,1,caught,1,decode
2657,payload,651588,1,caught,1,decode
2658,bit_flip,1404450,1,caught,1,decode
2659,random_bytes,5578899,6,caught,1,decode
2660,zeroed_run,5663468,3248,caught,1,decode
2661,truncation,4931181,744592,caught,1,decode
2662,header,29,1,caught,1,decode
2663,payload,1124631,1,caught,1,decode
2664,bit_flip,3747530,1,caught,1,decode
2665,random_bytes,2873823,1,caught,1,decode
2666,zeroed_run,1114337,175,caught,1,decode
2667,truncation,3790084,1885689,caught,1,decode
2668,header,909,1,caught,1,decode
2669,payload,2005032,1,caught,1,decode
2670,bit_flip,5234693,1,caught,1,decode
2671,random_bytes,2525629,8,caught,1,decode
2672,zeroed_run,363797,1950,caught,1,decode
2673,truncation,3256319,2419454,caught,1,decode
2674,header,221,1,caught,1,decode
2675,payload,4270947,1,caught,1,decode
2676,bit_flip,5457749,1,caught,1,decode
2677,random_bytes,2010973,3,caught,1,decode
2678,zeroed_run,2577284,3744,caught,1,decode
2679,truncation,3200624,2475149,caught,1,decode
2680,header,767,1,caught,1,decode
2681,payload,3724617,1,caught,1,decode
2682,bit_flip,1938626,1,caught,1,decode
2683,random_bytes,4280123,3,caught,1,decode
2684,zeroed_run,5050520,2317,caught,1,decode
2685,truncation,1704983,3970790,caught,1,decode
2686,header,284,1,caught,1,decode
2687,payload,4807200,1,caught,1,decode
2688,bit_flip,4111272,1,caught,1,decode
2689,random_bytes,291328,16,caught,1,decode
2690,zeroed_run,1838307,3705,caught,1,decode
2691,truncation,560549,5115224,caught,1,decode
2692,header,21,1,harmless,0,decode
2693,payload,1655160,1,caught,1,decode
2694,bit_flip,1452724,1,caught,1,decode
2695,random_bytes,5392307,15,caught,1,decode
2696,zeroed_run,1268441,977,caught,1,decode
2697,truncation,1595584,4080189,caught,1,decode
2698,header,480,1,caught,1,decode
2699,payload,4771864,1,caught,1,decode
2700,bit_flip,3592445,1,caught,1,decode
2701,random_bytes,1812007,12,caught,1,decode
2702,zeroed_run,96425,3950,caught,1,decode
2703,truncation,5019045,656728,caught,1,decode
2704,header,577,1,caught,1,decode
2705,payload,5043735,1,caught,1,decode
2706,bit_flip,527616,1,caught,1,decode
2707,random_bytes,1575888,14,caught,1,decode
2708,zeroed_run,2998488,1440,caught,1,decode
2709,truncation,5040539,635234,caught,1,decode
2710,header,293,1,caught,1,decode
2711,payload,3852263,1,caught,1,decode
2712,bit_flip,3284830,1,caught,1,decode
2713,random_bytes,3827404,11,caught,1,decode
2714,zeroed_run,4960200,1674,caught,1,decode
2715,truncation,5135360,540413,caught,1,decode
2716,header,792,1,caught,1,decode
2717,payload,1212142,1,caught,1,decode
2718,bit_flip,1768719,1,caught,1,decode
2719,random_bytes,917177,15,caught,1,decode
2720,zeroed_run,1936458,701,caught,1,decode
2721,truncation,3861288,1814485,caught,1,decode
2722,header,385,1,caught,1,decode
2723,payload,4802376,1,caught,1,decode
2724,bit_flip,4809460,1,caught,1,decode
2725,random_bytes,937730,15,caught,1,decode
2726,zeroed_run,3808525,3147,caught,1,decode
2727,truncation,3231859,2443914,caught,1,decode
2728,header,359,1,caught,1,decode
2729,payload,4420154,1,caught,1,decode
2730,bit_flip,948661,1,caught,1,decode
2731,random_bytes,3632414,11,caught,1,decode
2732,zeroed_run,4407406,3949,caught,1,decode
2733,truncation,4089113,1586660,caught,1,decode
2734,header,372,1,caught,1,decode
2735,payload,976524,1,caught,1,decode
2736,bit_flip,1385795,1,caught,1,decode
2737,random_bytes,2520710,11,caught,1,decode
2738,zeroed_run,2460579,2888,caught,1,decode
2739,truncation,4437952,1237821,caught,1,decode
2740,header,1021,1,caught,1,decode
2741,payload,1497281,1,caught,1,decode
2742,bit_flip,1479948,1,caught,1,decode
2743,random_bytes,4440212,4,caught,1,decode
2744,zeroed_run,5065231,1851,caught,1,decode
2745,truncation,715840,4959933,caught,1,decode
2746,header,2,1,caught,1,decode
2747,payload,4959580,1,caught,1,decode
2748,bit_flip,4774518,1,caught,1,decode
2749,random_bytes,3509896,9,caught,1,decode
2750,zeroed_run,2202788,3101,caught,1,decode
2751,truncation,4951406,724367,caught,1,decode
2752,header,403,1,caught,1,decode
2753,payload,4611898,1,caught,1,decode
2754,bit_flip,1160990,1,caught,1,decode
2755,random_bytes,4870775,5,caught,1,decode
2756,zeroed_run,2096541,780,caught,1,decode
2757,truncation,3416905,2258868,caught,1,decode
2758,header,995,1,caught,1,decode
2759,payload,4959502,1,caught,1,decode
2760,bit_flip,1994620,1,caught,1,decode
2761,random_bytes,3723078,12,caught,1,decode
2762,zeroed_run,2348267,531,caught,1,decode
2763,truncation,4730968,944805,caught,1,decode
2764,header,595,1,caught,1,decode
2765,payload,968840,1,caught,1,decode
2766,bit_flip,3170005,1,caught,1,decode
2767,random_bytes,4517668,6,caught,1,decode
2768,zeroed_run,1199571,1598,caught,1,decode
2769,truncation,662647,5013126,caught,1,decode
2770,header,615,1,caught,1,decode
2771,payload,3626709,1,caught,1,decode
2772,bit_flip,1421461,1,caught,1,decode
2773,random_bytes,1399565,4,caught,1,decode
2774,zeroed_run,1957251,3237,caught,1,decode
2775,truncation,1300069,4375704,caught,1,decode
2776,header,557,1,caught,1,decode
2777,payload,3064751,1,caught,1,decode
2778,bit_flip,701778,1,caught,1,decode
2779,random_bytes,5047770,16,caught,1,decode
2780,zeroed_run,2151733,797,caught,1,decode
2781,truncation,3931620,1744153,caught,1,decode
2782,header,262,1,caught,1,decode
2783,payload,3416426,1,caught,1,decode
2784,bit_flip,4413189,1,caught,1,decode
2785,random_bytes,4023937,13,caught,1,decode
2786,zeroed_run,2241968,4089,caught,1,decode
2787,truncation,2132121,3543652,caught,1,decode
2788,header,331,1,caught,1,decode
2789,payload,3186582,1,caught,1,decode
2790,bit_flip,1172955,1,caught,1,decode
2791,random_bytes,1118293,3,caught,1,decode
2792,zeroed_run,1262122,523,caught,1,decode
2793,truncation,22024,5653749,caught,1,decode
2794,header,194,1,caught,1,decode
2795,payload,989352,1,caught,1,decode
2796,bit_flip,4774163,1,caught,1,decode
2797,random_bytes,5655040,1,caught,1,decode
2798,zeroed_run,1104486,985,caught,1,decode
2799,truncation,5344888,330885,caught,1,decode
2800,header,618,1,caught,1,decode
2801,payload,2712042,1,caught,1,decode
2802,bit_flip,1605442,1,caught,1,decode
2803,random_bytes,4610752,2,caught,1,decode
2804,zeroed_run,3553184,1505,caught,1,decode
2805,truncation,2296098,3379675,caught,1,decode
2806,header,573,1,caught,1,decode
2807,payload,4083825,1,caught,1,decode
2808,bit_flip,4369514,1,caught,1,decode
2809,random_bytes,1643418,13,caught,1,decode
2810,zeroed_run,2359675,1810,caught,1,decode
2811,truncation,294299,5381474,caught,1,decode
2812,header,829,1,caught,1,decode
2813,payload,868585,1,caught,1,decode
2814,bit_flip,2814066,1,caught,1,decode
2815,random_bytes,4483792,11,caught,1,decode
2816,zeroed_run,2606251,1373,caught,1,decode
2817,truncation,2571679,3104094,caught,1,decode
2818,header,828,1,caught,1,decode
2819,payload,276218,1,caught,1,decode
2820,bit_flip,274022,1,caught,1,decode
2821,random_bytes,4835552,7,caught,1,decode
2822,zeroed_run,4871334,2608,caught,1,decode
2823,truncation,1953260,3722513,caught,1,decode
2824,header,927,1,caught,1,decode
2825,payload,4362420,1,caught,1,decode
2826,bit_flip,4666232,1,caught,1,decode
2827,random_bytes,4532261,3,caught,1,decode
2828,zeroed_run,1506382,184,caught,1,decode
2829,truncation,4022708,1653065,caught,1,decode
2830,header,835,1,caught,1,decode
2831,payload,1904514,1,caught,1,decode
2832,bit_flip,665209,1,caught,1,decode
2833,random_bytes,3656655,9,caught,1,decode
2834,zeroed_run,4200288,2574,caught,1,decode
2835,truncation,3159766,2516007,caught,1,decode
2836,header,341,1,caught,1,decode
2837,payload,4301198,1,caught,1,decode
2838,bit_flip,688587,1,caught,1,decode
2839,random_bytes,2149419,16,caught,1,decode
2840,zeroed_run,2223001,2637,caught,1,decode
2841,truncation,2302702,3373071,caught,1,decode
2842,header,833,1,caught,1,decode
2843,payload,770693,1,caught,1,decode
2844,bit_flip,2396340,1,caught,1,decode
2845,random_bytes,3407792,8,caught,1,decode
2846,zeroed_run,2035890,994,caught,1,decode
2847,truncation,958489,4717284,caught,1,decode
2848,header,641,1,caught,1,decode
2849,payload,3814950,1,caught,1,decode
2850,bit_flip,2179176,1,caught,1,decode
2851,random_bytes,5570091,14,caught,1,decode
2852,zeroed_run,3102539,2139,caught,1,decode
2853,truncation,1000576,4675197,caught,1,decode
2854,header,569,1,caught,1,decode
2855,payload,5606271,1,caught,1,decode
2856,bit_flip,3364838,1,caught,1,decode
2857,random_bytes,3143901,11,caught,1,decode
2858,zeroed_run,1939052,578,caught,1,decode
2859,truncation,366324,5309449,caught,1,decode
2860,header,473,1,caught,1,decode
2861,payload,980659,1,caught,1,decode
2862,bit_flip,5108758,1,caught,1,decode
2863,random_bytes,5143534,10,caught,1,decode
2864,zeroed_run,4231923,857,caught,1,decode
2865,truncation,1892240,3783533,caught,1,decode
2866,header,466,1,caught,1,decode
2867,payload,1240322,1,caught,1,decode
2868,bit_flip,699691,1,caught,1,decode
2869,random_bytes,5593144,9,caught,1,decode
2870,zeroed_run,2082130,1329,caught,1,decode
2871,truncation,4302417,1373356,caught,1,decode
2872,header,853,1,caught,1,decode
2873,payload,443345,1,caught,1,decode
2874,bit_flip,5577274,1,caught,1,decode
2875,random_bytes,3215606,14,caught,1,decode
2876,zeroed_run,4284433,3187,caught,1,decode
2877,truncation,2264535,3411238,caught,1,decode
2878,header,716,1,caught,1,decode
2879,payload,744105,1,caught,1,decode
2880,bit_flip,5311149,1,caught,1,decode
2881,random_bytes,445135,14,caught,1,decode
2882,zeroed_run,1602471,909,caught,1,decode
2883,truncation,2375955,3299818,caught,1,decode
2884,header,157,1,caught,1,decode
2885,payload,5062452,1,caught,1,decode
2886,bit_flip,185617,1,caught,1,decode
2887,random_bytes,970070,10,caught,1,decode
2888,zeroed_run,5268995,1814,caught,1,decode
2889,truncation,2020881,3654892,caught,1,decode
2890,header,719,1,caught,1,decode
2891,payload,5387717,1,caught,1,decode
2892,bit_flip,4673307,1,caught,1,decode
2893,random_bytes,373623,3,caught,1,decode
2894,zeroed_run,1670400,3263,caught,1,decode
2895,truncation,532043,5143730,caught,1,decode
2896,header,85,1,caught,1,decode
2897,payload,250746,1,caught,1,decode
2898,bit_flip,3526675,1,caught,1,decode
2899,random_bytes,5174787,3,caught,1,decode
2900,zeroed_run,4908551,1698,caught,1,decode
2901,truncation,6835,5668938,caught,1,decode
2902,header,902,1,caught,1,decode
2903,payload,5167143,1,caught,1,decode
2904,bit_flip,3530301,1,caught,1,decode
2905,random_bytes,5197148,15,caught,1,decode
2906,zeroed_run,5260752,909,caught,1,decode
2907,truncation,4688103,987670,caught,1,decode
2908,header,253,1,caught,1,decode
2909,payload,3283104,1,caught,1,decode
2910,bit_flip,1744031,1,caught,1,decode
2911,random_bytes,4791109,4,caught,1,decode
2912,zeroed_run,653703,1454,caught,1,decode
2913,truncation,1843169,3832604,caught,1,decode
2914,header,289,1,caught,1,decode
2915,payload,3860389,1,caught,1,decode
2916,bit_flip,691920,1,caught,1,decode
2917,random_bytes,2655733,3,caught,1,decode
2918,zeroed_run,5226939,866,caught,1,decode
2919,truncation,4354737,1321036,caught,1,decode
2920,header,344,1,caught,1,decode
2921,payload,1467410,1,caught,1,decode
2922,bit_flip,3450105,1,caught,1,decode
2923,random_bytes,2495455,13,caught,1,decode
2924,zeroed_run,890060,3137,caught,1,decode
2925,truncation,3649466,2026307,caught,1,decode
2926,header,138,1,caught,1,decode
2927,payload,3685963,1,caught,1,decode
2928,bit_flip,768844,1,caught,1,decode
2929,random_bytes,1830131,15,caught,1,decode
2930,zeroed_run,1826742,623,caught,1,decode
2931,truncation,2564523,3111250,caught,1,decode
2932,header,321,1,caught,1,decode
2933,payload,4214005,1,caught,1,decode
2934,bit_flip,4233876,1,caught,1,decode
2935,random_bytes,1216695,13,caught,1,decode
2936,zeroed_run,5122235,3829,caught,1,decode
2937,truncation,2667502,3008271,caught,1,decode
2938,header,746,1,caught,1,decode
2939,payload,14181,1,caught,1,decode
2940,bit_flip,1206604,1,caught,1,decode
2941,random_bytes,2882061,6,caught,1,decode
2942,zeroed_run,4929571,50,caught,1,decode
2943,truncation,1830552,3845221,caught,1,decode
2944,header,652,1,caught,1,decode
2945,payload,3212169,1,caught,1,decode
2946,bit_flip,3897579,1,caught,1,decode
2947,random_bytes,5109123,16,caught,1,decode
2948,zeroed_run,4752470,3978,caught,1,decode
2949,truncation,2989293,2686480,caught,1,decode
2950,header,94,1,caught,1,decode
2951,payload,190537,1,caught,1,decode
2952,bit_flip,1614550,1,caught,1,decode
2953,random_bytes,5228911,16,caught,1,decode
2954,zeroed_run,858808,2526,caught,1,decode
2955,truncation,4179259,1496514,caught,1,decode
2956,header,155,1,caught,1,decode
2957,payload,494644,1,caught,1,decode
2958,bit_flip,3450904,1,caught,1,decode
2959,random_bytes,4638806,11,caught,1,decode
2960,zeroed_run,581452,2412,caught,1,decode
2961,truncation,2524881,3150892,caught,1,decode
2962,header,233,1,caught,1,decode
2963,payload,5083850,1,caught,1,decode
2964,bit_flip,1414831,1,caught,1,decode
2965,random_bytes,722200,7,caught,1,decode
2966,zeroed_run,2187717,685,caught,1,decode
2967,truncation,5018969,656804,caught,1,decode
2968,header,814,1,caught,1,decode
2969,payload,1072373,1,caught,1,decode
2970,bit_flip,5660123,1,caught,1,decode
2971,random_bytes,1035632,9,caught,1,decode
2972,zeroed_run,927598,2075,caught,1,decode
2973,truncation,2485512,3190261,caught,1,decode
2974,header,906,1,caught,1,decode
2975,payload,2391699,1,caught,1,decode
2976,bit_flip,2234793,1,caught,1,decode
2977,random_bytes,4506918,6,caught,1,decode
2978,zeroed_run,2917970,2891,caught,1,decode
2979,truncation,4751784,923989,caught,1,decode
2980,header,278,1,caught,1,decode
2981,payload,4484342,1,caught,1,decode
2982,bit_flip,2618885,1,caught,1,decode
2983,random_bytes,3743105,8,caught,1,decode
2984,zeroed_run,5043773,1016,caught,1,decode
2985,truncation,5477506,198267,caught,1,decode
2986,header,358,1,caught,1,decode
2987,payload,4421541,1,caught,1,decode
2988,bit_flip,3498225,1,caught,1,decode
2989,random_bytes,1700827,12,caught,1,decode
2990,zeroed_run,1196833,2885,caught,1,decode
2991,truncation,1476758,4199015,caught,1,decode
2992,header,172,1,caught,1,decode
2993,payload,5632794,1,caught,1,decode
2994,bit_flip,3881548,1,caught,1,decode
2995,random_bytes,4353999,3,caught,1,decode
2996,zeroed_run,906074,180,caught,1,decode
2997,truncation,1211672,4464101,caught,1,decode
2998,header,64,1,caught,1,decode
2999,payload,2370546,1,caught,1,decode
3000,bit_flip,5577923,1,caught,1,decode
3001,random_bytes,2438587,12,caught,1,decode
3002,zeroed_run,3154559,1180,caught,1,decode
3003,truncation,4232604,1443169,caught,1,decode
3004,header,556,1,caught,1,decode
3005,payload,2852821,1,caught,1,decode
3006,bit_flip,2529120,1,caught,1,decode
3007,random_bytes,2186270,15,caught,1,decode
3008,zeroed_run,554021,690,caught,1,decode
3009,truncation,2480100,3195673,caught,1,decode
3010,header,211,1,caught,1,decode
3011,payload,5478326,1,caught,1,decode
3012,bit_flip,3347196,1,caught,1,decode
3013,random_bytes,2214283,13,caught,1,decode
3014,zeroed_run,2852669,2526,caught,1,decode
3015,truncation,1371641,4304132,caught,1,decode
3016,header,6,1,caught,1,decode
3017,payload,5197449,1,caught,1,decode
3018,bit_flip,3919721,1,caught,1,decode
3019,random_bytes,5618855,5,caught,1,decode
3020,zeroed_run,1099822,1293,caught,1,decode
3021,truncation,2742998,2932775,caught,1,decode
3022,header,674,1,caught,1,decode
3023,payload,3772399,1,caught,1,decode
3024,bit_flip,282258,1,caught,1,decode
3025,random_bytes,1865114,6,caught,1,decode
3026,zeroed_run,5198237,3943,caught,1,decode
3027,truncation,4092684,1583089,caught,1,decode
3028,header,305,1,caught,1,decode
3029,payload,1448129,1,caught,1,decode
3030,bit_flip,3842735,1,caught,1,decode
3031,random_bytes,206847,7,caught,1,decode
3032,zeroed_run,5011288,1493,caught,1,decode
3033,truncation,2435680,3240093,caught,1,decode
3034,header,595,1,caught,1,decode
3035,payload,163687,1,caught,1,decode
3036,bit_flip,1941114,1,caught,1,decode
3037,random_bytes,4353253,14,caught,1,decode
3038,zeroed_run,1344250,2495,caught,1,decode
3039,truncation,3202164,2473609,caught,1,decode
3040,header,731,1,caught,1,decode
3041,payload,2727489,1,caught,1,decode
3042,bit_flip,2818952,1,caught,1,decode
3043,random_bytes,960139,6,caught,1,decode
3044,zeroed_run,2963176,3994,caught,1,decode
3045,truncation,1625765,4050008,caught,1,decode
3046,header,159,1,caught,1,decode
3047,payload,194661,1,caught,1,decode
3048,bit_flip,5031379,1,caught,1,decode
3049,random_bytes,1692486,4,caught,1,decode
3050,zeroed_run,678924,511,caught,1,decode
3051,truncation,764658,4911115,caught,1,decode
3052,header,946,1,caught,1,decode
3053,payload,5438342,1,caught,1,decode
3054,bit_flip,3666688,1,caught,1,decode
3055,random_bytes,239912,13,caught,1,decode
3056,zeroed_run,5523512,2366,caught,1,decode
3057,truncation,1705498,3970275,caught,1,decode
3058,header,429,1,caught,1,decode
3059,payload,598886,1,caught,1,decode
3060,bit_flip,3381289,1,caught,1,decode
3061,random_bytes,4067103,14,caught,1,decode
3062,zeroed_run,3312321,2166,caught,1,decode
3063,truncation,1411198,4264575,caught,1,decode
3064,header,678,1,caught,1,decode
3065,payload,3570673,1,caught,1,decode
3066,bit_flip,3419457,1,caught,1,decode
3067,random_bytes,53235,14,caught,1,decode
3068,zeroed_run,4264480,243,caught,1,decode
3069,truncation,4156954,1518819,caught,1,decode
3070,header,821,1,caught,1,decode
3071,payload,3981314,1,caught,1,decode
3072,bit_flip,4616314,1,caught,1,decode
3073,random_bytes,2947804,13,caught,1,decode
3074,zeroed_run,4526219,3036,caught,1,decode
3075,truncation,2042810,3632963,caught,1,decode
3076,header,958,1,caught,1,decode
3077,payload,3610506,1,caught,1,decode
3078,bit_flip,3188287,1,caught,1,decode
3079,random_bytes,1930200,9,caught,1,decode
3080,zeroed_run,5505398,1376,caught,1,decode
3081,truncation,4433677,1242096,caught,1,decode
3082,header,935,1,caught,1,decode
3083,payload,1717086,1,caught,1,decode
3084,bit_flip,2681722,1,caught,1,decode
3085,random_bytes,578973,1,caught,1,decode
3086,zeroed_run,1272485,1733,caught,1,decode
3087,truncation,2490146,3185627,caught,1,decode
3088,header,31,1,caught,1,decode
3089,payload,5634945,1,caught,1,decode
3090,bit_flip,2929947,1,caught,1,decode
3091,random_bytes,5081454,6,caught,1,decode
3092,zeroed_run,2991744,3892,caught,1,decode
3093,truncation,1581234,4094539,caught,1,decode
3094,header,919,1,caught,1,decode
3095,payload,885087,1,caught,1,decode
3096,bit_flip,1675789,1,caught,1,decode
3097,random_bytes,1167898,8,caught,1,decode
3098,zeroed_run,2612210,4007,caught,1,decode
3099,truncation,1582050,4093723,caught,1,decode
3100,header,648,1,caught,1,decode
3101,payload,5273248,1,caught,1,decode
3102,bit_flip,1846382,1,caught,1,decode
3103,random_bytes,259605,11,caught,1,decode
3104,zeroed_run,1342837,3267,caught,1,decode
3105,truncation,1707013,3968760,caught,1,decode
3106,header,858,1,caught,1,decode
3107,payload,1630966,1,caught,1,decode
3108,bit_flip,5457312,1,caught,1,decode
3109,random_bytes,5342243,10,caught,1,decode
3110,zeroed_run,4408755,1512,caught,1,decode
3111,truncation,122958,5552815,caught,1,decode
3112,header,695,1,caught,1,decode
3113,payload,3585132,1,caught,1,decode
3114,bit_flip,1674479,1,caught,1,decode
3115,random_bytes,2896577,10,caught,1,decode
3116,zeroed_run,587276,1428,caught,1,decode
3117,truncation,743647,4932126,caught,1,decode
3118,header,896,1,caught,1,decode
3119,payload,2015615,1,caught,1,decode
3120,bit_flip,3952836,1,caught,1,decode
3121,random_bytes,3158367,9,caught,1,decode
3122,zeroed_run,4715393,1022,caught,1,decode
3123,truncation,282395,5393378,caught,1,decode
3124,header,379,1,caught,1,decode
3125,payload,3564375,1,caught,1,decode
3126,bit_flip,4941125,1,caught,1,decode
3127,random_bytes,3579978,7,caught,1,decode
3128,zeroed_run,1784222,3483,caught,1,decode
3129,truncation,1875396,3800377,caught,1,decode
3130,header,100,1,caught,1,decode
3131,payload,822200,1,caught,1,decode
3132,bit_flip,2713727,1,caught,1,decode
3133,random_bytes,557338,6,caught,1,decode
3134,zeroed_run,1566618,3264,caught,1,decode
3135,truncation,4960641,715132,caught,1,decode
3136,header,324,1,caught,1,decode
3137,payload,3633307,1,caught,1,decode
3138,bit_flip,764991,1,caught,1,decode
3139,random_bytes,1377981,15,caught,1,decode
3140,zeroed_run,5191952,732,caught,1,decode
3141,truncation,402405,5273368,caught,1,decode
3142,header,735,1,caught,1,decode
3143,payload,1846515,1,caught,1,decode
3144,bit_flip,2087000,1,caught,1,decode
3145,random_bytes,2540861,12,caught,1,decode
3146,zeroed_run,3693707,3761,caught,1,decode
3147,truncation,4064976,1610797,caught,1,decode
3148,header,652,1,caught,1,decode
3149,payload,4135709,1,caught,1,decode
3150,bit_flip,563290,1,caught,1,decode
3151,random_bytes,791817,14,caught,1,decode
3152,zeroed_run,3786448,2879,caught,1,decode
3153,truncation,1108552,4567221,caught,1,decode
3154,header,835,1,caught,1,decode
3155,payload,4445290,1,caught,1,decode
3156,bit_flip,3094978,1,caught,1,decode
3157,random_bytes,2938701,13,caught,1,decode
3158,zeroed_run,1281356,561,caught,1,decode
3159,truncation,629298,5046475,caught,1,decode
3160,header,297,1,caught,1,decode
3161,payload,3702046,1,caught,1,decode
3162,bit_flip,4367963,1,caught,1,decode
3163,random_bytes,4628414,6,caught,1,decode
3164,zeroed_run,1002332,277,caught,1,decode
3165,truncation,2037628,3638145,caught,1,decode
3166,header,242,1,caught,1,decode
3167,payload,729863,1,caught,1,decode
3168,bit_flip,1909699,1,caught,1,decode
3169,random_bytes,1374177,11,caught,1,decode
3170,zeroed_run,5217613,1409,caught,1,decode
3171,truncation,346944,5328829,caught,1,decode
3172,header,882,1,caught,1,decode
3173,payload,4471163,1,caught,1,decode
3174,bit_flip,3687946,1,caught,1,decode
3175,random_bytes,595551,10,caught,1,decode
3176,zeroed_run,2609460,1580,caught,1,decode
3177,truncation,4351979,1323794,caught,1,decode
3178,header,783,1,caught,1,decode
3179,payload,5496634,1,caught,1,decode
3180,bit_flip,1260150,1,caught,1,decode
3181,random_bytes,3413177,15,caught,1,decode
3182,zeroed_run,5311812,19,caught,1,decode
3183,truncation,3101377,2574396,caught,1,decode
3184,header,527,1,caught,1,decode
3185,payload,3747998,1,caught,1,decode
3186,bit_flip,3022430,1,caught,1,decode
3187,random_bytes,2784350,5,caught,1,decode
3188,zeroed_run,2287167,3184,caught,1,decode
3189,truncation,1464874,4210899,caught,1,decode
3190,header,536,1,caught,1,decode
3191,payload,631946,1,caught,1,decode
3192,bit_flip,1512519,1,caught,1,decode
3193,random_bytes,1827495,6,caught,1,decode
3194,zeroed_run,5373233,1151,caught,1,decode
3195,truncation,5474592,201181,caught,1,decode
3196,header,780,1,caught,1,decode
3197,payload,468111,1,caught,1,decode
3198,bit_flip,5209890,1,caught,1,decode
3199,random_bytes,3729236,9,caught,1,decode
3200,zeroed_run,2471154,1770,caught,1,decode
3201,truncation,3632198,2043575,caught,1,decode
3202,header,817,1,caught,1,decode
3203,payload,5320257,1,caught,1,decode
3204,bit_flip,4568276,1,caught,1,decode
3205,random_bytes,323362,10,caught,1,decode
3206,zeroed_run,5532804,3251,caught,1,decode
3207,truncation,690698,4985075,caught,1,decode
3208,header,925,1,caught,1,decode
3209,payload,5393106,1,caught,1,decode
3210,bit_flip,3153299,1,caught,1,decode
3211,random_bytes,4291914,7,caught,1,decode
3212,zeroed_run,1309479,3320,caught,1,decode
3213,truncation,63105,5612668,caught,1,decode
3214,header,156,1,caught,1,decode
3215,payload,2492870,1,caught,1,decode
3216,bit_flip,2188254,1,caught,1,decode
3217,random_bytes,4735359,5,caught,1,decode
3218,zeroed_run,3693822,2127,caught,1,decode
3219,truncation,4577609,1098164,caught,1,decode
3220,header,434,1,caught,1,decode
3221,payload,2280,1,caught,1,decode
3222,bit_flip,1481174,1,caught,1,decode
3223,random_bytes,1284072,14,caught,1,decode
3224,zeroed_run,5317777,638,caught,1,decode
3225,truncation,4572880,1102893,caught,1,decode
3226,header,654,1,caught,1,decode
3227,payload,705179,1,caught,1,decode
3228,bit_flip,3122090,1,caught,1,decode
3229,random_bytes,2475375,6,caught,1,decode
3230,zeroed_run,5667636,850,caught,1,decode
3231,truncation,1886163,3789610,caught,1,decode
3232,header,316,1,caught,1,decode
3233,payload,4456589,1,caught,1,decode
3234,bit_flip,1747440,1,caught,1,decode
3235,random_bytes,5663522,6,caught,1,decode
3236,zeroed_run,3093401,634,caught,1,decode
3237,truncation,1077740,4598033,caught,1,decode
3238,header,524,1,caught,1,decode
3239,payload,1221487,1,caught,1,decode
3240,bit_flip,300204,1,caught,1,decode
3241,random_bytes,1766698,13,caught,1,decode
3242,zeroed_run,3532430,1522,caught,1,decode
3243,truncation,5199271,476502,caught,1,decode
3244,header,496,1,caught,1,decode
3245,payload,3747152,1,caught,1,decode
3246,bit_flip,1037376,1,caught,1,decode
3247,random_bytes,2959464,15,caught,1,decode
3248,zeroed_run,3079958,1899,caught,1,decode
3249,truncation,53499,5622274,caught,1,decode
3250,header,822,1,caught,1,decode
3251,payload,2336194,1,caught,1,decode
3252,bit_flip,4506121,1,caught,1,decode
3253,random_bytes,860891,4,caught,1,decode
3254,zeroed_run,731565,2507,caught,1,decode
3255,truncation,5355166,320607,caught,1,decode
3256,header,436,1,caught,1,decode
3257,payload,4660942,1,caught,1,decode
3258,bit_flip,2726884,1,caught,1,decode
3259,random_bytes,154951,8,caught,1,decode
3260,zeroed_run,4030984,1361,caught,1,decode
3261,truncation,3343008,2332765,caught,1,decode
3262,header,934,1,caught,1,decode
3263,payload,3887133,1,caught,1,decode
3264,bit_flip,5631036,1,caught,1,decode
3265,random_bytes,5149209,13,caught,1,decode
3266,zeroed_run,5059807,3222,caught,1,decode
3267,truncation,3333955,2341818,caught,1,decode
3268,header,855,1,caught,1,decode
3269,payload,3054028,1,caught,1,decode
3270,bit_flip,2142235,1,caught,1,decode
3271,random_bytes,3607935,12,caught,1,decode
3272,zeroed_run,5487320,3835,caught,1,decode
3273,truncation,1461545,4214228,caught,1,decode
3274,header,285,1,caught,1,decode
3275,payload,4326366,1,caught,1,decode
3276,bit_flip,4323923,1,caught,1,decode
3277,random_bytes,2081910,4,caught,1,decode
3278,zeroed_run,936265,3179,caught,1,decode
3279,truncation,5619326,56447,caught,1,decode
3280,header,960,1,caught,1,decode
3281,payload,1023337,1,caught,1,decode
3282,bit_flip,2933544,1,caught,1,decode
3283,random_bytes,1983781,13,caught,1,decode
3284,zeroed_run,4159199,3150,caught,1,decode
3285,truncation,5050900,624873,caught,1,decode
3286,header,933,1,caught,1,decode
3287,payload,2910078,1,caught,1,decode
3288,bit_flip,4423362,1,caught,1,decode
3289,random_bytes,4552368,4,caught,1,decode
3290,zeroed_run,4617061,1512,caught,1,decode
3291,truncation,4829442,846331,caught,1,decode
3292,header,543,1,caught,1,decode
3293,payload,4198070,1,caught,1,decode
3294,bit_flip,3518661,1,caught,1,decode
3295,random_bytes,3116868,1,caught,1,decode
3296,zeroed_run,1081431,4093,caught,1,decode
3297,truncation,5154425,521348,caught,1,decode
3298,header,14,1,caught,1,decode
3299,payload,3962169,1,caught,1,decode
3300,bit_flip,1616570,1,caught,1,decode
3301,random_bytes,1883849,2,caught,1,decode
3302,zeroed_run,3378053,1454,caught,1,decode
3303,truncation,5581295,94478,caught,1,decode
3304,header,946,1,caught,1,decode
3305,payload,2389881,1,caught,1,decode
3306,bit_flip,2248607,1,caught,1,decode
3307,random_bytes,2003679,5,caught,1,decode
3308,zeroed_run,4862155,971,caught,1,decode
3309,truncation,119953,5555820,caught,1,decode
3310,header,997,1,caught,1,decode
3311,payload,593240,1,caught,1,decode
3312,bit_flip,2604067,1,caught,1,decode
3313,random_bytes,4841816,3,caught,1,decode
3314,zeroed_run,3408963,1629,caught,1,decode
3315,truncation,2904069,2771704,caught,1,decode
3316,header,62,1,caught,1,decode
3317,payload,675427,1,caught,1,decode
3318,bit_flip,321151,1,caught,1,decode
3319,random_bytes,4017376,11,caught,1,decode
3320,zeroed_run,4689620,3201,caught,1,decode
3321,truncation,2072412,3603361,caught,1,decode
3322,header,412,1,caught,1,decode
3323,payload,1725679,1,caught,1,decode
3324,bit_flip,596364,1,caught,1,decode
3325,random_bytes,4561165,14,caught,1,decode
3326,zeroed_run,2396909,2079,caught,1,decode
3327,truncation,69117,5606656,caught,1,decode
3328,header,242,1,caught,1,decode
3329,payload,1656852,1,caught,1,decode
3330,bit_flip,3778766,1,caught,1,decode
3331,random_bytes,5667715,16,caught,1,decode
3332,zeroed_run,5233166,3890,caught,1,decode
3333,truncation,3283125,2392648,caught,1,decode
3334,header,488,1,caught,1,decode
3335,payload,2137879,1,caught,1,decode
3336,bit_flip,5293877,1,caught,1,decode
3337,random_bytes,5039595,4,caught,1,decode
3338,zeroed_run,5092699,2708,caught,1,decode
3339,truncation,3504629,2171144,caught,1,decode
3340,header,12,1,caught,1,decode
3341,payload,572770,1,caught,1,decode
3342,bit_flip,5219024,1,caught,1,decode
3343,random_bytes,683509,10,caught,1,decode
3344,zeroed_run,2797067,2789,caught,1,decode
3345,truncation,5655049,20724,caught,1,decode
3346,header,644,1,caught,1,decode
3347,payload,2109214,1,caught,1,decode
3348,bit_flip,804036,1,caught,1,decode
3349,random_bytes,1833352,6,caught,1,decode
3350,zeroed_run,3798112,63,caught,1,decode
3351,truncation,2487542,3188231,caught,1,decode
3352,header,68,1,caught,1,decode
3353,payload,5088446,1,caught,1,decode
3354,bit_flip,3063109,1,caught,1,decode
3355,random_bytes,4488320,7,caught,1,decode
3356,zeroed_run,5535398,522,caught,1,decode
3357,truncation,194241,5481532,caught,1,decode
3358,header,543,1,caught,1,decode
3359,payload,1064385,1,caught,1,decode
3360,bit_flip,635751,1,caught,1,decode
3361,random_bytes,490555,11,caught,1,decode
3362,zeroed_run,1451827,1791,caught,1,decode
3363,truncation,3177280,2498493,caught,1,decode
3364,header,820,1,caught,1,decode
3365,payload,3186934,1,caught,1,decode
3366,bit_flip,2862400,1,caught,1,decode
3367,random_bytes,1553608,11,caught,1,decode
3368,zeroed_run,1955959,2905,caught,1,decode
3369,truncation,2180048,3495725,caught,1,decode
3370,header,100,1,caught,1,decode
3371,payload,2776532,1,caught,1,decode
3372,bit_flip,3740460,1,caught,1,decode
3373,random_bytes,3903257,10,caught,1,decode
3374,zeroed_run,1478355,2790,caught,1,decode
3375,truncation,1200104,4475669,caught,1,decode
3376,header,152,1,caught,1,decode
3377,payload,3429148,1,caught,1,decode
3378,bit_flip,3216712,1,caught,1,decode
3379,random_bytes,5590444,1,caught,1,decode
3380,zeroed_run,5422117,3557,caught,1,decode
3381,truncation,895044,4780729,caught,1,decode
3382,header,214,1,caught,1,decode
3383,payload,4911315,1,caught,1,decode
3384,bit_flip,5416952,1,caught,1,decode
3385,random_bytes,164595,11,caught,1,decode
3386,zeroed_run,2292465,95,caught,1,decode
3387,truncation,2325866,3349907,caught,1,decode
3388,header,198,1,caught,1,decode
3389,payload,1999925,1,caught,1,decode
3390,bit_flip,4017077,1,caught,1,decode
3391,random_bytes,1343092,8,caught,1,decode
3392,zeroed_run,2882917,2078,caught,1,decode
3393,truncation,4516181,1159592,caught,1,decode
3394,header,903,1,caught,1,decode
3395,payload,4156776,1,caught,1,decode
3396,bit_flip,1305500,1,caught,1,decode
3397,random_bytes,3163273,3,caught,1,decode
3398,zeroed_run,3917249,2197,caught,1,decode
3399,truncation,5605814,69959,caught,1,decode
3400,header,412,1,caught,1,decode
3401,payload,3427488,1,caught,1,decode
3402,bit_flip,3210185,1,caught,1,decode
3403,random_bytes,324640,2,caught,1,decode
3404,zeroed_run,424787,2065,caught,1,decode
3405,truncation,1965742,3710031,caught,1,decode
3406,header,423,1,caught,1,decode
3407,payload,2797735,1,caught,1,decode
3408,bit_flip,292789,1,caught,1,decode
3409,random_bytes,5230253,5,caught,1,decode
3410,zeroed_run,978699,2957,caught,1,decode
3411,truncation,5079144,596629,caught,1,decode
3412,header,925,1,caught,1,decode
3413,payload,2542699,1,caught,1,decode
3414,bit_flip,563179,1,caught,1,decode
3415,random_bytes,3732713,2,caught,1,decode
3416,zeroed_run,4152646,3007,caught,1,decode
3417,truncation,5078977,596796,caught,1,decode
3418,header,158,1,caught,1,decode
3419,payload,3184262,1,caught,1,decode
3420,bit_flip,4694934,1,caught,1,decode
3421,random_bytes,3890092,5,caught,1,decode
3422,zeroed_run,953526,82,caught,1,decode
3423,truncation,2401641,3274132,caught,1,decode
3424,header,379,1,caught,1,decode
3425,payload,1547743,1,caught,1,decode
3426,bit_flip,5492168,1,caught,1,decode
3427,random_bytes,2511992,1,caught,1,decode
3428,zeroed_run,980358,1390,caught,1,decode
3429,truncation,5223058,452715,caught,1,decode
3430,header,77,1,caught,1,decode
3431,payload,4370524,1,caught,1,decode
3432,bit_flip,2223775,1,caught,1,decode
3433,random_bytes,5217438,16,caught,1,decode
3434,zeroed_run,923196,4085,caught,1,decode
3435,truncation,1078689,4597084,caught,1,decode
3436,header,925,1,caught,1,decode
3437,payload,1582844,1,caught,1,decode
3438,bit_flip,5338995,1,caught,1,decode
3439,random_bytes,636424,8,caught,1,decode
3440,zeroed_run,12276,3264,caught,1,decode
3441,truncation,2101664,3574109,caught,1,decode
3442,header,363,1,caught,1,decode
3443,payload,3352686,1,caught,1,decode
3444,bit_flip,4195342,1,caught,1,decode
3445,random_bytes,1605528,7,caught,1,decode
3446,zeroed_run,879641,4018,caught,1,decode
3447,truncation,2384955,3290818,caught,1,decode
3448,header,207,1,caught,1,decode
3449,payload,2040219,1,caught,1,decode
3450,bit_flip,4838355,1,caught,1,decode
3451,random_bytes,4995210,15,caught,1,decode
3452,zeroed_run,47769,1806,caught,1,decode
3453,truncation,1336928,4338845,caught,1,decode
3454,header,663,1,caught,1,decode
3455,payload,44086,1,caught,1,decode
3456,bit_flip,683915,1,caught,1,decode
3457,random_bytes,4407447,9,caught,1,decode
3458,zeroed_run,2956594,2768,caught,1,decode
3459,truncation,1811820,3863953,caught,1,decode
3460,header,663,1,caught,1,decode
3461,payload,2149586,1,caught,1,decode
3462,bit_flip,3736429,1,caught,1,decode
3463,random_bytes,3624935,14,caught,1,decode
3464,zeroed_run,4379348,2444,caught,1,decode
3465,truncation,1487963,4187810,caught,1,decode
3466,header,630,1,caught,1,decode
3467,payload,3748415,1,caught,1,decode
3468,bit_flip,1670577,1,caught,1,decode
3469,random_bytes,2387526,16,caught,1,decode
3470,zeroed_run,173006,3215,caught,1,decode
3471,truncation,501648,5174125,caught,1,decode
3472,header,613,1,caught,1,decode
3473,payload,2219466,1,caught,1,decode
3474,bit_flip,2048531,1,caught,1,decode
3475,random_bytes,3736780,7,caught,1,decode
3476,zeroed_run,1154121,2521,caught,1,decode
3477,truncation,1525289,4150484,caught,1,decode
3478,header,189,1,caught,1,decode
3479,payload,1126181,1,caught,1,decode
3480,bit_flip,1890906,1,caught,1,decode
3481,random_bytes,2622882,11,caught,1,decode
3482,zeroed_run,885378,3657,caught,1,decode
3483,truncation,394650,5281123,caught,1,decode
3484,header,840,1,caught,1,decode
3485,payload,3900167,1,caught,1,decode
3486,bit_flip,3523732,1,caught,1,decode
3487,random_bytes,1907050,3,caught,1,decode
3488,zeroed_run,3987771,3157,caught,1,decode
3489,truncation,4687466,988307,caught,1,decode
3490,header,396,1,caught,1,decode
3491,payload,4832952,1,caught,1,decode
3492,bit_flip,5029898,1,caught,1,decode
3493,random_bytes,369667,14,caught,1,decode
3494,zeroed_run,1151277,138,caught,1,decode
3495,truncation,3585448,2090325,caught,1,decode
3496,header,390,1,caught,1,decode
3497,payload,3920705,1,caught,1,decode
3498,bit_flip,3280771,1,caught,1,decode
3499,random_bytes,70400,5,caught,1,decode
3500,zeroed_run,796548,3091,caught,1,decode
3501,truncation,2854185,2821588,caught,1,decode
3502,header,869,1,caught,1,decode
3503,payload,1160126,1,caught,1,decode
3504,bit_flip,3929378,1,caught,1,decode
3505,random_bytes,768947,16,caught,1,decode
3506,zeroed_run,3832835,3191,caught,1,decode
3507,truncation,3664833,2010940,caught,1,decode
3508,header,92,1,caught,1,decode
3509,payload,22553,1,caught,1,decode
3510,bit_flip,1617910,1,caught,1,decode
3511,random_bytes,1481224,13,caught,1,decode
3512,zeroed_run,5147109,1072,caught,1,decode
3513,truncation,1857375,3818398,caught,1,decode
3514,header,874,1,caught,1,decode
3515,payload,3505019,1,caught,1,decode
3516,bit_flip,4152493,1,caught,1,decode
3517,random_bytes,3338403,11,caught,1,decode
3518,zeroed_run,1930734,2252,caught,1,decode
3519,truncation,2913585,2762188,caught,1,decode
3520,header,771,1,caught,1,decode
3521,payload,948483,1,caught,1,decode
3522,bit_flip,824408,1,caught,1,decode
3523,random_bytes,4353006,6,caught,1,decode
3524,zeroed_run,584791,303,caught,1,decode
3525,truncation,5051387,624386,caught,1,decode
3526,header,611,1,caught,1,decode
3527,payload,3287364,1,caught,1,decode
3528,bit_flip,1702831,1,caught,1,decode
3529,random_bytes,363538,13,caught,1,decode
3530,zeroed_run,4236241,986,caught,1,decode
3531,truncation,2549165,3126608,caught,1,decode
3532,header,67,1,caught,1,decode
3533,payload,3809979,1,caught,1,decode
3534,bit_flip,5439794,1,caught,1,decode
3535,random_bytes,5016529,12,caught,1,decode
3536,zeroed_run,3822616,3007,caught,1,decode
3537,truncation,3512568,2163205,caught,1,decode
3538,header,894,1,caught,1,decode
3539,payload,2775847,1,caught,1,decode
3540,bit_flip,5486894,1,caught,1,decode
3541,random_bytes,3336835,5,caught,1,decode
3542,zeroed_run,4475047,857,caught,1,decode
3543,truncation,1056176,4619597,caught,1,decode
3544,header,533,1,caught,1,decode
3545,payload,1090191,1,caught,1,decode
3546,bit_flip,2964649,1,caught,1,decode
3547,random_bytes,3532424,9,caught,1,decode
3548,zeroed_run,1692258,1618,caught,1,decode
3549,truncation,4806852,868921,caught,1,decode
3550,header,991,1,caught,1,decode
3551,payload,1691752,1,caught,1,decode
3552,bit_flip,1406486,1,caught,1,decode
3553,random_bytes,5176249,7,caught,1,decode
3554,zeroed_run,756751,2502,caught,1,decode
3555,truncation,5025134,650639,caught,1,decode
3556,header,858,1,caught,1,decode
3557,payload,3733823,1,caught,1,decode
3558,bit_flip,3115083,1,caught,1,decode
3559,random_bytes,1778991,15,caught,1,decode
3560,zeroed_run,5586081,3844,caught,1,decode
3561,truncation,2424663,3251110,caught,1,decode
3562,header,475,1,caught,1,decode
3563,payload,1131065,1,caught,1,decode
3564,bit_flip,2033132,1,caught,1,decode
3565,random_bytes,2003828,7,caught,1,decode
3566,zeroed_run,2981128,2675,caught,1,decode
3567,truncation,1058510,4617263,caught,1,decode
3568,header,376,1,caught,1,decode
3569,payload,523173,1,caught,1,decode
3570,bit_flip,4569576,1,caught,1,decode
3571,random_bytes,4464388,14,caught,1,decode
3572,zeroed_run,1019655,2404,caught,1,decode
3573,truncation,1764751,3911022,caught,1,decode
3574,header,958,1,caught,1,decode
3575,payload,3007456,1,caught,1,decode
3576,bit_flip,1782006,1,caught,1,decode
3577,random_bytes,492710,1,caught,1,decode
3578,zeroed_run,552710,1760,caught,1,decode
3579,truncation,1188748,4487025,caught,1,decode
3580,header,363,1,caught,1,decode
3581,payload,3234103,1,caught,1,decode
3582,bit_flip,2140698,1,caught,1,decode
3583,random_bytes,156297,15,caught,1,decode
3584,zeroed_run,1654587,2350,caught,1,decode
3585,truncation,1491270,4184503,caught,1,decode
3586,header,411,1,caught,1,decode
3587,payload,4646746,1,caught,1,decode
3588,bit_flip,3622884,1,caught,1,decode
3589,random_bytes,157895,9,caught,1,decode
3590,zeroed_run,1820953,1750,caught,1,decode
3591,truncation,2264041,3411732,caught,1,decode
3592,header,556,1,caught,1,decode
3593,payload,2244349,1,caught,1,decode
3594,bit_flip,4790409,1,caught,1,decode
3595,random_bytes,81444,2,caught,1,decode
3596,zeroed_run,3652361,470,caught,1,decode
3597,truncation,3369383,2306390,caught,1,decode
3598,header,491,1,caught,1,decode
3599,payload,4480027,1,caught,1,decode
3600,bit_flip,1337844,1,caught,1,decode
3601,random_bytes,3310321,6,caught,1,decode
3602,zeroed_run,1655374,3156,caught,1,decode
3603,truncation,1947863,3727910,caught,1,decode
3604,header,789,1,caught,1,decode
3605,payload,348325,1,caught,1,decode
3606,bit_flip,2540395,1,caught,1,decode
3607,random_bytes,2934166,15,caught,1,decode
3608,zeroed_run,3554106,3608,caught,1,decode
3609,truncation,3540945,2134828,caught,1,decode
3610,header,969,1,caught,1,decode
3611,payload,1688259,1,caught,1,decode
3612,bit_flip,2773141,1,caught,1,decode
3613,random_bytes,5500257,7,caught,1,decode
3614,zeroed_run,5155995,1047,caught,1,decode
3615,truncation,4793423,882350,caught,1,decode
3616,header,408,1,caught,1,decode
3617,payload,3462594,1,caught,1,decode
3618,bit_flip,3073925,1,caught,1,decode
3619,random_bytes,343924,4,caught,1,decode
3620,zeroed_run,1480971,743,caught,1,decode
3621,truncation,3484108,2191665,caught,1,decode
3622,header,717,1,caught,1,decode
3623,payload,4651545,1,caught,1,decode
3624,bit_flip,662484,1,caught,1,decode
3625,random_bytes,2891216,3,caught,1,decode
3626,zeroed_run,716807,3072,caught,1,decode
3627,truncation,4693793,981980,caught,1,decode
3628,header,683,1,caught,1,decode
3629,payload,2559934,1,caught,1,decode
3630,bit_flip,109692,1,caught,1,decode
3631,random_bytes,1572871,7,caught,1,decode
3632,zeroed_run,999745,2753,caught,1,decode
3633,truncation,323613,5352160,caught,1,decode
3634,header,324,1,caught,1,decode
3635,payload,5068981,1,caught,1,decode
3636,bit_flip,205966,1,caught,1,decode
3637,random_bytes,4986426,13,caught,1,decode
3638,zeroed_run,2023523,3376,caught,1,decode
3639,truncation,5113811,561962,caught,1,decode
3640,header,69,1,caught,1,decode
3641,payload,3123341,1,caught,1,decode
3642,bit_flip,238519,1,caught,1,decode
3643,random_bytes,4475095,6,caught,1,decode
3644,zeroed_run,3446678,3454,caught,1,decode
3645,truncation,2152936,3522837,caught,1,decode
3646,header,787,1,caught,1,decode
3647,payload,885709,1,caught,1,decode
3648,bit_flip,4661138,1,caught,1,decode
3649,random_bytes,557853,7,caught,1,decode
3650,zeroed_run,865048,2963,caught,1,decode
3651,truncation,4174590,1501183,caught,1,decode
3652,header,573,1,caught,1,decode
3653,payload,5589115,1,caught,1,decode
3654,bit_flip,4625790,1,caught,1,decode
3655,random_bytes,5386138,5,caught,1,decode
3656,zeroed_run,4995672,3784,caught,1,decode
3657,truncation,1723588,3952185,caught,1,decode
3658,header,987,1,caught,1,decode
3659,payload,241859,1,caught,1,decode
3660,bit_flip,989438,1,caught,1,decode
3661,random_bytes,4766105,6,caught,1,decode
3662,zeroed_run,1989267,256,caught,1,decode
3663,truncation,1281987,4393786,caught,1,decode
3664,header,59,1,caught,1,decode
3665,payload,5254397,1,caught,1,decode
3666,bit_flip,479370,1,caught,1,decode
3667,random_bytes,776876,4,caught,1,decode
3668,zeroed_run,5666215,657,caught,1,decode
3669,truncation,3758394,1917379,caught,1,decode
3670,header,133,1,caught,1,decode
3671,payload,5166632,1,caught,1,decode
3672,bit_flip,1853730,1,caught,1,decode
3673,random_bytes,5560778,12,caught,1,decode
3674,zeroed_run,3494410,533,caught,1,decode
3675,truncation,4355121,1320652,caught,1,decode
3676,header,863,1,caught,1,decode
3677,payload,5464244,1,caught,1,decode
3678,bit_flip,2525746,1,caught,1,decode
3679,random_bytes,3584278,3,caught,1,decode
3680,zeroed_run,3831901,636,caught,1,decode
3681,truncation,278221,5397552,caught,1,decode
3682,header,862,1,caught,1,decode
3683,payload,4680347,1,caught,1,decode
3684,bit_flip,5098381,1,caught,1,decode
3685,random_bytes,411206,6,caught,1,decode
3686,zeroed_run,3819697,464,caught,1,decode
3687,truncation,2017664,3658109,caught,1,decode
3688,header,452,1,caught,1,decode
3689,payload,4838157,1,caught,1,decode
3690,bit_flip,567840,1,caught,1,decode
3691,random_bytes,5268824,15,caught,1,decode
3692,zeroed_run,4985004,3346,caught,1,decode
3693,truncation,2228024,3447749,caught,1,decode
3694,header,609,1,caught,1,decode
3695,payload,4189976,1,caught,1,decode
3696,bit_flip,3161272,1,caught,1,decode
3697,random_bytes,257656,12,caught,1,decode
3698,zeroed_run,2741461,3674,caught,1,decode
3699,truncation,2577131,3098642,caught,1,decode
3700,header,134,1,caught,1,decode
3701,payload,673680,1,caught,1,decode
3702,bit_flip,2548513,1,caught,1,decode
3703,random_bytes,4691590,10,caught,1,decode
3704,zeroed_run,1339717,2511,caught,1,decode
3705,truncation,2208150,3467623,caught,1,decode
3706,header,259,1,caught,1,decode
3707,payload,3212287,1,caught,1,decode
3708,bit_flip,478560,1,caught,1,decode
3709,random_bytes,2104748,11,caught,1,decode
3710,zeroed_run,2099583,845,caught,1,decode
3711,truncation,798119,4877654,caught,1,decode
3712,header,76,1,caught,1,decode
3713,payload,2986517,1,caught,1,decode
3714,bit_flip,2145911,1,caught,1,decode
3715,random_bytes,5311549,13,caught,1,decode
3716,zeroed_run,887928,2888,caught,1,decode
3717,truncation,3077176,2598597,caught,1,decode
3718,header,943,1,caught,1,decode
3719,payload,1922115,1,caught,1,decode
3720,bit_flip,1711496,1,caught,1,decode
3721,random_bytes,1602405,8,caught,1,decode
3722,zeroed_run,4681200,2642,caught,1,decode
3723,truncation,545015,5130758,caught,1,decode
3724,header,502,1,caught,1,decode
3725,payload,1915067,1,caught,1,decode
3726,bit_flip,33317,1,caught,1,decode
3727,random_bytes,2385419,13,caught,1,decode
3728,zeroed_run,1142443,3237,caught,1,decode
3729,truncation,4717887,957886,caught,1,decode
3730,header,492,1,caught,1,decode
3731,payload,2434902,1,caught,1,decode
3732,bit_flip,473323,1,caught,1,decode
3733,random_bytes,1416107,14,caught,1,decode
3734,zeroed_run,1197874,2653,caught,1,decode
3735,truncation,1392355,4283418,caught,1,decode
3736,header,72,1,caught,1,decode
3737,payload,3117583,1,caught,1,decode
3738,bit_flip,1066574,1,caught,1,decode
3739,random_bytes,311614,4,caught,1,decode
3740,zeroed_run,2438684,3858,caught,1,decode
3741,truncation,5266273,409500,caught,1,decode
3742,header,498,1,caught,1,decode
3743,payload,447536,1,caught,1,decode
3744,bit_flip,2738856,1,caught,1,decode
3745,random_bytes,1723578,7,caught,1,decode
3746,zeroed_run,1003365,2121,caught,1,decode
3747,truncation,435304,5240469,caught,1,decode
3748,header,380,1,caught,1,decode
3749,payload,257348,1,caught,1,decode
3750,bit_flip,5199608,1,caught,1,decode
3751,random_bytes,317854,5,caught,1,decode
3752,zeroed_run,4798720,76,caught,1,decode
3753,truncation,4005410,1670363,caught,1,decode
3754,header,238,1,caught,1,decode
3755,payload,3869402,1,caught,1,decode
3756,bit_flip,2256622,1,caught,1,decode
3757,random_bytes,1784155,13,caught,1,decode
3758,zeroed_run,4476936,3428,caught,1,decode
3759,truncation,1625392,4050381,caught,1,decode
3760,header,136,1,caught,1,decode
3761,payload,58429,1,caught,1,decode
3762,bit_flip,2675945,1,caught,1,decode
3763,random_bytes,180580,13,caught,1,decode
3764,zeroed_run,5633125,3976,caught,1,decode
3765,truncation,2240171,3435602,caught,1,decode
3766,header,428,1,caught,1,decode
3767,payload,5300982,1,caught,1,decode
3768,bit_flip,4137952,1,caught,1,decode
3769,random_bytes,1509981,13,caught,1,decode
3770,zeroed_run,2343412,1663,caught,1,decode
3771,truncation,1444820,4230953,caught,1,decode
3772,header,122,1,caught,1,decode
3773,payload,1959552,1,caught,1,decode
3774,bit_flip,5672736,1,caught,1,decode
3775,random_bytes,4947072,16,caught,1,decode
3776,zeroed_run,3291139,1364,caught,1,decode
3777,truncation,2338878,3336895,caught,1,decode
3778,header,986,1,caught,1,decode
3779,payload,1306941,1,caught,1,decode
3780,bit_flip,3335249,1,caught,1,decode
3781,random_bytes,3362200,6,caught,1,decode
3782,zeroed_run,2440941,3741,caught,1,decode
3783,truncation,4361267,1314506,caught,1,decode
3784,header,733,1,caught,1,decode
3785,payload,5401876,1,caught,1,decode
3786,bit_flip,5497671,1,caught,1,decode
3787,random_bytes,2813286,7,caught,1,decode
3788,zeroed_run,5496285,439,caught,1,decode
3789,truncation,2284264,3391509,caught,1,decode
3790,header,332,1,caught,1,decode
3791,payload,2233971,1,caught,1,decode
3792,bit_flip,2055337,1,caught,1,decode
3793,random_bytes,4979112,4,caught,1,decode
3794,zeroed_run,384872,453,caught,1,decode
3795,truncation,422956,5252817,caught,1,decode
3796,header,72,1,caught,1,decode
3797,payload,3012436,1,caught,1,decode
3798,bit_flip,2648492,1,caught,1,decode
3799,random_bytes,2083002,5,caught,1,decode
3800,zeroed_run,1763389,1408,caught,1,decode
3801,truncation,3620888,2054885,caught,1,decode
3802,header,721,1,caught,1,decode
3803,payload,4375843,1,caught,1,decode
3804,bit_flip,1180704,1,caught,1,decode
3805,random_bytes,3599517,13,caught,1,decode
3806,zeroed_run,744585,2757,caught,1,decode
3807,truncation,4796062,879711,caught,1,decode
3808,header,597,1,caught,1,decode
3809,payload,1938677,1,caught,1,decode
3810,bit_flip,175804,1,caught,1,decode
3811,random_bytes,1334703,1,caught,1,decode
3812,zeroed_run,1938529,2021,caught,1,decode
3813,truncation,4457286,1218487,caught,1,decode
3814,header,814,1,caught,1,decode
3815,payload,3672904,1,caught,1,decode
3816,bit_flip,859910,1,caught,1,decode
3817,random_bytes,4775440,10,caught,1,decode
3818,zeroed_run,4686837,2365,caught,1,decode
3819,truncation,2619756,3056017,caught,1,decode
3820,header,118,1,caught,1,decode
3821,payload,1413115,1,caught,1,decode
3822,bit_flip,4473780,1,caught,1,decode
3823,random_bytes,569767,11,caught,1,decode
3824,zeroed_run,2060759,3894,caught,1,decode
3825,truncation,2484444,3191329,caught,1,decode
3826,header,983,1,caught,1,decode
3827,payload,264431,1,caught,1,decode
3828,bit_flip,5606111,1,caught,1,decode
3829,random_bytes,3060064,4,caught,1,decode
3830,zeroed_run,5120551,3374,caught,1,decode
3831,truncation,2920187,2755586,caught,1,decode
3832,header,440,1,caught,1,decode
3833,payload,1676555,1,caught,1,decode
3834,bit_flip,548101,1,caught,1,decode
3835,random_bytes,1573101,6,caught,1,decode
3836,zeroed_run,1183757,1011,caught,1,decode
3837,truncation,1302311,4373462,caught,1,decode
3838,header,162,1,caught,1,decode
3839,payload,5453004,1,caught,1,decode
3840,bit_flip,4582379,1,caught,1,decode
3841,random_bytes,5044098,15,caught,1,decode
3842,zeroed_run,559570,2289,caught,1,decode
3843,truncation,169059,5506714,caught,1,decode
3844,header,14,1,caught,1,decode
3845,payload,511141,1,caught,1,decode
3846,bit_flip,4310994,1,caught,1,decode
3847,random_bytes,5645949,9,caught,1,decode
3848,zeroed_run,952288,2513,caught,1,decode
3849,truncation,2530103,3145670,caught,1,decode
3850,header,220,1,caught,1,decode
3851,payload,3628092,1,caught,1,decode
3852,bit_flip,2701209,1,caught,1,decode
3853,random_bytes,2043563,8,caught,1,decode
3854,zeroed_run,996828,3994,caught,1,decode
3855,truncation,2251251,3424522,caught,1,decode
3856,header,842,1,caught,1,decode
3857,payload,3443759,1,caught,1,decode
3858,bit_flip,5468092,1,caught,1,decode
3859,random_bytes,3487315,13,caught,1,decode
3860,zeroed_run,458430,3721,caught,1,decode
3861,truncation,3093005,2582768,caught,1,decode
3862,header,230,1,caught,1,decode
3863,payload,1012700,1,caught,1,decode
3864,bit_flip,4631905,1,caught,1,decode
3865,random_bytes,3032662,12,caught,1,decode
3866,zeroed_run,4612420,3019,caught,1,decode
3867,truncation,3330220,2345553,caught,1,decode
3868,header,172,1,caught,1,decode
3869,payload,4722963,1,caught,1,decode
3870,bit_flip,684238,1,caught,1,decode
3871,random_bytes,1905655,14,caught,1,decode
3872,zeroed_run,4593013,4003,caught,1,decode
3873,truncation,2479457,3196316,caught,1,decode
3874,header,203,1,caught,1,decode
3875,payload,1887158,1,caught,1,decode
3876,bit_flip,1108959,1,caught,1,decode
3877,random_bytes,5021735,2,caught,1,decode
3878,zeroed_run,74105,3033,caught,1,decode
3879,truncation,278457,5397316,caught,1,decode
3880,header,470,1,caught,1,decode
3881,payload,239351,1,caught,1,decode
3882,bit_flip,428673,1,caught,1,decode
3883,random_bytes,892502,15,caught,1,decode
3884,zeroed_run,5129064,1451,caught,1,decode
3885,truncation,138917,5536856,caught,1,decode
3886,header,11,1,caught,1,decode
3887,payload,1430869,1,caught,1,decode
3888,bit_flip,653761,1,caught,1,decode
3889,random_bytes,4515511,3,caught,1,decode
3890,zeroed_run,5163174,1730,caught,1,decode
3891,truncation,2730938,2944835,caught,1,decode
3892,header,763,1,caught,1,decode
3893,payload,3688854,1,caught,1,decode
3894,bit_flip,617478,1,caught,1,decode
3895,random_bytes,4575057,4,caught,1,decode
3896,zeroed_run,1335049,1538,caught,1,decode
3897,truncation,3379433,2296340,caught,1,decode
3898,header,61,1,caught,1,decode
3899,payload,1227934,1,caught,1,decode
3900,bit_flip,4993984,1,caught,1,decode
3901,random_bytes,517484,3,caught,1,decode
3902,zeroed_run,2370459,1298,caught,1,decode
3903,truncation,3546633,2129140,caught,1,decode
3904,header,223,1,caught,1,decode
3905,payload,3706923,1,caught,1,decode
3906,bit_flip,4601970,1,caught,1,decode
3907,random_bytes,8177,2,caught,1,decode
3908,zeroed_run,4406323,1716,caught,1,decode
3909,truncation,5027605,648168,caught,1,decode
3910,header,277,1,caught,1,decode
3911,payload,651745,1,caught,1,decode
3912,bit_flip,3894586,1,caught,1,decode
3913,random_bytes,5519802,14,caught,1,decode
3914,zeroed_run,5433560,1617,caught,1,decode
3915,truncation,4872737,803036,caught,1,decode
3916,header,109,1,caught,1,decode
3917,payload,3383716,1,caught,1,decode
3918,bit_flip,1699061,1,caught,1,decode
3919,random_bytes,572361,1,caught,1,decode
3920,zeroed_run,2635887,563,caught,1,decode
3921,truncation,4012299,1663474,caught,1,decode
3922,header,931,1,caught,1,decode
3923,payload,4772302,1,caught,1,decode
3924,bit_flip,271550,1,caught,1,decode
3925,random_bytes,5613338,6,caught,1,decode
3926,zeroed_run,1838838,798,caught,1,decode
3927,truncation,1871453,3804320,caught,1,decode
3928,header,121,1,caught,1,decode
3929,payload,4233693,1,caught,1,decode
3930,bit_flip,1031367,1,caught,1,decode
3931,random_bytes,3417564,6,caught,1,decode
3932,zeroed_run,5445081,611,caught,1,decode
3933,truncation,761916,4913857,caught,1,decode
3934,header,761,1,caught,1,decode
3935,payload,5185517,1,caught,1,decode
3936,bit_flip,5540726,1,caught,1,decode
3937,random_bytes,140350,6,caught,1,decode
3938,zeroed_run,2254585,815,caught,1,decode
3939,truncation,276390,5399383,caught,1,decode
3940,header,311,1,caught,1,decode
3941,payload,1706396,1,caught,1,decode
3942,bit_flip,2953306,1,caught,1,decode
3943,random_bytes,1677924,7,caught,1,decode
3944,zeroed_run,4770127,3753,caught,1,decode
3945,truncation,3510735,2165038,caught,1,decode
3946,header,386,1,caught,1,decode
3947,payload,811403,1,caught,1,decode
3948,bit_flip,4340159,1,caught,1,decode
3949,random_bytes,4948930,15,caught,1,decode
3950,zeroed_run,1651638,2058,caught,1,decode
3951,truncation,1019701,4656072,caught,1,decode
3952,header,1001,1,caught,1,decode
3953,payload,3326503,1,caught,1,decode
3954,bit_flip,106011,1,caught,1,decode
3955,random_bytes,1238385,8,caught,1,decode
3956,zeroed_run,4197973,3607,caught,1,decode
3957,truncation,639944,5035829,caught,1,decode
3958,header,415,1,caught,1,decode
3959,payload,3785691,1,caught,1,decode
3960,bit_flip,2528757,1,caught,1,decode
3961,random_bytes,5660529,11,caught,1,decode
3962,zeroed_run,926247,2025,caught,1,decode
3963,truncation,2694507,2981266,caught,1,decode
3964,header,423,1,caught,1,decode
3965,payload,2426532,1,caught,1,decode
3966,bit_flip,5240205,1,caught,1,decode
3967,random_bytes,2556983,9,caught,1,decode
3968,zeroed_run,3272383,3195,caught,1,decode
3969,truncation,2803685,2872088,caught,1,decode
3970,header,769,1,caught,1,decode
3971,payload,3761406,1,caught,1,decode
3972,bit_flip,253307,1,caught,1,decode
3973,random_bytes,2489174,15,caught,1,decode
3974,zeroed_run,5037008,614,caught,1,decode
3975,truncation,1913939,3761834,caught,1,decode
3976,header,931,1,caught,1,decode
3977,payload,2415930,1,caught,1,decode
3978,bit_flip,3423803,1,caught,1,decode
3979,random_bytes,3433237,4,caught,1,decode
3980,zeroed_run,2391485,987,caught,1,decode
3981,truncation,3852572,1823201,caught,1,decode
3982,header,105,1,caught,1,decode
3983,payload,2232353,1,caught,1,decode
3984,bit_flip,653216,1,caught,1,decode
3985,random_bytes,2710091,14,caught,1,decode
3986,zeroed_run,5407869,1331,caught,1,decode
3987,truncation,4545713,1130060,caught,1,decode
3988,header,850,1,caught,1,decode
3989,payload,3762513,1,caught,1,decode
3990,bit_flip,5507886,1,caught,1,decode
3991,random_bytes,856249,2,caught,1,decode
3992,zeroed_run,2683552,3135,caught,1,decode
3993,truncation,4499598,1176175,caught,1,decode
3994,header,891,1,caught,1,decode
3995,payload,1688295,1,caught,1,decode
3996,bit_flip,4260471,1,caught,1,decode
3997,random_bytes,3672520,14,caught,1,decode
3998,zeroed_run,1979720,69,caught,1,decode
3999,truncation,1164729,4511044,caught,1,decode
4000,header,418,1,caught,1,decode
4001,payload,1206714,1,caught,1,decode
4002,bit_flip,1880212,1,caught,1,decode
4003,random_bytes,938243,8,caught,1,decode
4004,zeroed_run,2030357,1281,caught,1,decode
4005,truncation,935418,4740355,caught,1,decode
4006,header,133,1,caught,1,decode
4007,payload,636348,1,caught,1,decode
4008,bit_flip,3057898,1,caught,1,decode
4009,random_bytes,5169628,13,caught,1,decode
4010,zeroed_run,2946164,877,caught,1,decode
4011,truncation,4207413,1468360,caught,1,decode
4012,header,225,1,caught,1,decode
4013,payload,1350273,1,caught,1,decode
4014,bit_flip,683641,1,caught,1,decode
4015,random_bytes,55698,14,caught,1,decode
4016,zeroed_run,1280389,322,caught,1,decode
4017,truncation,2029711,3646062,caught,1,decode
4018,header,102,1,caught,1,decode
4019,payload,242482,1,caught,1,decode
4020,bit_flip,3264742,1,caught,1,decode
4021,random_bytes,2589628,4,caught,1,decode
4022,zeroed_run,5248469,2229,caught,1,decode
4023,truncation,4353242,1322531,caught,1,decode
4024,header,132,1,caught,1,decode
4025,payload,477052,1,caught,1,decode
4026,bit_flip,2407263,1,caught,1,decode
4027,random_bytes,545593,8,caught,1,decode
4028,zeroed_run,2625761,662,caught,1,decode
4029,truncation,418409,5257364,caught,1,decode
4030,header,678,1,caught,1,decode
4031,payload,3624591,1,caught,1,decode
4032,bit_flip,3465192,1,caught,1,decode
4033,random_bytes,3823543,10,caught,1,decode
4034,zeroed_run,2186298,2641,caught,1,decode
4035,truncation,3103239,2572534,caught,1,decode
4036,header,974,1,caught,1,decode
4037,payload,2799879,1,caught,1,decode
4038,bit_flip,2165343,1,caught,1,decode
4039,random_bytes,4468654,16,caught,1,decode
4040,zeroed_run,2012277,3742,caught,1,decode
4041,truncation,4603785,1071988,caught,1,decode
4042,header,749,1,caught,1,decode
4043,payload,3001484,1,caught,1,decode
4044,bit_flip,4249491,1,caught,1,decode
4045,random_bytes,4974602,3,caught,1,decode
4046,zeroed_run,1000264,2683,caught,1,decode
4047,truncation,3224966,2450807,caught,1,decode
4048,header,896,1,caught,1,decode
4049,payload,4245637,1,caught,1,decode
4050,bit_flip,2690972,1,caught,1,decode
4051,random_bytes,2176680,2,caught,1,decode
4052,zeroed_run,3010295,3225,caught,1,decode
4053,truncation,1275519,4400254,caught,1,decode
4054,header,852,1,caught,1,decode
4055,payload,1765435,1,caught,1,decode
4056,bit_flip,4386851,1,caught,1,decode
4057,random_bytes,5107707,14,caught,1,decode
4058,zeroed_run,5330368,3313,caught,1,decode
4059,truncation,994647,4681126,caught,1,decode
4060,header,464,1,caught,1,decode
4061,payload,4810743,1,caught,1,decode
4062,bit_flip,20201,1,caught,1,decode
4063,random_bytes,4582275,1,caught,1,decode
4064,zeroed_run,1808571,2148,caught,1,decode
4065,truncation,1715841,3959932,caught,1,decode
4066,header,445,1,caught,1,decode
4067,payload,4593072,1,caught,1,decode
4068,bit_flip,7891,1,caught,1,decode
4069,random_bytes,1955109,8,caught,1,decode
4070,zeroed_run,1665245,2456,caught,1,decode
4071,truncation,995945,4679828,caught,1,decode
4072,header,844,1,caught,1,decode
4073,payload,5495170,1,caught,1,decode
4074,bit_flip,4978440,1,caught,1,decode
4075,random_bytes,1150382,15,caught,1,decode
4076,zeroed_run,961293,1056,caught,1,decode
4077,truncation,1336733,4339040,caught,1,decode
4078,header,706,1,caught,1,decode
4079,payload,576426,1,caught,1,decode
4080,bit_flip,2121039,1,caught,1,decode
4081,random_bytes,2476519,1,caught,1,decode
4082,zeroed_run,878247,684,caught,1,decode
4083,truncation,1693667,3982106,caught,1,decode
4084,header,535,1,caught,1,decode
4085,payload,2916522,1,caught,1,decode
4086,bit_flip,5263706,1,caught,1,decode
4087,random_bytes,3544136,7,caught,1,decode
4088,zeroed_run,4157488,590,caught,1,decode
4089,truncation,4516204,1159569,caught,1,decode
4090,header,538,1,caught,1,decode
4091,payload,4646407,1,caught,1,decode
4092,bit_flip,950048,1,caught,1,decode
4093,random_bytes,4284905,10,caught,1,decode
4094,zeroed_run,550612,1263,caught,1,decode
4095,truncation,5277038,398735,caught,1,decode
4096,header,567,1,caught,1,decode
4097,payload,5049016,1,caught,1,decode
4098,bit_flip,738806,1,caught,1,decode
4099,random_bytes,5319146,7,caught,1,decode
4100,zeroed_run,603847,3916,caught,1,decode
4101,truncation,1106097,4569676,caught,1,decode
4102,header,25,1,caught,1,decode
4103,payload,5116207,1,caught,1,decode
4104,bit_flip,5485308,1,caught,1,decode
4105,random_bytes,4964552,16,caught,1,decode
4106,zeroed_run,194633,3573,caught,1,decode
4107,truncation,5656799,18974,caught,1,decode
4108,header,191,1,caught,1,decode
4109,payload,3734888,1,caught,1,decode
4110,bit_flip,1998425,1,caught,1,decode
4111,random_bytes,623809,7,caught,1,decode
4112,zeroed_run,5300634,2815,caught,1,decode
4113,truncation,1027490,4648283,caught,1,decode
4114,header,388,1,caught,1,decode
4115,payload,1445314,1,caught,1,decode
4116,bit_flip,61190,1,caught,1,decode
4117,random_bytes,4272078,12,caught,1,decode
4118,zeroed_run,3168895,1992,caught,1,decode
4119,truncation,436899,5238874,caught,1,decode
4120,header,277,1,caught,1,decode
4121,payload,4652590,1,caught,1,decode
4122,bit_flip,1874733,1,caught,1,decode
4123,random_bytes,2501637,10,caught,1,decode
4124,zeroed_run,5535675,3613,caught,1,decode
4125,truncation,4658105,1017668,caught,1,decode
4126,header,317,1,caught,1,decode
4127,payload,4723193,1,caught,1,decode
4128,bit_flip,5371420,1,caught,1,decode
4129,random_bytes,3403357,9,caught,1,decode
4130,zeroed_run,2417655,2639,caught,1,decode
4131,truncation,704248,4971525,caught,1,decode
4132,header,271,1,caught,1,decode
4133,payload,4385836,1,caught,1,decode
4134,bit_flip,4194887,1,caught,1,decode
4135,random_bytes,4410589,4,caught,1,decode
4136,zeroed_run,3306936,848,caught,1,decode
4137,truncation,708887,4966886,caught,1,decode
4138,header,263,1,caught,1,decode
4139,payload,5510701,1,caught,1,decode
4140,bit_flip,3789948,1,caught,1,decode
4141,random_bytes,3403397,3,caught,1,decode
4142,zeroed_run,1345120,3389,caught,1,decode
4143,truncation,3417659,2258114,caught,1,decode
4144,header,992,1,caught,1,decode
4145,payload,5514791,1,caught,1,decode
4146,bit_flip,2147488,1,caught,1,decode
4147,random_bytes,1163563,13,caught,1,decode
4148,zeroed_run,3378556,1670,caught,1,decode
4149,truncation,1344452,4331321,caught,1,decode
4150,header,234,1,caught,1,decode
4151,payload,4654026,1,caught,1,decode
4152,bit_flip,54283,1,caught,1,decode
4153,random_bytes,3386753,16,caught,1,decode
4154,zeroed_run,3460346,233,caught,1,decode
4155,truncation,1567742,4108031,caught,1,decode
4156,header,500,1,caught,1,decode
4157,payload,1687093,1,caught,1,decode
4158,bit_flip,4720268,1,caught,1,decode
4159,random_bytes,5268778,13,caught,1,decode
4160,zeroed_run,721075,3430,caught,1,decode
4161,truncation,4376728,1299045,caught,1,decode
4162,header,428,1,caught,1,decode
4163,payload,2490815,1,caught,1,decode
4164,bit_flip,5552228,1,caught,1,decode
4165,random_bytes,2254999,15,caught,1,decode
4166,zeroed_run,2867635,4029,caught,1,decode
4167,truncation,5428289,247484,caught,1,decode
4168,header,565,1,caught,1,decode
4169,payload,4544397,1,caught,1,decode
4170,bit_flip,1847482,1,caught,1,decode
4171,random_bytes,1480115,16,caught,1,decode
4172,zeroed_run,845124,491,caught,1,decode
4173,truncation,1669054,4006719,caught,1,decode
4174,header,723,1,caught,1,decode
4175,payload,2410588,1,caught,1,decode
4176,bit_flip,5502909,1,caught,1,decode
4177,random_bytes,3782789,6,caught,1,decode
4178,zeroed_run,2203667,2338,caught,1,decode
4179,truncation,2943257,2732516,caught,1,decode
4180,header,227,1,caught,1,decode
4181,payload,1005953,1,caught,1,decode
4182,bit_flip,4364248,1,caught,1,decode
4183,random_bytes,4769612,6,caught,1,decode
4184,zeroed_run,1188281,2087,caught,1,decode
4185,truncation,3650794,2024979,caught,1,decode
4186,header,625,1,caught,1,decode
4187,payload,2490542,1,caught,1,decode
4188,bit_flip,5119483,1,caught,1,decode
4189,random_bytes,4901614,10,caught,1,decode
4190,zeroed_run,4960053,3307,caught,1,decode
4191,truncation,2694521,2981252,caught,1,decode
4192,header,594,1,caught,1,decode
4193,payload,4316871,1,caught,1,decode
4194,bit_flip,524656,1,caught,1,decode
4195,random_bytes,3985890,10,caught,1,decode
4196,zeroed_run,4453162,3089,caught,1,decode
4197,truncation,382467,5293306,caught,1,decode
4198,header,699,1,caught,1,decode
4199,payload,1646564,1,caught,1,decode
4200,bit_flip,5665074,1,caught,1,decode
4201,random_bytes,1238389,10,caught,1,decode
4202,zeroed_run,3332277,3950,caught,1,decode
4203,truncation,1661671,4014102,caught,1,decode
4204,header,433,1,caught,1,decode
4205,payload,1083949,1,caught,1,decode
4206,bit_flip,553214,1,caught,1,decode
4207,random_bytes,2613098,6,caught,1,decode
4208,zeroed_run,2992835,2551,caught,1,decode
4209,truncation,3483412,2192361,caught,1,decode
4210,header,288,1,caught,1,decode
4211,payload,3784708,1,caught,1,decode
4212,bit_flip,58963,1,caught,1,decode
4213,random_bytes,3955745,8,caught,1,decode
4214,zeroed_run,412866,43,caught,1,decode
4215,truncation,339038,5336735,caught,1,decode
4216,header,804,1,caught,1,decode
4217,payload,4159995,1,caught,1,decode
4218,bit_flip,1380388,1,caught,1,decode
4219,random_bytes,1647223,11,caught,1,decode
4220,zeroed_run,732895,1864,caught,1,decode
4221,truncation,270431,5405342,caught,1,decode
4222,header,711,1,caught,1,decode
4223,payload,5447267,1,caught,1,decode
4224,bit_flip,3936511,1,caught,1,decode
4225,random_bytes,4634179,4,caught,1,decode
4226,zeroed_run,4691643,3744,caught,1,decode
4227,truncation,2193331,3482442,caught,1,decode
4228,header,369,1,caught,1,decode
4229,payload,46990,1,caught,1,decode
4230,bit_flip,3625510,1,caught,1,decode
4231,random_bytes,345530,14,caught,1,decode
4232,zeroed_run,2703057,2801,caught,1,decode
4233,truncation,32436,5643337,caught,1,decode
4234,header,288,1,caught,1,decode
4235,payload,2925827,1,caught,1,decode
4236,bit_flip,857127,1,caught,1,decode
4237,random_bytes,418810,9,caught,1,decode
4238,zeroed_run,1876996,3965,caught,1,decode
4239,truncation,4778622,897151,caught,1,decode
4240,header,366,1,caught,1,decode
4241,payload,2910697,1,caught,1,decode
4242,bit_flip,326022,1,caught,1,decode
4243,random_bytes,4622480,11,caught,1,decode
4244,zeroed_run,654463,2617,caught,1,decode
4245,truncation,4615710,1060063,caught,1,decode
4246,header,36,1,caught,1,decode
4247,payload,3016721,1,caught,1,decode
4248,bit_flip,3948503,1,caught,1,decode
4249,random_bytes,1949786,8,caught,1,decode
4250,zeroed_run,1602223,3019,caught,1,decode
4251,truncation,4380630,1295143,caught,1,decode
4252,header,305,1,caught,1,decode
4253,payload,1054051,1,caught,1,decode
4254,bit_flip,5288497,1,caught,1,decode
4255,random_bytes,3310363,5,caught,1,decode
4256,zeroed_run,238473,2190,caught,1,decode
4257,truncation,3847736,1828037,caught,1,decode
4258,header,148,1,caught,1,decode
4259,payload,1985153,1,caught,1,decode
4260,bit_flip,1187677,1,caught,1,decode
4261,random_bytes,1571238,11,caught,1,decode
4262,zeroed_run,2062304,2940,caught,1,decode
4263,truncation,2265823,3409950,caught,1,decode
4264,header,541,1,caught,1,decode
4265,payload,1771000,1,caught,1,decode
4266,bit_flip,1461228,1,caught,1,decode
4267,random_bytes,2128874,8,caught,1,decode
4268,zeroed_run,2409073,2083,caught,1,decode
4269,truncation,2065916,3609857,caught,1,decode
4270,header,666,1,caught,1,decode
4271,payload,2694058,1,caught,1,decode
4272,bit_flip,4769989,1,caught,1,decode
4273,random_bytes,2237460,11,caught,1,decode
4274,zeroed_run,3073359,2590,caught,1,decode
4275,truncation,4041801,1633972,caught,1,decode
4276,header,214,1,caught,1,decode
4277,payload,2324564,1,caught,1,decode
4278,bit_flip,5484362,1,caught,1,decode
4279,random_bytes,2292512,5,caught,1,decode
4280,zeroed_run,1847649,3305,caught,1,decode
4281,truncation,2100488,3575285,caught,1,decode
4282,header,256,1,caught,1,decode
4283,payload,4029464,1,caught,1,decode
4284,bit_flip,3678162,1,caught,1,decode
4285,random_bytes,2734999,4,caught,1,decode
4286,zeroed_run,5234026,644,caught,1,decode
4287,truncation,974278,4701495,caught,1,decode
4288,header,838,1,caught,1,decode
4289,payload,4280904,1,caught,1,decode
4290,bit_flip,1396900,1,caught,1,decode
4291,random_bytes,1259558,3,caught,1,decode
4292,zeroed_run,4941096,1271,caught,1,decode
4293,truncation,4413514,1262259,caught,1,decode
4294,header,304,1,caught,1,decode
4295,payload,650820,1,caught,1,decode
4296,bit_flip,2738576,1,caught,1,decode
4297,random_bytes,3707675,11,caught,1,decode
4298,zeroed_run,1955138,1516,caught,1,decode
4299,truncation,3780709,1895064,caught,1,decode
4300,header,877,1,caught,1,decode
4301,payload,1083289,1,caught,1,decode
4302,bit_flip,2807572,1,caught,1,decode
4303,random_bytes,385572,6,caught,1,decode
4304,zeroed_run,1815101,375,caught,1,decode
4305,truncation,5659455,16318,caught,1,decode
4306,header,958,1,caught,1,decode
4307,payload,441153,1,caught,1,decode
4308,bit_flip,765414,1,caught,1,decode
4309,random_bytes,2607456,12,caught,1,decode
4310,zeroed_run,2741208,1657,caught,1,decode
4311,truncation,4316547,1359226,caught,1,decode
4312,header,979,1,caught,1,decode
4313,payload,2758962,1,caught,1,decode
4314,bit_flip,3371121,1,caught,1,decode
4315,random_bytes,4670154,9,caught,1,decode
4316,zeroed_run,3339546,753,caught,1,decode
4317,truncation,1236109,4439664,caught,1,decode
4318,header,560,1,caught,1,decode
4319,payload,4917060,1,caught,1,decode
4320,bit_flip,744625,1,caught,1,decode
4321,random_bytes,4325302,6,caught,1,decode
4322,zeroed_run,3038684,3248,caught,1,decode
4323,truncation,1433596,4242177,caught,1,decode
4324,header,528,1,caught,1,decode
4325,payload,3159357,1,caught,1,decode
4326,bit_flip,4641842,1,caught,1,decode
4327,random_bytes,4663071,15,caught,1,decode
4328,zeroed_run,1598007,4026,caught,1,decode
4329,truncation,5447383,228390,caught,1,decode
4330,header,312,1,caught,1,decode
4331,payload,2922746,1,caught,1,decode
4332,bit_flip,1949295,1,caught,1,decode
4333,random_bytes,64363,7,caught,1,decode
4334,zeroed_run,784364,962,caught,1,decode
4335,truncation,3146778,2528995,caught,1,decode
4336,header,632,1,caught,1,decode
4337,payload,2158331,1,caught,1,decode
4338,bit_flip,1522739,1,caught,1,decode
4339,random_bytes,2322720,10,caught,1,decode
4340,zeroed_run,3458214,563,caught,1,decode
4341,truncation,248951,5426822,caught,1,decode
4342,header,150,1,caught,1,decode
4343,payload,5635462,1,caught,1,decode
4344,bit_flip,3262398,1,caught,1,decode
4345,random_bytes,1741584,2,caught,1,decode
4346,zeroed_run,3319808,463,caught,1,decode
4347,truncation,2188205,3487568,caught,1,decode
4348,header,538,1,caught,1,decode
4349,payload,4046939,1,caught,1,decode
4350,bit_flip,2211348,1,caught,1,decode
4351,random_bytes,1770661,1,caught,1,decode
4352,zeroed_run,430617,2731,caught,1,decode
4353,truncation,467789,5207984,caught,1,decode
4354,header,312,1,caught,1,decode
4355,payload,3198107,1,caught,1,decode
4356,bit_flip,1010304,1,caught,1,decode
4357,random_bytes,3904736,5,caught,1,decode
4358,zeroed_run,4136894,1641,caught,1,decode
4359,truncation,1160409,4515364,caught,1,decode
4360,header,520,1,caught,1,decode
4361,payload,1156421,1,caught,1,decode
4362,bit_flip,2315377,1,caught,1,decode
4363,random_bytes,2521577,15,caught,1,decode
4364,zeroed_run,4980288,2906,caught,1,decode
4365,truncation,3142984,2532789,caught,1,decode
4366,header,916,1,caught,1,decode
4367,payload,1219727,1,caught,1,decode
4368,bit_flip,2576928,1,caught,1,decode
4369,random_bytes,3472925,12,caught,1,decode
4370,zeroed_run,3120538,1760,caught,1,decode
4371,truncation,1698405,3977368,caught,1,decode
4372,header,835,1,caught,1,decode
4373,payload,3248728,1,caught,1,decode
4374,bit_flip,747215,1,caught,1,decode
4375,random_bytes,2908437,5,caught,1,decode
4376,zeroed_run,2559273,1349,caught,1,decode
4377,truncation,5011747,664026,caught,1,decode
4378,header,881,1,caught,1,decode
4379,payload,3504534,1,caught,1,decode
4380,bit_flip,4011477,1,caught,1,decode
4381,random_bytes,5080829,7,caught,1,decode
4382,zeroed_run,426561,3063,caught,1,decode
4383,truncation,4090070,1585703,caught,1,decode
4384,header,190,1,caught,1,decode
4385,payload,2023536,1,caught,1,decode
4386,bit_flip,1375941,1,caught,1,decode
4387,random_bytes,3856820,10,caught,1,decode
4388,zeroed_run,4505463,3413,caught,1,decode
4389,truncation,3145390,2530383,caught,1,decode
4390,header,811,1,caught,1,decode
4391,payload,2333485,1,caught,1,decode
4392,bit_flip,2263470,1,caught,1,decode
4393,random_bytes,5021973,3,caught,1,decode
4394,zeroed_run,1479325,3342,caught,1,decode
4395,truncation,5125083,550690,caught,1,decode
4396,header,307,1,caught,1,decode
4397,payload,403317,1,caught,1,decode
4398,bit_flip,2177900,1,caught,1,decode
4399,random_bytes,2153337,6,caught,1,decode
4400,zeroed_run,2472454,384,caught,1,decode
4401,truncation,3460263,2215510,caught,1,decode
4402,header,857,1,caught,1,decode
4403,payload,2436160,1,caught,1,decode
4404,bit_flip,1160977,1,caught,1,decode
4405,random_bytes,3582853,7,caught,1,decode
4406,zeroed_run,3734547,4029,caught,1,decode
4407,truncation,3111726,2564047,caught,1,decode
4408,header,720,1,caught,1,decode
4409,payload,321771,1,caught,1,decode
4410,bit_flip,4031147,1,caught,1,decode
4411,random_bytes,3593453,12,caught,1,decode
4412,zeroed_run,3232378,2622,caught,1,decode
4413,truncation,1372082,4303691,caught,1,decode
4414,header,420,1,caught,1,decode
4415,payload,2444955,1,caught,1,decode
4416,bit_flip,1773385,1,caught,1,decode
4417,random_bytes,2174617,10,caught,1,decode
4418,zeroed_run,1353629,1027,caught,1,decode
4419,truncation,423652,5252121,caught,1,decode
4420,header,1,1,caught,1,decode
4421,payload,5185619,1,caught,1,decode
4422,bit_flip,4689614,1,caught,1,decode
4423,random_bytes,4361012,1,caught,1,decode
4424,zeroed_run,3643616,1833,caught,1,decode
4425,truncation,4494890,1180883,caught,1,decode
4426,header,357,1,caught,1,decode
4427,payload,5370789,1,caught,1,decode
4428,bit_flip,2749860,1,caught,1,decode
4429,random_bytes,2147942,9,caught,1,decode
4430,zeroed_run,448031,2479,caught,1,decode
4431,truncation,1770027,3905746,caught,1,decode
4432,header,947,1,caught,1,decode
4433,payload,1021048,1,caught,1,decode
4434,bit_flip,1114693,1,caught,1,decode
4435,random_bytes,2530120,6,caught,1,decode
4436,zeroed_run,2160411,3793,caught,1,decode
4437,truncation,1383104,4292669,caught,1,decode
4438,header,826,1,caught,1,decode
4439,payload,2846885,1,caught,1,decode
4440,bit_flip,3309544,1,caught,1,decode
4441,random_bytes,4446401,11,caught,1,decode
4442,zeroed_run,584695,3855,caught,1,decode
4443,truncation,2355328,3320445,caught,1,decode
4444,header,800,1,caught,1,decode
4445,payload,3836878,1,caught,1,decode
4446,bit_flip,5636398,1,caught,1,decode
4447,random_bytes,3385390,5,caught,1,decode
4448,zeroed_run,2564978,3604,caught,1,decode
4449,truncation,5433819,241954,caught,1,decode
4450,header,490,1,caught,1,decode
4451,payload,4427892,1,caught,1,decode
4452,bit_flip,656734,1,caught,1,decode
4453,random_bytes,3571383,12,caught,1,decode
4454,zeroed_run,2281964,2293,caught,1,decode
4455,truncation,5451025,224748,caught,1,decode
4456,header,416,1,caught,1,decode
4457,payload,2883200,1,caught,1,decode
4458,bit_flip,3743494,1,caught,1,decode
4459,random_bytes,198394,9,caught,1,decode
4460,zeroed_run,1165202,1922,caught,1,decode
4461,truncation,4373366,1302407,caught,1,decode
4462,header,467,1,caught,1,decode
4463,payload,3899627,1,caught,1,decode
4464,bit_flip,758965,1,caught,1,decode
4465,random_bytes,2994819,12,caught,1,decode
4466,zeroed_run,2343565,3102,caught,1,decode
4467,truncation,1406041,4269732,caught,1,decode
4468,header,392,1,caught,1,decode
4469,payload,383764,1,caught,1,decode
4470,bit_flip,779092,1,caught,1,decode
4471,random_bytes,1892438,9,caught,1,decode
4472,zeroed_run,1217020,17,caught,1,decode
4473,truncation,4042052,1633721,caught,1,decode
4474,header,203,1,caught,1,decode
4475,payload,270649,1,caught,1,decode
4476,bit_flip,1917618,1,caught,1,decode
4477,random_bytes,728229,3,caught,1,decode
4478,zeroed_run,5348281,682,caught,1,decode
4479,truncation,1573959,4101814,caught,1,decode
4480,header,751,1,caught,1,decode
4481,payload,2200777,1,caught,1,decode
4482,bit_flip,5371161,1,caught,1,decode
4483,random_bytes,2416892,12,caught,1,decode
4484,zeroed_run,3997745,3033,caught,1,decode
4485,truncation,1316150,4359623,caught,1,decode
4486,header,463,1,caught,1,decode
4487,payload,1664971,1,caught,1,decode
4488,bit_flip,3475677,1,caught,1,decode
4489,random_bytes,798513,7,caught,1,decode
4490,zeroed_run,2871120,2792,caught,1,decode
4491,truncation,5448342,227431,caught,1,decode
4492,header,525,1,caught,1,decode
4493,payload,5478597,1,caught,1,decode
4494,bit_flip,4366411,1,caught,1,decode
4495,random_bytes,1763024,12,caught,1,decode
4496,zeroed_run,5261306,1056,caught,1,decode
4497,truncation,5672904,2869,caught,1,decode
4498,header,599,1,caught,1,decode
4499,payload,866779,1,caught,1,decode
4500,bit_flip,1328722,1,caught,1,decode
4501,random_bytes,3696962,5,caught,1,decode
4502,zeroed_run,2475439,856,caught,1,decode
4503,truncation,4972018,703755,caught,1,decode
4504,header,251,1,caught,1,decode
4505,payload,3235516,1,caught,1,decode
4506,bit_flip,4300538,1,caught,1,decode
4507,random_bytes,2780808,9,caught,1,decode
4508,zeroed_run,5201964,1004,caught,1,decode
4509,truncation,2208209,3467564,caught,1,decode
4510,header,400,1,caught,1,decode
4511,payload,424152,1,caught,1,decode
4512,bit_flip,2225113,1,caught,1,decode
4513,random_bytes,3284975,4,caught,1,decode
4514,zeroed_run,5459787,3880,caught,1,decode
4515,truncation,1811603,3864170,caught,1,decode
4516,header,176,1,caught,1,decode
4517,payload,4975839,1,caught,1,decode
4518,bit_flip,732698,1,caught,1,decode
4519,random_bytes,4993369,13,caught,1,decode
4520,zeroed_run,3131204,640,caught,1,decode
4521,truncation,3307813,2367960,caught,1,decode
4522,header,523,1,caught,1,decode
4523,payload,816233,1,caught,1,decode
4524,bit_flip,295654,1,caught,1,decode
4525,random_bytes,3814711,10,caught,1,decode
4526,zeroed_run,2507524,998,caught,1,decode
4527,truncation,3785544,1890229,caught,1,decode
4528,header,985,1,caught,1,decode
4529,payload,3866954,1,caught,1,decode
4530,bit_flip,5456470,1,caught,1,decode
4531,random_bytes,591349,9,caught,1,decode
4532,zeroed_run,483048,3517,caught,1,decode
4533,truncation,3452015,2223758,caught,1,decode
4534,header,293,1,caught,1,decode
4535,payload,4812356,1,caught,1,decode
4536,bit_flip,1311603,1,caught,1,decode
4537,random_bytes,3288282,6,caught,1,decode
4538,zeroed_run,2730820,849,caught,1,decode
4539,truncation,4704813,970960,caught,1,decode
4540,header,845,1,caught,1,decode
4541,payload,3276603,1,caught,1,decode
4542,bit_flip,534,1,caught,1,decode
4543,random_bytes,4632895,1,caught,1,decode
4544,zeroed_run,1999636,1360,caught,1,decode
4545,truncation,4687244,988529,caught,1,decode
4546,header,918,1,caught,1,decode
4547,payload,1158197,1,caught,1,decode
4548,bit_flip,2784839,1,caught,1,decode
4549,random_bytes,497832,13,caught,1,decode
4550,zeroed_run,5412846,1749,caught,1,decode
4551,truncation,3120692,2555081,caught,1,decode
4552,header,747,1,caught,1,decode
4553,payload,1713275,1,caught,1,decode
4554,bit_flip,4550956,1,caught,1,decode
4555,random_bytes,2051754,1,caught,1,decode
4556,zeroed_run,3352637,310,caught,1,decode
4557,truncation,1637333,4038440,caught,1,decode
4558,header,948,1,caught,1,decode
4559,payload,2334434,1,caught,1,decode
4560,bit_flip,4585568,1,caught,1,decode
4561,random_bytes,248276,14,caught,1,decode
4562,zeroed_run,4747892,375,caught,1,decode
4563,truncation,5027975,647798,caught,1,decode
4564,header,564,1,caught,1,decode
4565,payload,2625001,1,caught,1,decode
4566,bit_flip,431931,1,caught,1,decode
4567,random_bytes,3101247,2,caught,1,decode
4568,zeroed_run,5372722,3979,caught,1,decode
4569,truncation,535728,5140045,caught,1,decode
4570,header,377,1,caught,1,decode
4571,payload,5433659,1,caught,1,decode
4572,bit_flip,3710712,1,caught,1,decode
4573,random_bytes,3187908,2,caught,1,decode
4574,zeroed_run,1831349,1627,caught,1,decode
4575,truncation,1742619,3933154,caught,1,decode
4576,header,438,1,caught,1,decode
4577,payload,3917273,1,caught,1,decode
4578,bit_flip,853309,1,caught,1,decode
4579,random_bytes,562012,4,caught,1,decode
4580,zeroed_run,4764183,2073,caught,1,decode
4581,truncation,5271591,404182,caught,1,decode
4582,header,887,1,caught,1,decode
4583,payload,3334452,1,caught,1,decode
4584,bit_flip,5310297,1,caught,1,decode
4585,random_bytes,94973,12,caught,1,decode
4586,zeroed_run,2397387,805,caught,1,decode
4587,truncation,3892912,1782861,caught,1,decode
4588,header,170,1,caught,1,decode
4589,payload,2704110,1,caught,1,decode
4590,bit_flip,864,1,caught,1,decode
4591,random_bytes,1961536,6,caught,1,decode
4592,zeroed_run,465773,1709,caught,1,decode
4593,truncation,329943,5345830,caught,1,decode
4594,header,815,1,caught,1,decode
4595,payload,1241583,1,caught,1,decode
4596,bit_flip,3866215,1,caught,1,decode
4597,random_bytes,1045636,1,caught,1,decode
4598,zeroed_run,2822995,3429,caught,1,decode
4599,truncation,5025021,650752,caught,1,decode
4600,header,245,1,caught,1,decode
4601,payload,119040,1,caught,1,decode
4602,bit_flip,3355497,1,caught,1,decode
4603,random_bytes,4586357,7,caught,1,decode
4604,zeroed_run,2333985,1682,caught,1,decode
4605,truncation,5341440,334333,caught,1,decode
4606,header,452,1,caught,1,decode
4607,payload,3371123,1,caught,1,decode
4608,bit_flip,1968500,1,caught,1,decode
4609,random_bytes,462587,14,caught,1,decode
4610,zeroed_run,3688512,1465,caught,1,decode
4611,truncation,3907672,1768101,caught,1,decode
4612,header,835,1,caught,1,decode
4613,payload,5075488,1,caught,1,decode
4614,bit_flip,523013,1,caught,1,decode
4615,random_bytes,5070948,5,caught,1,decode
4616,zeroed_run,1749858,1548,caught,1,decode
4617,truncation,3533339,2142434,caught,1,decode
4618,header,754,1,caught,1,decode
4619,payload,2793398,1,caught,1,decode
4620,bit_flip,5314136,1,caught,1,decode
4621,random_bytes,1878113,11,caught,1,decode
4622,zeroed_run,2732631,2920,caught,1,decode
4623,truncation,812340,4863433,caught,1,decode
4624,header,91,1,caught,1,decode
4625,payload,2880363,1,caught,1,decode
4626,bit_flip,1464967,1,caught,1,decode
4627,random_bytes,3700533,15,caught,1,decode
4628,zeroed_run,994728,640,caught,1,decode
4629,truncation,3456552,2219221,caught,1,decode
4630,header,814,1,caught,1,decode
4631,payload,1150903,1,caught,1,decode
4632,bit_flip,2058405,1,caught,1,decode
4633,random_bytes,2608229,13,caught,1,decode
4634,zeroed_run,5078923,467,caught,1,decode
4635,truncation,4558633,1117140,caught,1,decode
4636,header,135,1,caught,1,decode
4637,payload,2550532,1,caught,1,decode
4638,bit_flip,924768,1,caught,1,decode
4639,random_bytes,2035008,10,caught,1,decode
4640,zeroed_run,5380329,1984,caught,1,decode
4641,truncation,693050,4982723,caught,1,decode
4642,header,259,1,caught,1,decode
4643,payload,1075319,1,caught,1,decode
4644,bit_flip,612296,1,caught,1,decode
4645,random_bytes,4391326,7,caught,1,decode
4646,zeroed_run,5179604,685,caught,1,decode
4647,truncation,621807,5053966,caught,1,decode
4648,header,966,1,caught,1,decode
4649,payload,5628356,1,caught,1,decode
4650,bit_flip,4875610,1,caught,1,decode
4651,random_bytes,2808707,1,caught,1,decode
4652,zeroed_run,343245,3735,caught,1,decode
4653,truncation,3588664,2087109,caught,1,decode
4654,header,563,1,caught,1,decode
4655,payload,924787,1,caught,1,decode
4656,bit_flip,5431416,1,caught,1,decode
4657,random_bytes,1244315,1,caught,1,decode
4658,zeroed_run,1015847,2048,caught,1,decode
4659,truncation,1486868,4188905,caught,1,decode
4660,header,567,1,caught,1,decode
4661,payload,5387409,1,caught,1,decode
4662,bit_flip,388708,1,caught,1,decode
4663,random_bytes,4345418,15,caught,1,decode
4664,zeroed_run,1261656,701,caught,1,decode
4665,truncation,1785887,3889886,caught,1,decode
4666,header,30,1,caught,1,decode
4667,payload,4647857,1,caught,1,decode
4668,bit_flip,2507034,1,caught,1,decode
4669,random_bytes,5268878,10,caught,1,decode
4670,zeroed_run,771918,1599,caught,1,decode
4671,truncation,187984,5487789,caught,1,decode
4672,header,356,1,caught,1,decode
4673,payload,2308945,1,caught,1,decode
4674,bit_flip,3796724,1,caught,1,decode
4675,random_bytes,3747003,1,caught,1,decode
4676,zeroed_run,3134870,3024,caught,1,decode
4677,truncation,3230201,2445572,caught,1,decode
4678,header,533,1,caught,1,decode
4679,payload,4311568,1,caught,1,decode
4680,bit_flip,4250405,1,caught,1,decode
4681,random_bytes,3542556,9,caught,1,decode
4682,zeroed_run,3268119,2952,caught,1,decode
4683,truncation,320926,5354847,caught,1,decode
4684,header,649,1,caught,1,decode
4685,payload,3122960,1,caught,1,decode
4686,bit_flip,3125090,1,caught,1,decode
4687,random_bytes,117647,11,caught,1,decode
4688,zeroed_run,5583552,3894,caught,1,decode
4689,truncation,758461,4917312,caught,1,decode
4690,header,161,1,caught,1,decode
4691,payload,263470,1,caught,1,decode
4692,bit_flip,2148062,1,caught,1,decode
4693,random_bytes,21648,1,caught,1,decode
4694,zeroed_run,5575750,222,caught,1,decode
4695,truncation,4206870,1468903,caught,1,decode
4696,header,894,1,caught,1,decode
4697,payload,257471,1,caught,1,decode
4698,bit_flip,407876,1,caught,1,decode
4699,random_bytes,4756006,16,caught,1,decode
4700,zeroed_run,2613558,1638,caught,1,decode
4701,truncation,5437909,237864,caught,1,decode
4702,header,32,1,caught,1,decode
4703,payload,5566310,1,caught,1,decode
4704,bit_flip,324437,1,caught,1,decode
4705,random_bytes,3589998,5,caught,1,decode
4706,zeroed_run,1286418,1754,caught,1,decode
4707,truncation,2901132,2774641,caught,1,decode
4708,header,928,1,caught,1,decode
4709,payload,3477325,1,caught,1,decode
4710,bit_flip,3344717,1,caught,1,decode
4711,random_bytes,1360809,7,caught,1,decode
4712,zeroed_run,5430910,3221,caught,1,decode
4713,truncation,280333,5395440,caught,1,decode
4714,header,375,1,caught,1,decode
4715,payload,345026,1,caught,1,decode
4716,bit_flip,1754254,1,caught,1,decode
4717,random_bytes,4597007,16,caught,1,decode
4718,zeroed_run,926366,2553,caught,1,decode
4719,truncation,2326247,3349526,caught,1,decode
4720,header,539,1,caught,1,decode
4721,payload,4006060,1,caught,1,decode
4722,bit_flip,343862,1,caught,1,decode
4723,random_bytes,1592186,13,caught,1,decode
4724,zeroed_run,2239196,2041,caught,1,decode
4725,truncation,3277961,2397812,caught,1,decode
4726,header,180,1,caught,1,decode
4727,payload,2221773,1,caught,1,decode
4728,bit_flip,4761226,1,caught,1,decode
4729,random_bytes,3930010,9,caught,1,decode
4730,zeroed_run,5611710,3880,caught,1,decode
4731,truncation,4751693,924080,caught,1,decode
4732,header,430,1,caught,1,decode
4733,payload,1335869,1,caught,1,decode
4734,bit_flip,3600969,1,caught,1,decode
4735,random_bytes,4640198,11,caught,1,decode
4736,zeroed_run,2927135,1912,caught,1,decode
4737,truncation,4126134,1549639,caught,1,decode
4738,header,898,1,caught,1,decode
4739,payload,524161,1,caught,1,decode
4740,bit_flip,320633,1,caught,1,decode
4741,random_bytes,3600791,14,caught,1,decode
4742,zeroed_run,3349004,1682,caught,1,decode
4743,truncation,5663429,12344,caught,1,decode
4744,header,949,1,caught,1,decode
4745,payload,1084234,1,caught,1,decode
4746,bit_flip,654158,1,caught,1,decode
4747,random_bytes,2004249,10,caught,1,decode
4748,zeroed_run,2636285,3834,caught,1,decode
4749,truncation,3572133,2103640,caught,1,decode
4750,header,2,1,caught,1,decode
4751,payload,339539,1,caught,1,decode
4752,bit_flip,178946,1,caught,1,decode
4753,random_bytes,556726,13,caught,1,decode
4754,zeroed_run,1785787,1774,caught,1,decode
4755,truncation,1024994,4650779,caught,1,decode
4756,header,973,1,caught,1,decode
4757,payload,2905716,1,caught,1,decode
4758,bit_flip,5497073,1,caught,1,decode
4759,random_bytes,3162480,12,caught,1,decode
4760,zeroed_run,4958,1221,caught,1,decode
4761,truncation,5670580,5193,caught,1,decode
4762,header,526,1,caught,1,decode
4763,payload,1388133,1,caught,1,decode
4764,bit_flip,3865156,1,caught,1,decode
4765,random_bytes,633220,12,caught,1,decode
4766,zeroed_run,1478594,2382,caught,1,decode
4767,truncation,704998,4970775,caught,1,decode
4768,header,970,1,caught,1,decode
4769,payload,4802523,1,caught,1,decode
4770,bit_flip,624100,1,caught,1,decode
4771,random_bytes,4488623,13,caught,1,decode
4772,zeroed_run,550286,3667,caught,1,decode
4773,truncation,4096647,1579126,caught,1,decode
4774,header,240,1,caught,1,decode
4775,payload,301703,1,caught,1,decode
4776,bit_flip,3408957,1,caught,1,decode
4777,random_bytes,4296884,7,caught,1,decode
4778,zeroed_run,789266,2373,caught,1,decode
4779,truncation,4769887,905886,caught,1,decode
4780,header,315,1,caught,1,decode
4781,payload,2330661,1,caught,1,decode
4782,bit_flip,1739013,1,caught,1,decode
4783,random_bytes,40148,8,caught,1,decode
4784,zeroed_run,2053112,1182,caught,1,decode
4785,truncation,5245550,430223,caught,1,decode
4786,header,420,1,caught,1,decode
4787,payload,1406761,1,caught,1,decode
4788,bit_flip,3290301,1,caught,1,decode
4789,random_bytes,1960192,3,caught,1,decode
4790,zeroed_run,3513759,1212,caught,1,decode
4791,truncation,628358,5047415,caught,1,decode
4792,header,244,1,caught,1,decode
4793,payload,4969412,1,caught,1,decode
4794,bit_flip,4512889,1,caught,1,decode
4795,random_bytes,2934312,2,caught,1,decode
4796,zeroed_run,505570,1463,caught,1,decode
4797,truncation,3185528,2490245,caught,1,decode
4798,header,377,1,caught,1,decode
4799,payload,4975718,1,caught,1,decode
4800,bit_flip,2399722,1,caught,1,decode
4801,random_bytes,3842399,7,caught,1,decode
4802,zeroed_run,4823691,984,caught,1,decode
4803,truncation,2431051,3244722,caught,1,decode
4804,header,396,1,caught,1,decode
4805,payload,5019314,1,caught,1,decode
4806,bit_flip,496208,1,caught,1,decode
4807,random_bytes,2559962,3,caught,1,decode
4808,zeroed_run,3569768,753,caught,1,decode
4809,truncation,4549220,1126553,caught,1,decode
4810,header,667,1,caught,1,decode
4811,payload,3947179,1,caught,1,decode
4812,bit_flip,71029,1,caught,1,decode
4813,random_bytes,2791319,10,caught,1,decode
4814,zeroed_run,849220,1844,caught,1,decode
4815,truncation,4426424,1249349,caught,1,decode
4816,header,492,1,caught,1,decode
4817,payload,5267274,1,caught,1,decode
4818,bit_flip,4675909,1,caught,1,decode
4819,random_bytes,5103756,2,caught,1,decode
4820,zeroed_run,5055832,3129,caught,1,decode
4821,truncation,385141,5290632,caught,1,decode
4822,header,310,1,caught,1,decode
4823,payload,651119,1,caught,1,decode
4824,bit_flip,1487728,1,caught,1,decode
4825,random_bytes,1942705,1,caught,1,decode
4826,zeroed_run,2732243,43,caught,1,decode
4827,truncation,945743,4730030,caught,1,decode
4828,header,332,1,caught,1,decode
4829,payload,2640158,1,caught,1,decode
4830,bit_flip,4605701,1,caught,1,decode
4831,random_bytes,2441197,4,caught,1,decode
4832,zeroed_run,5328228,3371,caught,1,decode
4833,truncation,4563274,1112499,caught,1,decode
4834,header,872,1,caught,1,decode
4835,payload,771229,1,caught,1,decode
4836,bit_flip,3623868,1,caught,1,decode
4837,random_bytes,948075,7,caught,1,decode
4838,zeroed_run,2232364,1849,caught,1,decode
4839,truncation,75664,5600109,caught,1,decode
4840,header,776,1,caught,1,decode
4841,payload,5640200,1,caught,1,decode
4842,bit_flip,3541057,1,caught,1,decode
4843,random_bytes,260606,8,caught,1,decode
4844,zeroed_run,3127476,3220,caught,1,decode
4845,truncation,5142782,532991,caught,1,decode
4846,header,481,1,caught,1,decode
4847,payload,3136696,1,caught,1,decode
4848,bit_flip,4760078,1,caught,1,decode
4849,random_bytes,3359203,3,caught,1,decode
4850,zeroed_run,1296942,2772,caught,1,decode
4851,truncation,1956738,3719035,caught,1,decode
4852,header,166,1,caught,1,decode
4853,payload,2293313,1,caught,1,decode
4854,bit_flip,4588149,1,caught,1,decode
4855,random_bytes,3846326,13,caught,1,decode
4856,zeroed_run,3251584,3096,caught,1,decode
4857,truncation,2615194,3060579,caught,1,decode
4858,header,312,1,caught,1,decode
4859,payload,3550775,1,caught,1,decode
4860,bit_flip,993685,1,caught,1,decode
4861,random_bytes,4451293,4,caught,1,decode
4862,zeroed_run,1676152,2295,caught,1,decode
4863,truncation,4661213,1014560,caught,1,decode
4864,header,994,1,caught,1,decode
4865,payload,4380493,1,caught,1,decode
4866,bit_flip,3659193,1,caught,1,decode
4867,random_bytes,2443543,5,caught,1,decode
4868,zeroed_run,2561971,3158,caught,1,decode
4869,truncation,1634755,4041018,caught,1,decode
4870,header,27,1,caught,1,decode
4871,payload,1887266,1,caught,1,decode
4872,bit_flip,3662088,1,caught,1,decode
4873,random_bytes,1885204,10,caught,1,decode
4874,zeroed_run,3257467,525,caught,1,decode
4875,truncation,1219842,4455931,caught,1,decode
4876,header,164,1,caught,1,decode
4877,payload,559256,1,caught,1,decode
4878,bit_flip,4286543,1,caught,1,decode
4879,random_bytes,453627,2,caught,1,decode
4880,zeroed_run,3548349,299,caught,1,decode
4881,truncation,1944007,3731766,caught,1,decode
4882,header,157,1,caught,1,decode
4883,payload,1036075,1,caught,1,decode
4884,bit_flip,772969,1,caught,1,decode
4885,random_bytes,622082,13,caught,1,decode
4886,zeroed_run,1892680,272,caught,1,decode
4887,truncation,2495580,3180193,caught,1,decode
4888,header,721,1,caught,1,decode
4889,payload,2077322,1,caught,1,decode
4890,bit_flip,221407,1,caught,1,decode
4891,random_bytes,4589097,9,caught,1,decode
4892,zeroed_run,496800,1020,caught,1,decode
4893,truncation,823274,4852499,caught,1,decode
4894,header,141,1,caught,1,decode
4895,payload,2820498,1,caught,1,decode
4896,bit_flip,4599206,1,caught,1,decode
4897,random_bytes,1470724,5,caught,1,decode
4898,zeroed_run,667318,3732,caught,1,decode
4899,truncation,5304041,371732,caught,1,decode
4900,header,643,1,caught,1,decode
4901,payload,2925309,1,caught,1,decode
4902,bit_flip,4264008,1,caught,1,decode
4903,random_bytes,1257036,1,caught,1,decode
4904,zeroed_run,3628046,2241,caught,1,decode
4905,truncation,2781174,2894599,caught,1,decode
4906,header,239,1,caught,1,decode
4907,payload,2413618,1,caught,1,decode
4908,bit_flip,5317731,1,caught,1,decode
4909,random_bytes,3830822,15,caught,1,decode
4910,zeroed_run,4341042,1665,caught,1,decode
4911,truncation,1064211,4611562,caught,1,decode
4912,header,276,1,caught,1,decode
4913,payload,5600885,1,caught,1,decode
4914,bit_flip,3951275,1,caught,1,decode
4915,random_bytes,5015801,1,caught,1,decode
4916,zeroed_run,2514226,703,caught,1,decode
4917,truncation,5047376,628397,caught,1,decode
4918,header,49,1,caught,1,decode
4919,payload,4570677,1,caught,1,decode
4920,bit_flip,3633767,1,caught,1,decode
4921,random_bytes,5401582,2,caught,1,decode
4922,zeroed_run,4774756,1722,caught,1,decode
4923,truncation,3950205,1725568,caught,1,decode
4924,header,161,1,caught,1,decode
4925,payload,3939892,1,caught,1,decode
4926,bit_flip,2722828,1,caught,1,decode
4927,random_bytes,3991936,16,caught,1,decode
4928,zeroed_run,3642444,2103,caught,1,decode
4929,truncation,2416659,3259114,caught,1,decode
4930,header,84,1,caught,1,decode
4931,payload,1714296,1,caught,1,decode
4932,bit_flip,3124752,1,caught,1,decode
4933,random_bytes,3160615,5,caught,1,decode
4934,zeroed_run,5128144,1878,caught,1,decode
4935,truncation,1860131,3815642,caught,1,decode
4936,header,57,1,caught,1,decode
4937,payload,3295024,1,caught,1,decode
4938,bit_flip,3927028,1,caught,1,decode
4939,random_bytes,3385785,1,caught,1,decode
4940,zeroed_run,4246787,2251,caught,1,decode
4941,truncation,2731376,2944397,caught,1,decode
4942,header,1006,1,caught,1,decode
4943,payload,4137487,1,caught,1,decode
4944,bit_flip,931082,1,caught,1,decode
4945,random_bytes,1308642,6,caught,1,decode
4946,zeroed_run,3370989,2768,caught,1,decode
4947,truncation,1755579,3920194,caught,1,decode
4948,header,568,1,caught,1,decode
4949,payload,1119422,1,caught,1,decode
4950,bit_flip,4307834,1,caught,1,decode
4951,random_bytes,5649838,8,caught,1,decode
4952,zeroed_run,3660517,3155,caught,1,decode
4953,truncation,3918828,1756945,caught,1,decode
4954,header,681,1,caught,1,decode
4955,payload,5294178,1,caught,1,decode
4956,bit_flip,1997073,1,caught,1,decode
4957,random_bytes,4551365,15,caught,1,decode
4958,zeroed_run,3607673,2660,caught,1,decode
4959,truncation,1920509,3755264,caught,1,decode
4960,header,948,1,caught,1,decode
4961,payload,1813305,1,caught,1,decode
4962,bit_flip,1383718,1,caught,1,decode
4963,random_bytes,3630090,10,caught,1,decode
4964,zeroed_run,1871972,288,caught,1,decode
4965,truncation,719500,4956273,caught,1,decode
4966,header,568,1,caught,1,decode
4967,payload,4074395,1,caught,1,decode
4968,bit_flip,2870705,1,caught,1,decode
4969,random_bytes,5512791,3,caught,1,decode
4970,zeroed_run,1700773,3496,caught,1,decode
4971,truncation,3991906,1683867,caught,1,decode
4972,header,87,1,caught,1,decode
4973,payload,1663684,1,caught,1,decode
4974,bit_flip,2332335,1,caught,1,decode
4975,random_bytes,675431,9,caught,1,decode
4976,zeroed_run,2394634,709,caught,1,decode
4977,truncation,2552458,3123315,caught,1,decode
4978,header,793,1,caught,1,decode
4979,payload,4351775,1,caught,1,decode
4980,bit_flip,1732167,1,caught,1,decode
4981,random_bytes,3105856,10,caught,1,decode
4982,zeroed_run,4694876,2916,caught,1,decode
4983,truncation,3630929,2044844,caught,1,decode
4984,header,509,1,caught,1,decode
4985,payload,420486,1,caught,1,decode
4986,bit_flip,1537989,1,caught,1,decode
4987,random_bytes,2979503,6,caught,1,decode
4988,zeroed_run,3809682,4002,caught,1,decode
4989,truncation,5367938,307835,caught,1,decode
4990,header,416,1,caught,1,decode
4991,payload,2268664,1,caught,1,decode
4992,bit_flip,5636985,1,caught,1,decode
4993,random_bytes,1892919,9,caught,1,decode
4994,zeroed_run,4652005,643,caught,1,decode
4995,truncation,3468772,2207001,caught,1,decode
4996,header,866,1,caught,1,decode
4997,payload,2678815,1,caught,1,decode
4998,bit_flip,1253770,1,caught,1,decode
4999,random_bytes,41929,9,caught,1,decode
5000,zeroed_run,975032,355,caught,1,decode
5001,truncation,724437,4951336,caught,1,decode
5002,header,988,1,caught,1,decode
5003,payload,2335495,1,caught,1,decode
5004,bit_flip,5302021,1,caught,1,decode
5005,random_bytes,5509843,2,caught,1,decode
5006,zeroed_run,4639835,3271,caught,1,decode
5007,truncation,5521887,153886,caught,1,decode
5008,header,460,1,caught,1,decode
5009,payload,205630,1,caught,1,decode
5010,bit_flip,3173661,1,caught,1,decode
5011,random_bytes,357314,16,caught,1,decode
5012,zeroed_run,5420259,3353,caught,1,decode
5013,truncation,1284180,4391593,caught,1,decode
5014,header,917,1,caught,1,decode
5015,payload,3174832,1,caught,1,decode
5016,bit_flip,3554089,1,caught,1,decode
5017,random_bytes,3810208,12,caught,1,decode
5018,zeroed_run,927295,3602,caught,1,decode
5019,truncation,2164935,3510838,caught,1,decode
5020,header,649,1,caught,1,decode
5021,payload,2922041,1,caught,1,decode
5022,bit_flip,2257736,1,caught,1,decode
5023,random_bytes,3996103,12,caught,1,decode
5024,zeroed_run,4312395,779,caught,1,decode
5025,truncation,1326563,4349210,caught,1,decode
5026,header,667,1,caught,1,decode
5027,payload,3975816,1,caught,1,decode
5028,bit_flip,3899926,1,caught,1,decode
5029,random_bytes,3584480,12,caught,1,decode
5030,zeroed_run,4453121,1104,caught,1,decode
5031,truncation,1053365,4622408,caught,1,decode
5032,header,120,1,caught,1,decode
5033,payload,3496266,1,caught,1,decode
5034,bit_flip,1809685,1,caught,1,decode
5035,random_bytes,133962,7,caught,1,decode
5036,zeroed_run,3793333,3666,caught,1,decode
5037,truncation,5448300,227473,caught,1,decode
5038,header,531,1,caught,1,decode
5039,payload,1659450,1,caught,1,decode
5040,bit_flip,1178917,1,caught,1,decode
5041,random_bytes,473551,7,caught,1,decode
5042,zeroed_run,1100912,1669,caught,1,decode
5043,truncation,447640,5228133,caught,1,decode
5044,header,49,1,caught,1,decode
5045,payload,3323540,1,caught,1,decode
5046,bit_flip,385221,1,caught,1,decode
5047,random_bytes,5242051,3,caught,1,decode
5048,zeroed_run,1637311,2584,caught,1,decode
5049,truncation,1007452,4668321,caught,1,decode
5050,header,537,1,caught,1,decode
5051,payload,887443,1,caught,1,decode
5052,bit_flip,3672726,1,caught,1,decode
5053,random_bytes,5252533,4,caught,1,decode
5054,zeroed_run,2434075,2610,caught,1,decode
5055,truncation,1759887,3915886,caught,1,decode
5056,header,641,1,caught,1,decode
5057,payload,4080508,1,caught,1,decode
5058,bit_flip,3323975,1,caught,1,decode
5059,random_bytes,1082992,14,caught,1,decode
5060,zeroed_run,5175726,3514,caught,1,decode
5061,truncation,3156905,2518868,caught,1,decode
5062,header,75,1,caught,1,decode
5063,payload,3034548,1,caught,1,decode
5064,bit_flip,2464935,1,caught,1,decode
5065,random_bytes,5520457,16,caught,1,decode
5066,zeroed_run,799921,1894,caught,1,decode
5067,truncation,4262017,1413756,caught,1,decode
5068,header,836,1,caught,1,decode
5069,payload,5365439,1,caught,1,decode
5070,bit_flip,905601,1,caught,1,decode
5071,random_bytes,3355963,12,caught,1,decode
5072,zeroed_run,4923596,3305,caught,1,decode
5073,truncation,4298505,1377268,caught,1,decode
5074,header,152,1,caught,1,decode
5075,payload,2022565,1,caught,1,decode
5076,bit_flip,755250,1,caught,1,decode
5077,random_bytes,4383855,15,caught,1,decode
5078,zeroed_run,5170618,2770,caught,1,decode
5079,truncation,3800933,1874840,caught,1,decode
5080,header,127,1,caught,1,decode
5081,payload,74354,1,caught,1,decode
5082,bit_flip,196656,1,caught,1,decode
5083,random_bytes,4362264,2,caught,1,decode
5084,zeroed_run,2620927,1688,caught,1,decode
5085,truncation,3085531,2590242,caught,1,decode
5086,header,854,1,caught,1,decode
5087,payload,3653959,1,caught,1,decode
5088,bit_flip,5562636,1,caught,1,decode
5089,random_bytes,779285,3,caught,1,decode
5090,zeroed_run,4457668,2464,caught,1,decode
5091,truncation,5236413,439360,caught,1,decode
5092,header,653,1,caught,1,decode
5093,payload,2671020,1,caught,1,decode
5094,bit_flip,4638545,1,caught,1,decode
5095,random_bytes,5633089,16,caught,1,decode
5096,zeroed_run,1673807,606,caught,1,decode
5097,truncation,3807685,1868088,caught,1,decode
5098,header,47,1,caught,1,decode
5099,payload,2926182,1,caught,1,decode
5100,bit_flip,3960809,1,caught,1,decode
5101,random_bytes,1034184,3,caught,1,decode
5102,zeroed_run,1638629,3966,caught,1,decode
5103,truncation,4858955,816818,caught,1,decode
5104,header,642,1,caught,1,decode
5105,payload,1987904,1,caught,1,decode
5106,bit_flip,4569997,1,caught,1,decode
5107,random_bytes,1926786,9,caught,1,decode
5108,zeroed_run,1445172,761,caught,1,decode
5109,truncation,58124,5617649,caught,1,decode
5110,header,750,1,caught,1,decode
5111,payload,1888906,1,caught,1,decode
5112,bit_flip,4564796,1,caught,1,decode
5113,random_bytes,2619519,12,caught,1,decode
5114,zeroed_run,3462678,2779,caught,1,decode
5115,truncation,2000414,3675359,caught,1,decode
5116,header,8,1,caught,1,decode
5117,payload,312523,1,caught,1,decode
5118,bit_flip,4720963,1,caught,1,decode
5119,random_bytes,2773222,16,caught,1,decode
5120,zeroed_run,5377097,1399,caught,1,decode
5121,truncation,1675940,3999833,caught,1,decode
5122,header,674,1,caught,1,decode
5123,payload,171975,1,caught,1,decode
5124,bit_flip,5484358,1,caught,1,decode
5125,random_bytes,648398,5,caught,1,decode
5126,zeroed_run,207533,3779,caught,1,decode
5127,truncation,2756221,2919552,caught,1,decode
5128,header,398,1,caught,1,decode
5129,payload,5467636,1,caught,1,decode
5130,bit_flip,1205602,1,caught,1,decode
5131,random_bytes,2166096,4,caught,1,decode
5132,zeroed_run,4341449,3896,caught,1,decode
5133,truncation,2673645,3002128,caught,1,decode
5134,header,187,1,caught,1,decode
5135,payload,1358631,1,caught,1,decode
5136,bit_flip,4223535,1,caught,1,decode
5137,random_bytes,4776936,8,caught,1,decode
5138,zeroed_run,697139,1630,caught,1,decode
5139,truncation,4026807,1648966,caught,1,decode
5140,header,495,1,caught,1,decode
5141,payload,1322373,1,caught,1,decode
5142,bit_flip,2955774,1,caught,1,decode
5143,random_bytes,3103629,9,caught,1,decode
5144,zeroed_run,2374093,3005,caught,1,decode
5145,truncation,2141695,3534078,caught,1,decode
5146,header,832,1,caught,1,decode
5147,payload,2298261,1,caught,1,decode
5148,bit_flip,3546228,1,caught,1,decode
5149,random_bytes,189853,12,caught,1,decode
5150,zeroed_run,135598,2734,caught,1,decode
5151,truncation,1114171,4561602,caught,1,decode
5152,header,488,1,caught,1,decode
5153,payload,3974406,1,caught,1,decode
5154,bit_flip,1058596,1,caught,1,decode
5155,random_bytes,3520245,3,caught,1,decode
5156,zeroed_run,2213496,689,caught,1,decode
5157,truncation,4981700,694073,caught,1,decode
5158,header,221,1,caught,1,decode
5159,payload,5094239,1,caught,1,decode
5160,bit_flip,3551264,1,caught,1,decode
5161,random_bytes,154210,5,caught,1,decode
5162,zeroed_run,3306374,2242,caught,1,decode
5163,truncation,3409617,2266156,caught,1,decode
5164,header,904,1,caught,1,decode
5165,payload,5409478,1,caught,1,decode
5166,bit_flip,1539061,1,caught,1,decode
5167,random_bytes,2860661,12,caught,1,decode
5168,zeroed_run,2172268,1617,caught,1,decode
5169,truncation,5007113,668660,caught,1,decode
5170,header,561,1,caught,1,decode
5171,payload,4396351,1,caught,1,decode
5172,bit_flip,4352845,1,caught,1,decode
5173,random_bytes,2955741,6,caught,1,decode
5174,zeroed_run,2892625,93,caught,1,decode
5175,truncation,1777959,3897814,caught,1,decode
5176,header,7,1,caught,1,decode
5177,payload,5074460,1,caught,1,decode
5178,bit_flip,4128361,1,caught,1,decode
5179,random_bytes,2484155,11,caught,1,decode
5180,zeroed_run,3720330,1022,caught,1,decode
5181,truncation,343258,5332515,caught,1,decode
5182,header,249,1,caught,1,decode
5183,payload,4598035,1,caught,1,decode
5184,bit_flip,1451954,1,caught,1,decode
5185,random_bytes,3064726,1,caught,1,decode
5186,zeroed_run,1543819,1029,caught,1,decode
5187,truncation,4411502,1264271,caught,1,decode
5188,header,443,1,caught,1,decode
5189,payload,5056854,1,caught,1,decode
5190,bit_flip,181831,1,caught,1,decode
5191,random_bytes,631250,6,caught,1,decode
5192,zeroed_run,1748849,2869,caught,1,decode
5193,truncation,4612521,1063252,caught,1,decode
5194,header,45,1,caught,1,decode
5195,payload,935242,1,caught,1,decode
5196,bit_flip,4512060,1,caught,1,decode
5197,random_bytes,131432,5,caught,1,decode
5198,zeroed_run,2716884,2876,caught,1,decode
5199,truncation,95122,5580651,caught,1,decode
5200,header,859,1,caught,1,decode
5201,payload,2207115,1,caught,1,decode
5202,bit_flip,4638988,1,caught,1,decode
5203,random_bytes,104561,11,caught,1,decode
5204,zeroed_run,1022835,2316,caught,1,decode
5205,truncation,2080266,3595507,caught,1,decode
5206,header,620,1,caught,1,decode
5207,payload,5051081,1,caught,1,decode
5208,bit_flip,5065460,1,caught,1,decode
5209,random_bytes,2099419,7,caught,1,decode
5210,zeroed_run,2070907,2965,caught,1,decode
5211,truncation,2693738,2982035,caught,1,decode
5212,header,186,1,caught,1,decode
5213,payload,514623,1,caught,1,decode
5214,bit_flip,3356192,1,caught,1,decode
5215,random_bytes,3474203,11,caught,1,decode
5216,zeroed_run,2184519,562,caught,1,decode
5217,truncation,2663161,3012612,caught,1,decode
5218,header,749,1,caught,1,decode
5219,payload,4258609,1,caught,1,decode
5220,bit_flip,268536,1,caught,1,decode
5221,random_bytes,4398865,1,caught,1,decode
5222,zeroed_run,3320355,3192,caught,1,decode
5223,truncation,5012989,662784,caught,1,decode
5224,header,871,1,caught,1,decode
5225,payload,3122674,1,caught,1,decode
5226,bit_flip,5403078,1,caught,1,decode
5227,random_bytes,1063764,9,caught,1,decode
5228,zeroed_run,3683899,785,caught,1,decode
5229,truncation,1168186,4507587,caught,1,decode
5230,header,224,1,caught,1,decode
5231,payload,1813807,1,caught,1,decode
5232,bit_flip,787786,1,caught,1,decode
5233,random_bytes,5229376,1,caught,1,decode
5234,zeroed_run,826200,3317,caught,1,decode
5235,truncation,3354046,2321727,caught,1,decode
5236,header,831,1,caught,1,decode
5237,payload,5104184,1,caught,1,decode
5238,bit_flip,4725064,1,caught,1,decode
5239,random_bytes,1107839,12,caught,1,decode
5240,zeroed_run,3016720,2576,caught,1,decode
5241,truncation,3909122,1766651,caught,1,decode
5242,header,606,1,caught,1,decode
5243,payload,3857656,1,caught,1,decode
5244,bit_flip,4237606,1,caught,1,decode
5245,random_bytes,2496210,3,caught,1,decode
5246,zeroed_run,3010188,603,caught,1,decode
5247,truncation,5635949,39824,caught,1,decode
5248,header,221,1,caught,1,decode
5249,payload,358164,1,caught,1,decode
5250,bit_flip,3681116,1,caught,1,decode
5251,random_bytes,3268388,11,caught,1,decode
5252,zeroed_run,242855,1459,caught,1,decode
5253,truncation,996446,4679327,caught,1,decode
5254,header,246,1,caught,1,decode
5255,payload,1494348,1,caught,1,decode
5256,bit_flip,2657496,1,caught,1,decode
5257,random_bytes,2180386,8,caught,1,decode
5258,zeroed_run,3145042,3392,caught,1,decode
5259,truncation,1955812,3719961,caught,1,decode
5260,header,380,1,caught,1,decode
5261,payload,4879409,1,caught,1,decode
5262,bit_flip,545835,1,caught,1,decode
5263,random_bytes,4450028,8,caught,1,decode
5264,zeroed_run,3688376,2837,caught,1,decode
5265,truncation,3297400,2378373,caught,1,decode
5266,header,361,1,caught,1,decode
5267,payload,609325,1,caught,1,decode
5268,bit_flip,1469582,1,caught,1,decode
5269,random_bytes,3593956,11,caught,1,decode
5270,zeroed_run,5357311,1119,caught,1,decode
5271,truncation,818073,4857700,caught,1,decode
5272,header,604,1,caught,1,decode
5273,payload,1874622,1,caught,1,decode
5274,bit_flip,128990,1,caught,1,decode
5275,random_bytes,1307478,1,caught,1,decode
5276,zeroed_run,2987138,772,caught,1,decode
5277,truncation,836886,4838887,caught,1,decode
5278,header,999,1,caught,1,decode
5279,payload,2099436,1,caught,1,decode
5280,bit_flip,706355,1,caught,1,decode
5281,random_bytes,287165,12,caught,1,decode
5282,zeroed_run,2074089,1395,caught,1,decode
5283,truncation,4220461,1455312,caught,1,decode
5284,header,504,1,caught,1,decode
5285,payload,3049122,1,caught,1,decode
5286,bit_flip,394269,1,caught,1,decode
5287,random_bytes,2170892,5,caught,1,decode
5288,zeroed_run,396185,2262,caught,1,decode
5289,truncation,135719,5540054,caught,1,decode
5290,header,443,1,caught,1,decode
5291,payload,3883255,1,caught,1,decode
5292,bit_flip,2810209,1,caught,1,decode
5293,random_bytes,4603427,14,caught,1,decode
5294,zeroed_run,1014563,1221,caught,1,decode
5295,truncation,1308859,4366914,caught,1,decode
5296,header,975,1,caught,1,decode
5297,payload,4352851,1,caught,1,decode
5298,bit_flip,2281172,1,caught,1,decode
5299,random_bytes,1311335,3,caught,1,decode
5300,zeroed_run,4272592,2849,caught,1,decode
5301,truncation,4977062,698711,caught,1,decode
5302,header,987,1,caught,1,decode
5303,payload,3549946,1,caught,1,decode
5304,bit_flip,633600,1,caught,1,decode
5305,random_bytes,3182807,2,caught,1,decode
5306,zeroed_run,4778013,2889,caught,1,decode
5307,truncation,2013765,3662008,caught,1,decode
5308,header,400,1,caught,1,decode
5309,payload,82348,1,caught,1,decode
5310,bit_flip,5107259,1,caught,1,decode
5311,random_bytes,1498022,16,caught,1,decode
5312,zeroed_run,1029897,2490,caught,1,decode
5313,truncation,1234096,4441677,caught,1,decode
5314,header,490,1,caught,1,decode
5315,payload,4112030,1,caught,1,decode
5316,bit_flip,4344624,1,caught,1,decode
5317,random_bytes,4969772,15,caught,1,decode
5318,zeroed_run,5405835,1819,caught,1,decode
5319,truncation,5620295,55478,caught,1,decode
5320,header,595,1,caught,1,decode
5321,payload,2944313,1,caught,1,decode
5322,bit_flip,2557326,1,caught,1,decode
5323,random_bytes,2460692,9,caught,1,decode
5324,zeroed_run,1769366,3919,caught,1,decode
5325,truncation,5285112,390661,caught,1,decode
5326,header,873,1,caught,1,decode
5327,payload,5083841,1,caught,1,decode
5328,bit_flip,4263429,1,caught,1,decode
5329,random_bytes,3142948,2,caught,1,decode
5330,zeroed_run,4256937,3731,caught,1,decode
5331,truncation,4942744,733029,caught,1,decode
5332,header,917,1,caught,1,decode
5333,payload,4751296,1,caught,1,decode
5334,bit_flip,5015896,1,caught,1,decode
5335,random_bytes,5581426,3,caught,1,decode
5336,zeroed_run,186044,3195,caught,1,decode
5337,truncation,3801308,1874465,caught,1,decode
5338,header,157,1,caught,1,decode
5339,payload,1846064,1,caught,1,decode
5340,bit_flip,1216257,1,caught,1,decode
5341,random_bytes,4131222,7,caught,1,decode
5342,zeroed_run,2599429,393,caught,1,decode
5343,truncation,2569318,3106455,caught,1,decode
5344,header,1008,1,caught,1,decode
5345,payload,4182549,1,caught,1,decode
5346,bit_flip,288303,1,caught,1,decode
5347,random_bytes,2040998,14,caught,1,decode
5348,zeroed_run,3579283,3748,caught,1,decode
5349,truncation,4816632,859141,caught,1,decode
5350,header,700,1,caught,1,decode
5351,payload,3433943,1,caught,1,decode
5352,bit_flip,4658979,1,caught,1,decode
5353,random_bytes,3348387,3,caught,1,decode
5354,zeroed_run,3196842,2689,caught,1,decode
5355,truncation,1723066,3952707,caught,1,decode
5356,header,459,1,caught,1,decode
5357,payload,3655955,1,caught,1,decode
5358,bit_flip,3187313,1,caught,1,decode
5359,random_bytes,1423973,7,caught,1,decode
5360,zeroed_run,1581194,769,caught,1,decode
5361,truncation,2939517,2736256,caught,1,decode
5362,header,134,1,caught,1,decode
5363,payload,3998361,1,caught,1,decode
5364,bit_flip,148726,1,caught,1,decode
5365,random_bytes,2704815,13,caught,1,decode
5366,zeroed_run,1332178,684,caught,1,decode
5367,truncation,3712192,1963581,caught,1,decode
5368,header,999,1,caught,1,decode
5369,payload,3729828,1,caught,1,decode
5370,bit_flip,470839,1,caught,1,decode
5371,random_bytes,2606318,7,caught,1,decode
5372,zeroed_run,405948,466,caught,1,decode
5373,truncation,3750956,1924817,caught,1,decode
5374,header,403,1,caught,1,decode
5375,payload,5159676,1,caught,1,decode
5376,bit_flip,837810,1,caught,1,decode
5377,random_bytes,1314794,14,caught,1,decode
5378,zeroed_run,1477388,1080,caught,1,decode
5379,truncation,4496166,1179607,caught,1,decode
5380,header,606,1,caught,1,decode
5381,payload,4124123,1,caught,1,decode
5382,bit_flip,1993502,1,caught,1,decode
5383,random_bytes,4056369,15,caught,1,decode
5384,zeroed_run,5089075,1534,caught,1,decode
5385,truncation,4328004,1347769,caught,1,decode
5386,header,408,1,caught,1,decode
5387,payload,682258,1,caught,1,decode
5388,bit_flip,5604183,1,caught,1,decode
5389,random_bytes,2951125,10,caught,1,decode
5390,zeroed_run,4712746,3805,caught,1,decode
5391,truncation,2499081,3176692,caught,1,decode
5392,header,677,1,caught,1,decode
5393,payload,5347672,1,caught,1,decode
5394,bit_flip,5035256,1,caught,1,decode
5395,random_bytes,3918738,16,caught,1,decode
5396,zeroed_run,589030,3045,caught,1,decode
5397,truncation,1289856,4385917,caught,1,decode
5398,header,233,1,caught,1,decode
5399,payload,5564071,1,caught,1,decode
5400,bit_flip,4623728,1,caught,1,decode
5401,random_bytes,5648241,15,caught,1,decode
5402,zeroed_run,539252,602,caught,1,decode
5403,truncation,3272853,2402920,caught,1,decode
5404,header,484,1,caught,1,decode
5405,payload,4092058,1,caught,1,decode
5406,bit_flip,5427477,1,caught,1,decode
5407,random_bytes,4899240,1,caught,1,decode
5408,zeroed_run,1333020,3261,caught,1,decode
5409,truncation,1611686,4064087,caught,1,decode
5410,header,413,1,caught,1,decode
5411,payload,3336208,1,caught,1,decode
5412,bit_flip,1403375,1,caught,1,decode
5413,random_bytes,4336803,12,caught,1,decode
5414,zeroed_run,656247,868,caught,1,decode
5415,truncation,1932213,3743560,caught,1,decode
5416,header,873,1,caught,1,decode
5417,payload,2058102,1,caught,1,decode
5418,bit_flip,2354402,1,caught,1,decode
5419,random_bytes,2370209,3,caught,1,decode
5420,zeroed_run,4587043,4084,caught,1,decode
5421,truncation,1657427,4018346,caught,1,decode
5422,header,527,1,caught,1,decode
5423,payload,285173,1,caught,1,decode
5424,bit_flip,4129207,1,caught,1,decode
5425,random_bytes,3601472,11,caught,1,decode
5426,zeroed_run,4262376,2412,caught,1,decode
5427,truncation,1297170,4378603,caught,1,decode
5428,header,105,1,caught,1,decode
5429,payload,3169117,1,caught,1,decode
5430,bit_flip,2205571,1,caught,1,decode
5431,random_bytes,2276251,3,caught,1,decode
5432,zeroed_run,3797890,955,caught,1,decode
5433,truncation,305195,5370578,caught,1,decode
5434,header,204,1,caught,1,decode
5435,payload,879496,1,caught,1,decode
5436,bit_flip,5538007,1,caught,1,decode
5437,random_bytes,5273481,5,caught,1,decode
5438,zeroed_run,4777340,1389,caught,1,decode
5439,truncation,3026305,2649468,caught,1,decode
5440,header,204,1,caught,1,decode
5441,payload,4241783,1,caught,1,decode
5442,bit_flip,3697447,1,caught,1,decode
5443,random_bytes,2202314,3,caught,1,decode
5444,zeroed_run,4327076,3161,caught,1,decode
5445,truncation,5131018,544755,caught,1,decode
5446,header,204,1,caught,1,decode
5447,payload,1782684,1,caught,1,decode
5448,bit_flip,892263,1,caught,1,decode
5449,random_bytes,4966613,5,caught,1,decode
5450,zeroed_run,2547368,1238,caught,1,decode
5451,truncation,233352,5442421,caught,1,decode
5452,header,548,1,caught,1,decode
5453,payload,95663,1,caught,1,decode
5454,bit_flip,5239752,1,caught,1,decode
5455,random_bytes,4884194,12,caught,1,decode
5456,zeroed_run,4761340,143,caught,1,decode
5457,truncation,1834452,3841321,caught,1,decode
5458,header,798,1,caught,1,decode
5459,payload,4457589,1,caught,1,decode
5460,bit_flip,6114,1,caught,1,decode
5461,random_bytes,3207373,9,caught,1,decode
5462,zeroed_run,3206552,1745,caught,1,decode
5463,truncation,40986,5634787,caught,1,decode
5464,header,665,1,caught,1,decode
5465,payload,2279256,1,caught,1,decode
5466,bit_flip,1809631,1,caught,1,decode
5467,random_bytes,3179101,6,caught,1,decode
5468,zeroed_run,5471537,3054,caught,1,decode
5469,truncation,2773611,2902162,caught,1,decode
5470,header,561,1,caught,1,decode
5471,payload,1275826,1,caught,1,decode
5472,bit_flip,4199593,1,caught,1,decode
5473,random_bytes,2006402,1,caught,1,decode
5474,zeroed_run,4136756,1672,caught,1,decode
5475,truncation,2023781,3651992,caught,1,decode
5476,header,505,1,caught,1,decode
5477,payload,1521535,1,caught,1,decode
5478,bit_flip,2898433,1,caught,1,decode
5479,random_bytes,2588359,5,caught,1,decode
5480,zeroed_run,2864137,2143,caught,1,decode
5481,truncation,679149,4996624,caught,1,decode
5482,header,611,1,caught,1,decode
5483,payload,4387446,1,caught,1,decode
5484,bit_flip,1326866,1,caught,1,decode
5485,random_bytes,1846346,15,caught,1,decode
5486,zeroed_run,5040255,2630,caught,1,decode
5487,truncation,5407701,268072,caught,1,decode
5488,header,785,1,caught,1,decode
5489,payload,5555115,1,caught,1,decode
5490,bit_flip,941220,1,caught,1,decode
5491,random_bytes,4920813,14,caught,1,decode
5492,zeroed_run,1870630,3766,caught,1,decode
5493,truncation,4765445,910328,caught,1,decode
5494,header,154,1,caught,1,decode
5495,payload,5022894,1,caught,1,decode
5496,bit_flip,2076085,1,caught,1,decode
5497,random_bytes,3882144,4,caught,1,decode
5498,zeroed_run,4943776,666,caught,1,decode
5499,truncation,1205214,4470559,caught,1,decode
5500,header,209,1,caught,1,decode
5501,payload,2352593,1,caught,1,decode
5502,bit_flip,3999179,1,caught,1,decode
5503,random_bytes,1131547,2,caught,1,decode
5504,zeroed_run,4447702,3572,caught,1,decode
5505,truncation,4313075,1362698,caught,1,decode
5506,header,554,1,caught,1,decode
5507,payload,3658646,1,caught,1,decode
5508,bit_flip,5094773,1,caught,1,decode
5509,random_bytes,3042908,14,caught,1,decode
5510,zeroed_run,479675,2365,caught,1,decode
5511,truncation,1672582,4003191,caught,1,decode
5512,header,65,1,caught,1,decode
5513,payload,5561670,1,caught,1,decode
5514,bit_flip,398102,1,caught,1,decode
5515,random_bytes,5336024,7,caught,1,decode
5516,zeroed_run,3212937,2596,caught,1,decode
5517,truncation,253040,5422733,caught,1,decode
5518,header,641,1,caught,1,decode
5519,payload,834903,1,caught,1,decode
5520,bit_flip,1538904,1,caught,1,decode
5521,random_bytes,5561196,11,caught,1,decode
5522,zeroed_run,4958418,3213,caught,1,decode
5523,truncation,3827042,1848731,caught,1,decode
5524,header,143,1,caught,1,decode
5525,payload,2476284,1,caught,1,decode
5526,bit_flip,928961,1,caught,1,decode
5527,random_bytes,3660784,8,caught,1,decode
5528,zeroed_run,4358885,2124,caught,1,decode
5529,truncation,3008515,2667258,caught,1,decode
5530,header,1013,1,caught,1,decode
5531,payload,2961805,1,caught,1,decode
5532,bit_flip,3313048,1,caught,1,decode
5533,random_bytes,2680850,12,caught,1,decode
5534,zeroed_run,536032,837,caught,1,decode
5535,truncation,5277524,398249,caught,1,decode
5536,header,675,1,caught,1,decode
5537,payload,1325447,1,caught,1,decode
5538,bit_flip,1611445,1,caught,1,decode
5539,random_bytes,814947,15,caught,1,decode
5540,zeroed_run,3642067,1066,caught,1,decode
5541,truncation,1616094,4059679,caught,1,decode
5542,header,780,1,caught,1,decode
5543,payload,5116407,1,caught,1,decode
5544,bit_flip,3386175,1,caught,1,decode
5545,random_bytes,1351300,7,caught,1,decode
5546,zeroed_run,417241,3231,caught,1,decode
5547,truncation,924583,4751190,caught,1,decode
5548,header,383,1,caught,1,decode
5549,payload,397626,1,caught,1,decode
5550,bit_flip,1582215,1,caught,1,decode
5551,random_bytes,2022370,10,caught,1,decode
5552,zeroed_run,34367,169,caught,1,decode
5553,truncation,861672,4814101,caught,1,decode
5554,header,802,1,caught,1,decode
5555,payload,194248,1,caught,1,decode
5556,bit_flip,4629702,1,caught,1,decode
5557,random_bytes,1564852,10,caught,1,decode
5558,zeroed_run,3624184,2578,caught,1,decode
5559,truncation,243551,5432222,caught,1,decode
5560,header,268,1,caught,1,decode
5561,payload,1350075,1,caught,1,decode
5562,bit_flip,506871,1,caught,1,decode
5563,random_bytes,3760933,5,caught,1,decode
5564,zeroed_run,577719,2094,caught,1,decode
5565,truncation,4674442,1001331,caught,1,decode
5566,header,802,1,caught,1,decode
5567,payload,2517013,1,caught,1,decode
5568,bit_flip,937966,1,caught,1,decode
5569,random_bytes,5368546,4,caught,1,decode
5570,zeroed_run,4707185,3854,caught,1,decode
5571,truncation,4315548,1360225,caught,1,decode
5572,header,627,1,caught,1,decode
5573,payload,151007,1,caught,1,decode
5574,bit_flip,4269972,1,caught,1,decode
5575,random_bytes,4132022,13,caught,1,decode
5576,zeroed_run,4324970,3539,caught,1,decode
5577,truncation,3620072,2055701,caught,1,decode
5578,header,629,1,caught,1,decode
5579,payload,2167589,1,caught,1,decode
5580,bit_flip,169780,1,caught,1,decode
5581,random_bytes,1354555,12,caught,1,decode
5582,zeroed_run,1009798,1373,caught,1,decode
5583,truncation,5478891,196882,caught,1,decode
5584,header,120,1,caught,1,decode
5585,payload,1805988,1,caught,1,decode
5586,bit_flip,5303206,1,caught,1,decode
5587,random_bytes,621753,6,caught,1,decode
5588,zeroed_run,4353334,165,caught,1,decode
5589,truncation,4004253,1671520,caught,1,decode
5590,header,688,1,caught,1,decode
5591,payload,333244,1,caught,1,decode
5592,bit_flip,5300099,1,caught,1,decode
5593,random_bytes,1638834,13,caught,1,decode
5594,zeroed_run,119583,841,caught,1,decode
5595,truncation,304890,5370883,caught,1,decode
5596,header,581,1,caught,1,decode
5597,payload,5414995,1,caught,1,decode
5598,bit_flip,1347189,1,caught,1,decode
5599,random_bytes,1874888,11,caught,1,decode
5600,zeroed_run,3822311,3680,caught,1,decode
5601,truncation,5281808,393965,caught,1,decode
5602,header,907,1,caught,1,decode
5603,payload,3152829,1,caught,1,decode
5604,bit_flip,908682,1,caught,1,decode
5605,random_bytes,4193817,9,caught,1,decode
5606,zeroed_run,5127224,3188,caught,1,decode
5607,truncation,3261263,2414510,caught,1,decode
5608,header,111,1,caught,1,decode
5609,payload,1247402,1,caught,1,decode
5610,bit_flip,3477095,1,caught,1,decode
5611,random_bytes,1996570,7,caught,1,decode
5612,zeroed_run,1882531,3263,caught,1,decode
5613,truncation,574845,5100928,caught,1,decode
5614,header,749,1,caught,1,decode
5615,payload,2195181,1,caught,1,decode
5616,bit_flip,3806292,1,caught,1,decode
5617,random_bytes,4111396,12,caught,1,decode
5618,zeroed_run,3654076,2424,caught,1,decode
5619,truncation,2309357,3366416,caught,1,decode
5620,header,661,1,caught,1,decode
5621,payload,5233678,1,caught,1,decode
5622,bit_flip,3717923,1,caught,1,decode
5623,random_bytes,2569645,15,caught,1,decode
5624,zeroed_run,886842,277,caught,1,decode
5625,truncation,5279933,395840,caught,1,decode
5626,header,516,1,caught,1,decode
5627,payload,2172185,1,caught,1,decode
5628,bit_flip,3148472,1,caught,1,decode
5629,random_bytes,2037536,7,caught,1,decode
5630,zeroed_run,1615962,3976,caught,1,decode
5631,truncation,329002,5346771,caught,1,decode
5632,header,1001,1,caught,1,decode
5633,payload,500121,1,caught,1,decode
5634,bit_flip,5274530,1,caught,1,decode
5635,random_bytes,3136573,4,caught,1,decode
5636,zeroed_run,980081,4055,caught,1,decode
5637,truncation,2399504,3276269,caught,1,decode
5638,header,959,1,caught,1,decode
5639,payload,1989268,1,caught,1,decode
5640,bit_flip,692617,1,caught,1,decode
5641,random_bytes,384814,11,caught,1,decode
5642,zeroed_run,2891309,159,caught,1,decode
5643,truncation,1155078,4520695,caught,1,decode
5644,header,817,1,caught,1,decode
5645,payload,1334741,1,caught,1,decode
5646,bit_flip,3736775,1,caught,1,decode
5647,random_bytes,1084263,7,caught,1,decode
5648,zeroed_run,5542619,3095,caught,1,decode
5649,truncation,2609979,3065794,caught,1,decode
5650,header,14,1,caught,1,decode
5651,payload,1081588,1,caught,1,decode
5652,bit_flip,1531947,1,caught,1,decode
5653,random_bytes,914404,9,caught,1,decode
5654,zeroed_run,658197,3334,caught,1,decode
5655,truncation,2971990,2703783,caught,1,decode
5656,header,789,1,caught,1,decode
5657,payload,3166891,1,caught,1,decode
5658,bit_flip,4494768,1,caught,1,decode
5659,random_bytes,2424760,2,caught,1,decode
5660,zeroed_run,787633,3462,caught,1,decode
5661,truncation,108503,5567270,caught,1,decode
5662,header,749,1,caught,1,decode
5663,payload,5281875,1,caught,1,decode
5664,bit_flip,1807958,1,caught,1,decode
5665,random_bytes,4990197,1,caught,1,decode
5666,zeroed_run,1949956,1618,caught,1,decode
5667,truncation,4692879,982894,caught,1,decode
5668,header,21,1,caught,1,decode
5669,payload,2142396,1,caught,1,decode
5670,bit_flip,1236281,1,caught,1,decode
5671,random_bytes,4339557,12,caught,1,decode
5672,zeroed_run,3043462,220,caught,1,decode
5673,truncation,3368826,2306947,caught,1,decode
5674,header,397,1,caught,1,decode
5675,payload,533216,1,caught,1,decode
5676,bit_flip,4164335,1,caught,1,decode
5677,random_bytes,1242707,4,caught,1,decode
5678,zeroed_run,2982014,2231,caught,1,decode
5679,truncation,5624158,51615,caught,1,decode
5680,header,909,1,caught,1,decode
5681,payload,2061402,1,caught,1,decode
5682,bit_flip,4666895,1,caught,1,decode
5683,random_bytes,5122059,6,caught,1,decode
5684,zeroed_run,2261843,503,caught,1,decode
5685,truncation,2143234,3532539,caught,1,decode
5686,header,1018,1,caught,1,decode
5687,payload,3864002,1,caught,1,decode
5688,bit_flip,1345064,1,caught,1,decode
5689,random_bytes,3456361,13,caught,1,decode
5690,zeroed_run,1506568,3708,caught,1,decode
5691,truncation,4984910,690863,caught,1,decode
5692,header,59,1,caught,1,decode
5693,payload,4733165,1,caught,1,decode
5694,bit_flip,2308311,1,caught,1,decode
5695,random_bytes,3878572,6,caught,1,decode
5696,zeroed_run,5267190,1893,caught,1,decode
5697,truncation,1621668,4054105,caught,1,decode
5698,header,73,1,caught,1,decode
5699,payload,3393995,1,caught,1,decode
5700,bit_flip,1742255,1,caught,1,decode
5701,random_bytes,4907188,8,caught,1,decode
5702,zeroed_run,4341546,3314,caught,1,decode
5703,truncation,2269294,3406479,caught,1,decode
5704,header,947,1,caught,1,decode
5705,payload,4131957,1,caught,1,decode
5706,bit_flip,111865,1,caught,1,decode
5707,random_bytes,1616854,6,caught,1,decode
5708,zeroed_run,1044296,1222,caught,1,decode
5709,truncation,2324478,3351295,caught,1,decode
5710,header,971,1,caught,1,decode
5711,payload,1136408,1,caught,1,decode
5712,bit_flip,3265002,1,caught,1,decode
5713,random_bytes,2123840,11,caught,1,decode
5714,zeroed_run,875657,3407,caught,1,decode
5715,truncation,3982086,1693687,caught,1,decode
5716,header,992,1,caught,1,decode
5717,payload,5074803,1,caught,1,decode
5718,bit_flip,4982029,1,caught,1,decode
5719,random_bytes,1558293,16,caught,1,decode
5720,zeroed_run,5222469,258,caught,1,decode
5721,truncation,4396938,1278835,caught,1,decode
5722,header,40,1,caught,1,decode
5723,payload,3964229,1,caught,1,decode
5724,bit_flip,3003063,1,caught,1,decode
5725,random_bytes,3451335,10,caught,1,decode
5726,zeroed_run,1039790,4061,caught,1,decode
5727,truncation,2727177,2948596,caught,1,decode
5728,header,1006,1,caught,1,decode
5729,payload,514726,1,caught,1,decode
5730,bit_flip,5439120,1,caught,1,decode
5731,random_bytes,2858353,3,caught,1,decode
5732,zeroed_run,3004413,2782,caught,1,decode
5733,truncation,4881747,794026,caught,1,decode
5734,header,383,1,caught,1,decode
5735,payload,4675921,1,caught,1,decode
5736,bit_flip,3150343,1,caught,1,decode
5737,random_bytes,5007556,10,caught,1,decode
5738,zeroed_run,3848945,2574,caught,1,decode
5739,truncation,3455659,2220114,caught,1,decode
5740,header,407,1,caught,1,decode
5741,payload,1893208,1,caught,1,decode
5742,bit_flip,4667689,1,caught,1,decode
5743,random_bytes,565052,9,caught,1,decode
5744,zeroed_run,4022841,3863,caught,1,decode
5745,truncation,2096661,3579112,caught,1,decode
5746,header,858,1,caught,1,decode
5747,payload,754650,1,caught,1,decode
5748,bit_flip,4608908,1,caught,1,decode
5749,random_bytes,564410,4,caught,1,decode
5750,zeroed_run,3535023,2974,caught,1,decode
5751,truncation,465097,5210676,caught,1,decode
5752,header,672,1,caught,1,decode
5753,payload,1173343,1,caught,1,decode
5754,bit_flip,4653458,1,caught,1,decode
5755,random_bytes,5561043,8,caught,1,decode
5756,zeroed_run,935284,1484,caught,1,decode
5757,truncation,1118763,4557010,caught,1,decode
5758,header,526,1,caught,1,decode
5759,payload,4970098,1,caught,1,decode
5760,bit_flip,2177921,1,caught,1,decode
5761,random_bytes,4766887,3,caught,1,decode
5762,zeroed_run,495534,54,caught,1,decode
5763,truncation,4160420,1515353,caught,1,decode
5764,header,434,1,caught,1,decode
5765,payload,4779541,1,caught,1,decode
5766,bit_flip,3340837,1,caught,1,decode
5767,random_bytes,4755083,8,caught,1,decode
5768,zeroed_run,1253498,1264,caught,1,decode
5769,truncation,2583361,3092412,caught,1,decode
5770,header,771,1,caught,1,decode
5771,payload,5521634,1,caught,1,decode
5772,bit_flip,1428154,1,caught,1,decode
5773,random_bytes,1342487,3,caught,1,decode
5774,zeroed_run,4421420,3355,caught,1,decode
5775,truncation,1417996,4257777,caught,1,decode
5776,header,43,1,caught,1,decode
5777,payload,2256191,1,caught,1,decode
5778,bit_flip,874022,1,caught,1,decode
5779,random_bytes,4630653,16,caught,1,decode
5780,zeroed_run,1158596,2154,caught,1,decode
5781,truncation,224162,5451611,caught,1,decode
5782,header,383,1,caught,1,decode
5783,payload,374095,1,caught,1,decode
5784,bit_flip,2954340,1,caught,1,decode
5785,random_bytes,2808721,1,caught,1,decode
5786,zeroed_run,2775788,3088,caught,1,decode
5787,truncation,3940669,1735104,caught,1,decode
5788,header,439,1,caught,1,decode
5789,payload,3107531,1,caught,1,decode
5790,bit_flip,2932535,1,caught,1,decode
5791,random_bytes,5334069,8,caught,1,decode
5792,zeroed_run,424993,1589,caught,1,decode
5793,truncation,2424395,3251378,caught,1,decode
5794,header,1000,1,caught,1,decode
5795,payload,2161309,1,caught,1,decode
5796,bit_flip,4722282,1,caught,1,decode
5797,random_bytes,2959835,3,caught,1,decode
5798,zeroed_run,4587132,1654,caught,1,decode
5799,truncation,629543,5046230,caught,1,decode
5800,header,741,1,caught,1,decode
5801,payload,5200566,1,caught,1,decode
5802,bit_flip,5034024,1,caught,1,decode
5803,random_bytes,1087762,3,caught,1,decode
5804,zeroed_run,1946646,562,caught,1,decode
5805,truncation,1676780,3998993,caught,1,decode
5806,header,771,1,caught,1,decode
5807,payload,1200430,1,caught,1,decode
5808,bit_flip,5550204,1,caught,1,decode
5809,random_bytes,1333160,11,caught,1,decode
5810,zeroed_run,775673,4020,caught,1,decode
5811,truncation,1164552,4511221,caught,1,decode
5812,header,156,1,caught,1,decode
5813,payload,3588415,1,caught,1,decode
5814,bit_flip,4775886,1,caught,1,decode
5815,random_bytes,2425792,5,caught,1,decode
5816,zeroed_run,4914220,157,caught,1,decode
5817,truncation,4156154,1519619,caught,1,decode
5818,header,952,1,caught,1,decode
5819,payload,3098159,1,caught,1,decode
5820,bit_flip,2278977,1,caught,1,decode
5821,random_bytes,2161251,6,caught,1,decode
5822,zeroed_run,573617,1751,caught,1,decode
5823,truncation,4532515,1143258,caught,1,decode
5824,header,73,1,caught,1,decode
5825,payload,4106659,1,caught,1,decode
5826,bit_flip,5014897,1,caught,1,decode
5827,random_bytes,5649704,16,caught,1,decode
5828,zeroed_run,4096262,3409,caught,1,decode
5829,truncation,3395702,2280071,caught,1,decode
5830,header,584,1,caught,1,decode
5831,payload,1273950,1,caught,1,decode
5832,bit_flip,306983,1,caught,1,decode
5833,random_bytes,5332973,8,caught,1,decode
5834,zeroed_run,3341310,508,caught,1,decode
5835,truncation,148606,5527167,caught,1,decode
5836,header,508,1,caught,1,decode
5837,payload,3314920,1,caught,1,decode
5838,bit_flip,1144600,1,caught,1,decode
5839,random_bytes,3934162,16,caught,1,decode
5840,zeroed_run,2101442,3802,caught,1,decode
5841,truncation,1155053,4520720,caught,1,decode
5842,header,806,1,caught,1,decode
5843,payload,2066389,1,caught,1,decode
5844,bit_flip,4250869,1,caught,1,decode
5845,random_bytes,4430675,1,caught,1,decode
5846,zeroed_run,1012982,263,caught,1,decode
5847,truncation,3681798,1993975,caught,1,decode
5848,header,699,1,caught,1,decode
5849,payload,5252879,1,caught,1,decode
5850,bit_flip,5036785,1,caught,1,decode
5851,random_bytes,3566621,6,caught,1,decode
5852,zeroed_run,2398672,1557,caught,1,decode
5853,truncation,2458277,3217496,caught,1,decode
5854,header,944,1,caught,1,decode
5855,payload,858213,1,caught,1,decode
5856,bit_flip,832918,1,caught,1,decode
5857,random_bytes,4101642,13,caught,1,decode
5858,zeroed_run,3235752,2674,caught,1,decode
5859,truncation,359580,5316193,caught,1,decode
5860,header,682,1,caught,1,decode
5861,payload,4170611,1,caught,1,decode
5862,bit_flip,4233204,1,caught,1,decode
5863,random_bytes,1770718,8,caught,1,decode
5864,zeroed_run,4224031,383,caught,1,decode
5865,truncation,5220242,455531,caught,1,decode
5866,header,250,1,caught,1,decode
5867,payload,1353366,1,caught,1,decode
5868,bit_flip,2439404,1,caught,1,decode
5869,random_bytes,3472497,4,caught,1,decode
5870,zeroed_run,185008,1279,caught,1,decode
5871,truncation,2162082,3513691,caught,1,decode
5872,header,746,1,caught,1,decode
5873,payload,542957,1,caught,1,decode
5874,bit_flip,4096539,1,caught,1,decode
5875,random_bytes,5399907,11,caught,1,decode
5876,zeroed_run,5663954,3493,caught,1,decode
5877,truncation,3667125,2008648,caught,1,decode
5878,header,283,1,caught,1,decode
5879,payload,3597774,1,caught,1,decode
5880,bit_flip,3805037,1,caught,1,decode
5881,random_bytes,1387489,15,caught,1,decode
5882,zeroed_run,3996200,2415,caught,1,decode
5883,truncation,111201,5564572,caught,1,decode
5884,header,190,1,caught,1,decode
5885,payload,1774726,1,caught,1,decode
5886,bit_flip,2079404,1,caught,1,decode
5887,random_bytes,1965531,3,caught,1,decode
5888,zeroed_run,2096834,2787,caught,1,decode
5889,truncation,2735794,2939979,caught,1,decode
5890,header,54,1,caught,1,decode
5891,payload,5424184,1,caught,1,decode
5892,bit_flip,3756417,1,caught,1,decode
5893,random_bytes,1025988,11,caught,1,decode
5894,zeroed_run,117391,1546,caught,1,decode
5895,truncation,4211175,1464598,caught,1,decode
5896,header,843,1,caught,1,decode
5897,payload,2309884,1,caught,1,decode
5898,bit_flip,3108678,1,caught,1,decode
5899,random_bytes,275767,13,caught,1,decode
5900,zeroed_run,3911180,3978,caught,1,decode
5901,truncation,5436750,239023,caught,1,decode
5902,header,633,1,caught,1,decode
5903,payload,1752943,1,caught,1,decode
5904,bit_flip,341232,1,caught,1,decode
5905,random_bytes,3953923,16,caught,1,decode
5906,zeroed_run,939328,4035,caught,1,decode
5907,truncation,2459770,3216003,caught,1,decode
5908,header,125,1,caught,1,decode
5909,payload,2397135,1,caught,1,decode
5910,bit_flip,3297752,1,caught,1,decode
5911,random_bytes,16054,11,caught,1,decode
5912,zeroed_run,3577308,3317,caught,1,decode
5913,truncation,4884071,791702,caught,1,decode
5914,header,808,1,caught,1,decode
5915,payload,2794841,1,caught,1,decode
5916,bit_flip,288835,1,caught,1,decode
5917,random_bytes,4531134,14,caught,1,decode
5918,zeroed_run,4464619,2823,caught,1,decode
5919,truncation,4415770,1260003,caught,1,decode
5920,header,138,1,caught,1,decode
5921,payload,4228405,1,caught,1,decode
5922,bit_flip,1266166,1,caught,1,decode
5923,random_bytes,4745616,6,caught,1,decode
5924,zeroed_run,2824893,3377,caught,1,decode
5925,truncation,4065280,1610493,caught,1,decode
5926,header,87,1,caught,1,decode
5927,payload,2945621,1,caught,1,decode
5928,bit_flip,3229746,1,caught,1,decode
5929,random_bytes,3723822,9,caught,1,decode
5930,zeroed_run,4315501,2951,caught,1,decode
5931,truncation,1297121,4378652,caught,1,decode
5932,header,441,1,caught,1,decode
5933,payload,5409035,1,caught,1,decode
5934,bit_flip,5149876,1,caught,1,decode
5935,random_bytes,2742146,9,caught,1,decode
5936,zeroed_run,5052178,44,caught,1,decode
5937,truncation,2783388,2892385,caught,1,decode
5938,header,702,1,caught,1,decode
5939,payload,3559329,1,caught,1,decode
5940,bit_flip,3073050,1,caught,1,decode
5941,random_bytes,4310344,14,caught,1,decode
5942,zeroed_run,5532109,1561,caught,1,decode
5943,truncation,354082,5321691,caught,1,decode
5944,header,39,1,caught,1,decode
5945,payload,1336415,1,caught,1,decode
5946,bit_flip,678770,1,caught,1,decode
5947,random_bytes,4812794,16,caught,1,decode
5948,zeroed_run,1375582,1453,caught,1,decode
5949,truncation,3018624,2657149,caught,1,decode
5950,header,642,1,caught,1,decode
5951,payload,5526587,1,caught,1,decode
5952,bit_flip,3676816,1,caught,1,decode
5953,random_bytes,5083031,14,caught,1,decode
5954,zeroed_run,10286,1475,caught,1,decode
5955,truncation,2047036,3628737,caught,1,decode
5956,header,771,1,caught,1,decode
5957,payload,2559535,1,caught,1,decode
5958,bit_flip,2578374,1,caught,1,decode
5959,random_bytes,2350010,15,caught,1,decode
5960,zeroed_run,2910085,1879,caught,1,decode
5961,truncation,4933124,742649,caught,1,decode
5962,header,920,1,caught,1,decode
5963,payload,415167,1,caught,1,decode
5964,bit_flip,5205777,1,caught,1,decode
5965,random_bytes,2147822,9,caught,1,decode
5966,zeroed_run,2068559,514,caught,1,decode
5967,truncation,5259994,415779,caught,1,decode
5968,header,846,1,caught,1,decode
5969,payload,4097291,1,caught,1,decode
5970,bit_flip,408940,1,caught,1,decode
5971,random_bytes,217752,8,caught,1,decode
5972,zeroed_run,380145,1630,caught,1,decode
5973,truncation,1552636,4123137,caught,1,decode
5974,header,770,1,caught,1,decode
5975,payload,2671468,1,caught,1,decode
5976,bit_flip,5311436,1,caught,1,decode
5977,random_bytes,5249188,10,caught,1,decode
5978,zeroed_run,4401421,2047,caught,1,decode
5979,truncation,305053,5370720,caught,1,decode
5980,header,34,1,caught,1,decode
5981,payload,1076371,1,caught,1,decode
5982,bit_flip,1212146,1,caught,1,decode
5983,random_bytes,4230808,2,caught,1,decode
5984,zeroed_run,1648026,3817,caught,1,decode
5985,truncation,2868457,2807316,caught,1,decode
5986,header,490,1,caught,1,decode
5987,payload,1620866,1,caught,1,decode
5988,bit_flip,1303101,1,caught,1,decode
5989,random_bytes,2673912,2,caught,1,decode
5990,zeroed_run,4682624,2945,caught,1,decode
5991,truncation,3321132,2354641,caught,1,decode
5992,header,236,1,caught,1,decode
5993,payload,158105,1,caught,1,decode
5994,bit_flip,1845851,1,caught,1,decode
5995,random_bytes,162191,16,caught,1,decode
5996,zeroed_run,2924069,2148,caught,1,decode
5997,truncation,3830621,1845152,caught,1,decode
5998,header,794,1,caught,1,decode
5999,payload,750145,1,caught,1,decode
6000,bit_flip,338700,1,caught,1,decode
6001,random_bytes,619296,9,caught,1,decode
6002,zeroed_run,35556,3414,caught,1,decode
6003,truncation,5480438,195335,caught,1,decode
6004,header,8,1,caught,1,decode
6005,payload,3306347,1,caught,1,decode
6006,bit_flip,2542338,1,caught,1,decode
6007,random_bytes,1380763,16,caught,1,decode
6008,zeroed_run,3511994,3193,caught,1,decode
6009,truncation,3845096,1830677,caught,1,decode
6010,header,683,1,caught,1,decode
6011,payload,2374143,1,caught,1,decode
6012,bit_flip,2118050,1,caught,1,decode
6013,random_bytes,4714970,14,caught,1,decode
6014,zeroed_run,2180502,1763,caught,1,decode
6015,truncation,5328391,347382,caught,1,decode
6016,header,545,1,caught,1,decode
6017,payload,2613952,1,caught,1,decode
6018,bit_flip,3851574,1,caught,1,decode
6019,random_bytes,3270880,9,caught,1,decode
6020,zeroed_run,872440,1856,caught,1,decode
6021,truncation,4792361,883412,caught,1,decode
6022,header,111,1,caught,1,decode
6023,payload,222109,1,caught,1,decode
6024,bit_flip,3585217,1,caught,1,decode
6025,random_bytes,785693,11,caught,1,decode
6026,zeroed_run,2910007,3530,caught,1,decode
6027,truncation,3429927,2245846,caught,1,decode
6028,header,859,1,caught,1,decode
6029,payload,4660963,1,caught,1,decode
6030,bit_flip,3506684,1,caught,1,decode
6031,random_bytes,88209,15,caught,1,decode
6032,zeroed_run,1470078,2380,caught,1,decode
6033,truncation,4971375,704398,caught,1,decode
6034,header,850,1,caught,1,decode
6035,payload,2388412,1,caught,1,decode
6036,bit_flip,3354352,1,caught,1,decode
6037,random_bytes,856514,9,caught,1,decode
6038,zeroed_run,5093454,3737,caught,1,decode
6039,truncation,433652,5242121,caught,1,decode
6040,header,569,1,caught,1,decode
6041,payload,1653805,1,caught,1,decode
6042,bit_flip,3913609,1,caught,1,decode
6043,random_bytes,2400517,4,caught,1,decode
6044,zeroed_run,3227143,2120,caught,1,decode
6045,truncation,2354512,3321261,caught,1,decode
6046,header,591,1,caught,1,decode
6047,payload,5215346,1,caught,1,decode
6048,bit_flip,3528700,1,caught,1,decode
6049,random_bytes,2238451,16,caught,1,decode
6050,zeroed_run,1920107,2786,caught,1,decode
6051,truncation,1909851,3765922,caught,1,decode
6052,header,174,1,caught,1,decode
6053,payload,3209834,1,caught,1,decode
6054,bit_flip,2009926,1,caught,1,decode
6055,random_bytes,59762,2,caught,1,decode
6056,zeroed_run,768281,1753,caught,1,decode
6057,truncation,3242828,2432945,caught,1,decode
6058,header,386,1,caught,1,decode
6059,payload,3347792,1,caught,1,decode
6060,bit_flip,4125432,1,caught,1,decode
6061,random_bytes,5463903,6,caught,1,decode
6062,zeroed_run,235468,2856,caught,1,decode
6063,truncation,602277,5073496,caught,1,decode
6064,header,508,1,caught,1,decode
6065,payload,3731714,1,caught,1,decode
6066,bit_flip,4893796,1,caught,1,decode
6067,random_bytes,1513938,11,caught,1,decode
6068,zeroed_run,783063,977,caught,1,decode
6069,truncation,2104450,3571323,caught,1,decode
6070,header,279,1,caught,1,decode
6071,payload,4543946,1,caught,1,decode
6072,bit_flip,822848,1,caught,1,decode
6073,random_bytes,3673160,12,caught,1,decode
6074,zeroed_run,5098520,1366,caught,1,decode
6075,truncation,4201684,1474089,caught,1,decode
6076,header,215,1,caught,1,decode
6077,payload,5256556,1,caught,1,decode
6078,bit_flip,2315731,1,caught,1,decode
6079,random_bytes,4028718,3,caught,1,decode
6080,zeroed_run,4630294,1320,caught,1,decode
6081,truncation,3138,5672635,caught,1,decode
6082,header,464,1,caught,1,decode
6083,payload,3907844,1,caught,1,decode
6084,bit_flip,3678390,1,caught,1,decode
6085,random_bytes,4231628,12,caught,1,decode
6086,zeroed_run,3110612,2862,caught,1,decode
6087,truncation,3892609,1783164,caught,1,decode
6088,header,939,1,caught,1,decode
6089,payload,2096617,1,caught,1,decode
6090,bit_flip,5425844,1,caught,1,decode
6091,random_bytes,2376474,8,caught,1,decode
6092,zeroed_run,1725,2760,caught,1,decode
6093,truncation,3728937,1946836,caught,1,decode
6094,header,424,1,caught,1,decode
6095,payload,407404,1,caught,1,decode
6096,bit_flip,2128577,1,caught,1,decode
6097,random_bytes,3862716,16,caught,1,decode
6098,zeroed_run,5606138,2613,caught,1,decode
6099,truncation,1285045,4390728,caught,1,decode
6100,header,665,1,caught,1,decode
6101,payload,222567,1,caught,1,decode
6102,bit_flip,600012,1,caught,1,decode
6103,random_bytes,4407416,1,caught,1,decode
6104,zeroed_run,1785305,2143,caught,1,decode
6105,truncation,694052,4981721,caught,1,decode
6106,header,972,1,caught,1,decode
6107,payload,3402277,1,caught,1,decode
6108,bit_flip,1144039,1,caught,1,decode
6109,random_bytes,701701,12,caught,1,decode
6110,zeroed_run,3985184,683,caught,1,decode
6111,truncation,3314830,2360943,caught,1,decode
6112,header,184,1,caught,1,decode
6113,payload,1861724,1,caught,1,decode
6114,bit_flip,4606750,1,caught,1,decode
6115,random_bytes,5583034,16,caught,1,decode
6116,zeroed_run,1585790,393,caught,1,decode
6117,truncation,2236212,3439561,caught,1,decode
6118,header,201,1,caught,1,decode
6119,payload,4521886,1,caught,1,decode
6120,bit_flip,4798540,1,caught,1,decode
6121,random_bytes,4213545,8,caught,1,decode
6122,zeroed_run,419760,1983,caught,1,decode
6123,truncation,1858995,3816778,caught,1,decode
6124,header,329,1,caught,1,decode
6125,payload,3323358,1,caught,1,decode
6126,bit_flip,3216268,1,caught,1,decode
6127,random_bytes,1660040,7,caught,1,decode
6128,zeroed_run,729161,2445,caught,1,decode
6129,truncation,838445,4837328,caught,1,decode
6130,header,382,1,caught,1,decode
6131,payload,629658,1,caught,1,decode
6132,bit_flip,2706736,1,caught,1,decode
6133,random_bytes,5503546,12,caught,1,decode
6134,zeroed_run,1952741,378,caught,1,decode
6135,truncation,3353332,2322441,caught,1,decode
6136,header,973,1,caught,1,decode
6137,payload,1912470,1,caught,1,decode
6138,bit_flip,2427898,1,caught,1,decode
6139,random_bytes,4632797,5,caught,1,decode
6140,zeroed_run,949876,1224,caught,1,decode
6141,truncation,3977351,1698422,caught,1,decode
6142,header,423,1,caught,1,decode
6143,payload,3624818,1,caught,1,decode
6144,bit_flip,1884899,1,caught,1,decode
6145,random_bytes,4676656,3,caught,1,decode
6146,zeroed_run,2473392,1479,caught,1,decode
6147,truncation,5587821,87952,caught,1,decode
6148,header,512,1,caught,1,decode
6149,payload,4157850,1,caught,1,decode
6150,bit_flip,4838483,1,caught,1,decode
6151,random_bytes,1294136,4,caught,1,decode
6152,zeroed_run,5034425,273,caught,1,decode
6153,truncation,3685963,1989810,caught,1,decode
6154,header,731,1,caught,1,decode
6155,payload,4425670,1,caught,1,decode
6156,bit_flip,4674417,1,caught,1,decode
6157,random_bytes,4649715,3,caught,1,decode
6158,zeroed_run,4248963,3500,caught,1,decode
6159,truncation,3580995,2094778,caught,1,decode
6160,header,95,1,caught,1,decode
6161,payload,2132656,1,caught,1,decode
6162,bit_flip,4349752,1,caught,1,decode
6163,random_bytes,776412,11,caught,1,decode
6164,zeroed_run,4726993,1309,caught,1,decode
6165,truncation,921243,4754530,caught,1,decode
6166,header,5,1,caught,1,decode
6167,payload,5654115,1,caught,1,decode
6168,bit_flip,4119832,1,caught,1,decode
6169,random_bytes,1218808,15,caught,1,decode
6170,zeroed_run,78094,1039,caught,1,decode
6171,truncation,4927075,748698,caught,1,decode
6172,header,829,1,caught,1,decode
6173,payload,736479,1,caught,1,decode
6174,bit_flip,2151880,1,caught,1,decode
6175,random_bytes,4735052,6,caught,1,decode
6176,zeroed_run,2221649,2331,caught,1,decode
6177,truncation,1220344,4455429,caught,1,decode
6178,header,147,1,caught,1,decode
6179,payload,1989845,1,caught,1,decode
6180,bit_flip,5336652,1,caught,1,decode
6181,random_bytes,3813547,5,caught,1,decode
6182,zeroed_run,4318207,575,caught,1,decode
6183,truncation,1272097,4403676,caught,1,decode
6184,header,579,1,caught,1,decode
6185,payload,396462,1,caught,1,decode
6186,bit_flip,4616158,1,caught,1,decode
6187,random_bytes,2290729,3,caught,1,decode
6188,zeroed_run,3094783,156,caught,1,decode
6189,truncation,3266870,2408903,caught,1,decode
6190,header,993,1,caught,1,decode
6191,payload,559500,1,caught,1,decode
6192,bit_flip,1834538,1,caught,1,decode
6193,random_bytes,4024638,13,caught,1,decode
6194,zeroed_run,3817843,2320,caught,1,decode
6195,truncation,954386,4721387,caught,1,decode
6196,header,802,1,caught,1,decode
6197,payload,791595,1,caught,1,decode
6198,bit_flip,1264126,1,caught,1,decode
6199,random_bytes,2696381,7,caught,1,decode
6200,zeroed_run,4842896,3240,caught,1,decode
6201,truncation,2678443,2997330,caught,1,decode
6202,header,432,1,caught,1,decode
6203,payload,1254168,1,caught,1,decode
6204,bit_flip,2265304,1,caught,1,decode
6205,random_bytes,3622364,11,caught,1,decode
6206,zeroed_run,3059095,507,caught,1,decode
6207,truncation,4253036,1422737,caught,1,decode
6208,header,258,1,caught,1,decode
6209,payload,2931969,1,caught,1,decode
6210,bit_flip,4765926,1,caught,1,decode
6211,random_bytes,4511077,14,caught,1,decode
6212,zeroed_run,3025007,429,caught,1,decode
6213,truncation,636761,5039012,caught,1,decode
6214,header,425,1,caught,1,decode
6215,payload,3926138,1,caught,1,decode
6216,bit_flip,3872473,1,caught,1,decode
6217,random_bytes,2455127,4,caught,1,decode
6218,zeroed_run,4450087,1121,caught,1,decode
6219,truncation,5267281,408492,caught,1,decode
6220,header,796,1,caught,1,decode
6221,payload,1427622,1,caught,1,decode
6222,bit_flip,4393025,1,caught,1,decode
6223,random_bytes,3870051,10,caught,1,decode
6224,zeroed_run,7921,140,caught,1,decode
6225,truncation,824871,4850902,caught,1,decode
6226,header,391,1,caught,1,decode
6227,payload,3842926,1,caught,1,decode
6228,bit_flip,5111903,1,caught,1,decode
6229,random_bytes,215736,13,caught,1,decode
6230,zeroed_run,2854380,2517,caught,1,decode
6231,truncation,2569201,3106572,caught,1,decode
6232,header,852,1,caught,1,decode
6233,payload,770312,1,caught,1,decode
6234,bit_flip,3800125,1,caught,1,decode
6235,random_bytes,3477960,3,caught,1,decode
6236,zeroed_run,1481812,1721,caught,1,decode
6237,truncation,23067,5652706,caught,1,decode
6238,header,856,1,caught,1,decode
6239,payload,4048546,1,caught,1,decode
6240,bit_flip,1046992,1,caught,1,decode
6241,random_bytes,5025817,14,caught,1,decode
6242,zeroed_run,521261,3128,caught,1,decode
6243,truncation,765448,4910325,caught,1,decode
6244,header,659,1,caught,1,decode
6245,payload,655339,1,caught,1,decode
6246,bit_flip,1845933,1,caught,1,decode
6247,random_bytes,5556898,12,caught,1,decode
6248,zeroed_run,4692486,255,caught,1,decode
6249,truncation,3789952,1885821,caught,1,decode
6250,header,593,1,caught,1,decode
6251,payload,3760237,1,caught,1,decode
6252,bit_flip,1081478,1,caught,1,decode
6253,random_bytes,3281376,5,caught,1,decode
6254,zeroed_run,817819,183,caught,1,decode
6255,truncation,4254465,1421308,caught,1,decode
6256,header,618,1,caught,1,decode
6257,payload,621229,1,caught,1,decode
6258,bit_flip,510199,1,caught,1,decode
6259,random_bytes,1052954,16,caught,1,decode
6260,zeroed_run,5203389,1619,caught,1,decode
6261,truncation,5105553,570220,caught,1,decode
6262,header,298,1,caught,1,decode
6263,payload,4137557,1,caught,1,decode
6264,bit_flip,5469599,1,caught,1,decode
6265,random_bytes,3786822,11,caught,1,decode
6266,zeroed_run,2142359,2674,caught,1,decode
6267,truncation,908410,4767363,caught,1,decode
6268,header,716,1,caught,1,decode
6269,payload,328536,1,caught,1,decode
6270,bit_flip,3542183,1,caught,1,decode
6271,random_bytes,814976,5,caught,1,decode
6272,zeroed_run,4450134,2831,caught,1,decode
6273,truncation,5166436,509337,caught,1,decode
6274,header,287,1,caught,1,decode
6275,payload,1429323,1,caught,1,decode
6276,bit_flip,4223095,1,caught,1,decode
6277,random_bytes,2071149,14,caught,1,decode
6278,zeroed_run,2357978,2133,caught,1,decode
6279,truncation,2018160,3657613,caught,1,decode
6280,header,341,1,caught,1,decode
6281,payload,1533250,1,caught,1,decode
6282,bit_flip,3812484,1,caught,1,decode
6283,random_bytes,616347,11,caught,1,decode
6284,zeroed_run,3097247,2830,caught,1,decode
6285,truncation,2162729,3513044,caught,1,decode
6286,header,769,1,caught,1,decode
6287,payload,2195684,1,caught,1,decode
6288,bit_flip,3925825,1,caught,1,decode
6289,random_bytes,2355490,1,caught,1,decode
6290,zeroed_run,4917147,2767,caught,1,decode
6291,truncation,5211866,463907,caught,1,decode
6292,header,816,1,caught,1,decode
6293,payload,1949097,1,caught,1,decode
6294,bit_flip,4125957,1,caught,1,decode
6295,random_bytes,4743578,7,caught,1,decode
6296,zeroed_run,2468467,3244,caught,1,decode
6297,truncation,3690386,1985387,caught,1,decode
6298,header,490,1,caught,1,decode
6299,payload,996201,1,caught,1,decode
6300,bit_flip,1862220,1,caught,1,decode
6301,random_bytes,4062835,16,caught,1,decode
6302,zeroed_run,3794353,3720,caught,1,decode
6303,truncation,5388612,287161,caught,1,decode
6304,header,55,1,caught,1,decode
6305,payload,3914784,1,caught,1,decode
6306,bit_flip,2842038,1,caught,1,decode
6307,random_bytes,2614392,7,caught,1,decode
6308,zeroed_run,1824949,1632,caught,1,decode
6309,truncation,4633315,1042458,caught,1,decode
6310,header,474,1,caught,1,decode
6311,payload,4341091,1,caught,1,decode
6312,bit_flip,2678358,1,caught,1,decode
6313,random_bytes,3513285,5,caught,1,decode
6314,zeroed_run,3879670,2984,caught,1,decode
6315,truncation,3148726,2527047,caught,1,decode
6316,header,790,1,caught,1,decode
6317,payload,1193797,1,caught,1,decode
6318,bit_flip,3065125,1,caught,1,decode
6319,random_bytes,3245447,14,caught,1,decode
6320,zeroed_run,3921703,3464,caught,1,decode
6321,truncation,4953333,722440,caught,1,decode
6322,header,809,1,caught,1,decode
6323,payload,2429161,1,caught,1,decode
6324,bit_flip,4523965,1,caught,1,decode
6325,random_bytes,2610391,7,caught,1,decode
6326,zeroed_run,3756952,3206,caught,1,decode
6327,truncation,2396153,3279620,caught,1,decode
6328,header,319,1,caught,1,decode
6329,payload,4494354,1,caught,1,decode
6330,bit_flip,4849078,1,caught,1,decode
6331,random_bytes,1047808,16,caught,1,decode
6332,zeroed_run,1940396,1791,caught,1,decode
6333,truncation,521623,5154150,caught,1,decode
6334,header,338,1,caught,1,decode
6335,payload,2177486,1,caught,1,decode
6336,bit_flip,1721111,1,caught,1,decode
6337,random_bytes,5403677,9,caught,1,decode
6338,zeroed_run,4977708,1406,caught,1,decode
6339,truncation,5159353,516420,caught,1,decode
6340,header,685,1,caught,1,decode
6341,payload,529219,1,caught,1,decode
6342,bit_flip,937721,1,caught,1,decode
6343,random_bytes,2805191,10,caught,1,decode
6344,zeroed_run,3487811,693,caught,1,decode
6345,truncation,478358,5197415,caught,1,decode
6346,header,135,1,caught,1,decode
6347,payload,2291150,1,caught,1,decode
6348,bit_flip,4018882,1,caught,1,decode
6349,random_bytes,956596,14,caught,1,decode
6350,zeroed_run,1314009,822,caught,1,decode
6351,truncation,1839060,3836713,caught,1,decode
6352,header,220,1,caught,1,decode
6353,payload,497216,1,caught,1,decode
6354,bit_flip,4831581,1,caught,1,decode
6355,random_bytes,4183361,14,caught,1,decode
6356,zeroed_run,4655200,1349,caught,1,decode
6357,truncation,3432361,2243412,caught,1,decode
6358,header,977,1,caught,1,decode
6359,payload,2426279,1,caught,1,decode
6360,bit_flip,2025797,1,caught,1,decode
6361,random_bytes,2384293,4,caught,1,decode
6362,zeroed_run,2536221,3606,caught,1,decode
6363,truncation,1366558,4309215,caught,1,decode
6364,header,95,1,caught,1,decode
6365,payload,4212252,1,caught,1,decode
6366,bit_flip,2143378,1,caught,1,decode
6367,random_bytes,5249998,12,caught,1,decode
6368,zeroed_run,1835746,351,caught,1,decode
6369,truncation,1941495,3734278,caught,1,decode
6370,header,763,1,caught,1,decode
6371,payload,5205593,1,caught,1,decode
6372,bit_flip,5068901,1,caught,1,decode
6373,random_bytes,4830518,3,caught,1,decode
6374,zeroed_run,4475057,2264,caught,1,decode
6375,truncation,144064,5531709,caught,1,decode
6376,header,273,1,caught,1,decode
6377,payload,4870594,1,caught,1,decode
6378,bit_flip,3854182,1,caught,1,decode
6379,random_bytes,1256701,1,caught,1,decode
6380,zeroed_run,3097560,3079,caught,1,decode
6381,truncation,2027217,3648556,caught,1,decode
6382,header,690,1,caught,1,decode
6383,payload,2912865,1,caught,1,decode
6384,bit_flip,3505554,1,caught,1,decode
6385,random_bytes,5351335,10,caught,1,decode
6386,zeroed_run,1218605,1517,caught,1,decode
6387,truncation,5465744,210029,caught,1,decode
6388,header,315,1,caught,1,decode
6389,payload,4719819,1,caught,1,decode
6390,bit_flip,5189187,1,caught,1,decode
6391,random_bytes,2549743,11,caught,1,decode
6392,zeroed_run,3933080,2835,caught,1,decode
6393,truncation,821823,4853950,caught,1,decode
6394,header,450,1,caught,1,decode
6395,payload,3307914,1,caught,1,decode
6396,bit_flip,5143562,1,caught,1,decode
6397,random_bytes,5622294,6,caught,1,decode
6398,zeroed_run,4623098,3529,caught,1,decode
6399,truncation,2861552,2814221,caught,1,decode
6400,header,834,1,caught,1,decode
6401,payload,245669,1,caught,1,decode
6402,bit_flip,2532407,1,caught,1,decode
6403,random_bytes,1839778,8,caught,1,decode
6404,zeroed_run,3664452,223,caught,1,decode
6405,truncation,1154068,4521705,caught,1,decode
6406,header,167,1,caught,1,decode
6407,payload,3642127,1,caught,1,decode
6408,bit_flip,4585822,1,caught,1,decode
6409,random_bytes,3422712,12,caught,1,decode
6410,zeroed_run,1551442,2087,caught,1,decode
6411,truncation,587513,5088260,caught,1,decode
6412,header,54,1,caught,1,decode
6413,payload,1160633,1,caught,1,decode
6414,bit_flip,2158647,1,caught,1,decode
6415,random_bytes,5350590,9,caught,1,decode
6416,zeroed_run,3377877,1587,caught,1,decode
6417,truncation,244324,5431449,caught,1,decode
6418,header,664,1,caught,1,decode
6419,payload,4029097,1,caught,1,decode
6420,bit_flip,4881790,1,caught,1,decode
6421,random_bytes,1666971,2,caught,1,decode
6422,zeroed_run,4343433,2554,caught,1,decode
6423,truncation,3911861,1763912,caught,1,decode
6424,header,467,1,caught,1,decode
6425,payload,2346523,1,caught,1,decode
6426,bit_flip,1980286,1,caught,1,decode
6427,random_bytes,1714148,9,caught,1,decode
6428,zeroed_run,360965,3732,caught,1,decode
6429,truncation,977097,4698676,caught,1,decode
6430,header,152,1,caught,1,decode
6431,payload,637446,1,caught,1,decode
6432,bit_flip,4340867,1,caught,1,decode
6433,random_bytes,1688157,11,caught,1,decode
6434,zeroed_run,4020941,1178,caught,1,decode
6435,truncation,3778803,1896970,caught,1,decode
6436,header,213,1,caught,1,decode
6437,payload,740002,1,caught,1,decode
6438,bit_flip,1366009,1,caught,1,decode
6439,random_bytes,1369173,9,caught,1,decode
6440,zeroed_run,3882830,2892,caught,1,decode
6441,truncation,4964622,711151,caught,1,decode
6442,header,806,1,caught,1,decode
6443,payload,154589,1,caught,1,decode
6444,bit_flip,4050565,1,caught,1,decode
6445,random_bytes,5438512,9,caught,1,decode
6446,zeroed_run,5446219,4017,caught,1,decode
6447,truncation,1441977,4233796,caught,1,decode
6448,header,442,1,caught,1,decode
6449,payload,5513771,1,caught,1,decode
6450,bit_flip,1251249,1,caught,1,decode
6451,random_bytes,4470786,8,caught,1,decode
6452,zeroed_run,1135512,158,caught,1,decode
6453,truncation,4621870,1053903,caught,1,decode
6454,header,313,1,caught,1,decode
6455,payload,5259023,1,caught,1,decode
6456,bit_flip,3636674,1,caught,1,decode
6457,random_bytes,2964128,4,caught,1,decode
6458,zeroed_run,4154826,2147,caught,1,decode
6459,truncation,2752275,2923498,caught,1,decode
6460,header,320,1,caught,1,decode
6461,payload,814021,1,caught,1,decode
6462,bit_flip,1046827,1,caught,1,decode
6463,random_bytes,3483117,1,caught,1,decode
6464,zeroed_run,4896607,609,caught,1,decode
6465,truncation,1692329,3983444,caught,1,decode
6466,header,27,1,caught,1,decode
6467,payload,673013,1,caught,1,decode
6468,bit_flip,538854,1,caught,1,decode
6469,random_bytes,4556653,12,caught,1,decode
6470,zeroed_run,1584776,227,caught,1,decode
6471,truncation,65280,5610493,caught,1,decode
6472,header,98,1,caught,1,decode
6473,payload,999439,1,caught,1,decode
6474,bit_flip,2031028,1,caught,1,decode
6475,random_bytes,5574816,13,caught,1,decode
6476,zeroed_run,2245829,1364,caught,1,decode
6477,truncation,4722808,952965,caught,1,decode
6478,header,863,1,caught,1,decode
6479,payload,3998021,1,caught,1,decode
6480,bit_flip,3359045,1,caught,1,decode
6481,random_bytes,3123161,4,caught,1,decode
6482,zeroed_run,320131,3633,caught,1,decode
6483,truncation,805430,4870343,caught,1,decode
6484,header,676,1,caught,1,decode
6485,payload,390177,1,caught,1,decode
6486,bit_flip,3090137,1,caught,1,decode
6487,random_bytes,650086,15,caught,1,decode
6488,zeroed_run,4569546,2626,caught,1,decode
6489,truncation,341272,5334501,caught,1,decode
6490,header,19,1,harmless,0,decode
6491,payload,1790199,1,caught,1,decode
6492,bit_flip,3373774,1,caught,1,decode
6493,random_bytes,1658624,9,caught,1,decode
6494,zeroed_run,3133019,3058,caught,1,decode
6495,truncation,4472035,1203738,caught,1,decode
6496,header,427,1,caught,1,decode
6497,payload,4908147,1,caught,1,decode
6498,bit_flip,1217992,1,caught,1,decode
6499,random_bytes,2343319,5,caught,1,decode
6500,zeroed_run,4948691,1656,caught,1,decode
6501,truncation,3852833,1822940,caught,1,decode
6502,header,216,1,caught,1,decode
6503,payload,5558990,1,caught,1,decode
6504,bit_flip,902795,1,caught,1,decode
6505,random_bytes,2705988,7,caught,1,decode
6506,zeroed_run,2870487,1237,caught,1,decode
6507,truncation,894035,4781738,caught,1,decode
6508,header,405,1,caught,1,decode
6509,payload,4681649,1,caught,1,decode
6510,bit_flip,1070025,1,caught,1,decode
6511,random_bytes,2197069,16,caught,1,decode
6512,zeroed_run,3213112,2347,caught,1,decode
6513,truncation,4415158,1260615,caught,1,decode
6514,header,851,1,caught,1,decode
6515,payload,2724243,1,caught,1,decode
6516,bit_flip,3510989,1,caught,1,decode
6517,random_bytes,2888765,10,caught,1,decode
6518,zeroed_run,4961624,2463,caught,1,decode
6519,truncation,4215434,1460339,caught,1,decode
6520,header,700,1,caught,1,decode
6521,payload,4189150,1,caught,1,decode
6522,bit_flip,303417,1,caught,1,decode
6523,random_bytes,2994137,15,caught,1,decode
6524,zeroed_run,4737165,1358,caught,1,decode
6525,truncation,979283,4696490,caught,1,decode
6526,header,505,1,caught,1,decode
6527,payload,992664,1,caught,1,decode
6528,bit_flip,357988,1,caught,1,decode
6529,random_bytes,4841947,9,caught,1,decode
6530,zeroed_run,4729846,1512,caught,1,decode
6531,truncation,5161056,514717,caught,1,decode
6532,header,745,1,caught,1,decode
6533,payload,3471884,1,caught,1,decode
6534,bit_flip,1520339,1,caught,1,decode
6535,random_bytes,2850905,1,caught,1,decode
6536,zeroed_run,3717971,3065,caught,1,decode
6537,truncation,5115312,560461,caught,1,decode
6538,header,333,1,caught,1,decode
6539,payload,4611197,1,caught,1,decode
6540,bit_flip,1674579,1,caught,1,decode
6541,random_bytes,3409981,12,caught,1,decode
6542,zeroed_run,2053085,3895,caught,1,decode
6543,truncation,2059556,3616217,caught,1,decode
6544,header,470,1,caught,1,decode
6545,payload,1963499,1,caught,1,decode
6546,bit_flip,3673055,1,caught,1,decode
6547,random_bytes,5242139,10,caught,1,decode
6548,zeroed_run,2106020,938,caught,1,decode
6549,truncation,855223,4820550,caught,1,decode
6550,header,513,1,caught,1,decode
6551,payload,4456122,1,caught,1,decode
6552,bit_flip,2254289,1,caught,1,decode
6553,random_bytes,1705836,13,caught,1,decode
6554,zeroed_run,701017,3436,caught,1,decode
6555,truncation,4010386,1665387,caught,1,decode
6556,header,490,1,caught,1,decode
6557,payload,3836671,1,caught,1,decode
6558,bit_flip,195648,1,caught,1,decode
6559,random_bytes,561670,2,caught,1,decode
6560,zeroed_run,338110,857,caught,1,decode
6561,truncation,4948767,727006,caught,1,decode
6562,header,1002,1,caught,1,decode
6563,payload,3346058,1,caught,1,decode
6564,bit_flip,3057122,1,caught,1,decode
6565,random_bytes,5328218,12,caught,1,decode
6566,zeroed_run,4145812,2678,caught,1,decode
6567,truncation,4112073,1563700,caught,1,decode
6568,header,832,1,caught,1,decode
6569,payload,3813080,1,caught,1,decode
6570,bit_flip,1965990,1,caught,1,decode
6571,random_bytes,839733,8,caught,1,decode
6572,zeroed_run,5204536,2886,caught,1,decode
6573,truncation,5087765,588008,caught,1,decode
6574,header,931,1,caught,1,decode
6575,payload,5673928,1,caught,1,decode
6576,bit_flip,1353987,1,caught,1,decode
6577,random_bytes,5163494,14,caught,1,decode
6578,zeroed_run,5020979,877,caught,1,decode
6579,truncation,1577755,4098018,caught,1,decode
6580,header,459,1,caught,1,decode
6581,payload,1558363,1,caught,1,decode
6582,bit_flip,4535690,1,caught,1,decode
6583,random_bytes,820075,3,caught,1,decode
6584,zeroed_run,1895534,1609,caught,1,decode
6585,truncation,262087,5413686,caught,1,decode
6586,header,437,1,caught,1,decode
6587,payload,701654,1,caught,1,decode
6588,bit_flip,2754196,1,caught,1,decode
6589,random_bytes,973250,8,caught,1,decode
6590,zeroed_run,2612347,1471,caught,1,decode
6591,truncation,2209832,3465941,caught,1,decode
6592,header,639,1,caught,1,decode
6593,payload,3906673,1,caught,1,decode
6594,bit_flip,4837231,1,caught,1,decode
6595,random_bytes,335225,7,caught,1,decode
6596,zeroed_run,793226,390,caught,1,decode
6597,truncation,3249305,2426468,caught,1,decode
6598,header,224,1,caught,1,decode
6599,payload,3045777,1,caught,1,decode
6600,bit_flip,3402314,1,caught,1,decode
6601,random_bytes,4295619,2,caught,1,decode
6602,zeroed_run,2203053,3556,caught,1,decode
6603,truncation,5624130,51643,caught,1,decode
6604,header,80,1,caught,1,decode
6605,payload,1161015,1,caught,1,decode
6606,bit_flip,4888399,1,caught,1,decode
6607,random_bytes,1516162,1,caught,1,decode
6608,zeroed_run,4698631,483,caught,1,decode
6609,truncation,5082657,593116,caught,1,decode
6610,header,265,1,caught,1,decode
6611,payload,4276734,1,caught,1,decode
6612,bit_flip,1490305,1,caught,1,decode
6613,random_bytes,3122871,3,caught,1,decode
6614,zeroed_run,4872782,2193,caught,1,decode
6615,truncation,2442622,3233151,caught,1,decode
6616,header,845,1,caught,1,decode
6617,payload,3609627,1,caught,1,decode
6618,bit_flip,4003740,1,caught,1,decode
6619,random_bytes,4980802,11,caught,1,decode
6620,zeroed_run,1038988,2990,caught,1,decode
6621,truncation,1892931,3782842,caught,1,decode
6622,header,344,1,caught,1,decode
6623,payload,5561100,1,caught,1,decode
6624,bit_flip,362169,1,caught,1,decode
6625,random_bytes,714751,10,caught,1,decode
6626,zeroed_run,1296420,1420,caught,1,decode
6627,truncation,5095677,580096,caught,1,decode
6628,header,340,1,caught,1,decode
6629,payload,225667,1,caught,1,decode
6630,bit_flip,2908704,1,caught,1,decode
6631,random_bytes,1223236,2,caught,1,decode
6632,zeroed_run,2117208,2016,caught,1,decode
6633,truncation,3724811,1950962,caught,1,decode
6634,header,741,1,caught,1,decode
6635,payload,3284307,1,caught,1,decode
6636,bit_flip,167320,1,caught,1,decode
6637,random_bytes,4917004,12,caught,1,decode
6638,zeroed_run,4975976,3145,caught,1,decode
6639,truncation,4849021,826752,caught,1,decode
6640,header,489,1,caught,1,decode
6641,payload,4744207,1,caught,1,decode
6642,bit_flip,835737,1,caught,1,decode
6643,random_bytes,5520031,16,caught,1,decode
6644,zeroed_run,4165905,2015,caught,1,decode
6645,truncation,1090584,4585189,caught,1,decode
6646,header,228,1,caught,1,decode
6647,payload,1976684,1,caught,1,decode
6648,bit_flip,2824058,1,caught,1,decode
6649,random_bytes,243200,12,caught,1,decode
6650,zeroed_run,4112261,1136,caught,1,decode
6651,truncation,3085492,2590281,caught,1,decode
6652,header,371,1,caught,1,decode
6653,payload,3639381,1,caught,1,decode
6654,bit_flip,4465140,1,caught,1,decode
6655,random_bytes,1926754,9,caught,1,decode
6656,zeroed_run,1022198,502,caught,1,decode
6657,truncation,2886582,2789191,caught,1,decode
6658,header,505,1,caught,1,decode
6659,payload,5218864,1,caught,1,decode
6660,bit_flip,4662812,1,caught,1,decode
6661,random_bytes,1825176,8,caught,1,decode
6662,zeroed_run,2382504,2797,caught,1,decode
6663,truncation,4402514,1273259,caught,1,decode
6664,header,374,1,caught,1,decode
6665,payload,947005,1,caught,1,decode
6666,bit_flip,802133,1,caught,1,decode
6667,random_bytes,5454374,2,caught,1,decode
6668,zeroed_run,4274002,3915,caught,1,decode
6669,truncation,2779676,2896097,caught,1,decode
6670,header,646,1,caught,1,decode
6671,payload,5270497,1,caught,1,decode
6672,bit_flip,3600171,1,caught,1,decode
6673,random_bytes,5582194,12,caught,1,decode
6674,zeroed_run,4439487,2097,caught,1,decode
6675,truncation,114893,5560880,caught,1,decode
6676,header,346,1,caught,1,decode
6677,payload,3089512,1,caught,1,decode
6678,bit_flip,4976215,1,caught,1,decode
6679,random_bytes,3599110,11,caught,1,decode
6680,zeroed_run,4668297,273,caught,1,decode
6681,truncation,5580248,95525,caught,1,decode
6682,header,913,1,caught,1,decode
6683,payload,5136440,1,caught,1,decode
6684,bit_flip,3570965,1,caught,1,decode
6685,random_bytes,4701965,4,caught,1,decode
6686,zeroed_run,5504999,397,caught,1,decode
6687,truncation,5447758,228015,caught,1,decode
6688,header,173,1,caught,1,decode
6689,payload,3614332,1,caught,1,decode
6690,bit_flip,1739549,1,caught,1,decode
6691,random_bytes,563296,1,caught,1,decode
6692,zeroed_run,571848,1029,caught,1,decode
6693,truncation,461875,5213898,caught,1,decode
6694,header,305,1,caught,1,decode
6695,payload,2941144,1,caught,1,decode
6696,bit_flip,3306693,1,caught,1,decode
6697,random_bytes,2481364,6,caught,1,decode
6698,zeroed_run,1573253,2368,caught,1,decode
6699,truncation,957181,4718592,caught,1,decode
6700,header,215,1,caught,1,decode
6701,payload,2647555,1,caught,1,decode
6702,bit_flip,3264711,1,caught,1,decode
6703,random_bytes,1997201,14,caught,1,decode
6704,zeroed_run,5207707,1902,caught,1,decode
6705,truncation,1642889,4032884,caught,1,decode
6706,header,249,1,caught,1,decode
6707,payload,1884787,1,caught,1,decode
6708,bit_flip,2221044,1,caught,1,decode
6709,random_bytes,2898342,9,caught,1,decode
6710,zeroed_run,1065997,1571,caught,1,decode
6711,truncation,3305818,2369955,caught,1,decode
6712,header,388,1,caught,1,decode
6713,payload,820289,1,caught,1,decode
6714,bit_flip,692155,1,caught,1,decode
6715,random_bytes,4825400,5,caught,1,decode
6716,zeroed_run,1304349,1797,caught,1,decode
6717,truncation,2253300,3422473,caught,1,decode
6718,header,1008,1,caught,1,decode
6719,payload,1447834,1,caught,1,decode
6720,bit_flip,3686728,1,caught,1,decode
6721,random_bytes,5053662,16,caught,1,decode
6722,zeroed_run,129121,1378,caught,1,decode
6723,truncation,4234223,1441550,caught,1,decode
6724,header,510,1,caught,1,decode
6725,payload,3497878,1,caught,1,decode
6726,bit_flip,1611271,1,caught,1,decode
6727,random_bytes,4859427,4,caught,1,decode
6728,zeroed_run,166845,3180,caught,1,decode
6729,truncation,4181979,1493794,caught,1,decode
6730,header,514,1,caught,1,decode
6731,payload,5138833,1,caught,1,decode
6732,bit_flip,4329730,1,caught,1,decode
6733,random_bytes,1061747,15,caught,1,decode
6734,zeroed_run,3206856,3457,caught,1,decode
6735,truncation,3021740,2654033,caught,1,decode
6736,header,287,1,caught,1,decode
6737,payload,1980262,1,caught,1,decode
6738,bit_flip,3898446,1,caught,1,decode
6739,random_bytes,1113948,9,caught,1,decode
6740,zeroed_run,3471325,1215,caught,1,decode
6741,truncation,1190764,4485009,caught,1,decode
6742,header,921,1,caught,1,decode
6743,payload,5269225,1,caught,1,decode
6744,bit_flip,4473248,1,caught,1,decode
6745,random_bytes,4278464,16,caught,1,decode
6746,zeroed_run,5109811,245,caught,1,decode
6747,truncation,90741,5585032,caught,1,decode
6748,header,502,1,caught,1,decode
6749,payload,485353,1,caught,1,decode
6750,bit_flip,751958,1,caught,1,decode
6751,random_bytes,2502034,2,caught,1,decode
6752,zeroed_run,2615783,1410,caught,1,decode
6753,truncation,1197332,4478441,caught,1,decode
6754,header,366,1,caught,1,decode
6755,payload,2019174,1,caught,1,decode
6756,bit_flip,86970,1,caught,1,decode
6757,random_bytes,2980798,2,caught,1,decode
6758,zeroed_run,4805557,3101,caught,1,decode
6759,truncation,3158386,2517387,caught,1,decode
6760,header,580,1,caught,1,decode
6761,payload,5223013,1,caught,1,decode
6762,bit_flip,3775447,1,caught,1,decode
6763,random_bytes,2482251,11,caught,1,decode
6764,zeroed_run,3242068,3678,caught,1,decode
6765,truncation,5434986,240787,caught,1,decode
6766,header,152,1,caught,1,decode
6767,payload,5411686,1,caught,1,decode
6768,bit_flip,1464346,1,caught,1,decode
6769,random_bytes,3453939,7,caught,1,decode
6770,zeroed_run,889539,1262,caught,1,decode
6771,truncation,1313197,4362576,caught,1,decode
6772,header,465,1,caught,1,decode
6773,payload,1877849,1,caught,1,decode
6774,bit_flip,3010193,1,caught,1,decode
6775,random_bytes,1802140,15,caught,1,decode
6776,zeroed_run,4529548,3840,caught,1,decode
6777,truncation,4088794,1586979,caught,1,decode
6778,header,158,1,caught,1,decode
6779,payload,881494,1,caught,1,decode
6780,bit_flip,3226459,1,caught,1,decode
6781,random_bytes,3388201,9,caught,1,decode
6782,zeroed_run,1256119,2840,caught,1,decode
6783,truncation,1108596,4567177,caught,1,decode
6784,header,212,1,caught,1,decode
6785,payload,1756631,1,caught,1,decode
6786,bit_flip,2607403,1,caught,1,decode
6787,random_bytes,3728736,16,caught,1,decode
6788,zeroed_run,4973189,2110,caught,1,decode
6789,truncation,2608297,3067476,caught,1,decode
6790,header,118,1,caught,1,decode
6791,payload,5492390,1,caught,1,decode
6792,bit_flip,2818594,1,caught,1,decode
6793,random_bytes,3189759,4,caught,1,decode
6794,zeroed_run,3800487,2692,caught,1,decode
6795,truncation,4640367,1035406,caught,1,decode
6796,header,896,1,caught,1,decode
6797,payload,4788262,1,caught,1,decode
6798,bit_flip,5066504,1,caught,1,decode
6799,random_bytes,3339942,16,caught,1,decode
6800,zeroed_run,2878866,2020,caught,1,decode
6801,truncation,2714590,2961183,caught,1,decode
6802,header,24,1,caught,1,decode
6803,payload,5405098,1,caught,1,decode
6804,bit_flip,482995,1,caught,1,decode
6805,random_bytes,3022829,16,caught,1,decode
6806,zeroed_run,947414,1156,caught,1,decode
6807,truncation,1717159,3958614,caught,1,decode
6808,header,733,1,caught,1,decode
6809,payload,3489786,1,caught,1,decode
6810,bit_flip,4369787,1,caught,1,decode
6811,random_bytes,1776370,13,caught,1,decode
6812,zeroed_run,3693139,3620,caught,1,decode
6813,truncation,2270848,3404925,caught,1,decode
6814,header,327,1,caught,1,decode
6815,payload,3785033,1,caught,1,decode
6816,bit_flip,2775628,1,caught,1,decode
6817,random_bytes,5049365,4,caught,1,decode
6818,zeroed_run,755266,2417,caught,1,decode
6819,truncation,4244383,1431390,caught,1,decode
6820,header,936,1,caught,1,decode
6821,payload,2231677,1,caught,1,decode
6822,bit_flip,794840,1,caught,1,decode
6823,random_bytes,2888564,6,caught,1,decode
6824,zeroed_run,2072716,1724,caught,1,decode
6825,truncation,2589428,3086345,caught,1,decode
6826,header,1017,1,caught,1,decode
6827,payload,1121969,1,caught,1,decode
6828,bit_flip,1029744,1,caught,1,decode
6829,random_bytes,3053579,8,caught,1,decode
6830,zeroed_run,296479,1865,caught,1,decode
6831,truncation,5349583,326190,caught,1,decode
6832,header,926,1,caught,1,decode
6833,payload,5124624,1,caught,1,decode
6834,bit_flip,3828962,1,caught,1,decode
6835,random_bytes,5240794,7,caught,1,decode
6836,zeroed_run,2256026,1773,caught,1,decode
6837,truncation,1075,5674698,caught,1,decode
6838,header,620,1,caught,1,decode
6839,payload,1974456,1,caught,1,decode
6840,bit_flip,2294370,1,caught,1,decode
6841,random_bytes,4543781,4,caught,1,decode
6842,zeroed_run,4556522,2515,caught,1,decode
6843,truncation,518997,5156776,caught,1,decode
6844,header,245,1,caught,1,decode
6845,payload,392973,1,caught,1,decode
6846,bit_flip,1700458,1,caught,1,decode
6847,random_bytes,3164194,7,caught,1,decode
6848,zeroed_run,1368362,1113,caught,1,decode
6849,truncation,5182434,493339,caught,1,decode
6850,header,787,1,caught,1,decode
6851,payload,2828474,1,caught,1,decode
6852,bit_flip,5398355,1,caught,1,decode
6853,random_bytes,551350,10,caught,1,decode
6854,zeroed_run,3475427,2045,caught,1,decode
6855,truncation,4882543,793230,caught,1,decode
6856,header,39,1,caught,1,decode
6857,payload,469586,1,caught,1,decode
6858,bit_flip,4132795,1,caught,1,decode
6859,random_bytes,4530991,3,caught,1,decode
6860,zeroed_run,4254124,1078,caught,1,decode
6861,truncation,2850823,2824950,caught,1,decode
6862,header,20,1,caught,1,decode
6863,payload,5600425,1,caught,1,decode
6864,bit_flip,2383436,1,caught,1,decode
6865,random_bytes,5171194,16,caught,1,decode
6866,zeroed_run,3852868,2053,caught,1,decode
6867,truncation,3716367,1959406,caught,1,decode
6868,header,109,1,caught,1,decode
6869,payload,3276522,1,caught,1,decode
6870,bit_flip,2639871,1,caught,1,decode
6871,random_bytes,3475017,13,caught,1,decode
6872,zeroed_run,2083613,2189,caught,1,decode
6873,truncation,1090906,4584867,caught,1,decode
6874,header,735,1,caught,1,decode
6875,payload,3917446,1,caught,1,decode
6876,bit_flip,2751857,1,caught,1,decode
6877,random_bytes,1361557,9,caught,1,decode
6878,zeroed_run,489333,1005,caught,1,decode
6879,truncation,2090034,3585739,caught,1,decode
6880,header,1007,1,caught,1,decode
6881,payload,2030071,1,caught,1,decode
6882,bit_flip,4740515,1,caught,1,decode
6883,random_bytes,5585750,10,caught,1,decode
6884,zeroed_run,4916809,1615,caught,1,decode
6885,truncation,2927576,2748197,caught,1,decode
6886,header,571,1,caught,1,decode
6887,payload,4707795,1,caught,1,decode
6888,bit_flip,1458978,1,caught,1,decode
6889,random_bytes,5450805,8,caught,1,decode
6890,zeroed_run,4959760,2936,caught,1,decode
6891,truncation,3019109,2656664,caught,1,decode
6892,header,130,1,caught,1,decode
6893,payload,3756502,1,caught,1,decode
6894,bit_flip,3340363,1,caught,1,decode
6895,random_bytes,530743,8,caught,1,decode
6896,zeroed_run,2360206,2967,caught,1,decode
6897,truncation,3665645,2010128,caught,1,decode
6898,header,665,1,caught,1,decode
6899,payload,4892476,1,caught,1,decode
6900,bit_flip,817756,1,caught,1,decode
6901,random_bytes,4541687,16,caught,1,decode
6902,zeroed_run,2405069,258,caught,1,decode
6903,truncation,2267515,3408258,caught,1,decode
6904,header,454,1,caught,1,decode
6905,payload,1144427,1,caught,1,decode
6906,bit_flip,4878563,1,caught,1,decode
6907,random_bytes,4523985,14,caught,1,decode
6908,zeroed_run,3272938,2023,caught,1,decode
6909,truncation,4449612,1226161,caught,1,decode
6910,header,798,1,caught,1,decode
6911,payload,1823841,1,caught,1,decode
6912,bit_flip,3557491,1,caught,1,decode
6913,random_bytes,5488860,11,caught,1,decode
6914,zeroed_run,1587184,699,caught,1,decode
6915,truncation,5445315,230458,caught,1,decode
6916,header,971,1,caught,1,decode
6917,payload,2285485,1,caught,1,decode
6918,bit_flip,1519227,1,caught,1,decode
6919,random_bytes,2829257,6,caught,1,decode
6920,zeroed_run,4230882,2758,caught,1,decode
6921,truncation,4440553,1235220,caught,1,decode
6922,header,234,1,caught,1,decode
6923,payload,2565990,1,caught,1,decode
6924,bit_flip,2505813,1,caught,1,decode
6925,random_bytes,1328119,2,caught,1,decode
6926,zeroed_run,4177745,2695,caught,1,decode
6927,truncation,587525,5088248,caught,1,decode
6928,header,885,1,caught,1,decode
6929,payload,2359903,1,caught,1,decode
6930,bit_flip,1883295,1,caught,1,decode
6931,random_bytes,193472,15,caught,1,decode
6932,zeroed_run,3208233,2471,caught,1,decode
6933,truncation,3964002,1711771,caught,1,decode
6934,header,805,1,caught,1,decode
6935,payload,805457,1,caught,1,decode
6936,bit_flip,4705458,1,caught,1,decode
6937,random_bytes,86416,13,caught,1,decode
6938,zeroed_run,2191767,1009,caught,1,decode
6939,truncation,2577791,3097982,caught,1,decode
6940,header,204,1,caught,1,decode
6941,payload,3116935,1,caught,1,decode
6942,bit_flip,4632963,1,caught,1,decode
6943,random_bytes,2242397,8,caught,1,decode
6944,zeroed_run,4683480,2782,caught,1,decode
6945,truncation,1040562,4635211,caught,1,decode
6946,header,928,1,caught,1,decode
6947,payload,4872730,1,caught,1,decode
6948,bit_flip,5613811,1,caught,1,decode
6949,random_bytes,4308516,6,caught,1,decode
6950,zeroed_run,895620,496,caught,1,decode
6951,truncation,3773140,1902633,caught,1,decode
6952,header,892,1,caught,1,decode
6953,payload,1485861,1,caught,1,decode
6954,bit_flip,3423955,1,caught,1,decode
6955,random_bytes,16936,2,caught,1,decode
6956,zeroed_run,439210,2856,caught,1,decode
6957,truncation,1622509,4053264,caught,1,decode
6958,header,879,1,caught,1,decode
6959,payload,3910447,1,caught,1,decode
6960,bit_flip,3168690,1,caught,1,decode
6961,random_bytes,4169308,4,caught,1,decode
6962,zeroed_run,1486186,2825,caught,1,decode
6963,truncation,3102042,2573731,caught,1,decode
6964,header,875,1,caught,1,decode
6965,payload,2336873,1,caught,1,decode
6966,bit_flip,273935,1,caught,1,decode
6967,random_bytes,4290424,13,caught,1,decode
6968,zeroed_run,2673764,3349,caught,1,decode
6969,truncation,685793,4989980,caught,1,decode
6970,header,507,1,caught,1,decode
6971,payload,3859057,1,caught,1,decode
6972,bit_flip,366429,1,caught,1,decode
6973,random_bytes,4362234,13,caught,1,decode
6974,zeroed_run,2669133,1879,caught,1,decode
6975,truncation,735225,4940548,caught,1,decode
6976,header,86,1,caught,1,decode
6977,payload,1344208,1,caught,1,decode
6978,bit_flip,153937,1,caught,1,decode
6979,random_bytes,4230557,2,caught,1,decode
6980,zeroed_run,5671017,850,caught,1,decode
6981,truncation,3059943,2615830,caught,1,decode
6982,header,621,1,caught,1,decode
6983,payload,3814632,1,caught,1,decode
6984,bit_flip,4477060,1,caught,1,decode
6985,random_bytes,4776303,15,caught,1,decode
6986,zeroed_run,1998815,1828,caught,1,decode
6987,truncation,1045431,4630342,caught,1,decode
6988,header,908,1,caught,1,decode
6989,payload,4473767,1,caught,1,decode
6990,bit_flip,5408847,1,caught,1,decode
6991,random_bytes,4019902,2,caught,1,decode
6992,zeroed_run,3968703,228,caught,1,decode
6993,truncation,4256455,1419318,caught,1,decode
6994,header,334,1,caught,1,decode
6995,payload,5462505,1,caught,1,decode
6996,bit_flip,5581118,1,caught,1,decode
6997,random_bytes,4412359,9,caught,1,decode
6998,zeroed_run,2465618,3787,caught,1,decode
6999,truncation,1193999,4481774,caught,1,decode
7000,header,814,1,caught,1,decode
7001,payload,2344236,1,caught,1,decode
7002,bit_flip,3282725,1,caught,1,decode
7003,random_bytes,2601983,11,caught,1,decode
7004,zeroed_run,2952387,125,caught,1,decode
7005,truncation,2905284,2770489,caught,1,decode
7006,header,845,1,caught,1,decode
7007,payload,1907970,1,caught,1,decode
7008,bit_flip,5307300,1,caught,1,decode
7009,random_bytes,5473948,8,caught,1,decode
7010,zeroed_run,1893823,97,caught,1,decode
7011,truncation,816832,4858941,caught,1,decode
7012,header,720,1,caught,1,decode
7013,payload,4919206,1,caught,1,decode
7014,bit_flip,3809403,1,caught,1,decode
7015,random_bytes,5236459,12,caught,1,decode
7016,zeroed_run,3179387,963,caught,1,decode
7017,truncation,2244866,3430907,caught,1,decode
7018,header,365,1,caught,1,decode
7019,payload,5079597,1,caught,1,decode
7020,bit_flip,5441954,1,caught,1,decode
7021,random_bytes,3664202,10,caught,1,decode
7022,zeroed_run,105476,1146,caught,1,decode
7023,truncation,3511403,2164370,caught,1,decode
7024,header,992,1,caught,1,decode
7025,payload,3918546,1,caught,1,decode
7026,bit_flip,3094125,1,caught,1,decode
7027,random_bytes,4711896,16,caught,1,decode
7028,zeroed_run,523737,3366,caught,1,decode
7029,truncation,218179,5457594,caught,1,decode
7030,header,748,1,caught,1,decode
7031,payload,4269754,1,caught,1,decode
7032,bit_flip,3963000,1,caught,1,decode
7033,random_bytes,2887437,14,caught,1,decode
7034,zeroed_run,983554,1695,caught,1,decode
7035,truncation,4919526,756247,caught,1,decode
7036,header,426,1,caught,1,decode
7037,payload,3058773,1,caught,1,decode
7038,bit_flip,2654943,1,caught,1,decode
7039,random_bytes,4930845,5,caught,1,decode
7040,zeroed_run,1965444,2689,caught,1,decode
7041,truncation,5044207,631566,caught,1,decode
7042,header,692,1,caught,1,decode
7043,payload,5608508,1,caught,1,decode
7044,bit_flip,3564972,1,caught,1,decode
7045,random_bytes,1160556,16,caught,1,decode
7046,zeroed_run,2416595,3458,caught,1,decode
7047,truncation,1845460,3830313,caught,1,decode
7048,header,169,1,caught,1,decode
7049,payload,2739589,1,caught,1,decode
7050,bit_flip,2599416,1,caught,1,decode
7051,random_bytes,275916,12,caught,1,decode
7052,zeroed_run,4645771,1105,caught,1,decode
7053,truncation,171600,5504173,caught,1,decode
7054,header,275,1,caught,1,decode
7055,payload,1397313,1,caught,1,decode
7056,bit_flip,165249,1,caught,1,decode
7057,random_bytes,5303796,9,caught,1,decode
7058,zeroed_run,1439689,1028,caught,1,decode
7059,truncation,4956442,719331,caught,1,decode
7060,header,900,1,caught,1,decode
7061,payload,4895900,1,caught,1,decode
7062,bit_flip,5461192,1,caught,1,decode
7063,random_bytes,3601674,13,caught,1,decode
7064,zeroed_run,3877646,127,caught,1,decode
7065,truncation,299400,5376373,caught,1,decode
7066,header,162,1,caught,1,decode
7067,payload,4264416,1,caught,1,decode
7068,bit_flip,4203805,1,caught,1,decode
7069,random_bytes,4736985,2,caught,1,decode
7070,zeroed_run,4541735,3999,caught,1,decode
7071,truncation,4734739,941034,caught,1,decode
7072,header,996,1,caught,1,decode
7073,payload,3511002,1,caught,1,decode
7074,bit_flip,2801316,1,caught,1,decode
7075,random_bytes,2256604,2,caught,1,decode
7076,zeroed_run,4884269,2708,caught,1,decode
7077,truncation,433921,5241852,caught,1,decode
7078,header,85,1,caught,1,decode
7079,payload,3782996,1,caught,1,decode
7080,bit_flip,4751764,1,caught,1,decode
7081,random_bytes,4411764,12,caught,1,decode
7082,zeroed_run,5351402,3562,caught,1,decode
7083,truncation,1320785,4354988,caught,1,decode
7084,header,962,1,caught,1,decode
7085,payload,608019,1,caught,1,decode
7086,bit_flip,2107656,1,caught,1,decode
7087,random_bytes,1362948,13,caught,1,decode
7088,zeroed_run,3104802,406,caught,1,decode
7089,truncation,214624,5461149,caught,1,decode
7090,header,71,1,caught,1,decode
7091,payload,3019275,1,caught,1,decode
7092,bit_flip,74246,1,caught,1,decode
7093,random_bytes,2766684,4,caught,1,decode
7094,zeroed_run,3997865,3266,caught,1,decode
7095,truncation,3387068,2288705,caught,1,decode
7096,header,722,1,caught,1,decode
7097,payload,2751120,1,caught,1,decode
7098,bit_flip,2295375,1,caught,1,decode
7099,random_bytes,4651521,15,caught,1,decode
7100,zeroed_run,4770041,2035,caught,1,decode
7101,truncation,3451348,2224425,caught,1,decode
7102,header,380,1,caught,1,decode
7103,payload,949911,1,caught,1,decode
7104,bit_flip,4881622,1,caught,1,decode
7105,random_bytes,5011976,11,caught,1,decode
7106,zeroed_run,4583231,1508,caught,1,decode
7107,truncation,3999737,1676036,caught,1,decode
7108,header,324,1,caught,1,decode
7109,payload,4051558,1,caught,1,decode
7110,bit_flip,944516,1,caught,1,decode
7111,random_bytes,1469453,2,caught,1,decode
7112,zeroed_run,5495189,3049,caught,1,decode
7113,truncation,766199,4909574,caught,1,decode
7114,header,117,1,caught,1,decode
7115,payload,1570502,1,caught,1,decode
7116,bit_flip,348028,1,caught,1,decode
7117,random_bytes,2449575,6,caught,1,decode
7118,zeroed_run,3784653,2200,caught,1,decode
7119,truncation,5190735,485038,caught,1,decode
7120,header,154,1,caught,1,decode
7121,payload,3110706,1,caught,1,decode
7122,bit_flip,3615034,1,caught,1,decode
7123,random_bytes,3236147,5,caught,1,decode
7124,zeroed_run,5540304,3119,caught,1,decode
7125,truncation,1836802,3838971,caught,1,decode
7126,header,82,1,caught,1,decode
7127,payload,2657087,1,caught,1,decode
7128,bit_flip,4352214,1,caught,1,decode
7129,random_bytes,3635922,1,caught,1,decode
7130,zeroed_run,3015011,386,caught,1,decode
7131,truncation,1575242,4100531,caught,1,decode
7132,header,1007,1,caught,1,decode
7133,payload,412047,1,caught,1,decode
7134,bit_flip,582152,1,caught,1,decode
7135,random_bytes,1710099,12,caught,1,decode
7136,zeroed_run,2029478,4043,caught,1,decode
7137,truncation,82944,5592829,caught,1,decode
7138,header,727,1,caught,1,decode
7139,payload,261667,1,caught,1,decode
7140,bit_flip,5064161,1,caught,1,decode
7141,random_bytes,3867692,2,caught,1,decode
7142,zeroed_run,1107827,1380,caught,1,decode
7143,truncation,2835551,2840222,caught,1,decode
7144,header,118,1,caught,1,decode
7145,payload,3092516,1,caught,1,decode
7146,bit_flip,250459,1,caught,1,decode
7147,random_bytes,4707188,1,caught,1,decode
7148,zeroed_run,2231891,3057,caught,1,decode
7149,truncation,4881797,793976,caught,1,decode
7150,header,776,1,caught,1,decode
7151,payload,2523168,1,caught,1,decode
7152,bit_flip,1591008,1,caught,1,decode
7153,random_bytes,3269632,1,caught,1,decode
7154,zeroed_run,2811937,1079,caught,1,decode
7155,truncation,5020073,655700,caught,1,decode
7156,header,689,1,caught,1,decode
7157,payload,838180,1,caught,1,decode
7158,bit_flip,2171357,1,caught,1,decode
7159,random_bytes,761087,2,caught,1,decode
7160,zeroed_run,5344775,140,caught,1,decode
7161,truncation,1824158,3851615,caught,1,decode
7162,header,818,1,caught,1,decode
7163,payload,2474369,1,caught,1,decode
7164,bit_flip,2347941,1,caught,1,decode
7165,random_bytes,1814746,15,caught,1,decode
7166,zeroed_run,3777619,2590,caught,1,decode
7167,truncation,3654914,2020859,caught,1,decode
7168,header,615,1,caught,1,decode
7169,payload,5288080,1,caught,1,decode
7170,bit_flip,5183431,1,caught,1,decode
7171,random_bytes,515356,2,caught,1,decode
7172,zeroed_run,1096914,3881,caught,1,decode
7173,truncation,228529,5447244,caught,1,decode
7174,header,215,1,caught,1,decode
7175,payload,2085459,1,caught,1,decode
7176,bit_flip,20969,1,caught,1,decode
7177,random_bytes,2366130,16,caught,1,decode
7178,zeroed_run,915762,222,caught,1,decode
7179,truncation,700330,4975443,caught,1,decode
7180,header,1009,1,caught,1,decode
7181,payload,3533007,1,caught,1,decode
7182,bit_flip,4649376,1,caught,1,decode
7183,random_bytes,4374802,2,caught,1,decode
7184,zeroed_run,2429300,2616,caught,1,decode
7185,truncation,1039835,4635938,caught,1,decode
7186,header,957,1,caught,1,decode
7187,payload,2229314,1,caught,1,decode
7188,bit_flip,2439640,1,caught,1,decode
7189,random_bytes,2981221,8,caught,1,decode
7190,zeroed_run,4443772,4077,caught,1,decode
7191,truncation,4209984,1465789,caught,1,decode
7192,header,383,1,caught,1,decode
7193,payload,1108561,1,caught,1,decode
7194,bit_flip,3413979,1,caught,1,decode
7195,random_bytes,5541088,3,caught,1,decode
7196,zeroed_run,4778775,2143,caught,1,decode
7197,truncation,4903501,772272,caught,1,decode
7198,header,846,1,caught,1,decode
7199,payload,2566886,1,caught,1,decode
7200,bit_flip,2113496,1,caught,1,decode
7201,random_bytes,2594628,16,caught,1,decode
7202,zeroed_run,1618100,2128,caught,1,decode
7203,truncation,5125157,550616,caught,1,decode
7204,header,823,1,caught,1,decode
7205,payload,4289036,1,caught,1,decode
7206,bit_flip,2577443,1,caught,1,decode
7207,random_bytes,4312345,7,caught,1,decode
7208,zeroed_run,1128397,998,caught,1,decode
7209,truncation,1982212,3693561,caught,1,decode
7210,header,679,1,caught,1,decode
7211,payload,2073554,1,caught,1,decode
7212,bit_flip,4824417,1,caught,1,decode
7213,random_bytes,3630876,14,caught,1,decode
7214,zeroed_run,4781083,1546,caught,1,decode
7215,truncation,3472755,2203018,caught,1,decode
7216,header,948,1,caught,1,decode
7217,payload,486875,1,caught,1,decode
7218,bit_flip,706169,1,caught,1,decode
7219,random_bytes,5330237,12,caught,1,decode
7220,zeroed_run,4171962,385,caught,1,decode
7221,truncation,4903299,772474,caught,1,decode
7222,header,311,1,caught,1,decode
7223,payload,4725991,1,caught,1,decode
7224,bit_flip,5483747,1,caught,1,decode
7225,random_bytes,345234,2,caught,1,decode
7226,zeroed_run,4463294,3475,caught,1,decode
7227,truncation,2118721,3557052,caught,1,decode
7228,header,578,1,caught,1,decode
7229,payload,4168216,1,caught,1,decode
7230,bit_flip,2316793,1,caught,1,decode
7231,random_bytes,3765870,5,caught,1,decode
7232,zeroed_run,2501567,1495,caught,1,decode
7233,truncation,3572406,2103367,caught,1,decode
7234,header,808,1,caught,1,decode
7235,payload,3358067,1,caught,1,decode
7236,bit_flip,5031905,1,caught,1,decode
7237,random_bytes,2653096,16,caught,1,decode
7238,zeroed_run,409755,3566,caught,1,decode
7239,truncation,621222,5054551,caught,1,decode
7240,header,689,1,caught,1,decode
7241,payload,5368513,1,caught,1,decode
7242,bit_flip,3028448,1,caught,1,decode
7243,random_bytes,4090954,2,caught,1,decode
7244,zeroed_run,3060158,400,caught,1,decode
7245,truncation,5125321,550452,caught,1,decode
7246,header,233,1,caught,1,decode
7247,payload,4444049,1,caught,1,decode
7248,bit_flip,4954190,1,caught,1,decode
7249,random_bytes,976228,12,caught,1,decode
7250,zeroed_run,721426,2248,caught,1,decode
7251,truncation,2745004,2930769,caught,1,decode
7252,header,1004,1,caught,1,decode
7253,payload,4994495,1,caught,1,decode
7254,bit_flip,3752297,1,caught,1,decode
7255,random_bytes,201660,13,caught,1,decode
7256,zeroed_run,4708094,752,caught,1,decode
7257,truncation,3554869,2120904,caught,1,decode
7258,header,479,1,caught,1,decode
7259,payload,3221904,1,caught,1,decode
7260,bit_flip,129690,1,caught,1,decode
7261,random_bytes,1662463,12,caught,1,decode
7262,zeroed_run,2824436,2636,caught,1,decode
7263,truncation,4589913,1085860,caught,1,decode
7264,header,705,1,caught,1,decode
7265,payload,3757520,1,caught,1,decode
7266,bit_flip,547997,1,caught,1,decode
7267,random_bytes,2478901,6,caught,1,decode
7268,zeroed_run,3688515,2011,caught,1,decode
7269,truncation,1005408,4670365,caught,1,decode
7270,header,219,1,caught,1,decode
7271,payload,1803403,1,caught,1,decode
7272,bit_flip,5530902,1,caught,1,decode
7273,random_bytes,2653565,11,caught,1,decode
7274,zeroed_run,2270485,1836,caught,1,decode
7275,truncation,2603922,3071851,caught,1,decode
7276,header,454,1,caught,1,decode
7277,payload,4963211,1,caught,1,decode
7278,bit_flip,1525231,1,caught,1,decode
7279,random_bytes,4180516,5,caught,1,decode
7280,zeroed_run,2165060,740,caught,1,decode
7281,truncation,4913626,762147,caught,1,decode
7282,header,203,1,caught,1,decode
7283,payload,5105540,1,caught,1,decode
7284,bit_flip,1310800,1,caught,1,decode
7285,random_bytes,1693744,11,caught,1,decode
7286,zeroed_run,2742545,2849,caught,1,decode
7287,truncation,4915493,760280,caught,1,decode
7288,header,839,1,caught,1,decode
7289,payload,47089,1,caught,1,decode
7290,bit_flip,2389561,1,caught,1,decode
7291,random_bytes,1142907,12,caught,1,decode
7292,zeroed_run,340475,426,caught,1,decode
7293,truncation,2360321,3315452,caught,1,decode
7294,header,440,1,caught,1,decode
7295,payload,4985064,1,caught,1,decode
7296,bit_flip,375107,1,caught,1,decode
7297,random_bytes,1537467,10,caught,1,decode
7298,zeroed_run,2619068,1708,caught,1,decode
7299,truncation,2455687,3220086,caught,1,decode
7300,header,863,1,caught,1,decode
7301,payload,3175501,1,caught,1,decode
7302,bit_flip,803290,1,caught,1,decode
7303,random_bytes,1666457,1,caught,1,decode
7304,zeroed_run,5082976,819,caught,1,decode
7305,truncation,4381478,1294295,caught,1,decode
7306,header,691,1,caught,1,decode
7307,payload,5131845,1,caught,1,decode
7308,bit_flip,4596618,1,caught,1,decode
7309,random_bytes,3525102,3,caught,1,decode
7310,zeroed_run,3794415,2611,caught,1,decode
7311,truncation,1562282,4113491,caught,1,decode
7312,header,84,1,caught,1,decode
7313,payload,4659101,1,caught,1,decode
7314,bit_flip,3713610,1,caught,1,decode
7315,random_bytes,3746799,15,caught,1,decode
7316,zeroed_run,893295,2970,caught,1,decode
7317,truncation,4258362,1417411,caught,1,decode
7318,header,312,1,caught,1,decode
7319,payload,387910,1,caught,1,decode
7320,bit_flip,5151007,1,caught,1,decode
7321,random_bytes,2018818,14,caught,1,decode
7322,zeroed_run,1156130,2742,caught,1,decode
7323,truncation,17688,5658085,caught,1,decode
7324,header,514,1,caught,1,decode
7325,payload,5287675,1,caught,1,decode
7326,bit_flip,3938945,1,caught,1,decode
7327,random_bytes,1719051,13,caught,1,decode
7328,zeroed_run,2706902,2037,caught,1,decode
7329,truncation,3025945,2649828,caught,1,decode
7330,header,127,1,caught,1,decode
7331,payload,2627488,1,caught,1,decode
7332,bit_flip,2394282,1,caught,1,decode
7333,random_bytes,3766974,6,caught,1,decode
7334,zeroed_run,1328539,1326,caught,1,decode
7335,truncation,3638148,2037625,caught,1,decode
7336,header,812,1,caught,1,decode
7337,payload,3838909,1,caught,1,decode
7338,bit_flip,1253220,1,caught,1,decode
7339,random_bytes,1990725,9,caught,1,decode
7340,zeroed_run,1163838,2406,caught,1,decode
7341,truncation,468005,5207768,caught,1,decode
7342,header,817,1,caught,1,decode
7343,payload,532723,1,caught,1,decode
7344,bit_flip,2077534,1,caught,1,decode
7345,random_bytes,2121407,8,caught,1,decode
7346,zeroed_run,841677,2448,caught,1,decode
7347,truncation,5072796,602977,caught,1,decode
7348,header,776,1,caught,1,decode
7349,payload,1414803,1,caught,1,decode
7350,bit_flip,3102134,1,caught,1,decode
7351,random_bytes,2739540,11,caught,1,decode
7352,zeroed_run,2830815,3138,caught,1,decode
7353,truncation,3919505,1756268,caught,1,decode
7354,header,570,1,caught,1,decode
7355,payload,1327992,1,caught,1,decode
7356,bit_flip,1577876,1,caught,1,decode
7357,random_bytes,5028511,1,caught,1,decode
7358,zeroed_run,590419,673,caught,1,decode
7359,truncation,1349103,4326670,caught,1,decode
7360,header,246,1,caught,1,decode
7361,payload,3878391,1,caught,1,decode
7362,bit_flip,4583692,1,caught,1,decode
7363,random_bytes,2860134,2,caught,1,decode
7364,zeroed_run,5390489,1899,caught,1,decode
7365,truncation,2892045,2783728,caught,1,decode
7366,header,689,1,caught,1,decode
7367,payload,2886725,1,caught,1,decode
7368,bit_flip,524379,1,caught,1,decode
7369,random_bytes,3811332,8,caught,1,decode
7370,zeroed_run,5125738,3813,caught,1,decode
7371,truncation,3129543,2546230,caught,1,decode
7372,header,622,1,caught,1,decode
7373,payload,2593235,1,caught,1,decode
7374,bit_flip,1517358,1,caught,1,decode
7375,random_bytes,5422196,15,caught,1,decode
7376,zeroed_run,5358811,4078,caught,1,decode
7377,truncation,4708430,967343,caught,1,decode
7378,header,596,1,caught,1,decode
7379,payload,95438,1,caught,1,decode
7380,bit_flip,3309587,1,caught,1,decode
7381,random_bytes,505623,15,caught,1,decode
7382,zeroed_run,4505643,3412,caught,1,decode
7383,truncation,5502823,172950,caught,1,decode
7384,header,558,1,caught,1,decode
7385,payload,707576,1,caught,1,decode
7386,bit_flip,3995371,1,caught,1,decode
7387,random_bytes,2760514,3,caught,1,decode
7388,zeroed_run,5305453,3683,caught,1,decode
7389,truncation,3715527,1960246,caught,1,decode
7390,header,41,1,caught,1,decode
7391,payload,5064822,1,caught,1,decode
7392,bit_flip,859582,1,caught,1,decode
7393,random_bytes,3948039,7,caught,1,decode
7394,zeroed_run,5473200,445,caught,1,decode
7395,truncation,4587385,1088388,caught,1,decode
7396,header,385,1,caught,1,decode
7397,payload,4452481,1,caught,1,decode
7398,bit_flip,5944,1,caught,1,decode
7399,random_bytes,1870108,4,caught,1,decode
7400,zeroed_run,2797010,3756,caught,1,decode
7401,truncation,1087664,4588109,caught,1,decode
7402,header,212,1,caught,1,decode
7403,payload,2944217,1,caught,1,decode
7404,bit_flip,2130777,1,caught,1,decode
7405,random_bytes,2199370,5,caught,1,decode
7406,zeroed_run,2710475,22,caught,1,decode
7407,truncation,2638768,3037005,caught,1,decode
7408,header,219,1,caught,1,decode
7409,payload,2902889,1,caught,1,decode
7410,bit_flip,2119681,1,caught,1,decode
7411,random_bytes,2926435,5,caught,1,decode
7412,zeroed_run,250217,3150,caught,1,decode
7413,truncation,2264978,3410795,caught,1,decode
7414,header,598,1,caught,1,decode
7415,payload,2520465,1,caught,1,decode
7416,bit_flip,4717949,1,caught,1,decode
7417,random_bytes,2707328,7,caught,1,decode
7418,zeroed_run,3686759,2253,caught,1,decode
7419,truncation,2128694,3547079,caught,1,decode
7420,header,14,1,caught,1,decode
7421,payload,4561536,1,caught,1,decode
7422,bit_flip,4807881,1,caught,1,decode
7423,random_bytes,5511360,9,caught,1,decode
7424,zeroed_run,302916,2685,caught,1,decode
7425,truncation,1155860,4519913,caught,1,decode
7426,header,125,1,caught,1,decode
7427,payload,201381,1,caught,1,decode
7428,bit_flip,5401328,1,caught,1,decode
7429,random_bytes,723232,15,caught,1,decode
7430,zeroed_run,4587325,2430,caught,1,decode
7431,truncation,3691409,1984364,caught,1,decode
7432,header,833,1,caught,1,decode
7433,payload,4227213,1,caught,1,decode
7434,bit_flip,5142405,1,caught,1,decode
7435,random_bytes,2800787,1,caught,1,decode
7436,zeroed_run,4686636,1070,caught,1,decode
7437,truncation,3635528,2040245,caught,1,decode
7438,header,744,1,caught,1,decode
7439,payload,2767532,1,caught,1,decode
7440,bit_flip,3572767,1,caught,1,decode
7441,random_bytes,586777,4,caught,1,decode
7442,zeroed_run,3389793,2731,caught,1,decode
7443,truncation,3785646,1890127,caught,1,decode
7444,header,185,1,caught,1,decode
7445,payload,5078198,1,caught,1,decode
7446,bit_flip,92841,1,caught,1,decode
7447,random_bytes,1283537,1,caught,1,decode
7448,zeroed_run,3631590,1541,caught,1,decode
7449,truncation,5425079,250694,caught,1,decode
7450,header,757,1,caught,1,decode
7451,payload,3313673,1,caught,1,decode
7452,bit_flip,1502734,1,caught,1,decode
7453,random_bytes,5177478,8,caught,1,decode
7454,zeroed_run,1550587,306,caught,1,decode
7455,truncation,4480220,1195553,caught,1,decode
7456,header,95,1,caught,1,decode
7457,payload,3203204,1,caught,1,decode
7458,bit_flip,14301,1,caught,1,decode
7459,random_bytes,1608360,1,caught,1,decode
7460,zeroed_run,3713080,2121,caught,1,decode
7461,truncation,2494115,3181658,caught,1,decode
7462,header,173,1,caught,1,decode
7463,payload,2974832,1,caught,1,decode
7464,bit_flip,3438781,1,caught,1,decode
7465,random_bytes,4986742,12,caught,1,decode
7466,zeroed_run,1519185,3910,caught,1,decode
7467,truncation,1611438,4064335,caught,1,decode
7468,header,124,1,caught,1,decode
7469,payload,107018,1,caught,1,decode
7470,bit_flip,289878,1,caught,1,decode
7471,random_bytes,593108,8,caught,1,decode
7472,zeroed_run,2081488,1587,caught,1,decode
7473,truncation,1359083,4316690,caught,1,decode
7474,header,378,1,caught,1,decode
7475,payload,1452060,1,caught,1,decode
7476,bit_flip,3951567,1,caught,1,decode
7477,random_bytes,1521205,5,caught,1,decode
7478,zeroed_run,1089676,2060,caught,1,decode
7479,truncation,3220369,2455404,caught,1,decode
7480,header,279,1,caught,1,decode
7481,payload,2901493,1,caught,1,decode
7482,bit_flip,3762546,1,caught,1,decode
7483,random_bytes,1853387,12,caught,1,decode
7484,zeroed_run,256693,1792,caught,1,decode
7485,truncation,3725867,1949906,caught,1,decode
7486,header,506,1,caught,1,decode
7487,payload,1169512,1,caught,1,decode
7488,bit_flip,3383353,1,caught,1,decode
7489,random_bytes,5235611,13,caught,1,decode
7490,zeroed_run,4143752,455,caught,1,decode
7491,truncation,1465403,4210370,caught,1,decode
7492,header,401,1,caught,1,decode
7493,payload,4462480,1,caught,1,decode
7494,bit_flip,1437614,1,caught,1,decode
7495,random_bytes,2817501,15,caught,1,decode
7496,zeroed_run,3604599,2385,caught,1,decode
7497,truncation,577120,5098653,caught,1,decode
7498,header,493,1,caught,1,decode
7499,payload,1013523,1,caught,1,decode
7500,bit_flip,4347397,1,caught,1,decode
7501,random_bytes,5146753,11,caught,1,decode
7502,zeroed_run,1645724,1245,caught,1,decode
7503,truncation,3372747,2303026,caught,1,decode
7504,header,874,1,caught,1,decode
7505,payload,20852,1,caught,1,decode
7506,bit_flip,3877551,1,caught,1,decode
7507,random_bytes,1241219,3,caught,1,decode
7508,zeroed_run,1863210,3791,caught,1,decode
7509,truncation,5545247,130526,caught,1,decode
7510,header,967,1,caught,1,decode
7511,payload,4350767,1,caught,1,decode
7512,bit_flip,206602,1,caught,1,decode
7513,random_bytes,2297454,15,caught,1,decode
7514,zeroed_run,1752728,143,caught,1,decode
7515,truncation,1394647,4281126,caught,1,decode
7516,header,816,1,caught,1,decode
7517,payload,3590226,1,caught,1,decode
7518,bit_flip,36212,1,caught,1,decode
7519,random_bytes,210380,3,caught,1,decode
7520,zeroed_run,2683017,3136,caught,1,decode
7521,truncation,803313,4872460,caught,1,decode
7522,header,239,1,caught,1,decode
7523,payload,2650540,1,caught,1,decode
7524,bit_flip,3893070,1,caught,1,decode
7525,random_bytes,4722532,9,caught,1,decode
7526,zeroed_run,3016928,2791,caught,1,decode
7527,truncation,1479688,4196085,caught,1,decode
7528,header,769,1,caught,1,decode
7529,payload,1251406,1,caught,1,decode
7530,bit_flip,2664339,1,caught,1,decode
7531,random_bytes,320704,8,caught,1,decode
7532,zeroed_run,5567868,2956,caught,1,decode
7533,truncation,5433332,242441,caught,1,decode
7534,header,189,1,caught,1,decode
7535,payload,529578,1,caught,1,decode
7536,bit_flip,3461793,1,caught,1,decode
7537,random_bytes,3707670,1,caught,1,decode
7538,zeroed_run,2757743,3421,caught,1,decode
7539,truncation,1043153,4632620,caught,1,decode
7540,header,361,1,caught,1,decode
7541,payload,5469460,1,caught,1,decode
7542,bit_flip,3505323,1,caught,1,decode
7543,random_bytes,5494043,14,caught,1,decode
7544,zeroed_run,5626351,2633,caught,1,decode
7545,truncation,3372849,2302924,caught,1,decode
7546,header,541,1,caught,1,decode
7547,payload,1743294,1,caught,1,decode
7548,bit_flip,4040093,1,caught,1,decode
7549,random_bytes,1883903,4,caught,1,decode
7550,zeroed_run,1983887,295,caught,1,decode
7551,truncation,5617120,58653,caught,1,decode
7552,header,498,1,caught,1,decode
7553,payload,4955072,1,caught,1,decode
7554,bit_flip,1544203,1,caught,1,decode
7555,random_bytes,3605650,8,caught,1,decode
7556,zeroed_run,482350,2307,caught,1,decode
7557,truncation,4497921,1177852,caught,1,decode
7558,header,517,1,caught,1,decode
7559,payload,3964562,1,caught,1,decode
7560,bit_flip,4914012,1,caught,1,decode
7561,random_bytes,2894242,6,caught,1,decode
7562,zeroed_run,3188965,3805,caught,1,decode
7563,truncation,53370,5622403,caught,1,decode
7564,header,898,1,caught,1,decode
7565,payload,1017116,1,caught,1,decode
7566,bit_flip,4596178,1,caught,1,decode
7567,random_bytes,3760690,10,caught,1,decode
7568,zeroed_run,3649753,3869,caught,1,decode
7569,truncation,1916639,3759134,caught,1,decode
7570,header,378,1,caught,1,decode
7571,payload,3465734,1,caught,1,decode
7572,bit_flip,2608268,1,caught,1,decode
7573,random_bytes,1177439,13,caught,1,decode
7574,zeroed_run,4920416,2855,caught,1,decode
7575,truncation,1987957,3687816,caught,1,decode
7576,header,124,1,caught,1,decode
7577,payload,2708718,1,caught,1,decode
7578,bit_flip,5675281,1,caught,1,decode
7579,random_bytes,1072827,3,caught,1,decode
7580,zeroed_run,4495647,3578,caught,1,decode
7581,truncation,399883,5275890,caught,1,decode
7582,header,48,1,caught,1,decode
7583,payload,4462602,1,caught,1,decode
7584,bit_flip,1671788,1,caught,1,decode
7585,random_bytes,2273670,16,caught,1,decode
7586,zeroed_run,3645936,262,caught,1,decode
7587,truncation,3612295,2063478,caught,1,decode
7588,header,777,1,caught,1,decode
7589,payload,16853,1,caught,1,decode
7590,bit_flip,3125330,1,caught,1,decode
7591,random_bytes,2823983,11,caught,1,decode
7592,zeroed_run,2735857,4091,caught,1,decode
7593,truncation,2811875,2863898,caught,1,decode
7594,header,559,1,caught,1,decode
7595,payload,2923897,1,caught,1,decode
7596,bit_flip,3571213,1,caught,1,decode
7597,random_bytes,3691635,12,caught,1,decode
7598,zeroed_run,3518722,3822,caught,1,decode
7599,truncation,4797291,878482,caught,1,decode
7600,header,1021,1,caught,1,decode
7601,payload,1970283,1,caught,1,decode
7602,bit_flip,461138,1,caught,1,decode
7603,random_bytes,3978875,15,caught,1,decode
7604,zeroed_run,3333239,2871,caught,1,decode
7605,truncation,2377941,3297832,caught,1,decode
7606,header,937,1,caught,1,decode
7607,payload,2783257,1,caught,1,decode
7608,bit_flip,794062,1,caught,1,decode
7609,random_bytes,3326799,1,caught,1,decode
7610,zeroed_run,1886369,2330,caught,1,decode
7611,truncation,318193,5357580,caught,1,decode
7612,header,814,1,caught,1,decode
7613,payload,1718980,1,caught,1,decode
7614,bit_flip,3939807,1,caught,1,decode
7615,random_bytes,3638163,15,caught,1,decode
7616,zeroed_run,4518565,1798,caught,1,decode
7617,truncation,60297,5615476,caught,1,decode
7618,header,865,1,caught,1,decode
7619,payload,3050461,1,caught,1,decode
7620,bit_flip,4163628,1,caught,1,decode
7621,random_bytes,3052951,7,caught,1,decode
7622,zeroed_run,3675677,3554,caught,1,decode
7623,truncation,43012,5632761,caught,1,decode
7624,header,248,1,caught,1,decode
7625,payload,5197079,1,caught,1,decode
7626,bit_flip,1174200,1,caught,1,decode
7627,random_bytes,3436756,9,caught,1,decode
7628,zeroed_run,5303704,2773,caught,1,decode
7629,truncation,276712,5399061,caught,1,decode
7630,header,913,1,caught,1,decode
7631,payload,2525368,1,caught,1,decode
7632,bit_flip,1847427,1,caught,1,decode
7633,random_bytes,1332,8,caught,1,decode
7634,zeroed_run,1192835,3671,caught,1,decode
7635,truncation,1479002,4196771,caught,1,decode
7636,header,688,1,caught,1,decode
7637,payload,5489180,1,caught,1,decode
7638,bit_flip,2098508,1,caught,1,decode
7639,random_bytes,3298220,4,caught,1,decode
7640,zeroed_run,2407642,658,caught,1,decode
7641,truncation,4329113,1346660,caught,1,decode
7642,header,506,1,caught,1,decode
7643,payload,3359815,1,caught,1,decode
7644,bit_flip,893545,1,caught,1,decode
7645,random_bytes,5626097,3,caught,1,decode
7646,zeroed_run,882825,3537,caught,1,decode
7647,truncation,5408239,267534,caught,1,decode
7648,header,871,1,caught,1,decode
7649,payload,3831944,1,caught,1,decode
7650,bit_flip,210952,1,caught,1,decode
7651,random_bytes,2726857,9,caught,1,decode
7652,zeroed_run,1322309,1056,caught,1,decode
7653,truncation,462736,5213037,caught,1,decode
7654,header,527,1,caught,1,decode
7655,payload,2695673,1,caught,1,decode
7656,bit_flip,4812263,1,caught,1,decode
7657,random_bytes,65552,15,caught,1,decode
7658,zeroed_run,619582,1044,caught,1,decode
7659,truncation,4192850,1482923,caught,1,decode
7660,header,674,1,caught,1,decode
7661,payload,3221722,1,caught,1,decode
7662,bit_flip,1452361,1,caught,1,decode
7663,random_bytes,44198,8,caught,1,decode
7664,zeroed_run,1422002,683,caught,1,decode
7665,truncation,2891793,2783980,caught,1,decode
7666,header,242,1,caught,1,decode
7667,payload,93042,1,caught,1,decode
7668,bit_flip,3940949,1,caught,1,decode
7669,random_bytes,2642370,6,caught,1,decode
7670,zeroed_run,1138396,1195,caught,1,decode
7671,truncation,2852915,2822858,caught,1,decode
7672,header,737,1,caught,1,decode
7673,payload,1110429,1,caught,1,decode
7674,bit_flip,4026425,1,caught,1,decode
7675,random_bytes,1897371,3,caught,1,decode
7676,zeroed_run,689036,1146,caught,1,decode
7677,truncation,3689189,1986584,caught,1,decode
7678,header,973,1,caught,1,decode
7679,payload,4931114,1,caught,1,decode
7680,bit_flip,90295,1,caught,1,decode
7681,random_bytes,2540026,13,caught,1,decode
7682,zeroed_run,796868,3797,caught,1,decode
7683,truncation,2838786,2836987,caught,1,decode
7684,header,597,1,caught,1,decode
7685,payload,3985238,1,caught,1,decode
7686,bit_flip,4646564,1,caught,1,decode
7687,random_bytes,696478,1,caught,1,decode
7688,zeroed_run,3938912,601,caught,1,decode
7689,truncation,4274958,1400815,caught,1,decode
7690,header,166,1,caught,1,decode
7691,payload,2031199,1,caught,1,decode
7692,bit_flip,2410291,1,caught,1,decode
7693,random_bytes,3793967,7,caught,1,decode
7694,zeroed_run,863590,2120,caught,1,decode
7695,truncation,540926,5134847,caught,1,decode
7696,header,2,1,caught,1,decode
7697,payload,615448,1,caught,1,decode
7698,bit_flip,2975516,1,caught,1,decode
7699,random_bytes,1242898,16,caught,1,decode
7700,zeroed_run,5061852,83,caught,1,decode
7701,truncation,4393354,1282419,caught,1,decode
7702,header,985,1,caught,1,decode
7703,payload,324018,1,caught,1,decode
7704,bit_flip,2581170,1,caught,1,decode
7705,random_bytes,4895839,4,caught,1,decode
7706,zeroed_run,3844634,2852,caught,1,decode
7707,truncation,4253156,1422617,caught,1,decode
7708,header,923,1,caught,1,decode
7709,payload,1767558,1,caught,1,decode
7710,bit_flip,226489,1,caught,1,decode
7711,random_bytes,4165931,14,caught,1,decode
7712,zeroed_run,2703252,1818,caught,1,decode
7713,truncation,5138088,537685,caught,1,decode
7714,header,393,1,caught,1,decode
7715,payload,1012630,1,caught,1,decode
7716,bit_flip,2715163,1,caught,1,decode
7717,random_bytes,3187279,10,caught,1,decode
7718,zeroed_run,5617417,109,caught,1,decode
7719,truncation,1821782,3853991,caught,1,decode
7720,header,716,1,caught,1,decode
7721,payload,2877923,1,caught,1,decode
7722,bit_flip,845756,1,caught,1,decode
7723,random_bytes,1786574,9,caught,1,decode
7724,zeroed_run,465613,1167,caught,1,decode
7725,truncation,3337651,2338122,caught,1,decode
7726,header,258,1,caught,1,decode
7727,payload,108732,1,caught,1,decode
7728,bit_flip,4777839,1,caught,1,decode
7729,random_bytes,622875,13,caught,1,decode
7730,zeroed_run,1559554,163,caught,1,decode
7731,truncation,1307822,4367951,caught,1,decode
7732,header,508,1,caught,1,decode
7733,payload,1137006,1,caught,1,decode
7734,bit_flip,3870088,1,caught,1,decode
7735,random_bytes,129247,1,caught,1,decode
7736,zeroed_run,597886,1895,caught,1,decode
7737,truncation,3427140,2248633,caught,1,decode
7738,header,762,1,caught,1,decode
7739,payload,528157,1,caught,1,decode
7740,bit_flip,1115672,1,caught,1,decode
7741,random_bytes,4567452,5,caught,1,decode
7742,zeroed_run,3187640,3380,caught,1,decode
7743,truncation,2016460,3659313,caught,1,decode
7744,header,523,1,caught,1,decode
7745,payload,48380,1,caught,1,decode
7746,bit_flip,1169782,1,caught,1,decode
7747,random_bytes,1511382,3,caught,1,decode
7748,zeroed_run,3998928,2452,caught,1,decode
7749,truncation,975117,4700656,caught,1,decode
7750,header,194,1,caught,1,decode
7751,payload,2869089,1,caught,1,decode
7752,bit_flip,2729102,1,caught,1,decode
7753,random_bytes,4523991,8,caught,1,decode
7754,zeroed_run,2046105,1849,caught,1,decode
7755,truncation,2357678,3318095,caught,1,decode
7756,header,328,1,caught,1,decode
7757,payload,3530363,1,caught,1,decode
7758,bit_flip,1769662,1,caught,1,decode
7759,random_bytes,3933221,5,caught,1,decode
7760,zeroed_run,1175995,413,caught,1,decode
7761,truncation,3155619,2520154,caught,1,decode
7762,header,317,1,caught,1,decode
7763,payload,1315242,1,caught,1,decode
7764,bit_flip,720465,1,caught,1,decode
7765,random_bytes,3542410,2,caught,1,decode
7766,zeroed_run,2710302,1501,caught,1,decode
7767,truncation,3061254,2614519,caught,1,decode
7768,header,581,1,caught,1,decode
7769,payload,531242,1,caught,1,decode
7770,bit_flip,899898,1,caught,1,decode
7771,random_bytes,2443396,15,caught,1,decode
7772,zeroed_run,1675929,2106,caught,1,decode
7773,truncation,1270655,4405118,caught,1,decode
7774,header,965,1,caught,1,decode
7775,payload,4902292,1,caught,1,decode
7776,bit_flip,4106791,1,caught,1,decode
7777,random_bytes,2436168,4,caught,1,decode
7778,zeroed_run,1204000,1373,caught,1,decode
7779,truncation,79941,5595832,caught,1,decode
7780,header,221,1,caught,1,decode
7781,payload,4870237,1,caught,1,decode
7782,bit_flip,2704568,1,caught,1,decode
7783,random_bytes,1600068,3,caught,1,decode
7784,zeroed_run,1818782,1321,caught,1,decode
7785,truncation,4523950,1151823,caught,1,decode
7786,header,750,1,caught,1,decode
7787,payload,4746369,1,caught,1,decode
7788,bit_flip,3942978,1,caught,1,decode
7789,random_bytes,1635547,8,caught,1,decode
7790,zeroed_run,677730,3117,caught,1,decode
7791,truncation,3614912,2060861,caught,1,decode
7792,header,74,1,caught,1,decode
7793,payload,3310162,1,caught,1,decode
7794,bit_flip,4068744,1,caught,1,decode
7795,random_bytes,253885,7,caught,1,decode
7796,zeroed_run,3707644,3403,caught,1,decode
7797,truncation,5644098,31675,caught,1,decode
7798,header,977,1,caught,1,decode
7799,payload,3163071,1,caught,1,decode
7800,bit_flip,4827701,1,caught,1,decode
7801,random_bytes,2205761,9,caught,1,decode
7802,zeroed_run,353008,2523,caught,1,decode
7803,truncation,828482,4847291,caught,1,decode
7804,header,613,1,caught,1,decode
7805,payload,2400106,1,caught,1,decode
7806,bit_flip,4741904,1,caught,1,decode
7807,random_bytes,1244772,10,caught,1,decode
7808,zeroed_run,493322,102,caught,1,decode
7809,truncation,185176,5490597,caught,1,decode
7810,header,439,1,caught,1,decode
7811,payload,1609036,1,caught,1,decode
7812,bit_flip,3272138,1,caught,1,decode
7813,random_bytes,4601111,3,caught,1,decode
7814,zeroed_run,2049425,753,caught,1,decode
7815,truncation,3067800,2607973,caught,1,decode
7816,header,135,1,caught,1,decode
7817,payload,5661881,1,caught,1,decode
7818,bit_flip,786057,1,caught,1,decode
7819,random_bytes,1967857,2,caught,1,decode
7820,zeroed_run,3378103,3854,caught,1,decode
7821,truncation,714284,4961489,caught,1,decode
7822,header,798,1,caught,1,decode
7823,payload,617035,1,caught,1,decode
7824,bit_flip,810011,1,caught,1,decode
7825,random_bytes,5069425,3,caught,1,decode
7826,zeroed_run,2509167,3089,caught,1,decode
7827,truncation,3152417,2523356,caught,1,decode
7828,header,682,1,caught,1,decode
7829,payload,2229034,1,caught,1,decode
7830,bit_flip,329145,1,caught,1,decode
7831,random_bytes,5347676,13,caught,1,decode
7832,zeroed_run,2293315,2251,caught,1,decode
7833,truncation,2967760,2708013,caught,1,decode
7834,header,547,1,caught,1,decode
7835,payload,1324206,1,caught,1,decode
7836,bit_flip,4511154,1,caught,1,decode
7837,random_bytes,979913,10,caught,1,decode
7838,zeroed_run,2161605,3641,caught,1,decode
7839,truncation,4542395,1133378,caught,1,decode
7840,header,210,1,caught,1,decode
7841,payload,2703304,1,caught,1,decode
7842,bit_flip,4206716,1,caught,1,decode
7843,random_bytes,4730546,9,caught,1,decode
7844,zeroed_run,2375198,3309,caught,1,decode
7845,truncation,1045175,4630598,caught,1,decode
7846,header,627,1,caught,1,decode
7847,payload,5485475,1,caught,1,decode
7848,bit_flip,5199152,1,caught,1,decode
7849,random_bytes,4578356,1,caught,1,decode
7850,zeroed_run,1182092,1814,caught,1,decode
7851,truncation,47597,5628176,caught,1,decode
7852,header,417,1,caught,1,decode
7853,payload,4767038,1,caught,1,decode
7854,bit_flip,5152975,1,caught,1,decode
7855,random_bytes,3048522,15,caught,1,decode
7856,zeroed_run,3129019,2498,caught,1,decode
7857,truncation,3004851,2670922,caught,1,decode
7858,header,720,1,caught,1,decode
7859,payload,47934,1,caught,1,decode
7860,bit_flip,4503186,1,caught,1,decode
7861,random_bytes,418556,5,caught,1,decode
7862,zeroed_run,3494450,3637,caught,1,decode
7863,truncation,3387609,2288164,caught,1,decode
7864,header,484,1,caught,1,decode
7865,payload,4685791,1,caught,1,decode
7866,bit_flip,3124455,1,caught,1,decode
7867,random_bytes,1167192,7,caught,1,decode
7868,zeroed_run,5578051,1775,caught,1,decode
7869,truncation,4145427,1530346,caught,1,decode
7870,header,72,1,caught,1,decode
7871,payload,165598,1,caught,1,decode
7872,bit_flip,5063330,1,caught,1,decode
7873,random_bytes,2638706,16,caught,1,decode
7874,zeroed_run,1405651,3282,caught,1,decode
7875,truncation,2446877,3228896,caught,1,decode
7876,header,959,1,caught,1,decode
7877,payload,3898197,1,caught,1,decode
7878,bit_flip,975262,1,caught,1,decode
7879,random_bytes,379594,14,caught,1,decode
7880,zeroed_run,5624834,24,caught,1,decode
7881,truncation,950728,4725045,caught,1,decode
7882,header,546,1,caught,1,decode
7883,payload,3697303,1,caught,1,decode
7884,bit_flip,348064,1,caught,1,decode
7885,random_bytes,5304633,6,caught,1,decode
7886,zeroed_run,2763981,994,caught,1,decode
7887,truncation,3021222,2654551,caught,1,decode
7888,header,644,1,caught,1,decode
7889,payload,2549315,1,caught,1,decode
7890,bit_flip,3505700,1,caught,1,decode
7891,random_bytes,5577195,5,caught,1,decode
7892,zeroed_run,3049017,2016,caught,1,decode
7893,truncation,348958,5326815,caught,1,decode
7894,header,131,1,caught,1,decode
7895,payload,3385265,1,caught,1,decode
7896,bit_flip,3139686,1,caught,1,decode
7897,random_bytes,3365984,15,caught,1,decode
7898,zeroed_run,4853793,303,caught,1,decode
7899,truncation,4339324,1336449,caught,1,decode
7900,header,87,1,caught,1,decode
7901,payload,2676080,1,caught,1,decode
7902,bit_flip,289950,1,caught,1,decode
7903,random_bytes,5325839,12,caught,1,decode
7904,zeroed_run,5347751,768,caught,1,decode
7905,truncation,2019249,3656524,caught,1,decode
7906,header,149,1,caught,1,decode
7907,payload,4339898,1,caught,1,decode
7908,bit_flip,2194766,1,caught,1,decode
7909,random_bytes,129017,8,caught,1,decode
7910,zeroed_run,3218368,745,caught,1,decode
7911,truncation,5603045,72728,caught,1,decode
7912,header,932,1,caught,1,decode
7913,payload,5015837,1,caught,1,decode
7914,bit_flip,3102762,1,caught,1,decode
7915,random_bytes,4608710,8,caught,1,decode
7916,zeroed_run,4680116,315,caught,1,decode
7917,truncation,908952,4766821,caught,1,decode
7918,header,870,1,caught,1,decode
7919,payload,2525756,1,caught,1,decode
7920,bit_flip,232659,1,caught,1,decode
7921,random_bytes,3546520,6,caught,1,decode
7922,zeroed_run,2827063,3483,caught,1,decode
7923,truncation,716776,4958997,caught,1,decode
7924,header,186,1,caught,1,decode
7925,payload,3082149,1,caught,1,decode
7926,bit_flip,2252073,1,caught,1,decode
7927,random_bytes,2587742,9,caught,1,decode
7928,zeroed_run,2543610,3012,caught,1,decode
7929,truncation,4711900,963873,caught,1,decode
7930,header,461,1,caught,1,decode
7931,payload,1272886,1,caught,1,decode
7932,bit_flip,4006117,1,caught,1,decode
7933,random_bytes,4767607,7,caught,1,decode
7934,zeroed_run,4369463,3455,caught,1,decode
7935,truncation,4115615,1560158,caught,1,decode
7936,header,297,1,caught,1,decode
7937,payload,4081044,1,caught,1,decode
7938,bit_flip,2529214,1,caught,1,decode
7939,random_bytes,3499229,16,caught,1,decode
7940,zeroed_run,854583,2989,caught,1,decode
7941,truncation,460337,5215436,caught,1,decode
7942,header,739,1,caught,1,decode
7943,payload,391070,1,caught,1,decode
7944,bit_flip,5541041,1,caught,1,decode
7945,random_bytes,273021,14,caught,1,decode
7946,zeroed_run,2160320,2039,caught,1,decode
7947,truncation,2110963,3564810,caught,1,decode
7948,header,749,1,caught,1,decode
7949,payload,1360779,1,caught,1,decode
7950,bit_flip,3291604,1,caught,1,decode
7951,random_bytes,3476689,11,caught,1,decode
7952,zeroed_run,3187541,2232,caught,1,decode
7953,truncation,73682,5602091,caught,1,decode
7954,header,350,1,caught,1,decode
7955,payload,5265837,1,caught,1,decode
7956,bit_flip,1527008,1,caught,1,decode
7957,random_bytes,290752,9,caught,1,decode
7958,zeroed_run,5363864,438,caught,1,decode
7959,truncation,4948268,727505,caught,1,decode
7960,header,406,1,caught,1,decode
7961,payload,753578,1,caught,1,decode
7962,bit_flip,3835738,1,caught,1,decode
7963,random_bytes,4492878,2,caught,1,decode
7964,zeroed_run,1416345,2781,caught,1,decode
7965,truncation,2093415,3582358,caught,1,decode
7966,header,426,1,caught,1,decode
7967,payload,1845865,1,caught,1,decode
7968,bit_flip,4025978,1,caught,1,decode
7969,random_bytes,2039296,11,caught,1,decode
7970,zeroed_run,3710382,2641,caught,1,decode
7971,truncation,2376335,3299438,caught,1,decode
7972,header,364,1,caught,1,decode
7973,payload,4943027,1,caught,1,decode
7974,bit_flip,780731,1,caught,1,decode
7975,random_bytes,2404254,16,caught,1,decode
7976,zeroed_run,4514630,3806,caught,1,decode
7977,truncation,357596,5318177,caught,1,decode
7978,header,674,1,caught,1,decode
7979,payload,181323,1,caught,1,decode
7980,bit_flip,3804810,1,caught,1,decode
7981,random_bytes,51654,5,caught,1,decode
7982,zeroed_run,3774476,101,caught,1,decode
7983,truncation,2546322,3129451,caught,1,decode
7984,header,432,1,caught,1,decode
7985,payload,4883725,1,caught,1,decode
7986,bit_flip,5017938,1,caught,1,decode
7987,random_bytes,2072255,4,caught,1,decode
7988,zeroed_run,3573019,460,caught,1,decode
7989,truncation,515038,5160735,caught,1,decode
7990,header,729,1,caught,1,decode
7991,payload,2156945,1,caught,1,decode
7992,bit_flip,2986548,1,caught,1,decode
7993,random_bytes,5165530,2,caught,1,decode
7994,zeroed_run,296594,2177,caught,1,decode
7995,truncation,2567347,3108426,caught,1,decode
7996,header,489,1,caught,1,decode
7997,payload,3992513,1,caught,1,decode
7998,bit_flip,2993140,1,caught,1,decode
7999,random_bytes,5514445,5,caught,1,decode
8000,zeroed_run,2474156,1731,caught,1,decode
8001,truncation,2984245,2691528,caught,1,decode
8002,header,409,1,caught,1,decode
8003,payload,2189587,1,caught,1,decode
8004,bit_flip,5186628,1,caught,1,decode
8005,random_bytes,1733006,11,caught,1,decode
8006,zeroed_run,2105616,711,caught,1,decode
8007,truncation,3245782,2429991,caught,1,decode
8008,header,221,1,caught,1,decode
8009,payload,4049358,1,caught,1,decode
8010,bit_flip,4553239,1,caught,1,decode
8011,random_bytes,1030601,15,caught,1,decode
8012,zeroed_run,1191081,2823,caught,1,decode
8013,truncation,653262,5022511,caught,1,decode
8014,header,487,1,caught,1,decode
8015,payload,2860301,1,caught,1,decode
8016,bit_flip,4852682,1,caught,1,decode
8017,random_bytes,2554262,7,caught,1,decode
8018,zeroed_run,4868675,3091,caught,1,decode
8019,truncation,1414241,4261532,caught,1,decode
8020,header,986,1,caught,1,decode
8021,payload,152189,1,caught,1,decode
8022,bit_flip,1632490,1,caught,1,decode
8023,random_bytes,1544518,8,caught,1,decode
8024,zeroed_run,4456727,110,caught,1,decode
8025,truncation,4488231,1187542,caught,1,decode
8026,header,983,1,caught,1,decode
8027,payload,2064478,1,caught,1,decode
8028,bit_flip,1045842,1,caught,1,decode
8029,random_bytes,2515095,16,caught,1,decode
8030,zeroed_run,1024616,3947,caught,1,decode
8031,truncation,386885,5288888,caught,1,decode
8032,header,56,1,caught,1,decode
8033,payload,2515156,1,caught,1,decode
8034,bit_flip,973886,1,caught,1,decode
8035,random_bytes,178898,11,caught,1,decode
8036,zeroed_run,3888888,2817,caught,1,decode
8037,truncation,4328379,1347394,caught,1,decode
8038,header,17,1,caught,1,decode
8039,payload,2575000,1,caught,1,decode
8040,bit_flip,4137991,1,caught,1,decode
8041,random_bytes,686180,15,caught,1,decode
8042,zeroed_run,1142889,3190,caught,1,decode
8043,truncation,3920499,1755274,caught,1,decode
8044,header,58,1,caught,1,decode
8045,payload,3050396,1,caught,1,decode
8046,bit_flip,1248290,1,caught,1,decode
8047,random_bytes,3993088,2,caught,1,decode
8048,zeroed_run,3295536,3337,caught,1,decode
8049,truncation,4218090,1457683,caught,1,decode
8050,header,630,1,caught,1,decode
8051,payload,2979308,1,caught,1,decode
8052,bit_flip,3086206,1,caught,1,decode
8053,random_bytes,3671204,9,caught,1,decode
8054,zeroed_run,3620575,1567,caught,1,decode
8055,truncation,4389633,1286140,caught,1,decode
8056,header,180,1,caught,1,decode
8057,payload,363506,1,caught,1,decode
8058,bit_flip,3890653,1,caught,1,decode
8059,random_bytes,4145716,7,caught,1,decode
8060,zeroed_run,2969481,1316,caught,1,decode
8061,truncation,5090682,585091,caught,1,decode
8062,header,579,1,caught,1,decode
8063,payload,4869989,1,caught,1,decode
8064,bit_flip,1563641,1,caught,1,decode
8065,random_bytes,2332812,15,caught,1,decode
8066,zeroed_run,970545,1262,caught,1,decode
8067,truncation,5475548,200225,caught,1,decode
8068,header,173,1,caught,1,decode
8069,payload,43411,1,caught,1,decode
8070,bit_flip,1225752,1,caught,1,decode
8071,random_bytes,4835265,2,caught,1,decode
8072,zeroed_run,2216240,750,caught,1,decode
8073,truncation,1943642,3732131,caught,1,decode
8074,header,122,1,caught,1,decode
8075,payload,79527,1,caught,1,decode
8076,bit_flip,1540014,1,caught,1,decode
8077,random_bytes,3691291,15,caught,1,decode
8078,zeroed_run,4798902,1026,caught,1,decode
8079,truncation,1918531,3757242,caught,1,decode
8080,header,324,1,caught,1,decode
8081,payload,792149,1,caught,1,decode
8082,bit_flip,1627088,1,caught,1,decode
8083,random_bytes,4752808,5,caught,1,decode
8084,zeroed_run,3028770,1385,caught,1,decode
8085,truncation,5245960,429813,caught,1,decode
8086,header,326,1,caught,1,decode
8087,payload,4068185,1,caught,1,decode
8088,bit_flip,3016725,1,caught,1,decode
8089,random_bytes,3070667,7,caught,1,decode
8090,zeroed_run,4510609,1121,caught,1,decode
8091,truncation,5266384,409389,caught,1,decode
8092,header,206,1,caught,1,decode
8093,payload,1368635,1,caught,1,decode
8094,bit_flip,3358632,1,caught,1,decode
8095,random_bytes,3081543,8,caught,1,decode
8096,zeroed_run,2921008,3021,caught,1,decode
8097,truncation,3869488,1806285,caught,1,decode
8098,header,513,1,caught,1,decode
8099,payload,1025214,1,caught,1,decode
8100,bit_flip,375793,1,caught,1,decode
8101,random_bytes,3455420,13,caught,1,decode
8102,zeroed_run,5110058,292,caught,1,decode
8103,truncation,5051097,624676,caught,1,decode
8104,header,208,1,caught,1,decode
8105,payload,5649992,1,caught,1,decode
8106,bit_flip,4973078,1,caught,1,decode
8107,random_bytes,4775949,7,caught,1,decode
8108,zeroed_run,922065,338,caught,1,decode
8109,truncation,2105315,3570458,caught,1,decode
8110,header,878,1,caught,1,decode
8111,payload,1504350,1,caught,1,decode
8112,bit_flip,2009807,1,caught,1,decode
8113,random_bytes,1604881,9,caught,1,decode
8114,zeroed_run,3907386,173,caught,1,decode
8115,truncation,5399704,276069,caught,1,decode
8116,header,613,1,caught,1,decode
8117,payload,1109126,1,caught,1,decode
8118,bit_flip,5041117,1,caught,1,decode
8119,random_bytes,1265020,7,caught,1,decode
8120,zeroed_run,5542712,3278,caught,1,decode
8121,truncation,851925,4823848,caught,1,decode
8122,header,278,1,caught,1,decode
8123,payload,5586943,1,caught,1,decode
8124,bit_flip,1114222,1,caught,1,decode
8125,random_bytes,3043775,11,caught,1,decode
8126,zeroed_run,2458422,90,caught,1,decode
8127,truncation,2906726,2769047,caught,1,decode
8128,header,1015,1,caught,1,decode
8129,payload,955922,1,caught,1,decode
8130,bit_flip,2470038,1,caught,1,decode
8131,random_bytes,4574629,10,caught,1,decode
8132,zeroed_run,5167664,2077,caught,1,decode
8133,truncation,5464960,210813,caught,1,decode
8134,header,29,1,caught,1,decode
8135,payload,4840290,1,caught,1,decode
8136,bit_flip,934532,1,caught,1,decode
8137,random_bytes,2256100,3,caught,1,decode
8138,zeroed_run,4483378,2525,caught,1,decode
8139,truncation,1099723,4576050,caught,1,decode
8140,header,343,1,caught,1,decode
8141,payload,2742900,1,caught,1,decode
8142,bit_flip,4513284,1,caught,1,decode
8143,random_bytes,3953567,1,caught,1,decode
8144,zeroed_run,5110127,3325,caught,1,decode
8145,truncation,4756059,919714,caught,1,decode
8146,header,702,1,caught,1,decode
8147,payload,5443075,1,caught,1,decode
8148,bit_flip,2520296,1,caught,1,decode
8149,random_bytes,2998563,8,caught,1,decode
8150,zeroed_run,633979,3166,caught,1,decode
8151,truncation,3724087,1951686,caught,1,decode
8152,header,844,1,caught,1,decode
8153,payload,3501506,1,caught,1,decode
8154,bit_flip,4634996,1,caught,1,decode
8155,random_bytes,3388177,7,caught,1,decode
8156,zeroed_run,5111817,1929,caught,1,decode
8157,truncation,5099674,576099,caught,1,decode
8158,header,599,1,caught,1,decode
8159,payload,5411510,1,caught,1,decode
8160,bit_flip,3032875,1,caught,1,decode
8161,random_bytes,2395074,11,caught,1,decode
8162,zeroed_run,2600511,3057,caught,1,decode
8163,truncation,1369666,4306107,caught,1,decode
8164,header,512,1,caught,1,decode
8165,payload,3457996,1,caught,1,decode
8166,bit_flip,3719923,1,caught,1,decode
8167,random_bytes,4462037,12,caught,1,decode
8168,zeroed_run,2487737,443,caught,1,decode
8169,truncation,506392,5169381,caught,1,decode
8170,header,654,1,caught,1,decode
8171,payload,1548903,1,caught,1,decode
8172,bit_flip,2872658,1,caught,1,decode
8173,random_bytes,4003525,8,caught,1,decode
8174,zeroed_run,2945539,1671,caught,1,decode
8175,truncation,208853,5466920,caught,1,decode
8176,header,85,1,caught,1,decode
8177,payload,2134125,1,caught,1,decode
8178,bit_flip,5633228,1,caught,1,decode
8179,random_bytes,2315093,2,caught,1,decode
8180,zeroed_run,2700991,2623,caught,1,decode
8181,truncation,236164,5439609,caught,1,decode
8182,header,884,1,caught,1,decode
8183,payload,2084058,1,caught,1,decode
8184,bit_flip,3535599,1,caught,1,decode
8185,random_bytes,2546298,11,caught,1,decode
8186,zeroed_run,2128550,1005,caught,1,decode
8187,truncation,3603971,2071802,caught,1,decode
8188,header,451,1,caught,1,decode
8189,payload,1480080,1,caught,1,decode
8190,bit_flip,3763305,1,caught,1,decode
8191,random_bytes,1660195,15,caught,1,decode
8192,zeroed_run,3465178,472,caught,1,decode
8193,truncation,3499698,2176075,caught,1,decode
8194,header,510,1,caught,1,decode
8195,payload,4130967,1,caught,1,decode
8196,bit_flip,959440,1,caught,1,decode
8197,random_bytes,2866399,12,caught,1,decode
8198,zeroed_run,1104632,459,caught,1,decode
8199,truncation,4050477,1625296,caught,1,decode
8200,header,111,1,caught,1,decode
8201,payload,1465770,1,caught,1,decode
8202,bit_flip,2536039,1,caught,1,decode
8203,random_bytes,4872727,8,caught,1,decode
8204,zeroed_run,5390049,820,caught,1,decode
8205,truncation,4070628,1605145,caught,1,decode
8206,header,319,1,caught,1,decode
8207,payload,88935,1,caught,1,decode
8208,bit_flip,4713623,1,caught,1,decode
8209,random_bytes,81118,14,caught,1,decode
8210,zeroed_run,4441044,3092,caught,1,decode
8211,truncation,3701720,1974053,caught,1,decode
8212,header,306,1,caught,1,decode
8213,payload,5105418,1,caught,1,decode
8214,bit_flip,3484652,1,caught,1,decode
8215,random_bytes,4294869,12,caught,1,decode
8216,zeroed_run,2928599,3779,caught,1,decode
8217,truncation,348911,5326862,caught,1,decode
8218,header,669,1,caught,1,decode
8219,payload,5069219,1,caught,1,decode
8220,bit_flip,871762,1,caught,1,decode
8221,random_bytes,224117,16,caught,1,decode
8222,zeroed_run,911296,3439,caught,1,decode
8223,truncation,1775848,3899925,caught,1,decode
8224,header,836,1,caught,1,decode
8225,payload,3556592,1,caught,1,decode
8226,bit_flip,2293942,1,caught,1,decode
8227,random_bytes,3669400,2,caught,1,decode
8228,zeroed_run,4934481,3481,caught,1,decode
8229,truncation,4894266,781507,caught,1,decode
8230,header,462,1,caught,1,decode
8231,payload,3915414,1,caught,1,decode
8232,bit_flip,5101574,1,caught,1,decode
8233,random_bytes,39920,11,caught,1,decode
8234,zeroed_run,358341,2282,caught,1,decode
8235,truncation,2946729,2729044,caught,1,decode
8236,header,0,1,caught,1,decode
8237,payload,3306914,1,caught,1,decode
8238,bit_flip,5119744,1,caught,1,decode
8239,random_bytes,4070313,6,caught,1,decode
8240,zeroed_run,3950475,2152,caught,1,decode
8241,truncation,4335408,1340365,caught,1,decode
8242,header,276,1,caught,1,decode
8243,payload,5446630,1,caught,1,decode
8244,bit_flip,1457049,1,caught,1,decode
8245,random_bytes,3804188,8,caught,1,decode
8246,zeroed_run,5063691,3730,caught,1,decode
8247,truncation,2919823,2755950,caught,1,decode
8248,header,983,1,caught,1,decode
8249,payload,2107446,1,caught,1,decode
8250,bit_flip,589875,1,caught,1,decode
8251,random_bytes,4833986,8,caught,1,decode
8252,zeroed_run,5344324,328,caught,1,decode
8253,truncation,1477099,4198674,caught,1,decode
8254,header,850,1,caught,1,decode
8255,payload,113495,1,caught,1,decode
8256,bit_flip,1549774,1,caught,1,decode
8257,random_bytes,1429527,12,caught,1,decode
8258,zeroed_run,4488725,1103,caught,1,decode
8259,truncation,5219038,456735,caught,1,decode
8260,header,75,1,caught,1,decode
8261,payload,24302,1,caught,1,decode
8262,bit_flip,2083697,1,caught,1,decode
8263,random_bytes,5636297,4,caught,1,decode
8264,zeroed_run,618621,3994,caught,1,decode
8265,truncation,5452986,222787,caught,1,decode
8266,header,862,1,caught,1,decode
8267,payload,4690092,1,caught,1,decode
8268,bit_flip,4686083,1,caught,1,decode
8269,random_bytes,3377856,15,caught,1,decode
8270,zeroed_run,2464697,3154,caught,1,decode
8271,truncation,5038442,637331,caught,1,decode
8272,header,624,1,caught,1,decode
8273,payload,1456236,1,caught,1,decode
8274,bit_flip,5225513,1,caught,1,decode
8275,random_bytes,2964934,15,caught,1,decode
8276,zeroed_run,3248813,148,caught,1,decode
8277,truncation,5589890,85883,caught,1,decode
8278,header,104,1,caught,1,decode
8279,payload,2348751,1,caught,1,decode
8280,bit_flip,121500,1,caught,1,decode
8281,random_bytes,1432761,12,caught,1,decode
8282,zeroed_run,1189744,3921,caught,1,decode
8283,truncation,5019695,656078,caught,1,decode
8284,header,568,1,caught,1,decode
8285,payload,770738,1,caught,1,decode
8286,bit_flip,201279,1,caught,1,decode
8287,random_bytes,3558549,12,caught,1,decode
8288,zeroed_run,1881130,358,caught,1,decode
8289,truncation,2910476,2765297,caught,1,decode
8290,header,401,1,caught,1,decode
8291,payload,1293173,1,caught,1,decode
8292,bit_flip,3360502,1,caught,1,decode
8293,random_bytes,1707267,15,caught,1,decode
8294,zeroed_run,4799664,1188,caught,1,decode
8295,truncation,5443985,231788,caught,1,decode
8296,header,232,1,caught,1,decode
8297,payload,1089325,1,caught,1,decode
8298,bit_flip,4273955,1,caught,1,decode
8299,random_bytes,4873015,14,caught,1,decode
8300,zeroed_run,4209042,1158,caught,1,decode
8301,truncation,2685512,2990261,caught,1,decode
8302,header,465,1,caught,1,decode
8303,payload,1219832,1,caught,1,decode
8304,bit_flip,1244233,1,caught,1,decode
8305,random_bytes,2376125,4,caught,1,decode
8306,zeroed_run,448529,4043,caught,1,decode
8307,truncation,1111088,4564685,caught,1,decode
8308,header,237,1,caught,1,decode
8309,payload,4534516,1,caught,1,decode
8310,bit_flip,1096632,1,caught,1,decode
8311,random_bytes,1317037,9,caught,1,decode
8312,zeroed_run,4340041,2718,caught,1,decode
8313,truncation,4522302,1153471,caught,1,decode
8314,header,676,1,caught,1,decode
8315,payload,5390049,1,caught,1,decode
8316,bit_flip,2540695,1,caught,1,decode
8317,random_bytes,1003557,15,caught,1,decode
8318,zeroed_run,302020,815,caught,1,decode
8319,truncation,293998,5381775,caught,1,decode
8320,header,939,1,caught,1,decode
8321,payload,115612,1,caught,1,decode
8322,bit_flip,4000620,1,caught,1,decode
8323,random_bytes,1336457,12,caught,1,decode
8324,zeroed_run,4835029,1362,caught,1,decode
8325,truncation,3608415,2067358,caught,1,decode
8326,header,994,1,caught,1,decode
8327,payload,1223822,1,caught,1,decode
8328,bit_flip,1405861,1,caught,1,decode
8329,random_bytes,2294885,5,caught,1,decode
8330,zeroed_run,1117381,1685,caught,1,decode
8331,truncation,1065246,4610527,caught,1,decode
8332,header,336,1,caught,1,decode
8333,payload,2872502,1,caught,1,decode
8334,bit_flip,5674487,1,caught,1,decode
8335,random_bytes,978688,3,caught,1,decode
8336,zeroed_run,458838,3391,caught,1,decode
8337,truncation,3138291,2537482,caught,1,decode
8338,header,149,1,caught,1,decode
8339,payload,3660810,1,caught,1,decode
8340,bit_flip,5601302,1,caught,1,decode
8341,random_bytes,3725171,12,caught,1,decode
8342,zeroed_run,1342109,2252,caught,1,decode
8343,truncation,289391,5386382,caught,1,decode
8344,header,753,1,caught,1,decode
8345,payload,1039055,1,caught,1,decode
8346,bit_flip,45566,1,caught,1,decode
8347,random_bytes,5090669,9,caught,1,decode
8348,zeroed_run,3123211,2981,caught,1,decode
8349,truncation,5128231,547542,caught,1,decode
8350,header,385,1,caught,1,decode
8351,payload,4124329,1,caught,1,decode
8352,bit_flip,1616033,1,caught,1,decode
8353,random_bytes,1205325,16,caught,1,decode
8354,zeroed_run,4238164,375,caught,1,decode
8355,truncation,264056,5411717,caught,1,decode
8356,header,425,1,caught,1,decode
8357,payload,1701596,1,caught,1,decode
8358,bit_flip,5387023,1,caught,1,decode
8359,random_bytes,867073,8,caught,1,decode
8360,zeroed_run,5649634,2993,caught,1,decode
8361,truncation,3843561,1832212,caught,1,decode
8362,header,762,1,caught,1,decode
8363,payload,2752370,1,caught,1,decode
8364,bit_flip,2614930,1,caught,1,decode
8365,random_bytes,4056144,4,caught,1,decode
8366,zeroed_run,986058,835,caught,1,decode
8367,truncation,1517024,4158749,caught,1,decode
8368,header,433,1,caught,1,decode
8369,payload,838172,1,caught,1,decode
8370,bit_flip,5292590,1,caught,1,decode
8371,random_bytes,2543683,15,caught,1,decode
8372,zeroed_run,147562,2594,caught,1,decode
8373,truncation,1347229,4328544,caught,1,decode
8374,header,659,1,caught,1,decode
8375,payload,4862885,1,caught,1,decode
8376,bit_flip,1335463,1,caught,1,decode
8377,random_bytes,603286,15,caught,1,decode
8378,zeroed_run,3283935,2310,caught,1,decode
8379,truncation,2808960,2866813,caught,1,decode
8380,header,932,1,caught,1,decode
8381,payload,686775,1,caught,1,decode
8382,bit_flip,3072991,1,caught,1,decode
8383,random_bytes,512546,5,caught,1,decode
8384,zeroed_run,1314624,825,caught,1,decode
8385,truncation,820347,4855426,caught,1,decode
8386,header,476,1,caught,1,decode
8387,payload,1686635,1,caught,1,decode
8388,bit_flip,144498,1,caught,1,decode
8389,random_bytes,803313,14,caught,1,decode
8390,zeroed_run,5588676,3007,caught,1,decode
8391,truncation,3156311,2519462,caught,1,decode
8392,header,196,1,caught,1,decode
8393,payload,3176839,1,caught,1,decode
8394,bit_flip,4693926,1,caught,1,decode
8395,random_bytes,5045052,2,caught,1,decode
8396,zeroed_run,3882526,2698,caught,1,decode
8397,truncation,435246,5240527,caught,1,decode
8398,header,951,1,caught,1,decode
8399,payload,895538,1,caught,1,decode
8400,bit_flip,2750933,1,caught,1,decode
8401,random_bytes,997388,8,caught,1,decode
8402,zeroed_run,1526965,3120,caught,1,decode
8403,truncation,4368834,1306939,caught,1,decode
8404,header,1014,1,caught,1,decode
8405,payload,3051279,1,caught,1,decode
8406,bit_flip,2672205,1,caught,1,decode
8407,random_bytes,4404223,10,caught,1,decode
8408,zeroed_run,1486677,451,caught,1,decode
8409,truncation,4368685,1307088,caught,1,decode
8410,header,562,1,caught,1,decode
8411,payload,709192,1,caught,1,decode
8412,bit_flip,1153281,1,caught,1,decode
8413,random_bytes,1920333,12,caught,1,decode
8414,zeroed_run,3195491,1777,caught,1,decode
8415,truncation,39774,5635999,caught,1,decode
8416,header,814,1,caught,1,decode
8417,payload,2060779,1,caught,1,decode
8418,bit_flip,1465839,1,caught,1,decode
8419,random_bytes,1466353,4,caught,1,decode
8420,zeroed_run,4880142,415,caught,1,decode
8421,truncation,4896667,779106,caught,1,decode
8422,header,183,1,caught,1,decode
8423,payload,5268023,1,caught,1,decode
8424,bit_flip,2350570,1,caught,1,decode
8425,random_bytes,4932422,4,caught,1,decode
8426,zeroed_run,2544729,2250,caught,1,decode
8427,truncation,3490919,2184854,caught,1,decode
8428,header,888,1,caught,1,decode
8429,payload,4192854,1,caught,1,decode
8430,bit_flip,1580334,1,caught,1,decode
8431,random_bytes,1709832,16,caught,1,decode
8432,zeroed_run,302218,2451,caught,1,decode
8433,truncation,1802689,3873084,caught,1,decode
8434,header,36,1,caught,1,decode
8435,payload,5225800,1,caught,1,decode
8436,bit_flip,3570890,1,caught,1,decode
8437,random_bytes,4541571,15,caught,1,decode
8438,zeroed_run,4715598,3091,caught,1,decode
8439,truncation,5409655,266118,caught,1,decode
8440,header,219,1,caught,1,decode
8441,payload,2179048,1,caught,1,decode
8442,bit_flip,2749821,1,caught,1,decode
8443,random_bytes,5667777,6,caught,1,decode
8444,zeroed_run,2304099,2665,caught,1,decode
8445,truncation,1031278,4644495,caught,1,decode
8446,header,494,1,caught,1,decode
8447,payload,440964,1,caught,1,decode
8448,bit_flip,2283623,1,caught,1,decode
8449,random_bytes,3694544,2,caught,1,decode
8450,zeroed_run,3505206,2439,caught,1,decode
8451,truncation,4575840,1099933,caught,1,decode
8452,header,350,1,caught,1,decode
8453,payload,4876998,1,caught,1,decode
8454,bit_flip,4891652,1,caught,1,decode
8455,random_bytes,936479,4,caught,1,decode
8456,zeroed_run,3287192,1569,caught,1,decode
8457,truncation,2265279,3410494,caught,1,decode
8458,header,813,1,caught,1,decode
8459,payload,757504,1,caught,1,decode
8460,bit_flip,4658872,1,caught,1,decode
8461,random_bytes,5062,2,caught,1,decode
8462,zeroed_run,4297248,350,caught,1,decode
8463,truncation,3737874,1937899,caught,1,decode
8464,header,322,1,caught,1,decode
8465,payload,5424338,1,caught,1,decode
8466,bit_flip,5190074,1,caught,1,decode
8467,random_bytes,4905249,8,caught,1,decode
8468,zeroed_run,1032120,1209,caught,1,decode
8469,truncation,3795088,1880685,caught,1,decode
8470,header,995,1,caught,1,decode
8471,payload,537952,1,caught,1,decode
8472,bit_flip,3355138,1,caught,1,decode
8473,random_bytes,1469765,4,caught,1,decode
8474,zeroed_run,1320534,660,caught,1,decode
8475,truncation,3987832,1687941,caught,1,decode
8476,header,823,1,caught,1,decode
8477,payload,638115,1,caught,1,decode
8478,bit_flip,2959547,1,caught,1,decode
8479,random_bytes,1544194,3,caught,1,decode
8480,zeroed_run,2532311,3933,caught,1,decode
8481,truncation,833067,4842706,caught,1,decode
8482,header,872,1,caught,1,decode
8483,payload,5027914,1,caught,1,decode
8484,bit_flip,1725595,1,caught,1,decode
8485,random_bytes,1970753,10,caught,1,decode
8486,zeroed_run,4960787,2515,caught,1,decode
8487,truncation,2667432,3008341,caught,1,decode
8488,header,428,1,caught,1,decode
8489,payload,2652440,1,caught,1,decode
8490,bit_flip,3841188,1,caught,1,decode
8491,random_bytes,3640780,2,caught,1,decode
8492,zeroed_run,4066691,2989,caught,1,decode
8493,truncation,4847098,828675,caught,1,decode
8494,header,297,1,caught,1,decode
8495,payload,576344,1,caught,1,decode
8496,bit_flip,1543412,1,caught,1,decode
8497,random_bytes,3767842,6,caught,1,decode
8498,zeroed_run,1488519,2145,caught,1,decode
8499,truncation,5373507,302266,caught,1,decode
8500,header,530,1,caught,1,decode
8501,payload,4768503,1,caught,1,decode
8502,bit_flip,3629615,1,caught,1,decode
8503,random_bytes,5223168,15,caught,1,decode
8504,zeroed_run,1483318,3731,caught,1,decode
8505,truncation,4150356,1525417,caught,1,decode
8506,header,1013,1,caught,1,decode
8507,payload,3504516,1,caught,1,decode
8508,bit_flip,925316,1,caught,1,decode
8509,random_bytes,622497,5,caught,1,decode
8510,zeroed_run,3561886,4040,caught,1,decode
8511,truncation,1449966,4225807,caught,1,decode
8512,header,362,1,caught,1,decode
8513,payload,4159495,1,caught,1,decode
8514,bit_flip,4403343,1,caught,1,decode
8515,random_bytes,1028627,10,caught,1,decode
8516,zeroed_run,3376877,3439,caught,1,decode
8517,truncation,1120645,4555128,caught,1,decode
8518,header,148,1,caught,1,decode
8519,payload,1814802,1,caught,1,decode
8520,bit_flip,3800850,1,caught,1,decode
8521,random_bytes,4732540,3,caught,1,decode
8522,zeroed_run,1890463,4033,caught,1,decode
8523,truncation,4162014,1513759,caught,1,decode
8524,header,221,1,caught,1,decode
8525,payload,788881,1,caught,1,decode
8526,bit_flip,2066168,1,caught,1,decode
8527,random_bytes,3277808,7,caught,1,decode
8528,zeroed_run,5136691,2250,caught,1,decode
8529,truncation,1050831,4624942,caught,1,decode
8530,header,465,1,caught,1,decode
8531,payload,787734,1,caught,1,decode
8532,bit_flip,3576201,1,caught,1,decode
8533,random_bytes,5210075,8,caught,1,decode
8534,zeroed_run,5434767,847,caught,1,decode
8535,truncation,4025877,1649896,caught,1,decode
8536,header,660,1,caught,1,decode
8537,payload,1180072,1,caught,1,decode
8538,bit_flip,2328045,1,caught,1,decode
8539,random_bytes,815778,14,caught,1,decode
8540,zeroed_run,4199742,1876,caught,1,decode
8541,truncation,4459875,1215898,caught,1,decode
8542,header,116,1,caught,1,decode
8543,payload,2496688,1,caught,1,decode
8544,bit_flip,1029961,1,caught,1,decode
8545,random_bytes,1552458,2,caught,1,decode
8546,zeroed_run,1500704,1090,caught,1,decode
8547,truncation,3731245,1944528,caught,1,decode
8548,header,687,1,caught,1,decode
8549,payload,1772051,1,caught,1,decode
8550,bit_flip,2001368,1,caught,1,decode
8551,random_bytes,1135414,15,caught,1,decode
8552,zeroed_run,548748,3629,caught,1,decode
8553,truncation,1181520,4494253,caught,1,decode
8554,header,730,1,caught,1,decode
8555,payload,4381319,1,caught,1,decode
8556,bit_flip,4521642,1,caught,1,decode
8557,random_bytes,230121,10,caught,1,decode
8558,zeroed_run,1747503,3746,caught,1,decode
8559,truncation,4540807,1134966,caught,1,decode
8560,header,719,1,caught,1,decode
8561,payload,4441082,1,caught,1,decode
8562,bit_flip,3552230,1,caught,1,decode
8563,random_bytes,2159303,4,caught,1,decode
8564,zeroed_run,4370488,508,caught,1,decode
8565,truncation,2721984,2953789,caught,1,decode
8566,header,527,1,caught,1,decode
8567,payload,1741786,1,caught,1,decode
8568,bit_flip,734420,1,caught,1,decode
8569,random_bytes,1202420,15,caught,1,decode
8570,zeroed_run,5630555,588,caught,1,decode
8571,truncation,2662324,3013449,caught,1,decode
8572,header,855,1,caught,1,decode
8573,payload,5274694,1,caught,1,decode
8574,bit_flip,329277,1,caught,1,decode
8575,random_bytes,284849,3,caught,1,decode
8576,zeroed_run,4975173,1099,caught,1,decode
8577,truncation,2506041,3169732,caught,1,decode
8578,header,503,1,caught,1,decode
8579,payload,5512621,1,caught,1,decode
8580,bit_flip,3529558,1,caught,1,decode
8581,random_bytes,2709571,1,caught,1,decode
8582,zeroed_run,3709147,944,caught,1,decode
8583,truncation,2717187,2958586,caught,1,decode
8584,header,163,1,caught,1,decode
8585,payload,2303235,1,caught,1,decode
8586,bit_flip,1105052,1,caught,1,decode
8587,random_bytes,3415323,10,caught,1,decode
8588,zeroed_run,218032,396,caught,1,decode
8589,truncation,4599294,1076479,caught,1,decode
8590,header,227,1,caught,1,decode
8591,payload,1975632,1,caught,1,decode
8592,bit_flip,3217740,1,caught,1,decode
8593,random_bytes,4937316,14,caught,1,decode
8594,zeroed_run,5544294,3176,caught,1,decode
8595,truncation,701232,4974541,caught,1,decode
8596,header,450,1,caught,1,decode
8597,payload,4095750,1,caught,1,decode
8598,bit_flip,1310954,1,caught,1,decode
8599,random_bytes,5363652,4,caught,1,decode
8600,zeroed_run,797502,1255,caught,1,decode
8601,truncation,2089738,3586035,caught,1,decode
8602,header,595,1,caught,1,decode
8603,payload,1802943,1,caught,1,decode
8604,bit_flip,495900,1,caught,1,decode
8605,random_bytes,4142174,1,caught,1,decode
8606,zeroed_run,110675,1460,caught,1,decode
8607,truncation,5079880,595893,caught,1,decode
8608,header,972,1,caught,1,decode
8609,payload,2439688,1,caught,1,decode
8610,bit_flip,4834346,1,caught,1,decode
8611,random_bytes,3222732,15,caught,1,decode
8612,zeroed_run,1577407,1987,caught,1,decode
8613,truncation,509164,5166609,caught,1,decode
8614,header,975,1,caught,1,decode
8615,payload,1476039,1,caught,1,decode
8616,bit_flip,5351728,1,caught,1,decode
8617,random_bytes,656486,2,caught,1,decode
8618,zeroed_run,4065639,3055,caught,1,decode
8619,truncation,3653076,2022697,caught,1,decode
8620,header,32,1,caught,1,decode
8621,payload,865234,1,caught,1,decode
8622,bit_flip,5293003,1,caught,1,decode
8623,random_bytes,1401975,16,caught,1,decode
8624,zeroed_run,4424373,1413,caught,1,decode
8625,truncation,5474186,201587,caught,1,decode
8626,header,580,1,caught,1,decode
8627,payload,1246421,1,caught,1,decode
8628,bit_flip,2461848,1,caught,1,decode
8629,random_bytes,4205520,1,caught,1,decode
8630,zeroed_run,3553943,945,caught,1,decode
8631,truncation,4656003,1019770,caught,1,decode
8632,header,519,1,caught,1,decode
8633,payload,4598137,1,caught,1,decode
8634,bit_flip,5103261,1,caught,1,decode
8635,random_bytes,794632,7,caught,1,decode
8636,zeroed_run,5071204,3381,caught,1,decode
8637,truncation,1170375,4505398,caught,1,decode
8638,header,507,1,caught,1,decode
8639,payload,1454717,1,caught,1,decode
8640,bit_flip,2650140,1,caught,1,decode
8641,random_bytes,2758441,5,caught,1,decode
8642,zeroed_run,3101638,526,caught,1,decode
8643,truncation,779936,4895837,caught,1,decode
8644,header,795,1,caught,1,decode
8645,payload,3510729,1,caught,1,decode
8646,bit_flip,3006169,1,caught,1,decode
8647,random_bytes,2190322,13,caught,1,decode
8648,zeroed_run,4719874,3106,caught,1,decode
8649,truncation,1572959,4102814,caught,1,decode
8650,header,186,1,caught,1,decode
8651,payload,1584656,1,caught,1,decode
8652,bit_flip,4185455,1,caught,1,decode
8653,random_bytes,452596,13,caught,1,decode
8654,zeroed_run,1407587,3933,caught,1,decode
8655,truncation,194598,5481175,caught,1,decode
8656,header,744,1,caught,1,decode
8657,payload,1606375,1,caught,1,decode
8658,bit_flip,1506315,1,caught,1,decode
8659,random_bytes,3007791,7,caught,1,decode
8660,zeroed_run,1876097,2480,caught,1,decode
8661,truncation,4147497,1528276,caught,1,decode
8662,header,816,1,caught,1,decode
8663,payload,4135335,1,caught,1,decode
8664,bit_flip,4273720,1,caught,1,decode
8665,random_bytes,1147611,13,caught,1,decode
8666,zeroed_run,309705,2844,caught,1,decode
8667,truncation,1079059,4596714,caught,1,decode
8668,header,130,1,caught,1,decode
8669,payload,5139683,1,caught,1,decode
8670,bit_flip,4655036,1,caught,1,decode
8671,random_bytes,3130017,6,caught,1,decode
8672,zeroed_run,866386,3986,caught,1,decode
8673,truncation,895238,4780535,caught,1,decode
8674,header,871,1,caught,1,decode
8675,payload,4397574,1,caught,1,decode
8676,bit_flip,1555446,1,caught,1,decode
8677,random_bytes,4494666,13,caught,1,decode
8678,zeroed_run,3675894,2460,caught,1,decode
8679,truncation,1203265,4472508,caught,1,decode
8680,header,448,1,caught,1,decode
8681,payload,1840703,1,caught,1,decode
8682,bit_flip,4789314,1,caught,1,decode
8683,random_bytes,1157628,9,caught,1,decode
8684,zeroed_run,1985068,1515,caught,1,decode
8685,truncation,2718495,2957278,caught,1,decode
8686,header,595,1,caught,1,decode
8687,payload,4644698,1,caught,1,decode
8688,bit_flip,5669136,1,caught,1,decode
8689,random_bytes,497602,13,caught,1,decode
8690,zeroed_run,1281779,2967,caught,1,decode
8691,truncation,480348,5195425,caught,1,decode
8692,header,252,1,caught,1,decode
8693,payload,2700195,1,caught,1,decode
8694,bit_flip,1479996,1,caught,1,decode
8695,random_bytes,1330245,6,caught,1,decode
8696,zeroed_run,3757813,3072,caught,1,decode
8697,truncation,4934746,741027,caught,1,decode
8698,header,340,1,caught,1,decode
8699,payload,14979,1,caught,1,decode
8700,bit_flip,266918,1,caught,1,decode
8701,random_bytes,1846328,15,caught,1,decode
8702,zeroed_run,2020210,2222,caught,1,decode
8703,truncation,1606009,4069764,caught,1,decode
8704,header,515,1,caught,1,decode
8705,payload,3735050,1,caught,1,decode
8706,bit_flip,5397213,1,caught,1,decode
8707,random_bytes,1866891,9,caught,1,decode
8708,zeroed_run,3474729,1944,caught,1,decode
8709,truncation,3328486,2347287,caught,1,decode
8710,header,968,1,caught,1,decode
8711,payload,4166136,1,caught,1,decode
8712,bit_flip,4238380,1,caught,1,decode
8713,random_bytes,507969,12,caught,1,decode
8714,zeroed_run,3717160,915,caught,1,decode
8715,truncation,1185172,4490601,caught,1,decode
8716,header,70,1,caught,1,decode
8717,payload,1661175,1,caught,1,decode
8718,bit_flip,3132250,1,caught,1,decode
8719,random_bytes,889261,6,caught,1,decode
8720,zeroed_run,4030842,1283,caught,1,decode
8721,truncation,3727245,1948528,caught,1,decode
8722,header,834,1,caught,1,decode
8723,payload,678840,1,caught,1,decode
8724,bit_flip,4527199,1,caught,1,decode
8725,random_bytes,3228484,6,caught,1,decode
8726,zeroed_run,1125399,2193,caught,1,decode
8727,truncation,1663009,4012764,caught,1,decode
8728,header,849,1,caught,1,decode
8729,payload,2862114,1,caught,1,decode
8730,bit_flip,4748709,1,caught,1,decode
8731,random_bytes,5646047,12,caught,1,decode
8732,zeroed_run,3308571,3960,caught,1,decode
8733,truncation,2732434,2943339,caught,1,decode
8734,header,1022,1,caught,1,decode
8735,payload,4016472,1,caught,1,decode
8736,bit_flip,1917148,1,caught,1,decode
8737,random_bytes,5401506,5,caught,1,decode
8738,zeroed_run,498453,2404,caught,1,decode
8739,truncation,5568927,106846,caught,1,decode
8740,header,767,1,caught,1,decode
8741,payload,3402856,1,caught,1,decode
8742,bit_flip,2252880,1,caught,1,decode
8743,random_bytes,4639199,15,caught,1,decode
8744,zeroed_run,673918,1874,caught,1,decode
8745,truncation,1718212,3957561,caught,1,decode
8746,header,523,1,caught,1,decode
8747,payload,4947450,1,caught,1,decode
8748,bit_flip,1547188,1,caught,1,decode
8749,random_bytes,629284,10,caught,1,decode
8750,zeroed_run,313377,1424,caught,1,decode
8751,truncation,1534654,4141119,caught,1,decode
8752,header,759,1,caught,1,decode
8753,payload,2885226,1,caught,1,decode
8754,bit_flip,2512789,1,caught,1,decode
8755,random_bytes,536590,12,caught,1,decode
8756,zeroed_run,5349693,3653,caught,1,decode
8757,truncation,2096370,3579403,caught,1,decode
8758,header,206,1,caught,1,decode
8759,payload,5352572,1,caught,1,decode
8760,bit_flip,3237717,1,caught,1,decode
8761,random_bytes,890001,16,caught,1,decode
8762,zeroed_run,999274,2957,caught,1,decode
8763,truncation,3203075,2472698,caught,1,decode
8764,header,381,1,caught,1,decode
8765,payload,3556134,1,caught,1,decode
8766,bit_flip,5388344,1,caught,1,decode
8767,random_bytes,3650863,1,caught,1,decode
8768,zeroed_run,2455888,3030,caught,1,decode
8769,truncation,2528177,3147596,caught,1,decode
8770,header,177,1,caught,1,decode
8771,payload,2191616,1,caught,1,decode
8772,bit_flip,2223411,1,caught,1,decode
8773,random_bytes,4345609,9,caught,1,decode
8774,zeroed_run,5118696,3941,caught,1,decode
8775,truncation,1686083,3989690,caught,1,decode
8776,header,281,1,caught,1,decode
8777,payload,2072510,1,caught,1,decode
8778,bit_flip,4161963,1,caught,1,decode
8779,random_bytes,4480827,2,caught,1,decode
8780,zeroed_run,5136944,1373,caught,1,decode
8781,truncation,1654519,4021254,caught,1,decode
8782,header,606,1,caught,1,decode
8783,payload,5407883,1,caught,1,decode
8784,bit_flip,926228,1,caught,1,decode
8785,random_bytes,915743,5,caught,1,decode
8786,zeroed_run,3244633,905,caught,1,decode
8787,truncation,1522571,4153202,caught,1,decode
8788,header,90,1,caught,1,decode
8789,payload,1297519,1,caught,1,decode
8790,bit_flip,882348,1,caught,1,decode
8791,random_bytes,4781891,14,caught,1,decode
8792,zeroed_run,5656127,941,caught,1,decode
8793,truncation,5064706,611067,caught,1,decode
8794,header,98,1,caught,1,decode
8795,payload,4322363,1,caught,1,decode
8796,bit_flip,4380213,1,caught,1,decode
8797,random_bytes,1573915,6,caught,1,decode
8798,zeroed_run,4285546,4031,caught,1,decode
8799,truncation,775974,4899799,caught,1,decode
8800,header,947,1,caught,1,decode
8801,payload,5521183,1,caught,1,decode
8802,bit_flip,4094967,1,caught,1,decode
8803,random_bytes,246874,15,caught,1,decode
8804,zeroed_run,1956458,2414,caught,1,decode
8805,truncation,565085,5110688,caught,1,decode
8806,header,789,1,caught,1,decode
8807,payload,3381454,1,caught,1,decode
8808,bit_flip,4235325,1,caught,1,decode
8809,random_bytes,4884063,7,caught,1,decode
8810,zeroed_run,1099355,776,caught,1,decode
8811,truncation,4387795,1287978,caught,1,decode
8812,header,979,1,caught,1,decode
8813,payload,3269152,1,caught,1,decode
8814,bit_flip,4281752,1,caught,1,decode
8815,random_bytes,4712594,3,caught,1,decode
8816,zeroed_run,340884,273,caught,1,decode
8817,truncation,4214268,1461505,caught,1,decode
8818,header,655,1,caught,1,decode
8819,payload,274510,1,caught,1,decode
8820,bit_flip,4309235,1,caught,1,decode
8821,random_bytes,5579316,2,caught,1,decode
8822,zeroed_run,5575313,1562,caught,1,decode
8823,truncation,1521969,4153804,caught,1,decode
8824,header,358,1,caught,1,decode
8825,payload,4720389,1,caught,1,decode
8826,bit_flip,1969926,1,caught,1,decode
8827,random_bytes,77755,16,caught,1,decode
8828,zeroed_run,369387,2045,caught,1,decode
8829,truncation,413824,5261949,caught,1,decode
8830,header,121,1,caught,1,decode
8831,payload,816308,1,caught,1,decode
8832,bit_flip,2396684,1,caught,1,decode
8833,random_bytes,4321810,3,caught,1,decode
8834,zeroed_run,121892,1037,caught,1,decode
8835,truncation,4198568,1477205,caught,1,decode
8836,header,605,1,caught,1,decode
8837,payload,4223419,1,caught,1,decode
8838,bit_flip,608902,1,caught,1,decode
8839,random_bytes,3272654,9,caught,1,decode
8840,zeroed_run,1550665,466,caught,1,decode
8841,truncation,2610411,3065362,caught,1,decode
8842,header,255,1,caught,1,decode
8843,payload,4510121,1,caught,1,decode
8844,bit_flip,3881804,1,caught,1,decode
8845,random_bytes,4278388,9,caught,1,decode
8846,zeroed_run,318846,1671,caught,1,decode
8847,truncation,1156951,4518822,caught,1,decode
8848,header,597,1,caught,1,decode
8849,payload,3829842,1,caught,1,decode
8850,bit_flip,283388,1,caught,1,decode
8851,random_bytes,4634960,6,caught,1,decode
8852,zeroed_run,2308348,3005,caught,1,decode
8853,truncation,5162191,513582,caught,1,decode
8854,header,535,1,caught,1,decode
8855,payload,993129,1,caught,1,decode
8856,bit_flip,779938,1,caught,1,decode
8857,random_bytes,1599491,6,caught,1,decode
8858,zeroed_run,1155372,2348,caught,1,decode
8859,truncation,3691415,1984358,caught,1,decode
8860,header,701,1,caught,1,decode
8861,payload,4810914,1,caught,1,decode
8862,bit_flip,5078332,1,caught,1,decode
8863,random_bytes,2534623,5,caught,1,decode
8864,zeroed_run,2085240,1731,caught,1,decode
8865,truncation,3176928,2498845,caught,1,decode
8866,header,912,1,caught,1,decode
8867,payload,609684,1,caught,1,decode
8868,bit_flip,482364,1,caught,1,decode
8869,random_bytes,2394523,13,caught,1,decode
8870,zeroed_run,3280400,582,caught,1,decode
8871,truncation,3696908,1978865,caught,1,decode
8872,header,1013,1,caught,1,decode
8873,payload,2925543,1,caught,1,decode
8874,bit_flip,625382,1,caught,1,decode
8875,random_bytes,5274135,11,caught,1,decode
8876,zeroed_run,3440600,141,caught,1,decode
8877,truncation,1242202,4433571,caught,1,decode
8878,header,60,1,caught,1,decode
8879,payload,4763338,1,caught,1,decode
8880,bit_flip,4389694,1,caught,1,decode
8881,random_bytes,2282467,11,caught,1,decode
8882,zeroed_run,2874156,2355,caught,1,decode
8883,truncation,4499705,1176068,caught,1,decode
8884,header,524,1,caught,1,decode
8885,payload,1227981,1,caught,1,decode
8886,bit_flip,728084,1,caught,1,decode
8887,random_bytes,4202952,1,caught,1,decode
8888,zeroed_run,1287974,713,caught,1,decode
8889,truncation,1825982,3849791,caught,1,decode
8890,header,510,1,caught,1,decode
8891,payload,4311115,1,caught,1,decode
8892,bit_flip,3839419,1,caught,1,decode
8893,random_bytes,4865071,9,caught,1,decode
8894,zeroed_run,5064321,3958,caught,1,decode
8895,truncation,4964602,711171,caught,1,decode
8896,header,735,1,caught,1,decode
8897,payload,488485,1,caught,1,decode
8898,bit_flip,3202740,1,caught,1,decode
8899,random_bytes,3219538,1,caught,1,decode
8900,zeroed_run,459389,1875,caught,1,decode
8901,truncation,3830912,1844861,caught,1,decode
8902,header,1005,1,caught,1,decode
8903,payload,735883,1,caught,1,decode
8904,bit_flip,3014652,1,caught,1,decode
8905,random_bytes,467010,9,caught,1,decode
8906,zeroed_run,3925238,1457,caught,1,decode
8907,truncation,5538010,137763,caught,1,decode
8908,header,882,1,caught,1,decode
8909,payload,378321,1,caught,1,decode
8910,bit_flip,2860316,1,caught,1,decode
8911,random_bytes,4552438,12,caught,1,decode
8912,zeroed_run,3058331,1978,caught,1,decode
8913,truncation,4241324,1434449,caught,1,decode
8914,header,776,1,caught,1,decode
8915,payload,4788812,1,caught,1,decode
8916,bit_flip,2274411,1,caught,1,decode
8917,random_bytes,4563460,4,caught,1,decode
8918,zeroed_run,958894,3701,caught,1,decode
8919,truncation,462756,5213017,caught,1,decode
8920,header,636,1,caught,1,decode
8921,payload,2218659,1,caught,1,decode
8922,bit_flip,4957576,1,caught,1,decode
8923,random_bytes,5577200,13,caught,1,decode
8924,zeroed_run,3873530,800,caught,1,decode
8925,truncation,3610367,2065406,caught,1,decode
8926,header,390,1,caught,1,decode
8927,payload,5209581,1,caught,1,decode
8928,bit_flip,815492,1,caught,1,decode
8929,random_bytes,1710308,12,caught,1,decode
8930,zeroed_run,5049108,104,caught,1,decode
8931,truncation,2393070,3282703,caught,1,decode
8932,header,469,1,caught,1,decode
8933,payload,3523364,1,caught,1,decode
8934,bit_flip,3218799,1,caught,1,decode
8935,random_bytes,1678942,12,caught,1,decode
8936,zeroed_run,2534935,4023,caught,1,decode
8937,truncation,2249812,3425961,caught,1,decode
8938,header,693,1,caught,1,decode
8939,payload,567015,1,caught,1,decode
8940,bit_flip,2115116,1,caught,1,decode
8941,random_bytes,51756,1,caught,1,decode
8942,zeroed_run,5450424,251,caught,1,decode
8943,truncation,2366262,3309511,caught,1,decode
8944,header,303,1,caught,1,decode
8945,payload,5111664,1,caught,1,decode
8946,bit_flip,1725702,1,caught,1,decode
8947,random_bytes,2211715,5,caught,1,decode
8948,zeroed_run,2004656,2622,caught,1,decode
8949,truncation,5091169,584604,caught,1,decode
8950,header,138,1,caught,1,decode
8951,payload,4828496,1,caught,1,decode
8952,bit_flip,1639271,1,caught,1,decode
8953,random_bytes,5086220,1,caught,1,decode
8954,zeroed_run,3626029,3845,caught,1,decode
8955,truncation,4314640,1361133,caught,1,decode
8956,header,984,1,caught,1,decode
8957,payload,1753461,1,caught,1,decode
8958,bit_flip,1414213,1,caught,1,decode
8959,random_bytes,1352396,2,caught,1,decode
8960,zeroed_run,391937,3609,caught,1,decode
8961,truncation,4715705,960068,caught,1,decode
8962,header,736,1,caught,1,decode
8963,payload,2959263,1,caught,1,decode
8964,bit_flip,3913503,1,caught,1,decode
8965,random_bytes,509567,2,caught,1,decode
8966,zeroed_run,5545465,1401,caught,1,decode
8967,truncation,5039820,635953,caught,1,decode
8968,header,475,1,caught,1,decode
8969,payload,1927864,1,caught,1,decode
8970,bit_flip,1601471,1,caught,1,decode
8971,random_bytes,4962594,3,caught,1,decode
8972,zeroed_run,974858,3316,caught,1,decode
8973,truncation,2139676,3536097,caught,1,decode
8974,header,355,1,caught,1,decode
8975,payload,5125037,1,caught,1,decode
8976,bit_flip,4920064,1,caught,1,decode
8977,random_bytes,1484197,2,caught,1,decode
8978,zeroed_run,1739346,2046,caught,1,decode
8979,truncation,2412670,3263103,caught,1,decode
8980,header,653,1,caught,1,decode
8981,payload,4241417,1,caught,1,decode
8982,bit_flip,4453676,1,caught,1,decode
8983,random_bytes,4326266,15,caught,1,decode
8984,zeroed_run,4638666,2050,caught,1,decode
8985,truncation,4583086,1092687,caught,1,decode
8986,header,25,1,caught,1,decode
8987,payload,1834842,1,caught,1,decode
8988,bit_flip,128192,1,caught,1,decode
8989,random_bytes,2254050,2,caught,1,decode
8990,zeroed_run,3336655,3075,caught,1,decode
8991,truncation,5074530,601243,caught,1,decode
8992,header,191,1,caught,1,decode
8993,payload,1210813,1,caught,1,decode
8994,bit_flip,4732806,1,caught,1,decode
8995,random_bytes,4974434,8,caught,1,decode
8996,zeroed_run,4253789,3921,caught,1,decode
8997,truncation,3166606,2509167,caught,1,decode
8998,header,877,1,caught,1,decode
8999,payload,5031785,1,caught,1,decode
9000,bit_flip,1023641,1,caught,1,decode
9001,random_bytes,2409439,8,caught,1,decode
9002,zeroed_run,631657,239,caught,1,decode
9003,truncation,3955215,1720558,caught,1,decode
9004,header,594,1,caught,1,decode
9005,payload,2363800,1,caught,1,decode
9006,bit_flip,5084087,1,caught,1,decode
9007,random_bytes,2626996,8,caught,1,decode
9008,zeroed_run,5002120,156,caught,1,decode
9009,truncation,573683,5102090,caught,1,decode
9010,header,917,1,caught,1,decode
9011,payload,3130710,1,caught,1,decode
9012,bit_flip,2034597,1,caught,1,decode
9013,random_bytes,3920113,13,caught,1,decode
9014,zeroed_run,2286043,674,caught,1,decode
9015,truncation,2428496,3247277,caught,1,decode
9016,header,812,1,caught,1,decode
9017,payload,2978290,1,caught,1,decode
9018,bit_flip,3868788,1,caught,1,decode
9019,random_bytes,994914,1,caught,1,decode
9020,zeroed_run,3909309,2494,caught,1,decode
9021,truncation,365610,5310163,caught,1,decode
9022,header,479,1,caught,1,decode
9023,payload,2364130,1,caught,1,decode
9024,bit_flip,1067465,1,caught,1,decode
9025,random_bytes,4828098,8,caught,1,decode
9026,zeroed_run,147280,2706,caught,1,decode
9027,truncation,1264849,4410924,caught,1,decode
9028,header,732,1,caught,1,decode
9029,payload,3244695,1,caught,1,decode
9030,bit_flip,4206090,1,caught,1,decode
9031,random_bytes,5411470,5,caught,1,decode
9032,zeroed_run,2389712,2252,caught,1,decode
9033,truncation,5509748,166025,caught,1,decode
9034,header,130,1,caught,1,decode
9035,payload,2842920,1,caught,1,decode
9036,bit_flip,5549276,1,caught,1,decode
9037,random_bytes,2187498,11,caught,1,decode
9038,zeroed_run,2480268,1233,caught,1,decode
9039,truncation,3882998,1792775,caught,1,decode
9040,header,2,1,caught,1,decode
9041,payload,4701252,1,caught,1,decode
9042,bit_flip,2210665,1,caught,1,decode
9043,random_bytes,2099710,16,caught,1,decode
9044,zeroed_run,1664686,1611,caught,1,decode
9045,truncation,2795398,2880375,caught,1,decode
9046,header,740,1,caught,1,decode
9047,payload,1486920,1,caught,1,decode
9048,bit_flip,4928251,1,caught,1,decode
9049,random_bytes,4850369,7,caught,1,decode
9050,zeroed_run,1112230,686,caught,1,decode
9051,truncation,2858775,2816998,caught,1,decode
9052,header,525,1,caught,1,decode
9053,payload,55111,1,caught,1,decode
9054,bit_flip,4149499,1,caught,1,decode
9055,random_bytes,77739,6,caught,1,decode
9056,zeroed_run,3054228,2254,caught,1,decode
9057,truncation,2194996,3480777,caught,1,decode
9058,header,291,1,caught,1,decode
9059,payload,5599533,1,caught,1,decode
9060,bit_flip,4013248,1,caught,1,decode
9061,random_bytes,4620545,9,caught,1,decode
9062,zeroed_run,5506286,1723,caught,1,decode
9063,truncation,2414984,3260789,caught,1,decode
9064,header,412,1,caught,1,decode
9065,payload,2591377,1,caught,1,decode
9066,bit_flip,1957874,1,caught,1,decode
9067,random_bytes,4859329,12,caught,1,decode
9068,zeroed_run,3397292,1626,caught,1,decode
9069,truncation,827825,4847948,caught,1,decode
9070,header,735,1,caught,1,decode
9071,payload,1429442,1,caught,1,decode
9072,bit_flip,2217524,1,caught,1,decode
9073,random_bytes,5368117,2,caught,1,decode
9074,zeroed_run,5057177,1126,caught,1,decode
9075,truncation,5533772,142001,caught,1,decode
9076,header,886,1,caught,1,decode
9077,payload,2660039,1,caught,1,decode
9078,bit_flip,1887005,1,caught,1,decode
9079,random_bytes,4024981,7,caught,1,decode
9080,zeroed_run,3627292,2770,caught,1,decode
9081,truncation,727478,4948295,caught,1,decode
9082,header,937,1,caught,1,decode
9083,payload,1209711,1,caught,1,decode
9084,bit_flip,2684097,1,caught,1,decode
9085,random_bytes,1460860,11,caught,1,decode
9086,zeroed_run,1847993,2447,caught,1,decode
9087,truncation,5606804,68969,caught,1,decode
9088,header,186,1,caught,1,decode
9089,payload,47621,1,caught,1,decode
9090,bit_flip,5435767,1,caught,1,decode
9091,random_bytes,2369414,9,caught,1,decode
9092,zeroed_run,4730655,372,caught,1,decode
9093,truncation,391339,5284434,caught,1,decode
9094,header,963,1,caught,1,decode
9095,payload,1650104,1,caught,1,decode
9096,bit_flip,3300813,1,caught,1,decode
9097,random_bytes,1773977,12,caught,1,decode
9098,zeroed_run,3047985,3092,caught,1,decode
9099,truncation,3733334,1942439,caught,1,decode
9100,header,713,1,caught,1,decode
9101,payload,1373123,1,caught,1,decode
9102,bit_flip,852638,1,caught,1,decode
9103,random_bytes,2934109,13,caught,1,decode
9104,zeroed_run,5088180,1289,caught,1,decode
9105,truncation,2830938,2844835,caught,1,decode
9106,header,708,1,caught,1,decode
9107,payload,4794650,1,caught,1,decode
9108,bit_flip,3309642,1,caught,1,decode
9109,random_bytes,1680805,8,caught,1,decode
9110,zeroed_run,1739353,2639,caught,1,decode
9111,truncation,4760054,915719,caught,1,decode
9112,header,121,1,caught,1,decode
9113,payload,4420980,1,caught,1,decode
9114,bit_flip,1648599,1,caught,1,decode
9115,random_bytes,5366724,9,caught,1,decode
9116,zeroed_run,761639,825,caught,1,decode
9117,truncation,2780368,2895405,caught,1,decode
9118,header,344,1,caught,1,decode
9119,payload,5266863,1,caught,1,decode
9120,bit_flip,4675270,1,caught,1,decode
9121,random_bytes,296639,9,caught,1,decode
9122,zeroed_run,455353,2778,caught,1,decode
9123,truncation,987829,4687944,caught,1,decode
9124,header,130,1,caught,1,decode
9125,payload,169085,1,caught,1,decode
9126,bit_flip,4236910,1,caught,1,decode
9127,random_bytes,463253,7,caught,1,decode
9128,zeroed_run,609082,4076,caught,1,decode
9129,truncation,2548751,3127022,caught,1,decode
9130,header,168,1,caught,1,decode
9131,payload,1260438,1,caught,1,decode
9132,bit_flip,4754295,1,caught,1,decode
9133,random_bytes,1057987,7,caught,1,decode
9134,zeroed_run,4125733,285,caught,1,decode
9135,truncation,687806,4987967,caught,1,decode
9136,header,916,1,caught,1,decode
9137,payload,3423105,1,caught,1,decode
9138,bit_flip,4165380,1,caught,1,decode
9139,random_bytes,1645911,8,caught,1,decode
9140,zeroed_run,605576,1630,caught,1,decode
9141,truncation,1695497,3980276,caught,1,decode
9142,header,31,1,caught,1,decode
9143,payload,2082584,1,caught,1,decode
9144,bit_flip,5608683,1,caught,1,decode
9145,random_bytes,4633283,2,caught,1,decode
9146,zeroed_run,4536735,3397,caught,1,decode
9147,truncation,537441,5138332,caught,1,decode
9148,header,626,1,caught,1,decode
9149,payload,4037383,1,caught,1,decode
9150,bit_flip,819592,1,caught,1,decode
9151,random_bytes,4215293,13,caught,1,decode
9152,zeroed_run,3305996,1898,caught,1,decode
9153,truncation,1000157,4675616,caught,1,decode
9154,header,492,1,caught,1,decode
9155,payload,5361825,1,caught,1,decode
9156,bit_flip,3249840,1,caught,1,decode
9157,random_bytes,3731212,11,caught,1,decode
9158,zeroed_run,1039485,3601,caught,1,decode
9159,truncation,243933,5431840,caught,1,decode
9160,header,501,1,caught,1,decode
9161,payload,2461172,1,caught,1,decode
9162,bit_flip,2121227,1,caught,1,decode
9163,random_bytes,3972999,5,caught,1,decode
9164,zeroed_run,2971142,597,caught,1,decode
9165,truncation,673871,5001902,caught,1,decode
9166,header,824,1,caught,1,decode
9167,payload,4798697,1,caught,1,decode
9168,bit_flip,5662562,1,caught,1,decode
9169,random_bytes,2960109,8,caught,1,decode
9170,zeroed_run,161406,1225,caught,1,decode
9171,truncation,1068485,4607288,caught,1,decode
9172,header,25,1,caught,1,decode
9173,payload,5524439,1,caught,1,decode
9174,bit_flip,5174294,1,caught,1,decode
9175,random_bytes,3774840,12,caught,1,decode
9176,zeroed_run,4037611,897,caught,1,decode
9177,truncation,1650072,4025701,caught,1,decode
9178,header,340,1,caught,1,decode
9179,payload,3384566,1,caught,1,decode
9180,bit_flip,795999,1,caught,1,decode
9181,random_bytes,282384,12,caught,1,decode
9182,zeroed_run,4052696,1609,caught,1,decode
9183,truncation,4317828,1357945,caught,1,decode
9184,header,962,1,caught,1,decode
9185,payload,4072374,1,caught,1,decode
9186,bit_flip,2414892,1,caught,1,decode
9187,random_bytes,5014469,14,caught,1,decode
9188,zeroed_run,1407637,1848,caught,1,decode
9189,truncation,1242800,4432973,caught,1,decode
9190,header,492,1,caught,1,decode
9191,payload,687584,1,caught,1,decode
9192,bit_flip,4044299,1,caught,1,decode
9193,random_bytes,2378608,7,caught,1,decode
9194,zeroed_run,308462,1166,caught,1,decode
9195,truncation,777965,4897808,caught,1,decode
9196,header,681,1,caught,1,decode
9197,payload,1143876,1,caught,1,decode
9198,bit_flip,2652404,1,caught,1,decode
9199,random_bytes,2329682,9,caught,1,decode
9200,zeroed_run,2874326,4053,caught,1,decode
9201,truncation,3175703,2500070,caught,1,decode
9202,header,284,1,caught,1,decode
9203,payload,210124,1,caught,1,decode
9204,bit_flip,849134,1,caught,1,decode
9205,random_bytes,3616790,10,caught,1,decode
9206,zeroed_run,2080350,1718,caught,1,decode
9207,truncation,3923375,1752398,caught,1,decode
9208,header,82,1,caught,1,decode
9209,payload,3762029,1,caught,1,decode
9210,bit_flip,5532309,1,caught,1,decode
9211,random_bytes,2265288,14,caught,1,decode
9212,zeroed_run,4743072,1035,caught,1,decode
9213,truncation,4457671,1218102,caught,1,decode
9214,header,1002,1,caught,1,decode
9215,payload,2287330,1,caught,1,decode
9216,bit_flip,2462778,1,caught,1,decode
9217,random_bytes,1190772,7,caught,1,decode
9218,zeroed_run,3623758,751,caught,1,decode
9219,truncation,4490177,1185596,caught,1,decode
9220,header,691,1,caught,1,decode
9221,payload,5495816,1,caught,1,decode
9222,bit_flip,482748,1,caught,1,decode
9223,random_bytes,435455,15,caught,1,decode
9224,zeroed_run,3676114,229,caught,1,decode
9225,truncation,1457708,4218065,caught,1,decode
9226,header,440,1,caught,1,decode
9227,payload,4519294,1,caught,1,decode
9228,bit_flip,4316212,1,caught,1,decode
9229,random_bytes,5516764,3,caught,1,decode
9230,zeroed_run,4356616,3650,caught,1,decode
9231,truncation,3909242,1766531,caught,1,decode
9232,header,947,1,caught,1,decode
9233,payload,2145002,1,caught,1,decode
9234,bit_flip,1591820,1,caught,1,decode
9235,random_bytes,5234849,1,caught,1,decode
9236,zeroed_run,2896646,248,caught,1,decode
9237,truncation,4836569,839204,caught,1,decode
9238,header,331,1,caught,1,decode
9239,payload,2812617,1,caught,1,decode
9240,bit_flip,5263830,1,caught,1,decode
9241,random_bytes,5096734,13,caught,1,decode
9242,zeroed_run,1253715,4026,caught,1,decode
9243,truncation,3122496,2553277,caught,1,decode
9244,header,805,1,caught,1,decode
9245,payload,4871584,1,caught,1,decode
9246,bit_flip,5076416,1,caught,1,decode
9247,random_bytes,2053167,13,caught,1,decode
9248,zeroed_run,5191598,2679,caught,1,decode
9249,truncation,3655698,2020075,caught,1,decode
9250,header,825,1,caught,1,decode
9251,payload,5366829,1,caught,1,decode
9252,bit_flip,706771,1,caught,1,decode
9253,random_bytes,3524330,2,caught,1,decode
9254,zeroed_run,2598839,1449,caught,1,decode
9255,truncation,4443398,1232375,caught,1,decode
9256,header,270,1,caught,1,decode
9257,payload,443534,1,caught,1,decode
9258,bit_flip,919701,1,caught,1,decode
9259,random_bytes,4042982,3,caught,1,decode
9260,zeroed_run,2252714,482,caught,1,decode
9261,truncation,4625723,1050050,caught,1,decode
9262,header,518,1,caught,1,decode
9263,payload,115437,1,caught,1,decode
9264,bit_flip,5547934,1,caught,1,decode
9265,random_bytes,3698338,16,caught,1,decode
9266,zeroed_run,2763544,3387,caught,1,decode
9267,truncation,2141281,3534492,caught,1,decode
9268,header,677,1,caught,1,decode
9269,payload,4655537,1,caught,1,decode
9270,bit_flip,725300,1,caught,1,decode
9271,random_bytes,2616268,8,caught,1,decode
9272,zeroed_run,1170935,3514,caught,1,decode
9273,truncation,3268542,2407231,caught,1,decode
9274,header,132,1,caught,1,decode
9275,payload,2376645,1,caught,1,decode
9276,bit_flip,2535246,1,caught,1,decode
9277,random_bytes,5135396,9,caught,1,decode
9278,zeroed_run,2670330,1682,caught,1,decode
9279,truncation,612140,5063633,caught,1,decode
9280,header,626,1,caught,1,decode
9281,payload,1530702,1,caught,1,decode
9282,bit_flip,4109108,1,caught,1,decode
9283,random_bytes,4293406,4,caught,1,decode
9284,zeroed_run,3741817,2734,caught,1,decode
9285,truncation,2571612,3104161,caught,1,decode
9286,header,962,1,caught,1,decode
9287,payload,1027073,1,caught,1,decode
9288,bit_flip,3431927,1,caught,1,decode
9289,random_bytes,3885021,10,caught,1,decode
9290,zeroed_run,2280108,2003,caught,1,decode
9291,truncation,4495044,1180729,caught,1,decode
9292,header,582,1,caught,1,decode
9293,payload,2916316,1,caught,1,decode
9294,bit_flip,2899948,1,caught,1,decode
9295,random_bytes,2678781,9,caught,1,decode
9296,zeroed_run,3979799,3633,caught,1,decode
9297,truncation,3018471,2657302,caught,1,decode
9298,header,618,1,caught,1,decode
9299,payload,1567372,1,caught,1,decode
9300,bit_flip,1938234,1,caught,1,decode
9301,random_bytes,2286650,15,caught,1,decode
9302,zeroed_run,4624736,121,caught,1,decode
9303,truncation,5427030,248743,caught,1,decode
9304,header,256,1,caught,1,decode
9305,payload,2175682,1,caught,1,decode
9306,bit_flip,3491087,1,caught,1,decode
9307,random_bytes,5008714,11,caught,1,decode
9308,zeroed_run,1304716,2544,caught,1,decode
9309,truncation,3841300,1834473,caught,1,decode
9310,header,270,1,caught,1,decode
9311,payload,3287828,1,caught,1,decode
9312,bit_flip,2892238,1,caught,1,decode
9313,random_bytes,1812185,11,caught,1,decode
9314,zeroed_run,1202384,3497,caught,1,decode
9315,truncation,4957908,717865,caught,1,decode
9316,header,52,1,caught,1,decode
9317,payload,1360157,1,caught,1,decode
9318,bit_flip,3373665,1,caught,1,decode
9319,random_bytes,2568126,16,caught,1,decode
9320,zeroed_run,1965839,3508,caught,1,decode
9321,truncation,3774698,1901075,caught,1,decode
9322,header,690,1,caught,1,decode
9323,payload,3730592,1,caught,1,decode
9324,bit_flip,3436501,1,caught,1,decode
9325,random_bytes,5416251,13,caught,1,decode
9326,zeroed_run,3740785,1470,caught,1,decode
9327,truncation,4870625,805148,caught,1,decode
9328,header,856,1,caught,1,decode
9329,payload,4633918,1,caught,1,decode
9330,bit_flip,737670,1,caught,1,decode
9331,random_bytes,4496092,9,caught,1,decode
9332,zeroed_run,2957881,1264,caught,1,decode
9333,truncation,3639088,2036685,caught,1,decode
9334,header,50,1,caught,1,decode
9335,payload,3107321,1,caught,1,decode
9336,bit_flip,362284,1,caught,1,decode
9337,random_bytes,3532045,10,caught,1,decode
9338,zeroed_run,2435336,2600,caught,1,decode
9339,truncation,1093865,4581908,caught,1,decode
9340,header,712,1,caught,1,decode
9341,payload,4819589,1,caught,1,decode
9342,bit_flip,5547271,1,caught,1,decode
9343,random_bytes,2816591,10,caught,1,decode
9344,zeroed_run,2598571,496,caught,1,decode
9345,truncation,1259419,4416354,caught,1,decode
9346,header,324,1,caught,1,decode
9347,payload,2172873,1,caught,1,decode
9348,bit_flip,2586931,1,caught,1,decode
9349,random_bytes,1119698,10,caught,1,decode
9350,zeroed_run,2877917,3565,caught,1,decode
9351,truncation,287387,5388386,caught,1,decode
9352,header,170,1,caught,1,decode
9353,payload,3403121,1,caught,1,decode
9354,bit_flip,3226889,1,caught,1,decode
9355,random_bytes,5190141,15,caught,1,decode
9356,zeroed_run,2167403,958,caught,1,decode
9357,truncation,1396845,4278928,caught,1,decode
9358,header,680,1,caught,1,decode
9359,payload,936380,1,caught,1,decode
9360,bit_flip,952150,1,caught,1,decode
9361,random_bytes,4088520,4,caught,1,decode
9362,zeroed_run,1875997,1166,caught,1,decode
9363,truncation,4040732,1635041,caught,1,decode
9364,header,17,1,caught,1,decode
9365,payload,3389219,1,caught,1,decode
9366,bit_flip,4630759,1,caught,1,decode
9367,random_bytes,3447044,12,caught,1,decode
9368,zeroed_run,3763332,1431,caught,1,decode
9369,truncation,2168925,3506848,caught,1,decode
9370,header,951,1,caught,1,decode
9371,payload,4473867,1,caught,1,decode
9372,bit_flip,332659,1,caught,1,decode
9373,random_bytes,2682465,15,caught,1,decode
9374,zeroed_run,4657630,3022,caught,1,decode
9375,truncation,3833920,1841853,caught,1,decode
9376,header,467,1,caught,1,decode
9377,payload,1900238,1,caught,1,decode
9378,bit_flip,1318723,1,caught,1,decode
9379,random_bytes,907353,2,caught,1,decode
9380,zeroed_run,638236,3497,caught,1,decode
9381,truncation,5231290,444483,caught,1,decode
9382,header,965,1,caught,1,decode
9383,payload,3816302,1,caught,1,decode
9384,bit_flip,1783099,1,caught,1,decode
9385,random_bytes,4688182,14,caught,1,decode
9386,zeroed_run,506606,3258,caught,1,decode
9387,truncation,371052,5304721,caught,1,decode
9388,header,161,1,caught,1,decode
9389,payload,4731684,1,caught,1,decode
9390,bit_flip,2058764,1,caught,1,decode
9391,random_bytes,2877530,11,caught,1,decode
9392,zeroed_run,375621,2309,caught,1,decode
9393,truncation,356630,5319143,caught,1,decode
9394,header,673,1,caught,1,decode
9395,payload,115056,1,caught,1,decode
9396,bit_flip,2778691,1,caught,1,decode
9397,random_bytes,5089121,6,caught,1,decode
9398,zeroed_run,5383823,2444,caught,1,decode
9399,truncation,4979474,696299,caught,1,decode
9400,header,488,1,caught,1,decode
9401,payload,266104,1,caught,1,decode
9402,bit_flip,4357760,1,caught,1,decode
9403,random_bytes,5568639,10,caught,1,decode
9404,zeroed_run,1326303,720,caught,1,decode
9405,truncation,5504022,171751,caught,1,decode
9406,header,784,1,caught,1,decode
9407,payload,868722,1,caught,1,decode
9408,bit_flip,3089650,1,caught,1,decode
9409,random_bytes,2893055,2,caught,1,decode
9410,zeroed_run,592215,1792,caught,1,decode
9411,truncation,4942544,733229,caught,1,decode
9412,header,589,1,caught,1,decode
9413,payload,637307,1,caught,1,decode
9414,bit_flip,3826685,1,caught,1,decode
9415,random_bytes,4463010,11,caught,1,decode
9416,zeroed_run,2556824,3908,caught,1,decode
9417,truncation,1095735,4580038,caught,1,decode
9418,header,642,1,caught,1,decode
9419,payload,1738448,1,caught,1,decode
9420,bit_flip,1184939,1,caught,1,decode
9421,random_bytes,401612,10,caught,1,decode
9422,zeroed_run,5366674,183,caught,1,decode
9423,truncation,1499615,4176158,caught,1,decode
9424,header,458,1,caught,1,decode
9425,payload,4295812,1,caught,1,decode
9426,bit_flip,1545518,1,caught,1,decode
9427,random_bytes,1287664,16,caught,1,decode
9428,zeroed_run,951210,528,caught,1,decode
9429,truncation,2772950,2902823,caught,1,decode
9430,header,180,1,caught,1,decode
9431,payload,233618,1,caught,1,decode
9432,bit_flip,4906388,1,caught,1,decode
9433,random_bytes,2649364,12,caught,1,decode
9434,zeroed_run,5315536,3720,caught,1,decode
9435,truncation,4195882,1479891,caught,1,decode
9436,header,996,1,caught,1,decode
9437,payload,5111386,1,caught,1,decode
9438,bit_flip,3276377,1,caught,1,decode
9439,random_bytes,603346,16,caught,1,decode
9440,zeroed_run,1021196,2617,caught,1,decode
9441,truncation,4498609,1177164,caught,1,decode
9442,header,693,1,caught,1,decode
9443,payload,1310588,1,caught,1,decode
9444,bit_flip,817011,1,caught,1,decode
9445,random_bytes,132845,13,caught,1,decode
9446,zeroed_run,4639101,2088,caught,1,decode
9447,truncation,3178297,2497476,caught,1,decode
9448,header,353,1,caught,1,decode
9449,payload,4681490,1,caught,1,decode
9450,bit_flip,2554742,1,caught,1,decode
9451,random_bytes,2782680,3,caught,1,decode
9452,zeroed_run,632136,775,caught,1,decode
9453,truncation,4187525,1488248,caught,1,decode
9454,header,253,1,caught,1,decode
9455,payload,196327,1,caught,1,decode
9456,bit_flip,279721,1,caught,1,decode
9457,random_bytes,5450082,7,caught,1,decode
9458,zeroed_run,1235396,1372,caught,1,decode
9459,truncation,4579773,1096000,caught,1,decode
9460,header,625,1,caught,1,decode
9461,payload,2655308,1,caught,1,decode
9462,bit_flip,2082004,1,caught,1,decode
9463,random_bytes,212368,7,caught,1,decode
9464,zeroed_run,5363791,2635,caught,1,decode
9465,truncation,5111180,564593,caught,1,decode
9466,header,316,1,caught,1,decode
9467,payload,3190811,1,caught,1,decode
9468,bit_flip,925131,1,caught,1,decode
9469,random_bytes,4770288,8,caught,1,decode
9470,zeroed_run,435956,586,caught,1,decode
9471,truncation,2317771,3358002,caught,1,decode
9472,header,322,1,caught,1,decode
9473,payload,2754379,1,caught,1,decode
9474,bit_flip,3894561,1,caught,1,decode
9475,random_bytes,1225888,7,caught,1,decode
9476,zeroed_run,1557879,2045,caught,1,decode
9477,truncation,3070813,2604960,caught,1,decode
9478,header,525,1,caught,1,decode
9479,payload,3134039,1,caught,1,decode
9480,bit_flip,1085494,1,caught,1,decode
9481,random_bytes,3000035,10,caught,1,decode
9482,zeroed_run,1453708,175,caught,1,decode
9483,truncation,3098555,2577218,caught,1,decode
9484,header,509,1,caught,1,decode
9485,payload,1004598,1,caught,1,decode
9486,bit_flip,5049647,1,caught,1,decode
9487,random_bytes,884881,9,caught,1,decode
9488,zeroed_run,4905504,4059,caught,1,decode
9489,truncation,917863,4757910,caught,1,decode
9490,header,153,1,caught,1,decode
9491,payload,2523671,1,caught,1,decode
9492,bit_flip,253694,1,caught,1,decode
9493,random_bytes,3995953,1,caught,1,decode
9494,zeroed_run,2924179,1653,caught,1,decode
9495,truncation,1560798,4114975,caught,1,decode
9496,header,302,1,caught,1,decode
9497,payload,157190,1,caught,1,decode
9498,bit_flip,2107817,1,harmless,0,decode
9499,random_bytes,1870521,13,caught,1,decode
9500,zeroed_run,1857470,3236,caught,1,decode
9501,truncation,2951823,2723950,caught,1,decode
9502,header,306,1,caught,1,decode
9503,payload,180115,1,caught,1,decode
9504,bit_flip,2452951,1,caught,1,decode
9505,random_bytes,3172207,11,caught,1,decode
9506,zeroed_run,564013,2797,caught,1,decode
9507,truncation,5130735,545038,caught,1,decode
9508,header,287,1,caught,1,decode
9509,payload,264776,1,caught,1,decode
9510,bit_flip,2403554,1,caught,1,decode
9511,random_bytes,2858885,3,caught,1,decode
9512,zeroed_run,5150268,2612,caught,1,decode
9513,truncation,389116,5286657,caught,1,decode
9514,header,739,1,caught,1,decode
9515,payload,3417628,1,caught,1,decode
9516,bit_flip,5272398,1,caught,1,decode
9517,random_bytes,1244466,4,caught,1,decode
9518,zeroed_run,5662656,1983,caught,1,decode
9519,truncation,3330026,2345747,caught,1,decode
9520,header,73,1,caught,1,decode
9521,payload,610628,1,caught,1,decode
9522,bit_flip,1253879,1,caught,1,decode
9523,random_bytes,4436465,3,caught,1,decode
9524,zeroed_run,335785,3145,caught,1,decode
9525,truncation,1695001,3980772,caught,1,decode
9526,header,762,1,caught,1,decode
9527,payload,1421338,1,caught,1,decode
9528,bit_flip,792913,1,caught,1,decode
9529,random_bytes,3299380,4,caught,1,decode
9530,zeroed_run,5007088,3767,caught,1,decode
9531,truncation,3022380,2653393,caught,1,decode
9532,header,475,1,caught,1,decode
9533,payload,5253525,1,caught,1,decode
9534,bit_flip,1052479,1,caught,1,decode
9535,random_bytes,3952339,8,caught,1,decode
9536,zeroed_run,1364296,3388,caught,1,decode
9537,truncation,4619801,1055972,caught,1,decode
9538,header,441,1,caught,1,decode
9539,payload,3245280,1,caught,1,decode
9540,bit_flip,2333228,1,caught,1,decode
9541,random_bytes,2302256,5,caught,1,decode
9542,zeroed_run,4368579,3506,caught,1,decode
9543,truncation,3159913,2515860,caught,1,decode
9544,header,408,1,caught,1,decode
9545,payload,3812899,1,caught,1,decode
9546,bit_flip,1954916,1,caught,1,decode
9547,random_bytes,265869,9,caught,1,decode
9548,zeroed_run,4209810,1834,caught,1,decode
9549,truncation,5041726,634047,caught,1,decode
9550,header,6,1,caught,1,decode
9551,payload,4535053,1,caught,1,decode
9552,bit_flip,4593130,1,caught,1,decode
9553,random_bytes,2221869,3,caught,1,decode
9554,zeroed_run,3412077,293,caught,1,decode
9555,truncation,860442,4815331,caught,1,decode
9556,header,884,1,caught,1,decode
9557,payload,2514924,1,caught,1,decode
9558,bit_flip,2242261,1,caught,1,decode
9559,random_bytes,4253920,12,caught,1,decode
9560,zeroed_run,597038,3271,caught,1,decode
9561,truncation,3127781,2547992,caught,1,decode
9562,header,153,1,caught,1,decode
9563,payload,3362051,1,caught,1,decode
9564,bit_flip,1853842,1,caught,1,decode
9565,random_bytes,4106999,2,caught,1,decode
9566,zeroed_run,3155713,2062,caught,1,decode
9567,truncation,2421745,3254028,caught,1,decode
9568,header,541,1,caught,1,decode
9569,payload,3578517,1,caught,1,decode
9570,bit_flip,3813868,1,caught,1,decode
9571,random_bytes,3344629,16,caught,1,decode
9572,zeroed_run,3636222,310,caught,1,decode
9573,truncation,898567,4777206,caught,1,decode
9574,header,599,1,caught,1,decode
9575,payload,3566147,1,caught,1,decode
9576,bit_flip,1188480,1,caught,1,decode
9577,random_bytes,5627268,1,caught,1,decode
9578,zeroed_run,742632,170,caught,1,decode
9579,truncation,5214903,460870,caught,1,decode
9580,header,841,1,caught,1,decode
9581,payload,4810614,1,caught,1,decode
9582,bit_flip,1726257,1,caught,1,decode
9583,random_bytes,2816220,15,caught,1,decode
9584,zeroed_run,2666501,980,caught,1,decode
9585,truncation,1892305,3783468,caught,1,decode
9586,header,240,1,caught,1,decode
9587,payload,5540978,1,caught,1,decode
9588,bit_flip,3431619,1,caught,1,decode
9589,random_bytes,2753,4,caught,1,decode
9590,zeroed_run,5292879,4049,caught,1,decode
9591,truncation,4122684,1553089,caught,1,decode
9592,header,365,1,caught,1,decode
9593,payload,4981879,1,caught,1,decode
9594,bit_flip,1475095,1,caught,1,decode
9595,random_bytes,4145193,10,caught,1,decode
9596,zeroed_run,982887,3661,caught,1,decode
9597,truncation,1306787,4368986,caught,1,decode
9598,header,396,1,caught,1,decode
9599,payload,4231019,1,caught,1,decode
9600,bit_flip,67347,1,caught,1,decode
9601,random_bytes,3689582,2,caught,1,decode
9602,zeroed_run,1861355,3899,caught,1,decode
9603,truncation,3878219,1797554,caught,1,decode
9604,header,938,1,caught,1,decode
9605,payload,4287144,1,caught,1,decode
9606,bit_flip,3339093,1,caught,1,decode
9607,random_bytes,2602958,2,caught,1,decode
9608,zeroed_run,125437,3780,caught,1,decode
9609,truncation,361847,5313926,caught,1,decode
9610,header,883,1,caught,1,decode
9611,payload,5576181,1,caught,1,decode
9612,bit_flip,4525361,1,caught,1,decode
9613,random_bytes,1831435,8,caught,1,decode
9614,zeroed_run,4152029,3560,caught,1,decode
9615,truncation,1358692,4317081,caught,1,decode
9616,header,629,1,caught,1,decode
9617,payload,660476,1,caught,1,decode
9618,bit_flip,2196465,1,caught,1,decode
9619,random_bytes,272077,3,caught,1,decode
9620,zeroed_run,4755444,3997,caught,1,decode
9621,truncation,5525033,150740,caught,1,decode
9622,header,533,1,caught,1,decode
9623,payload,4360811,1,caught,1,decode
9624,bit_flip,3625171,1,caught,1,decode
9625,random_bytes,630751,16,caught,1,decode
9626,zeroed_run,1039308,1681,caught,1,decode
9627,truncation,4399624,1276149,caught,1,decode
9628,header,179,1,caught,1,decode
9629,payload,3660257,1,caught,1,decode
9630,bit_flip,629899,1,caught,1,decode
9631,random_bytes,1619108,1,caught,1,decode
9632,zeroed_run,3572890,2370,caught,1,decode
9633,truncation,71486,5604287,caught,1,decode
9634,header,720,1,caught,1,decode
9635,payload,1557820,1,caught,1,decode
9636,bit_flip,1748971,1,caught,1,decode
9637,random_bytes,4943707,8,caught,1,decode
9638,zeroed_run,4422571,3176,caught,1,decode
9639,truncation,4054258,1621515,caught,1,decode
9640,header,518,1,caught,1,decode
9641,payload,3414651,1,caught,1,decode
9642,bit_flip,2666729,1,caught,1,decode
9643,random_bytes,4590625,7,caught,1,decode
9644,zeroed_run,5408103,41,caught,1,decode
9645,truncation,49902,5625871,caught,1,decode
9646,header,392,1,caught,1,decode
9647,payload,1186138,1,caught,1,decode
9648,bit_flip,1576656,1,caught,1,decode
9649,random_bytes,5074811,7,caught,1,decode
9650,zeroed_run,5628186,729,caught,1,decode
9651,truncation,4128057,1547716,caught,1,decode
9652,header,605,1,caught,1,decode
9653,payload,2986068,1,caught,1,decode
9654,bit_flip,2276070,1,caught,1,decode
9655,random_bytes,2266091,2,caught,1,decode
9656,zeroed_run,5224665,2581,caught,1,decode
9657,truncation,2032112,3643661,caught,1,decode
9658,header,515,1,caught,1,decode
9659,payload,5054240,1,caught,1,decode
9660,bit_flip,322692,1,caught,1,decode
9661,random_bytes,5544218,13,caught,1,decode
9662,zeroed_run,1417496,1775,caught,1,decode
9663,truncation,2168806,3506967,caught,1,decode
9664,header,443,1,caught,1,decode
9665,payload,5512734,1,caught,1,decode
9666,bit_flip,4975840,1,caught,1,decode
9667,random_bytes,1991864,7,caught,1,decode
9668,zeroed_run,3967545,2598,caught,1,decode
9669,truncation,1592956,4082817,caught,1,decode
9670,header,199,1,caught,1,decode
9671,payload,5534067,1,caught,1,decode
9672,bit_flip,2441464,1,caught,1,decode
9673,random_bytes,2408088,14,caught,1,decode
9674,zeroed_run,5155411,133,caught,1,decode
9675,truncation,116367,5559406,caught,1,decode
9676,header,745,1,caught,1,decode
9677,payload,3197037,1,caught,1,decode
9678,bit_flip,3416662,1,caught,1,decode
9679,random_bytes,723765,12,caught,1,decode
9680,zeroed_run,4041706,2185,caught,1,decode
9681,truncation,1295304,4380469,caught,1,decode
9682,header,332,1,caught,1,decode
9683,payload,1394269,1,caught,1,decode
9684,bit_flip,4534739,1,caught,1,decode
9685,random_bytes,1788302,9,caught,1,decode
9686,zeroed_run,3113858,781,caught,1,decode
9687,truncation,1676246,3999527,caught,1,decode
9688,header,980,1,caught,1,decode
9689,payload,3992459,1,caught,1,decode
9690,bit_flip,5069145,1,caught,1,decode
9691,random_bytes,165944,4,caught,1,decode
9692,zeroed_run,2939656,2174,caught,1,decode
9693,truncation,2771012,2904761,caught,1,decode
9694,header,785,1,caught,1,decode
9695,payload,711080,1,caught,1,decode
9696,bit_flip,979440,1,caught,1,decode
9697,random_bytes,4805539,6,caught,1,decode
9698,zeroed_run,4787405,578,caught,1,decode
9699,truncation,1147684,4528089,caught,1,decode
9700,header,417,1,caught,1,decode
9701,payload,2509810,1,caught,1,decode
9702,bit_flip,4212065,1,caught,1,decode
9703,random_bytes,2836439,11,caught,1,decode
9704,zeroed_run,1148798,859,caught,1,decode
9705,truncation,4701885,973888,caught,1,decode
9706,header,713,1,caught,1,decode
9707,payload,5126607,1,caught,1,decode
9708,bit_flip,2288185,1,caught,1,decode
9709,random_bytes,2128124,4,caught,1,decode
9710,zeroed_run,137219,3765,caught,1,decode
9711,truncation,3801234,1874539,caught,1,decode
9712,header,915,1,caught,1,decode
9713,payload,3557253,1,caught,1,decode
9714,bit_flip,4329587,1,caught,1,decode
9715,random_bytes,4114548,15,caught,1,decode
9716,zeroed_run,84361,3103,caught,1,decode
9717,truncation,2247784,3427989,caught,1,decode
9718,header,435,1,caught,1,decode
9719,payload,4414978,1,caught,1,decode
9720,bit_flip,3800662,1,caught,1,decode
9721,random_bytes,1513985,14,caught,1,decode
9722,zeroed_run,2319550,488,caught,1,decode
9723,truncation,5252962,422811,caught,1,decode
9724,header,202,1,caught,1,decode
9725,payload,5166444,1,caught,1,decode
9726,bit_flip,3928821,1,caught,1,decode
9727,random_bytes,3893749,11,caught,1,decode
9728,zeroed_run,2069283,2870,caught,1,decode
9729,truncation,253535,5422238,caught,1,decode
9730,header,362,1,caught,1,decode
9731,payload,2856743,1,caught,1,decode
9732,bit_flip,3633721,1,caught,1,decode
9733,random_bytes,3525849,15,caught,1,decode
9734,zeroed_run,2151596,149,caught,1,decode
9735,truncation,2037485,3638288,caught,1,decode
9736,header,105,1,caught,1,decode
9737,payload,2092045,1,caught,1,decode
9738,bit_flip,5531980,1,caught,1,decode
9739,random_bytes,844152,3,caught,1,decode
9740,zeroed_run,4908533,3131,caught,1,decode
9741,truncation,3323380,2352393,caught,1,decode
9742,header,429,1,caught,1,decode
9743,payload,5233795,1,caught,1,decode
9744,bit_flip,4179866,1,caught,1,decode
9745,random_bytes,738768,6,caught,1,decode
9746,zeroed_run,1374002,3200,caught,1,decode
9747,truncation,3605928,2069845,caught,1,decode
9748,header,333,1,caught,1,decode
9749,payload,4166948,1,caught,1,decode
9750,bit_flip,3224975,1,caught,1,decode
9751,random_bytes,176541,11,caught,1,decode
9752,zeroed_run,3157289,2989,caught,1,decode
9753,truncation,5264862,410911,caught,1,decode
9754,header,766,1,caught,1,decode
9755,payload,3238238,1,caught,1,decode
9756,bit_flip,4170451,1,caught,1,decode
9757,random_bytes,4371888,8,caught,1,decode
9758,zeroed_run,1015146,3967,caught,1,decode
9759,truncation,2486837,3188936,caught,1,decode
9760,header,494,1,caught,1,decode
9761,payload,5419351,1,caught,1,decode
9762,bit_flip,4975797,1,caught,1,decode
9763,random_bytes,5398774,10,caught,1,decode
9764,zeroed_run,2010537,3032,caught,1,decode
9765,truncation,1362159,4313614,caught,1,decode
9766,header,644,1,caught,1,decode
9767,payload,4431500,1,caught,1,decode
9768,bit_flip,2074140,1,caught,1,decode
9769,random_bytes,5263968,9,caught,1,decode
9770,zeroed_run,1236942,1745,caught,1,decode
9771,truncation,2499744,3176029,caught,1,decode
9772,header,504,1,caught,1,decode
9773,payload,5271838,1,caught,1,decode
9774,bit_flip,4495798,1,caught,1,decode
9775,random_bytes,2222966,7,caught,1,decode
9776,zeroed_run,1618494,399,caught,1,decode
9777,truncation,4936090,739683,caught,1,decode
9778,header,952,1,caught,1,decode
9779,payload,1620945,1,caught,1,decode
9780,bit_flip,4953877,1,caught,1,decode
9781,random_bytes,4005209,2,caught,1,decode
9782,zeroed_run,816072,1085,caught,1,decode
9783,truncation,2885659,2790114,caught,1,decode
9784,header,761,1,caught,1,decode
9785,payload,3236253,1,caught,1,decode
9786,bit_flip,5285417,1,caught,1,decode
9787,random_bytes,4866963,10,caught,1,decode
9788,zeroed_run,2849107,3030,caught,1,decode
9789,truncation,5522982,152791,caught,1,decode
9790,header,40,1,caught,1,decode
9791,payload,1918047,1,caught,1,decode
9792,bit_flip,5009597,1,caught,1,decode
9793,random_bytes,534597,9,caught,1,decode
9794,zeroed_run,1452464,2197,caught,1,decode
9795,truncation,4480005,1195768,caught,1,decode
9796,header,11,1,caught,1,decode
9797,payload,2473393,1,caught,1,decode
9798,bit_flip,2558805,1,caught,1,decode
9799,random_bytes,2390321,11,caught,1,decode
9800,zeroed_run,2377088,2308,caught,1,decode
9801,truncation,4100336,1575437,caught,1,decode
9802,header,1017,1,caught,1,decode
9803,payload,53577,1,caught,1,decode
9804,bit_flip,5090691,1,caught,1,decode
9805,random_bytes,4063646,12,caught,1,decode
9806,zeroed_run,5619086,486,caught,1,decode
9807,truncation,2931653,2744120,caught,1,decode
9808,header,416,1,caught,1,decode
9809,payload,934366,1,caught,1,decode
9810,bit_flip,4587150,1,caught,1,decode
9811,random_bytes,2972655,5,caught,1,decode
9812,zeroed_run,2579521,272,caught,1,decode
9813,truncation,2478297,3197476,caught,1,decode
9814,header,817,1,caught,1,decode
9815,payload,131842,1,caught,1,decode
9816,bit_flip,1760192,1,caught,1,decode
9817,random_bytes,5178383,12,caught,1,decode
9818,zeroed_run,2890491,3264,caught,1,decode
9819,truncation,4777042,898731,caught,1,decode
9820,header,725,1,caught,1,decode
9821,payload,3413476,1,caught,1,decode
9822,bit_flip,65748,1,caught,1,decode
9823,random_bytes,5280259,11,caught,1,decode
9824,zeroed_run,3131745,3864,caught,1,decode
9825,truncation,2783346,2892427,caught,1,decode
9826,header,233,1,caught,1,decode
9827,payload,3512740,1,caught,1,decode
9828,bit_flip,5330156,1,caught,1,decode
9829,random_bytes,249069,10,caught,1,decode
9830,zeroed_run,3352723,1862,caught,1,decode
9831,truncation,3332867,2342906,caught,1,decode
9832,header,760,1,caught,1,decode
9833,payload,369243,1,caught,1,decode
9834,bit_flip,4077764,1,caught,1,decode
9835,random_bytes,1155123,13,caught,1,decode
9836,zeroed_run,142508,3006,caught,1,decode
9837,truncation,4565238,1110535,caught,1,decode
9838,header,48,1,caught,1,decode
9839,payload,5562684,1,caught,1,decode
9840,bit_flip,1936364,1,caught,1,decode
9841,random_bytes,3519757,6,caught,1,decode
9842,zeroed_run,5464678,200,caught,1,decode
9843,truncation,252129,5423644,caught,1,decode
9844,header,841,1,caught,1,decode
9845,payload,3117587,1,caught,1,decode
9846,bit_flip,3757509,1,caught,1,decode
9847,random_bytes,748638,13,caught,1,decode
9848,zeroed_run,4175159,2243,caught,1,decode
9849,truncation,2598258,3077515,caught,1,decode
9850,header,966,1,caught,1,decode
9851,payload,505353,1,caught,1,decode
9852,bit_flip,1240961,1,caught,1,decode
9853,random_bytes,3097298,3,caught,1,decode
9854,zeroed_run,2203995,767,caught,1,decode
9855,truncation,2366716,3309057,caught,1,decode
9856,header,770,1,caught,1,decode
9857,payload,2605486,1,caught,1,decode
9858,bit_flip,4703035,1,caught,1,decode
9859,random_bytes,2223283,13,caught,1,decode
9860,zeroed_run,815191,3637,caught,1,decode
9861,truncation,4499054,1176719,caught,1,decode
9862,header,210,1,caught,1,decode
9863,payload,3597237,1,caught,1,decode
9864,bit_flip,2761514,1,caught,1,decode
9865,random_bytes,2380253,6,caught,1,decode
9866,zeroed_run,1405997,2134,caught,1,decode
9867,truncation,4762483,913290,caught,1,decode
9868,header,841,1,caught,1,decode
9869,payload,3236978,1,caught,1,decode
9870,bit_flip,4175782,1,caught,1,decode
9871,random_bytes,4257765,4,caught,1,decode
9872,zeroed_run,2469520,3266,caught,1,decode
9873,truncation,65474,5610299,caught,1,decode
9874,header,1,1,caught,1,decode
9875,payload,4876460,1,caught,1,decode
9876,bit_flip,40008,1,caught,1,decode
9877,random_bytes,1207741,13,caught,1,decode
9878,zeroed_run,3168010,992,caught,1,decode
9879,truncation,5642711,33062,caught,1,decode
9880,header,792,1,caught,1,decode
9881,payload,2959277,1,caught,1,decode
9882,bit_flip,2488238,1,caught,1,decode
9883,random_bytes,775718,13,caught,1,decode
9884,zeroed_run,2062345,3475,caught,1,decode
9885,truncation,2180379,3495394,caught,1,decode
9886,header,821,1,caught,1,decode
9887,payload,4496322,1,caught,1,decode
9888,bit_flip,2598710,1,caught,1,decode
9889,random_bytes,5001526,10,caught,1,decode
9890,zeroed_run,3250339,96,caught,1,decode
9891,truncation,120455,5555318,caught,1,decode
9892,header,600,1,caught,1,decode
9893,payload,3191986,1,caught,1,decode
9894,bit_flip,2453059,1,caught,1,decode
9895,random_bytes,2722558,10,caught,1,decode
9896,zeroed_run,4457873,611,caught,1,decode
9897,truncation,1564250,4111523,caught,1,decode
9898,header,95,1,caught,1,decode
9899,payload,4763672,1,caught,1,decode
9900,bit_flip,458974,1,caught,1,decode
9901,random_bytes,3046021,6,caught,1,decode
9902,zeroed_run,2550031,2691,caught,1,decode
9903,truncation,3957193,1718580,caught,1,decode
9904,header,664,1,caught,1,decode
9905,payload,2888550,1,caught,1,decode
9906,bit_flip,4237756,1,caught,1,decode
9907,random_bytes,8810,5,caught,1,decode
9908,zeroed_run,3904744,3825,caught,1,decode
9909,truncation,4129081,1546692,caught,1,decode
9910,header,724,1,caught,1,decode
9911,payload,270730,1,caught,1,decode
9912,bit_flip,5559417,1,caught,1,decode
9913,random_bytes,5151521,1,caught,1,decode
9914,zeroed_run,3188635,1263,caught,1,decode
9915,truncation,1384960,4290813,caught,1,decode
9916,header,101,1,caught,1,decode
9917,payload,2851403,1,caught,1,decode
9918,bit_flip,1506468,1,caught,1,decode
9919,random_bytes,5229562,6,caught,1,decode
9920,zeroed_run,1924652,2371,caught,1,decode
9921,truncation,2145111,3530662,caught,1,decode
9922,header,436,1,caught,1,decode
9923,payload,2597718,1,caught,1,decode
9924,bit_flip,1762780,1,caught,1,decode
9925,random_bytes,3203913,1,caught,1,decode
9926,zeroed_run,5222347,3833,caught,1,decode
9927,truncation,3916067,1759706,caught,1,decode
9928,header,360,1,caught,1,decode
9929,payload,4971146,1,caught,1,decode
9930,bit_flip,2130876,1,caught,1,decode
9931,random_bytes,5372275,13,caught,1,decode
9932,zeroed_run,3303856,527,caught,1,decode
9933,truncation,3239514,2436259,caught,1,decode
9934,header,933,1,caught,1,decode
9935,payload,4822595,1,caught,1,decode
9936,bit_flip,907473,1,caught,1,decode
9937,random_bytes,1545199,15,caught,1,decode
9938,zeroed_run,5550704,390,caught,1,decode
9939,truncation,4587242,1088531,caught,1,decode
9940,header,864,1,caught,1,decode
9941,payload,2620937,1,caught,1,decode
9942,bit_flip,434838,1,caught,1,decode
9943,random_bytes,3619699,2,caught,1,decode
9944,zeroed_run,1260604,1866,caught,1,decode
9945,truncation,1900903,3774870,caught,1,decode
9946,header,690,1,caught,1,decode
9947,payload,4207985,1,caught,1,decode
9948,bit_flip,50829,1,caught,1,decode
9949,random_bytes,2171112,10,caught,1,decode
9950,zeroed_run,3425174,3531,caught,1,decode
9951,truncation,211301,5464472,caught,1,decode
9952,header,1009,1,caught,1,decode
9953,payload,1778695,1,caught,1,decode
9954,bit_flip,5320489,1,caught,1,decode
9955,random_bytes,372077,6,caught,1,decode
9956,zeroed_run,2695186,3329,caught,1,decode
9957,truncation,1540548,4135225,caught,1,decode
9958,header,756,1,caught,1,decode
9959,payload,2257867,1,caught,1,decode
9960,bit_flip,707298,1,caught,1,decode
9961,random_bytes,5099812,8,caught,1,decode
9962,zeroed_run,3645637,1391,caught,1,decode
9963,truncation,201312,5474461,caught,1,decode
9964,header,328,1,caught,1,decode
9965,payload,1152212,1,caught,1,decode
9966,bit_flip,2074958,1,caught,1,decode
9967,random_bytes,1425762,6,caught,1,decode
9968,zeroed_run,1270427,3545,caught,1,decode
9969,truncation,3512024,2163749,caught,1,decode
9970,header,314,1,caught,1,decode
9971,payload,1246834,1,caught,1,decode
9972,bit_flip,5092198,1,caught,1,decode
9973,random_bytes,2586268,5,caught,1,decode
9974,zeroed_run,638589,1317,caught,1,decode
9975,truncation,4510109,1165664,caught,1,decode
9976,header,643,1,caught,1,decode
9977,payload,1952830,1,caught,1,decode
9978,bit_flip,4129364,1,caught,1,decode
9979,random_bytes,5350924,9,caught,1,decode
9980,zeroed_run,4726748,3831,caught,1,decode
9981,truncation,5590394,85379,caught,1,decode
9982,header,176,1,caught,1,decode
9983,payload,1438630,1,caught,1,decode
9984,bit_flip,4744302,1,caught,1,decode
9985,random_bytes,4611478,1,caught,1,decode
9986,zeroed_run,299206,768,caught,1,decode
9987,truncation,2402901,3272872,caught,1,decode
9988,header,245,1,caught,1,decode
9989,payload,2477352,1,caught,1,decode
9990,bit_flip,733152,1,caught,1,decode
9991,random_bytes,3704814,11,caught,1,decode
9992,zeroed_run,660865,3628,caught,1,decode
9993,truncation,2714281,2961492,caught,1,decode
9994,header,486,1,caught,1,decode
9995,payload,4315376,1,caught,1,decode
9996,bit_flip,3020008,1,caught,1,decode
9997,random_bytes,3694436,8,caught,1,decode
9998,zeroed_run,2045479,1604,caught,1,decode
9999,truncation,1022155,4653618,caught,1,decode
