case,kind,offset,length,outcome,returncode,phase
0,bit_flip,3013333,1,caught,66,decode
1,random_bytes,6556895,11,caught,66,decode
2,zeroed_run,4956622,2888,caught,66,decode
3,truncation,1334776,7948079,caught,68,decode
4,header,489,1,caught,66,decode
5,payload,6234064,1,caught,66,decode
6,bit_flip,3646219,1,caught,66,decode
7,random_bytes,4166698,16,caught,66,decode
8,zeroed_run,1856463,3387,caught,66,decode
9,truncation,2473470,6809385,caught,68,decode
10,header,651,1,caught,66,decode
11,payload,7224570,1,caught,66,decode
12,bit_flip,4483375,1,caught,66,decode
13,random_bytes,35112,2,caught,66,decode
14,zeroed_run,6965526,374,caught,66,decode
15,truncation,6482326,2800529,caught,68,decode
16,header,523,1,caught,66,decode
17,payload,4748133,1,caught,66,decode
18,bit_flip,3930486,1,caught,66,decode
19,random_bytes,1352554,4,caught,66,decode
20,zeroed_run,754979,151,caught,66,decode
21,truncation,7689443,1593412,caught,68,decode
22,header,179,1,caught,66,decode
23,payload,1632467,1,caught,66,decode
24,bit_flip,8029189,1,caught,66,decode
25,random_bytes,2630339,15,caught,66,decode
26,zeroed_run,620480,1656,caught,66,decode
27,truncation,2005280,7277575,caught,68,decode
28,header,440,1,caught,66,decode
29,payload,8787853,1,caught,66,decode
30,bit_flip,5601055,1,caught,66,decode
31,random_bytes,2399424,12,caught,66,decode
32,zeroed_run,36208,1080,caught,66,decode
33,truncation,1635384,7647471,caught,68,decode
34,header,818,1,caught,66,decode
35,payload,3464368,1,caught,66,decode
36,bit_flip,6630108,1,caught,66,decode
37,random_bytes,7618006,9,caught,66,decode
38,zeroed_run,7368308,1998,caught,66,decode
39,truncation,4373960,4908895,caught,68,decode
40,header,829,1,caught,66,decode
41,payload,3617893,1,caught,66,decode
42,bit_flip,3897121,1,caught,66,decode
43,random_bytes,6888207,14,caught,66,decode
44,zeroed_run,2721674,1736,caught,66,decode
45,truncation,2680896,6601959,caught,68,decode
46,header,725,1,caught,66,decode
47,payload,3991734,1,caught,66,decode
48,bit_flip,1738130,1,caught,66,decode
49,random_bytes,2875775,14,caught,66,decode
50,zeroed_run,8568968,2107,caught,66,decode
51,truncation,1402481,7880374,caught,68,decode
52,header,142,1,caught,66,decode
53,payload,4784276,1,caught,66,decode
54,bit_flip,642956,1,caught,66,decode
55,random_bytes,3174534,13,caught,66,decode
56,zeroed_run,4910711,1811,caught,66,decode
57,truncation,8621694,661161,caught,68,decode
58,header,848,1,caught,66,decode
59,payload,2361801,1,caught,66,decode
60,bit_flip,3780629,1,caught,66,decode
61,random_bytes,661002,7,caught,66,decode
62,zeroed_run,4006682,3703,caught,66,decode
63,truncation,2288629,6994226,caught,68,decode
64,header,289,1,caught,66,decode
65,payload,8744994,1,caught,66,decode
66,bit_flip,1863858,1,caught,66,decode
67,random_bytes,4836219,14,caught,66,decode
68,zeroed_run,9228403,1603,caught,66,decode
69,truncation,6508659,2774196,caught,68,decode
70,header,659,1,caught,66,decode
71,payload,3858009,1,caught,66,decode
72,bit_flip,2190183,1,caught,66,decode
73,random_bytes,5333603,2,caught,66,decode
74,zeroed_run,3484715,917,caught,66,decode
75,truncation,515996,8766859,caught,68,decode
76,header,146,1,caught,66,decode
77,payload,1811244,1,caught,66,decode
78,bit_flip,7505489,1,caught,66,decode
79,random_bytes,4357394,15,caught,66,decode
80,zeroed_run,5854633,4044,caught,66,decode
81,truncation,2564251,6718604,caught,68,decode
82,header,837,1,caught,66,decode
83,payload,3054603,1,caught,66,decode
84,bit_flip,1845957,1,caught,66,decode
85,random_bytes,218208,5,caught,66,decode
86,zeroed_run,7439449,2695,caught,66,decode
87,truncation,7170128,2112727,caught,68,decode
88,header,807,1,caught,66,decode
89,payload,1241117,1,caught,66,decode
90,bit_flip,8107580,1,caught,66,decode
91,random_bytes,5103346,3,caught,66,decode
92,zeroed_run,1560455,3589,caught,66,decode
93,truncation,7378827,1904028,caught,68,decode
94,header,69,1,caught,66,decode
95,payload,5535272,1,caught,66,decode
96,bit_flip,7041759,1,caught,66,decode
97,random_bytes,6222635,4,caught,66,decode
98,zeroed_run,8710429,797,caught,66,decode
99,truncation,5988973,3293882,caught,68,decode
100,header,853,1,caught,66,decode
101,payload,2230209,1,caught,66,decode
102,bit_flip,250422,1,caught,66,decode
103,random_bytes,1157594,3,caught,66,decode
104,zeroed_run,663922,1076,caught,66,decode
105,truncation,8503610,779245,caught,68,decode
106,header,597,1,caught,66,decode
107,payload,6571876,1,caught,66,decode
108,bit_flip,9085284,1,caught,66,decode
109,random_bytes,589552,14,caught,66,decode
110,zeroed_run,7137791,2783,caught,66,decode
111,truncation,2018814,7264041,caught,68,decode
112,header,655,1,caught,66,decode
113,payload,7751295,1,caught,66,decode
114,bit_flip,511384,1,caught,66,decode
115,random_bytes,4704988,3,caught,66,decode
116,zeroed_run,351661,1433,caught,66,decode
117,truncation,8830407,452448,caught,68,decode
118,header,622,1,caught,66,decode
119,payload,5395609,1,caught,66,decode
120,bit_flip,7775253,1,caught,66,decode
121,random_bytes,2766086,15,caught,66,decode
122,zeroed_run,6699311,2343,caught,66,decode
123,truncation,1695315,7587540,caught,68,decode
124,header,827,1,caught,66,decode
125,payload,918150,1,caught,66,decode
126,bit_flip,8292265,1,caught,66,decode
127,random_bytes,3677158,14,caught,66,decode
128,zeroed_run,4601481,3887,caught,66,decode
129,truncation,8828281,454574,caught,68,decode
130,header,658,1,caught,66,decode
131,payload,1546743,1,caught,66,decode
132,bit_flip,3758969,1,caught,66,decode
133,random_bytes,2949760,3,caught,66,decode
134,zeroed_run,5333561,2203,caught,66,decode
135,truncation,7462676,1820179,caught,68,decode
136,header,790,1,caught,66,decode
137,payload,2121522,1,caught,66,decode
138,bit_flip,851246,1,caught,66,decode
139,random_bytes,5646178,2,caught,66,decode
140,zeroed_run,5035029,3371,caught,66,decode
141,truncation,9092729,190126,caught,68,decode
142,header,501,1,caught,66,decode
143,payload,4500333,1,caught,66,decode
144,bit_flip,5298086,1,caught,66,decode
145,random_bytes,4302280,12,caught,66,decode
146,zeroed_run,1981308,3468,caught,66,decode
147,truncation,30396,9252459,caught,68,decode
148,header,901,1,caught,66,decode
149,payload,2919004,1,caught,66,decode
150,bit_flip,3085027,1,caught,66,decode
151,random_bytes,1290261,11,caught,66,decode
152,zeroed_run,1852648,259,caught,66,decode
153,truncation,4176762,5106093,caught,68,decode
154,header,845,1,caught,66,decode
155,payload,1006807,1,caught,66,decode
156,bit_flip,2386337,1,caught,66,decode
157,random_bytes,1282240,11,caught,66,decode
158,zeroed_run,1068217,2961,caught,66,decode
159,truncation,6196932,3085923,caught,68,decode
160,header,305,1,caught,66,decode
161,payload,7207191,1,caught,66,decode
162,bit_flip,7772695,1,caught,66,decode
163,random_bytes,6865439,7,caught,66,decode
164,zeroed_run,6167961,3017,caught,66,decode
165,truncation,8342322,940533,caught,68,decode
166,header,997,1,caught,66,decode
167,payload,8461990,1,caught,66,decode
168,bit_flip,7037836,1,caught,66,decode
169,random_bytes,5671247,16,caught,66,decode
170,zeroed_run,2426881,2038,caught,66,decode
171,truncation,4318950,4963905,caught,68,decode
172,header,974,1,caught,66,decode
173,payload,7807800,1,caught,66,decode
174,bit_flip,2904955,1,caught,66,decode
175,random_bytes,1673395,13,caught,66,decode
176,zeroed_run,2347053,65,caught,66,decode
177,truncation,8796240,486615,caught,68,decode
178,header,121,1,caught,66,decode
179,payload,4804614,1,caught,66,decode
180,bit_flip,5295007,1,caught,66,decode
181,random_bytes,1857588,6,caught,66,decode
182,zeroed_run,3109878,1445,caught,66,decode
183,truncation,4866950,4415905,caught,68,decode
184,header,336,1,caught,66,decode
185,payload,3151371,1,caught,66,decode
186,bit_flip,7577931,1,caught,66,decode
187,random_bytes,4436132,1,caught,66,decode
188,zeroed_run,1419062,1317,caught,66,decode
189,truncation,3154936,6127919,caught,68,decode
190,header,440,1,caught,66,decode
191,payload,8776984,1,caught,66,decode
192,bit_flip,9138180,1,caught,66,decode
193,random_bytes,5525028,8,caught,66,decode
194,zeroed_run,7517960,3426,caught,66,decode
195,truncation,6958702,2324153,caught,68,decode
196,header,61,1,caught,66,decode
197,payload,7593606,1,caught,66,decode
198,bit_flip,8872747,1,caught,66,decode
199,random_bytes,6948653,13,caught,66,decode
200,zeroed_run,5519689,1914,caught,66,decode
201,truncation,1991956,7290899,caught,68,decode
202,header,205,1,caught,66,decode
203,payload,1522299,1,caught,66,decode
204,bit_flip,2386178,1,caught,66,decode
205,random_bytes,4723824,3,caught,66,decode
206,zeroed_run,462588,797,caught,66,decode
207,truncation,7514813,1768042,caught,68,decode
208,header,121,1,caught,66,decode
209,payload,2569382,1,caught,66,decode
210,bit_flip,4161791,1,caught,66,decode
211,random_bytes,3352854,11,caught,66,decode
212,zeroed_run,8411151,3284,caught,66,decode
213,truncation,5762774,3520081,caught,68,decode
214,header,38,1,caught,66,decode
215,payload,4404278,1,caught,66,decode
216,bit_flip,7227725,1,caught,66,decode
217,random_bytes,7656298,16,caught,66,decode
218,zeroed_run,8354433,1064,caught,66,decode
219,truncation,7518952,1763903,caught,68,decode
220,header,436,1,caught,66,decode
221,payload,4529700,1,caught,66,decode
222,bit_flip,7844643,1,caught,66,decode
223,random_bytes,8024869,10,caught,66,decode
224,zeroed_run,4357414,2283,caught,66,decode
225,truncation,3158884,6123971,caught,68,decode
226,header,907,1,caught,66,decode
227,payload,1967957,1,caught,66,decode
228,bit_flip,8455362,1,caught,66,decode
229,random_bytes,4609471,10,caught,66,decode
230,zeroed_run,2676603,3983,caught,66,decode
231,truncation,1693949,7588906,caught,68,decode
232,header,327,1,caught,66,decode
233,payload,297814,1,caught,66,decode
234,bit_flip,3954190,1,caught,66,decode
235,random_bytes,5147656,16,caught,66,decode
236,zeroed_run,2973965,509,caught,66,decode
237,truncation,8264756,1018099,caught,68,decode
238,header,434,1,caught,66,decode
239,payload,5915938,1,caught,66,decode
240,bit_flip,6344054,1,caught,66,decode
241,random_bytes,566937,12,caught,66,decode
242,zeroed_run,4819397,3521,caught,66,decode
243,truncation,4190907,5091948,caught,68,decode
244,header,10,1,caught,66,decode
245,payload,3538255,1,caught,66,decode
246,bit_flip,7148478,1,caught,66,decode
247,random_bytes,7949966,12,caught,66,decode
248,zeroed_run,4747298,3179,caught,66,decode
249,truncation,552391,8730464,caught,68,decode
250,header,886,1,caught,66,decode
251,payload,5511107,1,caught,66,decode
252,bit_flip,2906902,1,caught,66,decode
253,random_bytes,8916023,12,caught,66,decode
254,zeroed_run,6695561,663,caught,66,decode
255,truncation,9137276,145579,caught,68,decode
256,header,921,1,caught,66,decode
257,payload,6644659,1,caught,66,decode
258,bit_flip,6022720,1,caught,66,decode
259,random_bytes,1004350,2,caught,66,decode
260,zeroed_run,9216033,2966,caught,66,decode
261,truncation,3789208,5493647,caught,68,decode
262,header,101,1,caught,66,decode
263,payload,8951297,1,caught,66,decode
264,bit_flip,1404464,1,caught,66,decode
265,random_bytes,3708643,9,caught,66,decode
266,zeroed_run,5693553,1342,caught,66,decode
267,truncation,132299,9150556,caught,68,decode
268,header,611,1,caught,66,decode
269,payload,3827138,1,caught,66,decode
270,bit_flip,8747827,1,caught,66,decode
271,random_bytes,1578714,9,caught,66,decode
272,zeroed_run,4690051,286,caught,66,decode
273,truncation,8675524,607331,caught,68,decode
274,header,551,1,caught,66,decode
275,payload,4533838,1,caught,66,decode
276,bit_flip,7137716,1,caught,66,decode
277,random_bytes,2038104,11,caught,66,decode
278,zeroed_run,4798835,4078,caught,66,decode
279,truncation,3012707,6270148,caught,68,decode
280,header,861,1,caught,66,decode
281,payload,947089,1,caught,66,decode
282,bit_flip,1477900,1,caught,66,decode
283,random_bytes,5409100,11,caught,66,decode
284,zeroed_run,2469803,3850,caught,66,decode
285,truncation,4227099,5055756,caught,68,decode
286,header,105,1,caught,66,decode
287,payload,4967295,1,caught,66,decode
288,bit_flip,1018862,1,caught,66,decode
289,random_bytes,2192088,16,caught,66,decode
290,zeroed_run,362000,91,caught,66,decode
291,truncation,3478837,5804018,caught,68,decode
292,header,412,1,caught,66,decode
293,payload,1359685,1,caught,66,decode
294,bit_flip,665824,1,caught,66,decode
295,random_bytes,4632766,8,caught,66,decode
296,zeroed_run,5813875,4033,caught,66,decode
297,truncation,1828436,7454419,caught,68,decode
298,header,69,1,caught,66,decode
299,payload,4303333,1,caught,66,decode
300,bit_flip,225990,1,caught,66,decode
301,random_bytes,2804559,1,caught,66,decode
302,zeroed_run,4171408,1420,caught,66,decode
303,truncation,1635690,7647165,caught,68,decode
304,header,784,1,caught,66,decode
305,payload,6648419,1,caught,66,decode
306,bit_flip,1969031,1,caught,66,decode
307,random_bytes,4480309,2,caught,66,decode
308,zeroed_run,6454548,2954,caught,66,decode
309,truncation,6643126,2639729,caught,68,decode
310,header,347,1,caught,66,decode
311,payload,2003434,1,caught,66,decode
312,bit_flip,5986486,1,caught,66,decode
313,random_bytes,1046584,16,caught,66,decode
314,zeroed_run,3620866,2199,caught,66,decode
315,truncation,8809022,473833,caught,68,decode
316,header,678,1,caught,66,decode
317,payload,8974037,1,caught,66,decode
318,bit_flip,8104853,1,caught,66,decode
319,random_bytes,8820665,11,caught,66,decode
320,zeroed_run,5633371,3887,caught,66,decode
321,truncation,7132372,2150483,caught,68,decode
322,header,721,1,caught,66,decode
323,payload,3062543,1,caught,66,decode
324,bit_flip,4457797,1,caught,66,decode
325,random_bytes,7171984,12,caught,66,decode
326,zeroed_run,4023562,3344,caught,66,decode
327,truncation,5170047,4112808,caught,68,decode
328,header,152,1,caught,66,decode
329,payload,5277353,1,caught,66,decode
330,bit_flip,8748302,1,caught,66,decode
331,random_bytes,6244823,2,caught,66,decode
332,zeroed_run,6115364,2588,caught,66,decode
333,truncation,7844248,1438607,caught,68,decode
334,header,551,1,caught,66,decode
335,payload,6438015,1,caught,66,decode
336,bit_flip,6119322,1,caught,66,decode
337,random_bytes,3653503,12,caught,66,decode
338,zeroed_run,6754568,463,caught,66,decode
339,truncation,1162981,8119874,caught,68,decode
340,header,604,1,caught,66,decode
341,payload,5289497,1,caught,66,decode
342,bit_flip,5953902,1,caught,66,decode
343,random_bytes,1620461,15,caught,66,decode
344,zeroed_run,6936833,1006,caught,66,decode
345,truncation,4556563,4726292,caught,68,decode
346,header,151,1,caught,66,decode
347,payload,5169946,1,caught,66,decode
348,bit_flip,298986,1,caught,66,decode
349,random_bytes,8365941,5,caught,66,decode
350,zeroed_run,7566934,3006,caught,66,decode
351,truncation,5711019,3571836,caught,68,decode
352,header,692,1,caught,66,decode
353,payload,6810232,1,caught,66,decode
354,bit_flip,1805653,1,caught,66,decode
355,random_bytes,7938880,3,caught,66,decode
356,zeroed_run,7152218,3155,caught,66,decode
357,truncation,5091497,4191358,caught,68,decode
358,header,85,1,caught,66,decode
359,payload,5315304,1,caught,66,decode
360,bit_flip,2746810,1,caught,66,decode
361,random_bytes,1684717,2,caught,66,decode
362,zeroed_run,1845578,47,caught,66,decode
363,truncation,924123,8358732,caught,68,decode
364,header,776,1,caught,66,decode
365,payload,3446979,1,caught,66,decode
366,bit_flip,2840343,1,caught,66,decode
367,random_bytes,3984659,6,caught,66,decode
368,zeroed_run,4890801,3297,caught,66,decode
369,truncation,2706356,6576499,caught,68,decode
370,header,55,1,caught,66,decode
371,payload,5855249,1,caught,66,decode
372,bit_flip,703498,1,caught,66,decode
373,random_bytes,3687033,10,caught,66,decode
374,zeroed_run,353093,3698,caught,66,decode
375,truncation,2766088,6516767,caught,68,decode
376,header,233,1,caught,66,decode
377,payload,7030458,1,caught,66,decode
378,bit_flip,1499935,1,caught,66,decode
379,random_bytes,4958763,13,caught,66,decode
380,zeroed_run,6771872,1792,caught,66,decode
381,truncation,686122,8596733,caught,68,decode
382,header,602,1,caught,66,decode
383,payload,4434563,1,caught,66,decode
384,bit_flip,278099,1,caught,66,decode
385,random_bytes,8995015,2,caught,66,decode
386,zeroed_run,4807843,917,caught,66,decode
387,truncation,4009317,5273538,caught,68,decode
388,header,731,1,caught,66,decode
389,payload,3632105,1,caught,66,decode
390,bit_flip,4235027,1,caught,66,decode
391,random_bytes,6770759,9,caught,66,decode
392,zeroed_run,1081525,2052,caught,66,decode
393,truncation,4687025,4595830,caught,68,decode
394,header,1019,1,caught,66,decode
395,payload,3262300,1,caught,66,decode
396,bit_flip,2465117,1,caught,66,decode
397,random_bytes,8042575,15,caught,66,decode
398,zeroed_run,611567,2693,caught,66,decode
399,truncation,4082878,5199977,caught,68,decode
400,header,482,1,caught,66,decode
401,payload,4958147,1,caught,66,decode
402,bit_flip,5713419,1,caught,66,decode
403,random_bytes,3902227,13,caught,66,decode
404,zeroed_run,5181193,154,caught,66,decode
405,truncation,5314320,3968535,caught,68,decode
406,header,488,1,caught,66,decode
407,payload,6996674,1,caught,66,decode
408,bit_flip,6362885,1,caught,66,decode
409,random_bytes,2085360,9,caught,66,decode
410,zeroed_run,4987396,2836,caught,66,decode
411,truncation,1909351,7373504,caught,68,decode
412,header,113,1,caught,66,decode
413,payload,7973308,1,caught,66,decode
414,bit_flip,8543816,1,caught,66,decode
415,random_bytes,6591864,6,caught,66,decode
416,zeroed_run,2749254,1680,caught,66,decode
417,truncation,994909,8287946,caught,68,decode
418,header,994,1,caught,66,decode
419,payload,1917799,1,caught,66,decode
420,bit_flip,5528210,1,caught,66,decode
421,random_bytes,8112650,7,caught,66,decode
422,zeroed_run,2955089,3630,caught,66,decode
423,truncation,7613896,1668959,caught,68,decode
424,header,905,1,caught,66,decode
425,payload,6145121,1,caught,66,decode
426,bit_flip,2580872,1,caught,66,decode
427,random_bytes,8255412,10,caught,66,decode
428,zeroed_run,4138294,442,caught,66,decode
429,truncation,5974014,3308841,caught,68,decode
430,header,315,1,caught,66,decode
431,payload,2197968,1,caught,66,decode
432,bit_flip,2013758,1,caught,66,decode
433,random_bytes,4124428,5,caught,66,decode
434,zeroed_run,2312126,1030,caught,66,decode
435,truncation,8763591,519264,caught,68,decode
436,header,539,1,caught,66,decode
437,payload,1624820,1,caught,66,decode
438,bit_flip,7126494,1,caught,66,decode
439,random_bytes,8847356,2,caught,66,decode
440,zeroed_run,881070,2776,caught,66,decode
441,truncation,8296315,986540,caught,68,decode
442,header,868,1,caught,66,decode
443,payload,4392953,1,caught,66,decode
444,bit_flip,3052389,1,caught,66,decode
445,random_bytes,2622469,6,caught,66,decode
446,zeroed_run,2412389,3792,caught,66,decode
447,truncation,403258,8879597,caught,68,decode
448,header,884,1,caught,66,decode
449,payload,5883365,1,caught,66,decode
450,bit_flip,5147597,1,caught,66,decode
451,random_bytes,2648061,1,caught,66,decode
452,zeroed_run,8273777,1174,caught,66,decode
453,truncation,5739256,3543599,caught,68,decode
454,header,611,1,caught,66,decode
455,payload,2559952,1,caught,66,decode
456,bit_flip,8595829,1,caught,66,decode
457,random_bytes,5351902,3,caught,66,decode
458,zeroed_run,4709129,2781,caught,66,decode
459,truncation,2774617,6508238,caught,68,decode
460,header,447,1,caught,66,decode
461,payload,5387232,1,caught,66,decode
462,bit_flip,7395628,1,caught,66,decode
463,random_bytes,5479181,2,caught,66,decode
464,zeroed_run,8150697,2385,caught,66,decode
465,truncation,1420780,7862075,caught,68,decode
466,header,350,1,caught,66,decode
467,payload,382492,1,caught,66,decode
468,bit_flip,3932201,1,caught,66,decode
469,random_bytes,7722939,12,caught,66,decode
470,zeroed_run,4288704,2249,caught,66,decode
471,truncation,2147100,7135755,caught,68,decode
472,header,974,1,caught,66,decode
473,payload,4799619,1,caught,66,decode
474,bit_flip,4868547,1,caught,66,decode
475,random_bytes,5441232,3,caught,66,decode
476,zeroed_run,2853684,72,caught,66,decode
477,truncation,806256,8476599,caught,68,decode
478,header,674,1,caught,66,decode
479,payload,6534958,1,caught,66,decode
480,bit_flip,982317,1,caught,66,decode
481,random_bytes,8996820,1,caught,66,decode
482,zeroed_run,3249727,2464,caught,66,decode
483,truncation,7527129,1755726,caught,68,decode
484,header,201,1,caught,66,decode
485,payload,4706185,1,caught,66,decode
486,bit_flip,2270686,1,caught,66,decode
487,random_bytes,4794049,16,caught,66,decode
488,zeroed_run,77029,2527,caught,66,decode
489,truncation,4968833,4314022,caught,68,decode
490,header,463,1,caught,66,decode
491,payload,7906863,1,caught,66,decode
492,bit_flip,7279208,1,caught,66,decode
493,random_bytes,2068417,4,caught,66,decode
494,zeroed_run,2023007,916,caught,66,decode
495,truncation,2795407,6487448,caught,68,decode
496,header,288,1,caught,66,decode
497,payload,142713,1,caught,66,decode
498,bit_flip,2390912,1,caught,66,decode
499,random_bytes,5571083,9,caught,66,decode
500,zeroed_run,1905206,1942,caught,66,decode
501,truncation,7531916,1750939,caught,68,decode
502,header,741,1,caught,66,decode
503,payload,3637566,1,caught,66,decode
504,bit_flip,2272015,1,caught,66,decode
505,random_bytes,1195327,11,caught,66,decode
506,zeroed_run,4615673,2900,caught,66,decode
507,truncation,1362692,7920163,caught,68,decode
508,header,883,1,caught,66,decode
509,payload,6773334,1,caught,66,decode
510,bit_flip,9086698,1,caught,66,decode
511,random_bytes,3842947,13,caught,66,decode
512,zeroed_run,8841292,4039,caught,66,decode
513,truncation,2878317,6404538,caught,68,decode
514,header,134,1,caught,66,decode
515,payload,3104789,1,caught,66,decode
516,bit_flip,3884434,1,caught,66,decode
517,random_bytes,6150918,14,caught,66,decode
518,zeroed_run,5089282,2620,caught,66,decode
519,truncation,4687733,4595122,caught,68,decode
520,header,264,1,caught,66,decode
521,payload,1477432,1,caught,66,decode
522,bit_flip,6847173,1,caught,66,decode
523,random_bytes,3169283,13,caught,66,decode
524,zeroed_run,7637038,1816,caught,66,decode
525,truncation,4990358,4292497,caught,68,decode
526,header,222,1,caught,66,decode
527,payload,7375631,1,caught,66,decode
528,bit_flip,8576563,1,caught,66,decode
529,random_bytes,8897703,15,caught,66,decode
530,zeroed_run,9143332,2947,caught,66,decode
531,truncation,23471,9259384,caught,68,decode
532,header,172,1,caught,66,decode
533,payload,496345,1,caught,66,decode
534,bit_flip,7513834,1,caught,66,decode
535,random_bytes,7010263,7,caught,66,decode
536,zeroed_run,7848614,272,caught,66,decode
537,truncation,2084336,7198519,caught,68,decode
538,header,654,1,caught,66,decode
539,payload,3927843,1,caught,66,decode
540,bit_flip,3489497,1,caught,66,decode
541,random_bytes,1916224,1,caught,66,decode
542,zeroed_run,5392593,1043,caught,66,decode
543,truncation,1912893,7369962,caught,68,decode
544,header,765,1,caught,66,decode
545,payload,988784,1,caught,66,decode
546,bit_flip,2800099,1,caught,66,decode
547,random_bytes,8420381,2,caught,66,decode
548,zeroed_run,1713268,178,caught,66,decode
549,truncation,6601760,2681095,caught,68,decode
550,header,383,1,caught,66,decode
551,payload,7351534,1,caught,66,decode
552,bit_flip,6402645,1,caught,66,decode
553,random_bytes,7958227,3,caught,66,decode
554,zeroed_run,7805094,3772,caught,66,decode
555,truncation,1258288,8024567,caught,68,decode
556,header,36,1,caught,66,decode
557,payload,7900969,1,caught,66,decode
558,bit_flip,1218655,1,caught,66,decode
559,random_bytes,6476150,13,caught,66,decode
560,zeroed_run,2282587,1340,caught,66,decode
561,truncation,1109784,8173071,caught,68,decode
562,header,209,1,caught,66,decode
563,payload,2670626,1,caught,66,decode
564,bit_flip,5941504,1,caught,66,decode
565,random_bytes,7990422,2,caught,66,decode
566,zeroed_run,2239974,3031,caught,66,decode
567,truncation,5648460,3634395,caught,68,decode
568,header,330,1,caught,66,decode
569,payload,5977653,1,caught,66,decode
570,bit_flip,3051733,1,caught,66,decode
571,random_bytes,5523371,2,caught,66,decode
572,zeroed_run,1287234,2046,caught,66,decode
573,truncation,4431714,4851141,caught,68,decode
574,header,490,1,caught,66,decode
575,payload,6337905,1,caught,66,decode
576,bit_flip,3078467,1,caught,66,decode
577,random_bytes,2566260,1,caught,66,decode
578,zeroed_run,5521513,3982,caught,66,decode
579,truncation,3362442,5920413,caught,68,decode
580,header,835,1,caught,66,decode
581,payload,1600241,1,caught,66,decode
582,bit_flip,1693874,1,caught,66,decode
583,random_bytes,1078252,3,caught,66,decode
584,zeroed_run,1449502,2129,caught,66,decode
585,truncation,1491169,7791686,caught,68,decode
586,header,771,1,caught,66,decode
587,payload,4165633,1,caught,66,decode
588,bit_flip,8383136,1,caught,66,decode
589,random_bytes,4055598,10,caught,66,decode
590,zeroed_run,1542043,132,caught,66,decode
591,truncation,5732407,3550448,caught,68,decode
592,header,681,1,caught,66,decode
593,payload,1136546,1,caught,66,decode
594,bit_flip,7463568,1,caught,66,decode
595,random_bytes,2728744,14,caught,66,decode
596,zeroed_run,2782686,294,caught,66,decode
597,truncation,2879768,6403087,caught,68,decode
598,header,792,1,caught,66,decode
599,payload,8722819,1,caught,66,decode
600,bit_flip,1071101,1,caught,66,decode
601,random_bytes,895449,2,caught,66,decode
602,zeroed_run,7151211,3855,caught,66,decode
603,truncation,6283005,2999850,caught,68,decode
604,header,670,1,caught,66,decode
605,payload,8638087,1,caught,66,decode
606,bit_flip,1332948,1,caught,66,decode
607,random_bytes,8095048,4,caught,66,decode
608,zeroed_run,7730214,2078,caught,66,decode
609,truncation,7286252,1996603,caught,68,decode
610,header,2,1,caught,44,decode
611,payload,2608075,1,caught,66,decode
612,bit_flip,278560,1,caught,66,decode
613,random_bytes,5802161,10,caught,66,decode
614,zeroed_run,4319310,365,caught,66,decode
615,truncation,9184910,97945,caught,68,decode
616,header,413,1,caught,66,decode
617,payload,4392296,1,caught,66,decode
618,bit_flip,4671720,1,caught,66,decode
619,random_bytes,2813234,7,caught,66,decode
620,zeroed_run,7517300,3328,caught,66,decode
621,truncation,412057,8870798,caught,68,decode
622,header,854,1,caught,66,decode
623,payload,8772105,1,caught,66,decode
624,bit_flip,1517120,1,caught,66,decode
625,random_bytes,8269089,1,caught,66,decode
626,zeroed_run,5436883,2623,caught,66,decode
627,truncation,6741194,2541661,caught,68,decode
628,header,70,1,caught,66,decode
629,payload,7164655,1,caught,66,decode
630,bit_flip,5735871,1,caught,66,decode
631,random_bytes,854804,8,caught,66,decode
632,zeroed_run,510284,1316,caught,66,decode
633,truncation,5183866,4098989,caught,68,decode
634,header,115,1,caught,66,decode
635,payload,1673596,1,caught,66,decode
636,bit_flip,7059044,1,caught,66,decode
637,random_bytes,5902524,1,caught,66,decode
638,zeroed_run,1645582,2285,caught,66,decode
639,truncation,4604917,4677938,caught,68,decode
640,header,492,1,caught,66,decode
641,payload,7668616,1,caught,66,decode
642,bit_flip,1814659,1,caught,66,decode
643,random_bytes,2960860,3,caught,66,decode
644,zeroed_run,3400949,1369,caught,66,decode
645,truncation,3088705,6194150,caught,68,decode
646,header,758,1,caught,66,decode
647,payload,4136642,1,caught,66,decode
648,bit_flip,3588166,1,caught,66,decode
649,random_bytes,1629514,3,caught,66,decode
650,zeroed_run,4751260,1194,caught,66,decode
651,truncation,1985998,7296857,caught,68,decode
652,header,725,1,caught,66,decode
653,payload,8594639,1,caught,66,decode
654,bit_flip,4496596,1,caught,66,decode
655,random_bytes,9250802,1,caught,66,decode
656,zeroed_run,438836,632,caught,66,decode
657,truncation,5547450,3735405,caught,68,decode
658,header,563,1,caught,66,decode
659,payload,4066369,1,caught,66,decode
660,bit_flip,5709991,1,caught,66,decode
661,random_bytes,6994103,4,caught,66,decode
662,zeroed_run,5490848,1170,caught,66,decode
663,truncation,7765316,1517539,caught,68,decode
664,header,635,1,caught,66,decode
665,payload,7243268,1,caught,66,decode
666,bit_flip,5329233,1,caught,66,decode
667,random_bytes,6878269,5,caught,66,decode
668,zeroed_run,8090953,3939,caught,66,decode
669,truncation,3561112,5721743,caught,68,decode
670,header,96,1,caught,66,decode
671,payload,7884141,1,caught,66,decode
672,bit_flip,8423968,1,caught,66,decode
673,random_bytes,554485,15,caught,66,decode
674,zeroed_run,867667,2547,caught,66,decode
675,truncation,7287005,1995850,caught,68,decode
676,header,806,1,caught,66,decode
677,payload,2336337,1,caught,66,decode
678,bit_flip,7145235,1,caught,66,decode
679,random_bytes,9106467,16,caught,66,decode
680,zeroed_run,4153974,3423,caught,66,decode
681,truncation,2268238,7014617,caught,68,decode
682,header,267,1,caught,66,decode
683,payload,6760428,1,caught,66,decode
684,bit_flip,8412288,1,caught,66,decode
685,random_bytes,1630162,8,caught,66,decode
686,zeroed_run,496439,2125,caught,66,decode
687,truncation,5117797,4165058,caught,68,decode
688,header,496,1,caught,66,decode
689,payload,1834313,1,caught,66,decode
690,bit_flip,6954144,1,caught,66,decode
691,random_bytes,6371248,15,caught,66,decode
692,zeroed_run,2700927,215,caught,66,decode
693,truncation,1521396,7761459,caught,68,decode
694,header,206,1,caught,66,decode
695,payload,3224970,1,caught,66,decode
696,bit_flip,52038,1,caught,66,decode
697,random_bytes,7919124,15,caught,66,decode
698,zeroed_run,795982,4013,caught,66,decode
699,truncation,8281975,1000880,caught,68,decode
700,header,367,1,caught,66,decode
701,payload,7917589,1,caught,66,decode
702,bit_flip,2019903,1,caught,66,decode
703,random_bytes,2843701,10,caught,66,decode
704,zeroed_run,3985915,2303,caught,66,decode
705,truncation,1370640,7912215,caught,68,decode
706,header,902,1,caught,66,decode
707,payload,3068904,1,caught,66,decode
708,bit_flip,4025962,1,caught,66,decode
709,random_bytes,7345833,1,caught,66,decode
710,zeroed_run,7988981,405,caught,66,decode
711,truncation,7479256,1803599,caught,68,decode
712,header,822,1,caught,66,decode
713,payload,4937320,1,caught,66,decode
714,bit_flip,5751038,1,caught,66,decode
715,random_bytes,6655360,15,caught,66,decode
716,zeroed_run,663826,3524,caught,66,decode
717,truncation,5649914,3632941,caught,68,decode
718,header,177,1,caught,66,decode
719,payload,7642654,1,caught,66,decode
720,bit_flip,9124873,1,caught,66,decode
721,random_bytes,9110612,12,caught,66,decode
722,zeroed_run,2457904,367,caught,66,decode
723,truncation,6457088,2825767,caught,68,decode
724,header,901,1,caught,66,decode
725,payload,3229372,1,caught,66,decode
726,bit_flip,2506659,1,caught,66,decode
727,random_bytes,1145721,12,caught,66,decode
728,zeroed_run,6667839,1172,caught,66,decode
729,truncation,1509181,7773674,caught,68,decode
730,header,862,1,caught,66,decode
731,payload,202924,1,caught,66,decode
732,bit_flip,557809,1,caught,66,decode
733,random_bytes,701586,2,caught,66,decode
734,zeroed_run,2910616,3724,caught,66,decode
735,truncation,160766,9122089,caught,68,decode
736,header,97,1,caught,66,decode
737,payload,2739270,1,caught,66,decode
738,bit_flip,2445809,1,caught,66,decode
739,random_bytes,5869899,8,caught,66,decode
740,zeroed_run,2565629,3245,caught,66,decode
741,truncation,669572,8613283,caught,68,decode
742,header,192,1,caught,66,decode
743,payload,6950136,1,caught,66,decode
744,bit_flip,5787804,1,caught,66,decode
745,random_bytes,5000811,12,caught,66,decode
746,zeroed_run,8831083,3075,caught,66,decode
747,truncation,5483132,3799723,caught,68,decode
748,header,645,1,caught,66,decode
749,payload,8283841,1,caught,66,decode
750,bit_flip,1614677,1,caught,66,decode
751,random_bytes,7141647,8,caught,66,decode
752,zeroed_run,6981340,2430,caught,66,decode
753,truncation,91445,9191410,caught,68,decode
754,header,142,1,caught,66,decode
755,payload,822093,1,caught,66,decode
756,bit_flip,4103615,1,caught,66,decode
757,random_bytes,2895686,4,caught,66,decode
758,zeroed_run,8894629,2183,caught,66,decode
759,truncation,2118993,7163862,caught,68,decode
760,header,417,1,caught,66,decode
761,payload,6683013,1,caught,66,decode
762,bit_flip,4458906,1,caught,66,decode
763,random_bytes,6685811,7,caught,66,decode
764,zeroed_run,2505722,2797,caught,66,decode
765,truncation,5174894,4107961,caught,68,decode
766,header,467,1,caught,66,decode
767,payload,4747367,1,caught,66,decode
768,bit_flip,8370594,1,caught,66,decode
769,random_bytes,8439462,15,caught,66,decode
770,zeroed_run,5242769,2632,caught,66,decode
771,truncation,4863933,4418922,caught,68,decode
772,header,143,1,caught,66,decode
773,payload,7372912,1,caught,66,decode
774,bit_flip,1153354,1,caught,66,decode
775,random_bytes,6883929,8,caught,66,decode
776,zeroed_run,4715875,3908,caught,66,decode
777,truncation,7516581,1766274,caught,68,decode
778,header,609,1,caught,66,decode
779,payload,8096271,1,caught,66,decode
780,bit_flip,5618090,1,caught,66,decode
781,random_bytes,4535246,3,caught,66,decode
782,zeroed_run,5606517,143,caught,66,decode
783,truncation,6188038,3094817,caught,68,decode
784,header,758,1,caught,66,decode
785,payload,5664909,1,caught,66,decode
786,bit_flip,6032811,1,caught,66,decode
787,random_bytes,3940903,15,caught,66,decode
788,zeroed_run,2212676,231,caught,66,decode
789,truncation,5979772,3303083,caught,68,decode
790,header,914,1,caught,66,decode
791,payload,1975470,1,caught,66,decode
792,bit_flip,8674264,1,caught,66,decode
793,random_bytes,3486134,2,caught,66,decode
794,zeroed_run,4274502,1287,caught,66,decode
795,truncation,5655446,3627409,caught,68,decode
796,header,219,1,caught,66,decode
797,payload,7280216,1,caught,66,decode
798,bit_flip,2463559,1,caught,66,decode
799,random_bytes,1284560,7,caught,66,decode
800,zeroed_run,5706224,2142,caught,66,decode
801,truncation,978804,8304051,caught,68,decode
802,header,1004,1,caught,66,decode
803,payload,7678698,1,caught,66,decode
804,bit_flip,28649,1,caught,66,decode
805,random_bytes,5527726,10,caught,66,decode
806,zeroed_run,6865530,3211,caught,66,decode
807,truncation,6413180,2869675,caught,68,decode
808,header,427,1,caught,66,decode
809,payload,7285503,1,caught,66,decode
810,bit_flip,4130695,1,caught,66,decode
811,random_bytes,5558917,13,caught,66,decode
812,zeroed_run,5472087,835,caught,66,decode
813,truncation,803774,8479081,caught,68,decode
814,header,677,1,caught,66,decode
815,payload,2681566,1,caught,66,decode
816,bit_flip,4503540,1,caught,66,decode
817,random_bytes,4644916,5,caught,66,decode
818,zeroed_run,7102489,1359,caught,66,decode
819,truncation,4305326,4977529,caught,68,decode
820,header,287,1,caught,66,decode
821,payload,6295052,1,caught,66,decode
822,bit_flip,7163176,1,caught,66,decode
823,random_bytes,7776033,8,caught,66,decode
824,zeroed_run,8965422,2527,caught,66,decode
825,truncation,6585639,2697216,caught,68,decode
826,header,17,1,caught,66,decode
827,payload,4390060,1,caught,66,decode
828,bit_flip,2700009,1,caught,66,decode
829,random_bytes,2825434,2,caught,66,decode
830,zeroed_run,8560479,3812,caught,66,decode
831,truncation,2020079,7262776,caught,68,decode
832,header,552,1,caught,66,decode
833,payload,5491855,1,caught,66,decode
834,bit_flip,2783037,1,caught,66,decode
835,random_bytes,3632256,3,caught,66,decode
836,zeroed_run,279760,3045,caught,66,decode
837,truncation,4027692,5255163,caught,68,decode
838,header,851,1,caught,66,decode
839,payload,4889795,1,caught,66,decode
840,bit_flip,4651102,1,caught,66,decode
841,random_bytes,5902331,12,caught,66,decode
842,zeroed_run,6450472,2275,caught,66,decode
843,truncation,5736180,3546675,caught,68,decode
844,header,355,1,caught,66,decode
845,payload,6234684,1,caught,66,decode
846,bit_flip,2545590,1,caught,66,decode
847,random_bytes,7439979,11,caught,66,decode
848,zeroed_run,7095920,941,caught,66,decode
849,truncation,5413732,3869123,caught,68,decode
850,header,846,1,caught,66,decode
851,payload,4145513,1,caught,66,decode
852,bit_flip,912968,1,caught,66,decode
853,random_bytes,1791488,16,caught,66,decode
854,zeroed_run,7499751,1228,caught,66,decode
855,truncation,5800465,3482390,caught,68,decode
856,header,247,1,caught,66,decode
857,payload,4270683,1,caught,66,decode
858,bit_flip,1851660,1,caught,66,decode
859,random_bytes,4899167,3,caught,66,decode
860,zeroed_run,5419493,1101,caught,66,decode
861,truncation,9210598,72257,caught,68,decode
862,header,551,1,caught,66,decode
863,payload,8625108,1,caught,66,decode
864,bit_flip,7423417,1,caught,66,decode
865,random_bytes,7082377,12,caught,66,decode
866,zeroed_run,2605750,3831,caught,66,decode
867,truncation,1008883,8273972,caught,68,decode
868,header,752,1,caught,66,decode
869,payload,971272,1,caught,66,decode
870,bit_flip,2802061,1,caught,66,decode
871,random_bytes,638738,7,caught,66,decode
872,zeroed_run,345813,3067,caught,66,decode
873,truncation,3824017,5458838,caught,68,decode
874,header,840,1,caught,66,decode
875,payload,7138825,1,caught,66,decode
876,bit_flip,8694955,1,caught,66,decode
877,random_bytes,8255955,4,caught,66,decode
878,zeroed_run,5279450,948,caught,66,decode
879,truncation,9013990,268865,caught,68,decode
880,header,311,1,caught,66,decode
881,payload,7901035,1,caught,66,decode
882,bit_flip,5705764,1,caught,66,decode
883,random_bytes,2876761,6,caught,66,decode
884,zeroed_run,2803098,119,caught,66,decode
885,truncation,5549031,3733824,caught,68,decode
886,header,934,1,caught,66,decode
887,payload,1760210,1,caught,66,decode
888,bit_flip,8698379,1,caught,66,decode
889,random_bytes,2716204,2,caught,66,decode
890,zeroed_run,2882019,2213,caught,66,decode
891,truncation,1072489,8210366,caught,68,decode
892,header,138,1,caught,66,decode
893,payload,7995084,1,caught,66,decode
894,bit_flip,881070,1,caught,66,decode
895,random_bytes,782070,12,caught,66,decode
896,zeroed_run,8421586,3688,caught,66,decode
897,truncation,3992117,5290738,caught,68,decode
898,header,585,1,caught,66,decode
899,payload,4723774,1,caught,66,decode
900,bit_flip,5530666,1,caught,66,decode
901,random_bytes,5790493,4,caught,66,decode
902,zeroed_run,6323921,2573,caught,66,decode
903,truncation,8854791,428064,caught,68,decode
904,header,176,1,caught,66,decode
905,payload,6765181,1,caught,66,decode
906,bit_flip,3510750,1,caught,66,decode
907,random_bytes,3500665,6,caught,66,decode
908,zeroed_run,2040008,1927,caught,66,decode
909,truncation,8064757,1218098,caught,68,decode
910,header,924,1,caught,66,decode
911,payload,1407477,1,caught,66,decode
912,bit_flip,2589975,1,caught,66,decode
913,random_bytes,4064894,7,caught,66,decode
914,zeroed_run,3110403,1105,caught,66,decode
915,truncation,6784295,2498560,caught,68,decode
916,header,327,1,caught,66,decode
917,payload,332216,1,caught,66,decode
918,bit_flip,4273375,1,caught,66,decode
919,random_bytes,3178797,13,caught,66,decode
920,zeroed_run,3871624,165,caught,66,decode
921,truncation,3436509,5846346,caught,68,decode
922,header,774,1,caught,66,decode
923,payload,2815825,1,caught,66,decode
924,bit_flip,3576446,1,caught,66,decode
925,random_bytes,8783811,15,caught,66,decode
926,zeroed_run,4378318,1345,caught,66,decode
927,truncation,3814694,5468161,caught,68,decode
928,header,660,1,caught,66,decode
929,payload,4782326,1,caught,66,decode
930,bit_flip,3686134,1,caught,66,decode
931,random_bytes,115816,3,caught,66,decode
932,zeroed_run,4727611,2271,caught,66,decode
933,truncation,2566377,6716478,caught,68,decode
934,header,365,1,caught,66,decode
935,payload,3653944,1,caught,66,decode
936,bit_flip,214158,1,caught,66,decode
937,random_bytes,8417710,7,caught,66,decode
938,zeroed_run,6628748,174,caught,66,decode
939,truncation,8423924,858931,caught,68,decode
940,header,188,1,caught,66,decode
941,payload,3485366,1,caught,66,decode
942,bit_flip,4925862,1,caught,66,decode
943,random_bytes,8107508,14,caught,66,decode
944,zeroed_run,282745,2274,caught,66,decode
945,truncation,6820648,2462207,caught,68,decode
946,header,675,1,caught,66,decode
947,payload,5962127,1,caught,66,decode
948,bit_flip,4335110,1,caught,66,decode
949,random_bytes,3170861,10,caught,66,decode
950,zeroed_run,4688709,2606,caught,66,decode
951,truncation,1233386,8049469,caught,68,decode
952,header,80,1,caught,66,decode
953,payload,2871561,1,caught,66,decode
954,bit_flip,1061694,1,caught,66,decode
955,random_bytes,3361588,7,caught,66,decode
956,zeroed_run,7799624,1294,caught,66,decode
957,truncation,8551443,731412,caught,68,decode
958,header,790,1,caught,66,decode
959,payload,9122870,1,caught,66,decode
960,bit_flip,3752885,1,caught,66,decode
961,random_bytes,3114638,7,caught,66,decode
962,zeroed_run,1462789,3112,caught,66,decode
963,truncation,1968766,7314089,caught,68,decode
964,header,974,1,caught,66,decode
965,payload,3413910,1,caught,66,decode
966,bit_flip,9111933,1,caught,66,decode
967,random_bytes,313138,13,caught,66,decode
968,zeroed_run,7424884,904,caught,66,decode
969,truncation,3438712,5844143,caught,68,decode
970,header,375,1,caught,66,decode
971,payload,3832997,1,caught,66,decode
972,bit_flip,4985340,1,caught,66,decode
973,random_bytes,4759191,11,caught,66,decode
974,zeroed_run,974701,2272,caught,66,decode
975,truncation,2937844,6345011,caught,68,decode
976,header,645,1,caught,66,decode
977,payload,784255,1,caught,66,decode
978,bit_flip,6734655,1,caught,66,decode
979,random_bytes,6210571,9,caught,66,decode
980,zeroed_run,6490719,502,caught,66,decode
981,truncation,1911254,7371601,caught,68,decode
982,header,670,1,caught,66,decode
983,payload,7691069,1,caught,66,decode
984,bit_flip,7821355,1,caught,66,decode
985,random_bytes,5314476,7,caught,66,decode
986,zeroed_run,2189167,1509,caught,66,decode
987,truncation,6817724,2465131,caught,68,decode
988,header,220,1,caught,66,decode
989,payload,4091185,1,caught,66,decode
990,bit_flip,4813021,1,caught,66,decode
991,random_bytes,5394,5,caught,66,decode
992,zeroed_run,4839345,3568,caught,66,decode
993,truncation,8056699,1226156,caught,68,decode
994,header,639,1,caught,66,decode
995,payload,4926759,1,caught,66,decode
996,bit_flip,6686220,1,caught,66,decode
997,random_bytes,1138261,8,caught,66,decode
998,zeroed_run,2037217,2417,caught,66,decode
999,truncation,2206478,7076377,caught,68,decode
1000,header,458,1,caught,66,decode
1001,payload,6215977,1,caught,66,decode
1002,bit_flip,6534050,1,caught,66,decode
1003,random_bytes,7310394,2,caught,66,decode
1004,zeroed_run,4117045,3007,caught,66,decode
1005,truncation,1819694,7463161,caught,68,decode
1006,header,732,1,caught,66,decode
1007,payload,1034018,1,caught,66,decode
1008,bit_flip,8022411,1,caught,66,decode
1009,random_bytes,2358673,8,caught,66,decode
1010,zeroed_run,7474830,3259,caught,66,decode
1011,truncation,14775,9268080,caught,68,decode
1012,header,572,1,caught,66,decode
1013,payload,6348933,1,caught,66,decode
1014,bit_flip,3058332,1,caught,66,decode
1015,random_bytes,395669,1,caught,66,decode
1016,zeroed_run,6953751,1083,caught,66,decode
1017,truncation,8921072,361783,caught,68,decode
1018,header,820,1,caught,66,decode
1019,payload,749165,1,caught,66,decode
1020,bit_flip,949508,1,caught,66,decode
1021,random_bytes,8698135,9,caught,66,decode
1022,zeroed_run,4334662,1016,caught,66,decode
1023,truncation,44914,9237941,caught,68,decode
1024,header,834,1,caught,66,decode
1025,payload,4962220,1,caught,66,decode
1026,bit_flip,4985011,1,caught,66,decode
1027,random_bytes,8818694,12,caught,66,decode
1028,zeroed_run,1520853,3546,caught,66,decode
1029,truncation,2695562,6587293,caught,68,decode
1030,header,621,1,caught,66,decode
1031,payload,4838646,1,caught,66,decode
1032,bit_flip,2608192,1,caught,66,decode
1033,random_bytes,3432293,16,caught,66,decode
1034,zeroed_run,8629835,2951,caught,66,decode
1035,truncation,1901986,7380869,caught,68,decode
1036,header,47,1,caught,66,decode
1037,payload,3076170,1,caught,66,decode
1038,bit_flip,2791198,1,caught,66,decode
1039,random_bytes,4427821,13,caught,66,decode
1040,zeroed_run,2876713,419,caught,66,decode
1041,truncation,3255600,6027255,caught,68,decode
1042,header,933,1,caught,66,decode
1043,payload,5151717,1,caught,66,decode
1044,bit_flip,4631403,1,caught,66,decode
1045,random_bytes,1752110,3,caught,66,decode
1046,zeroed_run,3272005,803,caught,66,decode
1047,truncation,7943318,1339537,caught,68,decode
1048,header,339,1,caught,66,decode
1049,payload,8186553,1,caught,66,decode
1050,bit_flip,8452815,1,caught,66,decode
1051,random_bytes,7914257,10,caught,66,decode
1052,zeroed_run,2546150,2169,caught,66,decode
1053,truncation,7056313,2226542,caught,68,decode
1054,header,74,1,caught,66,decode
1055,payload,3410567,1,caught,66,decode
1056,bit_flip,1560733,1,caught,66,decode
1057,random_bytes,4675744,12,caught,66,decode
1058,zeroed_run,1179687,3426,caught,66,decode
1059,truncation,3689524,5593331,caught,68,decode
1060,header,100,1,caught,66,decode
1061,payload,1556319,1,caught,66,decode
1062,bit_flip,5114894,1,caught,66,decode
1063,random_bytes,1187163,13,caught,66,decode
1064,zeroed_run,2192479,3452,caught,66,decode
1065,truncation,9136296,146559,caught,68,decode
1066,header,500,1,caught,66,decode
1067,payload,5960822,1,caught,66,decode
1068,bit_flip,1270399,1,caught,66,decode
1069,random_bytes,7470362,2,caught,66,decode
1070,zeroed_run,7675620,1834,caught,66,decode
1071,truncation,6572380,2710475,caught,68,decode
1072,header,559,1,caught,66,decode
1073,payload,6521111,1,caught,66,decode
1074,bit_flip,5469217,1,caught,66,decode
1075,random_bytes,3802940,1,caught,66,decode
1076,zeroed_run,1736656,3270,caught,66,decode
1077,truncation,6371948,2910907,caught,68,decode
1078,header,337,1,caught,66,decode
1079,payload,7203751,1,caught,66,decode
1080,bit_flip,3671772,1,caught,66,decode
1081,random_bytes,8653689,5,caught,66,decode
1082,zeroed_run,9248308,778,caught,66,decode
1083,truncation,8433217,849638,caught,68,decode
1084,header,235,1,caught,66,decode
1085,payload,4920649,1,caught,66,decode
1086,bit_flip,2815733,1,caught,66,decode
1087,random_bytes,9245304,12,caught,66,decode
1088,zeroed_run,6840038,83,caught,66,decode
1089,truncation,7080896,2201959,caught,68,decode
1090,header,747,1,caught,66,decode
1091,payload,8176147,1,caught,66,decode
1092,bit_flip,7609027,1,caught,66,decode
1093,random_bytes,8499308,15,caught,66,decode
1094,zeroed_run,9089712,2301,caught,66,decode
1095,truncation,3144281,6138574,caught,68,decode
1096,header,379,1,caught,66,decode
1097,payload,4831397,1,caught,66,decode
1098,bit_flip,370605,1,caught,66,decode
1099,random_bytes,1046948,15,caught,66,decode
1100,zeroed_run,5521845,2479,caught,66,decode
1101,truncation,3280163,6002692,caught,68,decode
1102,header,821,1,caught,66,decode
1103,payload,7697727,1,caught,66,decode
1104,bit_flip,577611,1,caught,66,decode
1105,random_bytes,5066279,16,caught,66,decode
1106,zeroed_run,7540525,1732,caught,66,decode
1107,truncation,7657675,1625180,caught,68,decode
1108,header,539,1,caught,66,decode
1109,payload,1294095,1,caught,66,decode
1110,bit_flip,8492069,1,caught,66,decode
1111,random_bytes,1872935,8,caught,66,decode
1112,zeroed_run,8547039,3732,caught,66,decode
1113,truncation,7236211,2046644,caught,68,decode
1114,header,761,1,caught,66,decode
1115,payload,4060358,1,caught,66,decode
1116,bit_flip,520703,1,caught,66,decode
1117,random_bytes,7479463,7,caught,66,decode
1118,zeroed_run,1112052,1941,caught,66,decode
1119,truncation,2606281,6676574,caught,68,decode
1120,header,162,1,caught,66,decode
1121,payload,6975800,1,caught,66,decode
1122,bit_flip,3676428,1,caught,66,decode
1123,random_bytes,1784936,11,caught,66,decode
1124,zeroed_run,1107003,1549,caught,66,decode
1125,truncation,6188985,3093870,caught,68,decode
1126,header,116,1,caught,66,decode
1127,payload,9015979,1,caught,66,decode
1128,bit_flip,2270882,1,caught,66,decode
1129,random_bytes,5807000,3,caught,66,decode
1130,zeroed_run,231488,515,caught,66,decode
1131,truncation,2689350,6593505,caught,68,decode
1132,header,208,1,caught,66,decode
1133,payload,2193961,1,caught,66,decode
1134,bit_flip,5163005,1,caught,66,decode
1135,random_bytes,1767274,7,caught,66,decode
1136,zeroed_run,3548046,842,caught,66,decode
1137,truncation,1603413,7679442,caught,68,decode
1138,header,380,1,caught,66,decode
1139,payload,3327895,1,caught,66,decode
1140,bit_flip,8989782,1,caught,66,decode
1141,random_bytes,3484913,5,caught,66,decode
1142,zeroed_run,2891889,487,caught,66,decode
1143,truncation,6977999,2304856,caught,68,decode
1144,header,170,1,caught,66,decode
1145,payload,7773660,1,caught,66,decode
1146,bit_flip,8525613,1,caught,66,decode
1147,random_bytes,8458504,11,caught,66,decode
1148,zeroed_run,3937012,224,caught,66,decode
1149,truncation,3288096,5994759,caught,68,decode
1150,header,247,1,caught,66,decode
1151,payload,5176014,1,caught,66,decode
1152,bit_flip,2907865,1,caught,66,decode
1153,random_bytes,110674,1,caught,66,decode
1154,zeroed_run,9030723,172,caught,66,decode
1155,truncation,7899276,1383579,caught,68,decode
1156,header,510,1,caught,66,decode
1157,payload,8493116,1,caught,66,decode
1158,bit_flip,6314833,1,caught,66,decode
1159,random_bytes,3769341,2,caught,66,decode
1160,zeroed_run,3463146,2618,caught,66,decode
1161,truncation,37819,9245036,caught,68,decode
1162,header,5,1,caught,66,decode
1163,payload,8848276,1,caught,66,decode
1164,bit_flip,7415366,1,caught,66,decode
1165,random_bytes,8063612,14,caught,66,decode
1166,zeroed_run,8481798,3601,caught,66,decode
1167,truncation,4520507,4762348,caught,68,decode
1168,header,178,1,caught,66,decode
1169,payload,8141945,1,caught,66,decode
1170,bit_flip,5479636,1,caught,66,decode
1171,random_bytes,5141665,6,caught,66,decode
1172,zeroed_run,6909704,3566,caught,66,decode
1173,truncation,1383247,7899608,caught,68,decode
1174,header,276,1,caught,66,decode
1175,payload,8830103,1,caught,66,decode
1176,bit_flip,9260822,1,caught,66,decode
1177,random_bytes,5840392,11,caught,66,decode
1178,zeroed_run,7337766,2515,caught,66,decode
1179,truncation,6262703,3020152,caught,68,decode
1180,header,940,1,caught,66,decode
1181,payload,4698992,1,caught,66,decode
1182,bit_flip,2933812,1,caught,66,decode
1183,random_bytes,1287303,5,caught,66,decode
1184,zeroed_run,5061073,1720,caught,66,decode
1185,truncation,5634151,3648704,caught,68,decode
1186,header,116,1,caught,66,decode
1187,payload,2904171,1,caught,66,decode
1188,bit_flip,6936326,1,caught,66,decode
1189,random_bytes,7416251,8,caught,66,decode
1190,zeroed_run,3401811,2976,caught,66,decode
1191,truncation,4162317,5120538,caught,68,decode
1192,header,859,1,caught,66,decode
1193,payload,1749300,1,caught,66,decode
1194,bit_flip,1941901,1,caught,66,decode
1195,random_bytes,4403616,6,caught,66,decode
1196,zeroed_run,4125357,23,caught,66,decode
1197,truncation,8513385,769470,caught,68,decode
1198,header,640,1,caught,66,decode
1199,payload,1996951,1,caught,66,decode
1200,bit_flip,8916877,1,caught,66,decode
1201,random_bytes,4703645,11,caught,66,decode
1202,zeroed_run,3270997,688,caught,66,decode
1203,truncation,320329,8962526,caught,68,decode
1204,header,66,1,caught,66,decode
1205,payload,2465552,1,caught,66,decode
1206,bit_flip,9107586,1,caught,66,decode
1207,random_bytes,9121896,11,caught,66,decode
1208,zeroed_run,5978577,1753,caught,66,decode
1209,truncation,7683842,1599013,caught,68,decode
1210,header,645,1,caught,66,decode
1211,payload,3471989,1,caught,66,decode
1212,bit_flip,8626939,1,caught,66,decode
1213,random_bytes,6862800,8,caught,66,decode
1214,zeroed_run,8529027,627,caught,66,decode
1215,truncation,7812490,1470365,caught,68,decode
1216,header,954,1,caught,66,decode
1217,payload,7542727,1,caught,66,decode
1218,bit_flip,7917157,1,caught,66,decode
1219,random_bytes,334889,15,caught,66,decode
1220,zeroed_run,8332592,3516,caught,66,decode
1221,truncation,5490306,3792549,caught,68,decode
1222,header,923,1,caught,66,decode
1223,payload,6192502,1,caught,66,decode
1224,bit_flip,2801882,1,caught,66,decode
1225,random_bytes,4624929,15,caught,66,decode
1226,zeroed_run,747762,1788,caught,66,decode
1227,truncation,9001808,281047,caught,68,decode
1228,header,43,1,caught,66,decode
1229,payload,1622923,1,caught,66,decode
1230,bit_flip,4807755,1,caught,66,decode
1231,random_bytes,9164452,16,caught,66,decode
1232,zeroed_run,72802,464,caught,66,decode
1233,truncation,9013157,269698,caught,68,decode
1234,header,60,1,caught,66,decode
1235,payload,1753050,1,caught,66,decode
1236,bit_flip,663008,1,caught,66,decode
1237,random_bytes,1040758,12,caught,66,decode
1238,zeroed_run,7955829,2319,caught,66,decode
1239,truncation,9192965,89890,caught,68,decode
1240,header,1019,1,caught,66,decode
1241,payload,5927540,1,caught,66,decode
1242,bit_flip,1394743,1,caught,66,decode
1243,random_bytes,6816528,10,caught,66,decode
1244,zeroed_run,3093255,1016,caught,66,decode
1245,truncation,5750278,3532577,caught,68,decode
1246,header,205,1,caught,66,decode
1247,payload,3832849,1,caught,66,decode
1248,bit_flip,1978328,1,caught,66,decode
1249,random_bytes,9177741,13,caught,66,decode
1250,zeroed_run,6881128,2126,caught,66,decode
1251,truncation,3593976,5688879,caught,68,decode
1252,header,2,1,caught,44,decode
1253,payload,4047182,1,caught,66,decode
1254,bit_flip,7675623,1,caught,66,decode
1255,random_bytes,9226913,15,caught,66,decode
1256,zeroed_run,218854,1210,caught,66,decode
1257,truncation,7124013,2158842,caught,68,decode
1258,header,418,1,caught,66,decode
1259,payload,8991629,1,caught,66,decode
1260,bit_flip,8368140,1,caught,66,decode
1261,random_bytes,7301832,8,caught,66,decode
1262,zeroed_run,9041783,1110,caught,66,decode
1263,truncation,8978928,303927,caught,68,decode
1264,header,949,1,caught,66,decode
1265,payload,2119957,1,harmless,0,decode
1266,bit_flip,5264383,1,caught,66,decode
1267,random_bytes,711499,7,caught,66,decode
1268,zeroed_run,7368467,1150,caught,66,decode
1269,truncation,1316885,7965970,caught,68,decode
1270,header,307,1,caught,66,decode
1271,payload,5773010,1,caught,66,decode
1272,bit_flip,5692897,1,caught,66,decode
1273,random_bytes,5422346,8,caught,66,decode
1274,zeroed_run,387842,1901,caught,66,decode
1275,truncation,941789,8341066,caught,68,decode
1276,header,657,1,caught,66,decode
1277,payload,3225800,1,caught,66,decode
1278,bit_flip,565457,1,caught,66,decode
1279,random_bytes,8561410,4,caught,66,decode
1280,zeroed_run,5166771,1287,caught,66,decode
1281,truncation,6619587,2663268,caught,68,decode
1282,header,907,1,caught,66,decode
1283,payload,5874783,1,caught,66,decode
1284,bit_flip,6721944,1,caught,66,decode
1285,random_bytes,2322030,1,caught,66,decode
1286,zeroed_run,3696010,2521,caught,66,decode
1287,truncation,4430796,4852059,caught,68,decode
1288,header,704,1,caught,66,decode
1289,payload,3071252,1,caught,66,decode
1290,bit_flip,6127665,1,caught,66,decode
1291,random_bytes,4310298,6,caught,66,decode
1292,zeroed_run,2668390,674,caught,66,decode
1293,truncation,3631987,5650868,caught,68,decode
1294,header,420,1,caught,66,decode
1295,payload,6295670,1,caught,66,decode
1296,bit_flip,8181864,1,caught,66,decode
1297,random_bytes,8344374,11,caught,66,decode
1298,zeroed_run,7390841,1089,caught,66,decode
1299,truncation,255772,9027083,caught,68,decode
1300,header,908,1,caught,66,decode
1301,payload,8289753,1,caught,66,decode
1302,bit_flip,3251907,1,caught,66,decode
1303,random_bytes,1830549,4,caught,66,decode
1304,zeroed_run,3509744,389,caught,66,decode
1305,truncation,832371,8450484,caught,68,decode
1306,header,855,1,caught,66,decode
1307,payload,6214312,1,caught,66,decode
1308,bit_flip,7706911,1,caught,66,decode
1309,random_bytes,2250234,15,caught,66,decode
1310,zeroed_run,1251630,2625,caught,66,decode
1311,truncation,1059671,8223184,caught,68,decode
1312,header,139,1,caught,66,decode
1313,payload,3229016,1,caught,66,decode
1314,bit_flip,3112089,1,caught,66,decode
1315,random_bytes,6569903,6,caught,66,decode
1316,zeroed_run,6418796,910,caught,66,decode
1317,truncation,4686114,4596741,caught,68,decode
1318,header,355,1,caught,66,decode
1319,payload,5908740,1,caught,66,decode
1320,bit_flip,5082247,1,caught,66,decode
1321,random_bytes,8446805,8,caught,66,decode
1322,zeroed_run,8098100,3909,caught,66,decode
1323,truncation,7761462,1521393,caught,68,decode
1324,header,170,1,caught,66,decode
1325,payload,1731239,1,caught,66,decode
1326,bit_flip,794995,1,caught,66,decode
1327,random_bytes,8423992,5,caught,66,decode
1328,zeroed_run,2130276,2188,caught,66,decode
1329,truncation,1270731,8012124,caught,68,decode
1330,header,41,1,caught,66,decode
1331,payload,9234122,1,caught,66,decode
1332,bit_flip,4465271,1,caught,66,decode
1333,random_bytes,4405516,13,caught,66,decode
1334,zeroed_run,4421292,2994,caught,66,decode
1335,truncation,7310474,1972381,caught,68,decode
1336,header,892,1,caught,66,decode
1337,payload,8876583,1,caught,66,decode
1338,bit_flip,4915515,1,caught,66,decode
1339,random_bytes,4368415,4,caught,66,decode
1340,zeroed_run,2253423,2810,caught,66,decode
1341,truncation,1362026,7920829,caught,68,decode
1342,header,494,1,caught,66,decode
1343,payload,2019214,1,caught,66,decode
1344,bit_flip,6900735,1,caught,66,decode
1345,random_bytes,3793548,10,caught,66,decode
1346,zeroed_run,950005,3551,caught,66,decode
1347,truncation,8697872,584983,caught,68,decode
1348,header,103,1,caught,66,decode
1349,payload,3457117,1,caught,66,decode
1350,bit_flip,8135204,1,caught,66,decode
1351,random_bytes,501439,14,caught,66,decode
1352,zeroed_run,2054487,3395,caught,66,decode
1353,truncation,948153,8334702,caught,68,decode
1354,header,82,1,caught,66,decode
1355,payload,3231489,1,caught,66,decode
1356,bit_flip,3099058,1,caught,66,decode
1357,random_bytes,7005896,3,caught,66,decode
1358,zeroed_run,4347774,3357,caught,66,decode
1359,truncation,3723112,5559743,caught,68,decode
1360,header,570,1,caught,66,decode
1361,payload,5560543,1,caught,66,decode
1362,bit_flip,715794,1,caught,66,decode
1363,random_bytes,4965215,8,caught,66,decode
1364,zeroed_run,4568943,2994,caught,66,decode
1365,truncation,7337060,1945795,caught,68,decode
1366,header,312,1,caught,66,decode
1367,payload,1539228,1,caught,66,decode
1368,bit_flip,6556110,1,caught,66,decode
1369,random_bytes,3991142,8,caught,66,decode
1370,zeroed_run,6605143,1118,caught,66,decode
1371,truncation,2105108,7177747,caught,68,decode
1372,header,672,1,caught,66,decode
1373,payload,8702881,1,caught,66,decode
1374,bit_flip,602052,1,caught,66,decode
1375,random_bytes,3313473,1,caught,66,decode
1376,zeroed_run,6648476,3004,caught,66,decode
1377,truncation,2946909,6335946,caught,68,decode
1378,header,813,1,caught,66,decode
1379,payload,5531881,1,caught,66,decode
1380,bit_flip,6614157,1,caught,66,decode
1381,random_bytes,6890487,7,caught,66,decode
1382,zeroed_run,5027980,3702,caught,66,decode
1383,truncation,20865,9261990,caught,68,decode
1384,header,997,1,caught,66,decode
1385,payload,4211139,1,caught,66,decode
1386,bit_flip,2235412,1,caught,66,decode
1387,random_bytes,7583723,4,caught,66,decode
1388,zeroed_run,8409358,3286,caught,66,decode
1389,truncation,1498739,7784116,caught,68,decode
1390,header,310,1,caught,66,decode
1391,payload,6701042,1,caught,66,decode
1392,bit_flip,222979,1,caught,66,decode
1393,random_bytes,470451,4,caught,66,decode
1394,zeroed_run,5739317,3773,caught,66,decode
1395,truncation,3487968,5794887,caught,68,decode
1396,header,672,1,caught,66,decode
1397,payload,4797019,1,caught,66,decode
1398,bit_flip,3106935,1,caught,66,decode
1399,random_bytes,1064886,16,caught,66,decode
1400,zeroed_run,6626004,1510,caught,66,decode
1401,truncation,4666778,4616077,caught,68,decode
1402,header,491,1,caught,66,decode
1403,payload,7327342,1,caught,66,decode
1404,bit_flip,3924819,1,caught,66,decode
1405,random_bytes,3024385,9,caught,66,decode
1406,zeroed_run,5680872,1217,caught,66,decode
1407,truncation,98266,9184589,caught,68,decode
1408,header,446,1,caught,66,decode
1409,payload,2430325,1,caught,66,decode
1410,bit_flip,1034507,1,caught,66,decode
1411,random_bytes,5609615,3,caught,66,decode
1412,zeroed_run,7361662,641,caught,66,decode
1413,truncation,7867141,1415714,caught,68,decode
1414,header,49,1,caught,66,decode
1415,payload,409949,1,caught,66,decode
1416,bit_flip,783186,1,caught,66,decode
1417,random_bytes,3268169,6,caught,66,decode
1418,zeroed_run,8065454,3195,caught,66,decode
1419,truncation,1691319,7591536,caught,68,decode
1420,header,597,1,caught,66,decode
1421,payload,2275254,1,caught,66,decode
1422,bit_flip,2954124,1,caught,66,decode
1423,random_bytes,7329808,7,caught,66,decode
1424,zeroed_run,8655088,3164,caught,66,decode
1425,truncation,1019430,8263425,caught,68,decode
1426,header,917,1,caught,66,decode
1427,payload,2699357,1,caught,66,decode
1428,bit_flip,9182159,1,caught,66,decode
1429,random_bytes,9263684,7,caught,66,decode
1430,zeroed_run,5590301,2162,caught,66,decode
1431,truncation,4982205,4300650,caught,68,decode
1432,header,673,1,caught,66,decode
1433,payload,3842978,1,caught,66,decode
1434,bit_flip,1727707,1,caught,66,decode
1435,random_bytes,3414355,5,caught,66,decode
1436,zeroed_run,7850323,3091,caught,66,decode
1437,truncation,11345,9271510,caught,68,decode
1438,header,771,1,caught,66,decode
1439,payload,6828406,1,caught,66,decode
1440,bit_flip,8316732,1,caught,66,decode
1441,random_bytes,4783274,1,caught,66,decode
1442,zeroed_run,2126745,2496,caught,66,decode
1443,truncation,436347,8846508,caught,68,decode
1444,header,878,1,caught,66,decode
1445,payload,638857,1,caught,66,decode
1446,bit_flip,1480968,1,caught,66,decode
1447,random_bytes,263998,9,caught,66,decode
1448,zeroed_run,4082375,3263,caught,66,decode
1449,truncation,3288704,5994151,caught,68,decode
1450,header,373,1,caught,66,decode
1451,payload,905625,1,caught,66,decode
1452,bit_flip,5150898,1,caught,66,decode
1453,random_bytes,6169161,4,caught,66,decode
1454,zeroed_run,424107,2374,caught,66,decode
1455,truncation,4861793,4421062,caught,68,decode
1456,header,152,1,caught,66,decode
1457,payload,2345120,1,caught,66,decode
1458,bit_flip,9123749,1,caught,66,decode
1459,random_bytes,609403,4,caught,66,decode
1460,zeroed_run,6431648,3934,caught,66,decode
1461,truncation,4628257,4654598,caught,68,decode
1462,header,778,1,caught,66,decode
1463,payload,960849,1,caught,66,decode
1464,bit_flip,4073723,1,caught,66,decode
1465,random_bytes,96449,16,caught,66,decode
1466,zeroed_run,4698755,1232,caught,66,decode
1467,truncation,2041964,7240891,caught,68,decode
1468,header,1009,1,caught,66,decode
1469,payload,9014685,1,caught,66,decode
1470,bit_flip,1722373,1,caught,66,decode
1471,random_bytes,5067941,16,caught,66,decode
1472,zeroed_run,4772016,2594,caught,66,decode
1473,truncation,4398215,4884640,caught,68,decode
1474,header,171,1,caught,66,decode
1475,payload,2609455,1,caught,66,decode
1476,bit_flip,7303112,1,caught,66,decode
1477,random_bytes,6977489,5,caught,66,decode
1478,zeroed_run,3334469,543,caught,66,decode
1479,truncation,824068,8458787,caught,68,decode
1480,header,279,1,caught,66,decode
1481,payload,6829536,1,caught,66,decode
1482,bit_flip,6192184,1,caught,66,decode
1483,random_bytes,4566970,8,caught,66,decode
1484,zeroed_run,3349614,2894,caught,66,decode
1485,truncation,4126385,5156470,caught,68,decode
1486,header,377,1,caught,66,decode
1487,payload,5193796,1,caught,66,decode
1488,bit_flip,2648726,1,caught,66,decode
1489,random_bytes,6393819,9,caught,66,decode
1490,zeroed_run,4426771,3308,caught,66,decode
1491,truncation,1737701,7545154,caught,68,decode
1492,header,266,1,caught,66,decode
1493,payload,2369553,1,caught,66,decode
1494,bit_flip,3725469,1,caught,66,decode
1495,random_bytes,1880324,13,caught,66,decode
1496,zeroed_run,8908810,3449,caught,66,decode
1497,truncation,6553528,2729327,caught,68,decode
1498,header,538,1,caught,66,decode
1499,payload,90813,1,caught,66,decode
1500,bit_flip,7047857,1,caught,66,decode
1501,random_bytes,6985596,15,caught,66,decode
1502,zeroed_run,9223177,1841,caught,66,decode
1503,truncation,1229484,8053371,caught,68,decode
1504,header,340,1,caught,66,decode
1505,payload,5415508,1,caught,66,decode
1506,bit_flip,4199747,1,caught,66,decode
1507,random_bytes,8186970,8,caught,66,decode
1508,zeroed_run,3689628,1198,caught,66,decode
1509,truncation,8817324,465531,caught,68,decode
1510,header,830,1,caught,66,decode
1511,payload,3988619,1,caught,66,decode
1512,bit_flip,7621243,1,caught,66,decode
1513,random_bytes,53477,14,caught,66,decode
1514,zeroed_run,2318377,136,caught,66,decode
1515,truncation,7851592,1431263,caught,68,decode
1516,header,370,1,caught,66,decode
1517,payload,1257726,1,caught,66,decode
1518,bit_flip,2730108,1,caught,66,decode
1519,random_bytes,8548528,12,caught,66,decode
1520,zeroed_run,4884854,1770,caught,66,decode
1521,truncation,3297380,5985475,caught,68,decode
1522,header,416,1,caught,66,decode
1523,payload,7950365,1,caught,66,decode
1524,bit_flip,5203349,1,caught,66,decode
1525,random_bytes,8214103,15,caught,66,decode
1526,zeroed_run,1621600,415,caught,66,decode
1527,truncation,3889378,5393477,caught,68,decode
1528,header,885,1,caught,66,decode
1529,payload,4079140,1,caught,66,decode
1530,bit_flip,9128996,1,caught,66,decode
1531,random_bytes,4744983,3,caught,66,decode
1532,zeroed_run,2256878,154,caught,66,decode
1533,truncation,7850137,1432718,caught,68,decode
1534,header,782,1,caught,66,decode
1535,payload,3434985,1,caught,66,decode
1536,bit_flip,4843367,1,caught,66,decode
1537,random_bytes,3802926,12,caught,66,decode
1538,zeroed_run,3284094,2348,caught,66,decode
1539,truncation,8461941,820914,caught,68,decode
1540,header,105,1,caught,66,decode
1541,payload,1416009,1,caught,66,decode
1542,bit_flip,1597046,1,caught,66,decode
1543,random_bytes,5404156,16,caught,66,decode
1544,zeroed_run,8685711,560,caught,66,decode
1545,truncation,2058731,7224124,caught,68,decode
1546,header,469,1,caught,66,decode
1547,payload,2953719,1,caught,66,decode
1548,bit_flip,629772,1,caught,66,decode
1549,random_bytes,6187437,6,caught,66,decode
1550,zeroed_run,1178983,375,caught,66,decode
1551,truncation,669563,8613292,caught,68,decode
1552,header,259,1,caught,66,decode
1553,payload,178252,1,caught,66,decode
1554,bit_flip,7874866,1,caught,66,decode
1555,random_bytes,4018029,6,caught,66,decode
1556,zeroed_run,1610694,1119,caught,66,decode
1557,truncation,304274,8978581,caught,68,decode
1558,header,729,1,caught,66,decode
1559,payload,5161682,1,caught,66,decode
1560,bit_flip,6298220,1,caught,66,decode
1561,random_bytes,2647090,9,caught,66,decode
1562,zeroed_run,2956926,1047,caught,66,decode
1563,truncation,5799254,3483601,caught,68,decode
1564,header,280,1,caught,66,decode
1565,payload,1881273,1,caught,66,decode
1566,bit_flip,6410562,1,caught,66,decode
1567,random_bytes,4682428,5,caught,66,decode
1568,zeroed_run,7196839,758,caught,66,decode
1569,truncation,7665041,1617814,caught,68,decode
1570,header,194,1,caught,66,decode
1571,payload,4732802,1,caught,66,decode
1572,bit_flip,4074846,1,caught,66,decode
1573,random_bytes,4171925,10,caught,66,decode
1574,zeroed_run,6507690,1636,caught,66,decode
1575,truncation,3165503,6117352,caught,68,decode
1576,header,910,1,caught,66,decode
1577,payload,6672613,1,caught,66,decode
1578,bit_flip,8105315,1,caught,66,decode
1579,random_bytes,1107489,9,caught,66,decode
1580,zeroed_run,4640118,3745,caught,66,decode
1581,truncation,5430101,3852754,caught,68,decode
1582,header,392,1,caught,66,decode
1583,payload,9228764,1,caught,66,decode
1584,bit_flip,5103829,1,caught,66,decode
1585,random_bytes,3512427,7,caught,66,decode
1586,zeroed_run,1809716,2885,caught,66,decode
1587,truncation,4733520,4549335,caught,68,decode
1588,header,42,1,caught,66,decode
1589,payload,504843,1,caught,66,decode
1590,bit_flip,8684660,1,caught,66,decode
1591,random_bytes,7163483,2,caught,66,decode
1592,zeroed_run,1453234,2773,caught,66,decode
1593,truncation,1312847,7970008,caught,68,decode
1594,header,40,1,caught,66,decode
1595,payload,1933293,1,caught,66,decode
1596,bit_flip,5462285,1,caught,66,decode
1597,random_bytes,7224960,15,caught,66,decode
1598,zeroed_run,7762605,1857,caught,66,decode
1599,truncation,3671867,5610988,caught,68,decode
1600,header,699,1,caught,66,decode
1601,payload,1639224,1,caught,66,decode
1602,bit_flip,78938,1,caught,66,decode
1603,random_bytes,6579006,1,caught,66,decode
1604,zeroed_run,1842018,1597,caught,66,decode
1605,truncation,1925915,7356940,caught,68,decode
1606,header,381,1,caught,66,decode
1607,payload,6060289,1,caught,66,decode
1608,bit_flip,1067004,1,caught,66,decode
1609,random_bytes,3942573,15,caught,66,decode
1610,zeroed_run,6284579,3131,caught,66,decode
1611,truncation,9086637,196218,caught,68,decode
1612,header,101,1,caught,66,decode
1613,payload,2858397,1,caught,66,decode
1614,bit_flip,4188353,1,caught,66,decode
1615,random_bytes,199722,8,caught,66,decode
1616,zeroed_run,1309581,3800,caught,66,decode
1617,truncation,8642896,639959,caught,68,decode
1618,header,531,1,caught,66,decode
1619,payload,157943,1,caught,66,decode
1620,bit_flip,1196186,1,caught,66,decode
1621,random_bytes,1739730,6,caught,66,decode
1622,zeroed_run,3743311,2395,caught,66,decode
1623,truncation,9161171,121684,caught,68,decode
1624,header,195,1,caught,66,decode
1625,payload,3160532,1,caught,66,decode
1626,bit_flip,8751522,1,caught,66,decode
1627,random_bytes,5898783,7,caught,66,decode
1628,zeroed_run,8665728,812,caught,66,decode
1629,truncation,129896,9152959,caught,68,decode
1630,header,715,1,caught,66,decode
1631,payload,1389818,1,caught,66,decode
1632,bit_flip,7595002,1,caught,66,decode
1633,random_bytes,634183,9,caught,66,decode
1634,zeroed_run,2770438,2595,caught,66,decode
1635,truncation,1015493,8267362,caught,68,decode
1636,header,710,1,caught,66,decode
1637,payload,8441143,1,caught,66,decode
1638,bit_flip,2253098,1,caught,66,decode
1639,random_bytes,167030,4,caught,66,decode
1640,zeroed_run,2460772,3308,caught,66,decode
1641,truncation,7285974,1996881,caught,68,decode
1642,header,818,1,caught,66,decode
1643,payload,5488221,1,caught,66,decode
1644,bit_flip,3814303,1,caught,66,decode
1645,random_bytes,6436806,14,caught,66,decode
1646,zeroed_run,110408,3320,caught,66,decode
1647,truncation,7641088,1641767,caught,68,decode
1648,header,999,1,caught,66,decode
1649,payload,1772479,1,caught,66,decode
1650,bit_flip,7232386,1,caught,66,decode
1651,random_bytes,4405893,5,caught,66,decode
1652,zeroed_run,1666706,2845,caught,66,decode
1653,truncation,8297351,985504,caught,68,decode
1654,header,93,1,caught,66,decode
1655,payload,1081845,1,caught,66,decode
1656,bit_flip,7510358,1,caught,66,decode
1657,random_bytes,45825,13,caught,66,decode
1658,zeroed_run,3184844,3383,caught,66,decode
1659,truncation,2949825,6333030,caught,68,decode
1660,header,773,1,caught,66,decode
1661,payload,7837782,1,caught,66,decode
1662,bit_flip,9105697,1,caught,66,decode
1663,random_bytes,3227452,12,caught,66,decode
1664,zeroed_run,4260188,3755,caught,66,decode
1665,truncation,1212151,8070704,caught,68,decode
1666,header,452,1,caught,66,decode
1667,payload,8830213,1,caught,66,decode
1668,bit_flip,5156398,1,caught,66,decode
1669,random_bytes,5544064,12,caught,66,decode
1670,zeroed_run,6463105,2682,caught,66,decode
1671,truncation,5662971,3619884,caught,68,decode
1672,header,435,1,caught,66,decode
1673,payload,8660999,1,caught,66,decode
1674,bit_flip,138401,1,caught,66,decode
1675,random_bytes,2846922,8,caught,66,decode
1676,zeroed_run,2054906,19,caught,66,decode
1677,truncation,1589166,7693689,caught,68,decode
1678,header,562,1,caught,66,decode
1679,payload,6765052,1,caught,66,decode
1680,bit_flip,7700297,1,caught,66,decode
1681,random_bytes,6013547,8,caught,66,decode
1682,zeroed_run,2890401,1124,caught,66,decode
1683,truncation,3648588,5634267,caught,68,decode
1684,header,639,1,caught,66,decode
1685,payload,1074016,1,caught,66,decode
1686,bit_flip,5603678,1,caught,66,decode
1687,random_bytes,5733723,13,caught,66,decode
1688,zeroed_run,6484609,526,caught,66,decode
1689,truncation,3493362,5789493,caught,68,decode
1690,header,66,1,caught,66,decode
1691,payload,1378996,1,caught,66,decode
1692,bit_flip,4007965,1,caught,66,decode
1693,random_bytes,3809259,14,caught,66,decode
1694,zeroed_run,1227665,3962,caught,66,decode
1695,truncation,6777423,2505432,caught,68,decode
1696,header,903,1,caught,66,decode
1697,payload,6362172,1,caught,66,decode
1698,bit_flip,1198381,1,caught,66,decode
1699,random_bytes,874323,7,caught,66,decode
1700,zeroed_run,2527457,1695,caught,66,decode
1701,truncation,2750177,6532678,caught,68,decode
1702,header,104,1,caught,66,decode
1703,payload,6062046,1,caught,66,decode
1704,bit_flip,5126065,1,caught,66,decode
1705,random_bytes,5139863,14,caught,66,decode
1706,zeroed_run,4469968,3453,caught,66,decode
1707,truncation,3133929,6148926,caught,68,decode
1708,header,58,1,caught,66,decode
1709,payload,4458320,1,caught,66,decode
1710,bit_flip,6443146,1,caught,66,decode
1711,random_bytes,3404399,12,caught,66,decode
1712,zeroed_run,2262078,1167,caught,66,decode
1713,truncation,4222479,5060376,caught,68,decode
1714,header,291,1,caught,66,decode
1715,payload,5112487,1,caught,66,decode
1716,bit_flip,7390941,1,caught,66,decode
1717,random_bytes,7998749,13,caught,66,decode
1718,zeroed_run,5758064,1854,caught,66,decode
1719,truncation,778471,8504384,caught,68,decode
1720,header,778,1,caught,66,decode
1721,payload,677128,1,caught,66,decode
1722,bit_flip,1415769,1,caught,66,decode
1723,random_bytes,1785834,3,caught,66,decode
1724,zeroed_run,9094344,791,caught,66,decode
1725,truncation,9127502,155353,caught,68,decode
1726,header,151,1,caught,66,decode
1727,payload,2448454,1,caught,66,decode
1728,bit_flip,5290304,1,caught,66,decode
1729,random_bytes,5112368,15,caught,66,decode
1730,zeroed_run,4695532,2779,caught,66,decode
1731,truncation,6888021,2394834,caught,68,decode
1732,header,414,1,caught,66,decode
1733,payload,6433619,1,caught,66,decode
1734,bit_flip,5233703,1,caught,66,decode
1735,random_bytes,8788414,6,caught,66,decode
1736,zeroed_run,2712179,2377,caught,66,decode
1737,truncation,5445440,3837415,caught,68,decode
1738,header,48,1,caught,66,decode
1739,payload,1904295,1,caught,66,decode
1740,bit_flip,7120150,1,caught,66,decode
1741,random_bytes,8047408,5,caught,66,decode
1742,zeroed_run,6548440,652,caught,66,decode
1743,truncation,5976175,3306680,caught,68,decode
1744,header,171,1,caught,66,decode
1745,payload,8643586,1,caught,66,decode
1746,bit_flip,6009480,1,caught,66,decode
1747,random_bytes,4294743,8,caught,66,decode
1748,zeroed_run,6907611,289,caught,66,decode
1749,truncation,2524262,6758593,caught,68,decode
1750,header,309,1,caught,66,decode
1751,payload,4838682,1,caught,66,decode
1752,bit_flip,2780557,1,caught,66,decode
1753,random_bytes,8980534,3,caught,66,decode
1754,zeroed_run,2938523,558,caught,66,decode
1755,truncation,3109709,6173146,caught,68,decode
1756,header,993,1,caught,66,decode
1757,payload,6130458,1,caught,66,decode
1758,bit_flip,1729857,1,caught,66,decode
1759,random_bytes,8991164,1,caught,66,decode
1760,zeroed_run,5677370,3663,caught,66,decode
1761,truncation,2511908,6770947,caught,68,decode
1762,header,114,1,caught,66,decode
1763,payload,5370702,1,caught,66,decode
1764,bit_flip,7968915,1,caught,66,decode
1765,random_bytes,4671547,10,caught,66,decode
1766,zeroed_run,1987862,1806,caught,66,decode
1767,truncation,5104191,4178664,caught,68,decode
1768,header,426,1,caught,66,decode
1769,payload,1362068,1,caught,66,decode
1770,bit_flip,6546655,1,caught,66,decode
1771,random_bytes,243079,9,caught,66,decode
1772,zeroed_run,298970,4048,caught,66,decode
1773,truncation,1061356,8221499,caught,68,decode
1774,header,741,1,caught,66,decode
1775,payload,4685186,1,caught,66,decode
1776,bit_flip,5724982,1,caught,66,decode
1777,random_bytes,576504,3,caught,66,decode
1778,zeroed_run,3436459,1034,caught,66,decode
1779,truncation,689942,8592913,caught,68,decode
1780,header,998,1,caught,66,decode
1781,payload,6920399,1,caught,66,decode
1782,bit_flip,6144641,1,caught,66,decode
1783,random_bytes,6400255,6,caught,66,decode
1784,zeroed_run,977329,2499,caught,66,decode
1785,truncation,1256298,8026557,caught,68,decode
1786,header,982,1,caught,66,decode
1787,payload,1061112,1,caught,66,decode
1788,bit_flip,7401868,1,caught,66,decode
1789,random_bytes,4296464,3,caught,66,decode
1790,zeroed_run,6842984,951,caught,66,decode
1791,truncation,1806008,7476847,caught,68,decode
1792,header,817,1,caught,66,decode
1793,payload,7355036,1,caught,66,decode
1794,bit_flip,978802,1,caught,66,decode
1795,random_bytes,390140,14,caught,66,decode
1796,zeroed_run,6349864,1753,caught,66,decode
1797,truncation,9073754,209101,caught,68,decode
1798,header,165,1,caught,66,decode
1799,payload,5421727,1,caught,66,decode
1800,bit_flip,7359234,1,caught,66,decode
1801,random_bytes,462889,3,caught,66,decode
1802,zeroed_run,8400340,1816,caught,66,decode
1803,truncation,5030047,4252808,caught,68,decode
1804,header,110,1,caught,66,decode
1805,payload,1618780,1,caught,66,decode
1806,bit_flip,1444147,1,caught,66,decode
1807,random_bytes,752881,15,caught,66,decode
1808,zeroed_run,3829180,652,caught,66,decode
1809,truncation,6524442,2758413,caught,68,decode
1810,header,110,1,caught,66,decode
1811,payload,5360631,1,caught,66,decode
1812,bit_flip,810538,1,caught,66,decode
1813,random_bytes,5889682,7,caught,66,decode
1814,zeroed_run,1724481,1638,caught,66,decode
1815,truncation,2966385,6316470,caught,68,decode
1816,header,1000,1,caught,66,decode
1817,payload,8348831,1,caught,66,decode
1818,bit_flip,9225323,1,caught,66,decode
1819,random_bytes,4907495,1,caught,66,decode
1820,zeroed_run,2312254,3569,caught,66,decode
1821,truncation,8529626,753229,caught,68,decode
1822,header,408,1,caught,66,decode
1823,payload,5441594,1,caught,66,decode
1824,bit_flip,207038,1,caught,66,decode
1825,random_bytes,7023149,6,caught,66,decode
1826,zeroed_run,1694310,1517,caught,66,decode
1827,truncation,2476731,6806124,caught,68,decode
1828,header,774,1,caught,66,decode
1829,payload,5793182,1,caught,66,decode
1830,bit_flip,2487813,1,caught,66,decode
1831,random_bytes,6488170,9,caught,66,decode
1832,zeroed_run,1953229,932,caught,66,decode
1833,truncation,7549986,1732869,caught,68,decode
1834,header,821,1,caught,66,decode
1835,payload,1225144,1,caught,66,decode
1836,bit_flip,5886029,1,caught,66,decode
1837,random_bytes,3511721,4,caught,66,decode
1838,zeroed_run,9156808,267,caught,66,decode
1839,truncation,2971105,6311750,caught,68,decode
1840,header,75,1,caught,66,decode
1841,payload,1119653,1,caught,66,decode
1842,bit_flip,3137736,1,caught,66,decode
1843,random_bytes,5482144,4,caught,66,decode
1844,zeroed_run,9107870,2676,caught,66,decode
1845,truncation,975796,8307059,caught,68,decode
1846,header,28,1,caught,66,decode
1847,payload,4904111,1,caught,66,decode
1848,bit_flip,1131827,1,caught,66,decode
1849,random_bytes,4224519,2,caught,66,decode
1850,zeroed_run,6729178,1580,caught,66,decode
1851,truncation,4345678,4937177,caught,68,decode
1852,header,525,1,caught,66,decode
1853,payload,2535570,1,caught,66,decode
1854,bit_flip,4529651,1,caught,66,decode
1855,random_bytes,431648,9,caught,66,decode
1856,zeroed_run,2753545,2135,caught,66,decode
1857,truncation,621290,8661565,caught,68,decode
1858,header,789,1,caught,66,decode
1859,payload,2094503,1,caught,66,decode
1860,bit_flip,7445064,1,caught,66,decode
1861,random_bytes,2296101,12,caught,66,decode
1862,zeroed_run,6548176,3145,caught,66,decode
1863,truncation,7803269,1479586,caught,68,decode
1864,header,4,1,caught,66,decode
1865,payload,8760704,1,caught,66,decode
1866,bit_flip,3998483,1,caught,66,decode
1867,random_bytes,6238738,11,caught,66,decode
1868,zeroed_run,699511,438,caught,66,decode
1869,truncation,612897,8669958,caught,68,decode
1870,header,39,1,caught,66,decode
1871,payload,5599130,1,caught,66,decode
1872,bit_flip,3577532,1,caught,66,decode
1873,random_bytes,1895081,7,caught,66,decode
1874,zeroed_run,4470507,2614,caught,66,decode
1875,truncation,8694668,588187,caught,68,decode
1876,header,168,1,caught,66,decode
1877,payload,2573973,1,caught,66,decode
1878,bit_flip,6056609,1,caught,66,decode
1879,random_bytes,2345922,12,caught,66,decode
1880,zeroed_run,6120303,1971,caught,66,decode
1881,truncation,1508347,7774508,caught,68,decode
1882,header,53,1,caught,66,decode
1883,payload,9007141,1,caught,66,decode
1884,bit_flip,4821225,1,caught,66,decode
1885,random_bytes,692669,15,caught,66,decode
1886,zeroed_run,2807919,3736,caught,66,decode
1887,truncation,1874727,7408128,caught,68,decode
1888,header,770,1,caught,66,decode
1889,payload,4536790,1,caught,66,decode
1890,bit_flip,2087726,1,caught,66,decode
1891,random_bytes,2189200,1,caught,66,decode
1892,zeroed_run,3259475,569,caught,66,decode
1893,truncation,263027,9019828,caught,68,decode
1894,header,975,1,caught,66,decode
1895,payload,561502,1,caught,66,decode
1896,bit_flip,2132817,1,caught,66,decode
1897,random_bytes,6863680,10,caught,66,decode
1898,zeroed_run,3491145,966,caught,66,decode
1899,truncation,375619,8907236,caught,68,decode
1900,header,285,1,caught,66,decode
1901,payload,6130063,1,caught,66,decode
1902,bit_flip,9059144,1,caught,66,decode
1903,random_bytes,5814785,15,caught,66,decode
1904,zeroed_run,1321838,2786,caught,66,decode
1905,truncation,4270274,5012581,caught,68,decode
1906,header,137,1,caught,66,decode
1907,payload,5351620,1,caught,66,decode
1908,bit_flip,7691481,1,caught,66,decode
1909,random_bytes,4133349,1,caught,66,decode
1910,zeroed_run,3836426,3885,caught,66,decode
1911,truncation,2727582,6555273,caught,68,decode
1912,header,498,1,caught,66,decode
1913,payload,3806133,1,caught,66,decode
1914,bit_flip,7447155,1,caught,66,decode
1915,random_bytes,3432214,6,caught,66,decode
1916,zeroed_run,7916298,498,caught,66,decode
1917,truncation,5075085,4207770,caught,68,decode
1918,header,595,1,caught,66,decode
1919,payload,2995687,1,caught,66,decode
1920,bit_flip,6692171,1,caught,66,decode
1921,random_bytes,7565533,10,caught,66,decode
1922,zeroed_run,314210,2045,caught,66,decode
1923,truncation,1850559,7432296,caught,68,decode
1924,header,59,1,caught,66,decode
1925,payload,6968749,1,caught,66,decode
1926,bit_flip,2032269,1,caught,66,decode
1927,random_bytes,2560342,2,caught,66,decode
1928,zeroed_run,3886299,1874,caught,66,decode
1929,truncation,5551166,3731689,caught,68,decode
1930,header,786,1,caught,66,decode
1931,payload,4554508,1,caught,66,decode
1932,bit_flip,3003582,1,caught,66,decode
1933,random_bytes,4625200,16,caught,66,decode
1934,zeroed_run,8451061,2262,caught,66,decode
1935,truncation,2116083,7166772,caught,68,decode
1936,header,946,1,caught,66,decode
1937,payload,8992040,1,caught,66,decode
1938,bit_flip,2856914,1,caught,66,decode
1939,random_bytes,7458553,9,caught,66,decode
1940,zeroed_run,5758340,1412,caught,66,decode
1941,truncation,6369964,2912891,caught,68,decode
1942,header,676,1,caught,66,decode
1943,payload,2914519,1,caught,66,decode
1944,bit_flip,2937566,1,caught,66,decode
1945,random_bytes,5256702,3,caught,66,decode
1946,zeroed_run,695748,2064,caught,66,decode
1947,truncation,8017968,1264887,caught,68,decode
1948,header,19,1,caught,66,decode
1949,payload,4475023,1,caught,66,decode
1950,bit_flip,5309131,1,caught,66,decode
1951,random_bytes,2333078,13,caught,66,decode
1952,zeroed_run,2166620,1149,caught,66,decode
1953,truncation,563865,8718990,caught,68,decode
1954,header,491,1,caught,66,decode
1955,payload,8666379,1,caught,66,decode
1956,bit_flip,4052673,1,caught,66,decode
1957,random_bytes,8154554,16,caught,66,decode
1958,zeroed_run,3101462,519,caught,66,decode
1959,truncation,4208246,5074609,caught,68,decode
1960,header,248,1,caught,66,decode
1961,payload,7117734,1,caught,66,decode
1962,bit_flip,7165624,1,caught,66,decode
1963,random_bytes,1794198,4,caught,66,decode
1964,zeroed_run,4083253,1344,caught,66,decode
1965,truncation,1511285,7771570,caught,68,decode
1966,header,307,1,caught,66,decode
1967,payload,4698620,1,caught,66,decode
1968,bit_flip,143923,1,caught,66,decode
1969,random_bytes,1755206,8,caught,66,decode
1970,zeroed_run,9250618,1661,caught,66,decode
1971,truncation,4607624,4675231,caught,68,decode
1972,header,396,1,caught,66,decode
1973,payload,3884788,1,caught,66,decode
1974,bit_flip,2357602,1,caught,66,decode
1975,random_bytes,6171182,3,caught,66,decode
1976,zeroed_run,6732348,3179,caught,66,decode
1977,truncation,7336488,1946367,caught,68,decode
1978,header,892,1,caught,66,decode
1979,payload,5158345,1,caught,66,decode
1980,bit_flip,3742136,1,caught,66,decode
1981,random_bytes,1098657,13,caught,66,decode
1982,zeroed_run,6959654,3762,caught,66,decode
1983,truncation,988536,8294319,caught,68,decode
1984,header,240,1,caught,66,decode
1985,payload,4343533,1,caught,66,decode
1986,bit_flip,2600442,1,caught,66,decode
1987,random_bytes,3050171,16,caught,66,decode
1988,zeroed_run,2303087,2443,caught,66,decode
1989,truncation,1783845,7499010,caught,68,decode
1990,header,789,1,caught,66,decode
1991,payload,6739624,1,caught,66,decode
1992,bit_flip,4376694,1,caught,66,decode
1993,random_bytes,1670479,1,caught,66,decode
1994,zeroed_run,8941316,428,caught,66,decode
1995,truncation,8056057,1226798,caught,68,decode
1996,header,524,1,caught,66,decode
1997,payload,168914,1,caught,66,decode
1998,bit_flip,6884819,1,caught,66,decode
1999,random_bytes,8634732,1,caught,66,decode
2000,zeroed_run,5521620,1433,caught,66,decode
2001,truncation,4483077,4799778,caught,68,decode
2002,header,724,1,caught,66,decode
2003,payload,18492,1,caught,66,decode
2004,bit_flip,5438679,1,caught,66,decode
2005,random_bytes,6425170,10,caught,66,decode
2006,zeroed_run,3910858,918,caught,66,decode
2007,truncation,4002978,5279877,caught,68,decode
2008,header,902,1,caught,66,decode
2009,payload,5584576,1,caught,66,decode
2010,bit_flip,4274562,1,caught,66,decode
2011,random_bytes,8211039,14,caught,66,decode
2012,zeroed_run,4017668,1681,caught,66,decode
2013,truncation,1104415,8178440,caught,68,decode
2014,header,29,1,caught,66,decode
2015,payload,3894727,1,caught,66,decode
2016,bit_flip,6256293,1,caught,66,decode
2017,random_bytes,9007987,7,caught,66,decode
2018,zeroed_run,14431,1407,caught,66,decode
2019,truncation,549822,8733033,caught,68,decode
2020,header,535,1,caught,66,decode
2021,payload,354483,1,caught,66,decode
2022,bit_flip,5579868,1,caught,66,decode
2023,random_bytes,3259999,16,caught,66,decode
2024,zeroed_run,1269191,2287,caught,66,decode
2025,truncation,5625922,3656933,caught,68,decode
2026,header,800,1,caught,66,decode
2027,payload,1648298,1,caught,66,decode
2028,bit_flip,9276711,1,caught,66,decode
2029,random_bytes,960001,9,caught,66,decode
2030,zeroed_run,1381921,1967,caught,66,decode
2031,truncation,4285453,4997402,caught,68,decode
2032,header,72,1,caught,66,decode
2033,payload,2669182,1,caught,66,decode
2034,bit_flip,4512140,1,caught,66,decode
2035,random_bytes,6719542,14,caught,66,decode
2036,zeroed_run,2251700,1575,caught,66,decode
2037,truncation,4273981,5008874,caught,68,decode
2038,header,999,1,caught,66,decode
2039,payload,3207011,1,caught,66,decode
2040,bit_flip,5133610,1,caught,66,decode
2041,random_bytes,2262351,5,caught,66,decode
2042,zeroed_run,2078377,979,caught,66,decode
2043,truncation,2574142,6708713,caught,68,decode
2044,header,554,1,caught,66,decode
2045,payload,2076099,1,caught,66,decode
2046,bit_flip,7858901,1,caught,66,decode
2047,random_bytes,6760974,3,caught,66,decode
2048,zeroed_run,5173604,2001,caught,66,decode
2049,truncation,7920784,1362071,caught,68,decode
2050,header,202,1,caught,66,decode
2051,payload,5107440,1,caught,66,decode
2052,bit_flip,3817620,1,caught,66,decode
2053,random_bytes,5038066,9,caught,66,decode
2054,zeroed_run,4909620,2393,caught,66,decode
2055,truncation,6784115,2498740,caught,68,decode
2056,header,545,1,caught,66,decode
2057,payload,3602924,1,caught,66,decode
2058,bit_flip,7108970,1,caught,66,decode
2059,random_bytes,6926066,5,caught,66,decode
2060,zeroed_run,8270203,3363,caught,66,decode
2061,truncation,2540419,6742436,caught,68,decode
2062,header,669,1,caught,66,decode
2063,payload,176539,1,caught,66,decode
2064,bit_flip,3902818,1,caught,66,decode
2065,random_bytes,1025456,15,caught,66,decode
2066,zeroed_run,6322435,3512,caught,66,decode
2067,truncation,6510966,2771889,caught,68,decode
2068,header,76,1,caught,66,decode
2069,payload,3593444,1,caught,66,decode
2070,bit_flip,9188821,1,caught,66,decode
2071,random_bytes,1891583,7,caught,66,decode
2072,zeroed_run,5194454,913,caught,66,decode
2073,truncation,4501893,4780962,caught,68,decode
2074,header,202,1,caught,66,decode
2075,payload,5177695,1,caught,66,decode
2076,bit_flip,6419343,1,caught,66,decode
2077,random_bytes,3074131,6,caught,66,decode
2078,zeroed_run,2921109,1313,caught,66,decode
2079,truncation,5246569,4036286,caught,68,decode
2080,header,829,1,caught,66,decode
2081,payload,124496,1,caught,66,decode
2082,bit_flip,5772447,1,caught,66,decode
2083,random_bytes,8615456,16,caught,66,decode
2084,zeroed_run,1050848,1824,caught,66,decode
2085,truncation,8771004,511851,caught,68,decode
2086,header,291,1,caught,66,decode
2087,payload,7692975,1,caught,66,decode
2088,bit_flip,6518223,1,caught,66,decode
2089,random_bytes,8987838,1,caught,66,decode
2090,zeroed_run,315171,1359,caught,66,decode
2091,truncation,4380597,4902258,caught,68,decode
2092,header,565,1,caught,66,decode
2093,payload,3258541,1,caught,66,decode
2094,bit_flip,2796397,1,caught,66,decode
2095,random_bytes,7050630,1,caught,66,decode
2096,zeroed_run,414382,405,caught,66,decode
2097,truncation,7394699,1888156,caught,68,decode
2098,header,398,1,caught,66,decode
2099,payload,8021091,1,caught,66,decode
2100,bit_flip,2345419,1,caught,66,decode
2101,random_bytes,7358524,16,caught,66,decode
2102,zeroed_run,5106113,1201,caught,66,decode
2103,truncation,3906489,5376366,caught,68,decode
2104,header,1009,1,caught,66,decode
2105,payload,1454530,1,caught,66,decode
2106,bit_flip,7034096,1,caught,66,decode
2107,random_bytes,5699536,9,caught,66,decode
2108,zeroed_run,3010462,674,caught,66,decode
2109,truncation,2631760,6651095,caught,68,decode
2110,header,1020,1,caught,66,decode
2111,payload,6731712,1,caught,66,decode
2112,bit_flip,4459115,1,caught,66,decode
2113,random_bytes,5628933,10,caught,66,decode
2114,zeroed_run,1953437,2444,caught,66,decode
2115,truncation,5626821,3656034,caught,68,decode
2116,header,802,1,caught,66,decode
2117,payload,6526378,1,caught,66,decode
2118,bit_flip,3546044,1,caught,66,decode
2119,random_bytes,6366202,11,caught,66,decode
2120,zeroed_run,7768838,3793,caught,66,decode
2121,truncation,2524017,6758838,caught,68,decode
2122,header,419,1,caught,66,decode
2123,payload,4332084,1,caught,66,decode
2124,bit_flip,2935251,1,caught,66,decode
2125,random_bytes,4590603,1,caught,66,decode
2126,zeroed_run,7618895,2646,caught,66,decode
2127,truncation,831226,8451629,caught,68,decode
2128,header,127,1,caught,66,decode
2129,payload,2457975,1,caught,66,decode
2130,bit_flip,148734,1,caught,66,decode
2131,random_bytes,3149272,10,caught,66,decode
2132,zeroed_run,6406838,3646,caught,66,decode
2133,truncation,1894066,7388789,caught,68,decode
2134,header,952,1,caught,66,decode
2135,payload,8187436,1,caught,66,decode
2136,bit_flip,189263,1,caught,66,decode
2137,random_bytes,4997775,11,caught,66,decode
2138,zeroed_run,7416913,281,caught,66,decode
2139,truncation,231673,9051182,caught,68,decode
2140,header,171,1,caught,66,decode
2141,payload,8641703,1,caught,66,decode
2142,bit_flip,2040927,1,caught,66,decode
2143,random_bytes,7703228,14,caught,66,decode
2144,zeroed_run,155699,1425,caught,66,decode
2145,truncation,879407,8403448,caught,68,decode
2146,header,75,1,caught,66,decode
2147,payload,5598813,1,caught,66,decode
2148,bit_flip,4379006,1,caught,66,decode
2149,random_bytes,4709118,10,caught,66,decode
2150,zeroed_run,2128847,1697,caught,66,decode
2151,truncation,3441115,5841740,caught,68,decode
2152,header,184,1,caught,66,decode
2153,payload,226912,1,caught,66,decode
2154,bit_flip,4132975,1,caught,66,decode
2155,random_bytes,7439005,8,caught,66,decode
2156,zeroed_run,737743,3892,caught,66,decode
2157,truncation,1098606,8184249,caught,68,decode
2158,header,73,1,caught,66,decode
2159,payload,4536592,1,caught,66,decode
2160,bit_flip,1477826,1,caught,66,decode
2161,random_bytes,6090137,10,caught,66,decode
2162,zeroed_run,1884148,2407,caught,66,decode
2163,truncation,1829832,7453023,caught,68,decode
2164,header,421,1,caught,66,decode
2165,payload,5936629,1,caught,66,decode
2166,bit_flip,99355,1,caught,66,decode
2167,random_bytes,7405676,4,caught,66,decode
2168,zeroed_run,5449963,120,caught,66,decode
2169,truncation,7737373,1545482,caught,68,decode
2170,header,288,1,caught,66,decode
2171,payload,2288393,1,caught,66,decode
2172,bit_flip,2390679,1,caught,66,decode
2173,random_bytes,8127463,5,caught,66,decode
2174,zeroed_run,6437332,3659,caught,66,decode
2175,truncation,6763682,2519173,caught,68,decode
2176,header,417,1,caught,66,decode
2177,payload,4480078,1,caught,66,decode
2178,bit_flip,7261381,1,caught,66,decode
2179,random_bytes,1155908,3,caught,66,decode
2180,zeroed_run,6586761,3396,caught,66,decode
2181,truncation,7268769,2014086,caught,68,decode
2182,header,791,1,caught,66,decode
2183,payload,8275053,1,caught,66,decode
2184,bit_flip,4217312,1,caught,66,decode
2185,random_bytes,180393,10,caught,66,decode
2186,zeroed_run,4451678,2125,caught,66,decode
2187,truncation,1493445,7789410,caught,68,decode
2188,header,734,1,caught,66,decode
2189,payload,9212371,1,caught,66,decode
2190,bit_flip,198857,1,caught,66,decode
2191,random_bytes,2062401,5,caught,66,decode
2192,zeroed_run,3632861,194,caught,66,decode
2193,truncation,3402861,5879994,caught,68,decode
2194,header,916,1,caught,66,decode
2195,payload,7192766,1,caught,66,decode
2196,bit_flip,439506,1,caught,66,decode
2197,random_bytes,6184378,15,caught,66,decode
2198,zeroed_run,3639560,78,caught,66,decode
2199,truncation,6657840,2625015,caught,68,decode
2200,header,892,1,caught,66,decode
2201,payload,1356096,1,caught,66,decode
2202,bit_flip,8137300,1,caught,66,decode
2203,random_bytes,2127333,10,caught,66,decode
2204,zeroed_run,3382716,1355,caught,66,decode
2205,truncation,4733092,4549763,caught,68,decode
2206,header,944,1,caught,66,decode
2207,payload,8142306,1,caught,66,decode
2208,bit_flip,1189792,1,caught,66,decode
2209,random_bytes,7029595,16,caught,66,decode
2210,zeroed_run,5290295,1075,caught,66,decode
2211,truncation,2297068,6985787,caught,68,decode
2212,header,337,1,caught,66,decode
2213,payload,5097578,1,caught,66,decode
2214,bit_flip,3732666,1,caught,66,decode
2215,random_bytes,206528,5,caught,66,decode
2216,zeroed_run,104207,511,caught,66,decode
2217,truncation,5840104,3442751,caught,68,decode
2218,header,348,1,caught,66,decode
2219,payload,1673353,1,caught,66,decode
2220,bit_flip,5611919,1,caught,66,decode
2221,random_bytes,1136733,14,caught,66,decode
2222,zeroed_run,8046577,416,caught,66,decode
2223,truncation,7512485,1770370,caught,68,decode
2224,header,480,1,caught,66,decode
2225,payload,7909635,1,caught,66,decode
2226,bit_flip,6108555,1,caught,66,decode
2227,random_bytes,1915837,12,caught,66,decode
2228,zeroed_run,4829470,203,caught,66,decode
2229,truncation,5527878,3754977,caught,68,decode
2230,header,954,1,caught,66,decode
2231,payload,2594908,1,caught,66,decode
2232,bit_flip,3222852,1,caught,66,decode
2233,random_bytes,2513310,12,caught,66,decode
2234,zeroed_run,6248832,2258,caught,66,decode
2235,truncation,3703319,5579536,caught,68,decode
2236,header,101,1,caught,66,decode
2237,payload,3896780,1,caught,66,decode
2238,bit_flip,696962,1,caught,66,decode
2239,random_bytes,6586070,9,caught,66,decode
2240,zeroed_run,8206143,838,caught,66,decode
2241,truncation,6944984,2337871,caught,68,decode
2242,header,202,1,caught,66,decode
2243,payload,4644201,1,caught,66,decode
2244,bit_flip,4601820,1,caught,66,decode
2245,random_bytes,4668050,4,caught,66,decode
2246,zeroed_run,2406381,3267,caught,66,decode
2247,truncation,2292044,6990811,caught,68,decode
2248,header,354,1,caught,66,decode
2249,payload,8661749,1,caught,66,decode
2250,bit_flip,8368352,1,caught,66,decode
2251,random_bytes,8043641,10,caught,66,decode
2252,zeroed_run,2147192,3463,caught,66,decode
2253,truncation,4085306,5197549,caught,68,decode
2254,header,33,1,caught,66,decode
2255,payload,3151020,1,caught,66,decode
2256,bit_flip,5673701,1,caught,66,decode
2257,random_bytes,3859583,12,caught,66,decode
2258,zeroed_run,6033640,41,caught,66,decode
2259,truncation,5299497,3983358,caught,68,decode
2260,header,461,1,caught,66,decode
2261,payload,4937110,1,caught,66,decode
2262,bit_flip,7511670,1,caught,66,decode
2263,random_bytes,5548019,16,caught,66,decode
2264,zeroed_run,5528218,3886,caught,66,decode
2265,truncation,9068848,214007,caught,68,decode
2266,header,864,1,caught,66,decode
2267,payload,3668653,1,caught,66,decode
2268,bit_flip,6315134,1,caught,66,decode
2269,random_bytes,6783789,4,caught,66,decode
2270,zeroed_run,4380247,2739,caught,66,decode
2271,truncation,5626529,3656326,caught,68,decode
2272,header,465,1,caught,66,decode
2273,payload,5855459,1,caught,66,decode
2274,bit_flip,4611286,1,caught,66,decode
2275,random_bytes,9056919,7,caught,66,decode
2276,zeroed_run,2513138,1388,caught,66,decode
2277,truncation,4094102,5188753,caught,68,decode
2278,header,72,1,caught,66,decode
2279,payload,1083351,1,caught,66,decode
2280,bit_flip,4230781,1,caught,66,decode
2281,random_bytes,5329259,5,caught,66,decode
2282,zeroed_run,2920395,3631,caught,66,decode
2283,truncation,6810341,2472514,caught,68,decode
2284,header,99,1,caught,66,decode
2285,payload,1268617,1,caught,66,decode
2286,bit_flip,1823037,1,caught,66,decode
2287,random_bytes,8519303,1,caught,66,decode
2288,zeroed_run,249437,3418,caught,66,decode
2289,truncation,9042087,240768,caught,68,decode
2290,header,603,1,caught,66,decode
2291,payload,5652680,1,caught,66,decode
2292,bit_flip,7990183,1,caught,66,decode
2293,random_bytes,7207832,15,caught,66,decode
2294,zeroed_run,4075838,3205,caught,66,decode
2295,truncation,8245018,1037837,caught,68,decode
2296,header,561,1,caught,66,decode
2297,payload,3379547,1,caught,66,decode
2298,bit_flip,6290111,1,caught,66,decode
2299,random_bytes,2729882,4,caught,66,decode
2300,zeroed_run,393346,4038,caught,66,decode
2301,truncation,7121137,2161718,caught,68,decode
2302,header,572,1,caught,66,decode
2303,payload,2849,1,caught,66,decode
2304,bit_flip,6581260,1,caught,66,decode
2305,random_bytes,1593919,7,caught,66,decode
2306,zeroed_run,4226412,1980,caught,66,decode
2307,truncation,3752914,5529941,caught,68,decode
2308,header,632,1,caught,66,decode
2309,payload,6554619,1,caught,66,decode
2310,bit_flip,8919319,1,caught,66,decode
2311,random_bytes,78750,8,caught,66,decode
2312,zeroed_run,7072430,3038,caught,66,decode
2313,truncation,6154926,3127929,caught,68,decode
2314,header,330,1,caught,66,decode
2315,payload,7563187,1,caught,66,decode
2316,bit_flip,5447676,1,caught,66,decode
2317,random_bytes,327652,9,caught,66,decode
2318,zeroed_run,7169676,748,caught,66,decode
2319,truncation,5910458,3372397,caught,68,decode
2320,header,21,1,caught,66,decode
2321,payload,6044667,1,caught,66,decode
2322,bit_flip,8424386,1,caught,66,decode
2323,random_bytes,6785734,4,caught,66,decode
2324,zeroed_run,2288765,1703,caught,66,decode
2325,truncation,7977039,1305816,caught,68,decode
2326,header,389,1,caught,66,decode
2327,payload,6476398,1,caught,66,decode
2328,bit_flip,8570058,1,caught,66,decode
2329,random_bytes,6876008,5,caught,66,decode
2330,zeroed_run,8463572,665,caught,66,decode
2331,truncation,8642645,640210,caught,68,decode
2332,header,49,1,caught,66,decode
2333,payload,6051713,1,caught,66,decode
2334,bit_flip,1822672,1,caught,66,decode
2335,random_bytes,6773352,4,caught,66,decode
2336,zeroed_run,7057503,2211,caught,66,decode
2337,truncation,2407117,6875738,caught,68,decode
2338,header,848,1,caught,66,decode
2339,payload,7616414,1,caught,66,decode
2340,bit_flip,8336191,1,caught,66,decode
2341,random_bytes,8863835,12,caught,66,decode
2342,zeroed_run,6591304,297,caught,66,decode
2343,truncation,7147079,2135776,caught,68,decode
2344,header,128,1,caught,66,decode
2345,payload,3803495,1,caught,66,decode
2346,bit_flip,6476385,1,caught,66,decode
2347,random_bytes,5855086,7,caught,66,decode
2348,zeroed_run,2938247,584,caught,66,decode
2349,truncation,6421608,2861247,caught,68,decode
2350,header,872,1,caught,66,decode
2351,payload,520328,1,caught,66,decode
2352,bit_flip,9041649,1,caught,66,decode
2353,random_bytes,7823793,11,caught,66,decode
2354,zeroed_run,4488990,2709,caught,66,decode
2355,truncation,964923,8317932,caught,68,decode
2356,header,298,1,caught,66,decode
2357,payload,7202080,1,caught,66,decode
2358,bit_flip,1196756,1,caught,66,decode
2359,random_bytes,6722870,12,caught,66,decode
2360,zeroed_run,1175803,3044,caught,66,decode
2361,truncation,3717918,5564937,caught,68,decode
2362,header,14,1,caught,66,decode
2363,payload,5591955,1,caught,66,decode
2364,bit_flip,7465007,1,caught,66,decode
2365,random_bytes,8646404,9,caught,66,decode
2366,zeroed_run,6864063,83,caught,66,decode
2367,truncation,4321199,4961656,caught,68,decode
2368,header,586,1,caught,66,decode
2369,payload,2412316,1,caught,66,decode
2370,bit_flip,8813692,1,caught,66,decode
2371,random_bytes,708641,9,caught,66,decode
2372,zeroed_run,4961691,3463,caught,66,decode
2373,truncation,71190,9211665,caught,68,decode
2374,header,347,1,caught,66,decode
2375,payload,4655529,1,caught,66,decode
2376,bit_flip,7351630,1,caught,66,decode
2377,random_bytes,8744762,2,caught,66,decode
2378,zeroed_run,2393159,2357,caught,66,decode
2379,truncation,7709299,1573556,caught,68,decode
2380,header,69,1,caught,66,decode
2381,payload,6101563,1,caught,66,decode
2382,bit_flip,1452361,1,caught,66,decode
2383,random_bytes,7235846,6,caught,66,decode
2384,zeroed_run,2388841,501,caught,66,decode
2385,truncation,6540407,2742448,caught,68,decode
2386,header,486,1,caught,66,decode
2387,payload,4892281,1,caught,66,decode
2388,bit_flip,7690183,1,caught,66,decode
2389,random_bytes,4835551,4,caught,66,decode
2390,zeroed_run,5076156,3964,caught,66,decode
2391,truncation,7630884,1651971,caught,68,decode
2392,header,181,1,caught,66,decode
2393,payload,4613693,1,caught,66,decode
2394,bit_flip,8730939,1,caught,66,decode
2395,random_bytes,5216667,10,caught,66,decode
2396,zeroed_run,2463462,1968,caught,66,decode
2397,truncation,67113,9215742,caught,68,decode
2398,header,56,1,caught,66,decode
2399,payload,4916915,1,caught,66,decode
2400,bit_flip,603354,1,caught,66,decode
2401,random_bytes,7639770,7,caught,66,decode
2402,zeroed_run,8864770,3201,caught,66,decode
2403,truncation,6840270,2442585,caught,68,decode
2404,header,613,1,caught,66,decode
2405,payload,3717568,1,caught,66,decode
2406,bit_flip,4887367,1,caught,66,decode
2407,random_bytes,7041270,3,caught,66,decode
2408,zeroed_run,4867365,1040,caught,66,decode
2409,truncation,6658148,2624707,caught,68,decode
2410,header,96,1,caught,66,decode
2411,payload,2399085,1,caught,66,decode
2412,bit_flip,5701611,1,caught,66,decode
2413,random_bytes,6076201,4,caught,66,decode
2414,zeroed_run,6878272,3596,caught,66,decode
2415,truncation,1019217,8263638,caught,68,decode
2416,header,390,1,caught,66,decode
2417,payload,66891,1,caught,66,decode
2418,bit_flip,2944839,1,caught,66,decode
2419,random_bytes,5152914,11,caught,66,decode
2420,zeroed_run,6985448,1533,caught,66,decode
2421,truncation,4426797,4856058,caught,68,decode
2422,header,420,1,caught,66,decode
2423,payload,9269673,1,caught,66,decode
2424,bit_flip,6054435,1,caught,66,decode
2425,random_bytes,3299502,13,caught,66,decode
2426,zeroed_run,8306842,3909,caught,66,decode
2427,truncation,2261083,7021772,caught,68,decode
2428,header,926,1,caught,66,decode
2429,payload,2773486,1,caught,66,decode
2430,bit_flip,7666955,1,caught,66,decode
2431,random_bytes,7855699,12,caught,66,decode
2432,zeroed_run,5388697,2002,caught,66,decode
2433,truncation,8640051,642804,caught,68,decode
2434,header,449,1,caught,66,decode
2435,payload,6526302,1,caught,66,decode
2436,bit_flip,5896187,1,caught,66,decode
2437,random_bytes,7121916,7,caught,66,decode
2438,zeroed_run,8986194,319,caught,66,decode
2439,truncation,4388980,4893875,caught,68,decode
2440,header,396,1,caught,66,decode
2441,payload,286285,1,caught,66,decode
2442,bit_flip,6393625,1,caught,66,decode
2443,random_bytes,2409199,2,caught,66,decode
2444,zeroed_run,1641379,404,caught,66,decode
2445,truncation,753020,8529835,caught,68,decode
2446,header,565,1,caught,66,decode
2447,payload,2975552,1,caught,66,decode
2448,bit_flip,2520010,1,caught,66,decode
2449,random_bytes,7363251,14,caught,66,decode
2450,zeroed_run,8229901,3856,caught,66,decode
2451,truncation,6402428,2880427,caught,68,decode
2452,header,436,1,caught,66,decode
2453,payload,2112192,1,caught,66,decode
2454,bit_flip,1574173,1,caught,66,decode
2455,random_bytes,5577908,13,caught,66,decode
2456,zeroed_run,6135579,3331,caught,66,decode
2457,truncation,3340169,5942686,caught,68,decode
2458,header,889,1,caught,66,decode
2459,payload,3774448,1,caught,66,decode
2460,bit_flip,2966832,1,caught,66,decode
2461,random_bytes,2456455,15,caught,66,decode
2462,zeroed_run,3521261,4092,caught,66,decode
2463,truncation,5887238,3395617,caught,68,decode
2464,header,976,1,caught,66,decode
2465,payload,2787132,1,caught,66,decode
2466,bit_flip,5096984,1,caught,66,decode
2467,random_bytes,3936489,15,caught,66,decode
2468,zeroed_run,6681180,41,caught,66,decode
2469,truncation,6054580,3228275,caught,68,decode
2470,header,625,1,caught,66,decode
2471,payload,7854458,1,caught,66,decode
2472,bit_flip,6751692,1,caught,66,decode
2473,random_bytes,3750380,2,caught,66,decode
2474,zeroed_run,3152668,3192,caught,66,decode
2475,truncation,6971970,2310885,caught,68,decode
2476,header,465,1,caught,66,decode
2477,payload,7787094,1,caught,66,decode
2478,bit_flip,9100914,1,caught,66,decode
2479,random_bytes,6953999,10,caught,66,decode
2480,zeroed_run,426308,3242,caught,66,decode
2481,truncation,5500045,3782810,caught,68,decode
2482,header,512,1,caught,66,decode
2483,payload,7205842,1,caught,66,decode
2484,bit_flip,5561082,1,caught,66,decode
2485,random_bytes,3335859,1,caught,66,decode
2486,zeroed_run,4642040,1803,caught,66,decode
2487,truncation,2365040,6917815,caught,68,decode
2488,header,639,1,caught,66,decode
2489,payload,1679106,1,caught,66,decode
2490,bit_flip,3342725,1,caught,66,decode
2491,random_bytes,1998497,13,caught,66,decode
2492,zeroed_run,5027934,807,caught,66,decode
2493,truncation,718744,8564111,caught,68,decode
2494,header,213,1,caught,66,decode
2495,payload,2828869,1,caught,66,decode
2496,bit_flip,5748206,1,caught,66,decode
2497,random_bytes,6711193,11,caught,66,decode
2498,zeroed_run,960620,3599,caught,66,decode
2499,truncation,4288556,4994299,caught,68,decode
2500,header,397,1,caught,66,decode
2501,payload,6477962,1,caught,66,decode
2502,bit_flip,9169011,1,caught,66,decode
2503,random_bytes,3260853,9,caught,66,decode
2504,zeroed_run,4855103,1783,caught,66,decode
2505,truncation,3042869,6239986,caught,68,decode
2506,header,426,1,caught,66,decode
2507,payload,733074,1,caught,66,decode
2508,bit_flip,8680413,1,caught,66,decode
2509,random_bytes,3671835,13,caught,66,decode
2510,zeroed_run,4521755,3851,caught,66,decode
2511,truncation,5039795,4243060,caught,68,decode
2512,header,946,1,caught,66,decode
2513,payload,8911852,1,caught,66,decode
2514,bit_flip,326530,1,caught,66,decode
2515,random_bytes,4558344,15,caught,66,decode
2516,zeroed_run,5231826,2307,caught,66,decode
2517,truncation,8576690,706165,caught,68,decode
2518,header,15,1,caught,66,decode
2519,payload,5258305,1,caught,66,decode
2520,bit_flip,656447,1,caught,66,decode
2521,random_bytes,1105104,10,caught,66,decode
2522,zeroed_run,4052918,3608,caught,66,decode
2523,truncation,1826727,7456128,caught,68,decode
2524,header,19,1,caught,66,decode
2525,payload,2729418,1,caught,66,decode
2526,bit_flip,3192126,1,caught,66,decode
2527,random_bytes,1488769,7,caught,66,decode
2528,zeroed_run,1459807,1917,caught,66,decode
2529,truncation,3488939,5793916,caught,68,decode
2530,header,72,1,caught,66,decode
2531,payload,8195295,1,caught,66,decode
2532,bit_flip,1199783,1,caught,66,decode
2533,random_bytes,2863757,6,caught,66,decode
2534,zeroed_run,6343745,1990,caught,66,decode
2535,truncation,4737485,4545370,caught,68,decode
2536,header,565,1,caught,66,decode
2537,payload,4701434,1,caught,66,decode
2538,bit_flip,217906,1,caught,66,decode
2539,random_bytes,3020585,8,caught,66,decode
2540,zeroed_run,9172779,2984,caught,66,decode
2541,truncation,6291531,2991324,caught,68,decode
2542,header,950,1,caught,66,decode
2543,payload,2321123,1,caught,66,decode
2544,bit_flip,9256033,1,caught,66,decode
2545,random_bytes,7468398,9,caught,66,decode
2546,zeroed_run,8338992,2861,caught,66,decode
2547,truncation,939315,8343540,caught,68,decode
2548,header,78,1,caught,66,decode
2549,payload,6256708,1,caught,66,decode
2550,bit_flip,3425903,1,caught,66,decode
2551,random_bytes,1693807,12,caught,66,decode
2552,zeroed_run,1740589,1060,caught,66,decode
2553,truncation,6068795,3214060,caught,68,decode
2554,header,146,1,caught,66,decode
2555,payload,3010165,1,caught,66,decode
2556,bit_flip,4706987,1,caught,66,decode
2557,random_bytes,7273874,11,caught,66,decode
2558,zeroed_run,4993988,1500,caught,66,decode
2559,truncation,1981289,7301566,caught,68,decode
2560,header,613,1,caught,66,decode
2561,payload,1537591,1,caught,66,decode
2562,bit_flip,5160184,1,caught,66,decode
2563,random_bytes,4675839,15,caught,66,decode
2564,zeroed_run,8517255,3766,caught,66,decode
2565,truncation,5036045,4246810,caught,68,decode
2566,header,439,1,caught,66,decode
2567,payload,2092488,1,caught,66,decode
2568,bit_flip,4079179,1,caught,66,decode
2569,random_bytes,5555526,2,caught,66,decode
2570,zeroed_run,6851289,2385,caught,66,decode
2571,truncation,8291829,991026,caught,68,decode
2572,header,432,1,caught,66,decode
2573,payload,3140693,1,caught,66,decode
2574,bit_flip,3763165,1,caught,66,decode
2575,random_bytes,2778398,13,caught,66,decode
2576,zeroed_run,8478303,2022,caught,66,decode
2577,truncation,4357027,4925828,caught,68,decode
2578,header,288,1,caught,66,decode
2579,payload,3453638,1,caught,66,decode
2580,bit_flip,9047101,1,caught,66,decode
2581,random_bytes,4872583,15,caught,66,decode
2582,zeroed_run,170195,1196,caught,66,decode
2583,truncation,7045893,2236962,caught,68,decode
2584,header,109,1,caught,66,decode
2585,payload,1319304,1,caught,66,decode
2586,bit_flip,9209567,1,caught,66,decode
2587,random_bytes,5770250,14,caught,66,decode
2588,zeroed_run,8598130,2890,caught,66,decode
2589,truncation,6978397,2304458,caught,68,decode
2590,header,452,1,caught,66,decode
2591,payload,3487784,1,caught,66,decode
2592,bit_flip,2359802,1,caught,66,decode
2593,random_bytes,4360167,2,caught,66,decode
2594,zeroed_run,6022805,3624,caught,66,decode
2595,truncation,303041,8979814,caught,68,decode
2596,header,113,1,caught,66,decode
2597,payload,5663024,1,caught,66,decode
2598,bit_flip,3129608,1,caught,66,decode
2599,random_bytes,3056644,15,caught,66,decode
2600,zeroed_run,2259799,599,caught,66,decode
2601,truncation,4397978,4884877,caught,68,decode
2602,header,943,1,caught,66,decode
2603,payload,1819466,1,caught,66,decode
2604,bit_flip,3501421,1,caught,66,decode
2605,random_bytes,1347618,13,caught,66,decode
2606,zeroed_run,2107461,2741,caught,66,decode
2607,truncation,3804064,5478791,caught,68,decode
2608,header,205,1,caught,66,decode
2609,payload,8547643,1,caught,66,decode
2610,bit_flip,8913349,1,caught,66,decode
2611,random_bytes,2267576,10,caught,66,decode
2612,zeroed_run,4855727,668,caught,66,decode
2613,truncation,2853164,6429691,caught,68,decode
2614,header,938,1,caught,66,decode
2615,payload,4335023,1,caught,66,decode
2616,bit_flip,4317422,1,caught,66,decode
2617,random_bytes,7923460,13,caught,66,decode
2618,zeroed_run,140896,729,caught,66,decode
2619,truncation,704383,8578472,caught,68,decode
2620,header,974,1,caught,66,decode
2621,payload,4131915,1,caught,66,decode
2622,bit_flip,7803407,1,caught,66,decode
2623,random_bytes,7187142,2,caught,66,decode
2624,zeroed_run,9278146,2151,caught,66,decode
2625,truncation,345873,8936982,caught,68,decode
2626,header,236,1,caught,66,decode
2627,payload,4225588,1,caught,66,decode
2628,bit_flip,3197072,1,caught,66,decode
2629,random_bytes,4965073,10,caught,66,decode
2630,zeroed_run,8855742,2776,caught,66,decode
2631,truncation,6882574,2400281,caught,68,decode
2632,header,145,1,caught,66,decode
2633,payload,6361204,1,caught,66,decode
2634,bit_flip,1526919,1,caught,66,decode
2635,random_bytes,5666720,11,caught,66,decode
2636,zeroed_run,5637974,1754,caught,66,decode
2637,truncation,2840544,6442311,caught,68,decode
2638,header,352,1,caught,66,decode
2639,payload,3279489,1,caught,66,decode
2640,bit_flip,86500,1,caught,66,decode
2641,random_bytes,4617601,9,caught,66,decode
2642,zeroed_run,3736140,874,caught,66,decode
2643,truncation,6834784,2448071,caught,68,decode
2644,header,234,1,caught,66,decode
2645,payload,3023259,1,caught,66,decode
2646,bit_flip,4658483,1,caught,66,decode
2647,random_bytes,7024416,12,caught,66,decode
2648,zeroed_run,3574281,101,caught,66,decode
2649,truncation,8195466,1087389,caught,68,decode
2650,header,59,1,caught,66,decode
2651,payload,5531777,1,caught,66,decode
2652,bit_flip,2623326,1,caught,66,decode
2653,random_bytes,8271462,11,caught,66,decode
2654,zeroed_run,4755925,3998,caught,66,decode
2655,truncation,6021891,3260964,caught,68,decode
2656,header,895,1,caught,66,decode
2657,payload,1065112,1,caught,66,decode
2658,bit_flip,2297011,1,caught,66,decode
2659,random_bytes,9124419,6,caught,66,decode
2660,zeroed_run,9264790,3248,caught,66,decode
2661,truncation,8065058,1217797,caught,68,decode
2662,header,29,1,caught,66,decode
2663,payload,1838838,1,caught,66,decode
2664,bit_flip,6129171,1,caught,66,decode
2665,random_bytes,4700203,1,caught,66,decode
2666,zeroed_run,1822545,175,caught,66,decode
2667,truncation,6198768,3084087,caught,68,decode
2668,header,909,1,caught,66,decode
2669,payload,3278854,1,caught,66,decode
2670,bit_flip,8561459,1,caught,66,decode
2671,random_bytes,4130725,8,caught,66,decode
2672,zeroed_run,595078,1950,caught,66,decode
2673,truncation,5325784,3957071,caught,68,decode
2674,header,221,1,caught,66,decode
2675,payload,6985069,1,caught,66,decode
2676,bit_flip,8926272,1,caught,66,decode
2677,random_bytes,3288992,3,caught,66,decode
2678,zeroed_run,4216287,3744,caught,66,decode
2679,truncation,5234693,4048162,caught,68,decode
2680,header,767,1,caught,66,decode
2681,payload,6091471,1,caught,66,decode
2682,bit_flip,3170666,1,caught,66,decode
2683,random_bytes,7000239,3,caught,66,decode
2684,zeroed_run,8261550,2317,caught,66,decode
2685,truncation,2788539,6494316,caught,68,decode
2686,header,284,1,caught,66,decode
2687,payload,7862186,1,caught,66,decode
2688,bit_flip,6724078,1,caught,66,decode
2689,random_bytes,476475,16,caught,66,decode
2690,zeroed_run,3007357,3705,caught,66,decode
2691,truncation,916791,8366064,caught,68,decode
2692,header,21,1,caught,66,decode
2693,payload,2706591,1,caught,66,decode
2694,bit_flip,2375963,1,caught,66,decode
2695,random_bytes,8819248,15,caught,66,decode
2696,zeroed_run,2074703,977,caught,66,decode
2697,truncation,2609613,6673242,caught,68,decode
2698,header,480,1,caught,66,decode
2699,payload,7804388,1,caught,66,decode
2700,bit_flip,5875525,1,caught,66,decode
2701,random_bytes,2963580,12,caught,66,decode
2702,zeroed_run,157748,3950,caught,66,decode
2703,truncation,8208762,1074093,caught,68,decode
2704,header,577,1,caught,66,decode
2705,payload,8249070,1,caught,66,decode
2706,bit_flip,862928,1,caught,66,decode
2707,random_bytes,2577403,14,caught,66,decode
2708,zeroed_run,4904579,1440,caught,66,decode
2709,truncation,8243915,1038940,caught,68,decode
2710,header,293,1,caught,66,decode
2711,payload,6300254,1,caught,66,decode
2712,bit_flip,5372413,1,caught,66,decode
2713,random_bytes,6259810,11,caught,66,decode
2714,zeroed_run,8113448,1674,caught,66,decode
2715,truncation,8398997,883858,caught,68,decode
2716,header,792,1,caught,66,decode
2717,payload,1981975,1,caught,66,decode
2718,bit_flip,2892781,1,caught,66,decode
2719,random_bytes,1500065,15,caught,66,decode
2720,zeroed_run,3167273,701,caught,66,decode
2721,truncation,6315225,2967630,caught,68,decode
2722,header,385,1,caught,66,decode
2723,payload,7854295,1,caught,66,decode
2724,bit_flip,7865981,1,caught,66,decode
2725,random_bytes,1533680,15,caught,66,decode
2726,zeroed_run,6230272,3147,caught,66,decode
2727,truncation,5285779,3997076,caught,68,decode
2728,header,359,1,caught,66,decode
2729,payload,7229118,1,caught,66,decode
2730,bit_flip,1551557,1,caught,66,decode
2731,random_bytes,5940899,11,caught,66,decode
2732,zeroed_run,7210363,3949,caught,66,decode
2733,truncation,6687837,2595018,caught,68,decode
2734,header,372,1,caught,66,decode
2735,payload,1596588,1,caught,66,decode
2736,bit_flip,2266499,1,caught,66,decode
2737,random_bytes,4122681,11,caught,66,decode
2738,zeroed_run,4025129,2888,caught,66,decode
2739,truncation,7258370,2024485,caught,68,decode
2740,header,1021,1,caught,66,decode
2741,payload,2448359,1,caught,66,decode
2742,bit_flip,2420489,1,caught,66,decode
2743,random_bytes,7262069,4,caught,66,decode
2744,zeroed_run,8285350,1851,caught,66,decode
2745,truncation,1170772,8112083,caught,68,decode
2746,header,2,1,caught,44,decode
2747,payload,8111424,1,caught,66,decode
2748,bit_flip,7808832,1,caught,66,decode
2749,random_bytes,5740517,9,caught,66,decode
2750,zeroed_run,3603474,3101,caught,66,decode
2751,truncation,8098137,1184718,caught,68,decode
2752,header,403,1,caught,66,decode
2753,payload,7542742,1,caught,66,decode
2754,bit_flip,1898825,1,caught,66,decode
2755,random_bytes,7966265,5,caught,66,decode
2756,zeroed_run,3429123,780,caught,66,decode
2757,truncation,5588425,3694430,caught,68,decode
2758,header,995,1,caught,66,decode
2759,payload,8111296,1,caught,66,decode
2760,bit_flip,3262247,1,caught,66,decode
2761,random_bytes,6089183,12,caught,66,decode
2762,zeroed_run,3840783,531,caught,66,decode
2763,truncation,7737605,1545250,caught,68,decode
2764,header,595,1,caught,66,decode
2765,payload,1584020,1,caught,66,decode
2766,bit_flip,5184615,1,caught,66,decode
2767,random_bytes,7388750,6,caught,66,decode
2768,zeroed_run,1962140,1598,caught,66,decode
2769,truncation,1083775,8199080,caught,68,decode
2770,header,615,1,caught,66,decode
2771,payload,5931330,1,caught,66,decode
2772,bit_flip,2324831,1,caught,66,decode
2773,random_bytes,2289021,4,caught,66,decode
2774,zeroed_run,3201838,3237,caught,66,decode
2775,truncation,2126292,7156563,caught,68,decode
2776,header,557,1,caught,66,decode
2777,payload,5012170,1,caught,66,decode
2778,bit_flip,1147774,1,caught,66,decode
2779,random_bytes,8255751,16,caught,66,decode
2780,zeroed_run,3519400,797,caught,66,decode
2781,truncation,6430253,2852602,caught,68,decode
2782,header,262,1,caught,66,decode
2783,payload,5587383,1,caught,66,decode
2784,bit_flip,7217871,1,caught,66,decode
2785,random_bytes,6581246,13,caught,66,decode
2786,zeroed_run,3667817,4089,caught,66,decode
2787,truncation,3487132,5795723,caught,68,decode
2788,header,331,1,caught,66,decode
2789,payload,5211442,1,caught,66,decode
2790,bit_flip,1918394,1,caught,66,decode
2791,random_bytes,1828993,3,caught,66,decode
2792,zeroed_run,2064303,523,caught,66,decode
2793,truncation,36020,9246835,caught,68,decode
2794,header,194,1,caught,66,decode
2795,payload,1617571,1,caught,66,decode
2796,bit_flip,7808252,1,caught,66,decode
2797,random_bytes,9248946,1,caught,66,decode
2798,zeroed_run,1806534,985,caught,66,decode
2799,truncation,8741685,541170,caught,68,decode
2800,header,618,1,caught,66,decode
2801,payload,4435267,1,caught,66,decode
2802,bit_flip,2625737,1,caught,66,decode
2803,random_bytes,7540990,2,caught,66,decode
2804,zeroed_run,5811911,1505,caught,66,decode
2805,truncation,3755320,5527535,caught,68,decode
2806,header,573,1,caught,66,decode
2807,payload,6679006,1,caught,66,decode
2808,bit_flip,7146439,1,caught,66,decode
2809,random_bytes,2687850,13,caught,66,decode
2810,zeroed_run,3859781,1810,caught,66,decode
2811,truncation,481332,8801523,caught,68,decode
2812,header,829,1,caught,66,decode
2813,payload,1420039,1,caught,66,decode
2814,bit_flip,4602468,1,caught,66,decode
2815,random_bytes,7333349,11,caught,66,decode
2816,zeroed_run,4262983,1373,caught,66,decode
2817,truncation,4206039,5076816,caught,68,decode
2818,header,828,1,caught,66,decode
2819,payload,451141,1,caught,66,decode
2820,bit_flip,448169,1,caught,66,decode
2821,random_bytes,7908659,7,caught,66,decode
2822,zeroed_run,7968600,2608,caught,66,decode
2823,truncation,3194602,6088253,caught,68,decode
2824,header,927,1,caught,66,decode
2825,payload,7134687,1,caught,66,decode
2826,bit_flip,7631728,1,caught,66,decode
2827,random_bytes,7412616,3,caught,66,decode
2828,zeroed_run,2463753,184,caught,66,decode
2829,truncation,6579229,2703626,caught,68,decode
2830,header,835,1,caught,66,decode
2831,payload,3114444,1,caught,66,decode
2832,bit_flip,1087965,1,caught,66,decode
2833,random_bytes,5980545,9,caught,66,decode
2834,zeroed_run,6870877,2574,caught,66,decode
2835,truncation,5167869,4114986,caught,68,decode
2836,header,341,1,caught,66,decode
2837,payload,7034549,1,caught,66,decode
2838,bit_flip,1126199,1,caught,66,decode
2839,random_bytes,3515427,16,caught,66,decode
2840,zeroed_run,3636425,2637,caught,66,decode
2841,truncation,3766121,5516734,caught,68,decode
2842,header,833,1,caught,66,decode
2843,payload,1259923,1,caught,66,decode
2844,bit_flip,3919268,1,caught,66,decode
2845,random_bytes,5573523,8,caught,66,decode
2846,zeroed_run,3329971,994,caught,66,decode
2847,truncation,1567631,7715224,caught,68,decode
2848,header,641,1,caught,66,decode
2849,payload,6239225,1,caught,66,decode
2850,bit_flip,3564092,1,caught,66,decode
2851,random_bytes,9110018,14,caught,66,decode
2852,zeroed_run,5075016,2139,caught,66,decode
2853,truncation,1636464,7646391,caught,68,decode
2854,header,569,1,caught,66,decode
2855,payload,9169175,1,caught,66,decode
2856,bit_flip,5503268,1,caught,66,decode
2857,random_bytes,5141925,11,caught,66,decode
2858,zeroed_run,3171490,578,caught,66,decode
2859,truncation,599131,8683724,caught,68,decode
2860,header,473,1,caught,66,decode
2861,payload,1603352,1,caught,66,decode
2862,bit_flip,8355489,1,caught,66,decode
2863,random_bytes,8412371,10,caught,66,decode
2864,zeroed_run,6921812,857,caught,66,decode
2865,truncation,3094801,6188054,caught,68,decode
2866,header,466,1,caught,66,decode
2867,payload,2028066,1,caught,66,decode
2868,bit_flip,1144361,1,caught,66,decode
2869,random_bytes,9147719,9,caught,66,decode
2870,zeroed_run,3405681,1329,caught,66,decode
2871,truncation,7036701,2246154,caught,68,decode
2872,header,853,1,caught,66,decode
2873,payload,724501,1,caught,66,decode
2874,bit_flip,9121758,1,caught,66,decode
2875,random_bytes,5259202,14,caught,66,decode
2876,zeroed_run,7008817,3187,caught,66,decode
2877,truncation,3703699,5579156,caught,68,decode
2878,header,716,1,caught,66,decode
2879,payload,1216435,1,caught,66,decode
2880,bit_flip,8686504,1,caught,66,decode
2881,random_bytes,728030,14,caught,66,decode
2882,zeroed_run,2621041,909,caught,66,decode
2883,truncation,3885929,5396926,caught,68,decode
2884,header,157,1,caught,66,decode
2885,payload,8279684,1,caught,66,decode
2886,bit_flip,303582,1,caught,66,decode
2887,random_bytes,1586572,10,caught,66,decode
2888,zeroed_run,8618630,1814,caught,66,decode
2889,truncation,3305197,5977658,caught,68,decode
2890,header,719,1,caught,66,decode
2891,payload,8811701,1,caught,66,decode
2892,bit_flip,7643300,1,caught,66,decode
2893,random_bytes,611069,3,caught,66,decode
2894,zeroed_run,2732587,3263,caught,66,decode
2895,truncation,870169,8412686,caught,68,decode
2896,header,85,1,caught,66,decode
2897,payload,409478,1,caught,66,decode
2898,bit_flip,5767957,1,caught,66,decode
2899,random_bytes,8463483,3,caught,66,decode
2900,zeroed_run,8028980,1698,caught,66,decode
2901,truncation,11179,9271676,caught,68,decode
2902,header,902,1,caught,66,decode
2903,payload,8450921,1,caught,66,decode
2904,bit_flip,5773887,1,caught,66,decode
2905,random_bytes,8500062,15,caught,66,decode
2906,zeroed_run,8604613,909,caught,66,decode
2907,truncation,7667499,1615356,caught,68,decode
2908,header,253,1,caught,66,decode
2909,payload,5369317,1,caught,66,decode
2910,bit_flip,2852402,1,caught,66,decode
2911,random_bytes,7835968,4,caught,66,decode
2912,zeroed_run,1069252,1454,caught,66,decode
2913,truncation,3014544,6268311,caught,68,decode
2914,header,289,1,caught,66,decode
2915,payload,6313546,1,caught,66,decode
2916,bit_flip,1131650,1,caught,66,decode
2917,random_bytes,4343512,3,caught,66,decode
2918,zeroed_run,8549284,866,caught,66,decode
2919,truncation,7122271,2160584,caught,68,decode
2920,header,344,1,caught,66,decode
2921,payload,2399501,1,caught,66,decode
2922,bit_flip,5642725,1,caught,66,decode
2923,random_bytes,4081376,13,caught,66,decode
2924,zeroed_run,1456026,3137,caught,66,decode
2925,truncation,5968785,3314070,caught,68,decode
2926,header,138,1,caught,66,decode
2927,payload,6028248,1,caught,66,decode
2928,bit_flip,1257462,1,caught,66,decode
2929,random_bytes,2993225,15,caught,66,decode
2930,zeroed_run,2987806,623,caught,66,decode
2931,truncation,4194336,5088519,caught,68,decode
2932,header,321,1,caught,66,decode
2933,payload,6891933,1,caught,66,decode
2934,bit_flip,6924600,1,caught,66,decode
2935,random_bytes,1989934,13,caught,66,decode
2936,zeroed_run,8379729,3829,caught,66,decode
2937,truncation,4362761,4920094,caught,68,decode
2938,header,746,1,caught,66,decode
2939,payload,22545,1,caught,66,decode
2940,bit_flip,1973428,1,caught,66,decode
2941,random_bytes,4713678,6,caught,66,decode
2942,zeroed_run,8062453,50,caught,66,decode
2943,truncation,2993909,6288946,caught,68,decode
2944,header,652,1,caught,66,decode
2945,payload,5253292,1,caught,66,decode
2946,bit_flip,6374579,1,caught,66,decode
2947,random_bytes,8356095,16,caught,66,decode
2948,zeroed_run,7774890,3978,caught,66,decode
2949,truncation,4889057,4393798,caught,68,decode
2950,header,94,1,caught,66,decode
2951,payload,310999,1,caught,66,decode
2952,bit_flip,2640633,1,caught,66,decode
2953,random_bytes,8552011,16,caught,66,decode
2954,zeroed_run,1404842,2526,caught,66,decode
2955,truncation,6835272,2447583,caught,68,decode
2956,header,155,1,caught,66,decode
2957,payload,808408,1,caught,66,decode
2958,bit_flip,5644032,1,caught,66,decode
2959,random_bytes,7586878,11,caught,66,decode
2960,zeroed_run,951136,2412,caught,66,decode
2961,truncation,4129500,5153355,caught,68,decode
2962,header,233,1,caught,66,decode
2963,payload,8314685,1,caught,66,decode
2964,bit_flip,2313988,1,caught,66,decode
2965,random_bytes,1181175,7,caught,66,decode
2966,zeroed_run,3578229,685,caught,66,decode
2967,truncation,8208638,1074217,caught,68,decode
2968,header,814,1,caught,66,decode
2969,payload,1753363,1,caught,66,decode
2970,bit_flip,9257260,1,caught,66,decode
2971,random_bytes,1693801,9,caught,66,decode
2972,zeroed_run,1517323,2075,caught,66,decode
2973,truncation,4065111,5217744,caught,68,decode
2974,header,906,1,caught,66,decode
2975,payload,3911302,1,caught,66,decode
2976,bit_flip,3655055,1,caught,66,decode
2977,random_bytes,7371169,6,caught,66,decode
2978,zeroed_run,4773351,2891,caught,66,decode
2979,truncation,7771651,1511204,caught,68,decode
2980,header,278,1,caught,66,decode
2981,payload,7334106,1,caught,66,decode
2982,bit_flip,4283245,1,caught,66,decode
2983,random_bytes,6121937,8,caught,66,decode
2984,zeroed_run,8249778,1016,caught,66,decode
2985,truncation,8958586,324269,caught,68,decode
2986,header,358,1,caught,66,decode
2987,payload,7231387,1,caught,66,decode
2988,bit_flip,5721427,1,caught,66,decode
2989,random_bytes,2781743,12,caught,66,decode
2990,zeroed_run,1957834,2885,caught,66,decode
2991,truncation,2415272,6867583,caught,68,decode
2992,header,172,1,caught,66,decode
2993,payload,9212558,1,caught,66,decode
2994,bit_flip,6348360,1,caught,66,decode
2995,random_bytes,7121064,3,caught,66,decode
2996,zeroed_run,1481923,180,caught,66,decode
2997,truncation,1981717,7301138,caught,68,decode
2998,header,64,1,caught,66,decode
2999,payload,3876702,1,caught,66,decode
3000,bit_flip,9122820,1,caught,66,decode
3001,random_bytes,3988367,12,caught,66,decode
3002,zeroed_run,5159769,1180,caught,66,decode
3003,truncation,6922519,2360336,caught,68,decode
3004,header,556,1,caught,66,decode
3005,payload,4665530,1,caught,66,decode
3006,bit_flip,4136433,1,caught,66,decode
3007,random_bytes,3575697,15,caught,66,decode
3008,zeroed_run,906157,690,caught,66,decode
3009,truncation,4056260,5226595,caught,68,decode
3010,header,211,1,caught,66,decode
3011,payload,8959903,1,caught,66,decode
3012,bit_flip,5474415,1,caught,66,decode
3013,random_bytes,3621513,13,caught,66,decode
3014,zeroed_run,4666412,2526,caught,66,decode
3015,truncation,2243350,7039505,caught,68,decode
3016,header,6,1,caught,66,decode
3017,payload,8500491,1,caught,66,decode
3018,bit_flip,6410793,1,caught,66,decode
3019,random_bytes,9189768,5,caught,66,decode
3020,zeroed_run,1798944,1293,caught,66,decode
3021,truncation,4486235,4796620,caught,68,decode
3022,header,674,1,caught,66,decode
3023,payload,6169626,1,caught,66,decode
3024,bit_flip,461640,1,caught,66,decode
3025,random_bytes,3050437,6,caught,66,decode
3026,zeroed_run,8504130,3943,caught,66,decode
3027,truncation,6693677,2589178,caught,68,decode
3028,header,305,1,caught,66,decode
3029,payload,2367964,1,caught,66,decode
3030,bit_flip,6284881,1,caught,66,decode
3031,random_bytes,338303,7,caught,66,decode
3032,zeroed_run,8196912,1493,caught,66,decode
3033,truncation,3983610,5299245,caught,68,decode
3034,header,595,1,caught,66,decode
3035,payload,267082,1,caught,66,decode
3036,bit_flip,3174736,1,caught,66,decode
3037,random_bytes,7119850,14,caught,66,decode
3038,zeroed_run,2198928,2495,caught,66,decode
3039,truncation,5237212,4045643,caught,68,decode
3040,header,731,1,caught,66,decode
3041,payload,4460532,1,caught,66,decode
3042,bit_flip,4610460,1,caught,66,decode
3043,random_bytes,1570330,6,caught,66,decode
3044,zeroed_run,4847668,3994,caught,66,decode
3045,truncation,2658976,6623879,caught,68,decode
3046,header,159,1,caught,66,decode
3047,payload,317743,1,caught,66,decode
3048,bit_flip,8228935,1,caught,66,decode
3049,random_bytes,2768101,4,caught,66,decode
3050,zeroed_run,1110434,511,caught,66,decode
3051,truncation,1250616,8032239,caught,68,decode
3052,header,946,1,caught,66,decode
3053,payload,8894504,1,caught,66,decode
3054,bit_flip,5996952,1,caught,66,decode
3055,random_bytes,392382,13,caught,66,decode
3056,zeroed_run,9035292,2366,caught,66,decode
3057,truncation,2789381,6493474,caught,68,decode
3058,header,429,1,caught,66,decode
3059,payload,978909,1,caught,66,decode
3060,bit_flip,5530175,1,caught,66,decode
3061,random_bytes,6651846,14,caught,66,decode
3062,zeroed_run,5418179,2166,caught,66,decode
3063,truncation,2308046,6974809,caught,68,decode
3064,header,678,1,caught,66,decode
3065,payload,5839676,1,caught,66,decode
3066,bit_flip,5592599,1,caught,66,decode
3067,random_bytes,87068,14,caught,66,decode
3068,zeroed_run,6974769,243,caught,66,decode
3069,truncation,6798792,2484063,caught,68,decode
3070,header,821,1,caught,66,decode
3071,payload,6511335,1,caught,66,decode
3072,bit_flip,7550087,1,caught,66,decode
3073,random_bytes,4821204,13,caught,66,decode
3074,zeroed_run,7404272,3036,caught,66,decode
3075,truncation,3341063,5941792,caught,68,decode
3076,header,958,1,caught,66,decode
3077,payload,5904827,1,caught,66,decode
3078,bit_flip,5214516,1,caught,66,decode
3079,random_bytes,3156888,9,caught,66,decode
3080,zeroed_run,9005052,1376,caught,66,decode
3081,truncation,7251378,2031477,caught,68,decode
3082,header,935,1,caught,66,decode
3083,payload,2807880,1,caught,66,decode
3084,bit_flip,4386017,1,caught,66,decode
3085,random_bytes,946923,1,caught,66,decode
3086,zeroed_run,2081426,1733,caught,66,decode
3087,truncation,4072691,5210164,caught,68,decode
3088,header,31,1,caught,66,decode
3089,payload,9216076,1,caught,66,decode
3090,bit_flip,4791994,1,caught,66,decode
3091,random_bytes,8310836,6,caught,66,decode
3092,zeroed_run,4894369,3892,caught,66,decode
3093,truncation,2586143,6696712,caught,68,decode
3094,header,919,1,caught,66,decode
3095,payload,1447031,1,caught,66,decode
3096,bit_flip,2740791,1,caught,66,decode
3097,random_bytes,1910124,8,caught,66,decode
3098,zeroed_run,4273502,4007,caught,66,decode
3099,truncation,2587479,6695376,caught,68,decode
3100,header,648,1,caught,66,decode
3101,payload,8624471,1,caught,66,decode
3102,bit_flip,3019800,1,caught,66,decode
3103,random_bytes,424591,11,caught,66,decode
3104,zeroed_run,2196732,3267,caught,66,decode
3105,truncation,2791858,6490997,caught,68,decode
3106,header,858,1,caught,66,decode
3107,payload,2667018,1,caught,66,decode
3108,bit_flip,8925558,1,caught,66,decode
3109,random_bytes,8737365,10,caught,66,decode
3110,zeroed_run,7211365,1512,caught,66,decode
3111,truncation,201101,9081754,caught,68,decode
3112,header,695,1,caught,66,decode
3113,payload,5863324,1,caught,66,decode
3114,bit_flip,2738649,1,caught,66,decode
3115,random_bytes,4737421,10,caught,66,decode
3116,zeroed_run,960597,1428,caught,66,decode
3117,truncation,1216251,8066604,caught,68,decode
3118,header,896,1,caught,66,decode
3119,payload,3296164,1,caught,66,decode
3120,bit_flip,6464954,1,caught,66,decode
3121,random_bytes,5165583,9,caught,66,decode
3122,zeroed_run,7712672,1022,caught,66,decode
3123,truncation,461864,8820991,caught,68,decode
3124,header,379,1,caught,66,decode
3125,payload,5829375,1,caught,66,decode
3126,bit_flip,8081323,1,caught,66,decode
3127,random_bytes,5855138,7,caught,66,decode
3128,zeroed_run,2918832,3483,caught,66,decode
3129,truncation,3067253,6215602,caught,68,decode
3130,header,100,1,caught,66,decode
3131,payload,1344171,1,caught,66,decode
3132,bit_flip,4438362,1,caught,66,decode
3133,random_bytes,911540,6,caught,66,decode
3134,zeroed_run,2562813,3264,caught,66,decode
3135,truncation,8113241,1169614,caught,68,decode
3136,header,324,1,caught,66,decode
3137,payload,5942121,1,caught,66,decode
3138,bit_flip,1251160,1,caught,66,decode
3139,random_bytes,2253722,15,caught,66,decode
3140,zeroed_run,8491979,732,caught,66,decode
3141,truncation,658143,8624712,caught,68,decode
3142,header,735,1,caught,66,decode
3143,payload,3019578,1,caught,66,decode
3144,bit_flip,3413336,1,caught,66,decode
3145,random_bytes,4155640,12,caught,66,decode
3146,zeroed_run,6042697,3761,caught,66,decode
3147,truncation,6648360,2634495,caught,68,decode
3148,header,652,1,caught,66,decode
3149,payload,6763869,1,caught,66,decode
3150,bit_flip,921275,1,caught,66,decode
3151,random_bytes,1295035,14,caught,66,decode
3152,zeroed_run,6194043,2879,caught,66,decode
3153,truncation,1813062,7469793,caught,68,decode
3154,header,835,1,caught,66,decode
3155,payload,7270231,1,caught,66,decode
3156,bit_flip,5061907,1,caught,66,decode
3157,random_bytes,4806316,13,caught,66,decode
3158,zeroed_run,2095767,561,caught,66,decode
3159,truncation,1029231,8253624,caught,68,decode
3160,header,297,1,caught,66,decode
3161,payload,6054554,1,caught,66,decode
3162,bit_flip,7143903,1,caught,66,decode
3163,random_bytes,7569879,6,caught,66,decode
3164,zeroed_run,1639368,277,caught,66,decode
3165,truncation,3332587,5950268,caught,68,decode
3166,header,242,1,caught,66,decode
3167,payload,1193141,1,caught,66,decode
3168,bit_flip,3123356,1,caught,66,decode
3169,random_bytes,2247500,11,caught,66,decode
3170,zeroed_run,8534347,1409,caught,66,decode
3171,truncation,567435,8715420,caught,68,decode
3172,header,882,1,caught,66,decode
3173,payload,7312550,1,caught,66,decode
3174,bit_flip,6031720,1,caught,66,decode
3175,random_bytes,974038,10,caught,66,decode
3176,zeroed_run,4268292,1580,caught,66,decode
3177,truncation,7117760,2165095,caught,68,decode
3178,header,783,1,caught,66,decode
3179,payload,8989850,1,caught,66,decode
3180,bit_flip,2061005,1,caught,66,decode
3181,random_bytes,5582333,15,caught,66,decode
3182,zeroed_run,8687600,19,caught,66,decode
3183,truncation,5072372,4210483,caught,68,decode
3184,header,527,1,caught,66,decode
3185,payload,6129714,1,caught,66,decode
3186,bit_flip,4943253,1,caught,66,decode
3187,random_bytes,4553870,5,caught,66,decode
3188,zeroed_run,3741530,3184,caught,66,decode
3189,truncation,2395834,6887021,caught,68,decode
3190,header,536,1,caught,66,decode
3191,payload,1032984,1,caught,66,decode
3192,bit_flip,2473760,1,caught,66,decode
3193,random_bytes,2988910,6,caught,66,decode
3194,zeroed_run,8788736,1151,caught,66,decode
3195,truncation,8953819,329036,caught,68,decode
3196,header,780,1,caught,66,decode
3197,payload,765009,1,caught,66,decode
3198,bit_flip,8520892,1,caught,66,decode
3199,random_bytes,6099254,9,caught,66,decode
3200,zeroed_run,4042118,1770,caught,66,decode
3201,truncation,5940542,3342313,caught,68,decode
3202,header,817,1,caught,66,decode
3203,payload,8701360,1,caught,66,decode
3204,bit_flip,7471520,1,caught,66,decode
3205,random_bytes,528867,10,caught,66,decode
3206,zeroed_run,9051041,3251,caught,66,decode
3207,truncation,1129652,8153203,caught,68,decode
3208,header,925,1,caught,66,decode
3209,payload,8820515,1,caught,66,decode
3210,bit_flip,5157293,1,caught,66,decode
3211,random_bytes,7019526,7,caught,66,decode
3212,zeroed_run,2142170,3320,caught,66,decode
3213,truncation,103210,9179645,caught,68,decode
3214,header,156,1,caught,66,decode
3215,payload,4076780,1,caught,66,decode
3216,bit_flip,3578939,1,caught,66,decode
3217,random_bytes,7744789,5,caught,66,decode
3218,zeroed_run,6042209,2127,caught,66,decode
3219,truncation,7486783,1796072,caught,68,decode
3220,header,434,1,caught,66,decode
3221,payload,3078,1,caught,66,decode
3222,bit_flip,2422494,1,caught,66,decode
3223,random_bytes,2100131,14,caught,66,decode
3224,zeroed_run,8697724,638,caught,66,decode
3225,truncation,7479050,1803805,caught,68,decode
3226,header,654,1,caught,66,decode
3227,payload,1152766,1,caught,66,decode
3228,bit_flip,5106250,1,caught,66,decode
3229,random_bytes,4048533,6,caught,66,decode
3230,zeroed_run,9270087,850,caught,66,decode
3231,truncation,3084862,6197993,caught,68,decode
3232,header,316,1,caught,66,decode
3233,payload,7288712,1,caught,66,decode
3234,bit_flip,2857978,1,caught,66,decode
3235,random_bytes,9262821,6,caught,66,decode
3236,zeroed_run,5059546,634,caught,66,decode
3237,truncation,1762669,7520186,caught,68,decode
3238,header,524,1,caught,66,decode
3239,payload,1997259,1,caught,66,decode
3240,bit_flip,490991,1,caught,66,decode
3241,random_bytes,2889477,13,caught,66,decode
3242,zeroed_run,5777971,1522,caught,66,decode
3243,truncation,8503526,779329,caught,68,decode
3244,header,496,1,caught,66,decode
3245,payload,6128331,1,caught,66,decode
3246,bit_flip,1696653,1,caught,66,decode
3247,random_bytes,4840275,15,caught,66,decode
3248,zeroed_run,5037996,1899,caught,66,decode
3249,truncation,87500,9195355,caught,68,decode
3250,header,822,1,caught,66,decode
3251,payload,3820515,1,caught,66,decode
3252,bit_flip,7369863,1,caught,66,decode
3253,random_bytes,1408008,4,caught,66,decode
3254,zeroed_run,1196696,2507,caught,66,decode
3255,truncation,8758496,524359,caught,68,decode
3256,header,436,1,caught,66,decode
3257,payload,7622960,1,caught,66,decode
3258,bit_flip,4459881,1,caught,66,decode
3259,random_bytes,253427,8,caught,66,decode
3260,zeroed_run,6593379,1361,caught,66,decode
3261,truncation,5467565,3815290,caught,68,decode
3262,header,934,1,caught,66,decode
3263,payload,6357288,1,caught,66,decode
3264,bit_flip,9209687,1,caught,66,decode
3265,random_bytes,8421654,13,caught,66,decode
3266,zeroed_run,8277255,3222,caught,66,decode
3267,truncation,5452760,3830095,caught,68,decode
3268,header,855,1,caught,66,decode
3269,payload,4994631,1,caught,66,decode
3270,bit_flip,3503674,1,caught,66,decode
3271,random_bytes,5900863,12,caught,66,decode
3272,zeroed_run,8976993,3835,caught,66,decode
3273,truncation,2390389,6892466,caught,68,decode
3274,header,285,1,caught,66,decode
3275,payload,7075715,1,caught,66,decode
3276,bit_flip,7071875,1,caught,66,decode
3277,random_bytes,3405012,4,caught,66,decode
3278,zeroed_run,1531617,3179,caught,66,decode
3279,truncation,9190534,92321,caught,68,decode
3280,header,960,1,caught,66,decode
3281,payload,1673158,1,caught,66,decode
3282,bit_flip,4797879,1,caught,66,decode
3283,random_bytes,3244522,13,caught,66,decode
3284,zeroed_run,6803931,3150,caught,66,decode
3285,truncation,8260861,1021994,caught,68,decode
3286,header,933,1,caught,66,decode
3287,payload,4759181,1,caught,66,decode
3288,bit_flip,7234509,1,caught,66,decode
3289,random_bytes,7445503,4,caught,66,decode
3290,zeroed_run,7552090,1512,caught,66,decode
3291,truncation,7898662,1384193,caught,68,decode
3292,header,543,1,caught,66,decode
3293,payload,6865869,1,caught,66,decode
3294,bit_flip,5754849,1,caught,66,decode
3295,random_bytes,5097708,1,caught,66,decode
3296,zeroed_run,1769201,4093,caught,66,decode
3297,truncation,8430179,852676,caught,68,decode
3298,header,14,1,caught,66,decode
3299,payload,6480022,1,caught,66,decode
3300,bit_flip,2643937,1,caught,66,decode
3301,random_bytes,3081079,2,caught,66,decode
3302,zeroed_run,5525432,1454,caught,66,decode
3303,truncation,9128334,154521,caught,68,decode
3304,header,946,1,caught,66,decode
3305,payload,3908327,1,caught,66,decode
3306,bit_flip,3677647,1,caught,66,decode
3307,random_bytes,3277064,5,caught,66,decode
3308,zeroed_run,7952693,971,caught,66,decode
3309,truncation,196186,9086669,caught,68,decode
3310,header,997,1,caught,66,decode
3311,payload,969675,1,caught,66,decode
3312,bit_flip,4259011,1,caught,66,decode
3313,random_bytes,7918900,3,caught,66,decode
3314,zeroed_run,5576057,1629,caught,66,decode
3315,truncation,4749672,4533183,caught,68,decode
3316,header,62,1,caught,66,decode
3317,payload,1104103,1,caught,66,decode
3318,bit_flip,525250,1,caught,66,decode
3319,random_bytes,6570514,11,caught,66,decode
3320,zeroed_run,7671662,3201,caught,66,decode
3321,truncation,3389478,5893377,caught,68,decode
3322,header,412,1,caught,66,decode
3323,payload,2821934,1,caught,66,decode
3324,bit_flip,975367,1,caught,66,decode
3325,random_bytes,7459895,14,caught,66,decode
3326,zeroed_run,3920757,2079,caught,66,decode
3327,truncation,113043,9169812,caught,68,decode
3328,header,242,1,caught,66,decode
3329,payload,2709359,1,caught,66,decode
3330,bit_flip,6180257,1,caught,66,decode
3331,random_bytes,9269686,16,caught,66,decode
3332,zeroed_run,8561242,3890,caught,66,decode
3333,truncation,5369625,3913230,caught,68,decode
3334,header,488,1,caught,66,decode
3335,payload,3496143,1,caught,66,decode
3336,bit_flip,8658256,1,caught,66,decode
3337,random_bytes,8242373,4,caught,66,decode
3338,zeroed_run,8330769,2708,caught,66,decode
3339,truncation,5731901,3550954,caught,68,decode
3340,header,12,1,caught,66,decode
3341,payload,936194,1,caught,66,decode
3342,bit_flip,8535832,1,caught,66,decode
3343,random_bytes,1117895,10,caught,66,decode
3344,zeroed_run,4575541,2789,caught,66,decode
3345,truncation,9248960,33895,caught,68,decode
3346,header,644,1,caught,66,decode
3347,payload,3449259,1,caught,66,decode
3348,bit_flip,1315019,1,caught,66,decode
3349,random_bytes,2998490,6,caught,66,decode
3350,zeroed_run,6211925,63,caught,66,decode
3351,truncation,4068431,5214424,caught,68,decode
3352,header,68,1,caught,66,decode
3353,payload,8322202,1,caught,66,decode
3354,bit_flip,5009784,1,caught,66,decode
3355,random_bytes,7340752,7,caught,66,decode
3356,zeroed_run,9053592,522,caught,66,decode
3357,truncation,317685,8965170,caught,68,decode
3358,header,543,1,caught,66,decode
3359,payload,1740298,1,caught,66,decode
3360,bit_flip,1039786,1,caught,66,decode
3361,random_bytes,802315,11,caught,66,decode
3362,zeroed_run,2374787,1791,caught,66,decode
3363,truncation,5196514,4086341,caught,68,decode
3364,header,820,1,caught,66,decode
3365,payload,5212017,1,caught,66,decode
3366,bit_flip,4681520,1,caught,66,decode
3367,random_bytes,2540964,11,caught,66,decode
3368,zeroed_run,3199652,2905,caught,66,decode
3369,truncation,3565518,5717337,caught,68,decode
3370,header,100,1,caught,66,decode
3371,payload,4540748,1,caught,66,decode
3372,bit_flip,6117607,1,caught,66,decode
3373,random_bytes,6383870,10,caught,66,decode
3374,zeroed_run,2418345,2790,caught,66,decode
3375,truncation,1962798,7320057,caught,68,decode
3376,header,152,1,caught,66,decode
3377,payload,5608192,1,caught,66,decode
3378,bit_flip,5261005,1,caught,66,decode
3379,random_bytes,9143297,1,caught,66,decode
3380,zeroed_run,8870155,3557,caught,66,decode
3381,truncation,1463865,7818990,caught,68,decode
3382,header,214,1,caught,66,decode
3383,payload,8032479,1,caught,66,decode
3384,bit_flip,8859548,1,caught,66,decode
3385,random_bytes,269199,11,caught,66,decode
3386,zeroed_run,3749403,95,caught,66,decode
3387,truncation,3804007,5478848,caught,68,decode
3388,header,198,1,caught,66,decode
3389,payload,3270501,1,caught,66,decode
3390,bit_flip,6570021,1,caught,66,decode
3391,random_bytes,2196659,8,caught,66,decode
3392,zeroed_run,4715747,2078,caught,66,decode
3393,truncation,7386316,1896539,caught,68,decode
3394,header,903,1,caught,66,decode
3395,payload,6798327,1,caught,66,decode
3396,bit_flip,2135176,1,caught,66,decode
3397,random_bytes,5173606,3,caught,66,decode
3398,zeroed_run,6407713,2197,caught,66,decode
3399,truncation,9168435,114420,caught,68,decode
3400,header,412,1,caught,66,decode
3401,payload,5605476,1,caught,66,decode
3402,bit_flip,5250331,1,caught,66,decode
3403,random_bytes,530957,2,caught,66,decode
3404,zeroed_run,694847,2065,caught,66,decode
3405,truncation,3215016,6067839,caught,68,decode
3406,header,423,1,caught,66,decode
3407,payload,4575428,1,caught,66,decode
3408,bit_flip,478864,1,caught,66,decode
3409,random_bytes,8554200,5,caught,66,decode
3410,zeroed_run,1601008,2957,caught,66,decode
3411,truncation,8307055,975800,caught,68,decode
3412,header,925,1,caught,66,decode
3413,payload,4158283,1,caught,66,decode
3414,bit_flip,921093,1,caught,66,decode
3415,random_bytes,6104938,2,caught,66,decode
3416,zeroed_run,6793145,3007,caught,66,decode
3417,truncation,8306782,976073,caught,68,decode
3418,header,158,1,caught,66,decode
3419,payload,5207647,1,caught,66,decode
3420,bit_flip,7678671,1,caught,66,decode
3421,random_bytes,6362336,5,caught,66,decode
3422,zeroed_run,1559523,82,caught,66,decode
3423,truncation,3927939,5354916,caught,68,decode
3424,header,379,1,caught,66,decode
3425,payload,2530895,1,caught,66,decode
3426,bit_flip,8982565,1,caught,66,decode
3427,random_bytes,4108420,1,caught,66,decode
3428,zeroed_run,1603551,1390,caught,66,decode
3429,truncation,8542430,740425,caught,68,decode
3430,header,77,1,caught,66,decode
3431,payload,7147941,1,caught,66,decode
3432,bit_flip,3637035,1,caught,66,decode
3433,random_bytes,8533247,16,caught,66,decode
3434,zeroed_run,1510330,4085,caught,66,decode
3435,truncation,1764220,7518635,caught,68,decode
3436,header,925,1,caught,66,decode
3437,payload,2588308,1,caught,66,decode
3438,bit_flip,8732048,1,caught,66,decode
3439,random_bytes,1040886,8,caught,66,decode
3440,zeroed_run,20083,3264,caught,66,decode
3441,truncation,3437319,5845536,caught,68,decode
3442,header,363,1,caught,66,decode
3443,payload,5483128,1,caught,66,decode
3444,bit_flip,6861577,1,caught,66,decode
3445,random_bytes,2625879,7,caught,66,decode
3446,zeroed_run,1439069,4018,caught,66,decode
3447,truncation,3900648,5382207,caught,68,decode
3448,header,207,1,caught,66,decode
3449,payload,3336407,1,caught,66,decode
3450,bit_flip,7913240,1,caught,66,decode
3451,random_bytes,8169787,15,caught,66,decode
3452,zeroed_run,78138,1806,caught,66,decode
3453,truncation,2186576,7096279,caught,68,decode
3454,header,663,1,caught,66,decode
3455,payload,71459,1,caught,66,decode
3456,bit_flip,1118559,1,caught,66,decode
3457,random_bytes,7208484,9,caught,66,decode
3458,zeroed_run,4836493,2768,caught,66,decode
3459,truncation,2963274,6319581,caught,68,decode
3460,header,663,1,caught,66,decode
3461,payload,3515293,1,caught,66,decode
3462,bit_flip,6111014,1,caught,66,decode
3463,random_bytes,5928669,14,caught,66,decode
3464,zeroed_run,7163721,2444,caught,66,decode
3465,truncation,2433597,6849258,caught,68,decode
3466,header,630,1,caught,66,decode
3467,payload,6130398,1,caught,66,decode
3468,bit_flip,2732266,1,caught,66,decode
3469,random_bytes,3904856,16,caught,66,decode
3470,zeroed_run,283018,3215,caught,66,decode
3471,truncation,820457,8462398,caught,68,decode
3472,header,613,1,caught,66,decode
3473,payload,3629590,1,caught,66,decode
3474,bit_flip,3350420,1,caught,66,decode
3475,random_bytes,6111591,7,caught,66,decode
3476,zeroed_run,1887916,2521,caught,66,decode
3477,truncation,2494645,6788210,caught,68,decode
3478,header,189,1,caught,66,decode
3479,payload,1841374,1,caught,66,decode
3480,bit_flip,3092620,1,caught,66,decode
3481,random_bytes,4289786,11,caught,66,decode
3482,zeroed_run,1448419,3657,caught,66,decode
3483,truncation,645459,8637396,caught,68,decode
3484,header,840,1,caught,66,decode
3485,payload,6378608,1,caught,66,decode
3486,bit_flip,5763143,1,caught,66,decode
3487,random_bytes,3119024,3,caught,66,decode
3488,zeroed_run,6523500,3157,caught,66,decode
3489,truncation,7666457,1616398,caught,68,decode
3490,header,396,1,caught,66,decode
3491,payload,7904306,1,caught,66,decode
3492,bit_flip,8226512,1,caught,66,decode
3493,random_bytes,604599,14,caught,66,decode
3494,zeroed_run,1882958,138,caught,66,decode
3495,truncation,5864082,3418773,caught,68,decode
3496,header,390,1,caught,66,decode
3497,payload,6412201,1,caught,66,decode
3498,bit_flip,5365775,1,caught,66,decode
3499,random_bytes,115142,5,caught,66,decode
3500,zeroed_run,1303048,3091,caught,66,decode
3501,truncation,4668084,4614771,caught,68,decode
3502,header,869,1,caught,66,decode
3503,payload,1896895,1,caught,66,decode
3504,bit_flip,6426587,1,caught,66,decode
3505,random_bytes,1257632,16,caught,66,decode
3506,zeroed_run,6270058,3191,caught,66,decode
3507,truncation,5993918,3288937,caught,68,decode
3508,header,92,1,caught,66,decode
3509,payload,36238,1,caught,66,decode
3510,bit_flip,2646129,1,caught,66,decode
3511,random_bytes,2422577,13,caught,66,decode
3512,zeroed_run,8418831,1072,caught,66,decode
3513,truncation,3037779,6245076,caught,68,decode
3514,header,874,1,caught,66,decode
3515,payload,5732290,1,caught,66,decode
3516,bit_flip,6791497,1,caught,66,decode
3517,random_bytes,5460037,11,caught,66,decode
3518,zeroed_run,3158246,2252,caught,66,decode
3519,truncation,4765234,4517621,caught,68,decode
3520,header,771,1,caught,66,decode
3521,payload,1550723,1,caught,66,decode
3522,bit_flip,1348339,1,caught,66,decode
3523,random_bytes,7119443,6,caught,66,decode
3524,zeroed_run,956459,303,caught,66,decode
3525,truncation,8261658,1021197,caught,68,decode
3526,header,611,1,caught,66,decode
3527,payload,5376285,1,caught,66,decode
3528,bit_flip,2785018,1,caught,66,decode
3529,random_bytes,594576,13,caught,66,decode
3530,zeroed_run,6928936,986,caught,66,decode
3531,truncation,4169218,5113637,caught,68,decode
3532,header,67,1,caught,66,decode
3533,payload,6231094,1,caught,66,decode
3534,bit_flip,8896907,1,caught,66,decode
3535,random_bytes,8204653,12,caught,66,decode
3536,zeroed_run,6253263,3007,caught,66,decode
3537,truncation,5744885,3537970,caught,68,decode
3538,header,894,1,caught,66,decode
3539,payload,4539629,1,caught,66,decode
3540,bit_flip,8973940,1,caught,66,decode
3541,random_bytes,5457471,5,caught,66,decode
3542,zeroed_run,7319469,857,caught,66,decode
3543,truncation,1727401,7555454,caught,68,decode
3544,header,533,1,caught,66,decode
3545,payload,1782507,1,caught,66,decode
3546,bit_flip,4848750,1,caught,66,decode
3547,random_bytes,5777363,9,caught,66,decode
3548,zeroed_run,2768033,1618,caught,66,decode
3549,truncation,7861715,1421140,caught,68,decode
3550,header,991,1,caught,66,decode
3551,payload,2766441,1,caught,66,decode
3552,bit_flip,2300340,1,caught,66,decode
3553,random_bytes,8465875,7,caught,66,decode
3554,zeroed_run,1237895,2502,caught,66,decode
3555,truncation,8218720,1064135,caught,68,decode
3556,header,858,1,caught,66,decode
3557,payload,6106530,1,caught,66,decode
3558,bit_flip,5094790,1,caught,66,decode
3559,random_bytes,2909584,15,caught,66,decode
3560,zeroed_run,9138567,3844,caught,66,decode
3561,truncation,3965591,5317264,caught,68,decode
3562,header,475,1,caught,66,decode
3563,payload,1849362,1,caught,66,decode
3564,bit_flip,3325234,1,caught,66,decode
3565,random_bytes,3277307,7,caught,66,decode
3566,zeroed_run,4876595,2675,caught,66,decode
3567,truncation,1731217,7551638,caught,68,decode
3568,header,376,1,caught,66,decode
3569,payload,855070,1,caught,66,decode
3570,bit_flip,7473645,1,caught,66,decode
3571,random_bytes,7301615,14,caught,66,decode
3572,zeroed_run,1667943,2404,caught,66,decode
3573,truncation,2886290,6396565,caught,68,decode
3574,header,958,1,caught,66,decode
3575,payload,4918456,1,caught,66,decode
3576,bit_flip,2914512,1,caught,66,decode
3577,random_bytes,805839,1,caught,66,decode
3578,zeroed_run,904079,1760,caught,66,decode
3579,truncation,1944225,7338630,caught,68,decode
3580,header,363,1,caught,66,decode
3581,payload,5289169,1,caught,66,decode
3582,bit_flip,3501161,1,caught,66,decode
3583,random_bytes,255627,15,caught,66,decode
3584,zeroed_run,2706550,2350,caught,66,decode
3585,truncation,2439006,6843849,caught,68,decode
3586,header,411,1,caught,66,decode
3587,payload,7599740,1,caught,66,decode
3588,bit_flip,5925309,1,caught,66,decode
3589,random_bytes,258242,9,caught,66,decode
3590,zeroed_run,2978566,1750,caught,66,decode
3591,truncation,3702891,5579964,caught,68,decode
3592,header,556,1,caught,66,decode
3593,payload,3670290,1,caught,66,decode
3594,bit_flip,7834822,1,caught,66,decode
3595,random_bytes,133204,2,caught,66,decode
3596,zeroed_run,5973712,470,caught,66,decode
3597,truncation,5510703,3772152,caught,68,decode
3598,header,491,1,caught,66,decode
3599,payload,7327049,1,caught,66,decode
3600,bit_flip,2188074,1,caught,66,decode
3601,random_bytes,5414106,6,caught,66,decode
3602,zeroed_run,2707987,3156,caught,66,decode
3603,truncation,3185774,6097081,caught,68,decode
3604,header,789,1,caught,66,decode
3605,payload,569082,1,caught,66,decode
3606,bit_flip,4154874,1,caught,66,decode
3607,random_bytes,4798899,15,caught,66,decode
3608,zeroed_run,5814257,3608,caught,66,decode
3609,truncation,5791295,3491560,caught,68,decode
3610,header,969,1,caught,66,decode
3611,payload,2760729,1,caught,66,decode
3612,bit_flip,4535535,1,caught,66,decode
3613,random_bytes,8995799,7,caught,66,decode
3614,zeroed_run,8433351,1047,caught,66,decode
3615,truncation,7839752,1443103,caught,68,decode
3616,header,408,1,caught,66,decode
3617,payload,5662897,1,caught,66,decode
3618,bit_flip,5027474,1,caught,66,decode
3619,random_bytes,562497,4,caught,66,decode
3620,zeroed_run,2422285,743,caught,66,decode
3621,truncation,5698337,3584518,caught,68,decode
3622,header,717,1,caught,66,decode
3623,payload,7607590,1,caught,66,decode
3624,bit_flip,1083508,1,caught,66,decode
3625,random_bytes,4728651,3,caught,66,decode
3626,zeroed_run,1172601,3072,caught,66,decode
3627,truncation,7676805,1606050,caught,68,decode
3628,header,683,1,caught,66,decode
3629,payload,4186473,1,caught,66,decode
3630,bit_flip,179404,1,caught,66,decode
3631,random_bytes,2572468,7,caught,66,decode
3632,zeroed_run,1635414,2753,caught,66,decode
3633,truncation,529277,8753578,caught,68,decode
3634,header,324,1,caught,66,decode
3635,payload,8290364,1,caught,66,decode
3636,bit_flip,336862,1,caught,66,decode
3637,random_bytes,8155420,13,caught,66,decode
3638,zeroed_run,3310282,3376,caught,66,decode
3639,truncation,8363754,919101,caught,68,decode
3640,header,69,1,caught,66,decode
3641,payload,5108002,1,caught,66,decode
3642,bit_flip,390103,1,caught,66,decode
3643,random_bytes,7319121,6,caught,66,decode
3644,zeroed_run,5638453,3454,caught,66,decode
3645,truncation,3521175,5761680,caught,68,decode
3646,header,787,1,caught,66,decode
3647,payload,1448048,1,caught,66,decode
3648,bit_flip,7623397,1,caught,66,decode
3649,random_bytes,912382,7,caught,66,decode
3650,zeroed_run,1415093,2963,caught,66,decode
3651,truncation,6827637,2455218,caught,68,decode
3652,header,573,1,caught,66,decode
3653,payload,9141114,1,caught,66,decode
3654,bit_flip,7565585,1,caught,66,decode
3655,random_bytes,8809152,5,caught,66,decode
3656,zeroed_run,8172653,3784,caught,66,decode
3657,truncation,2818967,6463888,caught,68,decode
3658,header,987,1,caught,66,decode
3659,payload,394942,1,caught,66,decode
3660,bit_flip,1618248,1,caught,66,decode
3661,random_bytes,7795076,6,caught,66,decode
3662,zeroed_run,3253549,256,caught,66,decode
3663,truncation,2096720,7186135,caught,68,decode
3664,header,59,1,caught,66,decode
3665,payload,8593638,1,caught,66,decode
3666,bit_flip,784021,1,caught,66,decode
3667,random_bytes,1270598,4,caught,66,decode
3668,zeroed_run,9267639,657,caught,66,decode
3669,truncation,6146939,3135916,caught,68,decode
3670,header,133,1,caught,66,decode
3671,payload,8450085,1,caught,66,decode
3672,bit_flip,3031817,1,caught,66,decode
3673,random_bytes,9094786,12,caught,66,decode
3674,zeroed_run,5715394,533,caught,66,decode
3675,truncation,7122898,2159957,caught,68,decode
3676,header,863,1,caught,66,decode
3677,payload,8936871,1,caught,66,decode
3678,bit_flip,4130915,1,caught,66,decode
3679,random_bytes,5862170,3,caught,66,decode
3680,zeroed_run,6267433,636,caught,66,decode
3681,truncation,455037,8827818,caught,68,decode
3682,header,862,1,caught,66,decode
3683,payload,7654700,1,caught,66,decode
3684,bit_flip,8338517,1,caught,66,decode
3685,random_bytes,672537,6,caught,66,decode
3686,zeroed_run,6247399,464,caught,66,decode
3687,truncation,3299935,5982920,caught,68,decode
3688,header,452,1,caught,66,decode
3689,payload,7912819,1,caught,66,decode
3690,bit_flip,928715,1,caught,66,decode
3691,random_bytes,8617290,15,caught,66,decode
3692,zeroed_run,8154955,3346,caught,66,decode
3693,truncation,3643984,5638871,caught,68,decode
3694,header,609,1,caught,66,decode
3695,payload,6852630,1,caught,66,decode
3696,bit_flip,5170332,1,caught,66,decode
3697,random_bytes,421403,12,caught,66,decode
3698,zeroed_run,4484850,3674,caught,66,decode
3699,truncation,4214957,5067898,caught,68,decode
3700,header,134,1,caught,66,decode
3701,payload,1101246,1,caught,66,decode
3702,bit_flip,4168151,1,caught,66,decode
3703,random_bytes,7673207,10,caught,66,decode
3704,zeroed_run,2191514,2511,caught,66,decode
3705,truncation,3611479,5671376,caught,68,decode
3706,header,259,1,caught,66,decode
3707,payload,5253486,1,caught,66,decode
3708,bit_flip,782696,1,caught,66,decode
3709,random_bytes,3442365,11,caught,66,decode
3710,zeroed_run,3434115,845,caught,66,decode
3711,truncation,1305343,7977512,caught,68,decode
3712,header,76,1,caught,66,decode
3713,payload,4884207,1,caught,66,decode
3714,bit_flip,3509686,1,caught,66,decode
3715,random_bytes,8687165,13,caught,66,decode
3716,zeroed_run,1452514,2888,caught,66,decode
3717,truncation,5032790,4250065,caught,68,decode
3718,header,943,1,caught,66,decode
3719,payload,3143232,1,caught,66,decode
3720,bit_flip,2799191,1,caught,66,decode
3721,random_bytes,2620771,8,caught,66,decode
3722,zeroed_run,7657594,2642,caught,66,decode
3723,truncation,891385,8391470,caught,68,decode
3724,header,502,1,caught,66,decode
3725,payload,3131704,1,caught,66,decode
3726,bit_flip,54491,1,caught,66,decode
3727,random_bytes,3901410,13,caught,66,decode
3728,zeroed_run,1868906,3237,caught,66,decode
3729,truncation,7716211,1566644,caught,68,decode
3730,header,492,1,caught,66,decode
3731,payload,3981965,1,caught,66,decode
3732,bit_flip,774130,1,caught,66,decode
3733,random_bytes,2316077,14,caught,66,decode
3734,zeroed_run,1959506,2653,caught,66,decode
3735,truncation,2277229,7005626,caught,68,decode
3736,header,72,1,caught,66,decode
3737,payload,5098585,1,caught,66,decode
3738,bit_flip,1744406,1,caught,66,decode
3739,random_bytes,509651,4,caught,66,decode
3740,zeroed_run,3989578,3858,caught,66,decode
3741,truncation,8613109,669746,caught,68,decode
3742,header,498,1,caught,66,decode
3743,payload,731356,1,caught,66,decode
3744,bit_flip,4479461,1,caught,66,decode
3745,random_bytes,2818952,7,caught,66,decode
3746,zeroed_run,1641265,2121,caught,66,decode
3747,truncation,711950,8570905,caught,68,decode
3748,header,380,1,caught,66,decode
3749,payload,420277,1,caught,66,decode
3750,bit_flip,8504076,1,caught,66,decode
3751,random_bytes,519859,5,caught,66,decode
3752,zeroed_run,7848456,76,caught,66,decode
3753,truncation,6550939,2731916,caught,68,decode
3754,header,238,1,caught,66,decode
3755,payload,6328287,1,caught,66,decode
3756,bit_flip,3690756,1,caught,66,decode
3757,random_bytes,2918028,13,caught,66,decode
3758,zeroed_run,7323849,3428,caught,66,decode
3759,truncation,2658366,6624489,caught,68,decode
3760,header,136,1,caught,66,decode
3761,payload,94918,1,caught,66,decode
3762,bit_flip,4376568,1,caught,66,decode
3763,random_bytes,295343,13,caught,66,decode
3764,zeroed_run,9215612,3976,caught,66,decode
3765,truncation,3663850,5619005,caught,68,decode
3766,header,428,1,caught,66,decode
3767,payload,8669833,1,caught,66,decode
3768,bit_flip,6767714,1,caught,66,decode
3769,random_bytes,2469611,13,caught,66,decode
3770,zeroed_run,3833139,1663,caught,66,decode
3771,truncation,2363036,6919819,caught,68,decode
3772,header,122,1,caught,66,decode
3773,payload,3204465,1,caught,66,decode
3774,bit_flip,9277889,1,caught,66,decode
3775,random_bytes,8091056,16,caught,66,decode
3776,zeroed_run,5383235,1364,caught,66,decode
3777,truncation,3825287,5457568,caught,68,decode
3778,header,986,1,caught,66,decode
3779,payload,2137031,1,caught,66,decode
3780,bit_flip,5454875,1,caught,66,decode
3781,random_bytes,5498957,6,caught,66,decode
3782,zeroed_run,3993237,3741,caught,66,decode
3783,truncation,7132951,2149904,caught,68,decode
3784,header,733,1,caught,66,decode
3785,payload,8834860,1,caught,66,decode
3786,bit_flip,8991566,1,caught,66,decode
3787,random_bytes,4601196,7,caught,66,decode
3788,zeroed_run,8989568,439,caught,66,decode
3789,truncation,3735966,5546889,caught,68,decode
3790,header,332,1,caught,66,decode
3791,payload,3653316,1,caught,66,decode
3792,bit_flip,3361550,1,caught,66,decode
3793,random_bytes,8143452,4,caught,66,decode
3794,zeroed_run,629487,453,caught,66,decode
3795,truncation,691754,8591101,caught,68,decode
3796,header,72,1,caught,66,decode
3797,payload,4926602,1,caught,66,decode
3798,bit_flip,4331669,1,caught,66,decode
3799,random_bytes,3406799,5,caught,66,decode
3800,zeroed_run,2884341,1408,caught,66,decode
3801,truncation,5922045,3360810,caught,68,decode
3802,header,721,1,caught,66,decode
3803,payload,7156642,1,caught,66,decode
3804,bit_flip,1931068,1,caught,66,decode
3805,random_bytes,5887096,13,caught,66,decode
3806,zeroed_run,1218015,2757,caught,66,decode
3807,truncation,7844068,1438787,caught,68,decode
3808,header,597,1,caught,66,decode
3809,payload,3170322,1,caught,66,decode
3810,bit_flip,287532,1,caught,66,decode
3811,random_bytes,2182936,1,caught,66,decode
3812,zeroed_run,3170947,2021,caught,66,decode
3813,truncation,7289992,1992863,caught,68,decode
3814,header,814,1,caught,66,decode
3815,payload,6006888,1,caught,66,decode
3816,bit_flip,1406402,1,caught,66,decode
3817,random_bytes,7810346,10,caught,66,decode
3818,zeroed_run,7666668,2365,caught,66,decode
3819,truncation,4284671,4998184,caught,68,decode
3820,header,118,1,caught,66,decode
3821,payload,2310694,1,caught,66,decode
3822,bit_flip,7316968,1,caught,66,decode
3823,random_bytes,931868,11,caught,66,decode
3824,zeroed_run,3371317,3894,caught,66,decode
3825,truncation,4063364,5219491,caught,68,decode
3826,header,983,1,caught,66,decode
3827,payload,431863,1,caught,66,decode
3828,bit_flip,9168922,1,caught,66,decode
3829,random_bytes,5004805,4,caught,66,decode
3830,zeroed_run,8376712,3374,caught,66,decode
3831,truncation,4776032,4506823,caught,68,decode
3832,header,440,1,caught,66,decode
3833,payload,2741585,1,caught,66,decode
3834,bit_flip,896432,1,caught,66,decode
3835,random_bytes,2572843,6,caught,66,decode
3836,zeroed_run,1936195,1011,caught,66,decode
3837,truncation,2129959,7152896,caught,68,decode
3838,header,162,1,caught,66,decode
3839,payload,8918487,1,caught,66,decode
3840,bit_flip,7494585,1,caught,66,decode
3841,random_bytes,8249744,15,caught,66,decode
3842,zeroed_run,915334,2289,caught,66,decode
3843,truncation,276500,9006355,caught,68,decode
3844,header,14,1,caught,66,decode
3845,payload,835391,1,caught,66,decode
3846,bit_flip,7050729,1,caught,66,decode
3847,random_bytes,9234082,9,caught,66,decode
3848,zeroed_run,1557756,2513,caught,66,decode
3849,truncation,4138041,5144814,caught,68,decode
3850,header,220,1,caught,66,decode
3851,payload,5933592,1,caught,66,decode
3852,bit_flip,4417889,1,caught,66,decode
3853,random_bytes,3342296,8,caught,66,decode
3854,zeroed_run,1630782,3994,caught,66,decode
3855,truncation,3681972,5600883,caught,68,decode
3856,header,842,1,caught,66,decode
3857,payload,5632089,1,caught,66,decode
3858,bit_flip,8943189,1,caught,66,decode
3859,random_bytes,5703588,13,caught,66,decode
3860,zeroed_run,749964,3721,caught,66,decode
3861,truncation,5058679,4224176,caught,68,decode
3862,header,230,1,caught,66,decode
3863,payload,1655759,1,caught,66,decode
3864,bit_flip,7575586,1,caught,66,decode
3865,random_bytes,4959991,12,caught,66,decode
3866,zeroed_run,7545276,3019,caught,66,decode
3867,truncation,5446650,3836205,caught,68,decode
3868,header,172,1,caught,66,decode
3869,payload,7724404,1,caught,66,decode
3870,bit_flip,1119087,1,caught,66,decode
3871,random_bytes,3116744,14,caught,66,decode
3872,zeroed_run,7514037,4003,caught,66,decode
3873,truncation,4055208,5227647,caught,68,decode
3874,header,203,1,caught,66,decode
3875,payload,3086056,1,caught,66,decode
3876,bit_flip,1813729,1,caught,66,decode
3877,random_bytes,8213162,2,caught,66,decode
3878,zeroed_run,121226,3033,caught,66,decode
3879,truncation,455424,8827431,caught,68,decode
3880,header,470,1,caught,66,decode
3881,payload,390841,1,caught,66,decode
3882,bit_flip,701104,1,caught,66,decode
3883,random_bytes,1459709,15,caught,66,decode
3884,zeroed_run,8389534,1451,caught,66,decode
3885,truncation,227203,9055652,caught,68,decode
3886,header,11,1,caught,66,decode
3887,payload,2339732,1,caught,66,decode
3888,bit_flip,1069241,1,caught,66,decode
3889,random_bytes,7385221,3,caught,66,decode
3890,zeroed_run,8445487,1730,caught,66,decode
3891,truncation,4466511,4816344,caught,68,decode
3892,header,763,1,caught,66,decode
3893,payload,6032977,1,caught,66,decode
3894,bit_flip,1009900,1,caught,66,decode
3895,random_bytes,7482611,4,caught,66,decode
3896,zeroed_run,2183733,1538,caught,66,decode
3897,truncation,5527140,3755715,caught,68,decode
3898,header,61,1,caught,66,decode
3899,payload,2007803,1,caught,66,decode
3900,bit_flip,8167774,1,caught,66,decode
3901,random_bytes,846357,3,caught,66,decode
3902,zeroed_run,3877284,1298,caught,66,decode
3903,truncation,5800599,3482256,caught,68,decode
3904,header,223,1,caught,66,decode
3905,payload,6062531,1,caught,66,decode
3906,bit_flip,7526626,1,caught,66,decode
3907,random_bytes,13374,2,caught,66,decode
3908,zeroed_run,7207487,1716,caught,66,decode
3909,truncation,8222761,1060094,caught,68,decode
3910,header,277,1,caught,66,decode
3911,payload,1065368,1,caught,66,decode
3912,bit_flip,6369683,1,caught,66,decode
3913,random_bytes,9027770,14,caught,66,decode
3914,zeroed_run,8887694,1617,caught,66,decode
3915,truncation,7969472,1313383,caught,68,decode
3916,header,109,1,caught,66,decode
3917,payload,5533882,1,caught,66,decode
3918,bit_flip,2778853,1,caught,66,decode
3919,random_bytes,936110,1,caught,66,decode
3920,zeroed_run,4311218,563,caught,66,decode
3921,truncation,6562205,2720650,caught,68,decode
3922,header,931,1,caught,66,decode
3923,payload,7805104,1,caught,66,decode
3924,bit_flip,444126,1,caught,66,decode
3925,random_bytes,9180745,6,caught,66,decode
3926,zeroed_run,3007626,798,caught,66,decode
3927,truncation,3060805,6222050,caught,68,decode
3928,header,121,1,caught,66,decode
3929,payload,6924135,1,caught,66,decode
3930,bit_flip,1686824,1,caught,66,decode
3931,random_bytes,5589506,6,caught,66,decode
3932,zeroed_run,8905925,611,caught,66,decode
3933,truncation,1246132,8036723,caught,68,decode
3934,header,761,1,caught,66,decode
3935,payload,8480974,1,caught,66,decode
3936,bit_flip,9061983,1,caught,66,decode
3937,random_bytes,229545,6,caught,66,decode
3938,zeroed_run,3687630,815,caught,66,decode
3939,truncation,452042,8830813,caught,68,decode
3940,header,311,1,caught,66,decode
3941,payload,2790395,1,caught,66,decode
3942,bit_flip,4830200,1,caught,66,decode
3943,random_bytes,2744284,7,caught,66,decode
3944,zeroed_run,7803656,3753,caught,66,decode
3945,truncation,5741886,3540969,caught,68,decode
3946,header,386,1,caught,66,decode
3947,payload,1326510,1,caught,66,decode
3948,bit_flip,7098428,1,caught,66,decode
3949,random_bytes,8094095,15,caught,66,decode
3950,zeroed_run,2701673,2058,caught,66,decode
3951,truncation,1667744,7615111,caught,68,decode
3952,header,1001,1,caught,66,decode
3953,payload,5440302,1,caught,66,decode
3954,bit_flip,173383,1,caught,66,decode
3955,random_bytes,2025407,8,caught,66,decode
3956,zeroed_run,6867577,3607,caught,66,decode
3957,truncation,1046644,8236211,caught,68,decode
3958,header,415,1,caught,66,decode
3959,payload,6191366,1,caught,66,decode
3960,bit_flip,4135840,1,caught,66,decode
3961,random_bytes,9257930,11,caught,66,decode
3962,zeroed_run,1515109,2025,caught,66,decode
3963,truncation,4406928,4875927,caught,68,decode
3964,header,423,1,caught,66,decode
3965,payload,3968275,1,caught,66,decode
3966,bit_flip,8570475,1,caught,66,decode
3967,random_bytes,4182006,9,caught,66,decode
3968,zeroed_run,5353227,3195,caught,66,decode
3969,truncation,4585491,4697364,caught,68,decode
3970,header,769,1,caught,66,decode
3971,payload,6151645,1,caught,66,decode
3972,bit_flip,414290,1,caught,66,decode
3973,random_bytes,4071105,15,caught,66,decode
3974,zeroed_run,8238487,614,caught,66,decode
3975,truncation,3130291,6152564,caught,68,decode
3976,header,931,1,caught,66,decode
3977,payload,3950935,1,caught,66,decode
3978,bit_flip,5599707,1,caught,66,decode
3979,random_bytes,5615138,4,caught,66,decode
3980,zeroed_run,3911592,987,caught,66,decode
3981,truncation,6300970,2981885,caught,68,decode
3982,header,105,1,caught,66,decode
3983,payload,3650670,1,caught,66,decode
3984,bit_flip,1068350,1,caught,66,decode
3985,random_bytes,4432419,14,caught,66,decode
3986,zeroed_run,8845498,1331,caught,66,decode
3987,truncation,7434616,1848239,caught,68,decode
3988,header,850,1,caught,66,decode
3989,payload,6153456,1,caught,66,decode
3990,bit_flip,9008272,1,caught,66,decode
3991,random_bytes,1400415,2,caught,66,decode
3992,zeroed_run,4389953,3135,caught,66,decode
3993,truncation,7359195,1923660,caught,68,decode
3994,header,891,1,caught,66,decode
3995,payload,2760787,1,caught,66,decode
3996,bit_flip,6968097,1,caught,66,decode
3997,random_bytes,6006496,14,caught,66,decode
3998,zeroed_run,3237892,69,caught,66,decode
3999,truncation,1904941,7377914,caught,68,decode
4000,header,418,1,caught,66,decode
4001,payload,1973096,1,caught,66,decode
4002,bit_flip,3075130,1,caught,66,decode
4003,random_bytes,1534519,8,caught,66,decode
4004,zeroed_run,3320987,1281,caught,66,decode
4005,truncation,1529897,7752958,caught,68,decode
4006,header,133,1,caught,66,decode
4007,payload,1040184,1,caught,66,decode
4008,bit_flip,5001261,1,caught,66,decode
4009,random_bytes,8455050,13,caught,66,decode
4010,zeroed_run,4818807,877,caught,66,decode
4011,truncation,6881319,2401536,caught,68,decode
4012,header,225,1,caught,66,decode
4013,payload,2207907,1,caught,66,decode
4014,bit_flip,1118111,1,caught,66,decode
4015,random_bytes,91096,14,caught,66,decode
4016,zeroed_run,2094151,322,caught,66,decode
4017,truncation,3319639,5963216,caught,68,decode
4018,header,102,1,caught,66,decode
4019,payload,395962,1,caught,66,decode
4020,bit_flip,5339560,1,caught,66,decode
4021,random_bytes,4235397,4,caught,66,decode
4022,zeroed_run,8585300,2229,caught,66,decode
4023,truncation,7119827,2163028,caught,68,decode
4024,header,132,1,caught,66,decode
4025,payload,779633,1,caught,66,decode
4026,bit_flip,3937133,1,caught,66,decode
4027,random_bytes,892331,8,caught,66,decode
4028,zeroed_run,4294687,662,caught,66,decode
4029,truncation,684318,8598537,caught,68,decode
4030,header,678,1,caught,66,decode
4031,payload,5927866,1,caught,66,decode
4032,bit_flip,5667400,1,caught,66,decode
4033,random_bytes,6253495,10,caught,66,decode
4034,zeroed_run,3576387,2641,caught,66,decode
4035,truncation,5075417,4207438,caught,68,decode
4036,header,974,1,caught,66,decode
4037,payload,4578936,1,caught,66,decode
4038,bit_flip,3541467,1,caught,66,decode
4039,random_bytes,7308592,16,caught,66,decode
4040,zeroed_run,3291968,3742,caught,66,decode
4041,truncation,7529595,1753260,caught,68,decode
4042,header,749,1,caught,66,decode
4043,payload,4908688,1,caught,66,decode
4044,bit_flip,6950138,1,caught,66,decode
4045,random_bytes,8136075,3,caught,66,decode
4046,zeroed_run,1636256,2683,caught,66,decode
4047,truncation,5274506,4008349,caught,68,decode
4048,header,896,1,caught,66,decode
4049,payload,6943671,1,caught,66,decode
4050,bit_flip,4401145,1,caught,66,decode
4051,random_bytes,3560010,2,caught,66,decode
4052,zeroed_run,4924493,3225,caught,66,decode
4053,truncation,2086140,7196715,caught,68,decode
4054,header,852,1,caught,66,decode
4055,payload,2886961,1,caught,66,decode
4056,bit_flip,7174795,1,caught,66,decode
4057,random_bytes,8353779,14,caught,66,decode
4058,zeroed_run,8719915,3313,caught,66,decode
4059,truncation,1626768,7656087,caught,68,decode
4060,header,464,1,caught,66,decode
4061,payload,7867980,1,caught,66,decode
4062,bit_flip,33040,1,caught,66,decode
4063,random_bytes,7494414,1,caught,66,decode
4064,zeroed_run,2958393,2148,caught,66,decode
4065,truncation,2806297,6476558,caught,68,decode
4066,header,445,1,caught,66,decode
4067,payload,7511949,1,caught,66,decode
4068,bit_flip,12906,1,caught,66,decode
4069,random_bytes,3197627,8,caught,66,decode
4070,zeroed_run,2724004,2456,caught,66,decode
4071,truncation,1628891,7653964,caught,68,decode
4072,header,844,1,caught,66,decode
4073,payload,8987455,1,caught,66,decode
4074,bit_flip,8142352,1,caught,66,decode
4075,random_bytes,1881478,15,caught,66,decode
4076,zeroed_run,1572331,1056,caught,66,decode
4077,truncation,2186257,7096598,caught,68,decode
4078,header,706,1,caught,66,decode
4079,payload,942173,1,caught,66,decode
4080,bit_flip,3469008,1,caught,66,decode
4081,random_bytes,4050404,1,caught,66,decode
4082,zeroed_run,1436461,684,caught,66,decode
4083,truncation,2770031,6512824,caught,68,decode
4084,header,535,1,caught,66,decode
4085,payload,4769722,1,caught,66,decode
4086,bit_flip,8608910,1,caught,66,decode
4087,random_bytes,5796517,7,caught,66,decode
4088,zeroed_run,6799940,590,caught,66,decode
4089,truncation,7386354,1896501,caught,68,decode
4090,header,538,1,caught,66,decode
4091,payload,7599187,1,caught,66,decode
4092,bit_flip,1553825,1,caught,66,decode
4093,random_bytes,7008064,10,caught,66,decode
4094,zeroed_run,900617,1263,caught,66,decode
4095,truncation,8630715,652140,caught,68,decode
4096,header,567,1,caught,66,decode
4097,payload,8257709,1,caught,66,decode
4098,bit_flip,1208334,1,caught,66,decode
4099,random_bytes,8699588,7,caught,66,decode
4100,zeroed_run,987871,3916,caught,66,decode
4101,truncation,1809048,7473807,caught,68,decode
4102,header,25,1,caught,66,decode
4103,payload,8367609,1,caught,66,decode
4104,bit_flip,8971345,1,caught,66,decode
4105,random_bytes,8119645,16,caught,66,decode
4106,zeroed_run,318404,3573,caught,66,decode
4107,truncation,9251823,31032,caught,68,decode
4108,header,191,1,caught,66,decode
4109,payload,6108271,1,caught,66,decode
4110,bit_flip,3268469,1,caught,66,decode
4111,random_bytes,1020254,7,caught,66,decode
4112,zeroed_run,8670979,2815,caught,66,decode
4113,truncation,1680484,7602371,caught,68,decode
4114,header,388,1,caught,66,decode
4115,payload,2363359,1,caught,66,decode
4116,bit_flip,100077,1,caught,66,decode
4117,random_bytes,6987085,12,caught,66,decode
4118,zeroed_run,5183507,1992,caught,66,decode
4119,truncation,714558,8568297,caught,68,decode
4120,header,277,1,caught,66,decode
4121,payload,7609299,1,caught,66,decode
4122,bit_flip,3066168,1,caught,66,decode
4123,random_bytes,4091487,10,caught,66,decode
4124,zeroed_run,9055962,3613,caught,66,decode
4125,truncation,7618436,1664419,caught,68,decode
4126,header,317,1,caught,66,decode
4127,payload,7724780,1,caught,66,decode
4128,bit_flip,8785079,1,caught,66,decode
4129,random_bytes,5566271,9,caught,66,decode
4130,zeroed_run,3954845,2639,caught,66,decode
4131,truncation,1151814,8131041,caught,68,decode
4132,header,271,1,caught,66,decode
4133,payload,7172986,1,caught,66,decode
4134,bit_flip,6860833,1,caught,66,decode
4135,random_bytes,7213619,4,caught,66,decode
4136,zeroed_run,5408882,848,caught,66,decode
4137,truncation,1159400,8123455,caught,68,decode
4138,header,263,1,caught,66,decode
4139,payload,9012857,1,caught,66,decode
4140,bit_flip,6198546,1,caught,66,decode
4141,random_bytes,5566333,3,caught,66,decode
4142,zeroed_run,2200486,3389,caught,66,decode
4143,truncation,5589659,3693196,caught,68,decode
4144,header,992,1,caught,66,decode
4145,payload,9019547,1,caught,66,decode
4146,bit_flip,3512265,1,caught,66,decode
4147,random_bytes,1903036,13,caught,66,decode
4148,zeroed_run,5526337,1670,caught,66,decode
4149,truncation,2198882,7083973,caught,68,decode
4150,header,234,1,caught,66,decode
4151,payload,7611647,1,caught,66,decode
4152,bit_flip,88782,1,caught,66,decode
4153,random_bytes,5539117,16,caught,66,decode
4154,zeroed_run,5659564,233,caught,66,decode
4155,truncation,2564077,6718778,caught,68,decode
4156,header,500,1,caught,66,decode
4157,payload,2758822,1,caught,66,decode
4158,bit_flip,7720106,1,caught,66,decode
4159,random_bytes,8617213,13,caught,66,decode
4160,zeroed_run,1179612,3430,caught,66,decode
4161,truncation,7158238,2124617,caught,68,decode
4162,header,428,1,caught,66,decode
4163,payload,4073419,1,caught,66,decode
4164,bit_flip,9080795,1,caught,66,decode
4165,random_bytes,3688106,15,caught,66,decode
4166,zeroed_run,4691377,4029,caught,66,decode
4167,truncation,8878089,404766,caught,68,decode
4168,header,565,1,caught,66,decode
4169,payload,7432334,1,caught,66,decode
4170,bit_flip,3021599,1,caught,66,decode
4171,random_bytes,2420764,16,caught,66,decode
4172,zeroed_run,1382267,491,caught,66,decode
4173,truncation,2729776,6553079,caught,68,decode
4174,header,723,1,caught,66,decode
4175,payload,3942196,1,caught,66,decode
4176,bit_flip,9000133,1,caught,66,decode
4177,random_bytes,6186840,6,caught,66,decode
4178,zeroed_run,3604724,2338,caught,66,decode
4179,truncation,4813763,4469092,caught,68,decode
4180,header,227,1,caught,66,decode
4181,payload,1644723,1,caught,66,decode
4182,bit_flip,7137827,1,caught,66,decode
4183,random_bytes,7800811,6,caught,66,decode
4184,zeroed_run,1943739,2087,caught,66,decode
4185,truncation,5970956,3311899,caught,68,decode
4186,header,625,1,caught,66,decode
4187,payload,4072973,1,caught,66,decode
4188,bit_flip,8373031,1,caught,66,decode
4189,random_bytes,8016706,10,caught,66,decode
4190,zeroed_run,8114116,3307,caught,66,decode
4191,truncation,4406950,4875905,caught,68,decode
4192,header,594,1,caught,66,decode
4193,payload,7060184,1,caught,66,decode
4194,bit_flip,858087,1,caught,66,decode
4195,random_bytes,6519017,10,caught,66,decode
4196,zeroed_run,7284788,3089,caught,66,decode
4197,truncation,625534,8657321,caught,68,decode
4198,header,699,1,caught,66,decode
4199,payload,2692531,1,caught,66,decode
4200,bit_flip,9265356,1,caught,66,decode
4201,random_bytes,2025414,10,caught,66,decode
4202,zeroed_run,5451489,3950,caught,66,decode
4203,truncation,2717701,6565154,caught,68,decode
4204,header,433,1,caught,66,decode
4205,payload,1772297,1,caught,66,decode
4206,bit_flip,904794,1,caught,66,decode
4207,random_bytes,4273783,6,caught,66,decode
4208,zeroed_run,4895704,2551,caught,66,decode
4209,truncation,5697200,3585655,caught,68,decode
4210,header,288,1,caught,66,decode
4211,payload,6189759,1,caught,66,decode
4212,bit_flip,96435,1,caught,66,decode
4213,random_bytes,6469714,8,caught,66,decode
4214,zeroed_run,675254,43,caught,66,decode
4215,truncation,554505,8728350,caught,68,decode
4216,header,804,1,caught,66,decode
4217,payload,6803592,1,caught,66,decode
4218,bit_flip,2257656,1,caught,66,decode
4219,random_bytes,2694073,11,caught,66,decode
4220,zeroed_run,1198820,1864,caught,66,decode
4221,truncation,442296,8840559,caught,68,decode
4222,header,711,1,caught,66,decode
4223,payload,8909103,1,caught,66,decode
4224,bit_flip,6438253,1,caught,66,decode
4225,random_bytes,7579307,4,caught,66,decode
4226,zeroed_run,7675256,3744,caught,66,decode
4227,truncation,3587243,5695612,caught,68,decode
4228,header,369,1,caught,66,decode
4229,payload,76208,1,caught,66,decode
4230,bit_flip,5929605,1,caught,66,decode
4231,random_bytes,565124,14,caught,66,decode
4232,zeroed_run,4421759,2801,caught,66,decode
4233,truncation,53050,9229805,caught,68,decode
4234,header,288,1,caught,66,decode
4235,payload,4784941,1,caught,66,decode
4236,bit_flip,1401850,1,caught,66,decode
4237,random_bytes,684973,9,caught,66,decode
4238,zeroed_run,3070704,3965,caught,66,decode
4239,truncation,7815544,1467311,caught,68,decode
4240,header,366,1,caught,66,decode
4241,payload,4760193,1,caught,66,decode
4242,bit_flip,533217,1,caught,66,decode
4243,random_bytes,7560177,11,caught,66,decode
4244,zeroed_run,1070581,2617,caught,66,decode
4245,truncation,7549098,1733757,caught,68,decode
4246,header,36,1,caught,66,decode
4247,payload,4933610,1,caught,66,decode
4248,bit_flip,6457867,1,caught,66,decode
4249,random_bytes,3188920,8,caught,66,decode
4250,zeroed_run,2621015,3019,caught,66,decode
4251,truncation,7164620,2118235,caught,68,decode
4252,header,305,1,caught,66,decode
4253,payload,1723394,1,caught,66,decode
4254,bit_flip,8649456,1,caught,66,decode
4255,random_bytes,5414175,5,caught,66,decode
4256,zeroed_run,390086,2190,caught,66,decode
4257,truncation,6293059,2989796,caught,68,decode
4258,header,148,1,caught,66,decode
4259,payload,3246340,1,caught,66,decode
4260,bit_flip,1942473,1,caught,66,decode
4261,random_bytes,2569798,11,caught,66,decode
4262,zeroed_run,3373625,2940,caught,66,decode
4263,truncation,3705806,5577049,caught,68,decode
4264,header,541,1,caught,66,decode
4265,payload,2896063,1,caught,66,decode
4266,bit_flip,2389872,1,caught,66,decode
4267,random_bytes,3481823,8,caught,66,decode
4268,zeroed_run,3940656,2083,caught,66,decode
4269,truncation,3378852,5904003,caught,68,decode
4270,header,666,1,caught,66,decode
4271,payload,4405850,1,caught,66,decode
4272,bit_flip,7801424,1,caught,66,decode
4273,random_bytes,3659420,11,caught,66,decode
4274,zeroed_run,5027440,2590,caught,66,decode
4275,truncation,6610457,2672398,caught,68,decode
4276,header,214,1,caught,66,decode
4277,payload,3801493,1,caught,66,decode
4278,bit_flip,8969799,1,caught,66,decode
4279,random_bytes,3749456,5,caught,66,decode
4280,zeroed_run,3022557,3305,caught,66,decode
4281,truncation,3435396,5847459,caught,68,decode
4282,header,256,1,caught,66,decode
4283,payload,6590091,1,caught,66,decode
4284,bit_flip,6015717,1,caught,66,decode
4285,random_bytes,4473153,4,caught,66,decode
4286,zeroed_run,8560745,644,caught,66,decode
4287,truncation,1593454,7689401,caught,68,decode
4288,header,838,1,caught,66,decode
4289,payload,7001355,1,caught,66,decode
4290,bit_flip,2284662,1,caught,66,decode
4291,random_bytes,2060037,3,caught,66,decode
4292,zeroed_run,8081977,1271,caught,66,decode
4293,truncation,7218402,2064453,caught,68,decode
4294,header,304,1,caught,66,decode
4295,payload,1063854,1,caught,66,decode
4296,bit_flip,4479003,1,caught,66,decode
4297,random_bytes,6063990,11,caught,66,decode
4298,zeroed_run,3198004,1516,caught,66,decode
4299,truncation,6183435,3099420,caught,68,decode
4300,header,877,1,caught,66,decode
4301,payload,1771217,1,caught,66,decode
4302,bit_flip,4591847,1,caught,66,decode
4303,random_bytes,630613,6,caught,66,decode
4304,zeroed_run,2968715,375,caught,66,decode
4305,truncation,9256166,26689,caught,68,decode
4306,header,958,1,caught,66,decode
4307,payload,720916,1,caught,66,decode
4308,bit_flip,1251852,1,caught,66,decode
4309,random_bytes,4264556,12,caught,66,decode
4310,zeroed_run,4483816,1657,caught,66,decode
4311,truncation,7059811,2223044,caught,68,decode
4312,header,979,1,caught,66,decode
4313,payload,4512010,1,caught,66,decode
4314,bit_flip,5513545,1,caught,66,decode
4315,random_bytes,7638147,9,caught,66,decode
4316,zeroed_run,5462184,753,caught,66,decode
4317,truncation,2021685,7261170,caught,68,decode
4318,header,560,1,caught,66,decode
4319,payload,8041876,1,caught,66,decode
4320,bit_flip,1217851,1,caught,66,decode
4321,random_bytes,7074132,6,caught,66,decode
4322,zeroed_run,4970942,3248,caught,66,decode
4323,truncation,2344680,6938175,caught,68,decode
4324,header,528,1,caught,66,decode
4325,payload,5166911,1,caught,66,decode
4326,bit_flip,7591839,1,caught,66,decode
4327,random_bytes,7626566,15,caught,66,decode
4328,zeroed_run,2614298,4026,caught,66,decode
4329,truncation,8909318,373537,caught,68,decode
4330,header,312,1,caught,66,decode
4331,payload,4779902,1,caught,66,decode
4332,bit_flip,3188116,1,caught,66,decode
4333,random_bytes,105267,7,caught,66,decode
4334,zeroed_run,1282929,962,caught,66,decode
4335,truncation,5146626,4136229,caught,68,decode
4336,header,632,1,caught,66,decode
4337,payload,3529595,1,caught,66,decode
4338,bit_flip,2490474,1,caught,66,decode
4339,random_bytes,3798864,10,caught,66,decode
4340,zeroed_run,5656205,563,caught,66,decode
4341,truncation,407165,8875690,caught,68,decode
4342,header,150,1,caught,66,decode
4343,payload,9216922,1,caught,66,decode
4344,bit_flip,5335726,1,caught,66,decode
4345,random_bytes,2848401,2,caught,66,decode
4346,zeroed_run,5429792,463,caught,66,decode
4347,truncation,3578858,5703997,caught,68,decode
4348,header,538,1,caught,66,decode
4349,payload,6618673,1,caught,66,decode
4350,bit_flip,3616710,1,caught,66,decode
4351,random_bytes,2895956,1,caught,66,decode
4352,zeroed_run,704416,2731,caught,66,decode
4353,truncation,765079,8517776,caught,68,decode
4354,header,312,1,caught,66,decode
4355,payload,5230292,1,caught,66,decode
4356,bit_flip,1652375,1,caught,66,decode
4357,random_bytes,6386286,5,caught,66,decode
4358,zeroed_run,6766743,1641,caught,66,decode
4359,truncation,1897876,7384979,caught,68,decode
4360,header,520,1,caught,66,decode
4361,payload,1890835,1,caught,66,decode
4362,bit_flip,3786852,1,caught,66,decode
4363,random_bytes,4124101,15,caught,66,decode
4364,zeroed_run,8146994,2906,caught,66,decode
4365,truncation,5140422,4142433,caught,68,decode
4366,header,916,1,caught,66,decode
4367,payload,1994380,1,caught,66,decode
4368,bit_flip,4214625,1,caught,66,decode
4369,random_bytes,5680051,12,caught,66,decode
4370,zeroed_run,5104326,1760,caught,66,decode
4371,truncation,2777781,6505074,caught,68,decode
4372,header,835,1,caught,66,decode
4373,payload,5313091,1,caught,66,decode
4374,bit_flip,1222088,1,caught,66,decode
4375,random_bytes,4756815,5,caught,66,decode
4376,zeroed_run,4186135,1349,caught,66,decode
4377,truncation,8196827,1086028,caught,68,decode
4378,header,881,1,caught,66,decode
4379,payload,5731496,1,caught,66,decode
4380,bit_flip,6560861,1,caught,66,decode
4381,random_bytes,8309814,7,caught,66,decode
4382,zeroed_run,697797,3063,caught,66,decode
4383,truncation,6689403,2593452,caught,68,decode
4384,header,190,1,caught,66,decode
4385,payload,3309120,1,caught,66,decode
4386,bit_flip,2250384,1,caught,66,decode
4387,random_bytes,6307920,10,caught,66,decode
4388,zeroed_run,7370510,3413,caught,66,decode
4389,truncation,5144356,4138499,caught,68,decode
4390,header,811,1,caught,66,decode
4391,payload,3816085,1,caught,66,decode
4392,bit_flip,3701957,1,caught,66,decode
4393,random_bytes,8213551,3,caught,66,decode
4394,zeroed_run,2420024,3342,caught,66,decode
4395,truncation,8382189,900666,caught,68,decode
4396,header,307,1,caught,66,decode
4397,payload,659030,1,caught,66,decode
4398,bit_flip,3562005,1,caught,66,decode
4399,random_bytes,3521833,6,caught,66,decode
4400,zeroed_run,4043861,384,caught,66,decode
4401,truncation,5659338,3623517,caught,68,decode
4402,header,857,1,caught,66,decode
4403,payload,3984023,1,caught,66,decode
4404,bit_flip,1898805,1,caught,66,decode
4405,random_bytes,5859840,7,caught,66,decode
4406,zeroed_run,6109623,4029,caught,66,decode
4407,truncation,5089299,4193556,caught,68,decode
4408,header,720,1,caught,66,decode
4409,payload,525649,1,caught,66,decode
4410,bit_flip,6593032,1,caught,66,decode
4411,random_bytes,5877178,12,caught,66,decode
4412,zeroed_run,5287576,2622,caught,66,decode
4413,truncation,2244071,7038784,caught,68,decode
4414,header,420,1,caught,66,decode
4415,payload,3998410,1,caught,66,decode
4416,bit_flip,2900411,1,caught,66,decode
4417,random_bytes,3556638,10,caught,66,decode
4418,zeroed_run,2214047,1027,caught,66,decode
4419,truncation,692893,8589962,caught,68,decode
4420,header,1,1,caught,44,decode
4421,payload,8481141,1,caught,66,decode
4422,bit_flip,7669969,1,caught,66,decode
4423,random_bytes,7132535,1,caught,66,decode
4424,zeroed_run,5959964,1833,caught,66,decode
4425,truncation,7351494,1931361,caught,68,decode
4426,header,357,1,caught,66,decode
4427,payload,8784012,1,caught,66,decode
4428,bit_flip,4497458,1,caught,66,decode
4429,random_bytes,3513010,9,caught,66,decode
4430,zeroed_run,732889,2479,caught,66,decode
4431,truncation,2894920,6387935,caught,68,decode
4432,header,947,1,caught,66,decode
4433,payload,1669413,1,caught,66,decode
4434,bit_flip,1823106,1,caught,66,decode
4435,random_bytes,4138070,6,caught,66,decode
4436,zeroed_run,3534319,3793,caught,66,decode
4437,truncation,2262098,7020757,caught,68,decode
4438,header,826,1,caught,66,decode
4439,payload,4655821,1,caught,66,decode
4440,bit_flip,5412835,1,caught,66,decode
4441,random_bytes,7272194,11,caught,66,decode
4442,zeroed_run,956535,3855,caught,66,decode
4443,truncation,3852192,5430663,caught,68,decode
4444,header,800,1,caught,66,decode
4445,payload,6275090,1,caught,66,decode
4446,bit_flip,9218456,1,caught,66,decode
4447,random_bytes,5536883,5,caught,66,decode
4448,zeroed_run,4196114,3604,caught,66,decode
4449,truncation,8887135,395720,caught,68,decode
4450,header,490,1,caught,66,decode
4451,payload,7241775,1,caught,66,decode
4452,bit_flip,1074104,1,caught,66,decode
4453,random_bytes,5841082,12,caught,66,decode
4454,zeroed_run,3732789,2293,caught,66,decode
4455,truncation,8915274,367581,caught,68,decode
4456,header,416,1,caught,66,decode
4457,payload,4715219,1,caught,66,decode
4458,bit_flip,6122570,1,caught,66,decode
4459,random_bytes,324479,9,caught,66,decode
4460,zeroed_run,1905965,1922,caught,66,decode
4461,truncation,7152740,2130115,caught,68,decode
4462,header,467,1,caught,66,decode
4463,payload,6377725,1,caught,66,decode
4464,bit_flip,1241304,1,caught,66,decode
4465,random_bytes,4898098,12,caught,66,decode
4466,zeroed_run,3833768,3102,caught,66,decode
4467,truncation,2299612,6983243,caught,68,decode
4468,header,392,1,caught,66,decode
4469,payload,627049,1,caught,66,decode
4470,bit_flip,1274222,1,caught,66,decode
4471,random_bytes,3095127,9,caught,66,decode
4472,zeroed_run,1990467,17,caught,66,decode
4473,truncation,6610867,2671988,caught,68,decode
4474,header,203,1,caught,66,decode
4475,payload,442033,1,caught,66,decode
4476,bit_flip,3136308,1,caught,66,decode
4477,random_bytes,1191036,3,caught,66,decode
4478,zeroed_run,8747642,682,caught,66,decode
4479,truncation,2574246,6708609,caught,68,decode
4480,header,751,1,caught,66,decode
4481,payload,3599023,1,caught,66,decode
4482,bit_flip,8784655,1,caught,66,decode
4483,random_bytes,3952884,12,caught,66,decode
4484,zeroed_run,6539761,3033,caught,66,decode
4485,truncation,2152594,7130261,caught,68,decode
4486,header,463,1,caught,66,decode
4487,payload,2722639,1,caught,66,decode
4488,bit_flip,5684549,1,caught,66,decode
4489,random_bytes,1305987,7,caught,66,decode
4490,zeroed_run,4696680,2792,caught,66,decode
4491,truncation,8910887,371968,caught,68,decode
4492,header,525,1,caught,66,decode
4493,payload,8960348,1,caught,66,decode
4494,bit_flip,7141364,1,caught,66,decode
4495,random_bytes,2883468,12,caught,66,decode
4496,zeroed_run,8605606,1056,caught,66,decode
4497,truncation,9278163,4692,caught,68,decode
4498,header,599,1,caught,66,decode
4499,payload,1417085,1,caught,66,decode
4500,bit_flip,2173154,1,caught,66,decode
4501,random_bytes,6046467,5,caught,66,decode
4502,zeroed_run,4048874,856,caught,66,decode
4503,truncation,8131848,1151007,caught,68,decode
4504,header,251,1,caught,66,decode
4505,payload,5291480,1,caught,66,decode
4506,bit_flip,7033628,1,caught,66,decode
4507,random_bytes,4548077,9,caught,66,decode
4508,zeroed_run,8508514,1004,caught,66,decode
4509,truncation,3611576,5671279,caught,68,decode
4510,header,400,1,caught,66,decode
4511,payload,693108,1,caught,66,decode
4512,bit_flip,3639223,1,caught,66,decode
4513,random_bytes,5372653,4,caught,66,decode
4514,zeroed_run,8931978,3880,caught,66,decode
4515,truncation,2962918,6319937,caught,68,decode
4516,header,176,1,caught,66,decode
4517,payload,8138016,1,caught,66,decode
4518,bit_flip,1198344,1,caught,66,decode
4519,random_bytes,8166776,13,caught,66,decode
4520,zeroed_run,5121379,640,caught,66,decode
4521,truncation,5410003,3872852,caught,68,decode
4522,header,523,1,caught,66,decode
4523,payload,1334410,1,caught,66,decode
4524,bit_flip,483549,1,caught,66,decode
4525,random_bytes,6239050,10,caught,66,decode
4526,zeroed_run,4101392,998,caught,66,decode
4527,truncation,6191343,3091512,caught,68,decode
4528,header,985,1,caught,66,decode
4529,payload,6324284,1,caught,66,decode
4530,bit_flip,8924181,1,caught,66,decode
4531,random_bytes,967165,9,caught,66,decode
4532,zeroed_run,790227,3517,caught,66,decode
4533,truncation,5645849,3637006,caught,68,decode
4534,header,293,1,caught,66,decode
4535,payload,7870618,1,caught,66,decode
4536,bit_flip,2145156,1,caught,66,decode
4537,random_bytes,5378062,6,caught,66,decode
4538,zeroed_run,4466577,849,caught,66,decode
4539,truncation,7694829,1588026,caught,68,decode
4540,header,845,1,caught,66,decode
4541,payload,5358684,1,caught,66,decode
4542,bit_flip,873,1,caught,66,decode
4543,random_bytes,7577205,1,caught,66,decode
4544,zeroed_run,3270754,1360,caught,66,decode
4545,truncation,7666094,1616761,caught,68,decode
4546,header,918,1,caught,66,decode
4547,payload,1893740,1,caught,66,decode
4548,bit_flip,4554668,1,caught,66,decode
4549,random_bytes,814217,13,caught,66,decode
4550,zeroed_run,8853893,1749,caught,66,decode
4551,truncation,5103963,4178892,caught,68,decode
4552,header,747,1,caught,66,decode
4553,payload,2801645,1,caught,66,decode
4554,bit_flip,7443192,1,caught,66,decode
4555,random_bytes,3355691,1,caught,66,decode
4556,zeroed_run,5483430,310,caught,66,decode
4557,truncation,2677895,6604960,caught,68,decode
4558,header,948,1,caught,66,decode
4559,payload,3817637,1,caught,66,decode
4560,bit_flip,7499801,1,caught,66,decode
4561,random_bytes,406061,14,caught,66,decode
4562,zeroed_run,7765483,375,caught,66,decode
4563,truncation,8223367,1059488,caught,68,decode
4564,header,564,1,caught,66,decode
4565,payload,4292900,1,caught,66,decode
4566,bit_flip,706433,1,caught,66,decode
4567,random_bytes,5072159,2,caught,66,decode
4568,zeroed_run,8789604,3979,caught,66,decode
4569,truncation,876195,8406660,caught,68,decode
4570,header,377,1,caught,66,decode
4571,payload,8886845,1,caught,66,decode
4572,bit_flip,6068953,1,caught,66,decode
4573,random_bytes,5213897,2,caught,66,decode
4574,zeroed_run,2995546,1627,caught,66,decode
4575,truncation,2850093,6432762,caught,68,decode
4576,header,438,1,caught,66,decode
4577,payload,6406587,1,caught,66,decode
4578,bit_flip,1395606,1,caught,66,decode
4579,random_bytes,919183,4,caught,66,decode
4580,zeroed_run,7793036,2073,caught,66,decode
4581,truncation,8621807,661048,caught,68,decode
4582,header,887,1,caught,66,decode
4583,payload,5453303,1,caught,66,decode
4584,bit_flip,8685111,1,caught,66,decode
4585,random_bytes,155331,12,caught,66,decode
4586,zeroed_run,3921197,805,caught,66,decode
4587,truncation,6366945,2915910,caught,68,decode
4588,header,170,1,caught,66,decode
4589,payload,4422293,1,caught,66,decode
4590,bit_flip,1413,1,caught,66,decode
4591,random_bytes,3208138,6,caught,66,decode
4592,zeroed_run,761872,1709,caught,66,decode
4593,truncation,539629,8743226,caught,68,decode
4594,header,815,1,caught,66,decode
4595,payload,2030128,1,caught,66,decode
4596,bit_flip,6323282,1,caught,66,decode
4597,random_bytes,1710162,1,caught,66,decode
4598,zeroed_run,4618156,3429,caught,66,decode
4599,truncation,8218535,1064320,caught,68,decode
4600,header,245,1,caught,66,decode
4601,payload,194056,1,caught,66,decode
4602,bit_flip,5487991,1,caught,66,decode
4603,random_bytes,7501094,7,caught,66,decode
4604,zeroed_run,3817724,1682,caught,66,decode
4605,truncation,8736046,546809,caught,68,decode
4606,header,452,1,caught,66,decode
4607,payload,5513284,1,caught,66,decode
4608,bit_flip,3219527,1,caught,66,decode
4609,random_bytes,756573,14,caught,66,decode
4610,zeroed_run,6033250,1465,caught,66,decode
4611,truncation,6391086,2891769,caught,68,decode
4612,header,835,1,caught,66,decode
4613,payload,8301006,1,caught,66,decode
4614,bit_flip,855400,1,caught,66,decode
4615,random_bytes,8293653,5,caught,66,decode
4616,zeroed_run,2862236,1548,caught,66,decode
4617,truncation,5778857,3503998,caught,68,decode
4618,header,754,1,caught,66,decode
4619,payload,4568336,1,caught,66,decode
4620,bit_flip,8691390,1,caught,66,decode
4621,random_bytes,3071698,11,caught,66,decode
4622,zeroed_run,4470173,2920,caught,66,decode
4623,truncation,1328601,7954254,caught,68,decode
4624,header,91,1,caught,66,decode
4625,payload,4710578,1,caught,66,decode
4626,bit_flip,2395986,1,caught,66,decode
4627,random_bytes,6052311,15,caught,66,decode
4628,zeroed_run,1626971,640,caught,66,decode
4629,truncation,5653270,3629585,caught,68,decode
4630,header,814,1,caught,66,decode
4631,payload,1881809,1,caught,66,decode
4632,bit_flip,3366569,1,caught,66,decode
4633,random_bytes,4265821,13,caught,66,decode
4634,zeroed_run,8306959,467,caught,66,decode
4635,truncation,7455748,1827107,caught,68,decode
4636,header,135,1,caught,66,decode
4637,payload,4171094,1,caught,66,decode
4638,bit_flip,1512480,1,caught,66,decode
4639,random_bytes,3328304,10,caught,66,decode
4640,zeroed_run,8800846,1984,caught,66,decode
4641,truncation,1133499,8149356,caught,68,decode
4642,header,259,1,caught,66,decode
4643,payload,1758182,1,caught,66,decode
4644,bit_flip,1001424,1,caught,66,decode
4645,random_bytes,7182117,7,caught,66,decode
4646,zeroed_run,8471756,685,caught,66,decode
4647,truncation,1016980,8265875,caught,68,decode
4648,header,966,1,caught,66,decode
4649,payload,9205299,1,caught,66,decode
4650,bit_flip,7974171,1,caught,66,decode
4651,random_bytes,4593705,1,caught,66,decode
4652,zeroed_run,561529,3735,caught,66,decode
4653,truncation,5869341,3413514,caught,68,decode
4654,header,563,1,caught,66,decode
4655,payload,1511966,1,caught,66,decode
4656,bit_flip,8883204,1,caught,66,decode
4657,random_bytes,2035105,1,caught,66,decode
4658,zeroed_run,1661674,2048,caught,66,decode
4659,truncation,2431807,6851048,caught,68,decode
4660,header,567,1,caught,66,decode
4661,payload,8811197,1,caught,66,decode
4662,bit_flip,635742,1,caught,66,decode
4663,random_bytes,7107036,15,caught,66,decode
4664,zeroed_run,2063565,701,caught,66,decode
4665,truncation,2920859,6361996,caught,68,decode
4666,header,30,1,caught,66,decode
4667,payload,7601557,1,caught,66,decode
4668,bit_flip,4100312,1,caught,66,decode
4669,random_bytes,8617374,10,caught,66,decode
4670,zeroed_run,1262627,1599,caught,66,decode
4671,truncation,307453,8975402,caught,68,decode
4672,header,356,1,caught,66,decode
4673,payload,3775946,1,caught,66,decode
4674,bit_flip,6209627,1,caught,66,decode
4675,random_bytes,6128309,1,caught,66,decode
4676,zeroed_run,5128213,3024,caught,66,decode
4677,truncation,5283066,3999789,caught,68,decode
4678,header,533,1,caught,66,decode
4679,payload,7051511,1,caught,66,decode
4680,bit_flip,6951634,1,caught,66,decode
4681,random_bytes,5793934,9,caught,66,decode
4682,zeroed_run,5346163,2952,caught,66,decode
4683,truncation,524882,8757973,caught,68,decode
4684,header,649,1,caught,66,decode
4685,payload,5107379,1,caught,66,decode
4686,bit_flip,5111155,1,caught,66,decode
4687,random_bytes,192414,11,caught,66,decode
4688,zeroed_run,9134461,3894,caught,66,decode
4689,truncation,1240481,8042374,caught,68,decode
4690,header,161,1,caught,66,decode
4691,payload,430291,1,caught,66,decode
4692,bit_flip,3513205,1,caught,66,decode
4693,random_bytes,35405,1,caught,66,decode
4694,zeroed_run,9119404,222,caught,66,decode
4695,truncation,6880432,2402423,caught,68,decode
4696,header,894,1,caught,66,decode
4697,payload,420479,1,caught,66,decode
4698,bit_flip,667091,1,caught,66,decode
4699,random_bytes,7778563,16,caught,66,decode
4700,zeroed_run,4275012,1638,caught,66,decode
4701,truncation,8893823,389032,caught,68,decode
4702,header,32,1,caught,66,decode
4703,payload,9103813,1,caught,66,decode
4704,bit_flip,530624,1,caught,66,decode
4705,random_bytes,5871525,5,caught,66,decode
4706,zeroed_run,2104219,1754,caught,66,decode
4707,truncation,4744867,4537988,caught,68,decode
4708,header,928,1,caught,66,decode
4709,payload,5686992,1,caught,66,decode
4710,bit_flip,5470360,1,caught,66,decode
4711,random_bytes,2225636,7,caught,66,decode
4712,zeroed_run,8884335,3221,caught,66,decode
4713,truncation,458491,8824364,caught,68,decode
4714,header,375,1,caught,66,decode
4715,payload,563687,1,caught,66,decode
4716,bit_flip,2869122,1,caught,66,decode
4717,random_bytes,7518518,16,caught,66,decode
4718,zeroed_run,1515358,2553,caught,66,decode
4719,truncation,3804629,5478226,caught,68,decode
4720,header,539,1,caught,66,decode
4721,payload,6551810,1,caught,66,decode
4722,bit_flip,562394,1,caught,66,decode
4723,random_bytes,2604059,13,caught,66,decode
4724,zeroed_run,3662768,2041,caught,66,decode
4725,truncation,5361180,3921675,caught,68,decode
4726,header,180,1,caught,66,decode
4727,payload,3633364,1,caught,66,decode
4728,bit_flip,7787093,1,caught,66,decode
4729,random_bytes,6427623,9,caught,66,decode
4730,zeroed_run,9180517,3880,caught,66,decode
4731,truncation,7771501,1511354,caught,68,decode
4732,header,430,1,caught,66,decode
4733,payload,2184347,1,caught,66,decode
4734,bit_flip,5889466,1,caught,66,decode
4735,random_bytes,7589155,11,caught,66,decode
4736,zeroed_run,4788023,1912,caught,66,decode
4737,truncation,6748386,2534469,caught,68,decode
4738,header,898,1,caught,66,decode
4739,payload,856686,1,caught,66,decode
4740,bit_flip,524402,1,caught,66,decode
4741,random_bytes,5889181,14,caught,66,decode
4742,zeroed_run,5478003,1682,caught,66,decode
4743,truncation,9262667,20188,caught,68,decode
4744,header,949,1,caught,66,decode
4745,payload,1772763,1,caught,66,decode
4746,bit_flip,1069890,1,caught,66,decode
4747,random_bytes,3277997,10,caught,66,decode
4748,zeroed_run,4312835,3834,caught,66,decode
4749,truncation,5842304,3440551,caught,68,decode
4750,header,2,1,caught,44,decode
4751,payload,554713,1,caught,66,decode
4752,bit_flip,292671,1,caught,66,decode
4753,random_bytes,910540,13,caught,66,decode
4754,zeroed_run,2921050,1774,caught,66,decode
4755,truncation,1676401,7606454,caught,68,decode
4756,header,973,1,caught,66,decode
4757,payload,4752046,1,caught,66,decode
4758,bit_flip,8990588,1,caught,66,decode
4759,random_bytes,5172311,12,caught,66,decode
4760,zeroed_run,8110,1221,caught,66,decode
4761,truncation,9274363,8492,caught,68,decode
4762,header,526,1,caught,66,decode
4763,payload,2269831,1,caught,66,decode
4764,bit_flip,6321550,1,caught,66,decode
4765,random_bytes,1035646,12,caught,66,decode
4766,zeroed_run,2418669,2382,caught,66,decode
4767,truncation,1153041,8129814,caught,68,decode
4768,header,970,1,caught,66,decode
4769,payload,7854534,1,caught,66,decode
4770,bit_flip,1020730,1,caught,66,decode
4771,random_bytes,7341250,13,caught,66,decode
4772,zeroed_run,900231,3667,caught,66,decode
4773,truncation,6700158,2582697,caught,68,decode
4774,header,240,1,caught,66,decode
4775,payload,492825,1,caught,66,decode
4776,bit_flip,5575427,1,caught,66,decode
4777,random_bytes,7027655,7,caught,66,decode
4778,zeroed_run,1291072,2373,caught,66,decode
4779,truncation,7801259,1481596,caught,68,decode
4780,header,315,1,caught,66,decode
4781,payload,3811465,1,caught,66,decode
4782,bit_flip,2844195,1,caught,66,decode
4783,random_bytes,65663,8,caught,66,decode
4784,zeroed_run,3358183,1182,caught,66,decode
4785,truncation,8579217,703638,caught,68,decode
4786,header,420,1,caught,66,decode
4787,payload,2300299,1,caught,66,decode
4788,bit_flip,5381363,1,caught,66,decode
4789,random_bytes,3205939,3,caught,66,decode
4790,zeroed_run,5747309,1212,caught,66,decode
4791,truncation,1027695,8255160,caught,68,decode
4792,header,244,1,caught,66,decode
4793,payload,8127505,1,caught,66,decode
4794,bit_flip,7380933,1,caught,66,decode
4795,random_bytes,4799134,2,caught,66,decode
4796,zeroed_run,826955,1463,caught,66,decode
4797,truncation,5210004,4072851,caught,68,decode
4798,header,377,1,caught,66,decode
4799,payload,8137819,1,caught,66,decode
4800,bit_flip,3924800,1,caught,66,decode
4801,random_bytes,6284333,7,caught,66,decode
4802,zeroed_run,7889787,984,caught,66,decode
4803,truncation,3976039,5306816,caught,68,decode
4804,header,396,1,caught,66,decode
4805,payload,8209126,1,caught,66,decode
4806,bit_flip,811560,1,caught,66,decode
4807,random_bytes,4186876,3,caught,66,decode
4808,zeroed_run,5838737,753,caught,66,decode
4809,truncation,7440352,1842503,caught,68,decode
4810,header,667,1,caught,66,decode
4811,payload,6455503,1,caught,66,decode
4812,bit_flip,116170,1,caught,66,decode
4813,random_bytes,4565269,10,caught,66,decode
4814,zeroed_run,1389094,1844,caught,66,decode
4815,truncation,7239517,2043338,caught,68,decode
4816,header,492,1,caught,66,decode
4817,payload,8614699,1,caught,66,decode
4818,bit_flip,7647555,1,caught,66,decode
4819,random_bytes,8347309,2,caught,66,decode
4820,zeroed_run,8270699,3129,caught,66,decode
4821,truncation,629907,8652948,caught,68,decode
4822,header,310,1,caught,66,decode
4823,payload,1064344,1,caught,66,decode
4824,bit_flip,2433213,1,caught,66,decode
4825,random_bytes,3177338,1,caught,66,decode
4826,zeroed_run,4468659,43,caught,66,decode
4827,truncation,1546785,7736070,caught,68,decode
4828,header,332,1,caught,66,decode
4829,payload,4317690,1,caught,66,decode
4830,bit_flip,7532729,1,caught,66,decode
4831,random_bytes,3992635,4,caught,66,decode
4832,zeroed_run,8716449,3371,caught,66,decode
4833,truncation,7463338,1819517,caught,68,decode
4834,header,872,1,caught,66,decode
4835,payload,1260800,1,caught,66,decode
4836,bit_flip,5926918,1,caught,66,decode
4837,random_bytes,1550599,7,caught,66,decode
4838,zeroed_run,3651544,1849,caught,66,decode
4839,truncation,123751,9159104,caught,68,decode
4840,header,776,1,caught,66,decode
4841,payload,9224671,1,caught,66,decode
4842,bit_flip,5791480,1,caught,66,decode
4843,random_bytes,426227,8,caught,66,decode
4844,zeroed_run,5116186,3220,caught,66,decode
4845,truncation,8411136,871719,caught,68,decode
4846,header,481,1,caught,66,decode
4847,payload,5129847,1,caught,66,decode
4848,bit_flip,7785215,1,caught,66,decode
4849,random_bytes,5494054,3,caught,66,decode
4850,zeroed_run,2121580,2772,caught,66,decode
4851,truncation,3200289,6082566,caught,68,decode
4852,header,166,1,caught,66,decode
4853,payload,3750378,1,caught,66,decode
4854,bit_flip,7504021,1,caught,66,decode
4855,random_bytes,6290759,13,caught,66,decode
4856,zeroed_run,5319166,3096,caught,66,decode
4857,truncation,4277209,5005646,caught,68,decode
4858,header,312,1,caught,66,decode
4859,payload,5807130,1,caught,66,decode
4860,bit_flip,1625194,1,caught,66,decode
4861,random_bytes,7280192,4,caught,66,decode
4862,zeroed_run,2741816,2295,caught,66,decode
4863,truncation,7623519,1659336,caught,68,decode
4864,header,994,1,caught,66,decode
4865,payload,7164246,1,caught,66,decode
4866,bit_flip,5984693,1,caught,66,decode
4867,random_bytes,3996472,5,caught,66,decode
4868,zeroed_run,4191067,3158,caught,66,decode
4869,truncation,2673679,6609176,caught,68,decode
4870,header,27,1,caught,66,decode
4871,payload,3086232,1,caught,66,decode
4872,bit_flip,5989427,1,caught,66,decode
4873,random_bytes,3083296,10,caught,66,decode
4874,zeroed_run,5327853,525,caught,66,decode
4875,truncation,1995079,7287776,caught,68,decode
4876,header,164,1,caught,66,decode
4877,payload,914090,1,caught,66,decode
4878,bit_flip,7010738,1,caught,66,decode
4879,random_bytes,741918,2,caught,66,decode
4880,zeroed_run,5803524,299,caught,66,decode
4881,truncation,3179468,6103387,caught,68,decode
4882,header,157,1,caught,66,decode
4883,payload,1693993,1,caught,66,decode
4884,bit_flip,1264208,1,caught,66,decode
4885,random_bytes,1017431,13,caught,66,decode
4886,zeroed_run,3095579,272,caught,66,decode
4887,truncation,4081578,5201277,caught,68,decode
4888,header,721,1,caught,66,decode
4889,payload,3397095,1,caught,66,decode
4890,bit_flip,362117,1,caught,66,decode
4891,random_bytes,7505576,9,caught,66,decode
4892,zeroed_run,812584,1020,caught,66,decode
4893,truncation,1346484,7936371,caught,68,decode
4894,header,141,1,caught,66,decode
4895,payload,4612661,1,caught,66,decode
4896,bit_flip,7522106,1,caught,66,decode
4897,random_bytes,2405404,5,caught,66,decode
4898,zeroed_run,1091694,3732,caught,66,decode
4899,truncation,8674878,607977,caught,68,decode
4900,header,643,1,caught,66,decode
4901,payload,4784093,1,caught,66,decode
4902,bit_flip,6973882,1,caught,66,decode
4903,random_bytes,2055911,1,caught,66,decode
4904,zeroed_run,5934662,2241,caught,66,decode
4905,truncation,4548673,4734182,caught,68,decode
4906,header,239,1,caught,66,decode
4907,payload,3947153,1,caught,66,decode
4908,bit_flip,8697269,1,caught,66,decode
4909,random_bytes,6265403,15,caught,66,decode
4910,zeroed_run,7100682,1665,caught,66,decode
4911,truncation,1740541,7542314,caught,68,decode
4912,header,276,1,caught,66,decode
4913,payload,9160365,1,caught,66,decode
4914,bit_flip,6462401,1,caught,66,decode
4915,random_bytes,8203456,1,caught,66,decode
4916,zeroed_run,4112272,703,caught,66,decode
4917,truncation,8255098,1027757,caught,68,decode
4918,header,49,1,caught,66,decode
4919,payload,7475318,1,caught,66,decode
4920,bit_flip,5943108,1,caught,66,decode
4921,random_bytes,8834410,2,caught,66,decode
4922,zeroed_run,7810142,1722,caught,66,decode
4923,truncation,6460651,2822204,caught,68,decode
4924,header,161,1,caught,66,decode
4925,payload,6443584,1,caught,66,decode
4926,bit_flip,4453248,1,caught,66,decode
4927,random_bytes,6528908,16,caught,66,decode
4928,zeroed_run,5958158,2103,caught,66,decode
4929,truncation,3952500,5330355,caught,68,decode
4930,header,84,1,caught,66,decode
4931,payload,2803317,1,caught,66,decode
4932,bit_flip,5110603,1,caught,66,decode
4933,random_bytes,5169259,5,caught,66,decode
4934,zeroed_run,8388273,1878,caught,66,decode
4935,truncation,3042287,6240568,caught,68,decode
4936,header,57,1,caught,66,decode
4937,payload,5388814,1,caught,66,decode
4938,bit_flip,6422744,1,caught,66,decode
4939,random_bytes,5537529,1,caught,66,decode
4940,zeroed_run,6946787,2251,caught,66,decode
4941,truncation,4467227,4815628,caught,68,decode
4942,header,1006,1,caught,66,decode
4943,payload,6766778,1,caught,66,decode
4944,bit_flip,1522806,1,caught,66,decode
4945,random_bytes,2140314,6,caught,66,decode
4946,zeroed_run,5514374,2768,caught,66,decode
4947,truncation,2871289,6411566,caught,68,decode
4948,header,568,1,caught,66,decode
4949,payload,1830317,1,caught,66,decode
4950,bit_flip,7045561,1,caught,66,decode
4951,random_bytes,9240442,8,caught,66,decode
4952,zeroed_run,5988152,3155,caught,66,decode
4953,truncation,6409332,2873523,caught,68,decode
4954,header,681,1,caught,66,decode
4955,payload,8658704,1,caught,66,decode
4956,bit_flip,3266259,1,caught,66,decode
4957,random_bytes,7443868,15,caught,66,decode
4958,zeroed_run,5901506,2660,caught,66,decode
4959,truncation,3141037,6141818,caught,68,decode
4960,header,948,1,caught,66,decode
4961,payload,2965259,1,caught,66,decode
4962,bit_flip,2263102,1,caught,66,decode
4963,random_bytes,5937099,10,caught,66,decode
4964,zeroed_run,3061712,288,caught,66,decode
4965,truncation,1176758,8106097,caught,68,decode
4966,header,568,1,caught,66,decode
4967,payload,6663582,1,caught,66,decode
4968,bit_flip,4695104,1,caught,66,decode
4969,random_bytes,9016296,3,caught,66,decode
4970,zeroed_run,2782319,3496,caught,66,decode
4971,truncation,6528853,2754002,caught,68,decode
4972,header,87,1,caught,66,decode
4973,payload,2720533,1,caught,66,decode
4974,bit_flip,3814587,1,caught,66,decode
4975,random_bytes,1104684,9,caught,66,decode
4976,zeroed_run,3916668,709,caught,66,decode
4977,truncation,4174603,5108252,caught,68,decode
4978,header,793,1,caught,66,decode
4979,payload,7117275,1,caught,66,decode
4980,bit_flip,2832999,1,caught,66,decode
4981,random_bytes,5079701,10,caught,66,decode
4982,zeroed_run,7680109,2916,caught,66,decode
4983,truncation,5938466,3344389,caught,68,decode
4984,header,509,1,caught,66,decode
4985,payload,687111,1,caught,66,decode
4986,bit_flip,2515416,1,caught,66,decode
4987,random_bytes,4873047,6,caught,66,decode
4988,zeroed_run,6232530,4002,caught,66,decode
4989,truncation,8779384,503471,caught,68,decode
4990,header,416,1,caught,66,decode
4991,payload,3710061,1,caught,66,decode
4992,bit_flip,9219417,1,caught,66,decode
4993,random_bytes,3095913,9,caught,66,decode
4994,zeroed_run,7608794,643,caught,66,decode
4995,truncation,5673255,3609600,caught,68,decode
4996,header,866,1,caught,66,decode
4997,payload,4380919,1,caught,66,decode
4998,bit_flip,2050569,1,caught,66,decode
4999,random_bytes,68576,9,caught,66,decode
5000,zeroed_run,1594726,355,caught,66,decode
5001,truncation,1184834,8098021,caught,68,decode
5002,header,988,1,caught,66,decode
5003,payload,3819372,1,caught,66,decode
5004,bit_flip,8671575,1,caught,66,decode
5005,random_bytes,9011474,2,caught,66,decode
5006,zeroed_run,7590255,3271,caught,66,decode
5007,truncation,9031171,251684,caught,68,decode
5008,header,460,1,caught,66,decode
5009,payload,335685,1,caught,66,decode
5010,bit_flip,5190595,1,caught,66,decode
5011,random_bytes,584396,16,caught,66,decode
5012,zeroed_run,8866992,3353,caught,66,decode
5013,truncation,2100306,7182549,caught,68,decode
5014,header,917,1,caught,66,decode
5015,payload,5192223,1,caught,66,decode
5016,bit_flip,5812794,1,caught,66,decode
5017,random_bytes,6231687,12,caught,66,decode
5018,zeroed_run,1516986,3602,caught,66,decode
5019,truncation,3540800,5742055,caught,68,decode
5020,header,649,1,caught,66,decode
5021,payload,4778749,1,caught,66,decode
5022,bit_flip,3692579,1,caught,66,decode
5023,random_bytes,6535722,12,caught,66,decode
5024,zeroed_run,7053395,779,caught,66,decode
5025,truncation,2169624,7113231,caught,68,decode
5026,header,667,1,caught,66,decode
5027,payload,6502343,1,caught,66,decode
5028,bit_flip,6378417,1,caught,66,decode
5029,random_bytes,5862503,12,caught,66,decode
5030,zeroed_run,7283731,1104,caught,66,decode
5031,truncation,1722803,7560052,caught,68,decode
5032,header,120,1,caught,66,decode
5033,payload,5717973,1,caught,66,decode
5034,bit_flip,2959781,1,caught,66,decode
5035,random_bytes,219098,7,caught,66,decode
5036,zeroed_run,6205640,3666,caught,66,decode
5037,truncation,8910818,372037,caught,68,decode
5038,header,531,1,caught,66,decode
5039,payload,2713607,1,caught,66,decode
5040,bit_flip,1928146,1,caught,66,decode
5041,random_bytes,774503,7,caught,66,decode
5042,zeroed_run,1800773,1669,caught,66,decode
5043,truncation,732125,8550730,caught,68,decode
5044,header,49,1,caught,66,decode
5045,payload,5435455,1,caught,66,decode
5046,bit_flip,630038,1,caught,66,decode
5047,random_bytes,8573494,3,caught,66,decode
5048,zeroed_run,2678333,2584,caught,66,decode
5049,truncation,1647711,7635144,caught,68,decode
5050,header,537,1,caught,66,decode
5051,payload,1450884,1,caught,66,decode
5052,bit_flip,6006827,1,caught,66,decode
5053,random_bytes,8590639,4,caught,66,decode
5054,zeroed_run,3981697,2610,caught,66,decode
5055,truncation,2878335,6404520,caught,68,decode
5056,header,641,1,caught,66,decode
5057,payload,6673581,1,caught,66,decode
5058,bit_flip,5436436,1,caught,66,decode
5059,random_bytes,1771259,14,caught,66,decode
5060,zeroed_run,8467055,3514,caught,66,decode
5061,truncation,5163190,4119665,caught,68,decode
5062,header,75,1,caught,66,decode
5063,payload,4962770,1,caught,66,decode
5064,bit_flip,4031457,1,caught,66,decode
5065,random_bytes,9028842,16,caught,66,decode
5066,zeroed_run,1308459,1894,caught,66,decode
5067,truncation,6970626,2312229,caught,68,decode
5068,header,836,1,caught,66,decode
5069,payload,8775262,1,caught,66,decode
5070,bit_flip,1481131,1,caught,66,decode
5071,random_bytes,5488758,12,caught,66,decode
5072,zeroed_run,8054476,3305,caught,66,decode
5073,truncation,7030302,2252553,caught,68,decode
5074,header,152,1,caught,66,decode
5075,payload,3307532,1,caught,66,decode
5076,bit_flip,1235229,1,caught,66,decode
5077,random_bytes,7169902,15,caught,66,decode
5078,zeroed_run,8458267,2770,caught,66,decode
5079,truncation,6216513,3066342,caught,68,decode
5080,header,127,1,caught,66,decode
5081,payload,120965,1,caught,66,decode
5082,bit_flip,321635,1,caught,66,decode
5083,random_bytes,7134582,2,caught,66,decode
5084,zeroed_run,4287081,1688,caught,66,decode
5085,truncation,5046455,4236400,caught,68,decode
5086,header,854,1,caught,66,decode
5087,payload,5975901,1,caught,66,decode
5088,bit_flip,9097817,1,caught,66,decode
5089,random_bytes,1274538,3,caught,66,decode
5090,zeroed_run,7291847,2464,caught,66,decode
5091,truncation,8564273,718582,caught,68,decode
5092,header,653,1,caught,66,decode
5093,payload,4368169,1,caught,66,decode
5094,bit_flip,7586445,1,caught,66,decode
5095,random_bytes,9213054,16,caught,66,decode
5096,zeroed_run,2737664,606,caught,66,decode
5097,truncation,6227555,3055300,caught,68,decode
5098,header,47,1,caught,66,decode
5099,payload,4785522,1,caught,66,decode
5100,bit_flip,6477993,1,caught,66,decode
5101,random_bytes,1691432,3,caught,66,decode
5102,zeroed_run,2680742,3966,caught,66,decode
5103,truncation,7946931,1335924,caught,68,decode
5104,header,642,1,caught,66,decode
5105,payload,3250840,1,caught,66,decode
5106,bit_flip,7474333,1,caught,66,decode
5107,random_bytes,3151304,9,caught,66,decode
5108,zeroed_run,2363735,761,caught,66,decode
5109,truncation,95063,9187792,caught,68,decode
5110,header,750,1,caught,66,decode
5111,payload,3088915,1,caught,66,decode
5112,bit_flip,7465827,1,caught,66,decode
5113,random_bytes,4284286,12,caught,66,decode
5114,zeroed_run,5664367,2779,caught,66,decode
5115,truncation,3271723,6011132,caught,68,decode
5116,header,8,1,caught,66,decode
5117,payload,510524,1,caught,66,decode
5118,bit_flip,7721242,1,caught,66,decode
5119,random_bytes,4535672,16,caught,66,decode
5120,zeroed_run,8795207,1399,caught,66,decode
5121,truncation,2741038,6541817,caught,68,decode
5122,header,674,1,caught,66,decode
5123,payload,280638,1,caught,66,decode
5124,bit_flip,8969792,1,caught,66,decode
5125,random_bytes,1060471,5,caught,66,decode
5126,zeroed_run,339514,3779,caught,66,decode
5127,truncation,4507863,4774992,caught,68,decode
5128,header,398,1,caught,66,decode
5129,payload,8942418,1,caught,66,decode
5130,bit_flip,1971789,1,caught,66,decode
5131,random_bytes,3542701,4,caught,66,decode
5132,zeroed_run,7102432,3896,caught,66,decode
5133,truncation,4372807,4910048,caught,68,decode
5134,header,187,1,caught,66,decode
5135,payload,2221577,1,caught,66,decode
5136,bit_flip,6907688,1,caught,66,decode
5137,random_bytes,7812790,8,caught,66,decode
5138,zeroed_run,1140315,1630,caught,66,decode
5139,truncation,6585934,2696921,caught,68,decode
5140,header,495,1,caught,66,decode
5141,payload,2162271,1,caught,66,decode
5142,bit_flip,4834236,1,caught,66,decode
5143,random_bytes,5076059,9,caught,66,decode
5144,zeroed_run,3883682,3005,caught,66,decode
5145,truncation,3502791,5780064,caught,68,decode
5146,header,832,1,caught,66,decode
5147,payload,3758470,1,caught,66,decode
5148,bit_flip,5799936,1,caught,66,decode
5149,random_bytes,310510,12,caught,66,decode
5150,zeroed_run,221815,2734,caught,66,decode
5151,truncation,1822252,7460603,caught,68,decode
5152,header,488,1,caught,66,decode
5153,payload,6500035,1,caught,66,decode
5154,bit_flip,1731359,1,caught,66,decode
5155,random_bytes,5757441,3,caught,66,decode
5156,zeroed_run,3620394,689,caught,66,decode
5157,truncation,8147684,1135171,caught,68,decode
5158,header,221,1,caught,66,decode
5159,payload,8331676,1,caught,66,decode
5160,bit_flip,5808174,1,caught,66,decode
5161,random_bytes,252215,5,caught,66,decode
5162,zeroed_run,5408480,2242,caught,66,decode
5163,truncation,5576505,3706350,caught,68,decode
5164,header,904,1,caught,66,decode
5165,payload,8847293,1,caught,66,decode
5166,bit_flip,2517169,1,caught,66,decode
5167,random_bytes,4678679,12,caught,66,decode
5168,zeroed_run,3553187,1617,caught,66,decode
5169,truncation,8189247,1093608,caught,68,decode
5170,header,561,1,caught,66,decode
5171,payload,7190186,1,caught,66,decode
5172,bit_flip,7119176,1,caught,66,decode
5173,random_bytes,4834183,6,caught,66,decode
5174,zeroed_run,4730984,93,caught,66,decode
5175,truncation,2907893,6374962,caught,68,decode
5176,header,7,1,caught,66,decode
5177,payload,8299326,1,caught,66,decode
5178,bit_flip,6752028,1,caught,66,decode
5179,random_bytes,4062895,11,caught,66,decode
5180,zeroed_run,6085109,1022,caught,66,decode
5181,truncation,561407,8721448,caught,68,decode
5182,header,249,1,caught,66,decode
5183,payload,7520067,1,caught,66,decode
5184,bit_flip,2374704,1,caught,66,decode
5185,random_bytes,5012429,1,caught,66,decode
5186,zeroed_run,2525128,1029,caught,66,decode
5187,truncation,7215112,2067743,caught,68,decode
5188,header,443,1,caught,66,decode
5189,payload,8270529,1,caught,66,decode
5190,bit_flip,297389,1,caught,66,decode
5191,random_bytes,1032425,6,caught,66,decode
5192,zeroed_run,2860845,2869,caught,66,decode
5193,truncation,7543883,1738972,caught,68,decode
5194,header,45,1,caught,66,decode
5195,payload,1529067,1,caught,66,decode
5196,bit_flip,7379577,1,caught,66,decode
5197,random_bytes,214961,5,caught,66,decode
5198,zeroed_run,4444401,2876,caught,66,decode
5199,truncation,155574,9127281,caught,68,decode
5200,header,859,1,caught,66,decode
5201,payload,3609389,1,caught,66,decode
5202,bit_flip,7587171,1,caught,66,decode
5203,random_bytes,171012,11,caught,66,decode
5204,zeroed_run,1673136,2316,caught,66,decode
5205,truncation,3402322,5880533,caught,68,decode
5206,header,620,1,caught,66,decode
5207,payload,8261086,1,caught,66,decode
5208,bit_flip,8284674,1,caught,66,decode
5209,random_bytes,3433649,7,caught,66,decode
5210,zeroed_run,3387703,2965,caught,66,decode
5211,truncation,4405670,4877185,caught,68,decode
5212,header,186,1,caught,66,decode
5213,payload,841085,1,caught,66,decode
5214,bit_flip,5489128,1,caught,66,decode
5215,random_bytes,5682142,11,caught,66,decode
5216,zeroed_run,3572967,562,caught,66,decode
5217,truncation,4355661,4927194,caught,68,decode
5218,header,749,1,caught,66,decode
5219,payload,6964889,1,caught,66,decode
5220,bit_flip,439197,1,caught,66,decode
5221,random_bytes,7194444,1,caught,66,decode
5222,zeroed_run,5431702,3192,caught,66,decode
5223,truncation,8198858,1083997,caught,68,decode
5224,header,871,1,caught,66,decode
5225,payload,5106911,1,caught,66,decode
5226,bit_flip,8836857,1,caught,66,decode
5227,random_bytes,1739812,9,caught,66,decode
5228,zeroed_run,6025424,785,caught,66,decode
5229,truncation,1910595,7372260,caught,68,decode
5230,header,224,1,caught,66,decode
5231,payload,2966080,1,caught,66,decode
5232,bit_flip,1288443,1,caught,66,decode
5233,random_bytes,8552763,1,caught,66,decode
5234,zeroed_run,1351575,3317,caught,66,decode
5235,truncation,5485618,3797237,caught,68,decode
5236,header,831,1,caught,66,decode
5237,payload,8347943,1,caught,66,decode
5238,bit_flip,7727949,1,caught,66,decode
5239,random_bytes,1811897,12,caught,66,decode
5240,zeroed_run,4934785,2576,caught,66,decode
5241,truncation,6393457,2889398,caught,68,decode
5242,header,606,1,caught,66,decode
5243,payload,6309076,1,caught,66,decode
5244,bit_flip,6930700,1,caught,66,decode
5245,random_bytes,4082609,3,caught,66,decode
5246,zeroed_run,4923434,603,caught,66,decode
5247,truncation,9217722,65133,caught,68,decode
5248,header,221,1,caught,66,decode
5249,payload,585177,1,caught,66,decode
5250,bit_flip,6020548,1,caught,66,decode
5251,random_bytes,5345526,11,caught,66,decode
5252,zeroed_run,397236,1459,caught,66,decode
5253,truncation,1629710,7653145,caught,68,decode
5254,header,246,1,caught,66,decode
5255,payload,2443561,1,caught,66,decode
5256,bit_flip,4346396,1,caught,66,decode
5257,random_bytes,3566072,8,caught,66,decode
5258,zeroed_run,5144983,3392,caught,66,decode
5259,truncation,3198776,6084079,caught,68,decode
5260,header,380,1,caught,66,decode
5261,payload,7980292,1,caught,66,decode
5262,bit_flip,892726,1,caught,66,decode
5263,random_bytes,7278125,8,caught,66,decode
5264,zeroed_run,6033595,2837,caught,66,decode
5265,truncation,5392972,3889883,caught,68,decode
5266,header,361,1,caught,66,decode
5267,payload,995984,1,caught,66,decode
5268,bit_flip,2403535,1,caught,66,decode
5269,random_bytes,5878000,11,caught,66,decode
5270,zeroed_run,8762674,1119,caught,66,decode
5271,truncation,1337977,7944878,caught,68,decode
5272,header,604,1,caught,66,decode
5273,payload,3065552,1,caught,66,decode
5274,bit_flip,210967,1,caught,66,decode
5275,random_bytes,2138411,1,caught,66,decode
5276,zeroed_run,4885789,772,caught,66,decode
5277,truncation,1368747,7914108,caught,68,decode
5278,header,999,1,caught,66,decode
5279,payload,3433265,1,caught,66,decode
5280,bit_flip,1155261,1,caught,66,decode
5281,random_bytes,469665,12,caught,66,decode
5282,zeroed_run,3392543,1395,caught,66,decode
5283,truncation,6902659,2380196,caught,68,decode
5284,header,504,1,caught,66,decode
5285,payload,4986607,1,caught,66,decode
5286,bit_flip,644836,1,caught,66,decode
5287,random_bytes,3550545,5,caught,66,decode
5288,zeroed_run,648071,2262,caught,66,decode
5289,truncation,221971,9060884,caught,68,decode
5290,header,443,1,caught,66,decode
5291,payload,6350946,1,caught,66,decode
5292,bit_flip,4596160,1,caught,66,decode
5293,random_bytes,7529016,14,caught,66,decode
5294,zeroed_run,1659479,1221,caught,66,decode
5295,truncation,2140669,7142186,caught,68,decode
5296,header,975,1,caught,66,decode
5297,payload,7119035,1,caught,66,decode
5298,bit_flip,3730908,1,caught,66,decode
5299,random_bytes,2144718,3,caught,66,decode
5300,zeroed_run,6989284,2849,caught,66,decode
5301,truncation,8140098,1142757,caught,68,decode
5302,header,987,1,caught,66,decode
5303,payload,5805773,1,caught,66,decode
5304,bit_flip,1036268,1,caught,66,decode
5305,random_bytes,5205553,2,caught,66,decode
5306,zeroed_run,7816095,2889,caught,66,decode
5307,truncation,3293558,5989297,caught,68,decode
5308,header,400,1,caught,66,decode
5309,payload,134040,1,caught,66,decode
5310,bit_flip,8353039,1,caught,66,decode
5311,random_bytes,2450051,16,caught,66,decode
5312,zeroed_run,1684707,2490,caught,66,decode
5313,truncation,2018392,7264463,caught,68,decode
5314,header,490,1,caught,66,decode
5315,payload,6725140,1,caught,66,decode
5316,bit_flip,7105731,1,caught,66,decode
5317,random_bytes,8128183,15,caught,66,decode
5318,zeroed_run,8842467,1819,caught,66,decode
5319,truncation,9192120,90735,caught,68,decode
5320,header,595,1,caught,66,decode
5321,payload,4815177,1,caught,66,decode
5322,bit_flip,4182564,1,caught,66,decode
5323,random_bytes,4024519,9,caught,66,decode
5324,zeroed_run,2894614,3919,caught,66,decode
5325,truncation,8643920,638935,caught,68,decode
5326,header,873,1,caught,66,decode
5327,payload,8314669,1,caught,66,decode
5328,bit_flip,6972935,1,caught,66,decode
5329,random_bytes,5140362,2,caught,66,decode
5330,zeroed_run,6964096,3731,caught,66,decode
5331,truncation,8083969,1198886,caught,68,decode
5332,header,917,1,caught,66,decode
5333,payload,7770747,1,caught,66,decode
5334,bit_flip,8203612,1,caught,66,decode
5335,random_bytes,9128550,3,caught,66,decode
5336,zeroed_run,304346,3195,caught,66,decode
5337,truncation,6217125,3065730,caught,68,decode
5338,header,157,1,caught,66,decode
5339,payload,3018841,1,caught,66,decode
5340,bit_flip,1989216,1,caught,66,decode
5341,random_bytes,6756710,7,caught,66,decode
5342,zeroed_run,4251540,393,caught,66,decode
5343,truncation,4202178,5080677,caught,68,decode
5344,header,1008,1,caught,66,decode
5345,payload,6840482,1,caught,66,decode
5346,bit_flip,471527,1,caught,66,decode
5347,random_bytes,3338102,14,caught,66,decode
5348,zeroed_run,5855502,3748,caught,66,decode
5349,truncation,7877711,1405144,caught,68,decode
5350,header,700,1,caught,66,decode
5351,payload,5616035,1,caught,66,decode
5352,bit_flip,7619866,1,caught,66,decode
5353,random_bytes,5476363,3,caught,66,decode
5354,zeroed_run,5229470,2689,caught,66,decode
5355,truncation,2818114,6464741,caught,68,decode
5356,header,459,1,caught,66,decode
5357,payload,5979166,1,caught,66,decode
5358,bit_flip,5212922,1,caught,66,decode
5359,random_bytes,2328942,7,caught,66,decode
5360,zeroed_run,2586214,769,caught,66,decode
5361,truncation,4807646,4475209,caught,68,decode
5362,header,134,1,caught,66,decode
5363,payload,6539218,1,caught,66,decode
5364,bit_flip,243246,1,caught,66,decode
5365,random_bytes,4423790,13,caught,66,decode
5366,zeroed_run,2178910,684,caught,66,decode
5367,truncation,6071374,3211481,caught,68,decode
5368,header,999,1,caught,66,decode
5369,payload,6099995,1,caught,66,decode
5370,bit_flip,770069,1,caught,66,decode
5371,random_bytes,4262693,7,caught,66,decode
5372,zeroed_run,663958,466,caught,66,decode
5373,truncation,6134774,3148081,caught,68,decode
5374,header,403,1,caught,66,decode
5375,payload,8438708,1,caught,66,decode
5376,bit_flip,1370258,1,caught,66,decode
5377,random_bytes,2150377,14,caught,66,decode
5378,zeroed_run,2416481,1080,caught,66,decode
5379,truncation,7353581,1929274,caught,68,decode
5380,header,606,1,caught,66,decode
5381,payload,6744919,1,caught,66,decode
5382,bit_flip,3260418,1,caught,66,decode
5383,random_bytes,6634290,15,caught,66,decode
5384,zeroed_run,8324171,1534,caught,66,decode
5385,truncation,7078548,2204307,caught,68,decode
5386,header,408,1,caught,66,decode
5387,payload,1115277,1,caught,66,decode
5388,bit_flip,9165768,1,caught,66,decode
5389,random_bytes,4826636,10,caught,66,decode
5390,zeroed_run,7709812,3805,caught,66,decode
5391,truncation,4087304,5195551,caught,68,decode
5392,header,677,1,caught,66,decode
5393,payload,8746201,1,caught,66,decode
5394,bit_flip,8235276,1,caught,66,decode
5395,random_bytes,6409191,16,caught,66,decode
5396,zeroed_run,963572,3045,caught,66,decode
5397,truncation,2109590,7173265,caught,68,decode
5398,header,233,1,caught,66,decode
5399,payload,9100152,1,caught,66,decode
5400,bit_flip,7562212,1,caught,66,decode
5401,random_bytes,9237835,15,caught,66,decode
5402,zeroed_run,881996,602,caught,66,decode
5403,truncation,5352826,3930029,caught,68,decode
5404,header,484,1,caught,66,decode
5405,payload,6692472,1,caught,66,decode
5406,bit_flip,8876761,1,caught,66,decode
5407,random_bytes,8012817,1,caught,66,decode
5408,zeroed_run,2180671,3261,caught,66,decode
5409,truncation,2635949,6646906,caught,68,decode
5410,header,413,1,caught,66,decode
5411,payload,5456176,1,caught,66,decode
5412,bit_flip,2295251,1,caught,66,decode
5413,random_bytes,7092945,12,caught,66,decode
5414,zeroed_run,1073371,868,caught,66,decode
5415,truncation,3160179,6122676,caught,68,decode
5416,header,873,1,caught,66,decode
5417,payload,3365657,1,caught,66,decode
5418,bit_flip,3850678,1,caught,66,decode
5419,random_bytes,3876531,3,caught,66,decode
5420,zeroed_run,7504312,4084,caught,66,decode
5421,truncation,2710760,6572095,caught,68,decode
5422,header,527,1,caught,66,decode
5423,payload,465789,1,caught,66,decode
5424,bit_flip,6753412,1,caught,66,decode
5425,random_bytes,5890293,11,caught,66,decode
5426,zeroed_run,6972364,2412,caught,66,decode
5427,truncation,2121552,7161303,caught,68,decode
5428,header,105,1,caught,66,decode
5429,payload,5182876,1,caught,66,decode
5430,bit_flip,3607262,1,caught,66,decode
5431,random_bytes,3722860,3,caught,66,decode
5432,zeroed_run,6211941,955,caught,66,decode
5433,truncation,499153,8783702,caught,68,decode
5434,header,204,1,caught,66,decode
5435,payload,1437886,1,caught,66,decode
5436,bit_flip,9057536,1,caught,66,decode
5437,random_bytes,8624900,5,caught,66,decode
5438,zeroed_run,7814191,1389,caught,66,decode
5439,truncation,4949590,4333265,caught,68,decode
5440,header,204,1,caught,66,decode
5441,payload,6937367,1,caught,66,decode
5442,bit_flip,6047259,1,caught,66,decode
5443,random_bytes,3601935,3,caught,66,decode
5444,zeroed_run,7078563,3161,caught,66,decode
5445,truncation,8391895,890960,caught,68,decode
5446,header,204,1,caught,66,decode
5447,payload,2915174,1,caught,66,decode
5448,bit_flip,1459317,1,caught,66,decode
5449,random_bytes,8123011,5,caught,66,decode
5450,zeroed_run,4166631,1238,caught,66,decode
5451,truncation,381653,8901202,caught,68,decode
5452,header,548,1,caught,66,decode
5453,payload,155820,1,caught,66,decode
5454,bit_flip,8569733,1,caught,66,decode
5455,random_bytes,7988216,12,caught,66,decode
5456,zeroed_run,7787356,143,caught,66,decode
5457,truncation,3000289,6282566,caught,68,decode
5458,header,798,1,caught,66,decode
5459,payload,7290349,1,caught,66,decode
5460,bit_flip,9999,1,caught,66,decode
5461,random_bytes,5245735,9,caught,66,decode
5462,zeroed_run,5245014,1745,caught,66,decode
5463,truncation,67034,9215821,caught,68,decode
5464,header,665,1,caught,66,decode
5465,payload,3727385,1,caught,66,decode
5466,bit_flip,2959693,1,caught,66,decode
5467,random_bytes,5199493,6,caught,66,decode
5468,zeroed_run,8950695,3054,caught,66,decode
5469,truncation,4536303,4746552,caught,68,decode
5470,header,561,1,caught,66,decode
5471,payload,2086138,1,caught,66,decode
5472,bit_flip,6868529,1,caught,66,decode
5473,random_bytes,3281516,1,caught,66,decode
5474,zeroed_run,6766533,1672,caught,66,decode
5475,truncation,3309940,5972915,caught,68,decode
5476,header,505,1,caught,66,decode
5477,payload,2488028,1,caught,66,decode
5478,bit_flip,4740452,1,caught,66,decode
5479,random_bytes,4233321,5,caught,66,decode
5480,zeroed_run,4685048,2143,caught,66,decode
5481,truncation,1110763,8172092,caught,68,decode
5482,header,611,1,caught,66,decode
5483,payload,7175619,1,caught,66,decode
5484,bit_flip,2170119,1,caught,66,decode
5485,random_bytes,3019744,15,caught,66,decode
5486,zeroed_run,8244936,2630,caught,66,decode
5487,truncation,8844417,438438,caught,68,decode
5488,header,785,1,caught,66,decode
5489,payload,9085503,1,caught,66,decode
5490,bit_flip,1539388,1,caught,66,decode
5491,random_bytes,8048108,14,caught,66,decode
5492,zeroed_run,3060248,3766,caught,66,decode
5493,truncation,7793994,1488861,caught,68,decode
5494,header,154,1,caught,66,decode
5495,payload,8214983,1,caught,66,decode
5496,bit_flip,3395485,1,caught,66,decode
5497,random_bytes,6349335,4,caught,66,decode
5498,zeroed_run,8086026,666,caught,66,decode
5499,truncation,1971156,7311699,caught,68,decode
5500,header,209,1,caught,66,decode
5501,payload,3847339,1,caught,66,decode
5502,bit_flip,6540748,1,caught,66,decode
5503,random_bytes,1850671,2,caught,66,decode
5504,zeroed_run,7276097,3572,caught,66,decode
5505,truncation,7054133,2228722,caught,68,decode
5506,header,554,1,caught,66,decode
5507,payload,5983567,1,caught,66,decode
5508,bit_flip,8332616,1,caught,66,decode
5509,random_bytes,4976750,14,caught,66,decode
5510,zeroed_run,784647,2365,caught,66,decode
5511,truncation,2735546,6547309,caught,68,decode
5512,header,65,1,caught,66,decode
5513,payload,9096225,1,caught,66,decode
5514,bit_flip,651104,1,caught,66,decode
5515,random_bytes,8727192,7,caught,66,decode
5516,zeroed_run,5255765,2596,caught,66,decode
5517,truncation,413852,8869003,caught,68,decode
5518,header,641,1,caught,66,decode
5519,payload,1364947,1,caught,66,decode
5520,bit_flip,2516912,1,caught,66,decode
5521,random_bytes,9095468,11,caught,66,decode
5522,zeroed_run,8111390,3213,caught,66,decode
5523,truncation,6259214,3023641,caught,68,decode
5524,header,143,1,caught,66,decode
5525,payload,4049652,1,caught,66,decode
5526,bit_flip,1519338,1,caught,66,decode
5527,random_bytes,5987298,8,caught,66,decode
5528,zeroed_run,7130092,2124,caught,66,decode
5529,truncation,4920494,4362361,caught,68,decode
5530,header,1013,1,caught,66,decode
5531,payload,4843789,1,caught,66,decode
5532,bit_flip,5418566,1,caught,66,decode
5533,random_bytes,4384595,12,caught,66,decode
5534,zeroed_run,876743,837,caught,66,decode
5535,truncation,8631510,651345,caught,68,decode
5536,header,675,1,caught,66,decode
5537,payload,2167300,1,caught,66,decode
5538,bit_flip,2635555,1,caught,66,decode
5539,random_bytes,1332866,15,caught,66,decode
5540,zeroed_run,5957117,1066,caught,66,decode
5541,truncation,2643159,6639696,caught,68,decode
5542,header,780,1,caught,66,decode
5543,payload,8367935,1,caught,66,decode
5544,bit_flip,5538166,1,caught,66,decode
5545,random_bytes,2210083,7,caught,66,decode
5546,zeroed_run,682558,3231,caught,66,decode
5547,truncation,1512177,7770678,caught,68,decode
5548,header,383,1,caught,66,decode
5549,payload,649722,1,caught,66,decode
5550,bit_flip,2587749,1,caught,66,decode
5551,random_bytes,3307634,10,caught,66,decode
5552,zeroed_run,56209,169,caught,66,decode
5553,truncation,1409284,7873571,caught,68,decode
5554,header,802,1,caught,66,decode
5555,payload,317069,1,caught,66,decode
5556,bit_flip,7571983,1,caught,66,decode
5557,random_bytes,2559353,10,caught,66,decode
5558,zeroed_run,5928481,2578,caught,66,decode
5559,truncation,398334,8884521,caught,68,decode
5560,header,268,1,caught,66,decode
5561,payload,2207582,1,caught,66,decode
5562,bit_flip,828999,1,caught,66,decode
5563,random_bytes,6151093,5,caught,66,decode
5564,zeroed_run,945009,2094,caught,66,decode
5565,truncation,7645156,1637699,caught,68,decode
5566,header,802,1,caught,66,decode
5567,payload,4116270,1,caught,66,decode
5568,bit_flip,1534066,1,caught,66,decode
5569,random_bytes,8780380,4,caught,66,decode
5570,zeroed_run,7700740,3854,caught,66,decode
5571,truncation,7058176,2224679,caught,68,decode
5572,header,627,1,caught,66,decode
5573,payload,246342,1,caught,66,decode
5574,bit_flip,6983636,1,caught,66,decode
5575,random_bytes,6758021,13,caught,66,decode
5576,zeroed_run,7075301,3539,caught,66,decode
5577,truncation,5920710,3362145,caught,68,decode
5578,header,629,1,caught,66,decode
5579,payload,3544738,1,caught,66,decode
5580,bit_flip,277679,1,caught,66,decode
5581,random_bytes,2215407,12,caught,66,decode
5582,zeroed_run,1651702,1373,caught,66,decode
5583,truncation,8960850,322005,caught,68,decode
5584,header,120,1,caught,66,decode
5585,payload,2953290,1,caught,66,decode
5586,bit_flip,8673513,1,caught,66,decode
5587,random_bytes,1016892,6,caught,66,decode
5588,zeroed_run,7120056,165,caught,66,decode
5589,truncation,6549046,2733809,caught,68,decode
5590,header,688,1,caught,66,decode
5591,payload,544416,1,caught,66,decode
5592,bit_flip,8668431,1,caught,66,decode
5593,random_bytes,2680353,13,caught,66,decode
5594,zeroed_run,195593,841,caught,66,decode
5595,truncation,498654,8784201,caught,68,decode
5596,header,581,1,caught,66,decode
5597,payload,8856317,1,caught,66,decode
5598,bit_flip,2203358,1,caught,66,decode
5599,random_bytes,3066425,11,caught,66,decode
5600,zeroed_run,6253053,3680,caught,66,decode
5601,truncation,8638517,644338,caught,68,decode
5602,header,907,1,caught,66,decode
5603,payload,5156234,1,caught,66,decode
5604,bit_flip,1486170,1,caught,66,decode
5605,random_bytes,6859087,9,caught,66,decode
5606,zeroed_run,8387522,3188,caught,66,decode
5607,truncation,5333870,3948985,caught,68,decode
5608,header,111,1,caught,66,decode
5609,payload,2039647,1,caught,66,decode
5610,bit_flip,5686869,1,caught,66,decode
5611,random_bytes,3265438,7,caught,66,decode
5612,zeroed_run,3079610,3263,caught,66,decode
5613,truncation,940172,8342683,caught,68,decode
5614,header,749,1,caught,66,decode
5615,payload,3589870,1,caught,66,decode
5616,bit_flip,6225277,1,caught,66,decode
5617,random_bytes,6724286,12,caught,66,decode
5618,zeroed_run,5977316,2424,caught,66,decode
5619,truncation,3777006,5505849,caught,68,decode
5620,header,661,1,caught,66,decode
5621,payload,8559749,1,caught,66,decode
5622,bit_flip,6080748,1,caught,66,decode
5623,random_bytes,4202717,15,caught,66,decode
5624,zeroed_run,1450478,277,caught,66,decode
5625,truncation,8635450,647405,caught,68,decode
5626,header,516,1,caught,66,decode
5627,payload,3552255,1,caught,66,decode
5628,bit_flip,5149398,1,caught,66,decode
5629,random_bytes,3332438,7,caught,66,decode
5630,zeroed_run,2643662,3976,caught,66,decode
5631,truncation,538091,8744764,caught,68,decode
5632,header,1001,1,caught,66,decode
5633,payload,817366,1,caught,66,decode
5634,bit_flip,8626614,1,caught,66,decode
5635,random_bytes,5129937,4,caught,66,decode
5636,zeroed_run,1603389,4055,caught,66,decode
5637,truncation,3924443,5358412,caught,68,decode
5638,header,959,1,caught,66,decode
5639,payload,3253070,1,caught,66,decode
5640,bit_flip,1132791,1,caught,66,decode
5641,random_bytes,629373,11,caught,66,decode
5642,zeroed_run,4728853,159,caught,66,decode
5643,truncation,1889157,7393698,caught,68,decode
5644,header,817,1,caught,66,decode
5645,payload,2182501,1,caught,66,decode
5646,bit_flip,6111581,1,caught,66,decode
5647,random_bytes,1773338,7,caught,66,decode
5648,zeroed_run,9067001,3095,caught,66,decode
5649,truncation,4268680,5014175,caught,68,decode
5650,header,14,1,caught,66,decode
5651,payload,1768436,1,caught,66,decode
5652,bit_flip,2505535,1,caught,66,decode
5653,random_bytes,1495530,9,caught,66,decode
5654,zeroed_run,1076743,3334,caught,66,decode
5655,truncation,4860758,4422097,caught,68,decode
5656,header,789,1,caught,66,decode
5657,payload,5179234,1,caught,66,decode
5658,bit_flip,7351294,1,harmless,0,decode
5659,random_bytes,3965750,2,caught,66,decode
5660,zeroed_run,1288497,3462,caught,66,decode
5661,truncation,177460,9105395,caught,68,decode
5662,header,749,1,caught,66,decode
5663,payload,8638581,1,caught,66,decode
5664,bit_flip,2956957,1,caught,66,decode
5665,random_bytes,8161580,1,caught,66,decode
5666,zeroed_run,3189550,1618,caught,66,decode
5667,truncation,7675309,1607546,caught,68,decode
5668,header,21,1,caught,66,decode
5669,payload,3503532,1,caught,66,decode
5670,bit_flip,2021966,1,caught,66,decode
5671,random_bytes,7097450,12,caught,66,decode
5672,zeroed_run,4977727,220,caught,66,decode
5673,truncation,5509791,3773064,caught,68,decode
5674,header,397,1,caught,66,decode
5675,payload,871497,1,caught,66,decode
5676,bit_flip,6810865,1,caught,66,decode
5677,random_bytes,2032477,4,caught,66,decode
5678,zeroed_run,4877897,2231,caught,66,decode
5679,truncation,9198438,84417,caught,68,decode
5680,header,909,1,caught,66,decode
5681,payload,3371055,1,caught,66,decode
5682,bit_flip,7632813,1,caught,66,decode
5683,random_bytes,8377247,6,caught,66,decode
5684,zeroed_run,3699422,503,caught,66,decode
5685,truncation,3505308,5777547,caught,68,decode
5686,header,1018,1,caught,66,decode
5687,payload,6319455,1,caught,66,decode
5688,bit_flip,2199884,1,caught,66,decode
5689,random_bytes,5652961,13,caught,66,decode
5690,zeroed_run,2464652,3708,caught,66,decode
5691,truncation,8152933,1129922,caught,68,decode
5692,header,59,1,caught,66,decode
5693,payload,7741090,1,caught,66,decode
5694,bit_flip,3775294,1,caught,66,decode
5695,random_bytes,6343494,6,caught,66,decode
5696,zeroed_run,8615725,1893,caught,66,decode
5697,truncation,2652275,6630580,caught,68,decode
5698,header,73,1,caught,66,decode
5699,payload,5550694,1,caught,66,decode
5700,bit_flip,2849498,1,caught,66,decode
5701,random_bytes,8025822,8,caught,66,decode
5702,zeroed_run,7102308,3314,caught,66,decode
5703,truncation,3711483,5571372,caught,68,decode
5704,header,947,1,caught,66,decode
5705,payload,6757732,1,caught,66,decode
5706,bit_flip,182959,1,caught,66,decode
5707,random_bytes,2644403,6,caught,66,decode
5708,zeroed_run,1708113,1222,caught,66,decode
5709,truncation,3801736,5481119,caught,68,decode
5710,header,971,1,caught,66,decode
5711,payload,1858101,1,caught,66,decode
5712,bit_flip,5339985,1,caught,66,decode
5713,random_bytes,3473591,11,caught,66,decode
5714,zeroed_run,1432492,3407,caught,66,decode
5715,truncation,6512792,2770063,caught,68,decode
5716,header,992,1,caught,66,decode
5717,payload,8299886,1,caught,66,decode
5718,bit_flip,8148222,1,caught,66,decode
5719,random_bytes,2548627,16,caught,66,decode
5720,zeroed_run,8541617,258,caught,66,decode
5721,truncation,7191292,2091563,caught,68,decode
5722,header,40,1,caught,66,decode
5723,payload,6483390,1,caught,66,decode
5724,bit_flip,4911578,1,caught,66,decode
5725,random_bytes,5644741,10,caught,66,decode
5726,zeroed_run,1701074,4061,caught,66,decode
5727,truncation,4460360,4822495,caught,68,decode
5728,header,1006,1,caught,66,decode
5729,payload,841254,1,caught,66,decode
5730,bit_flip,8895804,1,caught,66,decode
5731,random_bytes,4674902,3,caught,66,decode
5732,zeroed_run,4914722,2782,caught,66,decode
5733,truncation,7984209,1298646,caught,68,decode
5734,header,383,1,caught,66,decode
5735,payload,7647461,1,caught,66,decode
5736,bit_flip,5152458,1,caught,66,decode
5737,random_bytes,8189976,10,caught,66,decode
5738,zeroed_run,6296147,2574,caught,66,decode
5739,truncation,5651809,3631046,caught,68,decode
5740,header,407,1,caught,66,decode
5741,payload,3095950,1,caught,66,decode
5742,bit_flip,7634112,1,caught,66,decode
5743,random_bytes,924156,9,caught,66,decode
5744,zeroed_run,6581189,3863,caught,66,decode
5745,truncation,3429136,5853719,caught,68,decode
5746,header,858,1,caught,66,decode
5747,payload,1233683,1,caught,66,decode
5748,bit_flip,7537973,1,caught,66,decode
5749,random_bytes,923106,4,caught,66,decode
5750,zeroed_run,5782788,2974,caught,66,decode
5751,truncation,760677,8522178,caught,68,decode
5752,header,672,1,caught,66,decode
5753,payload,1918512,1,caught,66,decode
5754,bit_flip,7610836,1,caught,66,decode
5755,random_bytes,9095217,8,caught,66,decode
5756,zeroed_run,1529834,1484,caught,66,decode
5757,truncation,1829762,7453093,caught,68,decode
5758,header,526,1,caught,66,decode
5759,payload,8128628,1,caught,66,decode
5760,bit_flip,3562039,1,caught,66,decode
5761,random_bytes,7796353,3,caught,66,decode
5762,zeroed_run,810460,54,caught,66,decode
5763,truncation,6804461,2478394,caught,68,decode
5764,header,434,1,caught,66,decode
5765,payload,7816945,1,caught,66,decode
5766,bit_flip,5464015,1,caught,66,decode
5767,random_bytes,7777049,8,caught,66,decode
5768,zeroed_run,2050301,1264,caught,66,decode
5769,truncation,4225146,5057709,caught,68,decode
5770,header,771,1,caught,66,decode
5771,payload,9030739,1,caught,66,decode
5772,bit_flip,2335779,1,caught,66,decode
5773,random_bytes,2195668,3,caught,66,decode
5774,zeroed_run,7232993,3355,caught,66,decode
5775,truncation,2319165,6963690,caught,68,decode
5776,header,43,1,caught,66,decode
5777,payload,3689659,1,caught,66,decode
5778,bit_flip,1429484,1,caught,66,decode
5779,random_bytes,7573545,16,caught,66,decode
5780,zeroed_run,1895190,2154,caught,66,decode
5781,truncation,366623,8916232,caught,68,decode
5782,header,383,1,caught,66,decode
5783,payload,611233,1,caught,66,decode
5784,bit_flip,4831890,1,caught,66,decode
5785,random_bytes,4593727,1,caught,66,decode
5786,zeroed_run,4540824,3088,caught,66,decode
5787,truncation,6445054,2837801,caught,68,decode
5788,header,439,1,caught,66,decode
5789,payload,5082144,1,caught,66,decode
5790,bit_flip,4796228,1,caught,66,decode
5791,random_bytes,8723995,8,caught,66,decode
5792,zeroed_run,695162,1589,caught,66,decode
5793,truncation,3965153,5317702,caught,68,decode
5794,header,1000,1,caught,66,decode
5795,payload,3534468,1,caught,66,decode
5796,bit_flip,7723399,1,caught,66,decode
5797,random_bytes,4840878,3,caught,66,decode
5798,zeroed_run,7503207,1654,caught,66,decode
5799,truncation,1029632,8253223,caught,68,decode
5800,header,741,1,caught,66,decode
5801,payload,8505589,1,caught,66,decode
5802,bit_flip,8233260,1,caught,66,decode
5803,random_bytes,1779060,3,caught,66,decode
5804,zeroed_run,3183905,562,caught,66,decode
5805,truncation,2742411,6540444,caught,68,decode
5806,header,771,1,caught,66,decode
5807,payload,1962818,1,caught,66,decode
5808,bit_flip,9077484,1,caught,66,decode
5809,random_bytes,2180415,11,caught,66,decode
5810,zeroed_run,1268980,4020,caught,66,decode
5811,truncation,1904652,7378203,caught,68,decode
5812,header,156,1,caught,66,decode
5813,payload,5868695,1,caught,66,decode
5814,bit_flip,7811070,1,caught,66,decode
5815,random_bytes,3967439,5,caught,66,decode
5816,zeroed_run,8037404,157,caught,66,decode
5817,truncation,6797484,2485371,caught,68,decode
5818,header,952,1,caught,66,decode
5819,payload,5066814,1,caught,66,decode
5820,bit_flip,3727318,1,caught,66,decode
5821,random_bytes,3534777,6,caught,66,decode
5822,zeroed_run,938277,1751,caught,66,decode
5823,truncation,7413032,1869823,caught,68,decode
5824,header,73,1,caught,66,decode
5825,payload,6716354,1,caught,66,decode
5826,bit_flip,8201977,1,caught,66,decode
5827,random_bytes,9240228,16,caught,66,decode
5828,zeroed_run,6701094,3409,caught,66,decode
5829,truncation,5553748,3729107,caught,68,decode
5830,header,584,1,caught,66,decode
5831,payload,2083069,1,caught,66,decode
5832,bit_flip,502079,1,caught,66,decode
5833,random_bytes,8722202,8,caught,66,decode
5834,zeroed_run,5464978,508,caught,66,decode
5835,truncation,243050,9039805,caught,68,decode
5836,header,508,1,caught,66,decode
5837,payload,5421357,1,caught,66,decode
5838,bit_flip,1872020,1,caught,66,decode
5839,random_bytes,6434417,16,caught,66,decode
5840,zeroed_run,3437851,3802,caught,66,decode
5841,truncation,1889115,7393740,caught,68,decode
5842,header,806,1,caught,66,decode
5843,payload,3379212,1,caught,66,decode
5844,bit_flip,6952392,1,caught,66,decode
5845,random_bytes,7246470,1,caught,66,decode
5846,zeroed_run,1656784,263,caught,66,decode
5847,truncation,6021665,3261190,caught,68,decode
5848,header,699,1,caught,66,decode
5849,payload,8591155,1,caught,66,decode
5850,bit_flip,8237775,1,caught,66,decode
5851,random_bytes,5833292,6,caught,66,decode
5852,zeroed_run,3923501,1557,caught,66,decode
5853,truncation,4020567,5262288,caught,68,decode
5854,header,944,1,caught,66,decode
5855,payload,1403074,1,caught,66,decode
5856,bit_flip,1362257,1,caught,66,decode
5857,random_bytes,6708334,13,caught,66,decode
5858,zeroed_run,5293115,2674,caught,66,decode
5859,truncation,588102,8694753,caught,68,decode
5860,header,682,1,caught,66,decode
5861,payload,6820957,1,caught,66,decode
5862,bit_flip,6923501,1,caught,66,decode
5863,random_bytes,2896051,8,caught,66,decode
5864,zeroed_run,6908680,383,caught,66,decode
5865,truncation,8537824,745031,caught,68,decode
5866,header,250,1,caught,66,decode
5867,payload,2212965,1,caught,66,decode
5868,bit_flip,3989701,1,caught,66,decode
5869,random_bytes,5679349,4,caught,66,decode
5870,zeroed_run,302612,1279,caught,66,decode
5871,truncation,3536134,5746721,caught,68,decode
5872,header,746,1,caught,66,decode
5873,payload,887430,1,caught,66,decode
5874,bit_flip,6699982,1,caught,66,decode
5875,random_bytes,8831676,11,caught,66,decode
5876,zeroed_run,9265741,3493,caught,66,decode
5877,truncation,5997666,3285189,caught,68,decode
5878,header,283,1,caught,66,decode
5879,payload,5884003,1,caught,66,decode
5880,bit_flip,6223224,1,caught,66,decode
5881,random_bytes,2269273,15,caught,66,decode
5882,zeroed_run,6536956,2415,caught,66,decode
5883,truncation,181871,9100984,caught,68,decode
5884,header,190,1,caught,66,decode
5885,payload,2902158,1,caught,66,decode
5886,bit_flip,3400913,1,caught,66,decode
5887,random_bytes,3214671,3,caught,66,decode
5888,zeroed_run,3430074,2787,caught,66,decode
5889,truncation,4474453,4808402,caught,68,decode
5890,header,54,1,caught,66,decode
5891,payload,8871348,1,caught,66,decode
5892,bit_flip,6143705,1,caught,66,decode
5893,random_bytes,1678029,11,caught,66,decode
5894,zeroed_run,192016,1546,caught,66,decode
5895,truncation,6887472,2395383,caught,68,decode
5896,header,843,1,caught,66,decode
5897,payload,3777482,1,caught,66,decode
5898,bit_flip,5084314,1,caught,66,decode
5899,random_bytes,451024,13,caught,66,decode
5900,zeroed_run,6398566,3978,caught,66,decode
5901,truncation,8891928,390927,caught,68,decode
5902,header,633,1,caught,66,decode
5903,payload,2866529,1,caught,66,decode
5904,bit_flip,558092,1,caught,66,decode
5905,random_bytes,6466738,16,caught,66,decode
5906,zeroed_run,1536717,4035,caught,66,decode
5907,truncation,4023010,5259845,caught,68,decode
5908,header,125,1,caught,66,decode
5909,payload,3920194,1,caught,66,decode
5910,bit_flip,5393548,1,caught,66,decode
5911,random_bytes,26258,11,caught,66,decode
5912,zeroed_run,5852098,3317,caught,66,decode
5913,truncation,7988009,1294846,caught,68,decode
5914,header,808,1,caught,66,decode
5915,payload,4570696,1,caught,66,decode
5916,bit_flip,472396,1,caught,66,decode
5917,random_bytes,7410778,14,caught,66,decode
5918,zeroed_run,7303396,2823,caught,66,decode
5919,truncation,7222093,2060762,caught,68,decode
5920,header,138,1,caught,66,decode
5921,payload,6915486,1,caught,66,decode
5922,bit_flip,2070843,1,caught,66,decode
5923,random_bytes,7761565,6,caught,66,decode
5924,zeroed_run,4621245,3377,caught,66,decode
5925,truncation,6648858,2633997,caught,68,decode
5926,header,87,1,caught,66,decode
5927,payload,4817317,1,caught,66,decode
5928,bit_flip,5282323,1,caught,66,decode
5929,random_bytes,6090399,9,caught,66,decode
5930,zeroed_run,7059526,2951,caught,66,decode
5931,truncation,2121471,7161384,caught,68,decode
5932,header,441,1,caught,66,decode
5933,payload,8846569,1,caught,66,decode
5934,bit_flip,8422739,1,caught,66,decode
5935,random_bytes,4484845,9,caught,66,decode
5936,zeroed_run,8262976,44,caught,66,decode
5937,truncation,4552294,4730561,caught,68,decode
5938,header,702,1,caught,66,decode
5939,payload,5821120,1,caught,66,decode
5940,bit_flip,5026043,1,caught,66,decode
5941,random_bytes,7049671,14,caught,66,decode
5942,zeroed_run,9048856,1561,caught,66,decode
5943,truncation,579109,8703746,caught,68,decode
5944,header,39,1,caught,66,decode
5945,payload,2185239,1,caught,66,decode
5946,bit_flip,1110144,1,caught,66,decode
5947,random_bytes,7871441,16,caught,66,decode
5948,zeroed_run,2250020,1453,caught,66,decode
5949,truncation,4937028,4345827,caught,68,decode
5950,header,642,1,caught,66,decode
5951,payload,9038842,1,caught,66,decode
5952,bit_flip,6013516,1,caught,66,decode
5953,random_bytes,8313420,14,caught,66,decode
5954,zeroed_run,16825,1475,caught,66,decode
5955,truncation,3347974,5934881,caught,68,decode
5956,header,771,1,caught,66,decode
5957,payload,4185820,1,caught,66,decode
5958,bit_flip,4216989,1,caught,66,decode
5959,random_bytes,3843498,15,caught,66,decode
5960,zeroed_run,4760122,1879,caught,66,decode
5961,truncation,8068236,1214619,caught,68,decode
5962,header,920,1,caught,66,decode
5963,payload,678412,1,caught,66,decode
5964,bit_flip,8514167,1,caught,66,decode
5965,random_bytes,3512813,9,caught,66,decode
5966,zeroed_run,3383294,514,caught,66,decode
5967,truncation,8602839,680016,caught,68,decode
5968,header,846,1,caught,66,decode
5969,payload,6701032,1,caught,66,decode
5970,bit_flip,668831,1,caught,66,decode
5971,random_bytes,356138,8,caught,66,decode
5972,zeroed_run,621805,1630,caught,66,decode
5973,truncation,2539372,6743483,caught,68,decode
5974,header,770,1,caught,66,decode
5975,payload,4368902,1,caught,66,decode
5976,bit_flip,8686975,1,caught,66,decode
5977,random_bytes,8585171,10,caught,66,decode
5978,zeroed_run,7199633,2047,caught,66,decode
5979,truncation,498921,8783934,caught,68,decode
5980,header,34,1,caught,66,decode
5981,payload,1759902,1,caught,66,decode
5982,bit_flip,1982493,1,caught,66,decode
5983,random_bytes,6919583,2,caught,66,decode
5984,zeroed_run,2696089,3817,caught,66,decode
5985,truncation,4691426,4591429,caught,68,decode
5986,header,490,1,caught,66,decode
5987,payload,2650498,1,caught,66,decode
5988,bit_flip,2131252,1,caught,66,decode
5989,random_bytes,4373244,2,caught,66,decode
5990,zeroed_run,7660082,2945,caught,66,decode
5991,truncation,5431786,3851069,caught,68,decode
5992,header,236,1,caught,66,decode
5993,payload,257951,1,caught,66,decode
5994,bit_flip,3018931,1,caught,66,decode
5995,random_bytes,265268,16,caught,66,decode
5996,zeroed_run,4783084,2148,caught,66,decode
5997,truncation,6265068,3017787,caught,68,decode
5998,header,794,1,caught,66,decode
5999,payload,1226315,1,caught,66,decode
6000,bit_flip,553951,1,caught,66,decode
6001,random_bytes,1012873,9,caught,66,decode
6002,zeroed_run,58167,3414,caught,66,decode
6003,truncation,8963380,319475,caught,68,decode
6004,header,8,1,caught,66,decode
6005,payload,5407334,1,caught,66,decode
6006,bit_flip,4158051,1,caught,66,decode
6007,random_bytes,2258272,16,caught,66,decode
6008,zeroed_run,5745202,3193,caught,66,decode
6009,truncation,6288741,2994114,caught,68,decode
6010,header,683,1,caught,66,decode
6011,payload,3882585,1,caught,66,decode
6012,bit_flip,3464119,1,caught,66,decode
6013,random_bytes,7711448,14,caught,66,decode
6014,zeroed_run,3566691,1763,caught,66,decode
6015,truncation,8714704,568151,caught,68,decode
6016,header,545,1,caught,66,decode
6017,payload,4274826,1,caught,66,decode
6018,bit_flip,6299336,1,caught,66,decode
6019,random_bytes,5349601,9,caught,66,decode
6020,zeroed_run,1427077,1856,caught,66,decode
6021,truncation,7838016,1444839,caught,68,decode
6022,header,111,1,caught,66,decode
6023,payload,362639,1,caught,66,decode
6024,bit_flip,5863704,1,caught,66,decode
6025,random_bytes,1285019,11,caught,66,decode
6026,zeroed_run,4760533,3530,caught,66,decode
6027,truncation,5609724,3673131,caught,68,decode
6028,header,859,1,caught,66,decode
6029,payload,7622994,1,caught,66,decode
6030,bit_flip,5735261,1,caught,66,decode
6031,random_bytes,144269,15,caught,66,decode
6032,zeroed_run,2404738,2380,caught,66,decode
6033,truncation,8130796,1152059,caught,68,decode
6034,header,850,1,caught,66,decode
6035,payload,3905926,1,caught,66,decode
6036,bit_flip,5486119,1,caught,66,decode
6037,random_bytes,1400849,9,caught,66,decode
6038,zeroed_run,8332592,3737,caught,66,decode
6039,truncation,709248,8573607,caught,68,decode
6040,header,569,1,caught,66,decode
6041,payload,2704374,1,caught,66,decode
6042,bit_flip,6400797,1,caught,66,decode
6043,random_bytes,3926101,4,caught,66,decode
6044,zeroed_run,5278831,2120,caught,66,decode
6045,truncation,3850858,5431997,caught,68,decode
6046,header,591,1,caught,66,decode
6047,payload,8529764,1,caught,66,decode
6048,bit_flip,5771269,1,caught,66,decode
6049,random_bytes,3661041,16,caught,66,decode
6050,zeroed_run,3140978,2786,caught,66,decode
6051,truncation,3123604,6159251,caught,68,decode
6052,header,174,1,caught,66,decode
6053,payload,5249473,1,caught,66,decode
6054,bit_flip,3287280,1,caught,66,decode
6055,random_bytes,97742,2,caught,66,decode
6056,zeroed_run,1256693,1753,caught,66,decode
6057,truncation,5303719,3979136,caught,68,decode
6058,header,386,1,caught,66,decode
6059,payload,5475122,1,caught,66,decode
6060,bit_flip,6747237,1,caught,66,decode
6061,random_bytes,8936339,6,caught,66,decode
6062,zeroed_run,385189,2856,caught,66,decode
6063,truncation,985038,8297817,caught,68,decode
6064,header,508,1,caught,66,decode
6065,payload,6103080,1,caught,66,decode
6066,bit_flip,8003914,1,caught,66,decode
6067,random_bytes,2476082,11,caught,66,decode
6068,zeroed_run,1280804,977,caught,66,decode
6069,truncation,3441876,5840979,caught,68,decode
6070,header,279,1,caught,66,decode
6071,payload,7431597,1,caught,66,decode
6072,bit_flip,1345786,1,caught,66,decode
6073,random_bytes,6007542,12,caught,66,decode
6074,zeroed_run,8339525,1366,caught,66,decode
6075,truncation,6871949,2410906,caught,68,decode
6076,header,215,1,caught,66,decode
6077,payload,8597169,1,caught,66,decode
6078,bit_flip,3787431,1,caught,66,decode
6079,random_bytes,6589060,3,caught,66,decode
6080,zeroed_run,7573635,1320,caught,66,decode
6081,truncation,5132,9277723,caught,68,decode
6082,header,464,1,caught,66,decode
6083,payload,6391165,1,caught,66,decode
6084,bit_flip,6016090,1,caught,66,decode
6085,random_bytes,6920929,12,caught,66,decode
6086,zeroed_run,5088474,2862,caught,66,decode
6087,truncation,6366450,2916405,caught,68,decode
6088,header,939,1,caught,66,decode
6089,payload,3428655,1,caught,66,decode
6090,bit_flip,8874090,1,caught,66,decode
6091,random_bytes,3886778,8,caught,66,decode
6092,zeroed_run,2823,2760,caught,66,decode
6093,truncation,6098762,3184093,caught,68,decode
6094,header,424,1,caught,66,decode
6095,payload,665715,1,caught,66,decode
6096,bit_flip,3481336,1,caught,66,decode
6097,random_bytes,6317566,16,caught,66,decode
6098,zeroed_run,9170606,2613,caught,66,decode
6099,truncation,2101721,7181134,caught,68,decode
6100,header,665,1,caught,66,decode
6101,payload,363388,1,caught,66,decode
6102,bit_flip,981334,1,caught,66,decode
6103,random_bytes,7208429,1,caught,66,decode
6104,zeroed_run,2920336,2143,caught,66,decode
6105,truncation,1135138,8147717,caught,68,decode
6106,header,972,1,caught,66,decode
6107,payload,5564240,1,caught,66,decode
6108,bit_flip,1871102,1,caught,66,decode
6109,random_bytes,1147650,12,caught,66,decode
6110,zeroed_run,6518163,683,caught,66,decode
6111,truncation,5421479,3861376,caught,68,decode
6112,header,184,1,caught,66,decode
6113,payload,3044455,1,caught,66,decode
6114,bit_flip,7534443,1,caught,66,decode
6115,random_bytes,9131189,16,caught,66,decode
6116,zeroed_run,2593665,393,caught,66,decode
6117,truncation,3657375,5625480,caught,68,decode
6118,header,201,1,caught,66,decode
6119,payload,7395515,1,caught,66,decode
6120,bit_flip,7848121,1,caught,66,decode
6121,random_bytes,6891352,8,caught,66,decode
6122,zeroed_run,686620,1983,caught,66,decode
6123,truncation,3040429,6242426,caught,68,decode
6124,header,329,1,caught,66,decode
6125,payload,5435157,1,caught,66,decode
6126,bit_flip,5260280,1,caught,66,decode
6127,random_bytes,2715034,7,caught,66,decode
6128,zeroed_run,1192759,2445,caught,66,decode
6129,truncation,1371296,7911559,caught,68,decode
6130,header,382,1,caught,66,decode
6131,payload,1029242,1,caught,66,decode
6132,bit_flip,4426928,1,caught,66,decode
6133,random_bytes,9001181,12,caught,66,decode
6134,zeroed_run,3193835,378,caught,66,decode
6135,truncation,5484451,3798404,caught,68,decode
6136,header,973,1,caught,66,decode
6137,payload,3127457,1,caught,66,decode
6138,bit_flip,3970883,1,caught,66,decode
6139,random_bytes,7577047,5,caught,66,decode
6140,zeroed_run,1553675,1224,caught,66,decode
6141,truncation,6505048,2777807,caught,68,decode
6142,header,423,1,caught,66,decode
6143,payload,5928237,1,caught,66,decode
6144,bit_flip,3082796,1,caught,66,decode
6145,random_bytes,7648779,3,caught,66,decode
6146,zeroed_run,4045697,1479,caught,66,decode
6147,truncation,9139008,143847,caught,68,decode
6148,header,512,1,caught,66,decode
6149,payload,6800084,1,caught,66,decode
6150,bit_flip,7913448,1,caught,66,decode
6151,random_bytes,2116590,4,caught,66,decode
6152,zeroed_run,8234069,273,caught,66,decode
6153,truncation,6028477,3254378,caught,68,decode
6154,header,731,1,caught,66,decode
6155,payload,7238141,1,caught,66,decode
6156,bit_flip,7645115,1,caught,66,decode
6157,random_bytes,7604716,3,caught,66,decode
6158,zeroed_run,6950940,3500,caught,66,decode
6159,truncation,5856798,3426057,caught,68,decode
6160,header,95,1,caught,66,decode
6161,payload,3487601,1,caught,66,decode
6162,bit_flip,7114118,1,caught,66,decode
6163,random_bytes,1269841,11,caught,66,decode
6164,zeroed_run,7731796,1309,caught,66,decode
6165,truncation,1506714,7776141,caught,68,decode
6166,header,5,1,caught,66,decode
6167,payload,9247431,1,caught,66,decode
6168,bit_flip,6738078,1,caught,66,decode
6169,random_bytes,1993390,15,caught,66,decode
6170,zeroed_run,127734,1039,caught,66,decode
6171,truncation,8058343,1224512,caught,68,decode
6172,header,829,1,caught,66,decode
6173,payload,1203963,1,caught,66,decode
6174,bit_flip,3519449,1,caught,66,decode
6175,random_bytes,7744288,6,caught,66,decode
6176,zeroed_run,3634137,2331,caught,66,decode
6177,truncation,1995900,7286955,caught,68,decode
6178,header,147,1,caught,66,decode
6179,payload,3254014,1,caught,66,decode
6180,bit_flip,8728215,1,caught,66,decode
6181,random_bytes,6237145,5,caught,66,decode
6182,zeroed_run,7062803,575,caught,66,decode
6183,truncation,2080544,7202311,caught,68,decode
6184,header,579,1,caught,66,decode
6185,payload,647817,1,caught,66,decode
6186,bit_flip,7549831,1,caught,66,decode
6187,random_bytes,3746541,3,caught,66,decode
6188,zeroed_run,5061641,156,caught,66,decode
6189,truncation,5343040,3939815,caught,68,decode
6190,header,993,1,caught,66,decode
6191,payload,914488,1,caught,66,decode
6192,bit_flip,3000428,1,caught,66,decode
6193,random_bytes,6582392,13,caught,66,decode
6194,zeroed_run,6245160,2320,caught,66,decode
6195,truncation,1560921,7721934,caught,68,decode
6196,header,802,1,caught,66,decode
6197,payload,1294112,1,caught,66,decode
6198,bit_flip,2067507,1,caught,66,decode
6199,random_bytes,4409994,7,caught,66,decode
6200,zeroed_run,7922423,3240,caught,66,decode
6201,truncation,4380654,4902201,caught,68,decode
6202,header,432,1,caught,66,decode
6203,payload,2050714,1,caught,66,decode
6204,bit_flip,3704957,1,caught,66,decode
6205,random_bytes,5924463,11,caught,66,decode
6206,zeroed_run,5003393,507,caught,66,decode
6207,truncation,6955937,2326918,caught,68,decode
6208,header,258,1,caught,66,decode
6209,payload,4794987,1,caught,66,decode
6210,bit_flip,7794780,1,caught,66,decode
6211,random_bytes,7377976,14,caught,66,decode
6212,zeroed_run,4947613,429,caught,66,decode
6213,truncation,1041437,8241418,caught,68,decode
6214,header,425,1,caught,66,decode
6215,payload,6421087,1,caught,66,decode
6216,bit_flip,6333518,1,caught,66,decode
6217,random_bytes,4015417,4,caught,66,decode
6218,zeroed_run,7278777,1121,caught,66,decode
6219,truncation,8614757,668098,caught,68,decode
6220,header,796,1,caught,66,decode
6221,payload,2334422,1,caught,66,decode
6222,bit_flip,7184893,1,caught,66,decode
6223,random_bytes,6329560,10,caught,66,decode
6224,zeroed_run,12955,140,caught,66,decode
6225,truncation,1349096,7933759,caught,68,decode
6226,header,391,1,caught,66,decode
6227,payload,6284983,1,caught,66,decode
6228,bit_flip,8360634,1,caught,66,decode
6229,random_bytes,352842,13,caught,66,decode
6230,zeroed_run,4669207,2517,caught,66,decode
6231,truncation,4201987,5080868,caught,68,decode
6232,header,852,1,caught,66,decode
6233,payload,1259300,1,caught,66,decode
6234,bit_flip,6215190,1,caught,66,decode
6235,random_bytes,5688284,3,caught,66,decode
6236,zeroed_run,2423822,1721,caught,66,decode
6237,truncation,37728,9245127,caught,68,decode
6238,header,856,1,caught,66,decode
6239,payload,6621302,1,caught,66,decode
6240,bit_flip,1712379,1,caught,66,decode
6241,random_bytes,8219845,14,caught,66,decode
6242,zeroed_run,852718,3128,caught,66,decode
6243,truncation,1251908,8030947,caught,68,decode
6244,header,659,1,caught,66,decode
6245,payload,1071247,1,caught,66,decode
6246,bit_flip,3019065,1,caught,66,decode
6247,random_bytes,9088439,12,caught,66,decode
6248,zeroed_run,7674801,255,caught,66,decode
6249,truncation,6198552,3084303,caught,68,decode
6250,header,593,1,caught,66,decode
6251,payload,6149733,1,caught,66,decode
6252,bit_flip,1768782,1,caught,66,decode
6253,random_bytes,5366767,5,caught,66,decode
6254,zeroed_run,1337579,183,caught,66,decode
6255,truncation,6958274,2324581,caught,68,decode
6256,header,618,1,caught,66,decode
6257,payload,1015454,1,caught,66,decode
6258,bit_flip,834442,1,caught,66,decode
6259,random_bytes,1722132,16,caught,66,decode
6260,zeroed_run,8511203,1619,caught,66,decode
6261,truncation,8350248,932607,caught,68,decode
6262,header,298,1,caught,66,decode
6263,payload,6766891,1,caught,66,decode
6264,bit_flip,8945653,1,caught,66,decode
6265,random_bytes,6193437,11,caught,66,decode
6266,zeroed_run,3504518,2674,caught,66,decode
6267,truncation,1485725,7797130,caught,68,decode
6268,header,716,1,caught,66,decode
6269,payload,536714,1,caught,66,decode
6270,bit_flip,5793321,1,caught,66,decode
6271,random_bytes,1332912,5,caught,66,decode
6272,zeroed_run,7279706,2831,caught,66,decode
6273,truncation,8449823,833032,caught,68,decode
6274,header,287,1,caught,66,decode
6275,payload,2337203,1,caught,66,decode
6276,bit_flip,6906968,1,caught,66,decode
6277,random_bytes,3387414,14,caught,66,decode
6278,zeroed_run,3857090,2133,caught,66,decode
6279,truncation,3300746,5982109,caught,68,decode
6280,header,341,1,caught,66,decode
6281,payload,2507191,1,caught,66,decode
6282,bit_flip,6235403,1,caught,66,decode
6283,random_bytes,1008051,11,caught,66,decode
6284,zeroed_run,5066600,2830,caught,66,decode
6285,truncation,3537193,5745662,caught,68,decode
6286,header,769,1,caught,66,decode
6287,payload,3590692,1,caught,66,decode
6288,bit_flip,6420775,1,caught,66,decode
6289,random_bytes,3852457,1,caught,66,decode
6290,zeroed_run,8043629,2767,caught,66,decode
6291,truncation,8524124,758731,caught,68,decode
6292,header,816,1,caught,66,decode
6293,payload,3187365,1,caught,66,decode
6294,bit_flip,6748096,1,caught,66,decode
6295,random_bytes,7758233,7,caught,66,decode
6296,zeroed_run,4038130,3244,caught,66,decode
6297,truncation,6035710,3247145,caught,68,decode
6298,header,490,1,caught,66,decode
6299,payload,1628772,1,caught,66,decode
6300,bit_flip,3045702,1,caught,66,decode
6301,random_bytes,6644865,16,caught,66,decode
6302,zeroed_run,6207331,3720,caught,66,decode
6303,truncation,8813196,469659,caught,68,decode
6304,header,55,1,caught,66,decode
6305,payload,6402516,1,caught,66,decode
6306,bit_flip,4648217,1,caught,66,decode
6307,random_bytes,4275900,7,caught,66,decode
6308,zeroed_run,2985079,1632,caught,66,decode
6309,truncation,7577892,1704963,caught,68,decode
6310,header,474,1,caught,66,decode
6311,payload,7099800,1,caught,66,decode
6312,bit_flip,4380515,1,caught,66,decode
6313,random_bytes,5746059,5,caught,66,decode
6314,zeroed_run,6346585,2984,caught,66,decode
6315,truncation,5149812,4133043,caught,68,decode
6316,header,790,1,caught,66,decode
6317,payload,1951969,1,caught,66,decode
6318,bit_flip,5013081,1,caught,66,decode
6319,random_bytes,5308007,14,caught,66,decode
6320,zeroed_run,6415556,3464,caught,66,decode
6321,truncation,8101288,1181567,caught,68,decode
6322,header,809,1,caught,66,decode
6323,payload,3972575,1,caught,66,decode
6324,bit_flip,7399048,1,caught,66,decode
6325,random_bytes,4269355,7,caught,66,decode
6326,zeroed_run,6145928,3206,caught,66,decode
6327,truncation,3918963,5363892,caught,68,decode
6328,header,319,1,caught,66,decode
6329,payload,7350483,1,caught,66,decode
6330,bit_flip,7930776,1,caught,66,decode
6331,random_bytes,1713716,16,caught,66,decode
6332,zeroed_run,3173950,1791,caught,66,decode
6333,truncation,853127,8429728,caught,68,decode
6334,header,338,1,caught,66,decode
6335,payload,3560927,1,caught,66,decode
6336,bit_flip,2814917,1,caught,66,decode
6337,random_bytes,8837841,9,caught,66,decode
6338,zeroed_run,8141938,1406,caught,66,decode
6339,truncation,8438239,844616,caught,68,decode
6340,header,685,1,caught,66,decode
6341,payload,864960,1,caught,66,decode
6342,bit_flip,1533664,1,caught,66,decode
6343,random_bytes,4587956,10,caught,66,decode
6344,zeroed_run,5704664,693,caught,66,decode
6345,truncation,782366,8500489,caught,68,decode
6346,header,135,1,caught,66,decode
6347,payload,3746839,1,caught,66,decode
6348,bit_flip,6572973,1,caught,66,decode
6349,random_bytes,1564535,14,caught,66,decode
6350,zeroed_run,2149213,822,caught,66,decode
6351,truncation,3007825,6275030,caught,68,decode
6352,header,220,1,caught,66,decode
6353,payload,812614,1,caught,66,decode
6354,bit_flip,7902160,1,caught,66,decode
6355,random_bytes,6841987,14,caught,66,decode
6356,zeroed_run,7614388,1349,caught,66,decode
6357,truncation,5613704,3669151,caught,68,decode
6358,header,977,1,caught,66,decode
6359,payload,3967861,1,caught,66,decode
6360,bit_flip,3313237,1,caught,66,decode
6361,random_bytes,3899566,4,caught,66,decode
6362,zeroed_run,4149071,3606,caught,66,decode
6363,truncation,2235037,7047818,caught,68,decode
6364,header,95,1,caught,66,decode
6365,payload,6889066,1,caught,66,decode
6366,bit_flip,3505543,1,caught,66,decode
6367,random_bytes,8586498,12,caught,66,decode
6368,zeroed_run,3002477,351,caught,66,decode
6369,truncation,3175359,6107496,caught,68,decode
6370,header,763,1,caught,66,decode
6371,payload,8513812,1,caught,66,decode
6372,bit_flip,8290302,1,caught,66,decode
6373,random_bytes,7900423,3,caught,66,decode
6374,zeroed_run,7320192,2264,caught,66,decode
6375,truncation,235620,9047235,caught,68,decode
6376,header,273,1,caught,66,decode
6377,payload,7965875,1,caught,66,decode
6378,bit_flip,6303602,1,caught,66,decode
6379,random_bytes,2055364,1,caught,66,decode
6380,zeroed_run,5067199,3079,caught,66,decode
6381,truncation,3315560,5967295,caught,68,decode
6382,header,690,1,caught,66,decode
6383,payload,4763740,1,caught,66,decode
6384,bit_flip,5733414,1,caught,66,decode
6385,random_bytes,8752235,10,caught,66,decode
6386,zeroed_run,1993263,1517,caught,66,decode
6387,truncation,8939348,343507,caught,68,decode
6388,header,315,1,caught,66,decode
6389,payload,7719262,1,caught,66,decode
6390,bit_flip,8487033,1,caught,66,decode
6391,random_bytes,4170165,11,caught,66,decode
6392,zeroed_run,6433891,2835,caught,66,decode
6393,truncation,1344110,7938745,caught,68,decode
6394,header,450,1,caught,66,decode
6395,payload,5409896,1,caught,66,decode
6396,bit_flip,8412412,1,caught,66,decode
6397,random_bytes,9195392,6,caught,66,decode
6398,zeroed_run,7563008,3529,caught,66,decode
6399,truncation,4680133,4602722,caught,68,decode
6400,header,834,1,caught,66,decode
6401,payload,401175,1,caught,66,decode
6402,bit_flip,4141810,1,caught,66,decode
6403,random_bytes,3009001,8,caught,66,decode
6404,zeroed_run,5993386,223,caught,66,decode
6405,truncation,1887504,7395351,caught,68,decode
6406,header,167,1,caught,66,decode
6407,payload,5956549,1,caught,66,decode
6408,bit_flip,7500216,1,caught,66,decode
6409,random_bytes,5597928,12,caught,66,decode
6410,zeroed_run,2537781,2087,caught,66,decode
6411,truncation,960891,8321964,caught,68,decode
6412,header,54,1,caught,66,decode
6413,payload,1897724,1,caught,66,decode
6414,bit_flip,3530517,1,caught,66,decode
6415,random_bytes,8751015,9,caught,66,decode
6416,zeroed_run,5525194,1587,caught,66,decode
6417,truncation,399597,8883258,caught,68,decode
6418,header,664,1,caught,66,decode
6419,payload,6589490,1,caught,66,decode
6420,bit_flip,7984279,1,caught,66,decode
6421,random_bytes,2726369,2,caught,66,decode
6422,zeroed_run,7105026,2554,caught,66,decode
6423,truncation,6397938,2884917,caught,68,decode
6424,header,467,1,caught,66,decode
6425,payload,3837410,1,caught,66,decode
6426,bit_flip,3238802,1,caught,66,decode
6427,random_bytes,2803529,9,caught,66,decode
6428,zeroed_run,590518,3732,caught,66,decode
6429,truncation,1598065,7684790,caught,68,decode
6430,header,152,1,caught,66,decode
6431,payload,1041980,1,caught,66,decode
6432,bit_flip,7099587,1,caught,66,decode
6433,random_bytes,2761021,11,caught,66,decode
6434,zeroed_run,6576870,1178,caught,66,decode
6435,truncation,6180318,3102537,caught,68,decode
6436,header,213,1,caught,66,decode
6437,payload,1209725,1,caught,66,decode
6438,bit_flip,2234139,1,caught,66,decode
6439,random_bytes,2239315,9,caught,66,decode
6440,zeroed_run,6351714,2892,caught,66,decode
6441,truncation,8119752,1163103,caught,68,decode
6442,header,806,1,caught,66,decode
6443,payload,252201,1,caught,66,decode
6444,bit_flip,6624791,1,caught,66,decode
6445,random_bytes,8894815,9,caught,66,decode
6446,zeroed_run,8909865,4017,caught,66,decode
6447,truncation,2358386,6924469,caught,68,decode
6448,header,442,1,caught,66,decode
6449,payload,9017878,1,caught,66,decode
6450,bit_flip,2046447,1,caught,66,decode
6451,random_bytes,7312076,8,caught,66,decode
6452,zeroed_run,1857175,158,caught,66,decode
6453,truncation,7559173,1723682,caught,68,decode
6454,header,313,1,caught,66,decode
6455,payload,8601204,1,caught,66,decode
6456,bit_flip,5947863,1,caught,66,decode
6457,random_bytes,4847899,4,caught,66,decode
6458,zeroed_run,6796311,2147,caught,66,decode
6459,truncation,4501408,4781447,caught,68,decode
6460,header,320,1,caught,66,decode
6461,payload,1330792,1,caught,66,decode
6462,bit_flip,1712110,1,caught,66,decode
6463,random_bytes,5696717,1,caught,66,decode
6464,zeroed_run,8008845,609,caught,66,decode
6465,truncation,2767842,6515013,caught,68,decode
6466,header,27,1,caught,66,decode
6467,payload,1100155,1,caught,66,decode
6468,bit_flip,881308,1,caught,66,decode
6469,random_bytes,7452515,12,caught,66,decode
6470,zeroed_run,2591977,227,caught,66,decode
6471,truncation,106767,9176088,caught,68,decode
6472,header,98,1,caught,66,decode
6473,payload,1634069,1,caught,66,decode
6474,bit_flip,3321793,1,caught,66,decode
6475,random_bytes,9117745,13,caught,66,decode
6476,zeroed_run,3673447,1364,caught,66,decode
6477,truncation,7724259,1558596,caught,68,decode
6478,header,863,1,caught,66,decode
6479,payload,6538662,1,caught,66,decode
6480,bit_flip,5493795,1,caught,66,decode
6481,random_bytes,5108002,4,caught,66,decode
6482,zeroed_run,523712,3633,caught,66,decode
6483,truncation,1317299,7965556,caught,68,decode
6484,header,676,1,caught,66,decode
6485,payload,637537,1,caught,66,decode
6486,bit_flip,5053989,1,caught,66,decode
6487,random_bytes,1063231,15,caught,66,decode
6488,zeroed_run,7474940,2626,caught,66,decode
6489,truncation,558158,8724697,caught,68,decode
6490,header,19,1,caught,66,decode
6491,payload,2927466,1,caught,66,decode
6492,bit_flip,5517883,1,caught,66,decode
6493,random_bytes,2712719,9,caught,66,decode
6494,zeroed_run,5125197,3058,caught,66,decode
6495,truncation,7314114,1968741,caught,68,decode
6496,header,427,1,caught,66,decode
6497,payload,8027298,1,caught,66,decode
6498,bit_flip,1992053,1,caught,66,decode
6499,random_bytes,3832552,5,caught,66,decode
6500,zeroed_run,8094614,1656,caught,66,decode
6501,truncation,6301396,2981459,caught,68,decode
6502,header,216,1,caught,66,decode
6503,payload,9091840,1,caught,66,decode
6504,bit_flip,1476542,1,caught,66,decode
6505,random_bytes,4425707,7,caught,66,decode
6506,zeroed_run,4695144,1237,caught,66,decode
6507,truncation,1462215,7820640,caught,68,decode
6508,header,405,1,caught,66,decode
6509,payload,7656829,1,caught,66,decode
6510,bit_flip,1750051,1,caught,66,decode
6511,random_bytes,3593360,16,caught,66,decode
6512,zeroed_run,5255962,2347,caught,66,decode
6513,truncation,7221091,2061764,caught,68,decode
6514,header,851,1,caught,66,decode
6515,payload,4455224,1,caught,66,decode
6516,bit_flip,5742303,1,caught,66,decode
6517,random_bytes,4724643,10,caught,66,decode
6518,zeroed_run,8116217,2463,caught,66,decode
6519,truncation,6894438,2388417,caught,68,decode
6520,header,700,1,caught,66,decode
6521,payload,6851279,1,caught,66,decode
6522,bit_flip,496245,1,caught,66,decode
6523,random_bytes,4896984,15,caught,66,decode
6524,zeroed_run,7748461,1358,caught,66,decode
6525,truncation,1601640,7681215,caught,68,decode
6526,header,505,1,caught,66,decode
6527,payload,1622988,1,caught,66,decode
6528,bit_flip,585499,1,caught,66,decode
6529,random_bytes,7919119,9,caught,66,decode
6530,zeroed_run,7736571,1512,caught,66,decode
6531,truncation,8441023,841832,caught,68,decode
6532,header,745,1,caught,66,decode
6533,payload,5678092,1,caught,66,decode
6534,bit_flip,2486549,1,caught,66,decode
6535,random_bytes,4662720,1,caught,66,decode
6536,zeroed_run,6082102,3065,caught,66,decode
6537,truncation,8366209,916646,caught,68,decode
6538,header,333,1,caught,66,decode
6539,payload,7541596,1,caught,66,decode
6540,bit_flip,2738811,1,caught,66,decode
6541,random_bytes,5577106,12,caught,66,decode
6542,zeroed_run,3358763,3895,caught,66,decode
6543,truncation,3368451,5914404,caught,68,decode
6544,header,470,1,caught,66,decode
6545,payload,3210921,1,caught,66,decode
6546,bit_flip,6007364,1,caught,66,decode
6547,random_bytes,8573642,10,caught,66,decode
6548,zeroed_run,3444665,938,caught,66,decode
6549,truncation,1398737,7884118,caught,68,decode
6550,header,513,1,caught,66,decode
6551,payload,7287949,1,caught,66,decode
6552,bit_flip,3686941,1,caught,66,decode
6553,random_bytes,2789936,13,caught,66,decode
6554,zeroed_run,1146800,3436,caught,66,decode
6555,truncation,6559077,2723778,caught,68,decode
6556,header,490,1,caught,66,decode
6557,payload,6274752,1,caught,66,decode
6558,bit_flip,319988,1,caught,66,decode
6559,random_bytes,918625,2,caught,66,decode
6560,zeroed_run,553020,857,caught,66,decode
6561,truncation,8093821,1189034,caught,68,decode
6562,header,1002,1,caught,66,decode
6563,payload,5472287,1,caught,66,decode
6564,bit_flip,4999993,1,caught,66,decode
6565,random_bytes,8714427,12,caught,66,decode
6566,zeroed_run,6781813,2678,caught,66,decode
6567,truncation,6725388,2557467,caught,68,decode
6568,header,832,1,caught,66,decode
6569,payload,6236166,1,caught,66,decode
6570,bit_flip,3215421,1,caught,66,decode
6571,random_bytes,1373404,8,caught,66,decode
6572,zeroed_run,8513818,2886,caught,66,decode
6573,truncation,8321155,961700,caught,68,decode
6574,header,931,1,caught,66,decode
6575,payload,9279837,1,caught,66,decode
6576,bit_flip,2214476,1,caught,66,decode
6577,random_bytes,8445018,14,caught,66,decode
6578,zeroed_run,8212417,877,caught,66,decode
6579,truncation,2580454,6702401,caught,68,decode
6580,header,459,1,caught,66,decode
6581,payload,2548265,1,caught,66,decode
6582,bit_flip,7418223,1,caught,66,decode
6583,random_bytes,1341252,3,caught,66,decode
6584,zeroed_run,3100530,1609,caught,66,decode
6585,truncation,428649,8854206,caught,68,decode
6586,header,437,1,caught,66,decode
6587,payload,1147000,1,caught,66,decode
6588,bit_flip,4504550,1,caught,66,decode
6589,random_bytes,1591774,8,caught,66,decode
6590,zeroed_run,4272984,1471,caught,66,decode
6591,truncation,3614231,5668624,caught,68,decode
6592,header,639,1,caught,66,decode
6593,payload,6389249,1,caught,66,decode
6594,bit_flip,7911401,1,caught,66,decode
6595,random_bytes,548268,7,caught,66,decode
6596,zeroed_run,1297374,390,caught,66,decode
6597,truncation,5314313,3968542,caught,68,decode
6598,header,224,1,caught,66,decode
6599,payload,4981136,1,caught,66,decode
6600,bit_flip,5564562,1,caught,66,decode
6601,random_bytes,7025583,2,caught,66,decode
6602,zeroed_run,3604020,3556,caught,66,decode
6603,truncation,9198393,84462,caught,68,decode
6604,header,80,1,caught,66,decode
6605,payload,1898348,1,caught,66,decode
6606,bit_flip,7995087,1,caught,66,decode
6607,random_bytes,2479717,1,caught,66,decode
6608,zeroed_run,7684971,483,caught,66,decode
6609,truncation,8312800,970055,caught,68,decode
6610,header,265,1,caught,66,decode
6611,payload,6994536,1,caught,66,decode
6612,bit_flip,2437427,1,caught,66,decode
6613,random_bytes,5107528,3,caught,66,decode
6614,zeroed_run,7970741,2193,caught,66,decode
6615,truncation,3994964,5287891,caught,68,decode
6616,header,845,1,caught,66,decode
6617,payload,5903390,1,caught,66,decode
6618,bit_flip,6548208,1,caught,66,decode
6619,random_bytes,8146220,11,caught,66,decode
6620,zeroed_run,1699637,2990,caught,66,decode
6621,truncation,3095931,6186924,caught,68,decode
6622,header,344,1,caught,66,decode
6623,payload,9095292,1,caught,66,decode
6624,bit_flip,592336,1,caught,66,decode
6625,random_bytes,1168992,10,caught,66,decode
6626,zeroed_run,2120531,1420,caught,66,decode
6627,truncation,8334095,948760,caught,68,decode
6628,header,340,1,caught,66,decode
6629,payload,368459,1,caught,66,decode
6630,bit_flip,4757252,1,caught,66,decode
6631,random_bytes,2000631,2,caught,66,decode
6632,zeroed_run,3463220,2016,caught,66,decode
6633,truncation,6092013,3190842,caught,68,decode
6634,header,741,1,caught,66,decode
6635,payload,5371285,1,caught,66,decode
6636,bit_flip,273656,1,caught,66,decode
6637,random_bytes,8041877,12,caught,66,decode
6638,zeroed_run,8140075,3145,caught,66,decode
6639,truncation,7930684,1352171,caught,68,decode
6640,header,489,1,caught,66,decode
6641,payload,7759151,1,caught,66,decode
6642,bit_flip,1366866,1,caught,66,decode
6643,random_bytes,9028144,16,caught,66,decode
6644,zeroed_run,6814371,2015,caught,66,decode
6645,truncation,1783674,7499181,caught,68,decode
6646,header,228,1,caught,66,decode
6647,payload,3232488,1,caught,66,decode
6648,bit_flip,4618812,1,caught,66,decode
6649,random_bytes,397760,12,caught,66,decode
6650,zeroed_run,6726220,1136,caught,66,decode
6651,truncation,5046393,4236462,caught,68,decode
6652,header,371,1,caught,66,decode
6653,payload,5952057,1,caught,66,decode
6654,bit_flip,7302837,1,caught,66,decode
6655,random_bytes,3151253,9,caught,66,decode
6656,zeroed_run,1671885,502,caught,66,decode
6657,truncation,4721070,4561785,caught,68,decode
6658,header,505,1,caught,66,decode
6659,payload,8535519,1,caught,66,decode
6660,bit_flip,7626134,1,caught,66,decode
6661,random_bytes,2985118,8,caught,66,decode
6662,zeroed_run,3897385,2797,caught,66,decode
6663,truncation,7200412,2082443,caught,68,decode
6664,header,374,1,caught,66,decode
6665,payload,1548307,1,caught,66,decode
6666,bit_flip,1311907,1,caught,66,decode
6667,random_bytes,8920752,2,caught,66,decode
6668,zeroed_run,6992101,3915,caught,66,decode
6669,truncation,4546223,4736632,caught,68,decode
6670,header,646,1,caught,66,decode
6671,payload,8619971,1,caught,66,decode
6672,bit_flip,5888162,1,caught,66,decode
6673,random_bytes,9129812,12,caught,66,decode
6674,zeroed_run,7261924,2097,caught,66,decode
6675,truncation,187910,9094945,caught,68,decode
6676,header,346,1,caught,66,decode
6677,payload,5052671,1,caught,66,decode
6678,bit_flip,8138712,1,caught,66,decode
6679,random_bytes,5886431,11,caught,66,decode
6680,zeroed_run,7635248,273,caught,66,decode
6681,truncation,9126622,156233,caught,68,decode
6682,header,913,1,caught,66,decode
6683,payload,8400703,1,caught,66,decode
6684,bit_flip,5840394,1,caught,66,decode
6685,random_bytes,7690172,4,caught,66,decode
6686,zeroed_run,9003795,397,caught,66,decode
6687,truncation,8909932,372923,caught,68,decode
6688,header,173,1,caught,66,decode
6689,payload,5911085,1,caught,66,decode
6690,bit_flip,2845072,1,caught,66,decode
6691,random_bytes,921283,1,caught,66,decode
6692,zeroed_run,935336,1029,caught,66,decode
6693,truncation,755407,8527448,caught,68,decode
6694,header,305,1,caught,66,decode
6695,payload,4809994,1,caught,66,decode
6696,bit_flip,5408172,1,caught,66,decode
6697,random_bytes,4058329,6,caught,66,decode
6698,zeroed_run,2573509,2368,caught,66,decode
6699,truncation,1565492,7717363,caught,68,decode
6700,header,215,1,caught,66,decode
6701,payload,4329789,1,caught,66,decode
6702,bit_flip,5339509,1,caught,66,decode
6703,random_bytes,3266470,14,caught,66,decode
6704,zeroed_run,8518432,1902,caught,66,decode
6705,truncation,2686982,6595873,caught,68,decode
6706,header,249,1,caught,66,decode
6707,payload,3082177,1,caught,66,decode
6708,bit_flip,3632568,1,caught,66,decode
6709,random_bytes,4740307,9,caught,66,decode
6710,zeroed_run,1743650,1571,caught,66,decode
6711,truncation,5406741,3876114,caught,68,decode
6712,header,388,1,caught,66,decode
6713,payload,1341044,1,caught,66,decode
6714,bit_flip,1132035,1,caught,66,decode
6715,random_bytes,7892053,5,caught,66,decode
6716,zeroed_run,2133556,1797,caught,66,decode
6717,truncation,3685324,5597531,caught,68,decode
6718,header,1008,1,caught,66,decode
6719,payload,2367481,1,caught,66,decode
6720,bit_flip,6029727,1,caught,66,decode
6721,random_bytes,8265387,16,caught,66,decode
6722,zeroed_run,211201,1378,caught,66,decode
6723,truncation,6925167,2357688,caught,68,decode
6724,header,510,1,caught,66,decode
6725,payload,5720608,1,caught,66,decode
6726,bit_flip,2635270,1,caught,66,decode
6727,random_bytes,7947704,4,caught,66,decode
6728,zeroed_run,272938,3180,caught,66,decode
6729,truncation,6839721,2443134,caught,68,decode
6730,header,514,1,caught,66,decode
6731,payload,8404616,1,caught,66,decode
6732,bit_flip,7081371,1,caught,66,decode
6733,random_bytes,1736513,15,caught,66,decode
6734,zeroed_run,5246127,3457,caught,66,decode
6735,truncation,4942124,4340731,caught,68,decode
6736,header,287,1,caught,66,decode
6737,payload,3238339,1,caught,66,decode
6738,bit_flip,6375997,1,caught,66,decode
6739,random_bytes,1821889,9,caught,66,decode
6740,zeroed_run,5677902,1215,caught,66,decode
6741,truncation,1947521,7335334,caught,68,decode
6742,header,921,1,caught,66,decode
6743,payload,8617891,1,caught,66,decode
6744,bit_flip,7316099,1,caught,66,decode
6745,random_bytes,6997532,16,caught,66,decode
6746,zeroed_run,8357352,245,caught,66,decode
6747,truncation,148409,9134446,caught,68,decode
6748,header,502,1,caught,66,decode
6749,payload,793211,1,caught,66,decode
6750,bit_flip,1229844,1,caught,66,decode
6751,random_bytes,4092134,2,caught,66,decode
6752,zeroed_run,4278585,1410,caught,66,decode
6753,truncation,1958264,7324591,caught,68,decode
6754,header,366,1,caught,66,decode
6755,payload,3301985,1,caught,66,decode
6756,bit_flip,142241,1,caught,66,decode
6757,random_bytes,4875164,2,caught,66,decode
6758,zeroed_run,7861266,3101,caught,66,decode
6759,truncation,5165612,4117243,caught,68,decode
6760,header,580,1,caught,66,decode
6761,payload,8542304,1,caught,66,decode
6762,bit_flip,6174829,1,caught,66,decode
6763,random_bytes,4059780,11,caught,66,decode
6764,zeroed_run,5303811,3678,caught,66,decode
6765,truncation,8889042,393813,caught,68,decode
6766,header,152,1,caught,66,decode
6767,payload,8850905,1,caught,66,decode
6768,bit_flip,2394972,1,caught,66,decode
6769,random_bytes,5648997,7,caught,66,decode
6770,zeroed_run,1454988,1262,caught,66,decode
6771,truncation,2147763,7135092,caught,68,decode
6772,header,465,1,caught,66,decode
6773,payload,3070829,1,caught,66,decode
6774,bit_flip,4923239,1,caught,66,decode
6775,random_bytes,2947444,15,caught,66,decode
6776,zeroed_run,7410128,3840,caught,66,decode
6777,truncation,6687316,2595539,caught,68,decode
6778,header,158,1,caught,66,decode
6779,payload,1441153,1,caught,66,decode
6780,bit_flip,5276947,1,caught,66,decode
6781,random_bytes,5541483,9,caught,66,decode
6782,zeroed_run,2054810,2840,caught,66,decode
6783,truncation,1813134,7469721,caught,68,decode
6784,header,212,1,caught,66,decode
6785,payload,2872561,1,caught,66,decode
6786,bit_flip,4264466,1,caught,66,decode
6787,random_bytes,6098439,16,caught,66,decode
6788,zeroed_run,8134937,2110,caught,66,decode
6789,truncation,4265930,5016925,caught,68,decode
6790,header,118,1,caught,66,decode
6791,payload,8982907,1,caught,66,decode
6792,bit_flip,4609874,1,caught,66,decode
6793,random_bytes,5216925,4,caught,66,decode
6794,zeroed_run,6216928,2692,caught,66,decode
6795,truncation,7589425,1693430,caught,68,decode
6796,header,896,1,caught,66,decode
6797,payload,7831210,1,caught,66,decode
6798,bit_flip,8286383,1,caught,66,decode
6799,random_bytes,5462557,16,caught,66,decode
6800,zeroed_run,4709102,2020,caught,66,decode
6801,truncation,4439774,4843081,caught,68,decode
6802,header,24,1,caught,66,decode
6803,payload,8840128,1,caught,66,decode
6804,bit_flip,789949,1,caught,66,decode
6805,random_bytes,4943910,16,caught,66,decode
6806,zeroed_run,1549639,1156,caught,66,decode
6807,truncation,2808452,6474403,caught,68,decode
6808,header,733,1,caught,66,decode
6809,payload,5707374,1,caught,66,decode
6810,bit_flip,7146885,1,caught,66,decode
6811,random_bytes,2905297,13,caught,66,decode
6812,zeroed_run,6041710,3620,caught,66,decode
6813,truncation,3714024,5568831,caught,68,decode
6814,header,327,1,caught,66,decode
6815,payload,6190290,1,caught,66,decode
6816,bit_flip,4539603,1,caught,66,decode
6817,random_bytes,8258352,4,caught,66,decode
6818,zeroed_run,1235459,2417,caught,66,decode
6819,truncation,6941784,2341071,caught,68,decode
6820,header,936,1,caught,66,decode
6821,payload,3649563,1,caught,66,decode
6822,bit_flip,1299980,1,caught,66,decode
6823,random_bytes,4724313,6,caught,66,decode
6824,zeroed_run,3390374,1724,caught,66,decode
6825,truncation,4235068,5047787,caught,68,decode
6826,header,1017,1,caught,66,decode
6827,payload,1834484,1,caught,66,decode
6828,bit_flip,1684169,1,caught,66,decode
6829,random_bytes,4994201,8,caught,66,decode
6830,zeroed_run,484961,1865,caught,66,decode
6831,truncation,8749364,533491,caught,68,decode
6832,header,926,1,caught,66,decode
6833,payload,8381375,1,caught,66,decode
6834,bit_flip,6262355,1,caught,66,decode
6835,random_bytes,8571441,7,caught,66,decode
6836,zeroed_run,3690230,1773,caught,66,decode
6837,truncation,1759,9281096,caught,68,decode
6838,header,620,1,caught,66,decode
6839,payload,3228844,1,caught,66,decode
6840,bit_flip,3752494,1,caught,66,decode
6841,random_bytes,7431458,4,caught,66,decode
6842,zeroed_run,7453578,2515,caught,66,decode
6843,truncation,848832,8434023,caught,68,decode
6844,header,245,1,caught,66,decode
6845,payload,642111,1,caught,66,decode
6846,bit_flip,2781137,1,caught,66,decode
6847,random_bytes,5175114,7,caught,66,decode
6848,zeroed_run,2238158,1113,caught,66,decode
6849,truncation,8475989,806866,caught,68,decode
6850,header,787,1,caught,66,decode
6851,payload,4625707,1,caught,66,decode
6852,bit_flip,8829132,1,caught,66,decode
6853,random_bytes,901746,10,caught,66,decode
6854,zeroed_run,5684935,2045,caught,66,decode
6855,truncation,7985510,1297345,caught,68,decode
6856,header,39,1,caught,66,decode
6857,payload,767422,1,caught,66,decode
6858,bit_flip,6759280,1,caught,66,decode
6859,random_bytes,7410540,3,caught,66,decode
6860,zeroed_run,6958229,1078,caught,66,decode
6861,truncation,4662586,4620269,caught,68,decode
6862,header,20,1,caught,66,decode
6863,payload,9159614,1,caught,66,decode
6864,bit_flip,3898164,1,caught,66,decode
6865,random_bytes,8457614,16,caught,66,decode
6866,zeroed_run,6302338,2053,caught,66,decode
6867,truncation,6078203,3204652,caught,68,decode
6868,header,109,1,caught,66,decode
6869,payload,5358550,1,caught,66,decode
6870,bit_flip,4317569,1,caught,66,decode
6871,random_bytes,5683473,13,caught,66,decode
6872,zeroed_run,3408306,2189,caught,66,decode
6873,truncation,1784202,7498653,caught,68,decode
6874,header,735,1,caught,66,decode
6875,payload,6406869,1,caught,66,decode
6876,bit_flip,4500725,1,caught,66,decode
6877,random_bytes,2226859,9,caught,66,decode
6878,zeroed_run,800371,1005,caught,66,decode
6879,truncation,3418298,5864557,caught,68,decode
6880,header,1007,1,caught,66,decode
6881,payload,3319810,1,caught,66,decode
6882,bit_flip,7753220,1,caught,66,decode
6883,random_bytes,9135626,10,caught,66,decode
6884,zeroed_run,8042442,1615,caught,66,decode
6885,truncation,4788118,4494737,caught,68,decode
6886,header,571,1,caught,66,decode
6887,payload,7699595,1,caught,66,decode
6888,bit_flip,2386191,1,caught,66,decode
6889,random_bytes,8914920,8,caught,66,decode
6890,zeroed_run,8113431,2936,caught,66,decode
6891,truncation,4937821,4345034,caught,68,decode
6892,header,130,1,caught,66,decode
6893,payload,6143624,1,caught,66,decode
6894,bit_flip,5463240,1,caught,66,decode
6895,random_bytes,868043,8,caught,66,decode
6896,zeroed_run,3860955,2967,caught,66,decode
6897,truncation,5995245,3287610,caught,68,decode
6898,header,665,1,caught,66,decode
6899,payload,8001665,1,caught,66,decode
6900,bit_flip,1337459,1,caught,66,decode
6901,random_bytes,7428040,16,caught,66,decode
6902,zeroed_run,3933614,258,caught,66,decode
6903,truncation,3708572,5574283,caught,68,decode
6904,header,454,1,caught,66,decode
6905,payload,1871216,1,caught,66,decode
6906,bit_flip,7979000,1,caught,66,decode
6907,random_bytes,7399087,14,caught,66,decode
6908,zeroed_run,5353706,2023,caught,66,decode
6909,truncation,7277442,2005413,caught,68,decode
6910,header,798,1,caught,66,decode
6911,payload,2982492,1,caught,66,decode
6912,bit_flip,5818358,1,caught,66,decode
6913,random_bytes,8977162,11,caught,66,decode
6914,zeroed_run,2596000,699,caught,66,decode
6915,truncation,8905935,376920,caught,68,decode
6916,header,971,1,caught,66,decode
6917,payload,3737574,1,caught,66,decode
6918,bit_flip,2484731,1,caught,66,decode
6919,random_bytes,4627316,6,caught,66,decode
6920,zeroed_run,6921010,2758,caught,66,decode
6921,truncation,7262625,2020230,caught,68,decode
6922,header,234,1,caught,66,decode
6923,payload,4196378,1,caught,66,decode
6924,bit_flip,4098314,1,caught,66,decode
6925,random_bytes,2172170,2,caught,66,decode
6926,zeroed_run,6834057,2695,caught,66,decode
6927,truncation,960911,8321944,caught,68,decode
6928,header,885,1,caught,66,decode
6929,payload,3859295,1,caught,66,decode
6930,bit_flip,3080172,1,caught,66,decode
6931,random_bytes,316429,15,caught,66,decode
6932,zeroed_run,5248026,2471,caught,66,decode
6933,truncation,6483214,2799641,caught,68,decode
6934,header,805,1,caught,66,decode
6935,payload,1316784,1,caught,66,decode
6936,bit_flip,7695883,1,caught,66,decode
6937,random_bytes,141337,13,caught,66,decode
6938,zeroed_run,3584933,1009,caught,66,decode
6939,truncation,4216035,5066820,caught,68,decode
6940,header,204,1,caught,66,decode
6941,payload,5097525,1,caught,66,decode
6942,bit_flip,7577316,1,caught,66,decode
6943,random_bytes,3667493,8,caught,66,decode
6944,zeroed_run,7661396,2782,caught,66,decode
6945,truncation,1701863,7580992,caught,68,decode
6946,header,928,1,caught,66,decode
6947,payload,7969368,1,caught,66,decode
6948,bit_flip,9181515,1,caught,66,decode
6949,random_bytes,7046679,6,caught,66,decode
6950,zeroed_run,1464856,496,caught,66,decode
6951,truncation,6171056,3111799,caught,68,decode
6952,header,892,1,caught,66,decode
6953,payload,2429678,1,caught,66,decode
6954,bit_flip,5599956,1,caught,66,decode
6955,random_bytes,27700,2,caught,66,decode
6956,zeroed_run,718479,2856,caught,66,decode
6957,truncation,2653651,6629204,caught,68,decode
6958,header,879,1,caught,66,decode
6959,payload,6395422,1,caught,66,decode
6960,bit_flip,5182465,1,caught,66,decode
6961,random_bytes,6818999,4,caught,66,decode
6962,zeroed_run,2431161,2825,caught,66,decode
6963,truncation,5073460,4209395,caught,68,decode
6964,header,875,1,caught,66,decode
6965,payload,3821625,1,caught,66,decode
6966,bit_flip,448027,1,caught,66,decode
6967,random_bytes,7017091,13,caught,66,decode
6968,zeroed_run,4374005,3349,caught,66,decode
6969,truncation,1121631,8161224,caught,68,decode
6970,header,507,1,caught,66,decode
6971,payload,6311367,1,caught,66,decode
6972,bit_flip,599304,1,caught,66,decode
6973,random_bytes,7134538,13,caught,66,decode
6974,zeroed_run,4365989,1879,caught,66,decode
6975,truncation,1202478,8080377,caught,68,decode
6976,header,86,1,caught,66,decode
6977,payload,2197985,1,caught,66,decode
6978,bit_flip,251768,1,caught,66,decode
6979,random_bytes,6919173,2,caught,66,decode
6980,zeroed_run,9275616,850,caught,66,decode
6981,truncation,5004606,4278249,caught,68,decode
6982,header,621,1,caught,66,decode
6983,payload,6238703,1,caught,66,decode
6984,bit_flip,7322333,1,caught,66,decode
6985,random_bytes,7811759,15,caught,66,decode
6986,zeroed_run,3269516,1828,caught,66,decode
6987,truncation,1709826,7573029,caught,68,decode
6988,header,908,1,caught,66,decode
6989,payload,7316809,1,caught,66,decode
6990,bit_flip,8846292,1,caught,66,decode
6991,random_bytes,6574642,2,caught,66,decode
6992,zeroed_run,6491005,228,caught,66,decode
6993,truncation,6961529,2321326,caught,68,decode
6994,header,334,1,caught,66,decode
6995,payload,8934027,1,caught,66,decode
6996,bit_flip,9128044,1,caught,66,decode
6997,random_bytes,7216518,9,caught,66,decode
6998,zeroed_run,4033620,3787,caught,66,decode
6999,truncation,1952813,7330042,caught,68,decode
7000,header,814,1,caught,66,decode
7001,payload,3833669,1,caught,66,decode
7002,bit_flip,5368971,1,caught,66,decode
7003,random_bytes,4255605,11,caught,66,decode
7004,zeroed_run,4828737,125,caught,66,decode
7005,truncation,4751658,4531197,caught,68,decode
7006,header,845,1,caught,66,decode
7007,payload,3120096,1,caught,66,decode
7008,bit_flip,8680209,1,caught,66,decode
7009,random_bytes,8952770,8,caught,66,decode
7010,zeroed_run,3097412,97,caught,66,decode
7011,truncation,1335947,7946908,caught,68,decode
7012,header,720,1,caught,66,decode
7013,payload,8045387,1,caught,66,decode
7014,bit_flip,6230365,1,caught,66,decode
7015,random_bytes,8564353,12,caught,66,decode
7016,zeroed_run,5200302,963,caught,66,decode
7017,truncation,3671529,5611326,caught,68,decode
7018,header,365,1,caught,66,decode
7019,payload,8307727,1,caught,66,decode
7020,bit_flip,8900439,1,caught,66,decode
7021,random_bytes,5992889,10,caught,66,decode
7022,zeroed_run,172523,1146,caught,66,decode
7023,truncation,5742980,3539875,caught,68,decode
7024,header,992,1,caught,66,decode
7025,payload,6408669,1,caught,66,decode
7026,bit_flip,5060512,1,caught,66,decode
7027,random_bytes,7706420,16,caught,66,decode
7028,zeroed_run,856781,3366,caught,66,decode
7029,truncation,356837,8926018,caught,68,decode
7030,header,748,1,caught,66,decode
7031,payload,6983119,1,caught,66,decode
7032,bit_flip,6481576,1,caught,66,decode
7033,random_bytes,4722472,14,caught,66,decode
7034,zeroed_run,1608812,1695,caught,66,decode
7035,truncation,8045996,1236859,caught,68,decode
7036,header,426,1,caught,66,decode
7037,payload,5002393,1,caught,66,decode
7038,bit_flip,4342219,1,caught,66,decode
7039,random_bytes,8064511,5,caught,66,decode
7040,zeroed_run,3215121,2689,caught,66,decode
7041,truncation,8249915,1032940,caught,68,decode
7042,header,692,1,caught,66,decode
7043,payload,9172834,1,caught,66,decode
7044,bit_flip,5830593,1,caught,66,decode
7045,random_bytes,1898118,16,caught,66,decode
7046,zeroed_run,3953333,3458,caught,66,decode
7047,truncation,3018292,6264563,caught,68,decode
7048,header,169,1,caught,66,decode
7049,payload,4480323,1,caught,66,decode
7050,bit_flip,4251404,1,caught,66,decode
7051,random_bytes,451267,12,caught,66,decode
7052,zeroed_run,7598838,1105,caught,66,decode
7053,truncation,280656,9002199,caught,68,decode
7054,header,275,1,caught,66,decode
7055,payload,2284846,1,caught,66,decode
7056,bit_flip,270269,1,caught,66,decode
7057,random_bytes,8674483,9,caught,66,decode
7058,zeroed_run,2354809,1028,caught,66,decode
7059,truncation,8106373,1176482,caught,68,decode
7060,header,900,1,caught,66,decode
7061,payload,8007266,1,caught,66,decode
7062,bit_flip,8931904,1,caught,66,decode
7063,random_bytes,5890625,13,caught,66,decode
7064,zeroed_run,6342033,127,caught,66,decode
7065,truncation,489675,8793180,caught,68,decode
7066,header,162,1,caught,66,decode
7067,payload,6974387,1,caught,66,decode
7068,bit_flip,6875419,1,caught,66,decode
7069,random_bytes,7747446,2,caught,66,decode
7070,zeroed_run,7430145,3999,caught,66,decode
7071,truncation,7743773,1539082,caught,68,decode
7072,header,996,1,caught,66,decode
7073,payload,5742076,1,caught,66,decode
7074,bit_flip,4581616,1,caught,66,decode
7075,random_bytes,3690727,2,caught,66,decode
7076,zeroed_run,7989813,2708,caught,66,decode
7077,truncation,709688,8573167,caught,68,decode
7078,header,85,1,caught,66,decode
7079,payload,6186960,1,caught,66,decode
7080,bit_flip,7771617,1,caught,66,decode
7081,random_bytes,7215545,12,caught,66,decode
7082,zeroed_run,8754474,3562,caught,66,decode
7083,truncation,2160174,7122681,caught,68,decode
7084,header,962,1,caught,66,decode
7085,payload,993847,1,caught,66,decode
7086,bit_flip,3447119,1,caught,66,decode
7087,random_bytes,2229134,13,caught,66,decode
7088,zeroed_run,5078115,406,caught,66,decode
7089,truncation,351023,8931832,caught,68,decode
7090,header,71,1,caught,66,decode
7091,payload,4937789,1,caught,66,decode
7092,bit_flip,121432,1,caught,66,decode
7093,random_bytes,4524975,4,caught,66,decode
7094,zeroed_run,6540061,3266,caught,66,decode
7095,truncation,5539627,3743228,caught,68,decode
7096,header,722,1,caught,66,decode
7097,payload,4499184,1,caught,66,decode
7098,bit_flip,3754138,1,caught,66,decode
7099,random_bytes,7607675,15,caught,66,decode
7100,zeroed_run,7802597,2035,caught,66,decode
7101,truncation,5644758,3638097,caught,68,decode
7102,header,380,1,caught,66,decode
7103,payload,1553060,1,caught,66,decode
7104,bit_flip,7984004,1,caught,66,decode
7105,random_bytes,8197206,11,caught,66,decode
7106,zeroed_run,7496752,1508,caught,66,decode
7107,truncation,6541660,2741195,caught,68,decode
7108,header,324,1,caught,66,decode
7109,payload,6626228,1,caught,66,decode
7110,bit_flip,1544778,1,caught,66,decode
7111,random_bytes,2403324,2,caught,66,decode
7112,zeroed_run,8989382,3049,caught,66,decode
7113,truncation,1253136,8029719,caught,68,decode
7114,header,117,1,caught,66,decode
7115,payload,2568121,1,caught,66,decode
7116,bit_flip,569208,1,caught,66,decode
7117,random_bytes,4006337,6,caught,66,decode
7118,zeroed_run,6190818,2200,caught,66,decode
7119,truncation,8489565,793290,caught,68,decode
7120,header,154,1,caught,66,decode
7121,payload,5087335,1,caught,66,decode
7122,bit_flip,5912470,1,caught,66,decode
7123,random_bytes,5292794,5,caught,66,decode
7124,zeroed_run,9063229,3119,caught,66,decode
7125,truncation,3004131,6278724,caught,68,decode
7126,header,82,1,caught,66,decode
7127,payload,4345381,1,caught,66,decode
7128,bit_flip,7118145,1,caught,66,decode
7129,random_bytes,5946632,1,caught,66,decode
7130,zeroed_run,4931249,386,caught,66,decode
7131,truncation,2576345,6706510,caught,68,decode
7132,header,1007,1,caught,66,decode
7133,payload,673309,1,caught,66,decode
7134,bit_flip,952123,1,caught,66,decode
7135,random_bytes,2796908,12,caught,66,decode
7136,zeroed_run,3320177,4043,caught,66,decode
7137,truncation,135657,9147198,caught,68,decode
7138,header,727,1,caught,66,decode
7139,payload,427341,1,caught,66,decode
7140,bit_flip,8282551,1,caught,66,decode
7141,random_bytes,6325698,2,caught,66,decode
7142,zeroed_run,1812048,1380,caught,66,decode
7143,truncation,4637607,4645248,caught,68,decode
7144,header,118,1,caught,66,decode
7145,payload,5057584,1,caught,66,decode
7146,bit_flip,409632,1,caught,66,decode
7147,random_bytes,7698712,1,caught,66,decode
7148,zeroed_run,3651073,3057,caught,66,decode
7149,truncation,7984290,1298565,caught,68,decode
7150,header,776,1,caught,66,decode
7151,payload,4126336,1,caught,66,decode
7152,bit_flip,2602130,1,caught,66,decode
7153,random_bytes,5347557,1,caught,66,decode
7154,zeroed_run,4599326,1079,caught,66,decode
7155,truncation,8210443,1072412,caught,68,decode
7156,header,689,1,caught,66,decode
7157,payload,1370307,1,caught,66,decode
7158,bit_flip,3551304,1,caught,66,decode
7159,random_bytes,1244775,2,caught,66,decode
7160,zeroed_run,8741584,140,caught,66,decode
7161,truncation,2983452,6299403,caught,68,decode
7162,header,818,1,caught,66,decode
7163,payload,4046519,1,caught,66,decode
7164,bit_flip,3840111,1,caught,66,decode
7165,random_bytes,2968061,15,caught,66,decode
7166,zeroed_run,6179477,2590,caught,66,decode
7167,truncation,5977694,3305161,caught,68,decode
7168,header,615,1,caught,66,decode
7169,payload,8648731,1,caught,66,decode
7170,bit_flip,8477618,1,caught,66,decode
7171,random_bytes,842876,2,caught,66,decode
7172,zeroed_run,1794505,3881,caught,66,decode
7173,truncation,373765,8909090,caught,68,decode
7174,header,215,1,caught,66,decode
7175,payload,3410404,1,caught,66,decode
7176,bit_flip,34295,1,caught,66,decode
7177,random_bytes,3869863,16,caught,66,decode
7178,zeroed_run,1497772,222,caught,66,decode
7179,truncation,1145405,8137450,caught,68,decode
7180,header,1009,1,caught,66,decode
7181,payload,5778068,1,caught,66,decode
7182,bit_flip,7604161,1,caught,66,decode
7183,random_bytes,7155089,2,caught,66,decode
7184,zeroed_run,3973887,2616,caught,66,decode
7185,truncation,1700674,7582181,caught,68,decode
7186,header,957,1,caught,66,decode
7187,payload,3645699,1,caught,66,decode
7188,bit_flip,3990087,1,caught,66,decode
7189,random_bytes,4875858,8,caught,66,decode
7190,zeroed_run,7269919,4077,caught,66,decode
7191,truncation,6885525,2397330,caught,68,decode
7192,header,383,1,caught,66,decode
7193,payload,1812553,1,caught,66,decode
7194,bit_flip,5583641,1,caught,66,decode
7195,random_bytes,9062576,3,caught,66,decode
7196,zeroed_run,7816941,2143,caught,66,decode
7197,truncation,8019788,1263067,caught,68,decode
7198,header,846,1,caught,66,decode
7199,payload,4197843,1,caught,66,decode
7200,bit_flip,3456670,1,caught,66,decode
7201,random_bytes,4243578,16,caught,66,decode
7202,zeroed_run,2646825,2128,caught,66,decode
7203,truncation,8382310,900545,caught,68,decode
7204,header,823,1,caught,66,decode
7205,payload,7014657,1,caught,66,decode
7206,bit_flip,4215467,1,caught,66,decode
7207,random_bytes,7052941,7,caught,66,decode
7208,zeroed_run,1845645,998,caught,66,decode
7209,truncation,3241953,6040902,caught,68,decode
7210,header,679,1,caught,66,decode
7211,payload,3390932,1,caught,66,decode
7212,bit_flip,7890443,1,caught,66,decode
7213,random_bytes,5938386,14,caught,66,decode
7214,zeroed_run,7820396,1546,caught,66,decode
7215,truncation,5679770,3603085,caught,68,decode
7216,header,948,1,caught,66,decode
7217,payload,795700,1,caught,66,decode
7218,bit_flip,1154955,1,caught,66,decode
7219,random_bytes,8717731,12,caught,66,decode
7220,zeroed_run,6823517,385,caught,66,decode
7221,truncation,8019456,1263399,caught,68,decode
7222,header,311,1,caught,66,decode
7223,payload,7729356,1,caught,66,decode
7224,bit_flip,8968793,1,caught,66,decode
7225,random_bytes,564638,2,caught,66,decode
7226,zeroed_run,7301555,3475,caught,66,decode
7227,truncation,3465216,5817639,caught,68,decode
7228,header,578,1,caught,66,decode
7229,payload,6817038,1,caught,66,decode
7230,bit_flip,3789168,1,caught,66,decode
7231,random_bytes,6159167,5,caught,66,decode
7232,zeroed_run,4091789,1495,caught,66,decode
7233,truncation,5842752,3440103,caught,68,decode
7234,header,808,1,caught,66,decode
7235,payload,5491928,1,caught,66,decode
7236,bit_flip,8229795,1,caught,66,decode
7237,random_bytes,4339203,16,caught,66,decode
7238,zeroed_run,670328,3566,caught,66,decode
7239,truncation,1016023,8266832,caught,68,decode
7240,header,689,1,caught,66,decode
7241,payload,8780290,1,caught,66,decode
7242,bit_flip,4953096,1,caught,66,decode
7243,random_bytes,6690849,2,caught,66,decode
7244,zeroed_run,5005095,400,caught,66,decode
7245,truncation,8382579,900276,caught,68,decode
7246,header,233,1,caught,66,decode
7247,payload,7268202,1,caught,66,decode
7248,bit_flip,8102689,1,caught,66,decode
7249,random_bytes,1596645,12,caught,66,decode
7250,zeroed_run,1180090,2248,caught,66,decode
7251,truncation,4489516,4793339,caught,68,decode
7252,header,1004,1,caught,66,decode
7253,payload,8168532,1,caught,66,decode
7254,bit_flip,6136967,1,caught,66,decode
7255,random_bytes,329820,13,caught,66,decode
7256,zeroed_run,7700590,752,caught,66,decode
7257,truncation,5814069,3468786,caught,68,decode
7258,header,479,1,caught,66,decode
7259,payload,5269216,1,caught,66,decode
7260,bit_flip,212111,1,caught,66,decode
7261,random_bytes,2718998,12,caught,66,decode
7262,zeroed_run,4620263,2636,caught,66,decode
7263,truncation,7506907,1775948,caught,68,decode
7264,header,705,1,caught,66,decode
7265,payload,6145290,1,caught,66,decode
7266,bit_flip,896262,1,caught,66,decode
7267,random_bytes,4054300,6,caught,66,decode
7268,zeroed_run,6033480,2011,caught,66,decode
7269,truncation,1644368,7638487,caught,68,decode
7270,header,219,1,caught,66,decode
7271,payload,2949063,1,caught,66,decode
7272,bit_flip,9045916,1,caught,66,decode
7273,random_bytes,4339969,11,caught,66,decode
7274,zeroed_run,3713896,1836,caught,66,decode
7275,truncation,4258773,5024082,caught,68,decode
7276,header,454,1,caught,66,decode
7277,payload,8117363,1,caught,66,decode
7278,bit_flip,2494551,1,caught,66,decode
7279,random_bytes,6837330,5,caught,66,decode
7280,zeroed_run,3541183,740,caught,66,decode
7281,truncation,8036347,1246508,caught,68,decode
7282,header,203,1,caught,66,decode
7283,payload,8350161,1,caught,66,decode
7284,bit_flip,2143844,1,caught,66,decode
7285,random_bytes,2770158,11,caught,66,decode
7286,zeroed_run,4486369,2849,caught,66,decode
7287,truncation,8039401,1243454,caught,68,decode
7288,header,839,1,caught,66,decode
7289,payload,76370,1,caught,66,decode
7290,bit_flip,3908181,1,caught,66,decode
7291,random_bytes,1869251,12,caught,66,decode
7292,zeroed_run,556871,426,caught,66,decode
7293,truncation,3860359,5422496,caught,68,decode
7294,header,440,1,caught,66,decode
7295,payload,8153106,1,caught,66,decode
7296,bit_flip,613497,1,caught,66,decode
7297,random_bytes,2514564,10,caught,66,decode
7298,zeroed_run,4284046,1708,caught,66,decode
7299,truncation,4016332,5266523,caught,68,decode
7300,header,863,1,caught,66,decode
7301,payload,5193317,1,caught,66,decode
7302,bit_flip,1313799,1,caught,66,decode
7303,random_bytes,2725528,1,caught,66,decode
7304,zeroed_run,8313788,819,caught,66,decode
7305,truncation,7166006,2116849,caught,68,decode
7306,header,691,1,caught,66,decode
7307,payload,8393187,1,caught,66,decode
7308,bit_flip,7517873,1,caught,66,decode
7309,random_bytes,5765386,3,caught,66,decode
7310,zeroed_run,6206961,2611,caught,66,decode
7311,truncation,2555148,6727707,caught,68,decode
7312,header,84,1,caught,66,decode
7313,payload,7619949,1,caught,66,decode
7314,bit_flip,6073694,1,caught,66,decode
7315,random_bytes,6127981,15,caught,66,decode
7316,zeroed_run,1461301,2970,caught,66,decode
7317,truncation,6964648,2318207,caught,68,decode
7318,header,312,1,caught,66,decode
7319,payload,633830,1,caught,66,decode
7320,bit_flip,8424589,1,caught,66,decode
7321,random_bytes,3301826,14,caught,66,decode
7322,zeroed_run,1891232,2742,caught,66,decode
7323,truncation,28929,9253926,caught,68,decode
7324,header,514,1,caught,66,decode
7325,payload,8648067,1,caught,66,decode
7326,bit_flip,6442234,1,caught,66,decode
7327,random_bytes,2811550,13,caught,66,decode
7328,zeroed_run,4427818,2037,caught,66,decode
7329,truncation,4949002,4333853,caught,68,decode
7330,header,127,1,caught,66,decode
7331,payload,4296966,1,caught,66,decode
7332,bit_flip,3915903,1,caught,66,decode
7333,random_bytes,6160974,6,caught,66,decode
7334,zeroed_run,2173053,1326,caught,66,decode
7335,truncation,5950273,3332582,caught,68,decode
7336,header,812,1,caught,66,decode
7337,payload,6278412,1,caught,66,decode
7338,bit_flip,2049671,1,caught,66,decode
7339,random_bytes,3255878,9,caught,66,decode
7340,zeroed_run,1903797,2406,caught,66,decode
7341,truncation,765434,8517421,caught,68,decode
7342,header,817,1,caught,66,decode
7343,payload,870691,1,caught,66,decode
7344,bit_flip,3397855,1,caught,66,decode
7345,random_bytes,3469611,8,caught,66,decode
7346,zeroed_run,1376812,2448,caught,66,decode
7347,truncation,8296672,986183,caught,68,decode
7348,header,776,1,caught,66,decode
7349,payload,2313454,1,caught,66,decode
7350,bit_flip,5073611,1,caught,66,decode
7351,random_bytes,4480583,11,caught,66,decode
7352,zeroed_run,4630857,3138,caught,66,decode
7353,truncation,6410439,2872416,caught,68,decode
7354,header,570,1,caught,66,decode
7355,payload,2171462,1,caught,66,decode
7356,bit_flip,2580653,1,caught,66,decode
7357,random_bytes,8224244,1,caught,66,decode
7358,zeroed_run,965688,673,caught,66,decode
7359,truncation,2206488,7076367,caught,68,decode
7360,header,246,1,caught,66,decode
7361,payload,6342990,1,caught,66,decode
7362,bit_flip,7496733,1,caught,66,decode
7363,random_bytes,4677814,2,caught,66,decode
7364,zeroed_run,8817413,1899,caught,66,decode
7365,truncation,4730006,4552849,caught,68,decode
7366,header,689,1,caught,66,decode
7367,payload,4720984,1,caught,66,decode
7368,bit_flip,857634,1,caught,66,decode
7369,random_bytes,6233524,8,caught,66,decode
7370,zeroed_run,8385449,3813,caught,66,decode
7371,truncation,5118439,4164416,caught,68,decode
7372,header,622,1,caught,66,decode
7373,payload,4240941,1,caught,66,decode
7374,bit_flip,2481674,1,caught,66,decode
7375,random_bytes,8868133,15,caught,66,decode
7376,zeroed_run,8766904,4078,caught,66,decode
7377,truncation,7700745,1582110,caught,68,decode
7378,header,596,1,caught,66,decode
7379,payload,155451,1,caught,66,decode
7380,bit_flip,5412905,1,caught,66,decode
7381,random_bytes,826959,15,caught,66,decode
7382,zeroed_run,7370803,3412,caught,66,decode
7383,truncation,8999991,282864,caught,68,decode
7384,header,558,1,caught,66,decode
7385,payload,1156686,1,caught,66,decode
7386,bit_flip,6534520,1,caught,66,decode
7387,random_bytes,4514884,3,caught,66,decode
7388,zeroed_run,8679377,3683,caught,66,decode
7389,truncation,6076828,3206027,caught,68,decode
7390,header,41,1,caught,66,decode
7391,payload,8283561,1,caught,66,decode
7392,bit_flip,1405867,1,caught,66,decode
7393,random_bytes,6457110,7,caught,66,decode
7394,zeroed_run,8951814,445,caught,66,decode
7395,truncation,7502773,1780082,caught,68,decode
7396,header,385,1,caught,66,decode
7397,payload,7281993,1,caught,66,decode
7398,bit_flip,9721,1,caught,66,decode
7399,random_bytes,3058605,4,caught,66,decode
7400,zeroed_run,4575750,3756,caught,66,decode
7401,truncation,1778899,7503956,caught,68,decode
7402,header,212,1,caught,66,decode
7403,payload,4815021,1,caught,66,decode
7404,bit_flip,3484934,1,caught,66,decode
7405,random_bytes,3597121,5,caught,66,decode
7406,zeroed_run,4433050,22,caught,66,decode
7407,truncation,4315765,4967090,caught,68,decode
7408,header,219,1,caught,66,decode
7409,payload,4747422,1,caught,66,decode
7410,bit_flip,3466786,1,caught,66,decode
7411,random_bytes,4786253,5,caught,66,decode
7412,zeroed_run,409324,3150,caught,66,decode
7413,truncation,3704424,5578431,caught,68,decode
7414,header,598,1,caught,66,decode
7415,payload,4121916,1,caught,66,decode
7416,bit_flip,7716312,1,caught,66,decode
7417,random_bytes,4427898,7,caught,66,decode
7418,zeroed_run,6030708,2253,caught,66,decode
7419,truncation,3481528,5801327,caught,68,decode
7420,header,14,1,caught,66,decode
7421,payload,7460368,1,caught,66,decode
7422,bit_flip,7863398,1,caught,66,decode
7423,random_bytes,9013959,9,caught,66,decode
7424,zeroed_run,495518,2685,caught,66,decode
7425,truncation,1890435,7392420,caught,68,decode
7426,header,125,1,caught,66,decode
7427,payload,328736,1,caught,66,decode
7428,bit_flip,8833994,1,caught,66,decode
7429,random_bytes,1182864,15,caught,66,decode
7430,zeroed_run,7503921,2430,caught,66,decode
7431,truncation,6037383,3245472,caught,68,decode
7432,header,833,1,caught,66,decode
7433,payload,6913536,1,caught,66,decode
7434,bit_flip,8410520,1,caught,66,decode
7435,random_bytes,4580751,1,caught,66,decode
7436,zeroed_run,7665661,1070,caught,66,decode
7437,truncation,5945989,3336866,caught,68,decode
7438,header,744,1,caught,66,decode
7439,payload,4526029,1,caught,66,decode
7440,bit_flip,5843342,1,caught,66,decode
7441,random_bytes,959687,4,caught,66,decode
7442,zeroed_run,5545119,2731,caught,66,decode
7443,truncation,6191509,3091346,caught,68,decode
7444,header,185,1,caught,66,decode
7445,payload,8305439,1,caught,66,decode
7446,bit_flip,151844,1,caught,66,decode
7447,random_bytes,2099254,1,caught,66,decode
7448,zeroed_run,5940174,1541,caught,66,decode
7449,truncation,8872839,410016,caught,68,decode
7450,header,757,1,caught,66,decode
7451,payload,5419317,1,caught,66,decode
7452,bit_flip,2457755,1,caught,66,decode
7453,random_bytes,8467887,8,caught,66,decode
7454,zeroed_run,2536073,306,caught,66,decode
7455,truncation,7327501,1955354,caught,68,decode
7456,header,95,1,caught,66,decode
7457,payload,5238628,1,caught,66,decode
7458,bit_flip,23390,1,caught,66,decode
7459,random_bytes,2630510,1,caught,66,decode
7460,zeroed_run,6073709,2121,caught,66,decode
7461,truncation,4079182,5203673,caught,68,decode
7462,header,173,1,caught,66,decode
7463,payload,4865096,1,caught,66,decode
7464,bit_flip,5624205,1,caught,66,decode
7465,random_bytes,8155936,12,caught,66,decode
7466,zeroed_run,2485327,3910,caught,66,decode
7467,truncation,2635543,6647312,caught,68,decode
7468,header,124,1,caught,66,decode
7469,payload,174393,1,caught,66,decode
7470,bit_flip,474102,1,caught,66,decode
7471,random_bytes,970042,8,caught,66,decode
7472,zeroed_run,3404690,1587,caught,66,decode
7473,truncation,2222812,7060043,caught,68,decode
7474,header,378,1,caught,66,decode
7475,payload,2374394,1,caught,66,decode
7476,bit_flip,6462877,1,caught,66,decode
7477,random_bytes,2487967,5,caught,66,decode
7478,zeroed_run,1782442,2060,caught,66,decode
7479,truncation,5266987,4015868,caught,68,decode
7480,header,279,1,caught,66,decode
7481,payload,4745140,1,caught,66,decode
7482,bit_flip,6153729,1,caught,66,decode
7483,random_bytes,3031259,12,caught,66,decode
7484,zeroed_run,419878,1792,caught,66,decode
7485,truncation,6093739,3189116,caught,68,decode
7486,header,506,1,caught,66,decode
7487,payload,1912248,1,caught,66,decode
7488,bit_flip,5533551,1,caught,66,decode
7489,random_bytes,8562968,13,caught,66,decode
7490,zeroed_run,6777410,455,caught,66,decode
7491,truncation,2396700,6886155,caught,68,decode
7492,header,401,1,caught,66,decode
7493,payload,7298347,1,caught,66,decode
7494,bit_flip,2351251,1,caught,66,decode
7495,random_bytes,4608092,15,caught,66,decode
7496,zeroed_run,5896366,2385,caught,66,decode
7497,truncation,943894,8338961,caught,68,decode
7498,header,493,1,caught,66,decode
7499,payload,1657106,1,caught,66,decode
7500,bit_flip,7110266,1,caught,66,decode
7501,random_bytes,8417637,11,caught,66,decode
7502,zeroed_run,2691848,1245,caught,66,decode
7503,truncation,5516204,3766651,caught,68,decode
7504,header,874,1,caught,66,decode
7505,payload,33457,1,caught,66,decode
7506,bit_flip,6341823,1,caught,66,decode
7507,random_bytes,2030043,3,caught,66,decode
7508,zeroed_run,3048114,3791,caught,66,decode
7509,truncation,9069377,213478,caught,68,decode
7510,header,967,1,caught,66,decode
7511,payload,7115626,1,caught,66,decode
7512,bit_flip,337902,1,caught,66,decode
7513,random_bytes,3757542,15,caught,66,decode
7514,zeroed_run,2866654,143,caught,66,decode
7515,truncation,2280976,7001879,caught,68,decode
7516,header,816,1,caught,66,decode
7517,payload,5871656,1,caught,66,decode
7518,bit_flip,59226,1,caught,66,decode
7519,random_bytes,344081,3,caught,66,decode
7520,zeroed_run,4389077,3136,caught,66,decode
7521,truncation,1313837,7969018,caught,68,decode
7522,header,239,1,caught,66,decode
7523,payload,4334672,1,caught,66,decode
7524,bit_flip,6367205,1,caught,66,decode
7525,random_bytes,7723813,9,caught,66,decode
7526,zeroed_run,4935197,2791,caught,66,decode
7527,truncation,2420063,6862792,caught,68,decode
7528,header,769,1,caught,66,decode
7529,payload,2046196,1,caught,66,decode
7530,bit_flip,4357587,1,caught,66,decode
7531,random_bytes,524518,8,caught,66,decode
7532,zeroed_run,9108218,2956,caught,66,decode
7533,truncation,8886338,396517,caught,68,decode
7534,header,189,1,caught,66,decode
7535,payload,865546,1,caught,66,decode
7536,bit_flip,5661840,1,caught,66,decode
7537,random_bytes,6063979,1,caught,66,decode
7538,zeroed_run,4511409,3421,caught,66,decode
7539,truncation,1706101,7576754,caught,68,decode
7540,header,361,1,caught,66,decode
7541,payload,8945401,1,caught,66,decode
7542,bit_flip,5733035,1,caught,66,decode
7543,random_bytes,8985639,14,caught,66,decode
7544,zeroed_run,9203684,2633,caught,66,decode
7545,truncation,5516372,3766483,caught,68,decode
7546,header,541,1,caught,66,decode
7547,payload,2850746,1,caught,66,decode
7548,bit_flip,6607665,1,caught,66,decode
7549,random_bytes,3081167,4,caught,66,decode
7550,zeroed_run,3244758,295,caught,66,decode
7551,truncation,9186928,95927,caught,68,decode
7552,header,498,1,caught,66,decode
7553,payload,8104049,1,caught,66,decode
7554,bit_flip,2525578,1,caught,66,decode
7555,random_bytes,5897126,8,caught,66,decode
7556,zeroed_run,789019,2307,caught,66,decode
7557,truncation,7356452,1926403,caught,68,decode
7558,header,517,1,caught,66,decode
7559,payload,6483934,1,caught,66,decode
7560,bit_flip,8036977,1,caught,66,decode
7561,random_bytes,4733599,6,caught,66,decode
7562,zeroed_run,5216984,3805,caught,66,decode
7563,truncation,87287,9195568,caught,68,decode
7564,header,898,1,caught,66,decode
7565,payload,1662983,1,caught,66,decode
7566,bit_flip,7517153,1,caught,66,decode
7567,random_bytes,6150697,10,caught,66,decode
7568,zeroed_run,5970835,3869,caught,66,decode
7569,truncation,3134706,6148149,caught,68,decode
7570,header,378,1,caught,66,decode
7571,payload,5668034,1,caught,66,decode
7572,bit_flip,4265881,1,caught,66,decode
7573,random_bytes,1925731,13,caught,66,decode
7574,zeroed_run,8049026,2855,caught,66,decode
7575,truncation,3251349,6031506,caught,68,decode
7576,header,124,1,caught,66,decode
7577,payload,4429830,1,caught,66,decode
7578,bit_flip,9282050,1,caught,66,decode
7579,random_bytes,1754633,3,caught,66,decode
7580,zeroed_run,7354534,3578,caught,66,decode
7581,truncation,654018,8628837,caught,68,decode
7582,header,48,1,caught,66,decode
7583,payload,7298547,1,caught,66,decode
7584,bit_flip,2734247,1,caught,66,decode
7585,random_bytes,3718643,16,caught,66,decode
7586,zeroed_run,5963118,262,caught,66,decode
7587,truncation,5907991,3374864,caught,68,decode
7588,header,777,1,caught,66,decode
7589,payload,26914,1,caught,66,decode
7590,bit_flip,5111548,1,caught,66,decode
7591,random_bytes,4618692,11,caught,66,decode
7592,zeroed_run,4475810,4091,caught,66,decode
7593,truncation,4598886,4683969,caught,68,decode
7594,header,559,1,caught,66,decode
7595,payload,4781784,1,caught,66,decode
7596,bit_flip,5840800,1,caught,66,decode
7597,random_bytes,6037757,12,caught,66,decode
7598,zeroed_run,5756457,3822,caught,66,decode
7599,truncation,7846078,1436777,caught,68,decode
7600,header,1021,1,caught,66,decode
7601,payload,3222018,1,caught,66,decode
7602,bit_flip,754201,1,caught,66,decode
7603,random_bytes,6507547,15,caught,66,decode
7604,zeroed_run,5452659,2871,caught,66,decode
7605,truncation,3889177,5393678,caught,68,decode
7606,header,937,1,caught,66,decode
7607,payload,4551748,1,caught,66,decode
7608,bit_flip,1298707,1,caught,66,decode
7609,random_bytes,5441055,1,caught,66,decode
7610,zeroed_run,3085691,2330,caught,66,decode
7611,truncation,520412,8762443,caught,68,decode
7612,header,814,1,caught,66,decode
7613,payload,2810976,1,caught,66,decode
7614,bit_flip,6443644,1,caught,66,decode
7615,random_bytes,5950304,15,caught,66,decode
7616,zeroed_run,7391124,1798,caught,66,decode
7617,truncation,98618,9184237,caught,68,decode
7618,header,865,1,caught,66,decode
7619,payload,4988798,1,caught,66,decode
7620,bit_flip,6809709,1,caught,66,decode
7621,random_bytes,4993173,7,caught,66,decode
7622,zeroed_run,6013117,3554,caught,66,decode
7623,truncation,70348,9212507,caught,68,decode
7624,header,248,1,caught,66,decode
7625,payload,8499885,1,caught,66,decode
7626,bit_flip,1920432,1,caught,66,decode
7627,random_bytes,5620895,9,caught,66,decode
7628,zeroed_run,8675974,2773,caught,66,decode
7629,truncation,452568,8830287,caught,68,decode
7630,header,913,1,caught,66,decode
7631,payload,4129936,1,caught,66,decode
7632,bit_flip,3021509,1,caught,66,decode
7633,random_bytes,2178,8,caught,66,decode
7634,zeroed_run,1951399,3671,caught,66,decode
7635,truncation,2418941,6863914,caught,68,decode
7636,header,688,1,caught,66,decode
7637,payload,8977656,1,caught,66,decode
7638,bit_flip,3432157,1,caught,66,decode
7639,random_bytes,5394315,4,caught,66,decode
7640,zeroed_run,3937930,658,caught,66,decode
7641,truncation,7080362,2202493,caught,68,decode
7642,header,506,1,caught,66,decode
7643,payload,5494788,1,caught,66,decode
7644,bit_flip,1461414,1,caught,66,decode
7645,random_bytes,9201610,3,caught,66,decode
7646,zeroed_run,1444230,3537,caught,66,decode
7647,truncation,8845298,437557,caught,68,decode
7648,header,871,1,caught,66,decode
7649,payload,6267021,1,caught,66,decode
7650,bit_flip,345017,1,caught,66,decode
7651,random_bytes,4459838,9,caught,66,decode
7652,zeroed_run,2162823,1056,caught,66,decode
7653,truncation,756815,8526040,caught,68,decode
7654,header,527,1,caught,66,decode
7655,payload,4408492,1,caught,66,decode
7656,bit_flip,7870565,1,caught,66,decode
7657,random_bytes,107213,15,caught,66,decode
7658,zeroed_run,1013414,1044,caught,66,decode
7659,truncation,6857501,2425354,caught,68,decode
7660,header,674,1,caught,66,decode
7661,payload,5268919,1,caught,66,decode
7662,bit_flip,2375369,1,caught,66,decode
7663,random_bytes,72287,8,caught,66,decode
7664,zeroed_run,2325825,683,caught,66,decode
7665,truncation,4729593,4553262,caught,68,decode
7666,header,242,1,caught,66,decode
7667,payload,151532,1,caught,66,decode
7668,bit_flip,6445511,1,caught,66,decode
7669,random_bytes,4321658,6,caught,66,decode
7670,zeroed_run,1862025,1195,caught,66,decode
7671,truncation,4666008,4616847,caught,68,decode
7672,header,737,1,caught,66,decode
7673,payload,1815608,1,caught,66,decode
7674,bit_flip,6585309,1,caught,66,decode
7675,random_bytes,3103193,3,caught,66,decode
7676,zeroed_run,1127023,1146,caught,66,decode
7677,truncation,6033753,3249102,caught,68,decode
7678,header,973,1,caught,66,decode
7679,payload,8064864,1,caught,66,decode
7680,bit_flip,147679,1,caught,66,decode
7681,random_bytes,4154273,13,caught,66,decode
7682,zeroed_run,1303634,3797,caught,66,decode
7683,truncation,4642899,4639956,caught,68,decode
7684,header,597,1,caught,66,decode
7685,payload,6517753,1,caught,66,decode
7686,bit_flip,7599561,1,caught,66,decode
7687,random_bytes,1139106,1,caught,66,decode
7688,zeroed_run,6442445,601,caught,66,decode
7689,truncation,6991791,2291064,caught,68,decode
7690,header,166,1,caught,66,decode
7691,payload,3321655,1,caught,66,decode
7692,bit_flip,3942086,1,caught,66,decode
7693,random_bytes,6205122,7,caught,66,decode
7694,zeroed_run,1412626,2120,caught,66,decode
7695,truncation,884696,8398159,caught,68,decode
7696,header,2,1,caught,44,decode
7697,payload,1006000,1,caught,66,decode
7698,bit_flip,4866524,1,caught,66,decode
7699,random_bytes,2032791,16,caught,66,decode
7700,zeroed_run,8278819,83,caught,66,decode
7701,truncation,7185430,2097425,caught,68,decode
7702,header,985,1,caught,66,decode
7703,payload,529325,1,caught,66,decode
7704,bit_flip,4221562,1,caught,66,decode
7705,random_bytes,8007258,4,caught,66,decode
7706,zeroed_run,6289214,2852,caught,66,decode
7707,truncation,6956133,2326722,caught,68,decode
7708,header,923,1,caught,66,decode
7709,payload,2890434,1,caught,66,decode
7710,bit_flip,370428,1,caught,66,decode
7711,random_bytes,6813481,14,caught,66,decode
7712,zeroed_run,4421781,1818,caught,66,decode
7713,truncation,8403459,879396,caught,68,decode
7714,header,393,1,caught,66,decode
7715,payload,1655645,1,caught,66,decode
7716,bit_flip,4440712,1,caught,66,decode
7717,random_bytes,5212870,10,caught,66,decode
7718,zeroed_run,9187481,109,caught,66,decode
7719,truncation,2979566,6303289,caught,68,decode
7720,header,716,1,caught,66,decode
7721,payload,4706587,1,caught,66,decode
7722,bit_flip,1383253,1,caught,66,decode
7723,random_bytes,2921984,9,caught,66,decode
7724,zeroed_run,761582,1167,caught,66,decode
7725,truncation,5458803,3824052,caught,68,decode
7726,header,258,1,caught,66,decode
7727,payload,177195,1,caught,66,decode
7728,bit_flip,7814264,1,caught,66,decode
7729,random_bytes,1018727,13,caught,66,decode
7730,zeroed_run,2550714,163,caught,66,decode
7731,truncation,2138974,7143881,caught,68,decode
7732,header,508,1,caught,66,decode
7733,payload,1859078,1,caught,66,decode
7734,bit_flip,6329616,1,caught,66,decode
7735,random_bytes,211387,1,caught,66,decode
7736,zeroed_run,977983,1895,caught,66,decode
7737,truncation,5605166,3677689,caught,68,decode
7738,header,762,1,caught,66,decode
7739,payload,863222,1,caught,66,decode
7740,bit_flip,1824707,1,caught,66,decode
7741,random_bytes,7470174,5,caught,66,decode
7742,zeroed_run,5214664,3380,caught,66,decode
7743,truncation,3297966,5984889,caught,68,decode
7744,header,523,1,caught,66,decode
7745,payload,78482,1,caught,66,decode
7746,bit_flip,1913205,1,caught,66,decode
7747,random_bytes,2471900,3,caught,66,decode
7748,zeroed_run,6541435,2452,caught,66,decode
7749,truncation,1594826,7688029,caught,68,decode
7750,header,194,1,caught,66,decode
7751,payload,4692139,1,caught,66,decode
7752,bit_flip,4463508,1,caught,66,decode
7753,random_bytes,7399093,8,caught,66,decode
7754,zeroed_run,3346874,1849,caught,66,decode
7755,truncation,3856037,5426818,caught,68,decode
7756,header,328,1,caught,66,decode
7757,payload,5773743,1,caught,66,decode
7758,bit_flip,2894322,1,caught,66,decode
7759,random_bytes,6432874,5,caught,66,decode
7760,zeroed_run,1923421,413,caught,66,decode
7761,truncation,5161086,4121769,caught,68,decode
7762,header,317,1,caught,66,decode
7763,payload,2150609,1,caught,66,decode
7764,bit_flip,1178337,1,caught,66,decode
7765,random_bytes,5793692,2,caught,66,decode
7766,zeroed_run,4433216,1501,caught,66,decode
7767,truncation,5006751,4276104,caught,68,decode
7768,header,581,1,caught,66,decode
7769,payload,868268,1,caught,66,decode
7770,bit_flip,1471805,1,caught,66,decode
7771,random_bytes,3996233,15,caught,66,decode
7772,zeroed_run,2741415,2106,caught,66,decode
7773,truncation,2078186,7204669,caught,68,decode
7774,header,965,1,caught,66,decode
7775,payload,8017721,1,caught,66,decode
7776,bit_flip,6716750,1,caught,66,decode
7777,random_bytes,3984410,4,caught,66,decode
7778,zeroed_run,1969355,1373,caught,66,decode
7779,truncation,130746,9152109,caught,68,decode
7780,header,221,1,caught,66,decode
7781,payload,7965291,1,caught,66,decode
7782,bit_flip,4423383,1,caught,66,decode
7783,random_bytes,2616949,3,caught,66,decode
7784,zeroed_run,2974928,1321,caught,66,decode
7785,truncation,7399023,1883832,caught,68,decode
7786,header,750,1,caught,66,decode
7787,payload,7762688,1,caught,66,decode
7788,bit_flip,6448831,1,caught,66,decode
7789,random_bytes,2674976,8,caught,66,decode
7790,zeroed_run,1108679,3117,caught,66,decode
7791,truncation,5912270,3370585,caught,68,decode
7792,header,74,1,caught,66,decode
7793,payload,5413575,1,caught,66,decode
7794,bit_flip,6654523,1,caught,66,decode
7795,random_bytes,415235,7,caught,66,decode
7796,zeroed_run,6065349,3403,caught,66,decode
7797,truncation,9231050,51805,caught,68,decode
7798,header,977,1,caught,66,decode
7799,payload,5172986,1,caught,66,decode
7800,bit_flip,7895814,1,caught,66,decode
7801,random_bytes,3607574,9,caught,66,decode
7802,zeroed_run,577453,2523,caught,66,decode
7803,truncation,1355001,7927854,caught,68,decode
7804,header,613,1,caught,66,decode
7805,payload,3925053,1,caught,66,decode
7806,bit_flip,7755492,1,caught,66,decode
7807,random_bytes,2035853,10,caught,66,decode
7808,zeroed_run,806845,102,caught,66,decode
7809,truncation,302860,8979995,caught,68,decode
7810,header,439,1,caught,66,decode
7811,payload,2631149,1,caught,66,decode
7812,bit_flip,5351655,1,caught,66,decode
7813,random_bytes,7525222,3,caught,66,decode
7814,zeroed_run,3352054,753,caught,66,decode
7815,truncation,5017456,4265399,caught,68,decode
7816,header,135,1,caught,66,decode
7817,payload,9260133,1,caught,66,decode
7818,bit_flip,1285615,1,caught,66,decode
7819,random_bytes,3218474,2,caught,66,decode
7820,zeroed_run,5526423,3854,caught,66,decode
7821,truncation,1168228,8114627,caught,68,decode
7822,header,798,1,caught,66,decode
7823,payload,1008594,1,caught,66,decode
7824,bit_flip,1324791,1,caught,66,decode
7825,random_bytes,8291160,3,caught,66,decode
7826,zeroed_run,4104667,3089,caught,66,decode
7827,truncation,5155849,4127006,caught,68,decode
7828,header,682,1,caught,66,decode
7829,payload,3645241,1,caught,66,decode
7830,bit_flip,538324,1,caught,66,decode
7831,random_bytes,8746252,13,caught,66,decode
7832,zeroed_run,3751346,2251,caught,66,decode
7833,truncation,4853839,4429016,caught,68,decode
7834,header,547,1,caught,66,decode
7835,payload,2165269,1,caught,66,decode
7836,bit_flip,7378094,1,caught,66,decode
7837,random_bytes,1602672,10,caught,66,decode
7838,zeroed_run,3536235,3641,caught,66,decode
7839,truncation,7429190,1853665,caught,68,decode
7840,header,210,1,caught,66,decode
7841,payload,4420974,1,caught,66,decode
7842,bit_flip,6880180,1,caught,66,decode
7843,random_bytes,7736919,9,caught,66,decode
7844,zeroed_run,3885570,3309,caught,66,decode
7845,truncation,1709408,7573447,caught,68,decode
7846,header,627,1,caught,66,decode
7847,payload,8971597,1,caught,66,decode
7848,bit_flip,8503331,1,caught,66,decode
7849,random_bytes,7488004,1,caught,66,decode
7850,zeroed_run,1933579,1814,caught,66,decode
7851,truncation,77847,9205008,caught,68,decode
7852,header,417,1,caught,66,decode
7853,payload,7796495,1,caught,66,decode
7854,bit_flip,8427808,1,caught,66,decode
7855,random_bytes,4985932,15,caught,66,decode
7856,zeroed_run,5118457,2498,caught,66,decode
7857,truncation,4914501,4368354,caught,68,decode
7858,header,720,1,caught,66,decode
7859,payload,77752,1,caught,66,decode
7860,bit_flip,7365062,1,caught,66,decode
7861,random_bytes,684559,5,caught,66,decode
7862,zeroed_run,5716676,3637,caught,66,decode
7863,truncation,5540511,3742344,caught,68,decode
7864,header,484,1,caught,66,decode
7865,payload,7663605,1,caught,66,decode
7866,bit_flip,5110118,1,caught,66,decode
7867,random_bytes,1908969,7,caught,66,decode
7868,zeroed_run,9124138,1775,caught,66,decode
7869,truncation,6779939,2502916,caught,68,decode
7870,header,72,1,caught,66,decode
7871,payload,270208,1,caught,66,decode
7872,bit_flip,8281190,1,caught,66,decode
7873,random_bytes,4315668,16,caught,66,decode
7874,zeroed_run,2299490,3282,caught,66,decode
7875,truncation,4001923,5280932,caught,68,decode
7876,header,959,1,caught,66,decode
7877,payload,6375386,1,caught,66,decode
7878,bit_flip,1595064,1,caught,66,decode
7879,random_bytes,620836,14,caught,66,decode
7880,zeroed_run,9199557,24,caught,66,decode
7881,truncation,1554938,7727917,caught,68,decode
7882,header,546,1,caught,66,decode
7883,payload,6046796,1,caught,66,decode
7884,bit_flip,569267,1,caught,66,decode
7885,random_bytes,8675851,6,caught,66,decode
7886,zeroed_run,4520861,994,caught,66,decode
7887,truncation,4941278,4341577,caught,68,decode
7888,header,644,1,caught,66,decode
7889,payload,4169103,1,caught,66,decode
7890,bit_flip,5733651,1,caught,66,decode
7891,random_bytes,9121631,5,caught,66,decode
7892,zeroed_run,4987425,2016,caught,66,decode
7893,truncation,570729,8712126,caught,68,decode
7894,header,131,1,caught,66,decode
7895,payload,5536416,1,caught,66,decode
7896,bit_flip,5135028,1,caught,66,decode
7897,random_bytes,5505148,15,caught,66,decode
7898,zeroed_run,7938653,303,caught,66,decode
7899,truncation,7097063,2185792,caught,68,decode
7900,header,87,1,caught,66,decode
7901,payload,4376446,1,caught,66,decode
7902,bit_flip,474221,1,caught,66,decode
7903,random_bytes,8710537,12,caught,66,decode
7904,zeroed_run,8746827,768,caught,66,decode
7905,truncation,3302527,5980328,caught,68,decode
7906,header,149,1,caught,66,decode
7907,payload,7097849,1,caught,66,decode
7908,bit_flip,3589590,1,caught,66,decode
7909,random_bytes,211011,8,caught,66,decode
7910,zeroed_run,5263982,745,caught,66,decode
7911,truncation,9163907,118948,caught,68,decode
7912,header,932,1,caught,66,decode
7913,payload,8203440,1,caught,66,decode
7914,bit_flip,5074637,1,caught,66,decode
7915,random_bytes,7537653,8,caught,66,decode
7916,zeroed_run,7654600,315,caught,66,decode
7917,truncation,1486611,7796244,caught,68,decode
7918,header,870,1,caught,66,decode
7919,payload,4130571,1,caught,66,decode
7920,bit_flip,380519,1,caught,66,decode
7921,random_bytes,5800416,6,caught,66,decode
7922,zeroed_run,4624829,3483,caught,66,decode
7923,truncation,1172304,8110551,caught,68,decode
7924,header,186,1,caught,66,decode
7925,payload,5040627,1,caught,66,decode
7926,bit_flip,3683317,1,caught,66,decode
7927,random_bytes,4232312,9,caught,66,decode
7928,zeroed_run,4160990,3012,caught,66,decode
7929,truncation,7706419,1576436,caught,68,decode
7930,header,461,1,caught,66,decode
7931,payload,2081330,1,caught,66,decode
7932,bit_flip,6552095,1,caught,66,decode
7933,random_bytes,7797533,7,caught,66,decode
7934,zeroed_run,7148046,3455,caught,66,decode
7935,truncation,6731181,2551674,caught,68,decode
7936,header,297,1,caught,66,decode
7937,payload,6674458,1,caught,66,decode
7938,bit_flip,4136587,1,caught,66,decode
7939,random_bytes,5723074,16,caught,66,decode
7940,zeroed_run,1397976,2989,caught,66,decode
7941,truncation,752891,8529964,caught,68,decode
7942,header,739,1,caught,66,decode
7943,payload,638998,1,caught,66,decode
7944,bit_flip,9062498,1,caught,66,decode
7945,random_bytes,446533,14,caught,66,decode
7946,zeroed_run,3533745,2039,caught,66,decode
7947,truncation,3452528,5830327,caught,68,decode
7948,header,749,1,caught,66,decode
7949,payload,2225091,1,caught,66,decode
7950,bit_flip,5383493,1,caught,66,decode
7951,random_bytes,5686207,11,caught,66,decode
7952,zeroed_run,5214093,2232,caught,66,decode
7953,truncation,120509,9162346,caught,68,decode
7954,header,350,1,caught,66,decode
7955,payload,8612349,1,caught,66,decode
7956,bit_flip,2497457,1,caught,66,decode
7957,random_bytes,475531,9,caught,66,decode
7958,zeroed_run,8772984,438,caught,66,decode
7959,truncation,8093005,1189850,caught,68,decode
7960,header,406,1,caught,66,decode
7961,payload,1231930,1,caught,66,decode
7962,bit_flip,6273437,1,caught,66,decode
7963,random_bytes,7348204,2,caught,66,decode
7964,zeroed_run,2316906,2781,caught,66,decode
7965,truncation,3423829,5859026,caught,68,decode
7966,header,426,1,caught,66,decode
7967,payload,3018516,1,caught,66,decode
7968,bit_flip,6584579,1,caught,66,decode
7969,random_bytes,3335318,11,caught,66,decode
7970,zeroed_run,6069511,2641,caught,66,decode
7971,truncation,3886550,5396305,caught,68,decode
7972,header,364,1,caught,66,decode
7973,payload,8084348,1,caught,66,decode
7974,bit_flip,1276903,1,caught,66,decode
7975,random_bytes,3932217,16,caught,66,decode
7976,zeroed_run,7385704,3806,caught,66,decode
7977,truncation,584857,8697998,caught,68,decode
7978,header,674,1,caught,66,decode
7979,payload,295928,1,caught,66,decode
7980,bit_flip,6222852,1,caught,66,decode
7981,random_bytes,84482,5,caught,66,decode
7982,zeroed_run,6173283,101,caught,66,decode
7983,truncation,4164567,5118288,caught,68,decode
7984,header,432,1,caught,66,decode
7985,payload,7987353,1,caught,66,decode
7986,bit_flip,8206951,1,caught,66,decode
7987,random_bytes,3389222,4,caught,66,decode
7988,zeroed_run,5843938,460,caught,66,decode
7989,truncation,842357,8440498,caught,68,decode
7990,header,729,1,caught,66,decode
7991,payload,3527329,1,caught,66,decode
7992,bit_flip,4884567,1,caught,66,decode
7993,random_bytes,8448342,2,caught,66,decode
7994,zeroed_run,485159,2177,caught,66,decode
7995,truncation,4198954,5083901,caught,68,decode
7996,header,489,1,caught,66,decode
7997,payload,6529652,1,caught,66,decode
7998,bit_flip,4895349,1,caught,66,decode
7999,random_bytes,9019002,5,caught,66,decode
8000,zeroed_run,4047017,1731,caught,66,decode
8001,truncation,4880801,4402054,caught,68,decode
8002,header,409,1,caught,66,decode
8003,payload,3580719,1,caught,66,decode
8004,bit_flip,8482847,1,caught,66,decode
8005,random_bytes,2834373,11,caught,66,decode
8006,zeroed_run,3443950,711,caught,66,decode
8007,truncation,5308549,3974306,caught,68,decode
8008,header,221,1,caught,66,decode
8009,payload,6622630,1,caught,66,decode
8010,bit_flip,7446926,1,caught,66,decode
8011,random_bytes,1685573,15,caught,66,decode
8012,zeroed_run,1948417,2823,caught,66,decode
8013,truncation,1068425,8214430,caught,68,decode
8014,header,487,1,caught,66,decode
8015,payload,4677764,1,caught,66,decode
8016,bit_flip,7936671,1,caught,66,decode
8017,random_bytes,4177556,7,caught,66,decode
8018,zeroed_run,7964513,3091,caught,66,decode
8019,truncation,2313024,6969831,caught,68,decode
8020,header,986,1,caught,66,decode
8021,payload,248276,1,caught,66,decode
8022,bit_flip,2669974,1,caught,66,decode
8023,random_bytes,2526096,8,caught,66,decode
8024,zeroed_run,7289132,110,caught,66,decode
8025,truncation,7340603,1942252,caught,68,decode
8026,header,983,1,caught,66,decode
8027,payload,3376086,1,caught,66,decode
8028,bit_flip,1710498,1,caught,66,decode
8029,random_bytes,4113499,16,caught,66,decode
8030,zeroed_run,1676236,3947,caught,66,decode
8031,truncation,632760,8650095,caught,68,decode
8032,header,56,1,caught,66,decode
8033,payload,4113232,1,caught,66,decode
8034,bit_flip,1592813,1,caught,66,decode
8035,random_bytes,292592,11,caught,66,decode
8036,zeroed_run,6361592,2817,caught,66,decode
8037,truncation,7079162,2203693,caught,68,decode
8038,header,17,1,caught,66,decode
8039,payload,4211116,1,caught,66,decode
8040,bit_flip,6767778,1,caught,66,decode
8041,random_bytes,1122264,15,caught,66,decode
8042,zeroed_run,1869630,3190,caught,66,decode
8043,truncation,6412066,2870789,caught,68,decode
8044,header,58,1,caught,66,decode
8045,payload,4988692,1,caught,66,decode
8046,bit_flip,2041607,1,caught,66,decode
8047,random_bytes,6530786,2,caught,66,decode
8048,zeroed_run,5391156,3337,caught,66,decode
8049,truncation,6898782,2384073,caught,68,decode
8050,header,630,1,caught,66,decode
8051,payload,4872417,1,caught,66,decode
8052,bit_flip,5047559,1,caught,66,decode
8053,random_bytes,6004341,9,caught,66,decode
8054,zeroed_run,5922167,1567,caught,66,decode
8055,truncation,7179345,2103510,caught,68,decode
8056,header,180,1,caught,66,decode
8057,payload,593914,1,caught,66,decode
8058,bit_flip,6363251,1,caught,66,decode
8059,random_bytes,6780416,7,caught,66,decode
8060,zeroed_run,4857091,1316,caught,66,decode
8061,truncation,8325926,956929,caught,68,decode
8062,header,579,1,caught,66,decode
8063,payload,7964886,1,caught,66,decode
8064,bit_flip,2557370,1,caught,66,decode
8065,random_bytes,3815371,15,caught,66,decode
8066,zeroed_run,1587485,1262,caught,66,decode
8067,truncation,8955383,327472,caught,68,decode
8068,header,173,1,caught,66,decode
8069,payload,70354,1,caught,66,decode
8070,bit_flip,2004745,1,caught,66,decode
8071,random_bytes,7908186,2,caught,66,decode
8072,zeroed_run,3624896,750,caught,66,decode
8073,truncation,3178870,6103985,caught,68,decode
8074,header,122,1,caught,66,decode
8075,payload,129427,1,caught,66,decode
8076,bit_flip,2518728,1,caught,66,decode
8077,random_bytes,6037197,15,caught,66,decode
8078,zeroed_run,7849264,1026,caught,66,decode
8079,truncation,3137801,6145054,caught,68,decode
8080,header,324,1,caught,66,decode
8081,payload,1295017,1,caught,66,decode
8082,bit_flip,2661140,1,caught,66,decode
8083,random_bytes,7773327,5,caught,66,decode
8084,zeroed_run,4954092,1385,caught,66,decode
8085,truncation,8579887,702968,caught,68,decode
8086,header,326,1,caught,66,decode
8087,payload,6653424,1,caught,66,decode
8088,bit_flip,4933923,1,caught,66,decode
8089,random_bytes,5022147,7,caught,66,decode
8090,zeroed_run,7377769,1121,caught,66,decode
8091,truncation,8613290,669565,caught,68,decode
8092,header,206,1,caught,66,decode
8093,payload,2237940,1,caught,66,decode
8094,bit_flip,5493119,1,caught,66,decode
8095,random_bytes,5039936,8,caught,66,decode
8096,zeroed_run,4778363,3021,caught,66,decode
8097,truncation,6328636,2954219,caught,68,decode
8098,header,513,1,caught,66,decode
8099,payload,1676228,1,caught,66,decode
8100,bit_flip,614619,1,caught,66,decode
8101,random_bytes,5651423,13,caught,66,decode
8102,zeroed_run,8357782,292,caught,66,decode
8103,truncation,8261184,1021671,caught,68,decode
8104,header,208,1,caught,66,decode
8105,payload,9240686,1,caught,66,decode
8106,bit_flip,8133582,1,caught,66,decode
8107,random_bytes,7811176,7,caught,66,decode
8108,zeroed_run,1508093,338,caught,66,decode
8109,truncation,3443291,5839564,caught,68,decode
8110,header,878,1,caught,66,decode
8111,payload,2459920,1,caught,66,decode
8112,bit_flip,3287085,1,caught,66,decode
8113,random_bytes,2624820,9,caught,66,decode
8114,zeroed_run,6390693,173,caught,66,decode
8115,truncation,8831338,451517,caught,68,decode
8116,header,613,1,caught,66,decode
8117,payload,1813477,1,caught,66,decode
8118,bit_flip,8244860,1,caught,66,decode
8119,random_bytes,2068970,7,caught,66,decode
8120,zeroed_run,9067267,3278,caught,66,decode
8121,truncation,1393343,7889512,caught,68,decode
8122,header,278,1,caught,66,decode
8123,payload,9137561,1,caught,66,decode
8124,bit_flip,1822335,1,caught,66,decode
8125,random_bytes,4978167,11,caught,66,decode
8126,zeroed_run,4020829,90,caught,66,decode
8127,truncation,4754017,4528838,caught,68,decode
8128,header,1015,1,caught,66,decode
8129,payload,1562891,1,caught,66,decode
8130,bit_flip,4039803,1,caught,66,decode
8131,random_bytes,7481914,10,caught,66,decode
8132,zeroed_run,8453033,2077,caught,66,decode
8133,truncation,8938066,344789,caught,68,decode
8134,header,29,1,caught,66,decode
8135,payload,7916308,1,caught,66,decode
8136,bit_flip,1528448,1,caught,66,decode
8137,random_bytes,3689903,3,caught,66,decode
8138,zeroed_run,7333934,2525,caught,66,decode
8139,truncation,1798622,7484233,caught,68,decode
8140,header,343,1,caught,66,decode
8141,payload,4485739,1,caught,66,decode
8142,bit_flip,7381579,1,caught,66,decode
8143,random_bytes,6466149,1,caught,66,decode
8144,zeroed_run,8359631,3325,caught,66,decode
8145,truncation,7778642,1504213,caught,68,decode
8146,header,702,1,caught,66,decode
8147,payload,8902245,1,caught,66,decode
8148,bit_flip,4122001,1,caught,66,decode
8149,random_bytes,4904219,8,caught,66,decode
8150,zeroed_run,1037113,3166,caught,66,decode
8151,truncation,6090830,3192025,caught,68,decode
8152,header,844,1,caught,66,decode
8153,payload,5726543,1,caught,66,decode
8154,bit_flip,7580641,1,caught,66,decode
8155,random_bytes,5541443,7,caught,66,decode
8156,zeroed_run,8361596,1929,caught,66,decode
8157,truncation,8340632,942223,caught,68,decode
8158,header,599,1,caught,66,decode
8159,payload,8850616,1,caught,66,decode
8160,bit_flip,4960335,1,caught,66,decode
8161,random_bytes,3917201,11,caught,66,decode
8162,zeroed_run,4254086,3057,caught,66,decode
8163,truncation,2240120,7042735,caught,68,decode
8164,header,512,1,caught,66,decode
8165,payload,5655377,1,caught,66,decode
8166,bit_flip,6084018,1,caught,66,decode
8167,random_bytes,7297768,12,caught,66,decode
8168,zeroed_run,4068874,443,caught,66,decode
8169,truncation,828215,8454640,caught,68,decode
8170,header,654,1,caught,66,decode
8171,payload,2532793,1,caught,66,decode
8172,bit_flip,4698298,1,caught,66,decode
8173,random_bytes,6547860,8,caught,66,decode
8174,zeroed_run,4818047,1671,caught,66,decode
8175,truncation,341583,8941272,caught,68,decode
8176,header,85,1,caught,66,decode
8177,payload,3490004,1,caught,66,decode
8178,bit_flip,9213272,1,caught,66,decode
8179,random_bytes,3786388,2,caught,66,decode
8180,zeroed_run,4418325,2623,caught,66,decode
8181,truncation,386252,8896603,caught,68,decode
8182,header,884,1,caught,66,decode
8183,payload,3408113,1,caught,66,decode
8184,bit_flip,5782552,1,caught,66,decode
8185,random_bytes,4164532,11,caught,66,decode
8186,zeroed_run,3481532,1005,caught,66,decode
8187,truncation,5894377,3388478,caught,68,decode
8188,header,451,1,caught,66,decode
8189,payload,2420223,1,caught,66,decode
8190,bit_flip,6154970,1,caught,66,decode
8191,random_bytes,2715290,15,caught,66,decode
8192,zeroed_run,5667560,472,caught,66,decode
8193,truncation,5723835,3559020,caught,68,decode
8194,header,510,1,caught,66,decode
8195,payload,6756113,1,caught,66,decode
8196,bit_flip,1569186,1,caught,66,decode
8197,random_bytes,4688065,12,caught,66,decode
8198,zeroed_run,1806707,459,caught,66,decode
8199,truncation,6624647,2658208,caught,68,decode
8200,header,111,1,caught,66,decode
8201,payload,2396817,1,caught,66,decode
8202,bit_flip,4147749,1,caught,66,decode
8203,random_bytes,7969460,8,caught,66,decode
8204,zeroed_run,8816042,820,caught,66,decode
8205,truncation,6657604,2625251,caught,68,decode
8206,header,319,1,caught,66,decode
8207,payload,144815,1,caught,66,decode
8208,bit_flip,7709237,1,caught,66,decode
8209,random_bytes,132670,14,caught,66,decode
8210,zeroed_run,7264966,3092,caught,66,decode
8211,truncation,6054246,3228609,caught,68,decode
8212,header,306,1,caught,66,decode
8213,payload,8349961,1,caught,66,decode
8214,bit_flip,5699227,1,caught,66,decode
8215,random_bytes,7024361,12,caught,66,decode
8216,zeroed_run,4791031,3779,caught,66,decode
8217,truncation,570652,8712203,caught,68,decode
8218,header,669,1,caught,66,decode
8219,payload,8290753,1,caught,66,decode
8220,bit_flip,1425787,1,caught,66,decode
8221,random_bytes,366550,16,caught,66,decode
8222,zeroed_run,1490796,3439,caught,66,decode
8223,truncation,2904439,6378416,caught,68,decode
8224,header,836,1,caught,66,decode
8225,payload,5816643,1,caught,66,decode
8226,bit_flip,3751794,1,caught,66,decode
8227,random_bytes,6001387,2,caught,66,decode
8228,zeroed_run,8072379,3481,caught,66,decode
8229,truncation,8004683,1278172,caught,68,decode
8230,header,462,1,caught,66,decode
8231,payload,6403546,1,caught,66,decode
8232,bit_flip,8343739,1,caught,66,decode
8233,random_bytes,65291,11,caught,66,decode
8234,zeroed_run,586166,2282,caught,66,decode
8235,truncation,4819442,4463413,caught,68,decode
8236,header,0,1,caught,44,decode
8237,payload,5408262,1,caught,66,decode
8238,bit_flip,8373457,1,caught,66,decode
8239,random_bytes,6657091,6,caught,66,decode
8240,zeroed_run,6462044,2152,caught,66,decode
8241,truncation,7090659,2192196,caught,68,decode
8242,header,276,1,caught,66,decode
8243,payload,8908060,1,caught,66,decode
8244,bit_flip,2383037,1,caught,66,decode
8245,random_bytes,6221838,8,caught,66,decode
8246,zeroed_run,8283897,3730,caught,66,decode
8247,truncation,4775437,4507418,caught,68,decode
8248,header,983,1,caught,66,decode
8249,payload,3446366,1,caught,66,decode
8250,bit_flip,964754,1,caught,66,decode
8251,random_bytes,7906098,8,caught,66,decode
8252,zeroed_run,8740959,328,caught,66,decode
8253,truncation,2415830,6867025,caught,68,decode
8254,header,850,1,caught,66,decode
8255,payload,184987,1,caught,66,decode
8256,bit_flip,2534690,1,caught,66,decode
8257,random_bytes,2338027,12,caught,66,decode
8258,zeroed_run,7341966,1103,caught,66,decode
8259,truncation,8535854,747001,caught,68,decode
8260,header,75,1,caught,66,decode
8261,payload,39099,1,caught,66,decode
8262,bit_flip,3407933,1,caught,66,decode
8263,random_bytes,9218293,4,caught,66,decode
8264,zeroed_run,1012046,3994,caught,66,decode
8265,truncation,8918482,364373,caught,68,decode
8266,header,862,1,caught,66,decode
8267,payload,7670639,1,caught,66,decode
8268,bit_flip,7664194,1,caught,66,decode
8269,random_bytes,5524565,15,caught,66,decode
8270,zeroed_run,4031938,3154,caught,66,decode
8271,truncation,8240487,1042368,caught,68,decode
8272,header,624,1,caught,66,decode
8273,payload,2381223,1,caught,66,decode
8274,bit_flip,8546445,1,caught,66,decode
8275,random_bytes,4849221,15,caught,66,decode
8276,zeroed_run,5313560,148,caught,66,decode
8277,truncation,9142391,140464,caught,68,decode
8278,header,104,1,caught,66,decode
8279,payload,3841053,1,caught,66,decode
8280,bit_flip,198717,1,caught,66,decode
8281,random_bytes,2343315,12,caught,66,decode
8282,zeroed_run,1946376,3921,caught,66,decode
8283,truncation,8209825,1073030,caught,68,decode
8284,header,568,1,caught,66,decode
8285,payload,1259998,1,caught,66,decode
8286,bit_flip,329197,1,caught,66,decode
8287,random_bytes,5820091,12,caught,66,decode
8288,zeroed_run,3076707,358,caught,66,decode
8289,truncation,4760149,4522706,caught,68,decode
8290,header,401,1,caught,66,decode
8291,payload,2114511,1,caught,66,decode
8292,bit_flip,5496178,1,caught,66,decode
8293,random_bytes,2792277,15,caught,66,decode
8294,zeroed_run,7850597,1188,caught,66,decode
8295,truncation,8903761,379094,caught,68,decode
8296,header,232,1,caught,66,decode
8297,payload,1781090,1,caught,66,decode
8298,bit_flip,6990151,1,caught,66,decode
8299,random_bytes,7969934,14,caught,66,decode
8300,zeroed_run,6884530,1158,caught,66,decode
8301,truncation,4392216,4890639,caught,68,decode
8302,header,465,1,caught,66,decode
8303,payload,1994553,1,caught,66,decode
8304,bit_flip,2034971,1,caught,66,decode
8305,random_bytes,3886207,4,caught,66,decode
8306,zeroed_run,733782,4043,caught,66,decode
8307,truncation,1817210,7465645,caught,68,decode
8308,header,237,1,caught,66,decode
8309,payload,7416173,1,caught,66,decode
8310,bit_flip,1793566,1,caught,66,decode
8311,random_bytes,2154045,9,caught,66,decode
8312,zeroed_run,7099556,2718,caught,66,decode
8313,truncation,7396328,1886527,caught,68,decode
8314,header,676,1,caught,66,decode
8315,payload,8815515,1,caught,66,decode
8316,bit_flip,4155365,1,caught,66,decode
8317,random_bytes,1641341,15,caught,66,decode
8318,zeroed_run,493988,815,caught,66,decode
8319,truncation,480841,8802014,caught,68,decode
8320,header,939,1,caught,66,decode
8321,payload,188449,1,caught,66,decode
8322,bit_flip,6543104,1,caught,66,decode
8323,random_bytes,2185808,12,caught,66,decode
8324,zeroed_run,7908537,1362,caught,66,decode
8325,truncation,5901644,3381211,caught,68,decode
8326,header,994,1,caught,66,decode
8327,payload,2001078,1,caught,66,decode
8328,bit_flip,2299317,1,caught,66,decode
8329,random_bytes,3753338,5,caught,66,decode
8330,zeroed_run,1827713,1685,caught,66,decode
8331,truncation,1742234,7540621,caught,68,decode
8332,header,336,1,caught,66,decode
8333,payload,4697721,1,caught,66,decode
8334,bit_flip,9280753,1,caught,66,decode
8335,random_bytes,1600666,3,caught,66,decode
8336,zeroed_run,750614,3391,caught,66,decode
8337,truncation,5132747,4150108,caught,68,decode
8338,header,149,1,caught,66,decode
8339,payload,5987107,1,caught,66,decode
8340,bit_flip,9161057,1,caught,66,decode
8341,random_bytes,6092606,12,caught,66,decode
8342,zeroed_run,2195388,2252,caught,66,decode
8343,truncation,473306,8809549,caught,68,decode
8344,header,753,1,caught,66,decode
8345,payload,1698866,1,caught,66,decode
8346,bit_flip,74525,1,caught,66,decode
8347,random_bytes,8325909,9,caught,66,decode
8348,zeroed_run,5109126,2981,caught,66,decode
8349,truncation,8387337,895518,caught,68,decode
8350,header,385,1,caught,66,decode
8351,payload,6745256,1,caught,66,decode
8352,bit_flip,2643059,1,caught,66,decode
8353,random_bytes,1971338,16,caught,66,decode
8354,zeroed_run,6931791,375,caught,66,decode
8355,truncation,431869,8850986,caught,68,decode
8356,header,425,1,caught,66,decode
8357,payload,2782543,1,caught,66,decode
8358,bit_flip,8810599,1,caught,66,decode
8359,random_bytes,1418118,8,caught,66,decode
8360,zeroed_run,9241998,2993,caught,66,decode
8361,truncation,6286231,2996624,caught,68,decode
8362,header,762,1,caught,66,decode
8363,payload,4501229,1,caught,66,decode
8364,bit_flip,4276777,1,caught,66,decode
8365,random_bytes,6633918,4,caught,66,decode
8366,zeroed_run,1612813,835,caught,66,decode
8367,truncation,2481127,6801728,caught,68,decode
8368,header,433,1,caught,66,decode
8369,payload,1370295,1,caught,66,decode
8370,bit_flip,8656151,1,caught,66,decode
8371,random_bytes,4160256,15,caught,66,decode
8372,zeroed_run,241384,2594,caught,66,decode
8373,truncation,2203424,7079431,caught,68,decode
8374,header,659,1,caught,66,decode
8375,payload,7953265,1,caught,66,decode
8376,bit_flip,2184180,1,caught,66,decode
8377,random_bytes,986688,15,caught,66,decode
8378,zeroed_run,5371799,2310,caught,66,decode
8379,truncation,4594117,4688738,caught,68,decode
8380,header,932,1,caught,66,decode
8381,payload,1122664,1,caught,66,decode
8382,bit_flip,5025947,1,caught,66,decode
8383,random_bytes,838281,5,caught,66,decode
8384,zeroed_run,2150220,825,caught,66,decode
8385,truncation,1341697,7941158,caught,68,decode
8386,header,476,1,caught,66,decode
8387,payload,2758073,1,caught,66,decode
8388,bit_flip,236330,1,caught,66,decode
8389,random_bytes,1313838,14,caught,66,decode
8390,zeroed_run,9142288,3007,caught,66,decode
8391,truncation,5162219,4120636,caught,68,decode
8392,header,196,1,caught,66,decode
8393,payload,5195506,1,caught,66,decode
8394,bit_flip,7677022,1,caught,66,decode
8395,random_bytes,8251297,2,caught,66,decode
8396,zeroed_run,6351132,2698,caught,66,decode
8397,truncation,711855,8571000,caught,68,decode
8398,header,951,1,caught,66,decode
8399,payload,1464125,1,caught,66,decode
8400,bit_flip,4499213,1,caught,66,decode
8401,random_bytes,1631251,8,caught,66,decode
8402,zeroed_run,2497920,3120,caught,66,decode
8403,truncation,7145327,2137528,caught,68,decode
8404,header,1014,1,caught,66,decode
8405,payload,4990135,1,caught,66,decode
8406,bit_flip,4370452,1,caught,66,decode
8407,random_bytes,7203211,10,caught,66,decode
8408,zeroed_run,2431569,451,caught,66,decode
8409,truncation,7145083,2137772,caught,68,decode
8410,header,562,1,caught,66,decode
8411,payload,1159330,1,caught,66,decode
8412,bit_flip,1886218,1,caught,66,decode
8413,random_bytes,3140751,12,caught,66,decode
8414,zeroed_run,5226934,1777,caught,66,decode
8415,truncation,65052,9217803,caught,68,decode
8416,header,814,1,caught,66,decode
8417,payload,3370036,1,caught,66,decode
8418,bit_flip,2397413,1,caught,66,decode
8419,random_bytes,2398254,4,caught,66,decode
8420,zeroed_run,7981809,415,caught,66,decode
8421,truncation,8008610,1274245,caught,68,decode
8422,header,183,1,caught,66,decode
8423,payload,8615925,1,caught,66,decode
8424,bit_flip,3844411,1,caught,66,decode
8425,random_bytes,8067089,4,caught,66,decode
8426,zeroed_run,4162604,2250,caught,66,decode
8427,truncation,5709476,3573379,caught,68,decode
8428,header,888,1,caught,66,decode
8429,payload,6857337,1,caught,66,decode
8430,bit_flip,2584672,1,caught,66,decode
8431,random_bytes,2796473,16,caught,66,decode
8432,zeroed_run,494367,2451,caught,66,decode
8433,truncation,2948339,6334516,caught,68,decode
8434,header,36,1,caught,66,decode
8435,payload,8546863,1,caught,66,decode
8436,bit_flip,5840272,1,caught,66,decode
8437,random_bytes,7427850,15,caught,66,decode
8438,zeroed_run,7714101,3091,caught,66,decode
8439,truncation,8847613,435242,caught,68,decode
8440,header,219,1,caught,66,decode
8441,payload,3563482,1,caught,66,decode
8442,bit_flip,4497394,1,caught,66,decode
8443,random_bytes,9269781,6,caught,66,decode
8444,zeroed_run,3769093,2665,caught,66,decode
8445,truncation,1686679,7596176,caught,68,decode
8446,header,494,1,caught,66,decode
8447,payload,720606,1,caught,66,decode
8448,bit_flip,3734917,1,caught,66,decode
8449,random_bytes,6042511,2,caught,66,decode
8450,zeroed_run,5733801,2439,caught,66,decode
8451,truncation,7483891,1798964,caught,68,decode
8452,header,350,1,caught,66,decode
8453,payload,7976349,1,caught,66,decode
8454,bit_flip,8000408,1,caught,66,decode
8455,random_bytes,1531633,4,caught,66,decode
8456,zeroed_run,5376854,1569,caught,66,decode
8457,truncation,3704915,5577940,caught,68,decode
8458,header,813,1,caught,66,decode
8459,payload,1238351,1,caught,66,decode
8460,bit_flip,7619691,1,caught,66,decode
8461,random_bytes,8279,2,caught,66,decode
8462,zeroed_run,7028415,350,caught,66,decode
8463,truncation,6113377,3169478,caught,68,decode
8464,header,322,1,caught,66,decode
8465,payload,8871598,1,caught,66,decode
8466,bit_flip,8488484,1,caught,66,decode
8467,random_bytes,8022649,8,caught,66,decode
8468,zeroed_run,1688195,1209,caught,66,decode
8469,truncation,6206953,3075902,caught,68,decode
8470,header,995,1,caught,66,decode
8471,payload,879243,1,caught,66,decode
8472,bit_flip,5487404,1,caught,66,decode
8473,random_bytes,2403835,4,caught,66,decode
8474,zeroed_run,2159861,660,caught,66,decode
8475,truncation,6522190,2760665,caught,68,decode
8476,header,823,1,caught,66,decode
8477,payload,1043074,1,caught,66,decode
8478,bit_flip,4840407,1,caught,66,decode
8479,random_bytes,2525564,3,caught,66,decode
8480,zeroed_run,4142768,3933,caught,66,decode
8481,truncation,1362500,7920355,caught,68,decode
8482,header,872,1,caught,66,decode
8483,payload,8223192,1,caught,66,decode
8484,bit_flip,2822250,1,caught,66,decode
8485,random_bytes,3223214,10,caught,66,decode
8486,zeroed_run,8114876,2515,caught,66,decode
8487,truncation,4362646,4920209,caught,68,decode
8488,header,428,1,caught,66,decode
8489,payload,4337779,1,caught,66,decode
8490,bit_flip,6282350,1,caught,66,decode
8491,random_bytes,5954579,2,caught,66,decode
8492,zeroed_run,6652527,2989,caught,66,decode
8493,truncation,7927538,1355317,caught,68,decode
8494,header,297,1,caught,66,decode
8495,payload,942038,1,caught,66,decode
8496,bit_flip,2524285,1,caught,66,decode
8497,random_bytes,6162393,6,caught,66,decode
8498,zeroed_run,2434865,2145,caught,66,decode
8499,truncation,8788492,494363,caught,68,decode
8500,header,530,1,caught,66,decode
8501,payload,7798891,1,caught,66,decode
8502,bit_flip,5936318,1,caught,66,decode
8503,random_bytes,8542618,15,caught,66,decode
8504,zeroed_run,2426621,3731,caught,66,decode
8505,truncation,6788002,2494853,caught,68,decode
8506,header,1013,1,caught,66,decode
8507,payload,5731467,1,caught,66,decode
8508,bit_flip,1513376,1,caught,66,decode
8509,random_bytes,1018108,5,caught,66,decode
8510,zeroed_run,5827158,4040,caught,66,decode
8511,truncation,2371452,6911403,caught,68,decode
8512,header,362,1,caught,66,decode
8513,payload,6802775,1,caught,66,decode
8514,bit_flip,7201768,1,caught,66,decode
8515,random_bytes,1682345,10,caught,66,decode
8516,zeroed_run,5524259,3439,caught,66,decode
8517,truncation,1832840,7450015,caught,68,decode
8518,header,148,1,caught,66,decode
8519,payload,2967707,1,caught,66,decode
8520,bit_flip,6216377,1,caught,66,decode
8521,random_bytes,7740177,3,caught,66,decode
8522,zeroed_run,3092749,4033,caught,66,decode
8523,truncation,6807067,2475788,caught,68,decode
8524,header,221,1,caught,66,decode
8525,payload,1289673,1,caught,66,decode
8526,bit_flip,3379264,1,caught,66,decode
8527,random_bytes,5360931,7,caught,66,decode
8528,zeroed_run,8402468,2250,caught,66,decode
8529,truncation,1718658,7564197,caught,68,decode
8530,header,465,1,caught,66,decode
8531,payload,1287797,1,caught,66,decode
8532,bit_flip,5848957,1,caught,66,decode
8533,random_bytes,8521200,8,caught,66,decode
8534,zeroed_run,8889200,847,caught,66,decode
8535,truncation,6584412,2698443,caught,68,decode
8536,header,660,1,caught,66,decode
8537,payload,1929519,1,caught,66,decode
8538,bit_flip,3807570,1,caught,66,decode
8539,random_bytes,1334225,14,caught,66,decode
8540,zeroed_run,6869655,1876,caught,66,decode
8541,truncation,7294227,1988628,caught,68,decode
8542,header,116,1,caught,66,decode
8543,payload,4083025,1,caught,66,decode
8544,bit_flip,1684525,1,caught,66,decode
8545,random_bytes,2539081,2,caught,66,decode
8546,zeroed_run,2454619,1090,caught,66,decode
8547,truncation,6102536,3180319,caught,68,decode
8548,header,687,1,caught,66,decode
8549,payload,2897783,1,caught,66,decode
8550,bit_flip,3273284,1,caught,66,decode
8551,random_bytes,1856997,15,caught,66,decode
8552,zeroed_run,897714,3629,caught,66,decode
8553,truncation,1932403,7350452,caught,68,decode
8554,header,730,1,caught,66,decode
8555,payload,7165599,1,caught,66,decode
8556,bit_flip,7395248,1,caught,66,decode
8557,random_bytes,376369,10,caught,66,decode
8558,zeroed_run,2858814,3746,caught,66,decode
8559,truncation,7426593,1856262,caught,68,decode
8560,header,719,1,caught,66,decode
8561,payload,7263349,1,caught,66,decode
8562,bit_flip,5809753,1,caught,66,decode
8563,random_bytes,3531589,4,caught,66,decode
8564,zeroed_run,7148280,508,caught,66,decode
8565,truncation,4451866,4830989,caught,68,decode
8566,header,527,1,caught,66,decode
8567,payload,2848280,1,caught,66,decode
8568,bit_flip,1201161,1,caught,66,decode
8569,random_bytes,1966587,15,caught,66,decode
8570,zeroed_run,9209271,588,caught,66,decode
8571,truncation,4354291,4928564,caught,68,decode
8572,header,855,1,caught,66,decode
8573,payload,8626835,1,caught,66,decode
8574,bit_flip,538540,1,caught,66,decode
8575,random_bytes,465877,3,caught,66,decode
8576,zeroed_run,8137619,1099,caught,66,decode
8577,truncation,4098687,5184168,caught,68,decode
8578,header,503,1,caught,66,decode
8579,payload,9015997,1,caught,66,decode
8580,bit_flip,5772673,1,caught,66,decode
8581,random_bytes,4431565,1,caught,66,decode
8582,zeroed_run,6066786,944,caught,66,decode
8583,truncation,4444020,4838835,caught,68,decode
8584,header,163,1,caught,66,decode
8585,payload,3766607,1,caught,66,decode
8586,bit_flip,1807338,1,caught,66,decode
8587,random_bytes,5585842,10,caught,66,decode
8588,zeroed_run,356606,396,caught,66,decode
8589,truncation,7522249,1760606,caught,68,decode
8590,header,227,1,caught,66,decode
8591,payload,3230767,1,caught,66,decode
8592,bit_flip,5262687,1,caught,66,decode
8593,random_bytes,8075100,14,caught,66,decode
8594,zeroed_run,9069791,3176,caught,66,decode
8595,truncation,1146882,8135973,caught,68,decode
8596,header,450,1,caught,66,decode
8597,payload,6698510,1,caught,66,decode
8598,bit_flip,2144096,1,caught,66,decode
8599,random_bytes,8772376,4,caught,66,decode
8600,zeroed_run,1304444,1255,caught,66,decode
8601,truncation,3417815,5865040,caught,68,decode
8602,header,595,1,caught,66,decode
8603,payload,2948311,1,caught,66,decode
8604,bit_flip,811057,1,caught,66,decode
8605,random_bytes,6774620,1,caught,66,decode
8606,zeroed_run,181029,1460,caught,66,decode
8607,truncation,8308258,974597,caught,68,decode
8608,header,972,1,caught,66,decode
8609,payload,3989795,1,caught,66,decode
8610,bit_flip,7906683,1,caught,66,decode
8611,random_bytes,5270857,15,caught,66,decode
8612,zeroed_run,2580235,1987,caught,66,decode
8613,truncation,832750,8450105,caught,68,decode
8614,header,975,1,caught,66,decode
8615,payload,2413613,1,caught,66,decode
8616,bit_flip,8752873,1,caught,66,decode
8617,random_bytes,1073698,2,caught,66,decode
8618,zeroed_run,6650835,3055,caught,66,decode
8619,truncation,5974689,3308166,caught,68,decode
8620,header,32,1,caught,66,decode
8621,payload,1414558,1,caught,66,decode
8622,bit_flip,8656826,1,caught,66,decode
8623,random_bytes,2292965,16,caught,66,decode
8624,zeroed_run,7236861,1413,caught,66,decode
8625,truncation,8953154,329701,caught,68,decode
8626,header,580,1,caught,66,decode
8627,payload,2038042,1,caught,66,decode
8628,bit_flip,4026408,1,caught,66,decode
8629,random_bytes,6878224,1,caught,66,decode
8630,zeroed_run,5812930,945,caught,66,decode
8631,truncation,7614998,1667857,caught,68,decode
8632,header,519,1,caught,66,decode
8633,payload,7520234,1,caught,66,decode
8634,bit_flip,8346499,1,caught,66,decode
8635,random_bytes,1299639,7,caught,66,decode
8636,zeroed_run,8295989,3381,caught,66,decode
8637,truncation,1914174,7368681,caught,68,decode
8638,header,507,1,caught,66,decode
8639,payload,2378739,1,caught,66,decode
8640,bit_flip,4334363,1,caught,66,decode
8641,random_bytes,4511494,5,caught,66,decode
8642,zeroed_run,5072982,526,caught,66,decode
8643,truncation,1275603,8007252,caught,68,decode
8644,header,795,1,caught,66,decode
8645,payload,5741629,1,caught,66,decode
8646,bit_flip,4916657,1,caught,66,decode
8647,random_bytes,3582325,13,caught,66,decode
8648,zeroed_run,7721103,3106,caught,66,decode
8649,truncation,2572610,6710245,caught,68,decode
8650,header,186,1,caught,66,decode
8651,payload,2591273,1,caught,66,decode
8652,bit_flip,6845406,1,caught,66,decode
8653,random_bytes,740231,13,caught,66,decode
8654,zeroed_run,2302760,3933,caught,66,decode
8655,truncation,318270,8964585,caught,68,decode
8656,header,744,1,caught,66,decode
8657,payload,2626797,1,caught,66,decode
8658,bit_flip,2463612,1,caught,66,decode
8659,random_bytes,4919313,7,caught,66,decode
8660,zeroed_run,3068920,2480,caught,66,decode
8661,truncation,6783325,2499530,caught,68,decode
8662,header,816,1,caught,66,decode
8663,payload,6763257,1,caught,66,decode
8664,bit_flip,6989767,1,caught,66,decode
8665,random_bytes,1876946,13,caught,66,decode
8666,zeroed_run,506629,2844,caught,66,decode
8667,truncation,1764826,7518029,caught,68,decode
8668,header,130,1,caught,66,decode
8669,payload,8406007,1,caught,66,decode
8670,bit_flip,7613417,1,caught,66,decode
8671,random_bytes,5119215,6,caught,66,decode
8672,zeroed_run,1417381,3986,caught,66,decode
8673,truncation,1464183,7818672,caught,68,decode
8674,header,871,1,caught,66,decode
8675,payload,7192186,1,caught,66,decode
8676,bit_flip,2543968,1,caught,66,decode
8677,random_bytes,7351133,13,caught,66,decode
8678,zeroed_run,6013020,2460,caught,66,decode
8679,truncation,1967967,7314888,caught,68,decode
8680,header,448,1,caught,66,decode
8681,payload,3010072,1,caught,66,decode
8682,bit_flip,7833032,1,caught,66,decode
8683,random_bytes,1893328,9,caught,66,decode
8684,zeroed_run,3246960,1515,caught,66,decode
8685,truncation,4446161,4836694,caught,68,decode
8686,header,595,1,caught,66,decode
8687,payload,7596390,1,caught,66,decode
8688,bit_flip,9272001,1,caught,66,decode
8689,random_bytes,813840,13,caught,66,decode
8690,zeroed_run,2096805,2967,caught,66,decode
8691,truncation,785620,8497235,caught,68,decode
8692,header,252,1,caught,66,decode
8693,payload,4415889,1,caught,66,decode
8694,bit_flip,2420568,1,caught,66,decode
8695,random_bytes,2175647,6,caught,66,decode
8696,zeroed_run,6147282,3072,caught,66,decode
8697,truncation,8070889,1211966,caught,68,decode
8698,header,340,1,caught,66,decode
8699,payload,23849,1,caught,66,decode
8700,bit_flip,436551,1,caught,66,decode
8701,random_bytes,3019715,15,caught,66,decode
8702,zeroed_run,3304602,2222,caught,66,decode
8703,truncation,2626665,6656190,caught,68,decode
8704,header,515,1,caught,66,decode
8705,payload,6108537,1,caught,66,decode
8706,bit_flip,8827263,1,caught,66,decode
8707,random_bytes,3053344,9,caught,66,decode
8708,zeroed_run,5683755,1944,caught,66,decode
8709,truncation,5443814,3839041,caught,68,decode
8710,header,968,1,caught,66,decode
8711,payload,6813637,1,caught,66,decode
8712,bit_flip,6931967,1,caught,66,decode
8713,random_bytes,830796,12,caught,66,decode
8714,zeroed_run,6079881,915,caught,66,decode
8715,truncation,1938376,7344479,caught,68,decode
8716,header,70,1,caught,66,decode
8717,payload,2716428,1,caught,66,decode
8718,bit_flip,5122866,1,caught,66,decode
8719,random_bytes,1454407,6,caught,66,decode
8720,zeroed_run,6593113,1283,caught,66,decode
8721,truncation,6095993,3186862,caught,68,decode
8722,header,834,1,caught,66,decode
8723,payload,1109686,1,caught,66,decode
8724,bit_flip,7404336,1,caught,66,decode
8725,random_bytes,5280260,6,caught,66,decode
8726,zeroed_run,1840893,2193,caught,66,decode
8727,truncation,2719890,6562965,caught,68,decode
8728,header,849,1,caught,66,decode
8729,payload,4680730,1,caught,66,decode
8730,bit_flip,7766622,1,caught,66,decode
8731,random_bytes,9234244,12,caught,66,decode
8732,zeroed_run,5412711,3960,caught,66,decode
8733,truncation,4468958,4813897,caught,68,decode
8734,header,1022,1,caught,66,decode
8735,payload,6568841,1,caught,66,decode
8736,bit_flip,3135539,1,caught,66,decode
8737,random_bytes,8834288,5,caught,66,decode
8738,zeroed_run,815366,2404,caught,66,decode
8739,truncation,9108106,174749,caught,68,decode
8740,header,767,1,caught,66,decode
8741,payload,5565187,1,caught,66,decode
8742,bit_flip,3684636,1,caught,66,decode
8743,random_bytes,7587522,15,caught,66,decode
8744,zeroed_run,1102349,1874,caught,66,decode
8745,truncation,2810175,6472680,caught,68,decode
8746,header,523,1,caught,66,decode
8747,payload,8091583,1,caught,66,decode
8748,bit_flip,2530462,1,caught,66,decode
8749,random_bytes,1029210,10,caught,66,decode
8750,zeroed_run,512585,1424,caught,66,decode
8751,truncation,2509962,6772893,caught,68,decode
8752,header,759,1,caught,66,decode
8753,payload,4718533,1,caught,66,decode
8754,bit_flip,4109723,1,caught,66,decode
8755,random_bytes,877606,12,caught,66,decode
8756,zeroed_run,8751734,3653,caught,66,decode
8757,truncation,3428660,5854195,caught,68,decode
8758,header,206,1,caught,66,decode
8759,payload,8754216,1,caught,66,decode
8760,bit_flip,5295359,1,caught,66,decode
8761,random_bytes,1455618,16,caught,66,decode
8762,zeroed_run,1634667,2957,caught,66,decode
8763,truncation,5238702,4044153,caught,68,decode
8764,header,381,1,caught,66,decode
8765,payload,5815894,1,caught,66,decode
8766,bit_flip,8812759,1,caught,66,decode
8767,random_bytes,5971068,1,caught,66,decode
8768,zeroed_run,4017495,3030,caught,66,decode
8769,truncation,4134891,5147964,caught,68,decode
8770,header,177,1,caught,66,decode
8771,payload,3584038,1,caught,66,decode
8772,bit_flip,3636440,1,caught,66,decode
8773,random_bytes,7107346,9,caught,66,decode
8774,zeroed_run,8374002,3941,caught,66,decode
8775,truncation,2757627,6525228,caught,68,decode
8776,header,281,1,caught,66,decode
8777,payload,3389225,1,caught,66,decode
8778,bit_flip,6806985,1,caught,66,decode
8779,random_bytes,7328494,2,caught,66,decode
8780,zeroed_run,8402377,1373,caught,66,decode
8781,truncation,2706004,6576851,caught,68,decode
8782,header,606,1,caught,66,decode
8783,payload,8844685,1,caught,66,decode
8784,bit_flip,1514868,1,caught,66,decode
8785,random_bytes,1497719,5,caught,66,decode
8786,zeroed_run,5307000,905,caught,66,decode
8787,truncation,2490199,6792656,caught,68,decode
8788,header,90,1,caught,66,decode
8789,payload,2121619,1,caught,66,decode
8790,bit_flip,1443100,1,caught,66,decode
8791,random_bytes,7820897,14,caught,66,decode
8792,zeroed_run,9251319,941,caught,66,decode
8793,truncation,8283442,999413,caught,68,decode
8794,header,98,1,caught,66,decode
8795,payload,7069168,1,caught,66,decode
8796,bit_flip,7163938,1,caught,66,decode
8797,random_bytes,2574175,6,caught,66,decode
8798,zeroed_run,7011043,4031,caught,66,decode
8799,truncation,1269123,8013732,caught,68,decode
8800,header,947,1,caught,66,decode
8801,payload,9030002,1,caught,66,decode
8802,bit_flip,6697412,1,caught,66,decode
8803,random_bytes,403768,15,caught,66,decode
8804,zeroed_run,3200360,2414,caught,66,decode
8805,truncation,924210,8358645,caught,68,decode
8806,header,789,1,caught,66,decode
8807,payload,5530181,1,caught,66,decode
8808,bit_flip,6926970,1,caught,66,decode
8809,random_bytes,7987999,7,caught,66,decode
8810,zeroed_run,1798116,776,caught,66,decode
8811,truncation,7176337,2106518,caught,68,decode
8812,header,979,1,caught,66,decode
8813,payload,5346496,1,caught,66,decode
8814,bit_flip,7002903,1,caught,66,decode
8815,random_bytes,7707556,3,caught,66,decode
8816,zeroed_run,557534,273,caught,66,decode
8817,truncation,6892530,2390325,caught,68,decode
8818,header,655,1,caught,66,decode
8819,payload,448348,1,caught,66,decode
8820,bit_flip,7047852,1,caught,66,decode
8821,random_bytes,9125098,2,caught,66,decode
8822,zeroed_run,9119526,1562,caught,66,decode
8823,truncation,2489215,6793640,caught,68,decode
8824,header,358,1,caught,66,decode
8825,payload,7720194,1,caught,66,decode
8826,bit_flip,3221860,1,caught,66,decode
8827,random_bytes,127170,16,caught,66,decode
8828,zeroed_run,604226,2045,caught,66,decode
8829,truncation,676820,8606035,caught,68,decode
8830,header,121,1,caught,66,decode
8831,payload,1334534,1,caught,66,decode
8832,bit_flip,3919831,1,caught,66,decode
8833,random_bytes,7068419,3,caught,66,decode
8834,zeroed_run,199372,1037,caught,66,decode
8835,truncation,6866854,2416001,caught,68,decode
8836,header,605,1,caught,66,decode
8837,payload,6907331,1,caught,66,decode
8838,bit_flip,995873,1,caught,66,decode
8839,random_bytes,5352503,9,caught,66,decode
8840,zeroed_run,2536229,466,caught,66,decode
8841,truncation,4269386,5013469,caught,68,decode
8842,header,255,1,caught,66,decode
8843,payload,7376271,1,caught,66,decode
8844,bit_flip,6348779,1,caught,66,decode
8845,random_bytes,6997404,9,caught,66,decode
8846,zeroed_run,521540,1671,caught,66,decode
8847,truncation,1892220,7390635,caught,68,decode
8848,header,597,1,caught,66,decode
8849,payload,6263583,1,caught,66,decode
8850,bit_flip,463487,1,caught,66,decode
8851,random_bytes,7580585,6,caught,66,decode
8852,zeroed_run,3776132,3005,caught,66,decode
8853,truncation,8442880,839975,caught,68,decode
8854,header,535,1,caught,66,decode
8855,payload,1623749,1,caught,66,decode
8856,bit_flip,1275607,1,caught,66,decode
8857,random_bytes,2616005,6,caught,66,decode
8858,zeroed_run,1889941,2348,caught,66,decode
8859,truncation,6037393,3245462,caught,68,decode
8860,header,701,1,caught,66,decode
8861,payload,7868259,1,caught,66,decode
8862,bit_flip,8305727,1,caught,66,decode
8863,random_bytes,4145435,5,caught,66,decode
8864,zeroed_run,3410862,1731,caught,66,decode
8865,truncation,5195937,4086918,caught,68,decode
8866,header,912,1,caught,66,decode
8867,payload,996572,1,caught,66,decode
8868,bit_flip,788917,1,caught,66,decode
8869,random_bytes,3916300,13,caught,66,decode
8870,zeroed_run,5365383,582,caught,66,decode
8871,truncation,6046376,3236479,caught,68,decode
8872,header,1013,1,caught,66,decode
8873,payload,4784477,1,caught,66,decode
8874,bit_flip,1022827,1,caught,66,decode
8875,random_bytes,8625973,11,caught,66,decode
8876,zeroed_run,5627233,141,caught,66,decode
8877,truncation,2031650,7251205,caught,68,decode
8878,header,60,1,caught,66,decode
8879,payload,7790442,1,caught,66,decode
8880,bit_flip,7179444,1,caught,66,decode
8881,random_bytes,3733028,11,caught,66,decode
8882,zeroed_run,4701505,2355,caught,66,decode
8883,truncation,7359370,1923485,caught,68,decode
8884,header,524,1,caught,66,decode
8885,payload,2007881,1,caught,66,decode
8886,bit_flip,1190797,1,caught,66,decode
8887,random_bytes,6874023,1,caught,66,decode
8888,zeroed_run,2106613,713,caught,66,decode
8889,truncation,2986436,6296419,caught,68,decode
8890,header,510,1,caught,66,decode
8891,payload,7050769,1,caught,66,decode
8892,bit_flip,6279456,1,caught,66,decode
8893,random_bytes,7956938,9,caught,66,decode
8894,zeroed_run,8285057,3958,caught,66,decode
8895,truncation,8119719,1163136,caught,68,decode
8896,header,735,1,caught,66,decode
8897,payload,798333,1,caught,66,decode
8898,bit_flip,5238154,1,caught,66,decode
8899,random_bytes,5265628,1,caught,66,decode
8900,zeroed_run,751438,1875,caught,66,decode
8901,truncation,6265544,3017311,caught,68,decode
8902,header,1005,1,caught,66,decode
8903,payload,1202988,1,caught,66,decode
8904,bit_flip,4930532,1,caught,66,decode
8905,random_bytes,763806,9,caught,66,decode
8906,zeroed_run,6420455,1457,caught,66,decode
8907,truncation,9057541,225314,caught,68,decode
8908,header,882,1,caught,66,decode
8909,payload,618145,1,caught,66,decode
8910,bit_flip,4678111,1,caught,66,decode
8911,random_bytes,7445621,12,caught,66,decode
8912,zeroed_run,5002646,1978,caught,66,decode
8913,truncation,6936782,2346073,caught,68,decode
8914,header,776,1,caught,66,decode
8915,payload,7832109,1,caught,66,decode
8916,bit_flip,3719850,1,caught,66,decode
8917,random_bytes,7463644,4,caught,66,decode
8918,zeroed_run,1568690,3701,caught,66,decode
8919,truncation,756849,8526006,caught,68,decode
8920,header,636,1,caught,66,decode
8921,payload,3628271,1,caught,66,decode
8922,bit_flip,8108228,1,caught,66,decode
8923,random_bytes,9121645,13,caught,66,decode
8924,zeroed_run,6335593,800,caught,66,decode
8925,truncation,5904837,3378018,caught,68,decode
8926,header,390,1,caught,66,decode
8927,payload,8520334,1,caught,66,decode
8928,bit_flip,1333755,1,caught,66,decode
8929,random_bytes,2797250,12,caught,66,decode
8930,zeroed_run,8257989,104,caught,66,decode
8931,truncation,3913920,5368935,caught,68,decode
8932,header,469,1,caught,66,decode
8933,payload,5762295,1,caught,66,decode
8934,bit_flip,5264418,1,caught,66,decode
8935,random_bytes,2745950,12,caught,66,decode
8936,zeroed_run,4147086,4023,caught,66,decode
8937,truncation,3679619,5603236,caught,68,decode
8938,header,693,1,caught,66,decode
8939,payload,926780,1,caught,66,decode
8940,bit_flip,3459321,1,caught,66,decode
8941,random_bytes,84648,1,caught,66,decode
8942,zeroed_run,8914445,251,caught,66,decode
8943,truncation,3870075,5412780,caught,68,decode
8944,header,303,1,caught,66,decode
8945,payload,8360177,1,caught,66,decode
8946,bit_flip,2822425,1,caught,66,decode
8947,random_bytes,3617311,5,caught,66,decode
8948,zeroed_run,3279249,2622,caught,66,decode
8949,truncation,8326721,956134,caught,68,decode
8950,header,138,1,caught,66,decode
8951,payload,7897018,1,caught,66,decode
8952,bit_flip,2681065,1,caught,66,decode
8953,random_bytes,8318629,1,caught,66,decode
8954,zeroed_run,5932015,3845,caught,66,decode
8955,truncation,7056692,2226163,caught,68,decode
8956,header,984,1,caught,66,decode
8957,payload,2867376,1,caught,66,decode
8958,bit_flip,2312978,1,caught,66,decode
8959,random_bytes,2211874,2,caught,66,decode
8960,zeroed_run,641180,3609,caught,66,decode
8961,truncation,7712642,1570213,caught,68,decode
8962,header,736,1,caught,66,decode
8963,payload,4839630,1,caught,66,decode
8964,bit_flip,6400623,1,caught,66,decode
8965,random_bytes,833409,2,caught,66,decode
8966,zeroed_run,9070603,1401,caught,66,decode
8967,truncation,8242740,1040115,caught,68,decode
8968,header,475,1,caught,66,decode
8969,payload,3152636,1,caught,66,decode
8970,bit_flip,2619243,1,caught,66,decode
8971,random_bytes,8116436,3,caught,66,decode
8972,zeroed_run,1594764,3316,caught,66,decode
8973,truncation,3499488,5783367,caught,68,decode
8974,header,355,1,caught,66,decode
8975,payload,8382051,1,caught,66,decode
8976,bit_flip,8046876,1,caught,66,decode
8977,random_bytes,2427438,2,caught,66,decode
8978,zeroed_run,2845138,2046,caught,66,decode
8979,truncation,3945977,5336878,caught,68,decode
8980,header,653,1,caught,66,decode
8981,payload,6936769,1,caught,66,decode
8982,bit_flip,7284088,1,caught,66,decode
8983,random_bytes,7075713,15,caught,66,decode
8984,zeroed_run,7587708,2050,caught,66,decode
8985,truncation,7495740,1787115,caught,68,decode
8986,header,25,1,caught,66,decode
8987,payload,3000486,1,caught,66,decode
8988,bit_flip,209661,1,caught,66,decode
8989,random_bytes,3686551,2,caught,66,decode
8990,zeroed_run,5458325,3075,caught,66,decode
8991,truncation,8299508,983347,caught,68,decode
8992,header,191,1,caught,66,decode
8993,payload,1979800,1,caught,66,decode
8994,bit_flip,7740611,1,caught,66,decode
8995,random_bytes,8135804,8,caught,66,decode
8996,zeroed_run,6959037,3921,caught,66,decode
8997,truncation,5179055,4103800,caught,68,decode
8998,header,877,1,caught,66,decode
8999,payload,8229524,1,caught,66,decode
9000,bit_flip,1674189,1,caught,66,decode
9001,random_bytes,3940694,8,caught,66,decode
9002,zeroed_run,1033106,239,caught,66,decode
9003,truncation,6468844,2814011,caught,68,decode
9004,header,594,1,caught,66,decode
9005,payload,3865669,1,caught,66,decode
9006,bit_flip,8315139,1,caught,66,decode
9007,random_bytes,4296513,8,caught,66,decode
9008,zeroed_run,8181167,156,caught,66,decode
9009,truncation,938271,8344584,caught,68,decode
9010,header,917,1,caught,66,decode
9011,payload,5120055,1,caught,66,decode
9012,bit_flip,3327629,1,caught,66,decode
9013,random_bytes,6411439,13,caught,66,decode
9014,zeroed_run,3739048,674,caught,66,decode
9015,truncation,3971860,5310995,caught,68,decode
9016,header,812,1,caught,66,decode
9017,payload,4870752,1,caught,66,decode
9018,bit_flip,6327491,1,caught,66,decode
9019,random_bytes,1627204,1,caught,66,decode
9020,zeroed_run,6394856,2494,caught,66,decode
9021,truncation,597963,8684892,caught,68,decode
9022,header,479,1,caught,66,decode
9023,payload,3866209,1,caught,66,decode
9024,bit_flip,1745863,1,caught,66,decode
9025,random_bytes,7896467,8,caught,66,decode
9026,zeroed_run,240924,2706,caught,66,decode
9027,truncation,2068690,7214165,caught,68,decode
9028,header,732,1,caught,66,decode
9029,payload,5306493,1,caught,66,decode
9030,bit_flip,6879155,1,caught,66,decode
9031,random_bytes,8850584,5,caught,66,decode
9032,zeroed_run,3909031,2252,caught,66,decode
9033,truncation,9011317,271538,caught,68,decode
9034,header,130,1,caught,66,decode
9035,payload,4649336,1,caught,66,decode
9036,bit_flip,9075967,1,caught,66,decode
9037,random_bytes,3577706,11,caught,66,decode
9038,zeroed_run,4056877,1233,caught,66,decode
9039,truncation,6350731,2932124,caught,68,decode
9040,header,2,1,caught,44,decode
9041,payload,7688892,1,caught,66,decode
9042,bit_flip,3615593,1,caught,66,decode
9043,random_bytes,3434127,16,caught,66,decode
9044,zeroed_run,2722932,1611,caught,66,decode
9045,truncation,4571937,4710918,caught,68,decode
9046,header,740,1,caught,66,decode
9047,payload,2431411,1,caught,66,decode
9048,bit_flip,8060267,1,caught,66,decode
9049,random_bytes,7932892,7,caught,66,decode
9050,zeroed_run,1819163,686,caught,66,decode
9051,truncation,4675592,4607263,caught,68,decode
9052,header,525,1,caught,66,decode
9053,payload,89491,1,caught,66,decode
9054,bit_flip,6786600,1,caught,66,decode
9055,random_bytes,127144,6,caught,66,decode
9056,zeroed_run,4996031,2254,caught,66,decode
9057,truncation,3589966,5692889,caught,68,decode
9058,header,291,1,caught,66,decode
9059,payload,9158154,1,caught,66,decode
9060,bit_flip,6563758,1,caught,66,decode
9061,random_bytes,7557010,9,caught,66,decode
9062,zeroed_run,9006717,1723,caught,66,decode
9063,truncation,3949761,5333094,caught,68,decode
9064,header,412,1,caught,66,decode
9065,payload,4237902,1,caught,66,decode
9066,bit_flip,3202148,1,caught,66,decode
9067,random_bytes,7947549,12,caught,66,decode
9068,zeroed_run,5556967,1626,caught,66,decode
9069,truncation,1353926,7928929,caught,68,decode
9070,header,735,1,caught,66,decode
9071,payload,2337398,1,caught,66,decode
9072,bit_flip,3626811,1,caught,66,decode
9073,random_bytes,8779677,2,caught,66,decode
9074,zeroed_run,8271764,1126,caught,66,decode
9075,truncation,9050609,232246,caught,68,decode
9076,header,886,1,caught,66,decode
9077,payload,4350208,1,caught,66,decode
9078,bit_flip,3086239,1,caught,66,decode
9079,random_bytes,6582951,7,caught,66,decode
9080,zeroed_run,5933644,2770,caught,66,decode
9081,truncation,1189806,8093049,caught,68,decode
9082,header,937,1,caught,66,decode
9083,payload,1977998,1,caught,66,decode
9084,bit_flip,4389902,1,caught,66,decode
9085,random_bytes,2389271,11,caught,66,decode
9086,zeroed_run,3022941,2447,caught,66,decode
9087,truncation,9170055,112800,caught,68,decode
9088,header,186,1,caught,66,decode
9089,payload,77241,1,caught,66,decode
9090,bit_flip,8890320,1,caught,66,decode
9091,random_bytes,3875233,9,caught,66,decode
9092,zeroed_run,7737290,372,caught,66,decode
9093,truncation,640045,8642810,caught,68,decode
9094,header,963,1,caught,66,decode
9095,payload,2698321,1,caught,66,decode
9096,bit_flip,5398555,1,caught,66,decode
9097,random_bytes,2901383,12,caught,66,decode
9098,zeroed_run,4986105,3092,caught,66,decode
9099,truncation,6105953,3176902,caught,68,decode
9100,header,713,1,caught,66,decode
9101,payload,2245281,1,caught,66,decode
9102,bit_flip,1394508,1,caught,66,decode
9103,random_bytes,4798806,13,caught,66,decode
9104,zeroed_run,8322568,1289,caught,66,decode
9105,truncation,4630064,4652791,caught,68,decode
9106,header,708,1,caught,66,decode
9107,payload,7841657,1,caught,66,decode
9108,bit_flip,5412995,1,caught,66,decode
9109,random_bytes,2748996,8,caught,66,decode
9110,zeroed_run,2845265,2639,caught,66,decode
9111,truncation,7785177,1497678,caught,68,decode
9112,header,121,1,caught,66,decode
9113,payload,7230469,1,caught,66,decode
9114,bit_flip,2696321,1,caught,66,decode
9115,random_bytes,8777403,9,caught,66,decode
9116,zeroed_run,1245748,825,caught,66,decode
9117,truncation,4547355,4735500,caught,68,decode
9118,header,344,1,caught,66,decode
9119,payload,8614027,1,caught,66,decode
9120,bit_flip,7646510,1,caught,66,decode
9121,random_bytes,485160,9,caught,66,decode
9122,zeroed_run,744883,2778,caught,66,decode
9123,truncation,1615616,7667239,caught,68,decode
9124,header,130,1,caught,66,decode
9125,payload,275911,1,caught,66,decode
9126,bit_flip,6929563,1,caught,66,decode
9127,random_bytes,757662,7,caught,66,decode
9128,zeroed_run,996446,4076,caught,66,decode
9129,truncation,4168541,5114314,caught,68,decode
9130,header,168,1,caught,66,decode
9131,payload,2060968,1,caught,66,decode
9132,bit_flip,7775757,1,caught,66,decode
9133,random_bytes,1730363,7,caught,66,decode
9134,zeroed_run,6747862,285,caught,66,decode
9135,truncation,1124922,8157933,caught,68,decode
9136,header,916,1,caught,66,decode
9137,payload,5598308,1,caught,66,decode
9138,bit_flip,6812573,1,caught,66,decode
9139,random_bytes,2691927,8,caught,66,decode
9140,zeroed_run,990544,1630,caught,66,decode
9141,truncation,2773024,6509831,caught,68,decode
9142,header,31,1,caught,66,decode
9143,payload,3405701,1,caught,66,decode
9144,bit_flip,9173127,1,caught,66,decode
9145,random_bytes,7577840,2,caught,66,decode
9146,zeroed_run,7421659,3397,caught,66,decode
9147,truncation,878997,8403858,caught,68,decode
9148,header,626,1,caught,66,decode
9149,payload,6603043,1,caught,66,decode
9150,bit_flip,1340461,1,caught,66,decode
9151,random_bytes,6894213,13,caught,66,decode
9152,zeroed_run,5407734,1898,caught,66,decode
9153,truncation,1635780,7647075,caught,68,decode
9154,header,492,1,caught,66,decode
9155,payload,8769351,1,caught,66,decode
9156,bit_flip,5315187,1,caught,66,decode
9157,random_bytes,6102487,11,caught,66,decode
9158,zeroed_run,1700521,3601,caught,66,decode
9159,truncation,398957,8883898,caught,68,decode
9160,header,501,1,caught,66,decode
9161,payload,4024935,1,caught,66,decode
9162,bit_flip,3469316,1,caught,66,decode
9163,random_bytes,6497932,5,caught,66,decode
9164,zeroed_run,4859568,597,caught,66,decode
9165,truncation,1102131,8180724,caught,68,decode
9166,header,824,1,caught,66,decode
9167,payload,7848278,1,caught,66,decode
9168,bit_flip,9261248,1,caught,66,decode
9169,random_bytes,4841328,8,caught,66,decode
9170,zeroed_run,264005,1225,caught,66,decode
9171,truncation,1747532,7535323,caught,68,decode
9172,header,25,1,caught,66,decode
9173,payload,9035328,1,caught,66,decode
9174,bit_flip,8462675,1,caught,66,decode
9175,random_bytes,6173840,12,caught,66,decode
9176,zeroed_run,6604009,897,caught,66,decode
9177,truncation,2698731,6584124,caught,68,decode
9178,header,340,1,caught,66,decode
9179,payload,5535272,1,caught,66,decode
9180,bit_flip,1301875,1,caught,66,decode
9181,random_bytes,461845,12,caught,66,decode
9182,zeroed_run,6629007,1609,caught,66,decode
9183,truncation,7061905,2220950,caught,68,decode
9184,header,962,1,caught,66,decode
9185,payload,6660275,1,caught,66,decode
9186,bit_flip,3949610,1,caught,66,decode
9187,random_bytes,8201285,14,caught,66,decode
9188,zeroed_run,2302513,1848,caught,66,decode
9189,truncation,2032628,7250227,caught,68,decode
9190,header,492,1,caught,66,decode
9191,payload,1123988,1,caught,66,decode
9192,bit_flip,6614543,1,caught,66,decode
9193,random_bytes,3890268,7,caught,66,decode
9194,zeroed_run,504537,1166,caught,66,decode
9195,truncation,1272379,8010476,caught,68,decode
9196,header,681,1,caught,66,decode
9197,payload,1870316,1,caught,66,decode
9198,bit_flip,4338068,1,caught,66,decode
9199,random_bytes,3810249,9,caught,66,decode
9200,zeroed_run,4702331,4053,caught,66,decode
9201,truncation,5193934,4088921,caught,68,decode
9202,header,284,1,caught,66,decode
9203,payload,343037,1,caught,66,decode
9204,bit_flip,1388779,1,caught,66,decode
9205,random_bytes,5915345,10,caught,66,decode
9206,zeroed_run,3402859,1718,caught,66,decode
9207,truncation,6416769,2866086,caught,68,decode
9208,header,82,1,caught,66,decode
9209,payload,6152664,1,caught,66,decode
9210,bit_flip,9048217,1,caught,66,decode
9211,random_bytes,3704934,14,caught,66,decode
9212,zeroed_run,7757952,1035,caught,66,decode
9213,truncation,7290621,1992234,caught,68,decode
9214,header,1002,1,caught,66,decode
9215,payload,3740591,1,caught,66,decode
9216,bit_flip,4027929,1,caught,66,decode
9217,random_bytes,1947536,7,caught,66,decode
9218,zeroed_run,5927043,751,caught,66,decode
9219,truncation,7343786,1939069,caught,68,decode
9220,header,691,1,caught,66,decode
9221,payload,8988511,1,caught,66,decode
9222,bit_flip,789546,1,caught,66,decode
9223,random_bytes,712198,15,caught,66,decode
9224,zeroed_run,6012461,229,caught,66,decode
9225,truncation,2384115,6898740,caught,68,decode
9226,header,440,1,caught,66,decode
9227,payload,7391276,1,caught,66,decode
9228,bit_flip,7059262,1,caught,66,decode
9229,random_bytes,9022794,3,caught,66,decode
9230,zeroed_run,7127125,3650,caught,66,decode
9231,truncation,6393655,2889200,caught,68,decode
9232,header,947,1,caught,66,decode
9233,payload,3507794,1,caught,66,decode
9234,bit_flip,2603458,1,caught,66,decode
9235,random_bytes,8561715,1,caught,66,decode
9236,zeroed_run,4737611,248,caught,66,decode
9237,truncation,7910318,1372537,caught,68,decode
9238,header,331,1,caught,66,decode
9239,payload,4599771,1,caught,66,decode
9240,bit_flip,8609113,1,caught,66,decode
9241,random_bytes,8335831,13,caught,66,decode
9242,zeroed_run,2051044,4026,caught,66,decode
9243,truncation,5106913,4175942,caught,68,decode
9244,header,805,1,caught,66,decode
9245,payload,7967495,1,caught,66,decode
9246,bit_flip,8302593,1,caught,66,decode
9247,random_bytes,3358004,13,caught,66,decode
9248,zeroed_run,8492534,2679,caught,66,decode
9249,truncation,5978977,3303878,caught,68,decode
9250,header,825,1,caught,66,decode
9251,payload,8777535,1,caught,66,decode
9252,bit_flip,1155940,1,caught,66,decode
9253,random_bytes,5764122,2,caught,66,decode
9254,zeroed_run,4250882,1449,caught,66,decode
9255,truncation,7267279,2015576,caught,68,decode
9256,header,270,1,caught,66,decode
9257,payload,724810,1,caught,66,decode
9258,bit_flip,1504193,1,caught,66,decode
9259,random_bytes,6612390,3,caught,66,decode
9260,zeroed_run,3684487,482,caught,66,decode
9261,truncation,7565475,1717380,caught,68,decode
9262,header,518,1,caught,66,decode
9263,payload,188162,1,caught,66,decode
9264,bit_flip,9073771,1,caught,66,decode
9265,random_bytes,6048722,16,caught,66,decode
9266,zeroed_run,4520888,3387,caught,66,decode
9267,truncation,3502114,5780741,caught,68,decode
9268,header,677,1,caught,66,decode
9269,payload,7614120,1,caught,66,decode
9270,bit_flip,1186246,1,caught,66,decode
9271,random_bytes,4278968,8,caught,66,decode
9272,zeroed_run,1915551,3514,caught,66,decode
9273,truncation,5345774,3937081,caught,68,decode
9274,header,132,1,caught,66,decode
9275,payload,3886678,1,caught,66,decode
9276,bit_flip,4146452,1,caught,66,decode
9277,random_bytes,8399060,9,caught,66,decode
9278,zeroed_run,4367889,1682,caught,66,decode
9279,truncation,1001168,8281687,caught,68,decode
9280,header,626,1,caught,66,decode
9281,payload,2503022,1,caught,66,decode
9282,bit_flip,6720539,1,caught,66,decode
9283,random_bytes,7021964,4,caught,66,decode
9284,zeroed_run,6120972,2734,caught,66,decode
9285,truncation,4205930,5076925,caught,68,decode
9286,header,962,1,caught,66,decode
9287,payload,1679268,1,caught,66,decode
9288,bit_flip,5612994,1,caught,66,decode
9289,random_bytes,6354044,10,caught,66,decode
9290,zeroed_run,3729680,2003,caught,66,decode
9291,truncation,7351746,1931109,caught,68,decode
9292,header,582,1,caught,66,decode
9293,payload,4769384,1,caught,66,decode
9294,bit_flip,4742930,1,caught,66,decode
9295,random_bytes,4381209,9,caught,66,decode
9296,zeroed_run,6510670,3633,caught,66,decode
9297,truncation,4936777,4346078,caught,68,decode
9298,header,618,1,caught,66,decode
9299,payload,2563001,1,caught,66,decode
9300,bit_flip,3170027,1,caught,66,decode
9301,random_bytes,3739871,15,caught,66,decode
9302,zeroed_run,7563922,121,caught,66,decode
9303,truncation,8876031,406824,caught,68,decode
9304,header,256,1,caught,66,decode
9305,payload,3557976,1,caught,66,decode
9306,bit_flip,5709751,1,caught,66,decode
9307,random_bytes,8191871,11,caught,66,decode
9308,zeroed_run,2134265,2544,caught,66,decode
9309,truncation,6282533,3000322,caught,68,decode
9310,header,270,1,caught,66,decode
9311,payload,5377044,1,caught,66,decode
9312,bit_flip,4730322,1,caught,66,decode
9313,random_bytes,2963872,11,caught,66,decode
9314,zeroed_run,1966998,3497,caught,66,decode
9315,truncation,8108771,1174084,caught,68,decode
9316,header,52,1,caught,66,decode
9317,payload,2224073,1,caught,66,decode
9318,bit_flip,5517706,1,caught,66,decode
9319,random_bytes,4200233,16,caught,66,decode
9320,zeroed_run,3215948,3508,caught,66,decode
9321,truncation,6173604,3109251,caught,68,decode
9322,header,690,1,caught,66,decode
9323,payload,6101245,1,caught,66,decode
9324,bit_flip,5620475,1,caught,66,decode
9325,random_bytes,8858408,13,caught,66,decode
9326,zeroed_run,6118754,1470,caught,66,decode
9327,truncation,7966017,1316838,caught,68,decode
9328,header,856,1,caught,66,decode
9329,payload,7578759,1,caught,66,decode
9330,bit_flip,1206476,1,caught,66,decode
9331,random_bytes,7353465,9,caught,66,decode
9332,zeroed_run,4838100,1264,caught,66,decode
9333,truncation,5951811,3331044,caught,68,decode
9334,header,50,1,caught,66,decode
9335,payload,5081800,1,caught,66,decode
9336,bit_flip,592524,1,caught,66,decode
9337,random_bytes,5776744,10,caught,66,decode
9338,zeroed_run,3983756,2600,caught,66,decode
9339,truncation,1789041,7493814,caught,68,decode
9340,header,712,1,caught,66,decode
9341,payload,7882449,1,caught,66,decode
9342,bit_flip,9072688,1,caught,66,decode
9343,random_bytes,4606602,10,caught,66,decode
9344,zeroed_run,4250166,496,caught,66,decode
9345,truncation,2059808,7223047,caught,68,decode
9346,header,324,1,caught,66,decode
9347,payload,3553381,1,caught,66,decode
9348,bit_flip,4230984,1,caught,66,decode
9349,random_bytes,1831294,10,caught,66,decode
9350,zeroed_run,4708049,3565,caught,66,decode
9351,truncation,470029,8812826,caught,68,decode
9352,header,170,1,caught,66,decode
9353,payload,5565621,1,caught,66,decode
9354,bit_flip,5277651,1,caught,66,decode
9355,random_bytes,8488601,15,caught,66,decode
9356,zeroed_run,3545069,958,caught,66,decode
9357,truncation,2284572,6998283,caught,68,decode
9358,header,680,1,caught,66,decode
9359,payload,1530927,1,caught,66,decode
9360,bit_flip,1557262,1,caught,66,decode
9361,random_bytes,6686868,4,caught,66,decode
9362,zeroed_run,3068481,1166,caught,66,decode
9363,truncation,6608708,2674147,caught,68,decode
9364,header,17,1,caught,66,decode
9365,payload,5542882,1,caught,66,decode
9366,bit_flip,7573711,1,caught,66,decode
9367,random_bytes,5637723,12,caught,66,decode
9368,zeroed_run,6155617,1431,caught,66,decode
9369,truncation,3547326,5735529,caught,68,decode
9370,header,951,1,caught,66,decode
9371,payload,7316974,1,caught,66,decode
9372,bit_flip,544072,1,caught,66,decode
9373,random_bytes,4387236,15,caught,66,decode
9374,zeroed_run,7619235,3022,caught,66,decode
9375,truncation,6270464,3012391,caught,68,decode
9376,header,467,1,caught,66,decode
9377,payload,3107449,1,caught,66,decode
9378,bit_flip,2156802,1,caught,66,decode
9379,random_bytes,1483997,2,caught,66,decode
9380,zeroed_run,1044099,3497,caught,66,decode
9381,truncation,8555893,726962,caught,68,decode
9382,header,965,1,caught,66,decode
9383,payload,6241434,1,caught,66,decode
9384,bit_flip,2916298,1,caught,66,decode
9385,random_bytes,7667635,14,caught,66,decode
9386,zeroed_run,828750,3258,caught,66,decode
9387,truncation,606865,8675990,caught,68,decode
9388,header,161,1,caught,66,decode
9389,payload,7738667,1,caught,66,decode
9390,bit_flip,3367155,1,caught,66,decode
9391,random_bytes,4706269,11,caught,66,decode
9392,zeroed_run,614434,2309,caught,66,decode
9393,truncation,583277,8699578,caught,68,decode
9394,header,673,1,caught,66,decode
9395,payload,187540,1,caught,66,decode
9396,bit_flip,4544613,1,caught,66,decode
9397,random_bytes,8323375,6,caught,66,decode
9398,zeroed_run,8806839,2444,caught,66,decode
9399,truncation,8144043,1138812,caught,68,decode
9400,header,488,1,caught,66,decode
9401,payload,434599,1,caught,66,decode
9402,bit_flip,7127216,1,caught,66,decode
9403,random_bytes,9107641,10,caught,66,decode
9404,zeroed_run,2169306,720,caught,66,decode
9405,truncation,9001953,280902,caught,68,decode
9406,header,784,1,caught,66,decode
9407,payload,1420263,1,caught,66,decode
9408,bit_flip,5053193,1,caught,66,decode
9409,random_bytes,4731658,2,caught,66,decode
9410,zeroed_run,968700,1792,caught,66,decode
9411,truncation,8083643,1199212,caught,68,decode
9412,header,589,1,caught,66,decode
9413,payload,1041753,1,caught,66,decode
9414,bit_flip,6258630,1,caught,66,decode
9415,random_bytes,7299360,11,caught,66,decode
9416,zeroed_run,4182863,3908,caught,66,decode
9417,truncation,1792100,7490755,caught,68,decode
9418,header,642,1,caught,66,decode
9419,payload,2842820,1,caught,66,decode
9420,bit_flip,1937995,1,caught,66,decode
9421,random_bytes,656846,10,caught,66,decode
9422,zeroed_run,8777427,183,caught,66,decode
9423,truncation,2452655,6830200,caught,68,decode
9424,header,458,1,caught,66,decode
9425,payload,7025739,1,caught,66,decode
9426,bit_flip,2527730,1,caught,66,decode
9427,random_bytes,2106006,16,caught,66,decode
9428,zeroed_run,1555782,528,caught,66,decode
9429,truncation,4535222,4747633,caught,68,decode
9430,header,180,1,caught,66,decode
9431,payload,381464,1,caught,66,decode
9432,bit_flip,8024508,1,caught,66,decode
9433,random_bytes,4333098,12,caught,66,decode
9434,zeroed_run,8695895,3720,caught,66,decode
9435,truncation,6862460,2420395,caught,68,decode
9436,header,996,1,caught,66,decode
9437,payload,8359724,1,caught,66,decode
9438,bit_flip,5358590,1,caught,66,decode
9439,random_bytes,986787,16,caught,66,decode
9440,zeroed_run,1670488,2617,caught,66,decode
9441,truncation,7357578,1925277,caught,68,decode
9442,header,693,1,caught,66,decode
9443,payload,2142995,1,caught,66,decode
9444,bit_flip,1336240,1,caught,66,decode
9445,random_bytes,217272,13,caught,66,decode
9446,zeroed_run,7588439,2088,caught,66,decode
9447,truncation,5198177,4084678,caught,68,decode
9448,header,353,1,caught,66,decode
9449,payload,7656569,1,caught,66,decode
9450,bit_flip,4178339,1,caught,66,decode
9451,random_bytes,4551137,3,caught,66,decode
9452,zeroed_run,1033927,775,caught,66,decode
9453,truncation,6848792,2434063,caught,68,decode
9454,header,253,1,caught,66,decode
9455,payload,320469,1,caught,66,decode
9456,bit_flip,457490,1,caught,66,decode
9457,random_bytes,8913736,7,caught,66,decode
9458,zeroed_run,2020708,1372,caught,66,decode
9459,truncation,7490322,1792533,caught,68,decode
9460,header,625,1,caught,66,decode
9461,payload,4342470,1,caught,66,decode
9462,bit_flip,3405165,1,caught,66,decode
9463,random_bytes,347332,7,caught,66,decode
9464,zeroed_run,8774185,2635,caught,66,decode
9465,truncation,8359451,923404,caught,68,decode
9466,header,316,1,caught,66,decode
9467,payload,5218358,1,caught,66,decode
9468,bit_flip,1513074,1,caught,66,decode
9469,random_bytes,7801918,8,caught,66,decode
9470,zeroed_run,713044,586,caught,66,decode
9471,truncation,3790767,5492088,caught,68,decode
9472,header,322,1,caught,66,decode
9473,payload,4504514,1,caught,66,decode
9474,bit_flip,6369644,1,caught,66,decode
9475,random_bytes,2004968,7,caught,66,decode
9476,zeroed_run,2548303,2045,caught,66,decode
9477,truncation,5022385,4260470,caught,68,decode
9478,header,525,1,caught,66,decode
9479,payload,5125500,1,caught,66,decode
9480,bit_flip,1775351,1,caught,66,decode
9481,random_bytes,4906629,10,caught,66,decode
9482,zeroed_run,2377602,175,caught,66,decode
9483,truncation,5067758,4215097,caught,68,decode
9484,header,509,1,caught,66,decode
9485,payload,1642507,1,caught,66,decode
9486,bit_flip,8258813,1,caught,66,decode
9487,random_bytes,1447244,9,caught,66,decode
9488,zeroed_run,8025293,4059,caught,66,decode
9489,truncation,1501186,7781669,caught,68,decode
9490,header,153,1,caught,66,decode
9491,payload,4127160,1,caught,66,decode
9492,bit_flip,414922,1,caught,66,decode
9493,random_bytes,6535472,1,caught,66,decode
9494,zeroed_run,4783103,1653,caught,66,decode
9495,truncation,2552721,6730134,caught,68,decode
9496,header,302,1,caught,66,decode
9497,payload,256456,1,caught,66,decode
9498,bit_flip,3447382,1,caught,66,decode
9499,random_bytes,3059282,13,caught,66,decode
9500,zeroed_run,3038607,3236,caught,66,decode
9501,truncation,4827774,4455081,caught,68,decode
9502,header,306,1,caught,66,decode
9503,payload,293952,1,caught,66,decode
9504,bit_flip,4011857,1,caught,66,decode
9505,random_bytes,5188220,11,caught,66,decode
9506,zeroed_run,922634,2797,caught,66,decode
9507,truncation,8391434,891421,caught,68,decode
9508,header,287,1,caught,66,decode
9509,payload,432426,1,caught,66,decode
9510,bit_flip,3931067,1,caught,66,decode
9511,random_bytes,4675773,3,caught,66,decode
9512,zeroed_run,8424887,2612,caught,66,decode
9513,truncation,636409,8646446,caught,68,decode
9514,header,739,1,caught,66,decode
9515,payload,5589349,1,caught,66,decode
9516,bit_flip,8623126,1,caught,66,decode
9517,random_bytes,2035353,4,caught,66,decode
9518,zeroed_run,9262660,1983,caught,66,decode
9519,truncation,5446333,3836522,caught,68,decode
9520,header,73,1,caught,66,decode
9521,payload,998116,1,caught,66,decode
9522,bit_flip,2050748,1,caught,66,decode
9523,random_bytes,7255939,3,caught,66,decode
9524,zeroed_run,549303,3145,caught,66,decode
9525,truncation,2772213,6510642,caught,68,decode
9526,header,762,1,caught,66,decode
9527,payload,2324142,1,caught,66,decode
9528,bit_flip,1296828,1,caught,66,decode
9529,random_bytes,5396212,4,caught,66,decode
9530,zeroed_run,8191319,3767,caught,66,decode
9531,truncation,4943171,4339684,caught,68,decode
9532,header,475,1,caught,66,decode
9533,payload,8592211,1,caught,66,decode
9534,bit_flip,1721353,1,caught,66,decode
9535,random_bytes,6464143,8,caught,66,decode
9536,zeroed_run,2231854,3388,caught,66,decode
9537,truncation,7555789,1727066,caught,68,decode
9538,header,441,1,caught,66,decode
9539,payload,5307451,1,caught,66,decode
9540,bit_flip,3816047,1,caught,66,decode
9541,random_bytes,3765394,5,caught,66,decode
9542,zeroed_run,7146626,3506,caught,66,decode
9543,truncation,5168109,4114746,caught,68,decode
9544,header,408,1,caught,66,decode
9545,payload,6235869,1,caught,66,decode
9546,bit_flip,3197310,1,caught,66,decode
9547,random_bytes,434835,9,caught,66,decode
9548,zeroed_run,6886105,1834,caught,66,decode
9549,truncation,8245857,1036998,caught,68,decode
9550,header,6,1,caught,66,decode
9551,payload,7417051,1,caught,66,decode
9552,bit_flip,7512168,1,caught,66,decode
9553,random_bytes,3633917,3,caught,66,decode
9554,zeroed_run,5580641,293,caught,66,decode
9555,truncation,1407272,7875583,caught,68,decode
9556,header,884,1,caught,66,decode
9557,payload,4112852,1,caught,66,decode
9558,bit_flip,3667268,1,caught,66,decode
9559,random_bytes,6957388,12,caught,66,decode
9560,zeroed_run,976689,3271,caught,66,decode
9561,truncation,5115556,4167299,caught,68,decode
9562,header,153,1,caught,66,decode
9563,payload,5498446,1,caught,66,decode
9564,bit_flip,3032000,1,caught,66,decode
9565,random_bytes,6717090,2,caught,66,decode
9566,zeroed_run,5161968,2062,caught,66,decode
9567,truncation,3960819,5322036,caught,68,decode
9568,header,541,1,caught,66,decode
9569,payload,5852505,1,caught,66,decode
9570,bit_flip,6237667,1,caught,66,decode
9571,random_bytes,5470222,16,caught,66,decode
9572,zeroed_run,5947249,310,caught,66,decode
9573,truncation,1469626,7813229,caught,68,decode
9574,header,599,1,caught,66,decode
9575,payload,5832273,1,caught,66,decode
9576,bit_flip,1943787,1,caught,66,decode
9577,random_bytes,9203524,1,caught,66,decode
9578,zeroed_run,1214606,170,caught,66,decode
9579,truncation,8529093,753762,caught,68,decode
9580,header,841,1,caught,66,decode
9581,payload,7867769,1,caught,66,decode
9582,bit_flip,2823333,1,caught,66,decode
9583,random_bytes,4605996,15,caught,66,decode
9584,zeroed_run,4361415,980,caught,66,decode
9585,truncation,3094907,6187948,caught,68,decode
9586,header,240,1,caught,66,decode
9587,payload,9062379,1,caught,66,decode
9588,bit_flip,5612491,1,caught,66,decode
9589,random_bytes,4503,4,caught,66,decode
9590,zeroed_run,8659025,4049,caught,66,decode
9591,truncation,6742744,2540111,caught,68,decode
9592,header,365,1,caught,66,decode
9593,payload,8147897,1,caught,66,decode
9594,bit_flip,2412551,1,caught,66,decode
9595,random_bytes,6779561,10,caught,66,decode
9596,zeroed_run,1607937,3661,caught,66,decode
9597,truncation,2137280,7145575,caught,68,decode
9598,header,396,1,caught,66,decode
9599,payload,6919762,1,caught,66,decode
9600,bit_flip,110148,1,caught,66,decode
9601,random_bytes,6034395,2,caught,66,decode
9602,zeroed_run,3045102,3899,caught,66,decode
9603,truncation,6342915,2939940,caught,68,decode
9604,header,938,1,caught,66,decode
9605,payload,7011563,1,caught,66,decode
9606,bit_flip,5461163,1,caught,66,decode
9607,random_bytes,4257197,2,caught,66,decode
9608,zeroed_run,205208,3780,caught,66,decode
9609,truncation,591809,8691046,caught,68,decode
9610,header,883,1,caught,66,decode
9611,payload,9119959,1,caught,66,decode
9612,bit_flip,7401331,1,caught,66,decode
9613,random_bytes,2995355,8,caught,66,decode
9614,zeroed_run,6792394,3560,caught,66,decode
9615,truncation,2222171,7060684,caught,68,decode
9616,header,629,1,caught,66,decode
9617,payload,1079648,1,caught,66,decode
9618,bit_flip,3592368,1,caught,66,decode
9619,random_bytes,444989,3,caught,66,decode
9620,zeroed_run,7779766,3997,caught,66,decode
9621,truncation,9036316,246539,caught,68,decode
9622,header,533,1,caught,66,decode
9623,payload,7132054,1,caught,66,decode
9624,bit_flip,5929049,1,caught,66,decode
9625,random_bytes,1031609,16,caught,66,decode
9626,zeroed_run,1700008,1681,caught,66,decode
9627,truncation,7195684,2087171,caught,68,decode
9628,header,179,1,caught,66,decode
9629,payload,5986201,1,caught,66,decode
9630,bit_flip,1030214,1,caught,66,decode
9631,random_bytes,2648089,1,caught,66,decode
9632,zeroed_run,5844490,2370,caught,66,decode
9633,truncation,116918,9165937,caught,68,decode
9634,header,720,1,caught,66,decode
9635,payload,2547377,1,caught,66,decode
9636,bit_flip,2860483,1,caught,66,decode
9637,random_bytes,8085549,8,caught,66,decode
9638,zeroed_run,7234788,3176,caught,66,decode
9639,truncation,6630831,2652024,caught,68,decode
9640,header,518,1,caught,66,decode
9641,payload,5584480,1,caught,66,decode
9642,bit_flip,4361496,1,caught,66,decode
9643,random_bytes,7508074,7,caught,66,decode
9644,zeroed_run,8845099,41,caught,66,decode
9645,truncation,81616,9201239,caught,68,decode
9646,header,392,1,caught,66,decode
9647,payload,1939440,1,caught,66,decode
9648,bit_flip,2578657,1,caught,66,decode
9649,random_bytes,8299971,7,caught,66,decode
9650,zeroed_run,9205484,729,caught,66,decode
9651,truncation,6751530,2531325,caught,68,decode
9652,header,605,1,caught,66,decode
9653,payload,4883474,1,caught,66,decode
9654,bit_flip,3722564,1,caught,66,decode
9655,random_bytes,3706243,2,caught,66,decode
9656,zeroed_run,8546568,2581,caught,66,decode
9657,truncation,3323565,5959290,caught,68,decode
9658,header,515,1,caught,66,decode
9659,payload,8266253,1,caught,66,decode
9660,bit_flip,527770,1,caught,66,decode
9661,random_bytes,9067702,13,caught,66,decode
9662,zeroed_run,2318629,1775,caught,66,decode
9663,truncation,3547132,5735723,caught,68,decode
9664,header,443,1,caught,66,decode
9665,payload,9016182,1,caught,66,decode
9666,bit_flip,8138100,1,caught,66,decode
9667,random_bytes,3257740,7,caught,66,decode
9668,zeroed_run,6490164,2598,caught,66,decode
9669,truncation,2605316,6677539,caught,68,decode
9670,header,199,1,caught,66,decode
9671,payload,9051076,1,caught,66,decode
9672,bit_flip,3993070,1,caught,66,decode
9673,random_bytes,3938487,14,caught,66,decode
9674,zeroed_run,8431867,133,caught,66,decode
9675,truncation,190321,9092534,caught,68,decode
9676,header,745,1,caught,66,decode
9677,payload,5228542,1,caught,66,decode
9678,bit_flip,5588029,1,caught,66,decode
9679,random_bytes,1183734,12,caught,66,decode
9680,zeroed_run,6611290,2185,caught,66,decode
9681,truncation,2118499,7164356,caught,68,decode
9682,header,332,1,caught,66,decode
9683,payload,2279868,1,caught,66,decode
9684,bit_flip,7416669,1,caught,66,decode
9685,random_bytes,2924810,9,caught,66,decode
9686,zeroed_run,5093057,781,caught,66,decode
9687,truncation,2741538,6541317,caught,68,decode
9688,header,980,1,caught,66,decode
9689,payload,6529564,1,caught,66,decode
9690,bit_flip,8290702,1,caught,66,decode
9691,random_bytes,271406,4,caught,66,decode
9692,zeroed_run,4808590,2174,caught,66,decode
9693,truncation,4532052,4750803,caught,68,decode
9694,header,785,1,caught,66,decode
9695,payload,1162418,1,caught,66,decode
9696,bit_flip,1601897,1,caught,66,decode
9697,random_bytes,7859571,6,caught,66,decode
9698,zeroed_run,7830219,578,caught,66,decode
9699,truncation,1877064,7405791,caught,68,decode
9700,header,417,1,caught,66,decode
9701,payload,4104488,1,caught,66,decode
9702,bit_flip,6888928,1,caught,66,decode
9703,random_bytes,4639064,11,caught,66,decode
9704,zeroed_run,1878996,859,caught,66,decode
9705,truncation,7690039,1592816,caught,68,decode
9706,header,713,1,caught,66,decode
9707,payload,8384619,1,caught,66,decode
9708,bit_flip,3742378,1,caught,66,decode
9709,random_bytes,3480596,4,caught,66,decode
9710,zeroed_run,224483,3765,caught,66,decode
9711,truncation,6217005,3065850,caught,68,decode
9712,header,915,1,caught,66,decode
9713,payload,5817725,1,caught,66,decode
9714,bit_flip,7081138,1,caught,66,decode
9715,random_bytes,6729444,15,caught,66,decode
9716,zeroed_run,138003,3103,caught,66,decode
9717,truncation,3676302,5606553,caught,68,decode
9718,header,435,1,caught,66,decode
9719,payload,7220652,1,caught,66,decode
9720,bit_flip,6216069,1,caught,66,decode
9721,random_bytes,2476159,14,caught,66,decode
9722,zeroed_run,3793802,488,caught,66,decode
9723,truncation,8591338,691517,caught,68,decode
9724,header,202,1,caught,66,decode
9725,payload,8449778,1,caught,66,decode
9726,bit_flip,6425675,1,caught,66,decode
9727,random_bytes,6368319,11,caught,66,decode
9728,zeroed_run,3385025,2870,caught,66,decode
9729,truncation,414663,8868192,caught,68,decode
9730,header,362,1,caught,66,decode
9731,payload,4671946,1,caught,66,decode
9732,bit_flip,5943033,1,caught,66,decode
9733,random_bytes,5766612,15,caught,66,decode
9734,zeroed_run,3519019,149,caught,66,decode
9735,truncation,3332352,5950503,caught,68,decode
9736,header,105,1,caught,66,decode
9737,payload,3421176,1,caught,66,decode
9738,bit_flip,9047679,1,caught,66,decode
9739,random_bytes,1380630,3,caught,66,decode
9740,zeroed_run,8029738,3131,caught,66,decode
9741,truncation,5435463,3847392,caught,68,decode
9742,header,429,1,caught,66,decode
9743,payload,8559939,1,caught,66,decode
9744,bit_flip,6836265,1,caught,66,decode
9745,random_bytes,1208272,6,caught,66,decode
9746,zeroed_run,2247704,3200,caught,66,decode
9747,truncation,5897578,3385277,caught,68,decode
9748,header,333,1,caught,66,decode
9749,payload,6814965,1,caught,66,decode
9750,bit_flip,5274520,1,caught,66,decode
9751,random_bytes,288738,11,caught,66,decode
9752,zeroed_run,5164874,2989,caught,66,decode
9753,truncation,8610801,672054,caught,68,decode
9754,header,766,1,caught,66,decode
9755,payload,5295932,1,caught,66,decode
9756,bit_flip,6820867,1,caught,66,decode
9757,random_bytes,7150325,8,caught,66,decode
9758,zeroed_run,1660746,3967,caught,66,decode
9759,truncation,4067279,5215576,caught,68,decode
9760,header,494,1,caught,66,decode
9761,payload,8863443,1,caught,66,decode
9762,bit_flip,8138029,1,caught,66,decode
9763,random_bytes,8829822,10,caught,66,decode
9764,zeroed_run,3288961,3032,caught,66,decode
9765,truncation,2227841,7055014,caught,68,decode
9766,header,644,1,caught,66,decode
9767,payload,7247677,1,caught,66,decode
9768,bit_flip,3392303,1,caught,66,decode
9769,random_bytes,8609343,9,caught,66,decode
9770,zeroed_run,2023288,1745,caught,66,decode
9771,truncation,4088389,5194466,caught,68,decode
9772,header,504,1,caught,66,decode
9773,payload,8622164,1,caught,66,decode
9774,bit_flip,7352979,1,caught,66,decode
9775,random_bytes,3635713,7,caught,66,decode
9776,zeroed_run,2647155,399,caught,66,decode
9777,truncation,8073087,1209768,caught,68,decode
9778,header,952,1,caught,66,decode
9779,payload,2650627,1,caught,66,decode
9780,bit_flip,8102179,1,caught,66,decode
9781,random_bytes,6550610,2,caught,66,decode
9782,zeroed_run,1334804,1085,caught,66,decode
9783,truncation,4719561,4563294,caught,68,decode
9784,header,761,1,caught,66,decode
9785,payload,5292686,1,caught,66,decode
9786,bit_flip,8644420,1,caught,66,decode
9787,random_bytes,7960032,10,caught,66,decode
9788,zeroed_run,4660747,3030,caught,66,decode
9789,truncation,9032962,249893,caught,68,decode
9790,header,40,1,caught,66,decode
9791,payload,3136579,1,caught,66,decode
9792,bit_flip,8193310,1,caught,66,decode
9793,random_bytes,874347,9,caught,66,decode
9794,zeroed_run,2375895,2197,caught,66,decode
9795,truncation,7327149,1955706,caught,68,decode
9796,header,11,1,caught,66,decode
9797,payload,4044923,1,caught,66,decode
9798,bit_flip,4184983,1,caught,66,decode
9799,random_bytes,3909426,11,caught,66,decode
9800,zeroed_run,3888397,2308,caught,66,decode
9801,truncation,6706192,2576663,caught,68,decode
9802,header,1017,1,caught,66,decode
9803,payload,86983,1,caught,66,decode
9804,bit_flip,8325940,1,caught,66,decode
9805,random_bytes,6646190,12,caught,66,decode
9806,zeroed_run,9190447,486,caught,66,decode
9807,truncation,4794786,4488069,caught,68,decode
9808,header,416,1,caught,66,decode
9809,payload,1527633,1,caught,66,decode
9810,bit_flip,7502387,1,caught,66,decode
9811,random_bytes,4861845,5,caught,66,decode
9812,zeroed_run,4218944,272,caught,66,decode
9813,truncation,4053312,5229543,caught,68,decode
9814,header,817,1,caught,66,decode
9815,payload,214995,1,caught,66,decode
9816,bit_flip,2878834,1,caught,66,decode
9817,random_bytes,8469370,12,caught,66,decode
9818,zeroed_run,4728521,3264,caught,66,decode
9819,truncation,7812960,1469895,caught,68,decode
9820,header,725,1,caught,66,decode
9821,payload,5582557,1,caught,66,decode
9822,bit_flip,107533,1,caught,66,decode
9823,random_bytes,8635989,11,caught,66,decode
9824,zeroed_run,5123396,3864,caught,66,decode
9825,truncation,4552225,4730630,caught,68,decode
9826,header,233,1,caught,66,decode
9827,payload,5744919,1,caught,66,decode
9828,bit_flip,8717591,1,caught,66,decode
9829,random_bytes,407358,10,caught,66,decode
9830,zeroed_run,5484154,1862,caught,66,decode
9831,truncation,5450980,3831875,caught,68,decode
9832,header,760,1,caught,66,decode
9833,payload,603297,1,caught,66,decode
9834,bit_flip,6669276,1,caught,66,decode
9835,random_bytes,1889231,13,caught,66,decode
9836,zeroed_run,233124,3006,caught,66,decode
9837,truncation,7466550,1816305,caught,68,decode
9838,header,48,1,caught,66,decode
9839,payload,9097882,1,caught,66,decode
9840,bit_flip,3166967,1,caught,66,decode
9841,random_bytes,5756644,6,caught,66,decode
9842,zeroed_run,8937727,200,caught,66,decode
9843,truncation,412363,8870492,caught,68,decode
9844,header,841,1,caught,66,decode
9845,payload,5098590,1,caught,66,decode
9846,bit_flip,6145491,1,caught,66,decode
9847,random_bytes,1224415,13,caught,66,decode
9848,zeroed_run,6829615,2243,caught,66,decode
9849,truncation,4249510,5033345,caught,68,decode
9850,header,966,1,caught,66,decode
9851,payload,825924,1,caught,66,decode
9852,bit_flip,2029620,1,caught,66,decode
9853,random_bytes,5065702,3,caught,66,decode
9854,zeroed_run,3604873,767,caught,66,decode
9855,truncation,3870817,5412038,caught,68,decode
9856,header,770,1,caught,66,decode
9857,payload,4260980,1,caught,66,decode
9858,bit_flip,7691920,1,caught,66,decode
9859,random_bytes,3636232,13,caught,66,decode
9860,zeroed_run,1333595,3637,caught,66,decode
9861,truncation,7358305,1924550,caught,68,decode
9862,header,210,1,caught,66,decode
9863,payload,5883124,1,caught,66,decode
9864,bit_flip,4516518,1,caught,66,decode
9865,random_bytes,3892960,6,caught,66,decode
9866,zeroed_run,2299877,2134,caught,66,decode
9867,truncation,7789149,1493706,caught,68,decode
9868,header,841,1,caught,66,decode
9869,payload,5293871,1,caught,66,decode
9870,bit_flip,6829587,1,caught,66,decode
9871,random_bytes,6963673,4,caught,66,decode
9872,zeroed_run,4039859,3266,caught,66,decode
9873,truncation,107084,9175771,caught,68,decode
9874,header,1,1,caught,44,decode
9875,payload,7975468,1,caught,66,decode
9876,bit_flip,65434,1,caught,66,decode
9877,random_bytes,1975289,13,caught,66,decode
9878,zeroed_run,5181704,992,caught,66,decode
9879,truncation,9228782,54073,caught,68,decode
9880,header,792,1,caught,66,decode
9881,payload,4839654,1,caught,66,decode
9882,bit_flip,4069569,1,caught,66,decode
9883,random_bytes,1268705,13,caught,66,decode
9884,zeroed_run,3373815,3475,caught,66,decode
9885,truncation,3566059,5716796,caught,68,decode
9886,header,821,1,caught,66,decode
9887,payload,7353702,1,caught,66,decode
9888,bit_flip,4250249,1,caught,66,decode
9889,random_bytes,8180115,10,caught,66,decode
9890,zeroed_run,5316038,96,caught,66,decode
9891,truncation,197007,9085848,caught,68,decode
9892,header,600,1,caught,66,decode
9893,payload,5220280,1,caught,66,decode
9894,bit_flip,4012034,1,caught,66,decode
9895,random_bytes,4452808,10,caught,66,decode
9896,zeroed_run,7291257,611,caught,66,decode
9897,truncation,2558366,6724489,caught,68,decode
9898,header,95,1,caught,66,decode
9899,payload,7790989,1,caught,66,decode
9900,bit_flip,750663,1,caught,66,decode
9901,random_bytes,4981839,6,caught,66,decode
9902,zeroed_run,4171403,2691,caught,66,decode
9903,truncation,6472079,2810776,caught,68,decode
9904,header,664,1,caught,66,decode
9905,payload,4723970,1,caught,66,decode
9906,bit_flip,6930946,1,caught,66,decode
9907,random_bytes,14409,5,caught,66,decode
9908,zeroed_run,6387970,3825,caught,66,decode
9909,truncation,6753205,2529650,caught,68,decode
9910,header,724,1,caught,66,decode
9911,payload,442166,1,caught,66,decode
9912,bit_flip,9092553,1,caught,66,decode
9913,random_bytes,8425430,1,caught,66,decode
9914,zeroed_run,5215536,1263,caught,66,decode
9915,truncation,2265134,7017721,caught,68,decode
9916,header,101,1,caught,66,decode
9917,payload,4663210,1,caught,66,decode
9918,bit_flip,2463862,1,caught,66,decode
9919,random_bytes,8553070,6,caught,66,decode
9920,zeroed_run,3148323,2371,caught,66,decode
9921,truncation,3508379,5774476,caught,68,decode
9922,header,436,1,caught,66,decode
9923,payload,4248274,1,caught,66,decode
9924,bit_flip,2883068,1,caught,66,decode
9925,random_bytes,5240073,1,caught,66,decode
9926,zeroed_run,8543510,3833,caught,66,decode
9927,truncation,6404816,2878039,caught,68,decode
9928,header,360,1,caught,66,decode
9929,payload,8130340,1,caught,66,decode
9930,bit_flip,3485095,1,caught,66,decode
9931,random_bytes,8786484,13,caught,66,decode
9932,zeroed_run,5403725,527,caught,66,decode
9933,truncation,5298298,3984557,caught,68,decode
9934,header,933,1,caught,66,decode
9935,payload,7887365,1,caught,66,decode
9936,bit_flip,1484192,1,caught,66,decode
9937,random_bytes,2527211,15,caught,66,decode
9938,zeroed_run,9078544,390,caught,66,decode
9939,truncation,7502538,1780317,caught,68,decode
9940,header,864,1,caught,66,decode
9941,payload,4286251,1,caught,66,decode
9942,bit_flip,711188,1,caught,66,decode
9943,random_bytes,5920100,2,caught,66,decode
9944,zeroed_run,2062009,1866,caught,66,decode
9945,truncation,3108970,6173885,caught,68,decode
9946,header,690,1,caught,66,decode
9947,payload,6882086,1,caught,66,decode
9948,bit_flip,83132,1,caught,66,decode
9949,random_bytes,3550905,10,caught,66,decode
9950,zeroed_run,5603304,3531,caught,66,decode
9951,truncation,345588,8937267,caught,68,decode
9952,header,1009,1,caught,66,decode
9953,payload,2908650,1,caught,66,decode
9954,bit_flip,8701780,1,caught,66,decode
9955,random_bytes,608540,6,caught,66,decode
9956,zeroed_run,4409043,3329,caught,66,decode
9957,truncation,2519601,6763254,caught,68,decode
9958,header,756,1,caught,66,decode
9959,payload,3692400,1,caught,66,decode
9960,bit_flip,1156802,1,caught,66,decode
9961,random_bytes,8340863,8,caught,66,decode
9962,zeroed_run,5963089,1391,caught,66,decode
9963,truncation,329250,8953605,caught,68,decode
9964,header,328,1,caught,66,decode
9965,payload,1883950,1,caught,66,decode
9966,bit_flip,3393640,1,caught,66,decode
9967,random_bytes,2331866,6,caught,66,decode
9968,zeroed_run,2078317,3545,caught,66,decode
9969,truncation,5743994,3538861,caught,68,decode
9970,header,314,1,caught,66,decode
9971,payload,2038717,1,caught,66,decode
9972,bit_flip,8328406,1,caught,66,decode
9973,random_bytes,4229901,5,caught,66,decode
9974,zeroed_run,1044521,1317,caught,66,decode
9975,truncation,7376385,1906470,caught,68,decode
9976,header,643,1,caught,66,decode
9977,payload,3193472,1,caught,66,decode
9978,bit_flip,6753669,1,caught,66,decode
9979,random_bytes,8751563,9,caught,66,decode
9980,zeroed_run,7732733,3831,caught,66,decode
9981,truncation,9143216,139639,caught,68,decode
9982,header,176,1,caught,66,decode
9983,payload,2352427,1,caught,66,decode
9984,bit_flip,7759413,1,caught,66,decode
9985,random_bytes,7542177,1,caught,66,decode
9986,zeroed_run,489384,768,caught,66,decode
9987,truncation,3929999,5352856,caught,68,decode
9988,header,245,1,caught,66,decode
9989,payload,4051399,1,caught,66,decode
9990,bit_flip,1199088,1,caught,66,decode
9991,random_bytes,6059311,11,caught,66,decode
9992,zeroed_run,1081129,3628,caught,66,decode
9993,truncation,4439268,4843587,caught,68,decode
9994,header,486,1,caught,66,decode
9995,payload,7057739,1,caught,66,decode
9996,bit_flip,4939292,1,caught,66,decode
9997,random_bytes,6042337,8,caught,66,decode
9998,zeroed_run,3345794,1604,caught,66,decode
9999,truncation,1671758,7611097,caught,68,decode
