case,kind,offset,length,outcome,returncode,phase
0,bit_flip,1734778,1,caught,1,decode
1,random_bytes,3774807,11,caught,1,decode
2,zeroed_run,2852877,2888,caught,1,decode
3,truncation,768432,4575716,caught,1,decode
4,header,489,1,caught,1,decode
5,payload,3589099,1,caught,1,decode
6,bit_flip,2099132,1,caught,1,decode
7,random_bytes,2398769,16,caught,1,decode
8,zeroed_run,1068480,3387,caught,1,decode
9,truncation,1423979,3920169,caught,1,decode
10,header,651,1,caught,1,decode
11,payload,4159287,1,caught,1,decode
12,bit_flip,2581083,1,caught,1,decode
13,random_bytes,20214,2,caught,1,decode
14,zeroed_run,4009941,374,caught,1,decode
15,truncation,3731881,1612267,caught,1,decode
16,header,523,1,caught,1,decode
17,payload,2733717,1,caught,1,decode
18,bit_flip,2262784,1,caught,1,decode
19,random_bytes,778666,4,caught,1,decode
20,zeroed_run,434637,151,caught,1,decode
21,truncation,4426819,917329,caught,1,decode
22,header,179,1,caught,1,decode
23,payload,940171,1,caught,1,decode
24,bit_flip,4622411,1,caught,1,decode
25,random_bytes,1514287,15,caught,1,decode
26,zeroed_run,357163,1656,caught,1,decode
27,truncation,1154441,4189707,caught,1,decode
28,header,440,1,caught,1,decode
29,payload,5059198,1,caught,1,decode
30,bit_flip,3224532,1,caught,1,decode
31,random_bytes,1381349,12,caught,1,decode
32,zeroed_run,20843,1080,caught,1,decode
33,truncation,941492,4402656,caught,1,decode
34,header,818,1,caught,1,decode
35,payload,1994712,1,caught,1,decode
36,bit_flip,3816959,1,caught,1,decode
37,random_bytes,4385690,9,caught,1,decode
38,zeroed_run,4241269,1998,caught,1,decode
39,truncation,2518093,2826055,caught,1,decode
40,header,829,1,caught,1,decode
41,payload,2083089,1,caught,1,decode
42,bit_flip,2243576,1,caught,1,decode
43,random_bytes,3965543,14,caught,1,decode
44,zeroed_run,1566654,1736,caught,1,decode
45,truncation,1543394,3800754,caught,1,decode
46,header,725,1,caught,1,decode
47,payload,2298292,1,caught,1,decode
48,bit_flip,1000643,1,caught,1,decode
49,random_bytes,1655585,14,caught,1,decode
50,zeroed_run,4932337,2107,caught,1,decode
51,truncation,807409,4536739,caught,1,decode
52,header,142,1,caught,1,decode
53,payload,2754522,1,caught,1,decode
54,bit_flip,370150,1,caught,1,decode
55,random_bytes,1827580,13,caught,1,decode
56,zeroed_run,2826694,1811,caught,1,decode
57,truncation,4963517,380631,caught,1,decode
58,header,848,1,caught,1,decode
59,payload,1360015,1,caught,1,decode
60,bit_flip,2176511,1,caught,1,decode
61,random_bytes,380539,7,caught,1,decode
62,zeroed_run,2305972,3703,caught,1,decode
63,truncation,1317565,4026583,caught,1,decode
64,header,289,1,caught,1,decode
65,payload,5034526,1,caught,1,decode
66,bit_flip,1073025,1,caught,1,decode
67,random_bytes,2784213,14,caught,1,decode
68,zeroed_run,5312124,1603,caught,1,decode
69,truncation,3747041,1597107,caught,1,decode
70,header,659,1,caught,1,decode
71,payload,2221313,1,caught,1,decode
72,bit_flip,1260890,1,caught,1,decode
73,random_bytes,3070560,2,caught,1,decode
74,zeroed_run,2006008,917,caught,1,decode
75,truncation,297059,5047089,caught,1,decode
76,header,146,1,caught,1,decode
77,payload,1043084,1,caught,1,decode
78,bit_flip,4320917,1,caught,1,decode
79,random_bytes,2508553,15,caught,1,decode
80,zeroed_run,3369435,4044,caught,1,decode
81,truncation,1476241,3867907,caught,1,decode
82,header,837,1,caught,1,decode
83,payload,1758829,1,caught,1,decode
84,bit_flip,1062719,1,caught,1,decode
85,random_bytes,125622,5,caught,1,decode
86,zeroed_run,4281981,2695,caught,1,decode
87,truncation,4127849,1216299,caught,1,decode
88,header,807,1,caught,1,decode
89,payload,714888,1,caught,1,decode
90,bit_flip,4667541,1,caught,1,decode
91,random_bytes,2938000,3,caught,1,decode
92,zeroed_run,898099,3589,caught,1,decode
93,truncation,4247997,1096151,caught,1,decode
94,header,69,1,caught,1,decode
95,payload,3186836,1,caught,1,decode
96,bit_flip,4053947,1,caught,1,decode
97,random_bytes,3582376,4,caught,1,decode
98,zeroed_run,5014284,797,caught,1,decode
99,truncation,3447857,1896291,caught,1,decode
100,header,853,1,caught,1,decode
101,payload,1284263,1,caught,1,decode
102,bit_flip,144168,1,caught,1,decode
103,random_bytes,666427,3,caught,1,decode
104,zeroed_run,382188,1076,caught,1,decode
105,truncation,4895535,448613,caught,1,decode
106,header,597,1,caught,1,decode
107,payload,3783562,1,caught,1,decode
108,bit_flip,5230406,1,caught,1,decode
109,random_bytes,339405,14,caught,1,decode
110,zeroed_run,4108324,2783,caught,1,decode
111,truncation,1162233,4181915,caught,1,decode
112,header,655,1,caught,1,decode
113,payload,4462499,1,caught,1,decode
114,bit_flip,294404,1,caught,1,decode
115,random_bytes,2708665,3,caught,1,decode
116,zeroed_run,202428,1433,caught,1,decode
117,truncation,5083673,260475,caught,1,decode
118,header,622,1,caught,1,decode
119,payload,3106438,1,caught,1,decode
120,bit_flip,4476220,1,caught,1,decode
121,random_bytes,1592436,15,caught,1,decode
122,zeroed_run,3856082,2343,caught,1,decode
123,truncation,975994,4368154,caught,1,decode
124,header,827,1,caught,1,decode
125,payload,528971,1,caught,1,decode
126,bit_flip,4773864,1,caught,1,decode
127,random_bytes,2116941,14,caught,1,decode
128,zeroed_run,2648259,3887,caught,1,decode
129,truncation,5082449,261699,caught,1,decode
130,header,658,1,caught,1,decode
131,payload,890823,1,caught,1,decode
132,bit_flip,2164041,1,caught,1,decode
133,random_bytes,1698179,3,caught,1,decode
134,zeroed_run,3069999,2203,caught,1,decode
135,truncation,4296269,1047879,caught,1,decode
136,header,790,1,caught,1,decode
137,payload,1221697,1,caught,1,decode
138,bit_flip,490063,1,caught,1,decode
139,random_bytes,3250509,2,caught,1,decode
140,zeroed_run,2897895,3371,caught,1,decode
141,truncation,5234692,109456,caught,1,decode
142,header,501,1,caught,1,decode
143,payload,2591070,1,caught,1,decode
144,bit_flip,3050113,1,caught,1,decode
145,random_bytes,2476824,12,caught,1,decode
146,zeroed_run,1140326,3468,caught,1,decode
147,truncation,17499,5326649,caught,1,decode
148,header,901,1,caught,1,decode
149,payload,1680771,1,caught,1,decode
150,bit_flip,1776053,1,caught,1,decode
151,random_bytes,742804,11,caught,1,decode
152,zeroed_run,1066549,259,caught,1,decode
153,truncation,2404566,2939582,caught,1,decode
154,header,845,1,caught,1,decode
155,payload,580007,1,caught,1,decode
156,bit_flip,1373816,1,caught,1,decode
157,random_bytes,738186,11,caught,1,decode
158,zeroed_run,614829,2961,caught,1,decode
159,truncation,3567579,1776569,caught,1,decode
160,header,305,1,caught,1,decode
161,payload,4149284,1,caught,1,decode
162,bit_flip,4474747,1,caught,1,decode
163,random_bytes,3952437,7,caught,1,decode
164,zeroed_run,3550050,3017,caught,1,decode
165,truncation,4802682,541466,caught,1,decode
166,header,997,1,caught,1,decode
167,payload,4871613,1,caught,1,decode
168,bit_flip,4051689,1,caught,1,decode
169,random_bytes,3264938,16,caught,1,decode
170,zeroed_run,1396931,2038,caught,1,decode
171,truncation,2486423,2857725,caught,1,decode
172,header,974,1,caught,1,decode
173,payload,4495027,1,caught,1,decode
174,bit_flip,1672385,1,caught,1,decode
175,random_bytes,963374,13,caught,1,decode
176,zeroed_run,1351193,65,caught,1,decode
177,truncation,5064003,280145,caught,1,decode
178,header,121,1,caught,1,decode
179,payload,2766230,1,caught,1,decode
180,bit_flip,3048340,1,caught,1,decode
181,random_bytes,1069414,6,caught,1,decode
182,zeroed_run,1790154,1445,caught,1,decode
183,truncation,2801908,2542240,caught,1,decode
184,header,336,1,caught,1,decode
185,payload,1814534,1,caught,1,decode
186,bit_flip,4362621,1,caught,1,decode
187,random_bytes,2553885,1,caught,1,decode
188,zeroed_run,816870,1317,caught,1,decode
189,truncation,1816300,3527848,caught,1,decode
190,header,440,1,caught,1,decode
191,payload,5052941,1,caught,1,decode
192,bit_flip,5260858,1,caught,1,decode
193,random_bytes,3180762,8,caught,1,decode
194,zeroed_run,4326919,3426,caught,1,decode
195,truncation,4006131,1338017,caught,1,decode
196,header,61,1,caught,1,decode
197,payload,4371725,1,caught,1,decode
198,bit_flip,5108048,1,caught,1,decode
199,random_bytes,4000342,13,caught,1,decode
200,zeroed_run,3177207,1914,caught,1,decode
201,truncation,1146771,4197377,caught,1,decode
202,header,205,1,caught,1,decode
203,payload,876752,1,caught,1,decode
204,bit_flip,1373725,1,caught,1,decode
205,random_bytes,2719509,3,caught,1,decode
206,zeroed_run,266296,797,caught,1,decode
207,truncation,4326284,1017864,caught,1,decode
208,header,121,1,caught,1,decode
209,payload,1479510,1,caught,1,decode
210,bit_flip,2395947,1,caught,1,decode
211,random_bytes,1930239,11,caught,1,decode
212,zeroed_run,4841044,3284,caught,1,decode
213,truncation,3317634,2026514,caught,1,decode
214,header,38,1,caught,1,decode
215,payload,2535775,1,caught,1,decode
216,bit_flip,4161007,1,caught,1,decode
217,random_bytes,4407732,16,caught,1,decode
218,zeroed_run,4809249,1064,caught,1,decode
219,truncation,4328667,1015481,caught,1,decode
220,header,436,1,caught,1,decode
221,payload,2607975,1,caught,1,decode
222,bit_flip,4516168,1,caught,1,decode
223,random_bytes,4619921,10,caught,1,decode
224,zeroed_run,2508113,2283,caught,1,decode
225,truncation,1818572,3525576,caught,1,decode
226,header,907,1,caught,1,decode
227,payload,1133297,1,caught,1,decode
228,bit_flip,4867760,1,caught,1,decode
229,random_bytes,2653675,10,caught,1,decode
230,zeroed_run,1540435,3983,caught,1,decode
231,truncation,975208,4368940,caught,1,decode
232,header,327,1,caught,1,decode
233,payload,171872,1,caught,1,decode
234,bit_flip,2276430,1,caught,1,decode
235,random_bytes,2963506,16,caught,1,decode
236,zeroed_run,1712045,509,caught,1,decode
237,truncation,4758027,586121,caught,1,decode
238,header,434,1,caught,1,decode
239,payload,3405968,1,caught,1,decode
240,bit_flip,3652277,1,caught,1,decode
241,random_bytes,326386,12,caught,1,decode
242,zeroed_run,2773755,3521,caught,1,decode
243,truncation,2412709,2931439,caught,1,decode
244,header,10,1,caught,1,decode
245,payload,2037245,1,caught,1,decode
246,bit_flip,4115385,1,caught,1,decode
247,random_bytes,4576799,12,caught,1,decode
248,zeroed_run,2732334,3179,caught,1,decode
249,truncation,318012,5026136,caught,1,decode
250,header,886,1,caught,1,decode
251,payload,3172926,1,caught,1,decode
252,bit_flip,1673506,1,caught,1,decode
253,random_bytes,5132958,12,caught,1,decode
254,zeroed_run,3854438,663,caught,1,decode
255,truncation,5260338,83810,caught,1,decode
256,header,921,1,caught,1,decode
257,payload,3825460,1,caught,1,decode
258,bit_flip,3467285,1,caught,1,decode
259,random_bytes,578205,2,caught,1,decode
260,zeroed_run,5304429,2966,caught,1,decode
261,truncation,2181450,3162698,caught,1,decode
262,header,101,1,caught,1,decode
263,payload,5153285,1,caught,1,decode
264,bit_flip,808551,1,caught,1,decode
265,random_bytes,2135068,9,caught,1,decode
266,zeroed_run,3277434,1342,caught,1,decode
267,truncation,76165,5267983,caught,1,decode
268,header,611,1,caught,1,decode
269,payload,2203542,1,caught,1,decode
270,bit_flip,5036131,1,caught,1,decode
271,random_bytes,908866,9,caught,1,decode
272,zeroed_run,2700005,286,caught,1,decode
273,truncation,4994507,349641,caught,1,decode
274,header,551,1,caught,1,decode
275,payload,2610357,1,caught,1,decode
276,bit_flip,4109189,1,caught,1,decode
277,random_bytes,1173337,11,caught,1,decode
278,zeroed_run,2761799,4078,caught,1,decode
279,truncation,1734418,3609730,caught,1,decode
280,header,861,1,caught,1,decode
281,payload,545630,1,caught,1,decode
282,bit_flip,850828,1,caught,1,decode
283,random_bytes,3114021,11,caught,1,decode
284,zeroed_run,1421433,3850,caught,1,decode
285,truncation,2433545,2910603,caught,1,decode
286,header,105,1,caught,1,decode
287,payload,2859878,1,caught,1,decode
288,bit_flip,586559,1,caught,1,decode
289,random_bytes,1261986,16,caught,1,decode
290,zeroed_run,208402,91,caught,1,decode
291,truncation,2002769,3341379,caught,1,decode
292,header,412,1,caught,1,decode
293,payload,783142,1,caught,1,decode
294,bit_flip,383315,1,caught,1,decode
295,random_bytes,2667086,8,caught,1,decode
296,zeroed_run,3345981,4033,caught,1,decode
297,truncation,1052632,4291516,caught,1,decode
298,header,69,1,caught,1,decode
299,payload,2477665,1,caught,1,decode
300,bit_flip,130102,1,caught,1,decode
301,random_bytes,1614587,1,caught,1,decode
302,zeroed_run,2401212,1420,caught,1,decode
303,truncation,941668,4402480,caught,1,decode
304,header,784,1,caught,1,decode
305,payload,3827624,1,caught,1,decode
306,bit_flip,1133573,1,caught,1,decode
307,random_bytes,2579318,2,caught,1,decode
308,zeroed_run,3715017,2954,caught,1,decode
309,truncation,3824453,1519695,caught,1,decode
310,header,347,1,caught,1,decode
311,payload,1153719,1,caught,1,decode
312,bit_flip,3446425,1,caught,1,decode
313,random_bytes,602518,16,caught,1,decode
314,zeroed_run,2084172,2199,caught,1,decode
315,truncation,5071362,272786,caught,1,decode
316,header,678,1,caught,1,decode
317,payload,5166376,1,caught,1,decode
318,bit_flip,4665971,1,caught,1,decode
319,random_bytes,5078061,11,caught,1,decode
320,zeroed_run,3242135,3887,caught,1,decode
321,truncation,4106113,1238035,caught,1,decode
322,header,721,1,caught,1,decode
323,payload,1763400,1,caught,1,decode
324,bit_flip,2566357,1,caught,1,decode
325,random_bytes,4128914,12,caught,1,decode
326,zeroed_run,2315753,3344,caught,1,decode
327,truncation,2976400,2367748,caught,1,decode
328,header,152,1,caught,1,decode
329,payload,3038364,1,caught,1,decode
330,bit_flip,5036405,1,caught,1,decode
331,random_bytes,3595150,2,caught,1,decode
332,zeroed_run,3519897,2588,caught,1,decode
333,truncation,4515941,828207,caught,1,decode
334,header,551,1,caught,1,decode
335,payload,3706504,1,caught,1,decode
336,bit_flip,3522899,1,caught,1,decode
337,random_bytes,2103323,12,caught,1,decode
338,zeroed_run,3888468,463,caught,1,decode
339,truncation,669529,4674619,caught,1,decode
340,header,604,1,caught,1,decode
341,payload,3045355,1,caught,1,decode
342,bit_flip,3427666,1,caught,1,decode
343,random_bytes,932900,15,caught,1,decode
344,zeroed_run,3993222,1006,caught,1,decode
345,truncation,2623217,2720931,caught,1,decode
346,header,151,1,caught,1,decode
347,payload,2976535,1,caught,1,decode
348,bit_flip,172126,1,caught,1,decode
349,random_bytes,4816278,5,caught,1,decode
350,zeroed_run,4355251,3006,caught,1,decode
351,truncation,3287839,2056309,caught,1,decode
352,header,692,1,caught,1,decode
353,payload,3920772,1,caught,1,decode
354,bit_flip,1039516,1,caught,1,decode
355,random_bytes,4570419,3,caught,1,decode
356,zeroed_run,4116507,3155,caught,1,decode
357,truncation,2931179,2412969,caught,1,decode
358,header,85,1,caught,1,decode
359,payload,3060211,1,caught,1,decode
360,bit_flip,1581341,1,caught,1,decode
361,random_bytes,969893,2,caught,1,decode
362,zeroed_run,1062497,47,caught,1,decode
363,truncation,532018,4812130,caught,1,decode
364,header,776,1,caught,1,decode
365,payload,1984702,1,caught,1,decode
366,bit_flip,1635188,1,caught,1,decode
367,random_bytes,2293971,6,caught,1,decode
368,zeroed_run,2814901,3297,caught,1,decode
369,truncation,1558052,3786096,caught,1,decode
370,header,55,1,caught,1,decode
371,payload,3371032,1,caught,1,decode
372,bit_flip,405004,1,caught,1,decode
373,random_bytes,2122626,10,caught,1,decode
374,zeroed_run,203216,3698,caught,1,decode
375,truncation,1592439,3751709,caught,1,decode
376,header,233,1,caught,1,decode
377,payload,4047546,1,caught,1,decode
378,bit_flip,863514,1,caught,1,decode
379,random_bytes,2854761,13,caught,1,decode
380,zeroed_run,3898018,1792,caught,1,decode
381,truncation,395001,4949147,caught,1,decode
382,header,602,1,caught,1,decode
383,payload,2553209,1,caught,1,decode
384,bit_flip,160102,1,caught,1,decode
385,random_bytes,5178438,2,caught,1,decode
386,zeroed_run,2767678,917,caught,1,decode
387,truncation,2308167,3035981,caught,1,decode
388,header,731,1,caught,1,decode
389,payload,2091270,1,caught,1,decode
390,bit_flip,2438108,1,caught,1,decode
391,random_bytes,3897929,9,caught,1,decode
392,zeroed_run,622533,2052,caught,1,decode
393,truncation,2698324,2645824,caught,1,decode
394,header,1019,1,caught,1,decode
395,payload,1878390,1,caught,1,decode
396,bit_flip,1419170,1,caught,1,decode
397,random_bytes,4630112,15,caught,1,decode
398,zeroed_run,352004,2693,caught,1,decode
399,truncation,2350516,2993632,caught,1,decode
400,header,482,1,caught,1,decode
401,payload,2854612,1,caught,1,decode
402,bit_flip,3289220,1,caught,1,decode
403,random_bytes,2246513,13,caught,1,decode
404,zeroed_run,2982781,154,caught,1,decode
405,truncation,3059459,2284689,caught,1,decode
406,header,488,1,caught,1,decode
407,payload,4028098,1,caught,1,decode
408,bit_flip,3663119,1,caught,1,decode
409,random_bytes,1200543,9,caught,1,decode
410,zeroed_run,2870602,2836,caught,1,decode
411,truncation,1099215,4244933,caught,1,decode
412,header,113,1,caught,1,decode
413,payload,4590302,1,caught,1,decode
414,bit_flip,4918682,1,caught,1,decode
415,random_bytes,3794940,6,caught,1,decode
416,zeroed_run,1582537,1680,caught,1,decode
417,truncation,572770,4771378,caught,1,decode
418,header,994,1,caught,1,decode
419,payload,1104423,1,caught,1,decode
420,bit_flip,3182595,1,caught,1,decode
421,random_bytes,4670458,7,caught,1,decode
422,zeroed_run,1700757,3630,caught,1,decode
423,truncation,4383326,960822,caught,1,decode
424,header,905,1,caught,1,decode
425,payload,3537898,1,caught,1,decode
426,bit_flip,1485810,1,caught,1,decode
427,random_bytes,4752644,10,caught,1,decode
428,zeroed_run,2382336,442,caught,1,decode
429,truncation,3439245,1904903,caught,1,decode
430,header,315,1,caught,1,decode
431,payload,1265704,1,caught,1,decode
432,bit_flip,1159322,1,caught,1,decode
433,random_bytes,2374436,5,caught,1,decode
434,zeroed_run,1330984,1030,caught,1,decode
435,truncation,5045207,298941,caught,1,decode
436,header,539,1,caught,1,decode
437,payload,935769,1,caught,1,decode
438,bit_flip,4102729,1,caught,1,decode
439,random_bytes,5093430,2,caught,1,decode
440,zeroed_run,507121,2776,caught,1,decode
441,truncation,4776196,567952,caught,1,decode
442,header,868,1,caught,1,decode
443,payload,2529255,1,caught,1,decode
444,bit_flip,1757263,1,caught,1,decode
445,random_bytes,1509757,6,caught,1,decode
446,zeroed_run,1388396,3792,caught,1,decode
447,truncation,232156,5111992,caught,1,decode
448,header,884,1,caught,1,decode
449,payload,3387217,1,caught,1,decode
450,bit_flip,2963476,1,caught,1,decode
451,random_bytes,1524491,1,caught,1,decode
452,zeroed_run,4762777,1174,caught,1,decode
453,truncation,3304094,2040054,caught,1,decode
454,header,611,1,caught,1,decode
455,payload,1474081,1,caught,1,decode
456,bit_flip,4948627,1,caught,1,decode
457,random_bytes,3081094,3,caught,1,decode
458,zeroed_run,2710451,2781,caught,1,decode
459,truncation,1597349,3746799,caught,1,decode
460,header,447,1,caught,1,decode
461,payload,3101616,1,caught,1,decode
462,bit_flip,4257670,1,caught,1,decode
463,random_bytes,3154369,2,caught,1,decode
464,zeroed_run,4691475,2385,caught,1,decode
465,truncation,817944,4526204,caught,1,decode
466,header,350,1,caught,1,decode
467,payload,220617,1,caught,1,decode
468,bit_flip,2263772,1,caught,1,decode
469,random_bytes,4446099,12,caught,1,decode
470,zeroed_run,2468570,2249,caught,1,decode
471,truncation,1236087,4108061,caught,1,decode
472,header,974,1,caught,1,decode
473,payload,2763355,1,caught,1,decode
474,bit_flip,2802827,1,caught,1,decode
475,random_bytes,3132522,3,caught,1,decode
476,zeroed_run,1642859,72,caught,1,decode
477,truncation,464162,4879986,caught,1,decode
478,header,674,1,caught,1,decode
479,payload,3762310,1,caught,1,decode
480,bit_flip,565521,1,caught,1,decode
481,random_bytes,5179477,1,caught,1,decode
482,zeroed_run,1870504,2464,caught,1,decode
483,truncation,4333375,1010773,caught,1,decode
484,header,201,1,caught,1,decode
485,payload,2709569,1,caught,1,decode
486,bit_flip,1307236,1,caught,1,decode
487,random_bytes,2759935,16,caught,1,decode
488,zeroed_run,44336,2527,caught,1,decode
489,truncation,2860562,2483586,caught,1,decode
490,header,463,1,caught,1,decode
491,payload,4552052,1,caught,1,decode
492,bit_flip,4190646,1,caught,1,decode
493,random_bytes,1190789,4,caught,1,decode
494,zeroed_run,1164562,916,caught,1,decode
495,truncation,1609318,3734830,caught,1,decode
496,header,288,1,caught,1,decode
497,payload,82588,1,caught,1,decode
498,bit_flip,1376450,1,caught,1,decode
499,random_bytes,3207275,9,caught,1,decode
500,zeroed_run,1096660,1942,caught,1,decode
501,truncation,4336131,1008017,caught,1,decode
502,header,741,1,caught,1,decode
503,payload,2094414,1,caught,1,decode
504,bit_flip,1308001,1,caught,1,decode
505,random_bytes,688150,11,caught,1,decode
506,zeroed_run,2656635,2900,caught,1,decode
507,truncation,784503,4559645,caught,1,decode
508,header,883,1,caught,1,decode
509,payload,3899532,1,caught,1,decode
510,bit_flip,5231220,1,caught,1,decode
511,random_bytes,2212385,13,caught,1,decode
512,zeroed_run,5088307,4039,caught,1,decode
513,truncation,1657049,3687099,caught,1,decode
514,header,134,1,caught,1,decode
515,payload,1787719,1,caught,1,decode
516,bit_flip,2236272,1,caught,1,decode
517,random_bytes,3541085,14,caught,1,decode
518,zeroed_run,2929295,2620,caught,1,decode
519,truncation,2698732,2645416,caught,1,decode
520,header,264,1,caught,1,decode
521,payload,850924,1,caught,1,decode
522,bit_flip,3941923,1,caught,1,decode
523,random_bytes,1824557,13,caught,1,decode
524,zeroed_run,4396016,1816,caught,1,decode
525,truncation,2872953,2471195,caught,1,decode
526,header,222,1,caught,1,decode
527,payload,4246247,1,caught,1,decode
528,bit_flip,4937535,1,caught,1,decode
529,random_bytes,5122410,15,caught,1,decode
530,zeroed_run,5262593,2947,caught,1,decode
531,truncation,13512,5330636,caught,1,decode
532,header,172,1,caught,1,decode
533,payload,286157,1,caught,1,decode
534,bit_flip,4325721,1,caught,1,decode
535,random_bytes,4035813,7,caught,1,decode
536,zeroed_run,4518357,272,caught,1,decode
537,truncation,1199954,4144194,caught,1,decode
538,header,654,1,caught,1,decode
539,payload,2261513,1,caught,1,decode
540,bit_flip,2008906,1,caught,1,decode
541,random_bytes,1103172,1,caught,1,decode
542,zeroed_run,3104263,1043,caught,1,decode
543,truncation,1101254,4242894,caught,1,decode
544,header,765,1,caught,1,decode
545,payload,569632,1,caught,1,decode
546,bit_flip,1612019,1,caught,1,decode
547,random_bytes,4847620,2,caught,1,decode
548,zeroed_run,986316,178,caught,1,decode
549,truncation,3800639,1543509,caught,1,decode
550,header,383,1,caught,1,decode
551,payload,4232375,1,caught,1,decode
552,bit_flip,3686008,1,caught,1,decode
553,random_bytes,4581558,3,caught,1,decode
554,zeroed_run,4492054,3772,caught,1,decode
555,truncation,724397,4619751,caught,1,decode
556,header,36,1,caught,1,decode
557,payload,4548659,1,caught,1,decode
558,bit_flip,701581,1,caught,1,decode
559,random_bytes,3728322,13,caught,1,decode
560,zeroed_run,1313947,1340,caught,1,decode
561,truncation,638904,4705244,caught,1,decode
562,header,209,1,caught,1,decode
563,payload,1537791,1,caught,1,decode
564,bit_flip,3420529,1,caught,1,decode
565,random_bytes,4600092,2,caught,1,decode
566,zeroed_run,1289244,3031,caught,1,decode
567,truncation,3251824,2092324,caught,1,decode
568,header,330,1,caught,1,decode
569,payload,3441495,1,caught,1,decode
570,bit_flip,1756885,1,caught,1,decode
571,random_bytes,3179809,2,caught,1,decode
572,zeroed_run,740941,2046,caught,1,decode
573,truncation,2551341,2792807,caught,1,decode
574,header,490,1,caught,1,decode
575,payload,3648875,1,caught,1,decode
576,bit_flip,1772276,1,caught,1,decode
577,random_bytes,1477398,1,caught,1,decode
578,zeroed_run,3177734,3982,caught,1,decode
579,truncation,1935761,3408387,caught,1,decode
580,header,835,1,caught,1,decode
581,payload,921619,1,caught,1,decode
582,bit_flip,975164,1,caught,1,decode
583,random_bytes,620750,3,caught,1,decode
584,zeroed_run,834339,2129,caught,1,decode
585,truncation,858467,4485681,caught,1,decode
586,header,771,1,caught,1,decode
587,payload,2398398,1,caught,1,decode
588,bit_flip,4826179,1,caught,1,decode
589,random_bytes,2334810,10,caught,1,decode
590,zeroed_run,887746,132,caught,1,decode
591,truncation,3300152,2043996,caught,1,decode
592,header,681,1,caught,1,decode
593,payload,654692,1,caught,1,decode
594,bit_flip,4296783,1,caught,1,decode
595,random_bytes,1570939,14,caught,1,decode
596,zeroed_run,1601957,294,caught,1,decode
597,truncation,1657885,3686263,caught,1,decode
598,header,792,1,caught,1,decode
599,payload,5021761,1,caught,1,decode
600,bit_flip,616633,1,caught,1,decode
601,random_bytes,515511,2,caught,1,decode
602,zeroed_run,4115698,3855,caught,1,decode
603,truncation,3617132,1727016,caught,1,decode
604,header,670,1,caught,1,decode
605,payload,4972984,1,caught,1,decode
606,bit_flip,767379,1,caught,1,decode
607,random_bytes,4660325,4,caught,1,decode
608,zeroed_run,4449557,2078,caught,1,decode
609,truncation,4194701,1149447,caught,1,decode
610,header,2,1,caught,1,decode
611,payload,1501783,1,caught,1,decode
612,bit_flip,160367,1,caught,1,decode
613,random_bytes,3340306,10,caught,1,decode
614,zeroed_run,2486559,365,caught,1,decode
615,truncation,5287761,56387,caught,1,decode
616,header,413,1,caught,1,decode
617,payload,2528878,1,caught,1,decode
618,bit_flip,2689513,1,caught,1,decode
619,random_bytes,1619580,7,caught,1,decode
620,zeroed_run,4326572,3328,caught,1,decode
621,truncation,237222,5106926,caught,1,decode
622,header,854,1,caught,1,decode
623,payload,5050132,1,caught,1,decode
624,bit_flip,873407,1,caught,1,decode
625,random_bytes,4760522,1,caught,1,decode
626,zeroed_run,3129367,2623,caught,1,decode
627,truncation,3880911,1463237,caught,1,decode
628,header,70,1,caught,1,decode
629,payload,4124798,1,caught,1,decode
630,bit_flip,3302146,1,caught,1,decode
631,random_bytes,492111,8,caught,1,decode
632,zeroed_run,293740,1316,caught,1,decode
633,truncation,2984356,2359792,caught,1,decode
634,header,115,1,caught,1,decode
635,payload,963847,1,caught,1,decode
636,bit_flip,4063898,1,caught,1,decode
637,random_bytes,3398088,1,caught,1,decode
638,zeroed_run,947191,2285,caught,1,decode
639,truncation,2651055,2693093,caught,1,decode
640,header,492,1,caught,1,decode
641,payload,4414905,1,caught,1,decode
642,bit_flip,1044700,1,caught,1,decode
643,random_bytes,1704569,3,caught,1,decode
644,zeroed_run,1957717,1369,caught,1,decode
645,truncation,1778170,3565978,caught,1,decode
646,header,758,1,caught,1,decode
647,payload,2381709,1,caught,1,decode
648,bit_flip,2065710,1,caught,1,decode
649,random_bytes,938112,3,caught,1,decode
650,zeroed_run,2735045,1194,caught,1,decode
651,truncation,1143341,4200807,caught,1,decode
652,header,725,1,caught,1,decode
653,payload,4947973,1,caught,1,decode
654,bit_flip,2588694,1,caught,1,decode
655,random_bytes,5325695,1,caught,1,decode
656,zeroed_run,252625,632,caught,1,decode
657,truncation,3193672,2150476,caught,1,decode
658,header,563,1,caught,1,decode
659,payload,2341256,1,caught,1,decode
660,bit_flip,3287247,1,caught,1,decode
661,random_bytes,4026510,4,caught,1,decode
662,zeroed_run,3160793,1170,caught,1,decode
663,truncation,4470499,873649,caught,1,decode
664,header,635,1,caught,1,decode
665,payload,4170051,1,caught,1,decode
666,bit_flip,3068044,1,caught,1,decode
667,random_bytes,3959824,5,caught,1,decode
668,zeroed_run,4656512,3939,caught,1,decode
669,truncation,2050135,3294013,caught,1,decode
670,header,96,1,caught,1,decode
671,payload,4538973,1,caught,1,decode
672,bit_flip,4849686,1,caught,1,decode
673,random_bytes,319217,15,caught,1,decode
674,zeroed_run,499415,2547,caught,1,decode
675,truncation,4195135,1149013,caught,1,decode
676,header,806,1,caught,1,decode
677,payload,1345356,1,caught,1,decode
678,bit_flip,4113518,1,caught,1,decode
679,random_bytes,5242595,16,caught,1,decode
680,zeroed_run,2390797,3423,caught,1,decode
681,truncation,1305826,4038322,caught,1,decode
682,header,267,1,caught,1,decode
683,payload,3892103,1,caught,1,decode
684,bit_flip,4842961,1,caught,1,decode
685,random_bytes,938485,8,caught,1,decode
686,zeroed_run,285752,2125,caught,1,decode
687,truncation,2946320,2397828,caught,1,decode
688,header,496,1,caught,1,decode
689,payload,1056364,1,caught,1,decode
690,bit_flip,4003507,1,caught,1,decode
691,random_bytes,3667929,15,caught,1,decode
692,zeroed_run,1554900,215,caught,1,decode
693,truncation,875869,4468279,caught,1,decode
694,header,206,1,caught,1,decode
695,payload,1856902,1,caught,1,decode
696,bit_flip,29958,1,caught,1,decode
697,random_bytes,4559041,15,caught,1,decode
698,zeroed_run,458101,4013,caught,1,decode
699,truncation,4767940,576208,caught,1,decode
700,header,367,1,caught,1,decode
701,payload,4558227,1,caught,1,decode
702,bit_flip,1162859,1,caught,1,decode
703,random_bytes,1637120,10,caught,1,decode
704,zeroed_run,2294275,2303,caught,1,decode
705,truncation,789079,4555069,caught,1,decode
706,header,902,1,caught,1,decode
707,payload,1767061,1,caught,1,decode
708,bit_flip,2317750,1,caught,1,decode
709,random_bytes,4229002,1,caught,1,decode
710,zeroed_run,4599116,405,caught,1,decode
711,truncation,4305814,1038334,caught,1,decode
712,header,822,1,caught,1,decode
713,payload,2842623,1,caught,1,decode
714,bit_flip,3310877,1,caught,1,decode
715,random_bytes,3831492,15,caught,1,decode
716,zeroed_run,382058,3524,caught,1,decode
717,truncation,3252660,2091488,caught,1,decode
718,header,177,1,caught,1,decode
719,payload,4399959,1,caught,1,decode
720,bit_flip,5253198,1,caught,1,decode
721,random_bytes,5244983,12,caught,1,decode
722,zeroed_run,1414976,367,caught,1,decode
723,truncation,3717351,1626797,caught,1,decode
724,header,901,1,caught,1,decode
725,payload,1859435,1,caught,1,decode
726,bit_flip,1443085,1,caught,1,decode
727,random_bytes,659592,12,caught,1,decode
728,zeroed_run,3838324,1172,caught,1,decode
729,truncation,868837,4475311,caught,1,decode
730,header,862,1,caught,1,decode
731,payload,117248,1,caught,1,decode
732,bit_flip,321131,1,caught,1,decode
733,random_bytes,403903,2,caught,1,decode
734,zeroed_run,1675149,3724,caught,1,decode
735,truncation,92553,5251595,caught,1,decode
736,header,97,1,caught,1,decode
737,payload,1577307,1,caught,1,decode
738,bit_flip,1408054,1,caught,1,decode
739,random_bytes,3379304,8,caught,1,decode
740,zeroed_run,1476654,3245,caught,1,decode
741,truncation,385473,4958675,caught,1,decode
742,header,192,1,caught,1,decode
743,payload,4001309,1,caught,1,decode
744,bit_flip,3332044,1,caught,1,decode
745,random_bytes,2878969,12,caught,1,decode
746,zeroed_run,5082821,3075,caught,1,decode
747,truncation,3156644,2187504,caught,1,decode
748,header,645,1,caught,1,decode
749,payload,4769061,1,caught,1,decode
750,bit_flip,929571,1,caught,1,decode
751,random_bytes,4111450,8,caught,1,decode
752,zeroed_run,4018388,2430,caught,1,decode
753,truncation,52645,5291503,caught,1,decode
754,header,142,1,caught,1,decode
755,payload,473676,1,caught,1,decode
756,bit_flip,2362455,1,caught,1,decode
757,random_bytes,1667048,4,caught,1,decode
758,zeroed_run,5119759,2183,caught,1,decode
759,truncation,1219906,4124242,caught,1,decode
760,header,417,1,caught,1,decode
761,payload,3847538,1,caught,1,decode
762,bit_flip,2566996,1,caught,1,decode
763,random_bytes,3849025,7,caught,1,decode
764,zeroed_run,1442226,2797,caught,1,decode
765,truncation,2979191,2364957,caught,1,decode
766,header,467,1,caught,1,decode
767,payload,2733275,1,caught,1,decode
768,bit_flip,4818958,1,caught,1,decode
769,random_bytes,4858600,15,caught,1,decode
770,zeroed_run,3017636,2632,caught,1,decode
771,truncation,2800170,2543978,caught,1,decode
772,header,143,1,caught,1,decode
773,payload,4244681,1,caught,1,decode
774,bit_flip,663987,1,caught,1,decode
775,random_bytes,3963082,8,caught,1,decode
776,zeroed_run,2714091,3908,caught,1,decode
777,truncation,4327302,1016846,caught,1,decode
778,header,609,1,caught,1,decode
779,payload,4661086,1,caught,1,decode
780,bit_flip,3234339,1,caught,1,decode
781,random_bytes,2610945,3,caught,1,decode
782,zeroed_run,3227640,143,caught,1,decode
783,truncation,3562459,1781689,caught,1,decode
784,header,758,1,caught,1,decode
785,payload,3261462,1,caught,1,decode
786,bit_flip,3473094,1,caught,1,decode
787,random_bytes,2268779,15,caught,1,decode
788,zeroed_run,1273816,231,caught,1,decode
789,truncation,3442560,1901588,caught,1,decode
790,header,914,1,caught,1,decode
791,payload,1137622,1,caught,1,decode
792,bit_flip,4993781,1,caught,1,decode
793,random_bytes,2006970,2,caught,1,decode
794,zeroed_run,2460583,1287,caught,1,decode
795,truncation,3255845,2088303,caught,1,decode
796,header,219,1,caught,1,decode
797,payload,4191321,1,caught,1,decode
798,bit_flip,1418273,1,caught,1,decode
799,random_bytes,739522,7,caught,1,decode
800,zeroed_run,3284520,2142,caught,1,decode
801,truncation,563498,4780650,caught,1,decode
802,header,1004,1,caught,1,decode
803,payload,4420708,1,caught,1,decode
804,bit_flip,16493,1,caught,1,decode
805,random_bytes,3182314,10,caught,1,decode
806,zeroed_run,3951484,3211,caught,1,decode
807,truncation,3692073,1652075,caught,1,decode
808,header,427,1,caught,1,decode
809,payload,4194364,1,caught,1,decode
810,bit_flip,2378045,1,caught,1,decode
811,random_bytes,3200270,13,caught,1,decode
812,zeroed_run,3150077,835,caught,1,decode
813,truncation,462733,4881415,caught,1,decode
814,header,677,1,caught,1,decode
815,payload,1544089,1,caught,1,decode
816,bit_flip,2592692,1,caught,1,decode
817,random_bytes,2674081,5,caught,1,decode
818,zeroed_run,4088468,1359,caught,1,decode
819,truncation,2478580,2865568,caught,1,decode
820,header,287,1,caught,1,decode
821,payload,3624207,1,caught,1,decode
822,bit_flip,4123847,1,caught,1,decode
823,random_bytes,4476666,8,caught,1,decode
824,zeroed_run,5160366,2527,caught,1,decode
825,truncation,3791358,1552790,caught,1,decode
826,header,17,1,caught,1,decode
827,payload,2527591,1,caught,1,decode
828,bit_flip,1554398,1,caught,1,decode
829,random_bytes,1626605,2,caught,1,decode
830,zeroed_run,4926783,3812,caught,1,decode
831,truncation,1162961,4181187,caught,1,decode
832,header,552,1,caught,1,decode
833,payload,3161843,1,caught,1,decode
834,bit_flip,1602197,1,caught,1,decode
835,random_bytes,2091093,3,caught,1,decode
836,zeroed_run,161019,3045,caught,1,decode
837,truncation,2318746,3025402,caught,1,decode
838,header,851,1,caught,1,decode
839,payload,2815265,1,caught,1,decode
840,bit_flip,2677644,1,caught,1,decode
841,random_bytes,3397974,12,caught,1,decode
842,zeroed_run,3712872,2275,caught,1,decode
843,truncation,3302324,2041824,caught,1,decode
844,header,355,1,caught,1,decode
845,payload,3589456,1,caught,1,decode
846,bit_flip,1465498,1,caught,1,decode
847,random_bytes,4283199,11,caught,1,decode
848,zeroed_run,4084822,941,caught,1,decode
849,truncation,3116690,2227458,caught,1,decode
850,header,846,1,caught,1,decode
851,payload,2386816,1,caught,1,decode
852,bit_flip,525596,1,caught,1,decode
853,random_bytes,1031360,16,caught,1,decode
854,zeroed_run,4317193,1228,caught,1,decode
855,truncation,3339333,2004815,caught,1,decode
856,header,247,1,caught,1,decode
857,payload,2458871,1,caught,1,decode
858,bit_flip,1066002,1,caught,1,decode
859,random_bytes,2820454,3,caught,1,decode
860,zeroed_run,3119734,1101,caught,1,decode
861,truncation,5302549,41599,caught,1,decode
862,header,551,1,caught,1,decode
863,payload,4965513,1,caught,1,decode
864,bit_flip,4273668,1,caught,1,decode
865,random_bytes,4077327,12,caught,1,decode
866,zeroed_run,1499676,3831,caught,1,decode
867,truncation,580815,4763333,caught,1,decode
868,header,752,1,caught,1,decode
869,payload,559551,1,caught,1,decode
870,bit_flip,1613149,1,caught,1,decode
871,random_bytes,367722,7,caught,1,decode
872,zeroed_run,199036,3067,caught,1,decode
873,truncation,2201490,3142658,caught,1,decode
874,header,840,1,caught,1,decode
875,payload,4109928,1,caught,1,decode
876,bit_flip,5005693,1,caught,1,decode
877,random_bytes,4752959,4,caught,1,decode
878,zeroed_run,3039155,948,caught,1,decode
879,truncation,5189362,154786,caught,1,decode
880,header,311,1,caught,1,decode
881,payload,4548697,1,caught,1,decode
882,bit_flip,3284813,1,caught,1,decode
883,random_bytes,1656153,6,caught,1,decode
884,zeroed_run,1613731,119,caught,1,decode
885,truncation,3194582,2149566,caught,1,decode
886,header,934,1,caught,1,decode
887,payload,1013706,1,caught,1,decode
888,bit_flip,5007665,1,caught,1,decode
889,random_bytes,1563721,2,caught,1,decode
890,zeroed_run,1658889,2213,caught,1,decode
891,truncation,617433,4726715,caught,1,decode
892,header,138,1,caught,1,decode
893,payload,4602837,1,caught,1,decode
894,bit_flip,507232,1,caught,1,decode
895,random_bytes,450238,12,caught,1,decode
896,zeroed_run,4846895,3688,caught,1,decode
897,truncation,2298265,3045883,caught,1,decode
898,header,585,1,caught,1,decode
899,payload,2719694,1,caught,1,decode
900,bit_flip,3184009,1,caught,1,decode
901,random_bytes,3333591,4,caught,1,decode
902,zeroed_run,3639943,2573,caught,1,decode
903,truncation,5097711,246437,caught,1,decode
904,header,176,1,caught,1,decode
905,payload,3894838,1,caught,1,decode
906,bit_flip,2021142,1,caught,1,decode
907,random_bytes,2015335,6,caught,1,decode
908,zeroed_run,1174254,1927,caught,1,decode
909,truncation,4642888,701260,caught,1,decode
910,header,924,1,caught,1,decode
911,payload,810654,1,caught,1,decode
912,bit_flip,1491051,1,caught,1,decode
913,random_bytes,2340162,7,caught,1,decode
914,zeroed_run,1790504,1105,caught,1,decode
915,truncation,3905724,1438424,caught,1,decode
916,header,327,1,caught,1,decode
917,payload,191676,1,caught,1,decode
918,bit_flip,2460186,1,caught,1,decode
919,random_bytes,1830034,13,caught,1,decode
920,zeroed_run,2228868,165,caught,1,decode
921,truncation,1978401,3365747,caught,1,decode
922,header,774,1,caught,1,decode
923,payload,1621375,1,caught,1,decode
924,bit_flip,2058963,1,caught,1,decode
925,random_bytes,5056842,15,caught,1,decode
926,zeroed_run,2520333,1345,caught,1,decode
927,truncation,2196122,3148026,caught,1,decode
928,header,660,1,caught,1,decode
929,payload,2753400,1,caught,1,decode
930,bit_flip,2122110,1,caught,1,decode
931,random_bytes,66675,3,caught,1,decode
932,zeroed_run,2721199,2271,caught,1,decode
933,truncation,1477466,3866682,caught,1,decode
934,header,365,1,caught,1,decode
935,payload,2103842,1,caught,1,decode
936,bit_flip,123291,1,caught,1,decode
937,random_bytes,4846081,7,caught,1,decode
938,zeroed_run,3816123,174,caught,1,decode
939,truncation,4849661,494487,caught,1,decode
940,header,188,1,caught,1,decode
941,payload,2006800,1,caught,1,decode
942,bit_flip,2835823,1,caught,1,decode
943,random_bytes,4667495,14,caught,1,decode
944,zeroed_run,162747,2274,caught,1,decode
945,truncation,3926653,1417495,caught,1,decode
946,header,675,1,caught,1,decode
947,payload,3432557,1,caught,1,decode
948,bit_flip,2495726,1,caught,1,decode
949,random_bytes,1825466,10,caught,1,decode
950,zeroed_run,2698736,2606,caught,1,decode
951,truncation,710061,4634087,caught,1,decode
952,header,80,1,caught,1,decode
953,payload,1653460,1,caught,1,decode
954,bit_flip,611218,1,caught,1,decode
955,random_bytes,1935268,7,caught,1,decode
956,zeroed_run,4489789,1294,caught,1,decode
957,truncation,4923073,421075,caught,1,decode
958,header,790,1,caught,1,decode
959,payload,5252052,1,caught,1,decode
960,bit_flip,2160539,1,caught,1,decode
961,random_bytes,1793099,7,caught,1,decode
962,zeroed_run,841920,3112,caught,1,decode
963,truncation,1133420,4210728,caught,1,decode
964,header,974,1,caught,1,decode
965,payload,1965665,1,caught,1,decode
966,bit_flip,5245748,1,caught,1,decode
967,random_bytes,180274,13,caught,1,decode
968,zeroed_run,4274206,904,caught,1,decode
969,truncation,1979669,3364479,caught,1,decode
970,header,375,1,caught,1,decode
971,payload,2206915,1,caught,1,decode
972,bit_flip,2870065,1,caught,1,decode
973,random_bytes,2739868,11,caught,1,decode
974,zeroed_run,561035,2272,caught,1,decode
975,truncation,1691319,3652829,caught,1,decode
976,header,645,1,caught,1,decode
977,payload,451894,1,caught,1,decode
978,bit_flip,3877147,1,caught,1,decode
979,random_bytes,3575429,9,caught,1,decode
980,zeroed_run,3736564,502,caught,1,decode
981,truncation,1100310,4243838,caught,1,decode
982,header,670,1,caught,1,decode
983,payload,4427829,1,caught,1,decode
984,bit_flip,4502761,1,caught,1,decode
985,random_bytes,3059547,7,caught,1,decode
986,zeroed_run,1260154,1509,caught,1,decode
987,truncation,3924970,1419178,caught,1,decode
988,header,220,1,caught,1,decode
989,payload,2355542,1,caught,1,decode
990,bit_flip,2770860,1,caught,1,decode
991,random_bytes,3105,5,caught,1,decode
992,zeroed_run,2785226,3568,caught,1,decode
993,truncation,4638249,705899,caught,1,decode
994,header,639,1,caught,1,decode
995,payload,2836543,1,caught,1,decode
996,bit_flip,3849263,1,caught,1,decode
997,random_bytes,655298,8,caught,1,decode
998,zeroed_run,1172602,2417,caught,1,decode
999,truncation,1270271,4073877,caught,1,decode
1000,header,458,1,caught,1,decode
1001,payload,3578687,1,caught,1,decode
1002,bit_flip,3761658,1,caught,1,decode
1003,random_bytes,4208600,2,caught,1,decode
1004,zeroed_run,2369620,3007,caught,1,decode
1005,truncation,1047599,4296549,caught,1,decode
1006,header,732,1,caught,1,decode
1007,payload,595671,1,caught,1,decode
1008,bit_flip,4618509,1,caught,1,decode
1009,random_bytes,1357889,8,caught,1,decode
1010,zeroed_run,4302153,3259,caught,1,decode
1011,truncation,8506,5335642,caught,1,decode
1012,header,572,1,caught,1,decode
1013,payload,3655224,1,caught,1,decode
1014,bit_flip,1760684,1,caught,1,decode
1015,random_bytes,227787,1,caught,1,decode
1016,zeroed_run,4002936,1083,caught,1,decode
1017,truncation,5135869,208279,caught,1,decode
1018,header,820,1,caught,1,decode
1019,payload,431694,1,caught,1,decode
1020,bit_flip,546632,1,caught,1,decode
1021,random_bytes,5007521,9,caught,1,decode
1022,zeroed_run,2495267,1016,caught,1,decode
1023,truncation,25857,5318291,caught,1,decode
1024,header,834,1,caught,1,decode
1025,payload,2856957,1,caught,1,decode
1026,bit_flip,2869875,1,caught,1,decode
1027,random_bytes,5076925,12,caught,1,decode
1028,zeroed_run,875310,3546,caught,1,decode
1029,truncation,1551837,3792311,caught,1,decode
1030,header,621,1,caught,1,decode
1031,payload,2785821,1,caught,1,decode
1032,bit_flip,1501538,1,caught,1,decode
1033,random_bytes,1975972,16,caught,1,decode
1034,zeroed_run,4967040,2951,caught,1,decode
1035,truncation,1094975,4249173,caught,1,decode
1036,header,47,1,caught,1,decode
1037,payload,1771244,1,caught,1,decode
1038,bit_flip,1606895,1,caught,1,decode
1039,random_bytes,2549098,13,caught,1,decode
1040,zeroed_run,1656071,419,caught,1,decode
1041,truncation,1874251,3469897,caught,1,decode
1042,header,933,1,caught,1,decode
1043,payload,2966041,1,caught,1,decode
1044,bit_flip,2666303,1,caught,1,decode
1045,random_bytes,1008691,3,caught,1,decode
1046,zeroed_run,1883576,803,caught,1,decode
1047,truncation,4572975,771173,caught,1,decode
1048,header,339,1,caught,1,decode
1049,payload,4713057,1,caught,1,decode
1050,bit_flip,4866293,1,caught,1,decode
1051,random_bytes,4556242,10,caught,1,decode
1052,zeroed_run,1465568,2169,caught,1,decode
1053,truncation,4062326,1281822,caught,1,decode
1054,header,74,1,caught,1,decode
1055,payload,1963741,1,caught,1,decode
1056,bit_flip,898515,1,caught,1,decode
1057,random_bytes,2691828,12,caught,1,decode
1058,zeroed_run,678962,3426,caught,1,decode
1059,truncation,2124062,3220086,caught,1,decode
1060,header,100,1,caught,1,decode
1061,payload,896336,1,caught,1,decode
1062,bit_flip,2944649,1,caught,1,decode
1063,random_bytes,683450,13,caught,1,decode
1064,zeroed_run,1261866,3452,caught,1,decode
1065,truncation,5259774,84374,caught,1,decode
1066,header,500,1,caught,1,decode
1067,payload,3431806,1,caught,1,decode
1068,bit_flip,731370,1,caught,1,decode
1069,random_bytes,4300693,2,caught,1,decode
1070,zeroed_run,4418218,1834,caught,1,decode
1071,truncation,3783725,1560423,caught,1,decode
1072,header,559,1,caught,1,decode
1073,payload,3754338,1,caught,1,decode
1074,bit_flip,3148633,1,caught,1,decode
1075,random_bytes,2189356,1,caught,1,decode
1076,zeroed_run,999535,3270,caught,1,decode
1077,truncation,3668336,1675812,caught,1,decode
1078,header,337,1,caught,1,decode
1079,payload,4147303,1,caught,1,decode
1080,bit_flip,2113842,1,caught,1,decode
1081,random_bytes,4981935,5,caught,1,decode
1082,zeroed_run,5323930,778,caught,1,decode
1083,truncation,4855011,489137,caught,1,decode
1084,header,235,1,caught,1,decode
1085,payload,2833026,1,caught,1,decode
1086,bit_flip,1621020,1,caught,1,decode
1087,random_bytes,5322525,12,caught,1,decode
1088,zeroed_run,3937790,83,caught,1,decode
1089,truncation,4076478,1267670,caught,1,decode
1090,header,747,1,caught,1,decode
1091,payload,4707067,1,caught,1,decode
1092,bit_flip,4380524,1,caught,1,decode
1093,random_bytes,4893054,15,caught,1,decode
1094,zeroed_run,5232000,2301,caught,1,decode
1095,truncation,1810165,3533983,caught,1,decode
1096,header,379,1,caught,1,decode
1097,payload,2781648,1,caught,1,decode
1098,bit_flip,213357,1,caught,1,decode
1099,random_bytes,602728,15,caught,1,decode
1100,zeroed_run,3178305,2479,caught,1,decode
1101,truncation,1888393,3455755,caught,1,decode
1102,header,821,1,caught,1,decode
1103,payload,4431662,1,caught,1,decode
1104,bit_flip,332531,1,caught,1,decode
1105,random_bytes,2916658,16,caught,1,decode
1106,zeroed_run,4340490,1732,caught,1,decode
1107,truncation,4408530,935618,caught,1,decode
1108,header,539,1,caught,1,decode
1109,payload,745385,1,caught,1,decode
1110,bit_flip,4888892,1,caught,1,decode
1111,random_bytes,1078249,8,caught,1,decode
1112,zeroed_run,4919080,3732,caught,1,decode
1113,truncation,4165893,1178255,caught,1,decode
1114,header,761,1,caught,1,decode
1115,payload,2337796,1,caught,1,decode
1116,bit_flip,299769,1,caught,1,decode
1117,random_bytes,4305931,7,caught,1,decode
1118,zeroed_run,640110,1941,caught,1,decode
1119,truncation,1500438,3843710,caught,1,decode
1120,header,162,1,caught,1,decode
1121,payload,4016082,1,caught,1,decode
1122,bit_flip,2116523,1,caught,1,decode
1123,random_bytes,1027588,11,caught,1,decode
1124,zeroed_run,637224,1549,caught,1,decode
1125,truncation,3563004,1781144,caught,1,decode
1126,header,116,1,caught,1,decode
1127,payload,5190520,1,caught,1,decode
1128,bit_flip,1307349,1,caught,1,decode
1129,random_bytes,3343094,3,caught,1,decode
1130,zeroed_run,133262,515,caught,1,decode
1131,truncation,1548261,3795887,caught,1,decode
1132,header,208,1,caught,1,decode
1133,payload,1263397,1,caught,1,decode
1134,bit_flip,2972346,1,caught,1,decode
1135,random_bytes,1017420,7,caught,1,decode
1136,zeroed_run,2042477,842,caught,1,decode
1137,truncation,923086,4421062,caught,1,decode
1138,header,380,1,caught,1,decode
1139,payload,1916151,1,caught,1,decode
1140,bit_flip,5175426,1,caught,1,decode
1141,random_bytes,2006267,5,caught,1,decode
1142,zeroed_run,1664799,487,caught,1,decode
1143,truncation,4017240,1326908,caught,1,decode
1144,header,170,1,caught,1,decode
1145,payload,4475373,1,caught,1,decode
1146,bit_flip,4908203,1,caught,1,decode
1147,random_bytes,4869565,11,caught,1,decode
1148,zeroed_run,2266501,224,caught,1,decode
1149,truncation,1892960,3451188,caught,1,decode
1150,header,247,1,caught,1,decode
1151,payload,2980028,1,caught,1,decode
1152,bit_flip,1674060,1,caught,1,decode
1153,random_bytes,63715,1,caught,1,decode
1154,zeroed_run,5198925,172,caught,1,decode
1155,truncation,4547620,796528,caught,1,decode
1156,header,510,1,caught,1,decode
1157,payload,4889531,1,caught,1,decode
1158,bit_flip,3635455,1,caught,1,decode
1159,random_bytes,2170013,2,caught,1,decode
1160,zeroed_run,1993322,2618,caught,1,decode
1161,truncation,21772,5322376,caught,1,decode
1162,header,5,1,harmless,0,decode
1163,payload,5093981,1,caught,1,decode
1164,bit_flip,4269033,1,caught,1,decode
1165,random_bytes,4642224,14,caught,1,decode
1166,zeroed_run,4881582,3601,caught,1,decode
1167,truncation,2602460,2741688,caught,1,decode
1168,header,178,1,caught,1,decode
1169,payload,4687378,1,caught,1,decode
1170,bit_flip,3154631,1,caught,1,decode
1171,random_bytes,2960060,6,caught,1,decode
1172,zeroed_run,3976796,3566,caught,1,decode
1173,truncation,796336,4547812,caught,1,decode
1174,header,276,1,caught,1,decode
1175,payload,5083519,1,caught,1,decode
1176,bit_flip,5331464,1,caught,1,decode
1177,random_bytes,3362316,11,caught,1,decode
1178,zeroed_run,4223515,2515,caught,1,decode
1179,truncation,3605444,1738704,caught,1,decode
1180,header,940,1,caught,1,decode
1181,payload,2705428,1,caught,1,decode
1182,bit_flip,1688998,1,caught,1,decode
1183,random_bytes,741101,5,caught,1,decode
1184,zeroed_run,2913267,1720,caught,1,decode
1185,truncation,3243585,2100563,caught,1,decode
1186,header,116,1,caught,1,decode
1187,payload,1672232,1,caught,1,decode
1188,bit_flip,3993249,1,caught,1,decode
1189,random_bytes,4269540,8,caught,1,decode
1190,zeroed_run,1957963,2976,caught,1,decode
1191,truncation,2396250,2947898,caught,1,decode
1192,header,859,1,caught,1,decode
1193,payload,1007426,1,caught,1,decode
1194,bit_flip,1117954,1,caught,1,decode
1195,random_bytes,2535165,6,caught,1,decode
1196,zeroed_run,2374967,23,caught,1,decode
1197,truncation,4901163,442985,caught,1,decode
1198,header,640,1,caught,1,decode
1199,payload,1149988,1,caught,1,decode
1200,bit_flip,5133454,1,caught,1,decode
1201,random_bytes,2707890,11,caught,1,decode
1202,zeroed_run,1883013,688,caught,1,decode
1203,truncation,184413,5159735,caught,1,decode
1204,header,66,1,caught,1,decode
1205,payload,1419739,1,caught,1,decode
1206,bit_flip,5243245,1,caught,1,decode
1207,random_bytes,5251479,11,caught,1,decode
1208,zeroed_run,3441393,1753,caught,1,decode
1209,truncation,4423594,920554,caught,1,decode
1210,header,645,1,caught,1,decode
1211,payload,1999099,1,caught,1,decode
1212,bit_flip,4966537,1,caught,1,decode
1213,random_bytes,3950918,8,caught,1,decode
1214,zeroed_run,4909924,627,caught,1,decode
1215,truncation,4497658,846490,caught,1,decode
1216,header,954,1,caught,1,decode
1217,payload,4342436,1,caught,1,decode
1218,bit_flip,4557914,1,caught,1,decode
1219,random_bytes,192796,15,caught,1,decode
1220,zeroed_run,4795741,3516,caught,1,decode
1221,truncation,3160774,2183374,caught,1,decode
1222,header,923,1,caught,1,decode
1223,payload,3565173,1,caught,1,decode
1224,bit_flip,1613046,1,caught,1,decode
1225,random_bytes,2662573,15,caught,1,decode
1226,zeroed_run,430426,1788,caught,1,decode
1227,truncation,5182349,161799,caught,1,decode
1228,header,43,1,caught,1,decode
1229,payload,934677,1,caught,1,decode
1230,bit_flip,2767829,1,caught,1,decode
1231,random_bytes,5275977,16,caught,1,decode
1232,zeroed_run,41910,464,caught,1,decode
1233,truncation,5188882,155266,caught,1,decode
1234,header,60,1,caught,1,decode
1235,payload,1009585,1,caught,1,decode
1236,bit_flip,381694,1,caught,1,decode
1237,random_bytes,599165,12,caught,1,decode
1238,zeroed_run,4579335,2319,caught,1,decode
1239,truncation,5292398,51750,caught,1,decode
1240,header,1019,1,caught,1,decode
1241,payload,3412647,1,caught,1,decode
1242,bit_flip,802955,1,caught,1,decode
1243,random_bytes,3924278,10,caught,1,decode
1244,zeroed_run,1780646,1016,caught,1,decode
1245,truncation,3310440,2033708,caught,1,decode
1246,header,205,1,caught,1,decode
1247,payload,2206830,1,caught,1,decode
1248,bit_flip,1138925,1,caught,1,decode
1249,random_bytes,5283629,13,caught,1,decode
1250,zeroed_run,3960803,2126,caught,1,decode
1251,truncation,2069055,3275093,caught,1,decode
1252,header,2,1,caught,1,decode
1253,payload,2330211,1,caught,1,decode
1254,bit_flip,4418863,1,caught,1,decode
1255,random_bytes,5311936,15,caught,1,decode
1256,zeroed_run,125982,1210,caught,1,decode
1257,truncation,4101300,1242848,caught,1,decode
1258,header,418,1,caught,1,decode
1259,payload,5176503,1,caught,1,decode
1260,bit_flip,4817545,1,caught,1,decode
1261,random_bytes,4203669,8,caught,1,decode
1262,zeroed_run,5204904,1110,caught,1,decode
1263,truncation,5169177,174971,caught,1,decode
1264,header,949,1,caught,1,decode
1265,payload,1220796,1,caught,1,decode
1266,bit_flip,3030710,1,caught,1,decode
1267,random_bytes,409610,7,caught,1,decode
1268,zeroed_run,4241646,1150,caught,1,decode
1269,truncation,758132,4586016,caught,1,decode
1270,header,307,1,caught,1,decode
1271,payload,3323691,1,caught,1,decode
1272,bit_flip,3277406,1,caught,1,decode
1273,random_bytes,3121647,8,caught,1,decode
1274,zeroed_run,223247,1901,caught,1,decode
1275,truncation,542188,4801960,caught,1,decode
1276,header,657,1,caught,1,decode
1277,payload,1857379,1,caught,1,decode
1278,bit_flip,325534,1,caught,1,decode
1279,random_bytes,4928810,4,caught,1,decode
1280,zeroed_run,2974211,1287,caught,1,decode
1281,truncation,3810902,1533246,caught,1,decode
1282,header,907,1,caught,1,decode
1283,payload,3382277,1,caught,1,decode
1284,bit_flip,3869829,1,caught,1,decode
1285,random_bytes,1336795,1,caught,1,decode
1286,zeroed_run,2127370,2521,caught,1,decode
1287,truncation,2550813,2793335,caught,1,decode
1288,header,704,1,caught,1,decode
1289,payload,1768413,1,caught,1,decode
1290,bit_flip,3527702,1,caught,1,decode
1291,random_bytes,2481441,6,caught,1,decode
1292,zeroed_run,1536112,674,caught,1,decode
1293,truncation,2090938,3253210,caught,1,decode
1294,header,420,1,caught,1,decode
1295,payload,3624563,1,caught,1,decode
1296,bit_flip,4710306,1,caught,1,decode
1297,random_bytes,4803859,11,caught,1,decode
1298,zeroed_run,4254546,1089,caught,1,decode
1299,truncation,147248,5196900,caught,1,decode
1300,header,908,1,caught,1,decode
1301,payload,4772465,1,caught,1,decode
1302,bit_flip,1872125,1,caught,1,decode
1303,random_bytes,1053848,4,caught,1,decode
1304,zeroed_run,2020500,389,caught,1,decode
1305,truncation,479196,4864952,caught,1,decode
1306,header,855,1,caught,1,decode
1307,payload,3577729,1,caught,1,decode
1308,bit_flip,4436875,1,caught,1,decode
1309,random_bytes,1295460,15,caught,1,decode
1310,zeroed_run,720414,2625,caught,1,decode
1311,truncation,610053,4734095,caught,1,decode
1312,header,139,1,caught,1,decode
1313,payload,1859231,1,caught,1,decode
1314,bit_flip,1791632,1,caught,1,decode
1315,random_bytes,3782297,6,caught,1,decode
1316,zeroed_run,3695040,910,caught,1,decode
1317,truncation,2697800,2646348,caught,1,decode
1318,header,355,1,caught,1,decode
1319,payload,3401825,1,caught,1,decode
1320,bit_flip,2925854,1,caught,1,decode
1321,random_bytes,4862831,8,caught,1,decode
1322,zeroed_run,4660636,3909,caught,1,decode
1323,truncation,4468280,875868,caught,1,decode
1324,header,170,1,caught,1,decode
1325,payload,997029,1,caught,1,decode
1326,bit_flip,457679,1,caught,1,decode
1327,random_bytes,4849698,5,caught,1,decode
1328,zeroed_run,1226188,2188,caught,1,decode
1329,truncation,731561,4612587,caught,1,decode
1330,header,41,1,caught,1,decode
1331,payload,5316095,1,caught,1,decode
1332,bit_flip,2570660,1,caught,1,decode
1333,random_bytes,2536257,13,caught,1,decode
1334,zeroed_run,2544736,2994,caught,1,decode
1335,truncation,4208647,1135501,caught,1,decode
1336,header,892,1,caught,1,decode
1337,payload,5110276,1,caught,1,decode
1338,bit_flip,2829866,1,caught,1,decode
1339,random_bytes,2514900,4,caught,1,decode
1340,zeroed_run,1297008,2810,caught,1,decode
1341,truncation,784119,4560029,caught,1,decode
1342,header,494,1,caught,1,decode
1343,payload,1162803,1,caught,1,decode
1344,bit_flip,3972759,1,caught,1,decode
1345,random_bytes,2183947,10,caught,1,decode
1346,zeroed_run,546764,3551,caught,1,decode
1347,truncation,5007373,336775,caught,1,decode
1348,header,103,1,caught,1,decode
1349,payload,1990538,1,caught,1,decode
1350,bit_flip,4683444,1,caught,1,decode
1351,random_bytes,288678,14,caught,1,decode
1352,zeroed_run,1182451,3395,caught,1,decode
1353,truncation,545852,4798296,caught,1,decode
1354,header,82,1,caught,1,decode
1355,payload,1860654,1,caught,1,decode
1356,bit_flip,1784130,1,caught,1,decode
1357,random_bytes,4033300,3,caught,1,decode
1358,zeroed_run,2502350,3357,caught,1,decode
1359,truncation,2143398,3200750,caught,1,decode
1360,header,570,1,caught,1,decode
1361,payload,3201384,1,caught,1,decode
1362,bit_flip,412083,1,caught,1,decode
1363,random_bytes,2858477,8,caught,1,decode
1364,zeroed_run,2629719,2994,caught,1,decode
1365,truncation,4223952,1120196,caught,1,decode
1366,header,312,1,caught,1,decode
1367,payload,886497,1,caught,1,decode
1368,bit_flip,3774358,1,caught,1,decode
1369,random_bytes,2297703,8,caught,1,decode
1370,zeroed_run,3802249,1118,caught,1,decode
1371,truncation,1211913,4132235,caught,1,decode
1372,header,672,1,caught,1,decode
1373,payload,5010284,1,caught,1,decode
1374,bit_flip,346602,1,caught,1,decode
1375,random_bytes,1907569,1,caught,1,decode
1376,zeroed_run,3826621,3004,caught,1,decode
1377,truncation,1696538,3647610,caught,1,decode
1378,header,813,1,caught,1,decode
1379,payload,3184884,1,caught,1,decode
1380,bit_flip,3807776,1,caught,1,decode
1381,random_bytes,3966857,7,caught,1,decode
1382,zeroed_run,2893761,3702,caught,1,decode
1383,truncation,12012,5332136,caught,1,decode
1384,header,997,1,caught,1,decode
1385,payload,2424594,1,caught,1,decode
1386,bit_flip,1286929,1,caught,1,decode
1387,random_bytes,4365955,4,caught,1,decode
1388,zeroed_run,4840012,3286,caught,1,decode
1389,truncation,862825,4481323,caught,1,decode
1390,header,310,1,caught,1,decode
1391,payload,3857917,1,caught,1,decode
1392,bit_flip,128369,1,caught,1,decode
1393,random_bytes,270839,4,caught,1,decode
1394,zeroed_run,3303140,3773,caught,1,decode
1395,truncation,2008026,3336122,caught,1,decode
1396,header,672,1,caught,1,decode
1397,payload,2761858,1,caught,1,decode
1398,bit_flip,1788665,1,caught,1,decode
1399,random_bytes,613055,16,caught,1,decode
1400,zeroed_run,3814139,1510,caught,1,decode
1401,truncation,2686668,2657480,caught,1,decode
1402,header,491,1,caught,1,decode
1403,payload,4218449,1,caught,1,decode
1404,bit_flip,2259522,1,caught,1,decode
1405,random_bytes,1741140,9,caught,1,decode
1406,zeroed_run,3270167,1217,caught,1,decode
1407,truncation,56571,5287577,caught,1,decode
1408,header,446,1,caught,1,decode
1409,payload,1399461,1,caught,1,decode
1410,bit_flip,595566,1,caught,1,decode
1411,random_bytes,3229460,3,caught,1,decode
1412,zeroed_run,4237900,641,caught,1,decode
1413,truncation,4529120,815028,caught,1,decode
1414,header,49,1,caught,1,decode
1415,payload,236423,1,caught,1,decode
1416,bit_flip,450881,1,caught,1,decode
1417,random_bytes,1881487,6,caught,1,decode
1418,zeroed_run,4642111,3195,caught,1,decode
1419,truncation,973693,4370455,caught,1,decode
1420,header,597,1,caught,1,decode
1421,payload,1310193,1,caught,1,decode
1422,bit_flip,1700692,1,caught,1,decode
1423,random_bytes,4219775,7,caught,1,decode
1424,zeroed_run,4981490,3164,caught,1,decode
1425,truncation,586887,4757261,caught,1,decode
1426,header,917,1,caught,1,decode
1427,payload,1554330,1,caught,1,decode
1428,bit_flip,5286177,1,caught,1,decode
1429,random_bytes,5333108,7,caught,1,decode
1430,zeroed_run,3217789,2162,caught,1,decode
1431,truncation,2868260,2475888,caught,1,decode
1432,header,673,1,caught,1,decode
1433,payload,2212660,1,caught,1,decode
1434,bit_flip,994642,1,caught,1,decode
1435,random_bytes,1965647,5,caught,1,decode
1436,zeroed_run,4518329,3091,caught,1,decode
1437,truncation,6531,5337617,caught,1,decode
1438,header,771,1,caught,1,decode
1439,payload,3931234,1,caught,1,decode
1440,bit_flip,4787950,1,caught,1,decode
1441,random_bytes,2753735,1,caught,1,decode
1442,zeroed_run,1224126,2496,caught,1,decode
1443,truncation,251205,5092943,caught,1,decode
1444,header,878,1,caught,1,decode
1445,payload,368195,1,caught,1,decode
1446,bit_flip,852595,1,caught,1,decode
1447,random_bytes,151983,9,caught,1,decode
1448,zeroed_run,2349618,3263,caught,1,decode
1449,truncation,1893310,3450838,caught,1,decode
1450,header,373,1,caught,1,decode
1451,payload,521761,1,caught,1,decode
1452,bit_flip,2965377,1,caught,1,decode
1453,random_bytes,3551590,4,caught,1,decode
1454,zeroed_run,244113,2374,caught,1,decode
1455,truncation,2798938,2545210,caught,1,decode
1456,header,152,1,caught,1,decode
1457,payload,1350412,1,caught,1,decode
1458,bit_flip,5252550,1,caught,1,decode
1459,random_bytes,350833,4,caught,1,decode
1460,zeroed_run,3701548,3934,caught,1,decode
1461,truncation,2664492,2679656,caught,1,decode
1462,header,778,1,caught,1,decode
1463,payload,553551,1,caught,1,decode
1464,bit_flip,2345246,1,caught,1,decode
1465,random_bytes,55526,16,caught,1,decode
1466,zeroed_run,2704813,1232,caught,1,decode
1467,truncation,1175560,4168588,caught,1,decode
1468,header,1009,1,caught,1,decode
1469,payload,5189775,1,caught,1,decode
1470,bit_flip,991572,1,caught,1,decode
1471,random_bytes,2917615,16,caught,1,decode
1472,zeroed_run,2746688,2594,caught,1,decode
1473,truncation,2532056,2812092,caught,1,decode
1474,header,171,1,caught,1,decode
1475,payload,1502578,1,caught,1,decode
1476,bit_flip,4204408,1,caught,1,decode
1477,random_bytes,4016945,5,caught,1,decode
1478,zeroed_run,1919574,543,caught,1,decode
1479,truncation,474416,4869732,caught,1,decode
1480,header,279,1,caught,1,decode
1481,payload,3931884,1,caught,1,decode
1482,bit_flip,3564846,1,caught,1,decode
1483,random_bytes,2629207,8,caught,1,decode
1484,zeroed_run,1927933,2894,caught,1,decode
1485,truncation,2375563,2968585,caught,1,decode
1486,header,377,1,caught,1,decode
1487,payload,2990264,1,caught,1,decode
1488,bit_flip,1524874,1,caught,1,decode
1489,random_bytes,3680925,9,caught,1,decode
1490,zeroed_run,2547826,3308,caught,1,decode
1491,truncation,1000396,4343752,caught,1,decode
1492,header,266,1,caught,1,decode
1493,payload,1364477,1,caught,1,decode
1494,bit_flip,2144756,1,caught,1,decode
1495,random_bytes,1082503,13,caught,1,decode
1496,zeroed_run,5127405,3449,caught,1,decode
1497,truncation,3772872,1571276,caught,1,decode
1498,header,538,1,caught,1,decode
1499,payload,52711,1,caught,1,decode
1500,bit_flip,4057458,1,caught,1,decode
1501,random_bytes,4021609,15,caught,1,decode
1502,zeroed_run,5309015,1841,caught,1,decode
1503,truncation,707815,4636333,caught,1,decode
1504,header,340,1,caught,1,decode
1505,payload,3117894,1,caught,1,decode
1506,bit_flip,2417798,1,caught,1,decode
1507,random_bytes,4713243,8,caught,1,decode
1508,zeroed_run,2123920,1198,caught,1,decode
1509,truncation,5076141,268007,caught,1,decode
1510,header,830,1,caught,1,decode
1511,payload,2296499,1,caught,1,decode
1512,bit_flip,4387556,1,caught,1,decode
1513,random_bytes,30787,14,caught,1,decode
1514,zeroed_run,1334677,136,caught,1,decode
1515,truncation,4520168,823980,caught,1,decode
1516,header,370,1,caught,1,decode
1517,payload,724450,1,caught,1,decode
1518,bit_flip,1571726,1,caught,1,decode
1519,random_bytes,4921391,12,caught,1,decode
1520,zeroed_run,2811820,1770,caught,1,decode
1521,truncation,1898304,3445844,caught,1,decode
1522,header,416,1,caught,1,decode
1523,payload,4577094,1,caught,1,decode
1524,bit_flip,2995573,1,caught,1,decode
1525,random_bytes,4728861,15,caught,1,decode
1526,zeroed_run,933526,415,caught,1,decode
1527,truncation,2239118,3105030,caught,1,decode
1528,header,885,1,caught,1,decode
1529,payload,2348608,1,caught,1,decode
1530,bit_flip,5255571,1,caught,1,decode
1531,random_bytes,2731690,3,caught,1,decode
1532,zeroed_run,1299271,154,caught,1,decode
1533,truncation,4519330,824818,caught,1,decode
1534,header,782,1,caught,1,decode
1535,payload,1977798,1,caught,1,decode
1536,bit_flip,2788330,1,caught,1,decode
1537,random_bytes,2189346,12,caught,1,decode
1538,zeroed_run,1890303,2348,caught,1,decode
1539,truncation,4871547,472601,caught,1,decode
1540,header,105,1,caught,1,decode
1541,payload,815565,1,caught,1,decode
1542,bit_flip,919421,1,caught,1,decode
1543,random_bytes,3111174,16,caught,1,decode
1544,zeroed_run,5000150,560,caught,1,decode
1545,truncation,1185213,4158935,caught,1,decode
1546,header,469,1,caught,1,decode
1547,payload,1700755,1,caught,1,decode
1548,bit_flip,362560,1,caught,1,decode
1549,random_bytes,3562112,6,caught,1,decode
1550,zeroed_run,678721,375,caught,1,decode
1551,truncation,385468,4958680,caught,1,decode
1552,header,259,1,caught,1,decode
1553,payload,103046,1,caught,1,decode
1554,bit_flip,4533567,1,caught,1,decode
1555,random_bytes,2313182,6,caught,1,decode
1556,zeroed_run,927195,1119,caught,1,decode
1557,truncation,175171,5168977,caught,1,decode
1558,header,729,1,caught,1,decode
1559,payload,2971778,1,caught,1,decode
1560,bit_flip,3625891,1,caught,1,decode
1561,random_bytes,1523931,9,caught,1,decode
1562,zeroed_run,1702163,1047,caught,1,decode
1563,truncation,3338636,2005512,caught,1,decode
1564,header,280,1,caught,1,decode
1565,payload,1083397,1,caught,1,decode
1566,bit_flip,3690566,1,caught,1,decode
1567,random_bytes,2695677,5,caught,1,decode
1568,zeroed_run,4142977,758,caught,1,decode
1569,truncation,4412771,931377,caught,1,decode
1570,header,194,1,caught,1,decode
1571,payload,2724891,1,caught,1,decode
1572,bit_flip,2345892,1,caught,1,decode
1573,random_bytes,2401779,10,caught,1,decode
1574,zeroed_run,3745997,1636,caught,1,decode
1575,truncation,1822383,3521765,caught,1,decode
1576,header,910,1,caught,1,decode
1577,payload,3841551,1,caught,1,decode
1578,bit_flip,4666237,1,caught,1,decode
1579,random_bytes,637582,9,caught,1,decode
1580,zeroed_run,2670525,3745,caught,1,decode
1581,truncation,3126114,2218034,caught,1,decode
1582,header,392,1,caught,1,decode
1583,payload,5313010,1,caught,1,decode
1584,bit_flip,2938279,1,caught,1,decode
1585,random_bytes,2022106,7,caught,1,decode
1586,zeroed_run,1041616,2885,caught,1,decode
1587,truncation,2725092,2619056,caught,1,decode
1588,header,42,1,caught,1,decode
1589,payload,291049,1,caught,1,decode
1590,bit_flip,4999766,1,caught,1,decode
1591,random_bytes,4124023,2,caught,1,decode
1592,zeroed_run,836443,2773,caught,1,decode
1593,truncation,755807,4588341,caught,1,decode
1594,header,40,1,caught,1,decode
1595,payload,1113342,1,caught,1,decode
1596,bit_flip,3144642,1,caught,1,decode
1597,random_bytes,4159411,15,caught,1,decode
1598,zeroed_run,4468280,1857,caught,1,decode
1599,truncation,2113897,3230251,caught,1,decode
1600,header,699,1,caught,1,decode
1601,payload,944060,1,caught,1,decode
1602,bit_flip,45445,1,caught,1,decode
1603,random_bytes,3787540,1,caught,1,decode
1604,zeroed_run,1060317,1597,caught,1,decode
1605,truncation,1108751,4235397,caught,1,decode
1606,header,381,1,caught,1,decode
1607,payload,3489064,1,caught,1,decode
1608,bit_flip,614275,1,caught,1,decode
1609,random_bytes,2269740,15,caught,1,decode
1610,zeroed_run,3617138,3131,caught,1,decode
1611,truncation,5231185,112963,caught,1,decode
1612,header,101,1,caught,1,decode
1613,payload,1645882,1,caught,1,decode
1614,bit_flip,2411239,1,caught,1,decode
1615,random_bytes,114980,8,caught,1,decode
1616,zeroed_run,753699,3800,caught,1,decode
1617,truncation,4975723,368425,caught,1,decode
1618,header,531,1,caught,1,decode
1619,payload,91355,1,caught,1,decode
1620,bit_flip,688645,1,caught,1,decode
1621,random_bytes,1001564,6,caught,1,decode
1622,zeroed_run,2154618,2395,caught,1,decode
1623,truncation,5274094,70054,caught,1,decode
1624,header,195,1,caught,1,decode
1625,payload,1819807,1,caught,1,decode
1626,bit_flip,5038259,1,caught,1,decode
1627,random_bytes,3395933,7,caught,1,decode
1628,zeroed_run,4988546,812,caught,1,decode
1629,truncation,74781,5269367,caught,1,decode
1630,header,715,1,caught,1,decode
1631,payload,800489,1,caught,1,decode
1632,bit_flip,4372450,1,caught,1,decode
1633,random_bytes,365100,9,caught,1,decode
1634,zeroed_run,1594615,2595,caught,1,decode
1635,truncation,584620,4759528,caught,1,decode
1636,header,710,1,caught,1,decode
1637,payload,4859613,1,caught,1,decode
1638,bit_flip,1297110,1,caught,1,decode
1639,random_bytes,96159,4,caught,1,decode
1640,zeroed_run,1416297,3308,caught,1,decode
1641,truncation,4194541,1149607,caught,1,decode
1642,header,818,1,caught,1,decode
1643,payload,3159751,1,caught,1,decode
1644,bit_flip,2195898,1,caught,1,decode
1645,random_bytes,3705671,14,caught,1,decode
1646,zeroed_run,63545,3320,caught,1,decode
1647,truncation,4398981,945167,caught,1,decode
1648,header,999,1,caught,1,decode
1649,payload,1020769,1,caught,1,decode
1650,bit_flip,4163691,1,caught,1,decode
1651,random_bytes,2536476,5,caught,1,decode
1652,zeroed_run,959307,2845,caught,1,decode
1653,truncation,4776792,567356,caught,1,decode
1654,header,93,1,caught,1,decode
1655,payload,623203,1,caught,1,decode
1656,bit_flip,4323719,1,caught,1,decode
1657,random_bytes,26381,13,caught,1,decode
1658,zeroed_run,1833025,3383,caught,1,decode
1659,truncation,1698217,3645931,caught,1,decode
1660,header,773,1,caught,1,decode
1661,payload,4512285,1,caught,1,decode
1662,bit_flip,5242158,1,caught,1,decode
1663,random_bytes,1858045,12,caught,1,decode
1664,zeroed_run,2451862,3755,caught,1,decode
1665,truncation,697836,4646312,caught,1,decode
1666,header,452,1,caught,1,decode
1667,payload,5083582,1,caught,1,decode
1668,bit_flip,2968542,1,caught,1,decode
1669,random_bytes,3191719,12,caught,1,decode
1670,zeroed_run,3720023,2682,caught,1,decode
1671,truncation,3260178,2083970,caught,1,decode
1672,header,435,1,caught,1,decode
1673,payload,4986174,1,caught,1,decode
1674,bit_flip,79677,1,caught,1,decode
1675,random_bytes,1638974,8,caught,1,decode
1676,zeroed_run,1183009,19,caught,1,decode
1677,truncation,914884,4429264,caught,1,decode
1678,header,562,1,caught,1,decode
1679,payload,3894764,1,caught,1,decode
1680,bit_flip,4433068,1,caught,1,decode
1681,random_bytes,3462002,8,caught,1,decode
1682,zeroed_run,1663858,1124,caught,1,decode
1683,truncation,2100495,3243653,caught,1,decode
1684,header,639,1,caught,1,decode
1685,payload,618696,1,caught,1,decode
1686,bit_flip,3226042,1,caught,1,decode
1687,random_bytes,3300906,13,caught,1,decode
1688,zeroed_run,3733039,526,caught,1,decode
1689,truncation,2011131,3333017,caught,1,decode
1690,header,66,1,caught,1,decode
1691,payload,794259,1,caught,1,decode
1692,bit_flip,2307389,1,caught,1,decode
1693,random_bytes,2192991,14,caught,1,decode
1694,zeroed_run,706545,3962,caught,1,decode
1695,truncation,3901768,1442380,caught,1,decode
1696,header,903,1,caught,1,decode
1697,payload,3662845,1,caught,1,decode
1698,bit_flip,689909,1,caught,1,decode
1699,random_bytes,503348,7,caught,1,decode
1700,zeroed_run,1454863,1695,caught,1,decode
1701,truncation,1583279,3760869,caught,1,decode
1702,header,104,1,caught,1,decode
1703,payload,3490076,1,caught,1,decode
1704,bit_flip,2951080,1,caught,1,decode
1705,random_bytes,2959020,14,caught,1,decode
1706,zeroed_run,2572659,3453,caught,1,decode
1707,truncation,1804206,3539942,caught,1,decode
1708,header,58,1,caught,1,decode
1709,payload,2566885,1,caught,1,decode
1710,bit_flip,3709325,1,caught,1,decode
1711,random_bytes,1959914,12,caught,1,decode
1712,zeroed_run,1302160,1167,caught,1,decode
1713,truncation,2430884,2913264,caught,1,decode
1714,header,291,1,caught,1,decode
1715,payload,2943459,1,caught,1,decode
1716,bit_flip,4254971,1,caught,1,decode
1717,random_bytes,4604883,13,caught,1,decode
1718,zeroed_run,3314435,1854,caught,1,decode
1719,truncation,448166,4895982,caught,1,decode
1720,header,778,1,caught,1,decode
1721,payload,390226,1,caught,1,decode
1722,bit_flip,815059,1,caught,1,decode
1723,random_bytes,1028106,3,caught,1,decode
1724,zeroed_run,5235293,791,caught,1,decode
1725,truncation,5254711,89437,caught,1,decode
1726,header,151,1,caught,1,decode
1727,payload,1409897,1,caught,1,decode
1728,bit_flip,3045632,1,caught,1,decode
1729,random_bytes,2943191,15,caught,1,decode
1730,zeroed_run,2702626,2779,caught,1,decode
1731,truncation,3965440,1378708,caught,1,decode
1732,header,414,1,caught,1,decode
1733,payload,3703973,1,caught,1,decode
1734,bit_flip,3013047,1,caught,1,decode
1735,random_bytes,5059495,6,caught,1,decode
1736,zeroed_run,1561109,2377,caught,1,decode
1737,truncation,3134945,2209203,caught,1,decode
1738,header,48,1,caught,1,decode
1739,payload,1096650,1,caught,1,decode
1740,bit_flip,4099076,1,caught,1,decode
1741,random_bytes,4632898,5,caught,1,decode
1742,zeroed_run,3769748,652,caught,1,decode
1743,truncation,3440489,1903659,caught,1,decode
1744,header,171,1,caught,1,decode
1745,payload,4976150,1,caught,1,decode
1746,bit_flip,3459663,1,caught,1,decode
1747,random_bytes,2472486,8,caught,1,decode
1748,zeroed_run,3976627,289,caught,1,decode
1749,truncation,1453220,3890928,caught,1,decode
1750,header,309,1,caught,1,decode
1751,payload,2785841,1,caught,1,decode
1752,bit_flip,1600769,1,caught,1,decode
1753,random_bytes,5170100,3,caught,1,decode
1754,zeroed_run,1691635,558,caught,1,decode
1755,truncation,1790262,3553886,caught,1,decode
1756,header,993,1,caught,1,decode
1757,payload,3529457,1,caught,1,decode
1758,bit_flip,995880,1,caught,1,decode
1759,random_bytes,5176221,1,caught,1,decode
1760,zeroed_run,3267516,3663,caught,1,decode
1761,truncation,1446107,3898041,caught,1,decode
1762,header,114,1,caught,1,decode
1763,payload,3092101,1,caught,1,decode
1764,bit_flip,4587711,1,caught,1,decode
1765,random_bytes,2689412,10,caught,1,decode
1766,zeroed_run,1144250,1806,caught,1,decode
1767,truncation,2938487,2405661,caught,1,decode
1768,header,426,1,caught,1,decode
1769,payload,784515,1,caught,1,decode
1770,bit_flip,3768915,1,caught,1,decode
1771,random_bytes,139941,9,caught,1,decode
1772,zeroed_run,172062,4048,caught,1,decode
1773,truncation,611023,4733125,caught,1,decode
1774,header,741,1,caught,1,decode
1775,payload,2697481,1,caught,1,decode
1776,bit_flip,3295877,1,caught,1,decode
1777,random_bytes,331894,3,caught,1,decode
1778,zeroed_run,1978210,1034,caught,1,decode
1779,truncation,397200,4946948,caught,1,decode
1780,header,998,1,caught,1,decode
1781,payload,3984190,1,caught,1,decode
1782,bit_flip,3537475,1,caught,1,decode
1783,random_bytes,3684631,6,caught,1,decode
1784,zeroed_run,562537,2499,caught,1,decode
1785,truncation,723252,4620896,caught,1,decode
1786,header,982,1,caught,1,decode
1787,payload,611268,1,caught,1,decode
1788,bit_flip,4261262,1,caught,1,decode
1789,random_bytes,2473478,3,caught,1,decode
1790,zeroed_run,3939214,951,caught,1,decode
1791,truncation,1039720,4304428,caught,1,decode
1792,header,817,1,caught,1,decode
1793,payload,4234391,1,caught,1,decode
1794,bit_flip,563497,1,caught,1,decode
1795,random_bytes,224603,14,caught,1,decode
1796,zeroed_run,3655113,1753,caught,1,decode
1797,truncation,5223768,120380,caught,1,decode
1798,header,165,1,caught,1,decode
1799,payload,3121474,1,caught,1,decode
1800,bit_flip,4236718,1,caught,1,decode
1801,random_bytes,266485,3,caught,1,decode
1802,zeroed_run,4835386,1816,caught,1,decode
1803,truncation,2895802,2448346,caught,1,decode
1804,header,110,1,caught,1,decode
1805,payload,932292,1,caught,1,decode
1806,bit_flip,831397,1,caught,1,decode
1807,random_bytes,433434,15,caught,1,decode
1808,zeroed_run,2204348,652,caught,1,decode
1809,truncation,3756127,1588021,caught,1,decode
1810,header,110,1,caught,1,decode
1811,payload,3086303,1,caught,1,decode
1812,bit_flip,466627,1,caught,1,decode
1813,random_bytes,3390693,7,caught,1,decode
1814,zeroed_run,992656,1638,caught,1,decode
1815,truncation,1707750,3636398,caught,1,decode
1816,header,1000,1,caught,1,decode
1817,payload,4806473,1,caught,1,decode
1818,bit_flip,5311027,1,caught,1,decode
1819,random_bytes,2825249,1,caught,1,decode
1820,zeroed_run,1330789,3569,caught,1,decode
1821,truncation,4910513,433635,caught,1,decode
1822,header,408,1,caught,1,decode
1823,payload,3132910,1,caught,1,decode
1824,bit_flip,119192,1,caught,1,decode
1825,random_bytes,4043231,6,caught,1,decode
1826,zeroed_run,975298,1517,caught,1,decode
1827,truncation,1425856,3918292,caught,1,decode
1828,header,774,1,caught,1,decode
1829,payload,3335303,1,caught,1,decode
1830,bit_flip,1432236,1,caught,1,decode
1831,random_bytes,3735243,9,caught,1,decode
1832,zeroed_run,1124393,932,caught,1,decode
1833,truncation,4346534,997614,caught,1,decode
1834,header,821,1,caught,1,decode
1835,payload,705694,1,caught,1,decode
1836,bit_flip,3388592,1,caught,1,decode
1837,random_bytes,2021700,4,caught,1,decode
1838,zeroed_run,5271471,267,caught,1,decode
1839,truncation,1710468,3633680,caught,1,decode
1840,header,75,1,caught,1,decode
1841,payload,644967,1,caught,1,decode
1842,bit_flip,1806397,1,caught,1,decode
1843,random_bytes,3156074,4,caught,1,decode
1844,zeroed_run,5242295,2676,caught,1,decode
1845,truncation,561767,4782381,caught,1,decode
1846,header,28,1,caught,1,decode
1847,payload,2823506,1,caught,1,decode
1848,bit_flip,651594,1,caught,1,decode
1849,random_bytes,2432059,2,caught,1,decode
1850,zeroed_run,3873508,1580,caught,1,decode
1851,truncation,2501811,2842337,caught,1,decode
1852,header,525,1,caught,1,decode
1853,payload,1460045,1,caught,1,decode
1854,bit_flip,2607724,1,caught,1,decode
1855,random_bytes,248500,9,caught,1,decode
1856,zeroed_run,1584950,2135,caught,1,decode
1857,truncation,357677,4986471,caught,1,decode
1858,header,789,1,caught,1,decode
1859,payload,1206143,1,caught,1,decode
1860,bit_flip,4286130,1,caught,1,decode
1861,random_bytes,1321866,12,caught,1,decode
1862,zeroed_run,3768849,3145,caught,1,decode
1863,truncation,4492349,851799,caught,1,decode
1864,header,4,1,harmless,0,decode
1865,payload,5043570,1,caught,1,decode
1866,bit_flip,2301930,1,caught,1,decode
1867,random_bytes,3591644,11,caught,1,decode
1868,zeroed_run,402695,438,caught,1,decode
1869,truncation,352845,4991303,caught,1,decode
1870,header,39,1,caught,1,decode
1871,payload,3223596,1,caught,1,decode
1872,bit_flip,2059588,1,caught,1,decode
1873,random_bytes,1090999,7,caught,1,decode
1874,zeroed_run,2573141,2614,caught,1,decode
1875,truncation,5005528,338620,caught,1,decode
1876,header,168,1,caught,1,decode
1877,payload,1482153,1,caught,1,decode
1878,bit_flip,3486795,1,caught,1,decode
1879,random_bytes,1350548,12,caught,1,decode
1880,zeroed_run,3522912,1971,caught,1,decode
1881,truncation,868357,4475791,caught,1,decode
1882,header,53,1,caught,1,decode
1883,payload,5185432,1,caught,1,decode
1884,bit_flip,2775584,1,caught,1,decode
1885,random_bytes,398770,15,caught,1,decode
1886,zeroed_run,1616042,3736,caught,1,decode
1887,truncation,1079282,4264866,caught,1,decode
1888,header,770,1,caught,1,decode
1889,payload,2612056,1,caught,1,decode
1890,bit_flip,1201906,1,caught,1,decode
1891,random_bytes,1260324,1,caught,1,decode
1892,zeroed_run,1876398,569,caught,1,decode
1893,truncation,151425,5192723,caught,1,decode
1894,header,975,1,caught,1,decode
1895,payload,323665,1,caught,1,decode
1896,bit_flip,1227865,1,caught,1,decode
1897,random_bytes,3951424,10,caught,1,decode
1898,zeroed_run,2009701,966,caught,1,decode
1899,truncation,216244,5127904,caught,1,decode
1900,header,285,1,caught,1,decode
1901,payload,3529230,1,caught,1,decode
1902,bit_flip,5215357,1,caught,1,decode
1903,random_bytes,3347573,15,caught,1,decode
1904,zeroed_run,760815,2786,caught,1,decode
1905,truncation,2458400,2885748,caught,1,decode
1906,header,137,1,caught,1,decode
1907,payload,3081116,1,caught,1,decode
1908,bit_flip,4427992,1,caught,1,decode
1909,random_bytes,2379573,1,caught,1,decode
1910,zeroed_run,2207952,3885,caught,1,decode
1911,truncation,1570271,3773877,caught,1,decode
1912,header,498,1,caught,1,decode
1913,payload,2191451,1,caught,1,decode
1914,bit_flip,4287334,1,caught,1,decode
1915,random_bytes,1975928,6,caught,1,decode
1916,zeroed_run,4557240,498,caught,1,decode
1917,truncation,2921731,2422417,caught,1,decode
1918,header,595,1,caught,1,decode
1919,payload,1724914,1,caught,1,decode
1920,bit_flip,3852688,1,caught,1,decode
1921,random_bytes,4355481,10,caught,1,decode
1922,zeroed_run,180861,2045,caught,1,decode
1923,truncation,1065368,4278780,caught,1,decode
1924,header,59,1,caught,1,decode
1925,payload,4012023,1,caught,1,decode
1926,bit_flip,1169979,1,caught,1,decode
1927,random_bytes,1473991,2,caught,1,decode
1928,zeroed_run,2237013,1874,caught,1,decode
1929,truncation,3195811,2148337,caught,1,decode
1930,header,786,1,caught,1,decode
1931,payload,2622255,1,caught,1,decode
1932,bit_flip,1729164,1,caught,1,decode
1933,random_bytes,2662729,16,caught,1,decode
1934,zeroed_run,4864410,2262,caught,1,decode
1935,truncation,1218231,4125917,caught,1,decode
1936,header,946,1,caught,1,decode
1937,payload,5176739,1,caught,1,decode
1938,bit_flip,1644728,1,caught,1,decode
1939,random_bytes,4293892,9,caught,1,decode
1940,zeroed_run,3314710,1412,caught,1,decode
1941,truncation,3667194,1676954,caught,1,decode
1942,header,676,1,caught,1,decode
1943,payload,1678189,1,caught,1,decode
1944,bit_flip,1691159,1,caught,1,decode
1945,random_bytes,3026287,3,caught,1,decode
1946,zeroed_run,400477,2064,caught,1,decode
1947,truncation,4615951,728197,caught,1,decode
1948,header,19,1,caught,1,decode
1949,payload,2576499,1,caught,1,decode
1950,bit_flip,3056471,1,caught,1,decode
1951,random_bytes,1343154,13,caught,1,decode
1952,zeroed_run,1247211,1149,caught,1,decode
1953,truncation,324618,5019530,caught,1,decode
1954,header,491,1,caught,1,decode
1955,payload,4989271,1,caught,1,decode
1956,bit_flip,2333127,1,caught,1,decode
1957,random_bytes,4694578,16,caught,1,decode
1958,zeroed_run,1785441,519,caught,1,decode
1959,truncation,2422691,2921457,caught,1,decode
1960,header,248,1,caught,1,decode
1961,payload,4097787,1,caught,1,decode
1962,bit_flip,4125256,1,caught,1,decode
1963,random_bytes,1032921,4,caught,1,decode
1964,zeroed_run,2350481,1344,caught,1,decode
1965,truncation,870048,4474100,caught,1,decode
1966,header,307,1,caught,1,decode
1967,payload,2705214,1,caught,1,decode
1968,bit_flip,82857,1,caught,1,decode
1969,random_bytes,1010473,8,caught,1,decode
1970,zeroed_run,5324887,1661,caught,1,decode
1971,truncation,2652613,2691535,caught,1,decode
1972,header,396,1,caught,1,decode
1973,payload,2236728,1,caught,1,decode
1974,bit_flip,1357273,1,caught,1,decode
1975,random_bytes,3552754,3,caught,1,decode
1976,zeroed_run,3874840,3179,caught,1,decode
1977,truncation,4223623,1120525,caught,1,decode
1978,header,892,1,caught,1,decode
1979,payload,2969857,1,caught,1,decode
1980,bit_flip,2154351,1,caught,1,decode
1981,random_bytes,632497,13,caught,1,decode
1982,zeroed_run,4005482,3762,caught,1,decode
1983,truncation,569101,4775047,caught,1,decode
1984,header,240,1,caught,1,decode
1985,payload,2500807,1,caught,1,decode
1986,bit_flip,1497077,1,caught,1,decode
1987,random_bytes,1755984,16,caught,1,decode
1988,zeroed_run,1325632,2443,caught,1,decode
1989,truncation,1026961,4317187,caught,1,decode
1990,header,789,1,caught,1,decode
1991,payload,3880126,1,caught,1,decode
1992,bit_flip,2519667,1,caught,1,decode
1993,random_bytes,961696,1,caught,1,decode
1994,zeroed_run,5147349,428,caught,1,decode
1995,truncation,4637879,706269,caught,1,decode
1996,header,524,1,caught,1,decode
1997,payload,97670,1,caught,1,decode
1998,bit_flip,3963596,1,caught,1,decode
1999,random_bytes,4971023,1,caught,1,decode
2000,zeroed_run,3178440,1433,caught,1,decode
2001,truncation,2580911,2763237,caught,1,decode
2002,header,724,1,caught,1,decode
2003,payload,11079,1,caught,1,decode
2004,bit_flip,3131052,1,caught,1,decode
2005,random_bytes,3698974,10,caught,1,decode
2006,zeroed_run,2251320,918,caught,1,decode
2007,truncation,2304518,3039630,caught,1,decode
2008,header,902,1,caught,1,decode
2009,payload,3215219,1,caught,1,decode
2010,bit_flip,2460869,1,caught,1,decode
2011,random_bytes,4727097,14,caught,1,decode
2012,zeroed_run,2312666,1681,caught,1,decode
2013,truncation,635813,4708335,caught,1,decode
2014,header,29,1,caught,1,decode
2015,payload,2242450,1,caught,1,decode
2016,bit_flip,3601753,1,caught,1,decode
2017,random_bytes,5185903,7,caught,1,decode
2018,zeroed_run,8307,1407,caught,1,decode
2019,truncation,316533,5027615,caught,1,decode
2020,header,535,1,caught,1,decode
2021,payload,204494,1,caught,1,decode
2022,bit_flip,3212335,1,caught,1,decode
2023,random_bytes,1876782,16,caught,1,decode
2024,zeroed_run,730542,2287,caught,1,decode
2025,truncation,3238848,2105300,caught,1,decode
2026,header,800,1,caught,1,decode
2027,payload,949284,1,caught,1,decode
2028,bit_flip,5340611,1,caught,1,decode
2029,random_bytes,552673,9,caught,1,decode
2030,zeroed_run,795449,1967,caught,1,decode
2031,truncation,2467139,2877009,caught,1,decode
2032,header,72,1,caught,1,decode
2033,payload,1536960,1,caught,1,decode
2034,bit_flip,2597643,1,caught,1,decode
2035,random_bytes,3868442,14,caught,1,decode
2036,zeroed_run,1296143,1575,caught,1,decode
2037,truncation,2460535,2883613,caught,1,decode
2038,header,999,1,caught,1,decode
2039,payload,1846563,1,caught,1,decode
2040,bit_flip,2955424,1,caught,1,decode
2041,random_bytes,1302437,5,caught,1,decode
2042,zeroed_run,1196430,979,caught,1,decode
2043,truncation,1481935,3862213,caught,1,decode
2044,header,554,1,caught,1,decode
2045,payload,1195549,1,caught,1,decode
2046,bit_flip,4524376,1,caught,1,decode
2047,random_bytes,3892298,3,caught,1,decode
2048,zeroed_run,2977975,2001,caught,1,decode
2049,truncation,4560002,784146,caught,1,decode
2050,header,202,1,caught,1,decode
2051,payload,2940553,1,caught,1,decode
2052,bit_flip,2197807,1,caught,1,decode
2053,random_bytes,2900417,9,caught,1,decode
2054,zeroed_run,2825936,2393,caught,1,decode
2055,truncation,3905621,1438527,caught,1,decode
2056,header,545,1,caught,1,decode
2057,payload,2074472,1,caught,1,decode
2058,bit_flip,4092640,1,caught,1,decode
2059,random_bytes,3987341,5,caught,1,decode
2060,zeroed_run,4759892,3363,caught,1,decode
2061,truncation,1462521,3881627,caught,1,decode
2062,header,669,1,caught,1,decode
2063,payload,102060,1,caught,1,decode
2064,bit_flip,2246856,1,caught,1,decode
2065,random_bytes,590355,15,caught,1,decode
2066,zeroed_run,3638816,3512,caught,1,decode
2067,truncation,3748369,1595779,caught,1,decode
2068,header,76,1,caught,1,decode
2069,payload,2069015,1,caught,1,decode
2070,bit_flip,5290013,1,caught,1,decode
2071,random_bytes,1088985,7,caught,1,decode
2072,zeroed_run,2990235,913,caught,1,decode
2073,truncation,2591744,2752404,caught,1,decode
2074,header,202,1,caught,1,decode
2075,payload,2980995,1,caught,1,decode
2076,bit_flip,3695622,1,caught,1,decode
2077,random_bytes,1769779,6,caught,1,decode
2078,zeroed_run,1681510,1313,caught,1,decode
2079,truncation,3020454,2323694,caught,1,decode
2080,header,829,1,caught,1,decode
2081,payload,72101,1,caught,1,decode
2082,bit_flip,3323203,1,caught,1,decode
2083,random_bytes,4959920,16,caught,1,decode
2084,zeroed_run,604886,1824,caught,1,decode
2085,truncation,5049475,294673,caught,1,decode
2086,header,291,1,caught,1,decode
2087,payload,4428927,1,caught,1,decode
2088,bit_flip,3752547,1,caught,1,decode
2089,random_bytes,5174306,1,caught,1,decode
2090,zeroed_run,181424,1359,caught,1,decode
2091,truncation,2521913,2822235,caught,1,decode
2092,header,565,1,caught,1,decode
2093,payload,1876227,1,caught,1,decode
2094,bit_flip,1609888,1,caught,1,decode
2095,random_bytes,4059054,1,caught,1,decode
2096,zeroed_run,238552,405,caught,1,decode
2097,truncation,4257135,1087013,caught,1,decode
2098,header,398,1,caught,1,decode
2099,payload,4617808,1,caught,1,decode
2100,bit_flip,1350260,1,caught,1,decode
2101,random_bytes,4236303,16,caught,1,decode
2102,zeroed_run,2939313,1201,caught,1,decode
2103,truncation,2248969,3095179,caught,1,decode
2104,header,1009,1,caught,1,decode
2105,payload,837741,1,caught,1,decode
2106,bit_flip,4049535,1,caught,1,decode
2107,random_bytes,3281226,9,caught,1,decode
2108,zeroed_run,1733033,674,caught,1,decode
2109,truncation,1515106,3829042,caught,1,decode
2110,header,1020,1,caught,1,decode
2111,payload,3875572,1,caught,1,decode
2112,bit_flip,2567117,1,caught,1,decode
2113,random_bytes,3240579,10,caught,1,decode
2114,zeroed_run,1124377,2444,caught,1,decode
2115,truncation,3239366,2104782,caught,1,decode
2116,header,802,1,caught,1,decode
2117,payload,3757371,1,caught,1,decode
2118,bit_flip,2041461,1,caught,1,decode
2119,random_bytes,3665025,11,caught,1,decode
2120,zeroed_run,4471180,3793,caught,1,decode
2121,truncation,1453079,3891069,caught,1,decode
2122,header,419,1,caught,1,decode
2123,payload,2494216,1,caught,1,decode
2124,bit_flip,1689826,1,caught,1,decode
2125,random_bytes,2642814,1,caught,1,decode
2126,zeroed_run,4385283,2646,caught,1,decode
2127,truncation,478537,4865611,caught,1,decode
2128,header,127,1,caught,1,decode
2129,payload,1415378,1,caught,1,decode
2130,bit_flip,85626,1,caught,1,decode
2131,random_bytes,1813037,10,caught,1,decode
2132,zeroed_run,3687354,3646,caught,1,decode
2133,truncation,1090415,4253733,caught,1,decode
2134,header,952,1,caught,1,decode
2135,payload,4713565,1,caught,1,decode
2136,bit_flip,108959,1,caught,1,decode
2137,random_bytes,2877221,11,caught,1,decode
2138,zeroed_run,4269828,281,caught,1,decode
2139,truncation,133374,5210774,caught,1,decode
2140,header,171,1,caught,1,decode
2141,payload,4975066,1,caught,1,decode
2142,bit_flip,1174964,1,caught,1,decode
2143,random_bytes,4434750,14,caught,1,decode
2144,zeroed_run,89626,1425,caught,1,decode
2145,truncation,506275,4837873,caught,1,decode
2146,header,75,1,caught,1,decode
2147,payload,3223414,1,caught,1,decode
2148,bit_flip,2520998,1,caught,1,decode
2149,random_bytes,2711041,10,caught,1,decode
2150,zeroed_run,1225414,1697,caught,1,decode
2151,truncation,1981053,3363095,caught,1,decode
2152,header,184,1,caught,1,decode
2153,payload,131057,1,caught,1,decode
2154,bit_flip,2379357,1,caught,1,decode
2155,random_bytes,4282639,8,caught,1,decode
2156,zeroed_run,424588,3892,caught,1,decode
2157,truncation,632468,4711680,caught,1,decode
2158,header,73,1,caught,1,decode
2159,payload,2611942,1,caught,1,decode
2160,bit_flip,850786,1,caught,1,decode
2161,random_bytes,3506094,10,caught,1,decode
2162,zeroed_run,1084498,2407,caught,1,decode
2163,truncation,1053435,4290713,caught,1,decode
2164,header,421,1,caught,1,decode
2165,payload,3417879,1,caught,1,decode
2166,bit_flip,57198,1,caught,1,decode
2167,random_bytes,4263453,4,caught,1,decode
2168,zeroed_run,3137519,120,caught,1,decode
2169,truncation,4454412,889736,caught,1,decode
2170,header,288,1,caught,1,decode
2171,payload,1317757,1,caught,1,decode
2172,bit_flip,1376316,1,caught,1,decode
2173,random_bytes,4678986,5,caught,1,decode
2174,zeroed_run,3704901,3659,caught,1,decode
2175,truncation,3893857,1450291,caught,1,decode
2176,header,417,1,caught,1,decode
2177,payload,2579410,1,caught,1,decode
2178,bit_flip,4180383,1,caught,1,decode
2179,random_bytes,665457,3,caught,1,decode
2180,zeroed_run,3790982,3396,caught,1,decode
2181,truncation,4184636,1159512,caught,1,decode
2182,header,791,1,caught,1,decode
2183,payload,4764002,1,caught,1,decode
2184,bit_flip,2427910,1,caught,1,decode
2185,random_bytes,103852,10,caught,1,decode
2186,zeroed_run,2562402,2125,caught,1,decode
2187,truncation,859777,4484371,caught,1,decode
2188,header,734,1,caught,1,decode
2189,payload,5303573,1,caught,1,decode
2190,bit_flip,114482,1,caught,1,decode
2191,random_bytes,1187326,5,caught,1,decode
2192,zeroed_run,2091409,194,caught,1,decode
2193,truncation,1959030,3385118,caught,1,decode
2194,header,916,1,caught,1,decode
2195,payload,4140980,1,caught,1,decode
2196,bit_flip,253024,1,caught,1,decode
2197,random_bytes,3560348,15,caught,1,decode
2198,zeroed_run,2095285,78,caught,1,decode
2199,truncation,3832924,1511224,caught,1,decode
2200,header,892,1,caught,1,decode
2201,payload,781076,1,caught,1,decode
2202,bit_flip,4684651,1,caught,1,decode
2203,random_bytes,1224706,10,caught,1,decode
2204,zeroed_run,1947223,1355,caught,1,decode
2205,truncation,2724845,2619303,caught,1,decode
2206,header,944,1,caught,1,decode
2207,payload,4687586,1,caught,1,decode
2208,bit_flip,684964,1,caught,1,decode
2209,random_bytes,4046939,16,caught,1,decode
2210,zeroed_run,3045368,1075,caught,1,decode
2211,truncation,1322424,4021724,caught,1,decode
2212,header,337,1,caught,1,decode
2213,payload,2934876,1,caught,1,decode
2214,bit_flip,2148899,1,caught,1,decode
2215,random_bytes,118898,5,caught,1,decode
2216,zeroed_run,59989,511,caught,1,decode
2217,truncation,3362153,1981995,caught,1,decode
2218,header,348,1,caught,1,decode
2219,payload,963707,1,caught,1,decode
2220,bit_flip,3230786,1,caught,1,decode
2221,random_bytes,654417,14,caught,1,decode
2222,zeroed_run,4632269,416,caught,1,decode
2223,truncation,4324944,1019204,caught,1,decode
2224,header,480,1,caught,1,decode
2225,payload,4553648,1,caught,1,decode
2226,bit_flip,3516701,1,caught,1,decode
2227,random_bytes,1102948,12,caught,1,decode
2228,zeroed_run,2780285,203,caught,1,decode
2229,truncation,3182404,2161744,caught,1,decode
2230,header,954,1,caught,1,decode
2231,payload,1494204,1,caught,1,decode
2232,bit_flip,1855398,1,caught,1,decode
2233,random_bytes,1446913,12,caught,1,decode
2234,zeroed_run,3596813,2258,caught,1,decode
2235,truncation,2132004,3212144,caught,1,decode
2236,header,101,1,caught,1,decode
2237,payload,2243632,1,caught,1,decode
2238,bit_flip,401241,1,caught,1,decode
2239,random_bytes,3791604,9,caught,1,decode
2240,zeroed_run,4723970,838,caught,1,decode
2241,truncation,3998233,1345915,caught,1,decode
2242,header,202,1,caught,1,decode
2243,payload,2673887,1,caught,1,decode
2244,bit_flip,2649272,1,caught,1,decode
2245,random_bytes,2687400,4,caught,1,decode
2246,zeroed_run,1384996,3267,caught,1,decode
2247,truncation,1319532,4024616,caught,1,decode
2248,header,354,1,caught,1,decode
2249,payload,4986606,1,caught,1,decode
2250,bit_flip,4817668,1,caught,1,decode
2251,random_bytes,4630728,10,caught,1,decode
2252,zeroed_run,1235800,3463,caught,1,decode
2253,truncation,2351914,2992234,caught,1,decode
2254,header,33,1,caught,1,decode
2255,payload,1814332,1,caught,1,decode
2256,bit_flip,3266355,1,caught,1,decode
2257,random_bytes,2221964,12,caught,1,decode
2258,zeroed_run,3473561,41,caught,1,decode
2259,truncation,3050925,2293223,caught,1,decode
2260,header,461,1,caught,1,decode
2261,payload,2842502,1,caught,1,decode
2262,bit_flip,4324475,1,caught,1,decode
2263,random_bytes,3193996,16,caught,1,decode
2264,zeroed_run,3181618,3886,caught,1,decode
2265,truncation,5220944,123204,caught,1,decode
2266,header,864,1,caught,1,decode
2267,payload,2112310,1,caught,1,decode
2268,bit_flip,3635628,1,caught,1,decode
2269,random_bytes,3905432,4,caught,1,decode
2270,zeroed_run,2521163,2739,caught,1,decode
2271,truncation,3239198,2104950,caught,1,decode
2272,header,465,1,caught,1,decode
2273,payload,3371153,1,caught,1,decode
2274,bit_flip,2654722,1,caught,1,decode
2275,random_bytes,5214074,7,caught,1,decode
2276,zeroed_run,1446656,1388,caught,1,decode
2277,truncation,2356978,2987170,caught,1,decode
2278,header,72,1,caught,1,decode
2279,payload,624070,1,caught,1,decode
2280,bit_flip,2435664,1,caught,1,decode
2281,random_bytes,3068058,5,caught,1,decode
2282,zeroed_run,1680789,3631,caught,1,decode
2283,truncation,3920719,1423429,caught,1,decode
2284,header,99,1,caught,1,decode
2285,payload,730719,1,caught,1,decode
2286,bit_flip,1049524,1,caught,1,decode
2287,random_bytes,4904570,1,caught,1,decode
2288,zeroed_run,143562,3418,caught,1,decode
2289,truncation,5205538,138610,caught,1,decode
2290,header,603,1,caught,1,decode
2291,payload,3254423,1,caught,1,decode
2292,bit_flip,4599955,1,caught,1,decode
2293,random_bytes,4149551,15,caught,1,decode
2294,zeroed_run,2345866,3205,caught,1,decode
2295,truncation,4746664,597484,caught,1,decode
2296,header,561,1,caught,1,decode
2297,payload,1945884,1,caught,1,decode
2298,bit_flip,3621222,1,caught,1,decode
2299,random_bytes,1571595,4,caught,1,decode
2300,zeroed_run,226377,4038,caught,1,decode
2301,truncation,4099645,1244503,caught,1,decode
2302,header,572,1,caught,1,decode
2303,payload,2074,1,caught,1,decode
2304,bit_flip,3788837,1,caught,1,decode
2305,random_bytes,917620,7,caught,1,decode
2306,zeroed_run,2432767,1980,caught,1,decode
2307,truncation,2160556,3183592,caught,1,decode
2308,header,632,1,caught,1,decode
2309,payload,3773628,1,caught,1,decode
2310,bit_flip,5134860,1,caught,1,decode
2311,random_bytes,45336,8,caught,1,decode
2312,zeroed_run,4070622,3038,caught,1,decode
2313,truncation,3543396,1800752,caught,1,decode
2314,header,330,1,caught,1,decode
2315,payload,4354214,1,caught,1,decode
2316,bit_flip,3136232,1,caught,1,decode
2317,random_bytes,188629,9,caught,1,decode
2318,zeroed_run,4127344,748,caught,1,decode
2319,truncation,3402656,1941492,caught,1,decode
2320,header,21,1,caught,1,decode
2321,payload,3480072,1,caught,1,decode
2322,bit_flip,4849926,1,caught,1,decode
2323,random_bytes,3906552,4,caught,1,decode
2324,zeroed_run,1317466,1703,caught,1,decode
2325,truncation,4592388,751760,caught,1,decode
2326,header,389,1,caught,1,decode
2327,payload,3728599,1,caught,1,decode
2328,bit_flip,4933790,1,caught,1,decode
2329,random_bytes,3958522,5,caught,1,decode
2330,zeroed_run,4872229,665,caught,1,decode
2331,truncation,4975578,368570,caught,1,decode
2332,header,49,1,caught,1,decode
2333,payload,3484128,1,caught,1,decode
2334,bit_flip,1049314,1,caught,1,decode
2335,random_bytes,3899424,4,caught,1,decode
2336,zeroed_run,4062298,2211,caught,1,decode
2337,truncation,1385780,3958368,caught,1,decode
2338,header,848,1,caught,1,decode
2339,payload,4384854,1,caught,1,decode
2340,bit_flip,4799153,1,caught,1,decode
2341,random_bytes,5102913,12,caught,1,decode
2342,zeroed_run,3794530,297,caught,1,decode
2343,truncation,4114580,1229568,caught,1,decode
2344,header,128,1,caught,1,decode
2345,payload,2189932,1,caught,1,decode
2346,bit_flip,3728460,1,caught,1,decode
2347,random_bytes,3370776,7,caught,1,decode
2348,zeroed_run,1691473,584,caught,1,decode
2349,truncation,3696925,1647223,caught,1,decode
2350,header,872,1,caught,1,decode
2351,payload,299963,1,caught,1,decode
2352,bit_flip,5205285,1,caught,1,decode
2353,random_bytes,4504161,11,caught,1,decode
2354,zeroed_run,2583760,2709,caught,1,decode
2355,truncation,555507,4788641,caught,1,decode
2356,header,298,1,caught,1,decode
2357,payload,4146341,1,caught,1,decode
2358,bit_flip,688973,1,caught,1,decode
2359,random_bytes,3870359,12,caught,1,decode
2360,zeroed_run,676747,3044,caught,1,decode
2361,truncation,2140409,3203739,caught,1,decode
2362,header,14,1,harmless,0,decode
2363,payload,3219466,1,caught,1,decode
2364,bit_flip,4297611,1,caught,1,decode
2365,random_bytes,4977739,9,caught,1,decode
2366,zeroed_run,3951622,83,caught,1,decode
2367,truncation,2487718,2856430,caught,1,decode
2368,header,586,1,caught,1,decode
2369,payload,1389094,1,caught,1,decode
2370,bit_flip,5074050,1,caught,1,decode
2371,random_bytes,407965,9,caught,1,decode
2372,zeroed_run,2855664,3463,caught,1,decode
2373,truncation,40984,5303164,caught,1,decode
2374,header,347,1,caught,1,decode
2375,payload,2680408,1,caught,1,decode
2376,bit_flip,4232340,1,caught,1,decode
2377,random_bytes,5034367,2,caught,1,decode
2378,zeroed_run,1377486,2357,caught,1,decode
2379,truncation,4438250,905898,caught,1,decode
2380,header,69,1,caught,1,decode
2381,payload,3512824,1,caught,1,decode
2382,bit_flip,836125,1,caught,1,decode
2383,random_bytes,4165681,6,caught,1,decode
2384,zeroed_run,1375203,501,caught,1,decode
2385,truncation,3765318,1578830,caught,1,decode
2386,header,486,1,caught,1,decode
2387,payload,2816696,1,caught,1,decode
2388,bit_flip,4427245,1,caught,1,decode
2389,random_bytes,2783830,4,caught,1,decode
2390,zeroed_run,2921428,3964,caught,1,decode
2391,truncation,4393107,951041,caught,1,decode
2392,header,181,1,caught,1,decode
2393,payload,2656325,1,caught,1,decode
2394,bit_flip,5026409,1,caught,1,decode
2395,random_bytes,3003238,10,caught,1,decode
2396,zeroed_run,1417995,1968,caught,1,decode
2397,truncation,38637,5305511,caught,1,decode
2398,header,56,1,caught,1,decode
2399,payload,2830877,1,caught,1,decode
2400,bit_flip,347351,1,caught,1,decode
2401,random_bytes,4398220,7,caught,1,decode
2402,zeroed_run,5102159,3201,caught,1,decode
2403,truncation,3937949,1406199,caught,1,decode
2404,header,613,1,caught,1,decode
2405,payload,2140467,1,caught,1,decode
2406,bit_flip,2813662,1,caught,1,decode
2407,random_bytes,4053665,3,caught,1,decode
2408,zeroed_run,2801915,1040,caught,1,decode
2409,truncation,3833101,1511047,caught,1,decode
2410,header,96,1,caught,1,decode
2411,payload,1381477,1,caught,1,decode
2412,bit_flip,3282423,1,caught,1,decode
2413,random_bytes,3498073,4,caught,1,decode
2414,zeroed_run,3958696,3596,caught,1,decode
2415,truncation,586764,4757384,caught,1,decode
2416,header,390,1,caught,1,decode
2417,payload,38940,1,caught,1,decode
2418,bit_flip,1695346,1,caught,1,decode
2419,random_bytes,2966535,11,caught,1,decode
2420,zeroed_run,4021039,1533,caught,1,decode
2421,truncation,2548511,2795637,caught,1,decode
2422,header,420,1,caught,1,decode
2423,payload,5336560,1,caught,1,decode
2424,bit_flip,3485543,1,caught,1,decode
2425,random_bytes,1899524,13,caught,1,decode
2426,zeroed_run,4780772,3909,caught,1,decode
2427,truncation,1301708,4042440,caught,1,decode
2428,header,926,1,caught,1,decode
2429,payload,1597003,1,caught,1,decode
2430,bit_flip,4413873,1,caught,1,decode
2431,random_bytes,4522529,12,caught,1,decode
2432,zeroed_run,3101784,2002,caught,1,decode
2433,truncation,4974085,370063,caught,1,decode
2434,header,449,1,caught,1,decode
2435,payload,3757327,1,caught,1,decode
2436,bit_flip,3394440,1,caught,1,decode
2437,random_bytes,4100091,7,caught,1,decode
2438,zeroed_run,5173229,319,caught,1,decode
2439,truncation,2526740,2817408,caught,1,decode
2440,header,396,1,caught,1,decode
2441,payload,165235,1,caught,1,decode
2442,bit_flip,3680816,1,caught,1,decode
2443,random_bytes,1386978,2,caught,1,decode
2444,zeroed_run,944913,404,caught,1,decode
2445,truncation,433514,4910634,caught,1,decode
2446,header,565,1,caught,1,decode
2447,payload,1713323,1,caught,1,decode
2448,bit_flip,1450772,1,caught,1,decode
2449,random_bytes,4239026,14,caught,1,decode
2450,zeroed_run,4736510,3856,caught,1,decode
2451,truncation,3685884,1658264,caught,1,decode
2452,header,436,1,caught,1,decode
2453,payload,1216326,1,caught,1,decode
2454,bit_flip,906253,1,caught,1,decode
2455,random_bytes,3211203,13,caught,1,decode
2456,zeroed_run,3531324,3331,caught,1,decode
2457,truncation,1922938,3421210,caught,1,decode
2458,header,889,1,caught,1,decode
2459,payload,2173211,1,caught,1,decode
2460,bit_flip,1708008,1,caught,1,decode
2461,random_bytes,1414182,15,caught,1,decode
2462,zeroed_run,2026534,4092,caught,1,decode
2463,truncation,3389288,1954860,caught,1,decode
2464,header,976,1,caught,1,decode
2465,payload,1604858,1,caught,1,decode
2466,bit_flip,2934338,1,caught,1,decode
2467,random_bytes,2266237,15,caught,1,decode
2468,zeroed_run,3846349,41,caught,1,decode
2469,truncation,3485627,1858521,caught,1,decode
2470,header,625,1,caught,1,decode
2471,payload,4521885,1,caught,1,decode
2472,bit_flip,3886955,1,caught,1,decode
2473,random_bytes,2159097,2,caught,1,decode
2474,zeroed_run,1814534,3192,caught,1,decode
2475,truncation,4013769,1330379,caught,1,decode
2476,header,465,1,caught,1,decode
2477,payload,4483107,1,caught,1,decode
2478,bit_flip,5239404,1,caught,1,decode
2479,random_bytes,4003420,10,caught,1,decode
2480,zeroed_run,245363,3242,caught,1,decode
2481,truncation,3166380,2177768,caught,1,decode
2482,header,512,1,caught,1,decode
2483,payload,4148507,1,caught,1,decode
2484,bit_flip,3201520,1,caught,1,decode
2485,random_bytes,1920457,1,caught,1,decode
2486,zeroed_run,2672044,1803,caught,1,decode
2487,truncation,1361556,3982592,caught,1,decode
2488,header,639,1,caught,1,decode
2489,payload,967019,1,caught,1,decode
2490,bit_flip,1924410,1,caught,1,decode
2491,random_bytes,1150535,13,caught,1,decode
2492,zeroed_run,2894400,807,caught,1,decode
2493,truncation,413781,4930367,caught,1,decode
2494,header,213,1,caught,1,decode
2495,payload,1628884,1,caught,1,decode
2496,bit_flip,3309247,1,caught,1,decode
2497,random_bytes,3863636,11,caught,1,decode
2498,zeroed_run,552872,3599,caught,1,decode
2499,truncation,2468925,2875223,caught,1,decode
2500,header,397,1,caught,1,decode
2501,payload,3729500,1,caught,1,decode
2502,bit_flip,5278608,1,caught,1,decode
2503,random_bytes,1877274,9,caught,1,decode
2504,zeroed_run,2794691,1783,caught,1,decode
2505,truncation,1751782,3592366,caught,1,decode
2506,header,426,1,caught,1,decode
2507,payload,422431,1,caught,1,decode
2508,bit_flip,4997322,1,caught,1,decode
2509,random_bytes,2113877,13,caught,1,decode
2510,zeroed_run,2602382,3851,caught,1,decode
2511,truncation,2901414,2442734,caught,1,decode
2512,header,946,1,caught,1,decode
2513,payload,5130578,1,caught,1,decode
2514,bit_flip,187983,1,caught,1,decode
2515,random_bytes,2624240,15,caught,1,decode
2516,zeroed_run,3011415,2307,caught,1,decode
2517,truncation,4937608,406540,caught,1,decode
2518,header,15,1,harmless,0,decode
2519,payload,3027399,1,caught,1,decode
2520,bit_flip,377917,1,caught,1,decode
2521,random_bytes,636209,10,caught,1,decode
2522,zeroed_run,2332600,3608,caught,1,decode
2523,truncation,1051648,4292500,caught,1,decode
2524,header,19,1,caught,1,decode
2525,payload,1571635,1,caught,1,decode
2526,bit_flip,1837710,1,caught,1,decode
2527,random_bytes,857085,7,caught,1,decode
2528,zeroed_run,840284,1917,caught,1,decode
2529,truncation,2008585,3335563,caught,1,decode
2530,header,72,1,caught,1,decode
2531,payload,4718089,1,caught,1,decode
2532,bit_flip,690716,1,caught,1,decode
2533,random_bytes,1648667,6,caught,1,decode
2534,zeroed_run,3651523,1990,caught,1,decode
2535,truncation,2727374,2616774,caught,1,decode
2536,header,565,1,caught,1,decode
2537,payload,2706834,1,caught,1,decode
2538,bit_flip,125448,1,caught,1,decode
2539,random_bytes,1738952,8,caught,1,decode
2540,zeroed_run,5279526,2984,caught,1,decode
2541,truncation,3622040,1722108,caught,1,decode
2542,header,950,1,caught,1,decode
2543,payload,1336598,1,caught,1,decode
2544,bit_flip,5328706,1,caught,1,decode
2545,random_bytes,4299561,9,caught,1,decode
2546,zeroed_run,4799675,2861,caught,1,decode
2547,truncation,540764,4803384,caught,1,decode
2548,header,78,1,caught,1,decode
2549,payload,3602134,1,caught,1,decode
2550,bit_flip,1972295,1,caught,1,decode
2551,random_bytes,975125,12,caught,1,decode
2552,zeroed_run,1001974,1060,caught,1,decode
2553,truncation,3493811,1850337,caught,1,decode
2554,header,146,1,caught,1,decode
2555,payload,1733248,1,caught,1,decode
2556,bit_flip,2709816,1,caught,1,decode
2557,random_bytes,4187572,11,caught,1,decode
2558,zeroed_run,2874701,1500,caught,1,decode
2559,truncation,1140630,4203518,caught,1,decode
2560,header,613,1,caught,1,decode
2561,payload,885555,1,caught,1,decode
2562,bit_flip,2970723,1,caught,1,decode
2563,random_bytes,2691881,15,caught,1,decode
2564,zeroed_run,4901925,3766,caught,1,decode
2565,truncation,2899256,2444892,caught,1,decode
2566,header,439,1,caught,1,decode
2567,payload,1204984,1,caught,1,decode
2568,bit_flip,2348387,1,caught,1,decode
2569,random_bytes,3198321,2,caught,1,decode
2570,zeroed_run,3943546,2385,caught,1,decode
2571,truncation,4773613,570535,caught,1,decode
2572,header,432,1,caught,1,decode
2573,payload,1808387,1,caught,1,decode
2574,bit_flip,2166457,1,caught,1,decode
2575,random_bytes,1599525,13,caught,1,decode
2576,zeroed_run,4880183,2022,caught,1,decode
2577,truncation,2508344,2835804,caught,1,decode
2578,header,288,1,caught,1,decode
2579,payload,1988535,1,caught,1,decode
2580,bit_flip,5208424,1,caught,1,decode
2581,random_bytes,2805147,15,caught,1,decode
2582,zeroed_run,97972,1196,caught,1,decode
2583,truncation,4056327,1287821,caught,1,decode
2584,header,109,1,caught,1,decode
2585,payload,759897,1,caught,1,decode
2586,bit_flip,5301956,1,caught,1,decode
2587,random_bytes,3321935,14,caught,1,decode
2588,zeroed_run,4948815,2890,caught,1,decode
2589,truncation,4017469,1326679,caught,1,decode
2590,header,452,1,caught,1,decode
2591,payload,2008192,1,caught,1,decode
2592,bit_flip,1358540,1,caught,1,decode
2593,random_bytes,2510152,2,caught,1,decode
2594,zeroed_run,3466336,3624,caught,1,decode
2595,truncation,174461,5169687,caught,1,decode
2596,header,113,1,caught,1,decode
2597,payload,3260377,1,caught,1,decode
2598,bit_flip,1801718,1,caught,1,decode
2599,random_bytes,1759710,15,caught,1,decode
2600,zeroed_run,1300906,599,caught,1,decode
2601,truncation,2531920,2812228,caught,1,decode
2602,header,943,1,caught,1,decode
2603,payload,1047817,1,caught,1,decode
2604,bit_flip,2015771,1,caught,1,decode
2605,random_bytes,775824,13,caught,1,decode
2606,zeroed_run,1213003,2741,caught,1,decode
2607,truncation,2190003,3154145,caught,1,decode
2608,header,205,1,caught,1,decode
2609,payload,4920920,1,caught,1,decode
2610,bit_flip,5131423,1,caught,1,decode
2611,random_bytes,1305445,10,caught,1,decode
2612,zeroed_run,2795298,668,caught,1,decode
2613,truncation,1642569,3701579,caught,1,decode
2614,header,938,1,caught,1,decode
2615,payload,2495908,1,caught,1,decode
2616,bit_flip,2485543,1,caught,1,decode
2617,random_bytes,4561538,13,caught,1,decode
2618,zeroed_run,81109,729,caught,1,decode
2619,truncation,405514,4938634,caught,1,decode
2620,header,974,1,caught,1,decode
2621,payload,2378988,1,caught,1,decode
2622,bit_flip,4492428,1,caught,1,decode
2623,random_bytes,4137643,2,caught,1,decode
2624,zeroed_run,5340525,2151,caught,1,decode
2625,truncation,199119,5145029,caught,1,decode
2626,header,236,1,caught,1,decode
2627,payload,2432912,1,caught,1,decode
2628,bit_flip,1840557,1,caught,1,decode
2629,random_bytes,2858395,10,caught,1,decode
2630,zeroed_run,5097135,2776,caught,1,decode
2631,truncation,3962304,1381844,caught,1,decode
2632,header,145,1,caught,1,decode
2633,payload,3662288,1,caught,1,decode
2634,bit_flip,879048,1,caught,1,decode
2635,random_bytes,3262333,11,caught,1,decode
2636,zeroed_run,3245335,1754,caught,1,decode
2637,truncation,1635303,3708845,caught,1,decode
2638,header,352,1,caught,1,decode
2639,payload,1888286,1,caught,1,decode
2640,bit_flip,49798,1,caught,1,decode
2641,random_bytes,2658355,9,caught,1,decode
2642,zeroed_run,2150750,874,caught,1,decode
2643,truncation,3934791,1409357,caught,1,decode
2644,header,234,1,caught,1,decode
2645,payload,1740786,1,caught,1,decode
2646,bit_flip,2681893,1,caught,1,decode
2647,random_bytes,4043959,12,caught,1,decode
2648,zeroed_run,2057700,101,caught,1,decode
2649,truncation,4718137,626011,caught,1,decode
2650,header,59,1,caught,1,decode
2651,payload,3184824,1,caught,1,decode
2652,bit_flip,1510251,1,caught,1,decode
2653,random_bytes,4761884,11,caught,1,decode
2654,zeroed_run,2737121,3998,caught,1,decode
2655,truncation,3466808,1877340,caught,1,decode
2656,header,895,1,caught,1,decode
2657,payload,613570,1,caught,1,decode
2658,bit_flip,1322391,1,caught,1,decode
2659,random_bytes,5252934,6,caught,1,decode
2660,zeroed_run,5332372,3248,caught,1,decode
2661,truncation,4643061,701087,caught,1,decode
2662,header,29,1,caught,1,decode
2663,payload,1058969,1,caught,1,decode
2664,bit_flip,3528569,1,caught,1,decode
2665,random_bytes,2705911,1,caught,1,decode
2666,zeroed_run,1049226,175,caught,1,decode
2667,truncation,3568636,1775512,caught,1,decode
2668,header,909,1,caught,1,decode
2669,payload,1887920,1,caught,1,decode
2670,bit_flip,4928839,1,caught,1,decode
2671,random_bytes,2378061,8,caught,1,decode
2672,zeroed_run,342534,1950,caught,1,decode
2673,truncation,3066059,2278089,caught,1,decode
2674,header,221,1,caught,1,decode
2675,payload,4021418,1,caught,1,decode
2676,bit_flip,5138863,1,caught,1,decode
2677,random_bytes,1893475,3,caught,1,decode
2678,zeroed_run,2426598,3744,caught,1,decode
2679,truncation,3013617,2330531,caught,1,decode
2680,header,767,1,caught,1,decode
2681,payload,3507015,1,caught,1,decode
2682,bit_flip,1825355,1,caught,1,decode
2683,random_bytes,4030043,3,caught,1,decode
2684,zeroed_run,4755307,2317,caught,1,decode
2685,truncation,1605364,3738784,caught,1,decode
2686,header,284,1,caught,1,decode
2687,payload,4526334,1,caught,1,decode
2688,bit_flip,3871058,1,caught,1,decode
2689,random_bytes,274306,16,caught,1,decode
2690,zeroed_run,1730828,3705,caught,1,decode
2691,truncation,527797,4816351,caught,1,decode
2692,header,21,1,caught,1,decode
2693,payload,1558495,1,caught,1,decode
2694,bit_flip,1367844,1,caught,1,decode
2695,random_bytes,5077243,15,caught,1,decode
2696,zeroed_run,1194315,977,caught,1,decode
2697,truncation,1502357,3841791,caught,1,decode
2698,header,480,1,caught,1,decode
2699,payload,4493062,1,caught,1,decode
2700,bit_flip,3382545,1,caught,1,decode
2701,random_bytes,1706134,12,caught,1,decode
2702,zeroed_run,90787,3950,caught,1,decode
2703,truncation,4725792,618356,caught,1,decode
2704,header,577,1,caught,1,decode
2705,payload,4749045,1,caught,1,decode
2706,bit_flip,496788,1,caught,1,decode
2707,random_bytes,1483812,14,caught,1,decode
2708,zeroed_run,2823248,1440,caught,1,decode
2709,truncation,4746029,598119,caught,1,decode
2710,header,293,1,caught,1,decode
2711,payload,3627201,1,caught,1,decode
2712,bit_flip,3092903,1,caught,1,decode
2713,random_bytes,3603775,11,caught,1,decode
2714,zeroed_run,4670299,1674,caught,1,decode
2715,truncation,4835310,508838,caught,1,decode
2716,header,792,1,caught,1,decode
2717,payload,1141366,1,caught,1,decode
2718,bit_flip,1665376,1,caught,1,decode
2719,random_bytes,863588,15,caught,1,decode
2720,zeroed_run,1823301,701,caught,1,decode
2721,truncation,3635680,1708468,caught,1,decode
2722,header,385,1,caught,1,decode
2723,payload,4521792,1,caught,1,decode
2724,bit_flip,4528452,1,caught,1,decode
2725,random_bytes,882940,15,caught,1,decode
2726,zeroed_run,3585877,3147,caught,1,decode
2727,truncation,3043028,2301120,caught,1,decode
2728,header,359,1,caught,1,decode
2729,payload,4161905,1,caught,1,decode
2730,bit_flip,893232,1,caught,1,decode
2731,random_bytes,3420178,11,caught,1,decode
2732,zeroed_run,4149711,3949,caught,1,decode
2733,truncation,3850194,1493954,caught,1,decode
2734,header,372,1,caught,1,decode
2735,payload,919517,1,caught,1,decode
2736,bit_flip,1304825,1,caught,1,decode
2737,random_bytes,2373429,11,caught,1,decode
2738,zeroed_run,2316739,2888,caught,1,decode
2739,truncation,4178650,1165498,caught,1,decode
2740,header,1021,1,caught,1,decode
2741,payload,1409842,1,caught,1,decode
2742,bit_flip,1393477,1,caught,1,decode
2743,random_bytes,4180778,4,caught,1,decode
2744,zeroed_run,4769183,1851,caught,1,decode
2745,truncation,674014,4670134,caught,1,decode
2746,header,2,1,caught,1,decode
2747,payload,4669809,1,caught,1,decode
2748,bit_flip,4495551,1,caught,1,decode
2749,random_bytes,3304819,9,caught,1,decode
2750,zeroed_run,2074012,3101,caught,1,decode
2751,truncation,4662105,682043,caught,1,decode
2752,header,403,1,caught,1,decode
2753,payload,4342445,1,caught,1,decode
2754,bit_flip,1093155,1,caught,1,decode
2755,random_bytes,4586184,5,caught,1,decode
2756,zeroed_run,1974027,780,caught,1,decode
2757,truncation,3217261,2126887,caught,1,decode
2758,header,995,1,caught,1,decode
2759,payload,4669735,1,caught,1,decode
2760,bit_flip,1878078,1,caught,1,decode
2761,random_bytes,3505545,12,caught,1,decode
2762,zeroed_run,2211049,531,caught,1,decode
2763,truncation,4454546,889602,caught,1,decode
2764,header,595,1,caught,1,decode
2765,payload,912282,1,caught,1,decode
2766,bit_flip,2984787,1,caught,1,decode
2767,random_bytes,4253708,6,caught,1,decode
2768,zeroed_run,1129462,1598,caught,1,decode
2769,truncation,623930,4720218,caught,1,decode
2770,header,615,1,caught,1,decode
2771,payload,3414829,1,caught,1,decode
2772,bit_flip,1338407,1,caught,1,decode
2773,random_bytes,1317791,4,caught,1,decode
2774,zeroed_run,1842827,3237,caught,1,decode
2775,truncation,1224108,4120040,caught,1,decode
2776,header,557,1,caught,1,decode
2777,payload,2885710,1,caught,1,decode
2778,bit_flip,660774,1,caught,1,decode
2779,random_bytes,4752837,16,caught,1,decode
2780,zeroed_run,2025993,797,caught,1,decode
2781,truncation,3701902,1642246,caught,1,decode
2782,header,262,1,caught,1,decode
2783,payload,3216834,1,caught,1,decode
2784,bit_flip,4155334,1,caught,1,decode
2785,random_bytes,3788826,13,caught,1,decode
2786,zeroed_run,2110880,4089,caught,1,decode
2787,truncation,2007545,3336603,caught,1,decode
2788,header,331,1,caught,1,decode
2789,payload,3000422,1,caught,1,decode
2790,bit_flip,1104421,1,caught,1,decode
2791,random_bytes,1052953,3,caught,1,decode
2792,zeroed_run,1188372,523,caught,1,decode
2793,truncation,20737,5323411,caught,1,decode
2794,header,194,1,caught,1,decode
2795,payload,931596,1,caught,1,decode
2796,bit_flip,4495218,1,caught,1,decode
2797,random_bytes,5324626,1,caught,1,decode
2798,zeroed_run,1039942,985,caught,1,decode
2799,truncation,5032596,311552,caught,1,decode
2800,header,618,1,caught,1,decode
2801,payload,2553614,1,caught,1,decode
2802,bit_flip,1511639,1,caught,1,decode
2803,random_bytes,4341354,2,caught,1,decode
2804,zeroed_run,3345523,1505,caught,1,decode
2805,truncation,2161941,3182207,caught,1,decode
2806,header,573,1,caught,1,decode
2807,payload,3845231,1,caught,1,decode
2808,bit_flip,4114211,1,caught,1,decode
2809,random_bytes,1547396,13,caught,1,decode
2810,zeroed_run,2221760,1810,caught,1,decode
2811,truncation,277103,5067045,caught,1,decode
2812,header,829,1,caught,1,decode
2813,payload,817886,1,caught,1,decode
2814,bit_flip,2649645,1,caught,1,decode
2815,random_bytes,4221812,11,caught,1,decode
2816,zeroed_run,2453935,1373,caught,1,decode
2817,truncation,2421420,2922728,caught,1,decode
2818,header,828,1,caught,1,decode
2819,payload,260136,1,caught,1,decode
2820,bit_flip,258011,1,caught,1,decode
2821,random_bytes,4553020,7,caught,1,decode
2822,zeroed_run,4586580,2608,caught,1,decode
2823,truncation,1839135,3505013,caught,1,decode
2824,header,927,1,caught,1,decode
2825,payload,4107546,1,caught,1,decode
2826,bit_flip,4393592,1,caught,1,decode
2827,random_bytes,4267449,3,caught,1,decode
2828,zeroed_run,1418364,184,caught,1,decode
2829,truncation,3787668,1556480,caught,1,decode
2830,header,835,1,caught,1,decode
2831,payload,1793277,1,caught,1,decode
2832,bit_flip,626342,1,caught,1,decode
2833,random_bytes,3443003,9,caught,1,decode
2834,zeroed_run,3954762,2574,caught,1,decode
2835,truncation,2975146,2369002,caught,1,decode
2836,header,341,1,caught,1,decode
2837,payload,4049901,1,caught,1,decode
2838,bit_flip,648354,1,caught,1,decode
2839,random_bytes,2023832,16,caught,1,decode
2840,zeroed_run,2093055,2637,caught,1,decode
2841,truncation,2168159,3175989,caught,1,decode
2842,header,833,1,caught,1,decode
2843,payload,725714,1,caught,1,decode
2844,bit_flip,2256326,1,caught,1,decode
2845,random_bytes,3208681,8,caught,1,decode
2846,zeroed_run,1916916,994,caught,1,decode
2847,truncation,902486,4441662,caught,1,decode
2848,header,641,1,caught,1,decode
2849,payload,3592070,1,caught,1,decode
2850,bit_flip,2051851,1,caught,1,decode
2851,random_bytes,5244640,14,caught,1,decode
2852,zeroed_run,2921195,2139,caught,1,decode
2853,truncation,942114,4402034,caught,1,decode
2854,header,569,1,caught,1,decode
2855,payload,5278707,1,caught,1,decode
2856,bit_flip,3168236,1,caught,1,decode
2857,random_bytes,2960209,11,caught,1,decode
2858,zeroed_run,1825746,578,caught,1,decode
2859,truncation,344920,4999228,caught,1,decode
2860,header,473,1,caught,1,decode
2861,payload,923410,1,caught,1,decode
2862,bit_flip,4810263,1,caught,1,decode
2863,random_bytes,4843006,10,caught,1,decode
2864,zeroed_run,3984622,857,caught,1,decode
2865,truncation,1781680,3562468,caught,1,decode
2866,header,466,1,caught,1,decode
2867,payload,1167899,1,caught,1,decode
2868,bit_flip,658809,1,caught,1,decode
2869,random_bytes,5266346,9,caught,1,decode
2870,zeroed_run,1960447,1329,caught,1,decode
2871,truncation,4051035,1293113,caught,1,decode
2872,header,853,1,caught,1,decode
2873,payload,417496,1,caught,1,decode
2874,bit_flip,5251404,1,caught,1,decode
2875,random_bytes,3027724,14,caught,1,decode
2876,zeroed_run,4033961,3187,caught,1,decode
2877,truncation,2132222,3211926,caught,1,decode
2878,header,716,1,caught,1,decode
2879,payload,700680,1,caught,1,decode
2880,bit_flip,5000828,1,caught,1,decode
2881,random_bytes,419127,14,caught,1,decode
2882,zeroed_run,1508827,909,caught,1,decode
2883,truncation,2237133,3107015,caught,1,decode
2884,header,157,1,caught,1,decode
2885,payload,4766669,1,caught,1,decode
2886,bit_flip,174772,1,caught,1,decode
2887,random_bytes,913390,10,caught,1,decode
2888,zeroed_run,4961039,1814,caught,1,decode
2889,truncation,1902805,3441343,caught,1,decode
2890,header,719,1,caught,1,decode
2891,payload,5072926,1,caught,1,decode
2892,bit_flip,4400254,1,caught,1,decode
2893,random_bytes,351793,3,caught,1,decode
2894,zeroed_run,1572745,3263,caught,1,decode
2895,truncation,500957,4843191,caught,1,decode
2896,header,85,1,caught,1,decode
2897,payload,236152,1,caught,1,decode
2898,bit_flip,3320618,1,caught,1,decode
2899,random_bytes,4872434,3,caught,1,decode
2900,zeroed_run,4621668,1698,caught,1,decode
2901,truncation,6436,5337712,caught,1,decode
2902,header,902,1,caught,1,decode
2903,payload,4865242,1,caught,1,decode
2904,bit_flip,3324032,1,caught,1,decode
2905,random_bytes,4893488,15,caught,1,decode
2906,zeroed_run,4953326,909,caught,1,decode
2907,truncation,4414186,929962,caught,1,decode
2908,header,253,1,caught,1,decode
2909,payload,3091304,1,caught,1,decode
2910,bit_flip,1642130,1,caught,1,decode
2911,random_bytes,4511173,4,caught,1,decode
2912,zeroed_run,615498,1454,caught,1,decode
2913,truncation,1735476,3608672,caught,1,decode
2914,header,289,1,caught,1,decode
2915,payload,3634853,1,caught,1,decode
2916,bit_flip,651492,1,caught,1,decode
2917,random_bytes,2500563,3,caught,1,decode
2918,zeroed_run,4921492,866,caught,1,decode
2919,truncation,4100297,1243851,caught,1,decode
2920,header,344,1,caught,1,decode
2921,payload,1381717,1,caught,1,decode
2922,bit_flip,3248521,1,caught,1,decode
2923,random_bytes,2349649,13,caught,1,decode
2924,zeroed_run,838027,3137,caught,1,decode
2925,truncation,3436234,1907914,caught,1,decode
2926,header,138,1,caught,1,decode
2927,payload,3470620,1,caught,1,decode
2928,bit_flip,723922,1,caught,1,decode
2929,random_bytes,1723200,15,caught,1,decode
2930,zeroed_run,1719997,623,caught,1,decode
2931,truncation,2414683,2929465,caught,1,decode
2932,header,321,1,caught,1,decode
2933,payload,3967804,1,caught,1,decode
2934,bit_flip,3986498,1,caught,1,decode
2935,random_bytes,1145605,13,caught,1,decode
2936,zeroed_run,4822750,3829,caught,1,decode
2937,truncation,2511645,2832503,caught,1,decode
2938,header,746,1,caught,1,decode
2939,payload,13412,1,caught,1,decode
2940,bit_flip,1136104,1,caught,1,decode
2941,random_bytes,2713667,6,caught,1,decode
2942,zeroed_run,4641543,50,caught,1,decode
2943,truncation,1723596,3620552,caught,1,decode
2944,header,652,1,caught,1,decode
2945,payload,3024513,1,caught,1,decode
2946,bit_flip,3669851,1,caught,1,decode
2947,random_bytes,4810606,16,caught,1,decode
2948,zeroed_run,4474597,3978,caught,1,decode
2949,truncation,2814635,2529513,caught,1,decode
2950,header,94,1,caught,1,decode
2951,payload,179462,1,caught,1,decode
2952,bit_flip,1520215,1,caught,1,decode
2953,random_bytes,4923394,16,caught,1,decode
2954,zeroed_run,808607,2526,caught,1,decode
2955,truncation,3935072,1409076,caught,1,decode
2956,header,155,1,caught,1,decode
2957,payload,465798,1,caught,1,decode
2958,bit_flip,3249274,1,caught,1,decode
2959,random_bytes,4367769,11,caught,1,decode
2960,zeroed_run,547465,2412,caught,1,decode
2961,truncation,2377357,2966791,caught,1,decode
2962,header,233,1,caught,1,decode
2963,payload,4786817,1,caught,1,decode
2964,bit_flip,1332165,1,caught,1,decode
2965,random_bytes,680003,7,caught,1,decode
2966,zeroed_run,2059878,685,caught,1,decode
2967,truncation,4725720,618428,caught,1,decode
2968,header,814,1,caught,1,decode
2969,payload,1009765,1,caught,1,decode
2970,bit_flip,5329413,1,caught,1,decode
2971,random_bytes,975122,9,caught,1,decode
2972,zeroed_run,873380,2075,caught,1,decode
2973,truncation,2340288,3003860,caught,1,decode
2974,header,906,1,caught,1,decode
2975,payload,2251991,1,caught,1,decode
2976,bit_flip,2104218,1,caught,1,decode
2977,random_bytes,4243587,6,caught,1,decode
2978,zeroed_run,2747391,2891,caught,1,decode
2979,truncation,4474146,870002,caught,1,decode
2980,header,278,1,caught,1,decode
2981,payload,4222342,1,caught,1,decode
2982,bit_flip,2465868,1,caught,1,decode
2983,random_bytes,3524402,8,caught,1,decode
2984,zeroed_run,4749022,1016,caught,1,decode
2985,truncation,5157466,186682,caught,1,decode
2986,header,358,1,caught,1,decode
2987,payload,4163212,1,caught,1,decode
2988,bit_flip,3293830,1,caught,1,decode
2989,random_bytes,1601451,12,caught,1,decode
2990,zeroed_run,1126869,2885,caught,1,decode
2991,truncation,1390474,3953674,caught,1,decode
2992,header,172,1,caught,1,decode
2993,payload,5303681,1,caught,1,decode
2994,bit_flip,3654756,1,caught,1,decode
2995,random_bytes,4099602,3,caught,1,decode
2996,zeroed_run,853132,180,caught,1,decode
2997,truncation,1140876,4203272,caught,1,decode
2998,header,64,1,caught,1,decode
2999,payload,2232074,1,caught,1,decode
3000,bit_flip,5252015,1,caught,1,decode
3001,random_bytes,2296104,12,caught,1,decode
3002,zeroed_run,2970205,1180,caught,1,decode
3003,truncation,3985300,1358848,caught,1,decode
3004,header,556,1,caught,1,decode
3005,payload,2686166,1,caught,1,decode
3006,bit_flip,2381348,1,caught,1,decode
3007,random_bytes,2058530,15,caught,1,decode
3008,zeroed_run,521647,690,caught,1,decode
3009,truncation,2335192,3008956,caught,1,decode
3010,header,211,1,caught,1,decode
3011,payload,5158239,1,caught,1,decode
3012,bit_flip,3151626,1,caught,1,decode
3013,random_bytes,2084906,13,caught,1,decode
3014,zeroed_run,2685919,2526,caught,1,decode
3015,truncation,1291498,4052650,caught,1,decode
3016,header,6,1,harmless,0,decode
3017,payload,4893777,1,caught,1,decode
3018,bit_flip,3690699,1,caught,1,decode
3019,random_bytes,5290556,5,caught,1,decode
3020,zeroed_run,1035547,1293,caught,1,decode
3021,truncation,2582729,2761419,caught,1,decode
3022,header,674,1,caught,1,decode
3023,payload,3552005,1,caught,1,decode
3024,bit_flip,265766,1,caught,1,decode
3025,random_bytes,1756138,6,caught,1,decode
3026,zeroed_run,4894302,3943,caught,1,decode
3027,truncation,3853556,1490592,caught,1,decode
3028,header,305,1,caught,1,decode
3029,payload,1363562,1,caught,1,decode
3030,bit_flip,3618211,1,caught,1,decode
3031,random_bytes,194761,7,caught,1,decode
3032,zeroed_run,4718411,1493,caught,1,decode
3033,truncation,2293368,3050780,caught,1,decode
3034,header,595,1,caught,1,decode
3035,payload,154181,1,caught,1,decode
3036,bit_flip,1827698,1,caught,1,decode
3037,random_bytes,4098900,14,caught,1,decode
3038,zeroed_run,1265674,2495,caught,1,decode
3039,truncation,3015068,2329080,caught,1,decode
3040,header,731,1,caught,1,decode
3041,payload,2568158,1,caught,1,decode
3042,bit_flip,2654246,1,caught,1,decode
3043,random_bytes,904040,6,caught,1,decode
3044,zeroed_run,2789921,3994,caught,1,decode
3045,truncation,1530774,3813374,caught,1,decode
3046,header,159,1,caught,1,decode
3047,payload,183345,1,caught,1,decode
3048,bit_flip,4737405,1,caught,1,decode
3049,random_bytes,1593597,4,caught,1,decode
3050,zeroed_run,639252,511,caught,1,decode
3051,truncation,719980,4624168,caught,1,decode
3052,header,946,1,caught,1,decode
3053,payload,5120592,1,caught,1,decode
3054,bit_flip,3452450,1,caught,1,decode
3055,random_bytes,225894,13,caught,1,decode
3056,zeroed_run,5200648,2366,caught,1,decode
3057,truncation,1605849,3738299,caught,1,decode
3058,header,429,1,caught,1,decode
3059,payload,563947,1,caught,1,decode
3060,bit_flip,3183726,1,caught,1,decode
3061,random_bytes,3829469,14,caught,1,decode
3062,zeroed_run,3118714,2166,caught,1,decode
3063,truncation,1328744,4015404,caught,1,decode
3064,header,678,1,caught,1,decode
3065,payload,3362068,1,caught,1,decode
3066,bit_flip,3219664,1,caught,1,decode
3067,random_bytes,50125,14,caught,1,decode
3068,zeroed_run,4015303,243,caught,1,decode
3069,truncation,3914071,1430077,caught,1,decode
3070,header,821,1,caught,1,decode
3071,payload,3748711,1,caught,1,decode
3072,bit_flip,4346592,1,caught,1,decode
3073,random_bytes,2775569,13,caught,1,decode
3074,zeroed_run,4261619,3036,caught,1,decode
3075,truncation,1923452,3420696,caught,1,decode
3076,header,958,1,caught,1,decode
3077,payload,3399572,1,caught,1,decode
3078,bit_flip,3002001,1,caught,1,decode
3079,random_bytes,1817422,9,caught,1,decode
3080,zeroed_run,5183650,1376,caught,1,decode
3081,truncation,4174625,1169523,caught,1,decode
3082,header,935,1,caught,1,decode
3083,payload,1616802,1,caught,1,decode
3084,bit_flip,2525034,1,caught,1,decode
3085,random_bytes,545144,1,caught,1,decode
3086,zeroed_run,1198114,1733,caught,1,decode
3087,truncation,2344651,2999497,caught,1,decode
3088,header,31,1,caught,1,decode
3089,payload,5305706,1,caught,1,decode
3090,bit_flip,2758755,1,caught,1,decode
3091,random_bytes,4784553,6,caught,1,decode
3092,zeroed_run,2816822,3892,caught,1,decode
3093,truncation,1488845,3855303,caught,1,decode
3094,header,919,1,caught,1,decode
3095,payload,833424,1,caught,1,decode
3096,bit_flip,1577876,1,caught,1,decode
3097,random_bytes,1099659,8,caught,1,decode
3098,zeroed_run,2459476,4007,caught,1,decode
3099,truncation,1489614,3854534,caught,1,decode
3100,header,648,1,caught,1,decode
3101,payload,4965146,1,caught,1,decode
3102,bit_flip,1738501,1,caught,1,decode
3103,random_bytes,244437,11,caught,1,decode
3104,zeroed_run,1264332,3267,caught,1,decode
3105,truncation,1607275,3736873,caught,1,decode
3106,header,858,1,caught,1,decode
3107,payload,1535714,1,caught,1,decode
3108,bit_flip,5138452,1,caught,1,decode
3109,random_bytes,5030105,10,caught,1,decode
3110,zeroed_run,4151091,1512,caught,1,decode
3111,truncation,115774,5228374,caught,1,decode
3112,header,695,1,caught,1,decode
3113,payload,3375681,1,caught,1,decode
3114,bit_flip,1576642,1,caught,1,decode
3115,random_bytes,2727335,10,caught,1,decode
3116,zeroed_run,552954,1428,caught,1,decode
3117,truncation,700197,4643951,caught,1,decode
3118,header,896,1,caught,1,decode
3119,payload,1897884,1,caught,1,decode
3120,bit_flip,3721879,1,caught,1,decode
3121,random_bytes,2973829,9,caught,1,decode
3122,zeroed_run,4439832,1022,caught,1,decode
3123,truncation,265895,5078253,caught,1,decode
3124,header,379,1,caught,1,decode
3125,payload,3356138,1,caught,1,decode
3126,bit_flip,4652425,1,caught,1,decode
3127,random_bytes,3370806,7,caught,1,decode
3128,zeroed_run,1679909,3483,caught,1,decode
3129,truncation,1765820,3578328,caught,1,decode
3130,header,100,1,caught,1,decode
3131,payload,774212,1,caught,1,decode
3132,bit_flip,2555169,1,caught,1,decode
3133,random_bytes,524774,6,caught,1,decode
3134,zeroed_run,1475031,3264,caught,1,decode
3135,truncation,4670800,673348,caught,1,decode
3136,header,324,1,caught,1,decode
3137,payload,3421041,1,caught,1,decode
3138,bit_flip,720294,1,caught,1,decode
3139,random_bytes,1297468,15,caught,1,decode
3140,zeroed_run,4888556,732,caught,1,decode
3141,truncation,378893,4965255,caught,1,decode
3142,header,735,1,caught,1,decode
3143,payload,1738666,1,caught,1,decode
3144,bit_flip,1965061,1,caught,1,decode
3145,random_bytes,2392403,12,caught,1,decode
3146,zeroed_run,3477747,3761,caught,1,decode
3147,truncation,3827467,1516681,caught,1,decode
3148,header,652,1,caught,1,decode
3149,payload,3894083,1,caught,1,decode
3150,bit_flip,530378,1,caught,1,decode
3151,random_bytes,745552,14,caught,1,decode
3152,zeroed_run,3565101,2879,caught,1,decode
3153,truncation,1043781,4300367,caught,1,decode
3154,header,835,1,caught,1,decode
3155,payload,4185573,1,caught,1,decode
3156,bit_flip,2914144,1,caught,1,decode
3157,random_bytes,2766998,13,caught,1,decode
3158,zeroed_run,1206481,561,caught,1,decode
3159,truncation,592529,4751619,caught,1,decode
3160,header,297,1,caught,1,decode
3161,payload,3485763,1,caught,1,decode
3162,bit_flip,4112751,1,caught,1,decode
3163,random_bytes,4357984,6,caught,1,decode
3164,zeroed_run,943765,277,caught,1,decode
3165,truncation,1918573,3425575,caught,1,decode
3166,header,242,1,caught,1,decode
3167,payload,687271,1,caught,1,decode
3168,bit_flip,1798119,1,caught,1,decode
3169,random_bytes,1293886,11,caught,1,decode
3170,zeroed_run,4912682,1409,caught,1,decode
3171,truncation,326672,5017476,caught,1,decode
3172,header,882,1,caught,1,decode
3173,payload,4209934,1,caught,1,decode
3174,bit_flip,3472466,1,caught,1,decode
3175,random_bytes,560754,10,caught,1,decode
3176,zeroed_run,2456951,1580,caught,1,decode
3177,truncation,4097701,1246447,caught,1,decode
3178,header,783,1,caught,1,decode
3179,payload,5175478,1,caught,1,decode
3180,bit_flip,1186522,1,caught,1,decode
3181,random_bytes,3213750,15,caught,1,decode
3182,zeroed_run,5001452,19,caught,1,decode
3183,truncation,2920169,2423979,caught,1,decode
3184,header,527,1,caught,1,decode
3185,payload,3529029,1,caught,1,decode
3186,bit_flip,2845835,1,caught,1,decode
3187,random_bytes,2621666,5,caught,1,decode
3188,zeroed_run,2153457,3184,caught,1,decode
3189,truncation,1379284,3964864,caught,1,decode
3190,header,536,1,caught,1,decode
3191,payload,595076,1,caught,1,decode
3192,bit_flip,1424145,1,caught,1,decode
3193,random_bytes,1720717,6,caught,1,decode
3194,zeroed_run,5059221,1151,caught,1,decode
3195,truncation,5154722,189426,caught,1,decode
3196,header,780,1,caught,1,decode
3197,payload,440815,1,caught,1,decode
3198,bit_flip,4905485,1,caught,1,decode
3199,random_bytes,3511344,9,caught,1,decode
3200,zeroed_run,2326724,1770,caught,1,decode
3201,truncation,3419975,1924173,caught,1,decode
3202,header,817,1,caught,1,decode
3203,payload,5009408,1,caught,1,decode
3204,bit_flip,4301360,1,caught,1,decode
3205,random_bytes,304469,10,caught,1,decode
3206,zeroed_run,5209347,3251,caught,1,decode
3207,truncation,650342,4693806,caught,1,decode
3208,header,925,1,caught,1,decode
3209,payload,5078000,1,caught,1,decode
3210,bit_flip,2969058,1,caught,1,decode
3211,random_bytes,4041145,7,caught,1,decode
3212,zeroed_run,1232924,3320,caught,1,decode
3213,truncation,59418,5284730,caught,1,decode
3214,header,156,1,caught,1,decode
3215,payload,2347249,1,caught,1,decode
3216,bit_flip,2060398,1,caught,1,decode
3217,random_bytes,4458681,5,caught,1,decode
3218,zeroed_run,3477918,2127,caught,1,decode
3219,truncation,4310148,1034000,caught,1,decode
3220,header,434,1,caught,1,decode
3221,payload,2206,1,caught,1,decode
3222,bit_flip,1394632,1,caught,1,decode
3223,random_bytes,1209046,14,caught,1,decode
3224,zeroed_run,5007034,638,caught,1,decode
3225,truncation,4305695,1038453,caught,1,decode
3226,header,654,1,caught,1,decode
3227,payload,664029,1,caught,1,decode
3228,bit_flip,2939672,1,caught,1,decode
3229,random_bytes,2330743,6,caught,1,decode
3230,zeroed_run,5336437,850,caught,1,decode
3231,truncation,1775958,3568190,caught,1,decode
3232,header,316,1,caught,1,decode
3233,payload,4196211,1,caught,1,decode
3234,bit_flip,1645340,1,caught,1,decode
3235,random_bytes,5332612,6,caught,1,decode
3236,zeroed_run,2912639,634,caught,1,decode
3237,truncation,1014770,4329378,caught,1,decode
3238,header,524,1,caught,1,decode
3239,payload,1150165,1,caught,1,decode
3240,bit_flip,282664,1,caught,1,decode
3241,random_bytes,1663472,13,caught,1,decode
3242,zeroed_run,3325981,1522,caught,1,decode
3243,truncation,4895487,448661,caught,1,decode
3244,header,496,1,caught,1,decode
3245,payload,3528233,1,caught,1,decode
3246,bit_flip,976764,1,caught,1,decode
3247,random_bytes,2786547,15,caught,1,decode
3248,zeroed_run,2899942,1899,caught,1,decode
3249,truncation,50374,5293774,caught,1,decode
3250,header,822,1,caught,1,decode
3251,payload,2199730,1,caught,1,decode
3252,bit_flip,4242837,1,caught,1,decode
3253,random_bytes,810591,4,caught,1,decode
3254,zeroed_run,688802,2507,caught,1,decode
3255,truncation,5042274,301874,caught,1,decode
3256,header,436,1,caught,1,decode
3257,payload,4388622,1,caught,1,decode
3258,bit_flip,2567557,1,caught,1,decode
3259,random_bytes,145898,8,caught,1,decode
3260,zeroed_run,3795404,1361,caught,1,decode
3261,truncation,3147682,2196466,caught,1,decode
3262,header,934,1,caught,1,decode
3263,payload,3660033,1,caught,1,decode
3264,bit_flip,5302025,1,caught,1,decode
3265,random_bytes,4848349,13,caught,1,decode
3266,zeroed_run,4764004,3222,caught,1,decode
3267,truncation,3139158,2204990,caught,1,decode
3268,header,855,1,caught,1,decode
3269,payload,2875614,1,caught,1,decode
3270,bit_flip,2017068,1,caught,1,decode
3271,random_bytes,3397129,12,caught,1,decode
3272,zeroed_run,5166489,3835,caught,1,decode
3273,truncation,1376149,3967999,caught,1,decode
3274,header,285,1,caught,1,decode
3275,payload,4073598,1,caught,1,decode
3276,bit_flip,4071284,1,caught,1,decode
3277,random_bytes,1960268,4,caught,1,decode
3278,zeroed_run,881530,3179,caught,1,decode
3279,truncation,5290999,53149,caught,1,decode
3280,header,960,1,caught,1,decode
3281,payload,963594,1,caught,1,decode
3282,bit_flip,2762143,1,caught,1,decode
3283,random_bytes,1867872,13,caught,1,decode
3284,zeroed_run,3916049,3150,caught,1,decode
3285,truncation,4755785,588363,caught,1,decode
3286,header,933,1,caught,1,decode
3287,payload,2740076,1,caught,1,decode
3288,bit_flip,4164913,1,caught,1,decode
3289,random_bytes,4286382,4,caught,1,decode
3290,zeroed_run,4347223,1512,caught,1,decode
3291,truncation,4547267,796881,caught,1,decode
3292,header,543,1,caught,1,decode
3293,payload,3952800,1,caught,1,decode
3294,bit_flip,3313072,1,caught,1,decode
3295,random_bytes,2934755,1,caught,1,decode
3296,zeroed_run,1018199,4093,caught,1,decode
3297,truncation,4853262,490886,caught,1,decode
3298,header,14,1,harmless,0,decode
3299,payload,3730685,1,caught,1,decode
3300,bit_flip,1522117,1,caught,1,decode
3301,random_bytes,1773780,2,caught,1,decode
3302,zeroed_run,3180629,1454,caught,1,decode
3303,truncation,5255190,88958,caught,1,decode
3304,header,946,1,caught,1,decode
3305,payload,2250279,1,caught,1,decode
3306,bit_flip,2117225,1,caught,1,decode
3307,random_bytes,1886608,5,caught,1,decode
3308,zeroed_run,4578020,971,caught,1,decode
3309,truncation,112944,5231204,caught,1,decode
3310,header,997,1,caught,1,decode
3311,payload,558632,1,caught,1,decode
3312,bit_flip,2451916,1,caught,1,decode
3313,random_bytes,4558917,3,caught,1,decode
3314,zeroed_run,3209726,1629,caught,1,decode
3315,truncation,2734390,2609758,caught,1,decode
3316,header,62,1,caught,1,decode
3317,payload,636016,1,caught,1,decode
3318,bit_flip,302387,1,caught,1,decode
3319,random_bytes,3782648,11,caught,1,decode
3320,zeroed_run,4415460,3201,caught,1,decode
3321,truncation,1951325,3392823,caught,1,decode
3322,header,412,1,caught,1,decode
3323,payload,1624892,1,caught,1,decode
3324,bit_flip,561520,1,caught,1,decode
3325,random_bytes,4294664,14,caught,1,decode
3326,zeroed_run,2256810,2079,caught,1,decode
3327,truncation,65079,5279069,caught,1,decode
3328,header,242,1,caught,1,decode
3329,payload,1560088,1,caught,1,decode
3330,bit_flip,3557979,1,caught,1,decode
3331,random_bytes,5336560,16,caught,1,decode
3332,zeroed_run,4927192,3890,caught,1,decode
3333,truncation,3091298,2252850,caught,1,decode
3334,header,488,1,caught,1,decode
3335,payload,2013004,1,caught,1,decode
3336,bit_flip,4984566,1,caught,1,decode
3337,random_bytes,4745140,4,caught,1,decode
3338,zeroed_run,4795000,2708,caught,1,decode
3339,truncation,3299860,2044288,caught,1,decode
3340,header,12,1,harmless,0,decode
3341,payload,539358,1,caught,1,decode
3342,bit_flip,4914086,1,caught,1,decode
3343,random_bytes,643573,10,caught,1,decode
3344,zeroed_run,2633560,2789,caught,1,decode
3345,truncation,5324634,19514,caught,1,decode
3346,header,644,1,caught,1,decode
3347,payload,1986015,1,caught,1,decode
3348,bit_flip,757057,1,caught,1,decode
3349,random_bytes,1726232,6,caught,1,decode
3350,zeroed_run,3576193,63,caught,1,decode
3351,truncation,2342199,3001949,caught,1,decode
3352,header,68,1,caught,1,decode
3353,payload,4791144,1,caught,1,decode
3354,bit_flip,2884137,1,caught,1,decode
3355,random_bytes,4226075,7,caught,1,decode
3356,zeroed_run,5211945,522,caught,1,decode
3357,truncation,182891,5161257,caught,1,decode
3358,header,543,1,caught,1,decode
3359,payload,1002244,1,caught,1,decode
3360,bit_flip,598605,1,caught,1,decode
3361,random_bytes,461893,11,caught,1,decode
3362,zeroed_run,1366972,1791,caught,1,decode
3363,truncation,2991638,2352510,caught,1,decode
3364,header,820,1,caught,1,decode
3365,payload,3000753,1,caught,1,decode
3366,bit_flip,2695155,1,caught,1,decode
3367,random_bytes,1462834,11,caught,1,decode
3368,zeroed_run,1841618,2905,caught,1,decode
3369,truncation,2052672,3291476,caught,1,decode
3370,header,100,1,caught,1,decode
3371,payload,2614335,1,caught,1,decode
3372,bit_flip,3521912,1,caught,1,decode
3373,random_bytes,3675197,10,caught,1,decode
3374,zeroed_run,1391935,2790,caught,1,decode
3375,truncation,1129984,4214164,caught,1,decode
3376,header,152,1,caught,1,decode
3377,payload,3228813,1,caught,1,decode
3378,bit_flip,3028765,1,caught,1,decode
3379,random_bytes,5263804,1,caught,1,decode
3380,zeroed_run,5105114,3557,caught,1,decode
3381,truncation,842748,4501400,caught,1,decode
3382,header,214,1,caught,1,decode
3383,payload,4624364,1,caught,1,decode
3384,bit_flip,5100449,1,caught,1,decode
3385,random_bytes,154978,11,caught,1,decode
3386,zeroed_run,2158518,95,caught,1,decode
3387,truncation,2189970,3154178,caught,1,decode
3388,header,198,1,caught,1,decode
3389,payload,1883112,1,caught,1,decode
3390,bit_flip,3782367,1,caught,1,decode
3391,random_bytes,1264618,8,caught,1,decode
3392,zeroed_run,2714412,2078,caught,1,decode
3393,truncation,4252309,1091839,caught,1,decode
3394,header,903,1,caught,1,decode
3395,payload,3913919,1,caught,1,decode
3396,bit_flip,1229222,1,caught,1,decode
3397,random_bytes,2978449,3,caught,1,decode
3398,zeroed_run,3688283,2197,caught,1,decode
3399,truncation,5278276,65872,caught,1,decode
3400,header,412,1,caught,1,decode
3401,payload,3227250,1,caught,1,decode
3402,bit_flip,3022620,1,caught,1,decode
3403,random_bytes,305672,2,caught,1,decode
3404,zeroed_run,399958,2065,caught,1,decode
3405,truncation,1850887,3493261,caught,1,decode
3406,header,423,1,caught,1,decode
3407,payload,2634298,1,caught,1,decode
3408,bit_flip,275682,1,caught,1,decode
3409,random_bytes,4924659,5,caught,1,decode
3410,zeroed_run,921485,2957,caught,1,decode
3411,truncation,4782379,561769,caught,1,decode
3412,header,925,1,caught,1,decode
3413,payload,2394167,1,caught,1,decode
3414,bit_flip,530274,1,caught,1,decode
3415,random_bytes,3514618,2,caught,1,decode
3416,zeroed_run,3909886,3007,caught,1,decode
3417,truncation,4782222,561926,caught,1,decode
3418,header,158,1,caught,1,decode
3419,payload,2998238,1,caught,1,decode
3420,bit_flip,4420618,1,caught,1,decode
3421,random_bytes,3662801,5,caught,1,decode
3422,zeroed_run,897813,82,caught,1,decode
3423,truncation,2261318,3082830,caught,1,decode
3424,header,379,1,caught,1,decode
3425,payload,1457354,1,caught,1,decode
3426,bit_flip,5171271,1,caught,1,decode
3427,random_bytes,2365221,1,caught,1,decode
3428,zeroed_run,923064,1390,caught,1,decode
3429,truncation,4917884,426264,caught,1,decode
3430,header,77,1,caught,1,decode
3431,payload,4115176,1,caught,1,decode
3432,bit_flip,2093844,1,caught,1,decode
3433,random_bytes,4912592,16,caught,1,decode
3434,zeroed_run,869216,4085,caught,1,decode
3435,truncation,1015663,4328485,caught,1,decode
3436,header,925,1,caught,1,decode
3437,payload,1490405,1,caught,1,decode
3438,bit_flip,5027048,1,caught,1,decode
3439,random_bytes,599238,8,caught,1,decode
3440,zeroed_run,11559,3264,caught,1,decode
3441,truncation,1978867,3365281,caught,1,decode
3442,header,363,1,caught,1,decode
3443,payload,3156819,1,caught,1,decode
3444,bit_flip,3950216,1,caught,1,decode
3445,random_bytes,1511720,7,caught,1,decode
3446,zeroed_run,828209,4018,caught,1,decode
3447,truncation,2245606,3098542,caught,1,decode
3448,header,207,1,caught,1,decode
3449,payload,1921051,1,caught,1,decode
3450,bit_flip,4555659,1,caught,1,decode
3451,random_bytes,4703348,15,caught,1,decode
3452,zeroed_run,44977,1806,caught,1,decode
3453,truncation,1258814,4085334,caught,1,decode
3454,header,663,1,caught,1,decode
3455,payload,41570,1,caught,1,decode
3456,bit_flip,643955,1,caught,1,decode
3457,random_bytes,4149928,9,caught,1,decode
3458,zeroed_run,2783761,2768,caught,1,decode
3459,truncation,1705959,3638189,caught,1,decode
3460,header,663,1,caught,1,decode
3461,payload,2024027,1,caught,1,decode
3462,bit_flip,3518116,1,caught,1,decode
3463,random_bytes,3413137,14,caught,1,decode
3464,zeroed_run,4123360,2444,caught,1,decode
3465,truncation,1401024,3943124,caught,1,decode
3466,header,630,1,caught,1,decode
3467,payload,3529423,1,caught,1,decode
3468,bit_flip,1572968,1,caught,1,decode
3469,random_bytes,2248027,16,caught,1,decode
3470,zeroed_run,162892,3215,caught,1,decode
3471,truncation,472337,4871811,caught,1,decode
3472,header,613,1,caught,1,decode
3473,payload,2089823,1,caught,1,decode
3474,bit_flip,1928840,1,caught,1,decode
3475,random_bytes,3518446,7,caught,1,decode
3476,zeroed_run,1086657,2521,caught,1,decode
3477,truncation,1436169,3907979,caught,1,decode
3478,header,189,1,caught,1,decode
3479,payload,1060429,1,caught,1,decode
3480,bit_flip,1780424,1,caught,1,decode
3481,random_bytes,2469631,11,caught,1,decode
3482,zeroed_run,833614,3657,caught,1,decode
3483,truncation,371591,4972557,caught,1,decode
3484,header,840,1,caught,1,decode
3485,payload,3672306,1,caught,1,decode
3486,bit_flip,3317847,1,caught,1,decode
3487,random_bytes,1795624,3,caught,1,decode
3488,zeroed_run,3754643,3157,caught,1,decode
3489,truncation,4413586,930562,caught,1,decode
3490,header,396,1,caught,1,decode
3491,payload,4550580,1,caught,1,decode
3492,bit_flip,4736010,1,caught,1,decode
3493,random_bytes,348068,14,caught,1,decode
3494,zeroed_run,1084008,138,caught,1,decode
3495,truncation,3375957,1968191,caught,1,decode
3496,header,390,1,caught,1,decode
3497,payload,3691644,1,caught,1,decode
3498,bit_flip,3089081,1,caught,1,decode
3499,random_bytes,66287,5,caught,1,decode
3500,zeroed_run,749982,3091,caught,1,decode
3501,truncation,2687420,2656728,caught,1,decode
3502,header,869,1,caught,1,decode
3503,payload,1092390,1,caught,1,decode
3504,bit_flip,3699792,1,caught,1,decode
3505,random_bytes,724019,16,caught,1,decode
3506,zeroed_run,3608763,3191,caught,1,decode
3507,truncation,3450704,1893444,caught,1,decode
3508,header,92,1,caught,1,decode
3509,payload,21295,1,caught,1,decode
3510,bit_flip,1523379,1,caught,1,decode
3511,random_bytes,1394678,13,caught,1,decode
3512,zeroed_run,4846316,1072,caught,1,decode
3513,truncation,1748852,3595296,caught,1,decode
3514,header,874,1,caught,1,decode
3515,payload,3300250,1,caught,1,decode
3516,bit_flip,3909871,1,caught,1,decode
3517,random_bytes,3143346,11,caught,1,decode
3518,zeroed_run,1817880,2252,caught,1,decode
3519,truncation,2743349,2600799,caught,1,decode
3520,header,771,1,caught,1,decode
3521,payload,893114,1,caught,1,decode
3522,bit_flip,776240,1,caught,1,decode
3523,random_bytes,4098668,6,caught,1,decode
3524,zeroed_run,550621,303,caught,1,decode
3525,truncation,4756244,587904,caught,1,decode
3526,header,611,1,caught,1,decode
3527,payload,3095315,1,caught,1,decode
3528,bit_flip,1603337,1,caught,1,decode
3529,random_bytes,342297,13,caught,1,decode
3530,zeroed_run,3988682,986,caught,1,decode
3531,truncation,2400222,2943926,caught,1,decode
3532,header,67,1,caught,1,decode
3533,payload,3587389,1,caught,1,decode
3534,bit_flip,5121957,1,caught,1,decode
3535,random_bytes,4723422,12,caught,1,decode
3536,zeroed_run,3599150,3007,caught,1,decode
3537,truncation,3307335,2036813,caught,1,decode
3538,header,894,1,caught,1,decode
3539,payload,2613690,1,caught,1,decode
3540,bit_flip,5166305,1,caught,1,decode
3541,random_bytes,3141870,5,caught,1,decode
3542,zeroed_run,4213538,857,caught,1,decode
3543,truncation,994466,4349682,caught,1,decode
3544,header,533,1,caught,1,decode
3545,payload,1026542,1,caught,1,decode
3546,bit_flip,2791430,1,caught,1,decode
3547,random_bytes,3326031,9,caught,1,decode
3548,zeroed_run,1593354,1618,caught,1,decode
3549,truncation,4525996,818152,caught,1,decode
3550,header,991,1,caught,1,decode
3551,payload,1592948,1,caught,1,decode
3552,bit_flip,1324307,1,caught,1,decode
3553,random_bytes,4873810,7,caught,1,decode
3554,zeroed_run,712516,2502,caught,1,decode
3555,truncation,4731524,612624,caught,1,decode
3556,header,858,1,caught,1,decode
3557,payload,3515683,1,caught,1,decode
3558,bit_flip,2933075,1,caught,1,decode
3559,random_bytes,1675048,15,caught,1,decode
3560,zeroed_run,5259475,3844,caught,1,decode
3561,truncation,2282994,3061154,caught,1,decode
3562,header,475,1,caught,1,decode
3563,payload,1065027,1,caught,1,decode
3564,bit_flip,1914340,1,caught,1,decode
3565,random_bytes,1886747,7,caught,1,decode
3566,zeroed_run,2806864,2675,caught,1,decode
3567,truncation,996663,4347485,caught,1,decode
3568,header,376,1,caught,1,decode
3569,payload,492659,1,caught,1,decode
3570,bit_flip,4302584,1,caught,1,decode
3571,random_bytes,4203542,14,caught,1,decode
3572,zeroed_run,960053,2404,caught,1,decode
3573,truncation,1661639,3682509,caught,1,decode
3574,header,958,1,caught,1,decode
3575,payload,2831764,1,caught,1,decode
3576,bit_flip,1677887,1,caught,1,decode
3577,random_bytes,463922,1,caught,1,decode
3578,zeroed_run,520406,1760,caught,1,decode
3579,truncation,1119292,4224856,caught,1,decode
3580,header,363,1,caught,1,decode
3581,payload,3045166,1,caught,1,decode
3582,bit_flip,2015621,1,caught,1,decode
3583,random_bytes,147164,15,caught,1,decode
3584,zeroed_run,1557872,2350,caught,1,decode
3585,truncation,1404138,3940010,caught,1,decode
3586,header,411,1,caught,1,decode
3587,payload,4375256,1,caught,1,decode
3588,bit_flip,3411206,1,caught,1,decode
3589,random_bytes,148670,9,caught,1,decode
3590,zeroed_run,1714525,1750,caught,1,decode
3591,truncation,2131757,3212391,caught,1,decode
3592,header,556,1,caught,1,decode
3593,payload,2113252,1,caught,1,decode
3594,bit_flip,4510514,1,caught,1,decode
3595,random_bytes,76686,2,caught,1,decode
3596,zeroed_run,3438943,470,caught,1,decode
3597,truncation,3172516,2171632,caught,1,decode
3598,header,491,1,caught,1,decode
3599,payload,4218280,1,caught,1,decode
3600,bit_flip,1259676,1,caught,1,decode
3601,random_bytes,3116904,6,caught,1,decode
3602,zeroed_run,1558600,3156,caught,1,decode
3603,truncation,1834053,3510095,caught,1,decode
3604,header,789,1,caught,1,decode
3605,payload,328029,1,caught,1,decode
3606,bit_flip,2391965,1,caught,1,decode
3607,random_bytes,2762727,15,caught,1,decode
3608,zeroed_run,3346314,3608,caught,1,decode
3609,truncation,3334054,2010094,caught,1,decode
3610,header,969,1,caught,1,decode
3611,payload,1589659,1,caught,1,decode
3612,bit_flip,2611111,1,caught,1,decode
3613,random_bytes,5178887,7,caught,1,decode
3614,zeroed_run,4854685,1047,caught,1,decode
3615,truncation,4513352,830796,caught,1,decode
3616,header,408,1,caught,1,decode
3617,payload,3260304,1,caught,1,decode
3618,bit_flip,2894321,1,caught,1,decode
3619,random_bytes,323830,4,caught,1,decode
3620,zeroed_run,1394430,743,caught,1,decode
3621,truncation,3280538,2063610,caught,1,decode
3622,header,717,1,caught,1,decode
3623,payload,4379775,1,caught,1,decode
3624,bit_flip,623776,1,caught,1,decode
3625,random_bytes,2722288,3,caught,1,decode
3626,zeroed_run,674903,3072,caught,1,decode
3627,truncation,4419543,924605,caught,1,decode
3628,header,683,1,caught,1,decode
3629,payload,2410395,1,caught,1,decode
3630,bit_flip,103283,1,caught,1,decode
3631,random_bytes,1480971,7,caught,1,decode
3632,zeroed_run,941303,2753,caught,1,decode
3633,truncation,304705,5039443,caught,1,decode
3634,header,324,1,caught,1,decode
3635,payload,4772816,1,caught,1,decode
3636,bit_flip,193931,1,caught,1,decode
3637,random_bytes,4695078,13,caught,1,decode
3638,zeroed_run,1905221,3376,caught,1,decode
3639,truncation,4815020,529128,caught,1,decode
3640,header,69,1,caught,1,decode
3641,payload,2940877,1,caught,1,decode
3642,bit_flip,224583,1,caught,1,decode
3643,random_bytes,4213623,6,caught,1,decode
3644,zeroed_run,3245172,3454,caught,1,decode
3645,truncation,2027144,3317004,caught,1,decode
3646,header,787,1,caught,1,decode
3647,payload,834009,1,caught,1,decode
3648,bit_flip,4388796,1,caught,1,decode
3649,random_bytes,525259,7,caught,1,decode
3650,zeroed_run,814479,2963,caught,1,decode
3651,truncation,3930677,1413471,caught,1,decode
3652,header,573,1,caught,1,decode
3653,payload,5262554,1,caught,1,decode
3654,bit_flip,4355514,1,caught,1,decode
3655,random_bytes,5071435,5,caught,1,decode
3656,zeroed_run,4703590,3784,caught,1,decode
3657,truncation,1622882,3721266,caught,1,decode
3658,header,987,1,caught,1,decode
3659,payload,227784,1,caught,1,decode
3660,bit_flip,931627,1,caught,1,decode
3661,random_bytes,4487630,6,caught,1,decode
3662,zeroed_run,1873033,256,caught,1,decode
3663,truncation,1207083,4137065,caught,1,decode
3664,header,59,1,caught,1,decode
3665,payload,4947397,1,harmless,0,decode
3666,bit_flip,451362,1,caught,1,decode
3667,random_bytes,731484,4,caught,1,decode
3668,zeroed_run,5335110,657,caught,1,decode
3669,truncation,3538798,1805350,caught,1,decode
3670,header,133,1,caught,1,decode
3671,payload,4864760,1,caught,1,decode
3672,bit_flip,1745420,1,caught,1,decode
3673,random_bytes,5235872,12,caught,1,decode
3674,zeroed_run,3290218,533,caught,1,decode
3675,truncation,4100659,1243489,caught,1,decode
3676,header,863,1,caught,1,decode
3677,payload,5144981,1,caught,1,decode
3678,bit_flip,2378171,1,caught,1,decode
3679,random_bytes,3374856,3,caught,1,decode
3680,zeroed_run,3607985,636,caught,1,decode
3681,truncation,261965,5082183,caught,1,decode
3682,header,862,1,caught,1,decode
3683,payload,4406894,1,caught,1,decode
3684,bit_flip,4800492,1,caught,1,decode
3685,random_bytes,387180,6,caught,1,decode
3686,zeroed_run,3596501,464,caught,1,decode
3687,truncation,1899775,3444373,caught,1,decode
3688,header,452,1,caught,1,decode
3689,payload,4555481,1,caught,1,decode
3690,bit_flip,534662,1,caught,1,decode
3691,random_bytes,4960976,15,caught,1,decode
3692,zeroed_run,4693567,3346,caught,1,decode
3693,truncation,2097845,3246303,caught,1,decode
3694,header,609,1,caught,1,decode
3695,payload,3945179,1,caught,1,decode
3696,bit_flip,2976565,1,caught,1,decode
3697,random_bytes,242601,12,caught,1,decode
3698,zeroed_run,2581179,3674,caught,1,decode
3699,truncation,2426554,2917594,caught,1,decode
3700,header,134,1,caught,1,decode
3701,payload,634371,1,caught,1,decode
3702,bit_flip,2399608,1,caught,1,decode
3703,random_bytes,4417469,10,caught,1,decode
3704,zeroed_run,1261405,2511,caught,1,decode
3705,truncation,2079131,3265017,caught,1,decode
3706,header,259,1,caught,1,decode
3707,payload,3024625,1,caught,1,decode
3708,bit_flip,450598,1,caught,1,decode
3709,random_bytes,1981771,11,caught,1,decode
3710,zeroed_run,1976890,845,caught,1,decode
3711,truncation,751487,4592661,caught,1,decode
3712,header,76,1,caught,1,decode
3713,payload,2812048,1,caught,1,decode
3714,bit_flip,2020529,1,caught,1,decode
3715,random_bytes,5001204,13,caught,1,decode
3716,zeroed_run,836021,2888,caught,1,decode
3717,truncation,2897382,2446766,caught,1,decode
3718,header,943,1,caught,1,decode
3719,payload,1809849,1,caught,1,decode
3720,bit_flip,1611497,1,caught,1,decode
3721,random_bytes,1508779,8,caught,1,decode
3722,zeroed_run,4407559,2642,caught,1,decode
3723,truncation,513171,4830977,caught,1,decode
3724,header,502,1,caught,1,decode
3725,payload,1803213,1,caught,1,decode
3726,bit_flip,31370,1,caught,1,decode
3727,random_bytes,2246043,13,caught,1,decode
3728,zeroed_run,1075654,3237,caught,1,decode
3729,truncation,4442229,901919,caught,1,decode
3730,header,492,1,caught,1,decode
3731,payload,2292669,1,caught,1,decode
3732,bit_flip,445667,1,caught,1,decode
3733,random_bytes,1333366,14,caught,1,decode
3734,zeroed_run,1127851,2653,caught,1,decode
3735,truncation,1311003,4033145,caught,1,decode
3736,header,72,1,caught,1,decode
3737,payload,2935456,1,caught,1,decode
3738,bit_flip,1004256,1,caught,1,decode
3739,random_bytes,293406,4,caught,1,decode
3740,zeroed_run,2296100,3858,caught,1,decode
3741,truncation,4958574,385574,caught,1,decode
3742,header,498,1,caught,1,decode
3743,payload,421443,1,caught,1,decode
3744,bit_flip,2578829,1,caught,1,decode
3745,random_bytes,1622872,7,caught,1,decode
3746,zeroed_run,944718,2121,caught,1,decode
3747,truncation,409870,4934278,caught,1,decode
3748,header,380,1,caught,1,decode
3749,payload,242369,1,caught,1,decode
3750,bit_flip,4895804,1,caught,1,decode
3751,random_bytes,299283,5,caught,1,decode
3752,zeroed_run,4518336,76,caught,1,decode
3753,truncation,3771381,1572767,caught,1,decode
3754,header,238,1,caught,1,decode
3755,payload,3643339,1,caught,1,decode
3756,bit_flip,2124771,1,caught,1,decode
3757,random_bytes,1679910,13,caught,1,decode
3758,zeroed_run,4215199,3428,caught,1,decode
3759,truncation,1530423,3813725,caught,1,decode
3760,header,136,1,caught,1,decode
3761,payload,55074,1,caught,1,decode
3762,bit_flip,2519594,1,caught,1,decode
3763,random_bytes,170029,13,caught,1,decode
3764,zeroed_run,5303761,3976,caught,1,decode
3765,truncation,2109282,3234866,caught,1,decode
3766,header,428,1,caught,1,decode
3767,payload,4991259,1,caught,1,decode
3768,bit_flip,3896179,1,caught,1,decode
3769,random_bytes,1421756,13,caught,1,decode
3770,zeroed_run,2206450,1663,caught,1,decode
3771,truncation,1360402,3983746,caught,1,decode
3772,header,122,1,caught,1,decode
3773,payload,1845098,1,caught,1,decode
3774,bit_flip,5341289,1,caught,1,decode
3775,random_bytes,4658023,16,caught,1,decode
3776,zeroed_run,3098798,1364,caught,1,decode
3777,truncation,2202221,3141927,caught,1,decode
3778,header,986,1,caught,1,decode
3779,payload,1230625,1,caught,1,decode
3780,bit_flip,3140376,1,caught,1,decode
3781,random_bytes,3165753,6,caught,1,decode
3782,zeroed_run,2298227,3741,caught,1,decode
3783,truncation,4106446,1237702,caught,1,decode
3784,header,733,1,caught,1,decode
3785,payload,5086258,1,caught,1,decode
3786,bit_flip,5176452,1,caught,1,decode
3787,random_bytes,2648911,7,caught,1,decode
3788,zeroed_run,5175122,439,caught,1,decode
3789,truncation,2150799,3193349,caught,1,decode
3790,header,332,1,caught,1,decode
3791,payload,2103481,1,caught,1,decode
3792,bit_flip,1935247,1,caught,1,decode
3793,random_bytes,4688191,4,caught,1,decode
3794,zeroed_run,362383,453,caught,1,decode
3795,truncation,398243,4945905,caught,1,decode
3796,header,72,1,caught,1,decode
3797,payload,2836453,1,caught,1,decode
3798,bit_flip,2493745,1,caught,1,decode
3799,random_bytes,1961296,5,caught,1,decode
3800,zeroed_run,1660332,1408,caught,1,decode
3801,truncation,3409326,1934822,caught,1,decode
3802,header,721,1,caught,1,decode
3803,payload,4120184,1,caught,1,decode
3804,bit_flip,1111718,1,caught,1,decode
3805,random_bytes,3389203,13,caught,1,decode
3806,zeroed_run,701059,2757,caught,1,decode
3807,truncation,4515837,828311,caught,1,decode
3808,header,597,1,caught,1,decode
3809,payload,1825443,1,caught,1,decode
3810,bit_flip,165532,1,caught,1,decode
3811,random_bytes,1256718,1,caught,1,decode
3812,zeroed_run,1825224,2021,caught,1,decode
3813,truncation,4196855,1147293,caught,1,decode
3814,header,814,1,caught,1,decode
3815,payload,3458324,1,caught,1,decode
3816,bit_flip,809667,1,caught,1,decode
3817,random_bytes,4496420,10,caught,1,decode
3818,zeroed_run,4412879,2365,caught,1,decode
3819,truncation,2466689,2877459,caught,1,decode
3820,header,118,1,caught,1,decode
3821,payload,1330595,1,caught,1,decode
3822,bit_flip,4212385,1,caught,1,decode
3823,random_bytes,536477,11,caught,1,decode
3824,zeroed_run,1940270,3894,caught,1,decode
3825,truncation,2339282,3004866,caught,1,decode
3826,header,983,1,caught,1,decode
3827,payload,249038,1,caught,1,decode
3828,bit_flip,5278556,1,caught,1,decode
3829,random_bytes,2881270,4,caught,1,decode
3830,zeroed_run,4821188,3374,caught,1,decode
3831,truncation,2749565,2594583,caught,1,decode
3832,header,440,1,caught,1,decode
3833,payload,1578639,1,caught,1,decode
3834,bit_flip,516076,1,caught,1,decode
3835,random_bytes,1481187,6,caught,1,decode
3836,zeroed_run,1114580,1011,caught,1,decode
3837,truncation,1226219,4117929,caught,1,decode
3838,header,162,1,caught,1,decode
3839,payload,5134398,1,caught,1,decode
3840,bit_flip,4314639,1,caught,1,decode
3841,random_bytes,4749379,15,caught,1,decode
3842,zeroed_run,526863,2289,caught,1,decode
3843,truncation,159181,5184967,caught,1,decode
3844,header,14,1,harmless,0,decode
3845,payload,481331,1,caught,1,decode
3846,bit_flip,4059111,1,caught,1,decode
3847,random_bytes,5316066,9,caught,1,decode
3848,zeroed_run,896623,2513,caught,1,decode
3849,truncation,2382274,2961874,caught,1,decode
3850,header,220,1,caught,1,decode
3851,payload,3416131,1,caught,1,decode
3852,bit_flip,2543382,1,caught,1,decode
3853,random_bytes,1924162,8,caught,1,decode
3854,zeroed_run,938545,3994,caught,1,decode
3855,truncation,2119714,3224434,caught,1,decode
3856,header,842,1,caught,1,decode
3857,payload,3242570,1,caught,1,decode
3858,bit_flip,5148602,1,caught,1,decode
3859,random_bytes,3283557,13,caught,1,decode
3860,zeroed_run,431627,3721,caught,1,decode
3861,truncation,2912286,2431862,caught,1,decode
3862,header,230,1,caught,1,decode
3863,payload,953579,1,caught,1,decode
3864,bit_flip,4361271,1,caught,1,decode
3865,random_bytes,2855469,12,caught,1,decode
3866,zeroed_run,4342781,3019,caught,1,decode
3867,truncation,3135641,2208507,caught,1,decode
3868,header,172,1,caught,1,decode
3869,payload,4447019,1,caught,1,decode
3870,bit_flip,644259,1,caught,1,decode
3871,random_bytes,1794310,14,caught,1,decode
3872,zeroed_run,4324462,4003,caught,1,decode
3873,truncation,2334587,3009561,caught,1,decode
3874,header,203,1,caught,1,decode
3875,payload,1776935,1,caught,1,decode
3876,bit_flip,1044165,1,caught,1,decode
3877,random_bytes,4728324,2,caught,1,decode
3878,zeroed_run,69773,3033,caught,1,decode
3879,truncation,262188,5081960,caught,1,decode
3880,header,470,1,caught,1,decode
3881,payload,225424,1,caught,1,decode
3882,bit_flip,403626,1,caught,1,decode
3883,random_bytes,840355,15,caught,1,decode
3884,zeroed_run,4829306,1451,caught,1,decode
3885,truncation,130801,5213347,caught,1,decode
3886,header,11,1,caught,1,decode
3887,payload,1347311,1,caught,1,decode
3888,bit_flip,615563,1,caught,1,decode
3889,random_bytes,4251678,3,caught,1,decode
3890,zeroed_run,4861407,1730,caught,1,decode
3891,truncation,2571374,2772774,caught,1,decode
3892,header,763,1,caught,1,decode
3893,payload,3473342,1,caught,1,decode
3894,bit_flip,581400,1,caught,1,decode
3895,random_bytes,4307745,4,caught,1,decode
3896,zeroed_run,1257023,1538,caught,1,decode
3897,truncation,3181979,2162169,caught,1,decode
3898,header,61,1,caught,1,decode
3899,payload,1156235,1,caught,1,decode
3900,bit_flip,4702195,1,caught,1,decode
3901,random_bytes,487248,3,caught,1,decode
3902,zeroed_run,2231926,1298,caught,1,decode
3903,truncation,3339410,2004738,caught,1,decode
3904,header,223,1,caught,1,decode
3905,payload,3490355,1,caught,1,decode
3906,bit_flip,4333085,1,caught,1,decode
3907,random_bytes,7699,2,caught,1,decode
3908,zeroed_run,4148791,1716,caught,1,decode
3909,truncation,4733851,610297,caught,1,decode
3910,header,277,1,caught,1,decode
3911,payload,613718,1,caught,1,decode
3912,bit_flip,3667032,1,caught,1,decode
3913,random_bytes,5197290,14,caught,1,decode
3914,zeroed_run,5115997,1617,caught,1,decode
3915,truncation,4588032,756116,caught,1,decode
3916,header,109,1,caught,1,decode
3917,payload,3186036,1,caught,1,decode
3918,bit_flip,1599788,1,caught,1,decode
3919,random_bytes,538919,1,caught,1,decode
3920,zeroed_run,2481861,563,caught,1,decode
3921,truncation,3777867,1566281,caught,1,decode
3922,header,931,1,caught,1,decode
3923,payload,4493474,1,caught,1,decode
3924,bit_flip,255684,1,caught,1,decode
3925,random_bytes,5285361,6,caught,1,decode
3926,zeroed_run,1731383,798,caught,1,decode
3927,truncation,1762108,3582040,caught,1,decode
3928,header,121,1,caught,1,decode
3929,payload,3986341,1,caught,1,decode
3930,bit_flip,971106,1,caught,1,decode
3931,random_bytes,3217882,6,caught,1,decode
3932,zeroed_run,5126900,611,caught,1,decode
3933,truncation,717399,4626749,caught,1,decode
3934,header,761,1,caught,1,decode
3935,payload,4882542,1,caught,1,decode
3936,bit_flip,5216992,1,caught,1,decode
3937,random_bytes,132149,6,caught,1,decode
3938,zeroed_run,2122835,815,caught,1,decode
3939,truncation,260241,5083907,caught,1,decode
3940,header,311,1,caught,1,decode
3941,payload,1606736,1,caught,1,decode
3942,bit_flip,2780750,1,caught,1,decode
3943,random_bytes,1579886,7,caught,1,decode
3944,zeroed_run,4491233,3753,caught,1,decode
3945,truncation,3305609,2038539,caught,1,decode
3946,header,386,1,caught,1,decode
3947,payload,764045,1,caught,1,decode
3948,bit_flip,4086571,1,caught,1,decode
3949,random_bytes,4659773,15,caught,1,decode
3950,zeroed_run,1555101,2058,caught,1,decode
3951,truncation,960122,4384026,caught,1,decode
3952,header,1001,1,caught,1,decode
3953,payload,3132167,1,caught,1,decode
3954,bit_flip,99817,1,caught,1,decode
3955,random_bytes,1166028,8,caught,1,decode
3956,zeroed_run,3952537,3607,caught,1,decode
3957,truncation,602553,4741595,caught,1,decode
3958,header,415,1,caught,1,decode
3959,payload,3564520,1,caught,1,decode
3960,bit_flip,2381006,1,caught,1,decode
3961,random_bytes,5329794,11,caught,1,decode
3962,zeroed_run,872109,2025,caught,1,decode
3963,truncation,2537072,2807076,caught,1,decode
3964,header,423,1,caught,1,decode
3965,payload,2284788,1,caught,1,decode
3966,bit_flip,4934030,1,caught,1,decode
3967,random_bytes,2407583,9,caught,1,decode
3968,zeroed_run,3081076,3195,caught,1,decode
3969,truncation,2639871,2704277,caught,1,decode
3970,header,769,1,caught,1,decode
3971,payload,3541654,1,caught,1,decode
3972,bit_flip,238507,1,caught,1,decode
3973,random_bytes,2343736,15,caught,1,decode
3974,zeroed_run,4742673,614,caught,1,decode
3975,truncation,1802111,3542037,caught,1,decode
3976,header,931,1,caught,1,decode
3977,payload,2274806,1,caught,1,decode
3978,bit_flip,3223756,1,caught,1,decode
3979,random_bytes,3232639,4,caught,1,decode
3980,zeroed_run,2251731,987,caught,1,decode
3981,truncation,3627474,1716674,caught,1,decode
3982,header,105,1,caught,1,decode
3983,payload,2101957,1,caught,1,decode
3984,bit_flip,615050,1,caught,1,decode
3985,random_bytes,2551745,14,caught,1,decode
3986,zeroed_run,5091823,1331,caught,1,decode
3987,truncation,4280115,1064033,caught,1,decode
3988,header,850,1,caught,1,decode
3989,payload,3542696,1,caught,1,decode
3990,bit_flip,5186070,1,caught,1,decode
3991,random_bytes,806220,2,caught,1,decode
3992,zeroed_run,2526671,3135,caught,1,decode
3993,truncation,4236695,1107453,caught,1,decode
3994,header,891,1,caught,1,decode
3995,payload,1589693,1,caught,1,decode
3996,bit_flip,4011540,1,caught,1,decode
3997,random_bytes,3457941,14,caught,1,decode
3998,zeroed_run,1864047,69,caught,1,decode
3999,truncation,1096676,4247472,caught,1,decode
4000,header,418,1,caught,1,decode
4001,payload,1136255,1,caught,1,decode
4002,bit_flip,1770355,1,caught,1,decode
4003,random_bytes,883423,8,caught,1,decode
4004,zeroed_run,1911700,1281,caught,1,decode
4005,truncation,880763,4463385,caught,1,decode
4006,header,133,1,caught,1,decode
4007,payload,599220,1,caught,1,decode
4008,bit_flip,2879230,1,caught,1,decode
4009,random_bytes,4867575,13,caught,1,decode
4010,zeroed_run,2773998,877,caught,1,decode
4011,truncation,3961581,1382567,caught,1,decode
4012,header,225,1,caught,1,decode
4013,payload,1271425,1,caught,1,decode
4014,bit_flip,643697,1,caught,1,decode
4015,random_bytes,52444,14,caught,1,decode
4016,zeroed_run,1205574,322,caught,1,decode
4017,truncation,1911119,3433029,caught,1,decode
4018,header,102,1,caught,1,decode
4019,payload,228372,1,caught,1,decode
4020,bit_flip,3073989,1,caught,1,decode
4021,random_bytes,2438321,4,caught,1,decode
4022,zeroed_run,4941690,2229,caught,1,decode
4023,truncation,4098890,1245258,caught,1,decode
4024,header,132,1,caught,1,decode
4025,payload,449233,1,caught,1,decode
4026,bit_flip,2266611,1,caught,1,decode
4027,random_bytes,513715,8,caught,1,decode
4028,zeroed_run,2472325,662,caught,1,decode
4029,truncation,393962,4950186,caught,1,decode
4030,header,678,1,caught,1,decode
4031,payload,3412834,1,caught,1,decode
4032,bit_flip,3262727,1,caught,1,decode
4033,random_bytes,3600140,10,caught,1,decode
4034,zeroed_run,2058497,2641,caught,1,decode
4035,truncation,2921922,2422226,caught,1,decode
4036,header,974,1,caught,1,decode
4037,payload,2636317,1,caught,1,decode
4038,bit_flip,2038826,1,caught,1,decode
4039,random_bytes,4207558,16,caught,1,decode
4040,zeroed_run,1894626,3742,caught,1,decode
4041,truncation,4334794,1009354,caught,1,decode
4042,header,749,1,caught,1,decode
4043,payload,2826141,1,caught,1,decode
4044,bit_flip,4001201,1,caught,1,decode
4045,random_bytes,4683945,3,caught,1,decode
4046,zeroed_run,941793,2683,caught,1,decode
4047,truncation,3036537,2307611,caught,1,decode
4048,header,896,1,caught,1,decode
4049,payload,3997587,1,caught,1,decode
4050,bit_flip,2533743,1,caught,1,decode
4051,random_bytes,2049501,2,caught,1,decode
4052,zeroed_run,2834309,3225,caught,1,decode
4053,truncation,1200992,4143156,caught,1,decode
4054,header,852,1,caught,1,decode
4055,payload,1662325,1,caught,1,decode
4056,bit_flip,4130536,1,caught,1,decode
4057,random_bytes,4809273,14,caught,1,decode
4058,zeroed_run,5018742,3313,caught,1,decode
4059,truncation,936532,4407616,caught,1,decode
4060,header,464,1,caught,1,decode
4061,payload,4529669,1,caught,1,decode
4062,bit_flip,19021,1,caught,1,decode
4063,random_bytes,4314541,1,caught,1,decode
4064,zeroed_run,1702859,2148,caught,1,decode
4065,truncation,1615587,3728561,caught,1,decode
4066,header,445,1,caught,1,decode
4067,payload,4324718,1,caught,1,decode
4068,bit_flip,7430,1,caught,1,decode
4069,random_bytes,1840876,8,caught,1,decode
4070,zeroed_run,1567906,2456,caught,1,decode
4071,truncation,937754,4406394,caught,1,decode
4072,header,844,1,caught,1,decode
4073,payload,5174099,1,caught,1,decode
4074,bit_flip,4687559,1,caught,1,decode
4075,random_bytes,1083167,15,caught,1,decode
4076,zeroed_run,905116,1056,caught,1,decode
4077,truncation,1258630,4085518,caught,1,decode
4078,header,706,1,caught,1,decode
4079,payload,542800,1,caught,1,decode
4080,bit_flip,1997111,1,caught,1,decode
4081,random_bytes,2331821,1,caught,1,decode
4082,zeroed_run,826927,684,caught,1,decode
4083,truncation,1594709,3749439,caught,1,decode
4084,header,535,1,caught,1,decode
4085,payload,2746144,1,caught,1,decode
4086,bit_flip,4956157,1,caught,1,decode
4087,random_bytes,3337058,7,caught,1,decode
4088,zeroed_run,3914548,590,caught,1,decode
4089,truncation,4252331,1091817,caught,1,decode
4090,header,538,1,caught,1,decode
4091,payload,4374937,1,caught,1,decode
4092,bit_flip,894538,1,caught,1,decode
4093,random_bytes,4034545,10,caught,1,decode
4094,zeroed_run,518434,1263,caught,1,decode
4095,truncation,4968710,375438,caught,1,decode
4096,header,567,1,caught,1,decode
4097,payload,4754018,1,caught,1,decode
4098,bit_flip,695638,1,caught,1,decode
4099,random_bytes,5008358,7,caught,1,decode
4100,zeroed_run,568541,3916,caught,1,decode
4101,truncation,1041470,4302678,caught,1,decode
4102,header,25,1,caught,1,decode
4103,payload,4817283,1,caught,1,decode
4104,bit_flip,5164811,1,caught,1,decode
4105,random_bytes,4674481,16,caught,1,decode
4106,zeroed_run,183253,3573,caught,1,decode
4107,truncation,5326283,17865,caught,1,decode
4108,header,191,1,caught,1,decode
4109,payload,3516686,1,caught,1,decode
4110,bit_flip,1881661,1,caught,1,decode
4111,random_bytes,587361,7,caught,1,decode
4112,zeroed_run,4990774,2815,caught,1,decode
4113,truncation,967456,4376692,caught,1,decode
4114,header,388,1,caught,1,decode
4115,payload,1360912,1,caught,1,decode
4116,bit_flip,57614,1,caught,1,decode
4117,random_bytes,4022467,12,caught,1,decode
4118,zeroed_run,2983678,1992,caught,1,decode
4119,truncation,411372,4932776,caught,1,decode
4120,header,277,1,caught,1,decode
4121,payload,4380759,1,caught,1,decode
4122,bit_flip,1765195,1,caught,1,decode
4123,random_bytes,2355471,10,caught,1,decode
4124,zeroed_run,5212029,3613,caught,1,decode
4125,truncation,4385941,958207,caught,1,decode
4126,header,317,1,caught,1,decode
4127,payload,4447235,1,caught,1,decode
4128,bit_flip,5057578,1,caught,1,decode
4129,random_bytes,3204505,9,caught,1,decode
4130,zeroed_run,2276330,2639,caught,1,decode
4131,truncation,663100,4681048,caught,1,decode
4132,header,271,1,caught,1,decode
4133,payload,4129593,1,caught,1,decode
4134,bit_flip,3949787,1,caught,1,decode
4135,random_bytes,4152886,4,caught,1,decode
4136,zeroed_run,3113689,848,caught,1,decode
4137,truncation,667468,4676680,caught,1,decode
4138,header,263,1,caught,1,decode
4139,payload,5188723,1,caught,1,decode
4140,bit_flip,3568508,1,caught,1,decode
4141,random_bytes,3204542,3,caught,1,decode
4142,zeroed_run,1266480,3389,caught,1,decode
4143,truncation,3217972,2126176,caught,1,decode
4144,header,992,1,caught,1,decode
4145,payload,5192573,1,caught,1,decode
4146,bit_flip,2022014,1,caught,1,decode
4147,random_bytes,1095578,13,caught,1,decode
4148,zeroed_run,3181095,1670,caught,1,decode
4149,truncation,1265898,4078250,caught,1,decode
4150,header,234,1,caught,1,decode
4151,payload,4382110,1,caught,1,decode
4152,bit_flip,51111,1,caught,1,decode
4153,random_bytes,3188870,16,caught,1,decode
4154,zeroed_run,3258156,233,caught,1,decode
4155,truncation,1476141,3868007,caught,1,decode
4156,header,500,1,caught,1,decode
4157,payload,1588562,1,caught,1,decode
4158,bit_flip,4444471,1,caught,1,decode
4159,random_bytes,4960933,13,caught,1,decode
4160,zeroed_run,678918,3430,caught,1,decode
4161,truncation,4121004,1223144,caught,1,decode
4162,header,428,1,caught,1,decode
4163,payload,2345315,1,caught,1,decode
4164,bit_flip,5227822,1,caught,1,decode
4165,random_bytes,2123243,15,caught,1,decode
4166,zeroed_run,2699966,4029,caught,1,decode
4167,truncation,5111124,233024,caught,1,decode
4168,header,565,1,caught,1,decode
4169,payload,4278888,1,caught,1,decode
4170,bit_flip,1739537,1,caught,1,decode
4171,random_bytes,1393634,16,caught,1,decode
4172,zeroed_run,795741,491,caught,1,decode
4173,truncation,1571534,3772614,caught,1,decode
4174,header,723,1,caught,1,decode
4175,payload,2269776,1,caught,1,decode
4176,bit_flip,5181385,1,caught,1,decode
4177,random_bytes,3561768,6,caught,1,decode
4178,zeroed_run,2074858,2338,caught,1,decode
4179,truncation,2771287,2572861,caught,1,decode
4180,header,227,1,caught,1,decode
4181,payload,947226,1,caught,1,decode
4182,bit_flip,4109253,1,caught,1,decode
4183,random_bytes,4490932,6,caught,1,decode
4184,zeroed_run,1118827,2087,caught,1,decode
4185,truncation,3437485,1906663,caught,1,decode
4186,header,625,1,caught,1,decode
4187,payload,2345058,1,caught,1,decode
4188,bit_flip,4820361,1,caught,1,decode
4189,random_bytes,4615221,10,caught,1,decode
4190,zeroed_run,4670077,3307,caught,1,decode
4191,truncation,2537085,2807063,caught,1,decode
4192,header,594,1,caught,1,decode
4193,payload,4064658,1,caught,1,decode
4194,bit_flip,494001,1,caught,1,decode
4195,random_bytes,3753001,10,caught,1,decode
4196,zeroed_run,4192830,3089,caught,1,decode
4197,truncation,360120,4984028,caught,1,decode
4198,header,699,1,caught,1,decode
4199,payload,1550401,1,caught,1,decode
4200,bit_flip,5334074,1,caught,1,decode
4201,random_bytes,1166032,10,caught,1,decode
4202,zeroed_run,3137442,3950,caught,1,decode
4203,truncation,1564583,3779565,caught,1,decode
4204,header,433,1,caught,1,decode
4205,payload,1020664,1,caught,1,decode
4206,bit_flip,520890,1,caught,1,decode
4207,random_bytes,2460420,6,caught,1,decode
4208,zeroed_run,2817890,2551,caught,1,decode
4209,truncation,3279883,2064265,caught,1,decode
4210,header,288,1,caught,1,decode
4211,payload,3563594,1,caught,1,decode
4212,bit_flip,55518,1,caught,1,decode
4213,random_bytes,3724618,8,caught,1,decode
4214,zeroed_run,388743,43,caught,1,decode
4215,truncation,319229,5024919,caught,1,decode
4216,header,804,1,caught,1,decode
4217,payload,3916950,1,caught,1,decode
4218,bit_flip,1299735,1,caught,1,decode
4219,random_bytes,1550979,11,caught,1,decode
4220,zeroed_run,690060,1864,caught,1,decode
4221,truncation,254630,5089518,caught,1,decode
4222,header,711,1,caught,1,decode
4223,payload,5128996,1,caught,1,decode
4224,bit_flip,3706508,1,caught,1,decode
4225,random_bytes,4363413,4,caught,1,decode
4226,zeroed_run,4417338,3744,caught,1,decode
4227,truncation,2065179,3278969,caught,1,decode
4228,header,369,1,caught,1,decode
4229,payload,44304,1,caught,1,decode
4230,bit_flip,3413679,1,caught,1,decode
4231,random_bytes,325342,14,caught,1,decode
4232,zeroed_run,2545044,2801,caught,1,decode
4233,truncation,30540,5313608,caught,1,decode
4234,header,288,1,caught,1,decode
4235,payload,2754905,1,caught,1,decode
4236,bit_flip,807046,1,caught,1,decode
4237,random_bytes,394339,9,caught,1,decode
4238,zeroed_run,1767250,3965,caught,1,decode
4239,truncation,4499416,844732,caught,1,decode
4240,header,366,1,caught,1,decode
4241,payload,2740659,1,caught,1,decode
4242,bit_flip,306973,1,caught,1,decode
4243,random_bytes,4352397,11,caught,1,decode
4244,zeroed_run,616206,2617,caught,1,decode
4245,truncation,4346023,998125,caught,1,decode
4246,header,36,1,caught,1,decode
4247,payload,2840487,1,caught,1,decode
4248,bit_flip,3717800,1,caught,1,decode
4249,random_bytes,1835863,8,caught,1,decode
4250,zeroed_run,1508559,3019,caught,1,decode
4251,truncation,4124678,1219470,caught,1,decode
4252,header,305,1,caught,1,decode
4253,payload,992513,1,caught,1,decode
4254,bit_flip,4979499,1,caught,1,decode
4255,random_bytes,3116944,5,caught,1,decode
4256,zeroed_run,224534,2190,caught,1,decode
4257,truncation,3622920,1721228,caught,1,decode
4258,header,148,1,caught,1,decode
4259,payload,1869203,1,caught,1,decode
4260,bit_flip,1118283,1,caught,1,decode
4261,random_bytes,1479433,11,caught,1,decode
4262,zeroed_run,1941745,2940,caught,1,decode
4263,truncation,2133435,3210713,caught,1,decode
4264,header,541,1,caught,1,decode
4265,payload,1667565,1,caught,1,decode
4266,bit_flip,1375851,1,caught,1,decode
4267,random_bytes,2004487,8,caught,1,decode
4268,zeroed_run,2268264,2083,caught,1,decode
4269,truncation,1945208,3398940,caught,1,decode
4270,header,666,1,caught,1,decode
4271,payload,2536680,1,caught,1,decode
4272,bit_flip,4491287,1,caught,1,decode
4273,random_bytes,2106730,11,caught,1,decode
4274,zeroed_run,2893707,2590,caught,1,decode
4275,truncation,3805646,1538502,caught,1,decode
4276,header,214,1,caught,1,decode
4277,payload,2188779,1,caught,1,decode
4278,bit_flip,5163921,1,caught,1,decode
4279,random_bytes,2158564,5,caught,1,decode
4280,zeroed_run,1739632,3305,caught,1,decode
4281,truncation,1977760,3366388,caught,1,decode
4282,header,256,1,caught,1,decode
4283,payload,3794047,1,caught,1,decode
4284,bit_flip,3463254,1,caught,1,decode
4285,random_bytes,2575197,4,caught,1,decode
4286,zeroed_run,4928177,644,caught,1,decode
4287,truncation,917352,4426796,caught,1,decode
4288,header,838,1,caught,1,decode
4289,payload,4030793,1,caught,1,decode
4290,bit_flip,1315282,1,caught,1,decode
4291,random_bytes,1185965,3,caught,1,decode
4292,zeroed_run,4652332,1271,caught,1,decode
4293,truncation,4155640,1188508,caught,1,decode
4294,header,304,1,caught,1,decode
4295,payload,612846,1,caught,1,decode
4296,bit_flip,2578566,1,caught,1,decode
4297,random_bytes,3491042,11,caught,1,decode
4298,zeroed_run,1840872,1516,caught,1,decode
4299,truncation,3559809,1784339,caught,1,decode
4300,header,877,1,caught,1,decode
4301,payload,1020043,1,caught,1,decode
4302,bit_flip,2643530,1,caught,1,decode
4303,random_bytes,363044,6,caught,1,decode
4304,zeroed_run,1709041,375,caught,1,decode
4305,truncation,5328783,15365,caught,1,decode
4306,header,958,1,caught,1,decode
4307,payload,415433,1,caught,1,decode
4308,bit_flip,720692,1,caught,1,decode
4309,random_bytes,2455107,12,caught,1,decode
4310,zeroed_run,2580997,1657,caught,1,decode
4311,truncation,4064339,1279809,caught,1,decode
4312,header,979,1,caught,1,decode
4313,payload,2597791,1,caught,1,decode
4314,bit_flip,3174152,1,caught,1,decode
4315,random_bytes,4397285,9,caught,1,decode
4316,zeroed_run,3144397,753,caught,1,decode
4317,truncation,1163886,4180262,caught,1,decode
4318,header,560,1,caught,1,decode
4319,payload,4629773,1,caught,1,decode
4320,bit_flip,701117,1,caught,1,decode
4321,random_bytes,4072582,6,caught,1,decode
4322,zeroed_run,2861038,3248,caught,1,decode
4323,truncation,1349834,3994314,caught,1,decode
4324,header,528,1,caught,1,decode
4325,payload,2974788,1,caught,1,decode
4326,bit_flip,4370628,1,caught,1,decode
4327,random_bytes,4390616,15,caught,1,decode
4328,zeroed_run,1504572,4026,caught,1,decode
4329,truncation,5129102,215046,caught,1,decode
4330,header,312,1,caught,1,decode
4331,payload,2752004,1,caught,1,decode
4332,bit_flip,1835401,1,caught,1,decode
4333,random_bytes,60602,7,caught,1,decode
4334,zeroed_run,738527,962,caught,1,decode
4335,truncation,2962917,2381231,caught,1,decode
4336,header,632,1,caught,1,decode
4337,payload,2032260,1,caught,1,decode
4338,bit_flip,1433768,1,caught,1,decode
4339,random_bytes,2187007,10,caught,1,decode
4340,zeroed_run,3256137,563,caught,1,decode
4341,truncation,234405,5109743,caught,1,decode
4342,header,150,1,caught,1,decode
4343,payload,5306193,1,caught,1,decode
4344,bit_flip,3071782,1,caught,1,decode
4345,random_bytes,1639827,2,caught,1,decode
4346,zeroed_run,3125822,463,caught,1,decode
4347,truncation,2060352,3283796,caught,1,decode
4348,header,538,1,caught,1,decode
4349,payload,3810501,1,caught,1,decode
4350,bit_flip,2082143,1,caught,1,decode
4351,random_bytes,1667204,1,caught,1,decode
4352,zeroed_run,405445,2731,caught,1,decode
4353,truncation,440457,4903691,caught,1,decode
4354,header,312,1,caught,1,decode
4355,payload,3011273,1,caught,1,decode
4356,bit_flip,951274,1,caught,1,decode
4357,random_bytes,3676589,5,caught,1,decode
4358,zeroed_run,3895113,1641,caught,1,decode
4359,truncation,1092609,4251539,caught,1,decode
4360,header,520,1,caught,1,decode
4361,payload,1088901,1,caught,1,decode
4362,bit_flip,2180094,1,caught,1,decode
4363,random_bytes,2374246,15,caught,1,decode
4364,zeroed_run,4689150,2906,caught,1,decode
4365,truncation,2959345,2384803,caught,1,decode
4366,header,916,1,caught,1,decode
4367,payload,1148508,1,caught,1,decode
4368,bit_flip,2426363,1,caught,1,decode
4369,random_bytes,3270008,12,caught,1,decode
4370,zeroed_run,2938154,1760,caught,1,decode
4371,truncation,1599171,3744977,caught,1,decode
4372,header,835,1,caught,1,decode
4373,payload,3058937,1,caught,1,decode
4374,bit_flip,703557,1,caught,1,decode
4375,random_bytes,2738502,5,caught,1,decode
4376,zeroed_run,2409704,1349,caught,1,decode
4377,truncation,4718920,625228,caught,1,decode
4378,header,881,1,caught,1,decode
4379,payload,3299793,1,caught,1,decode
4380,bit_flip,3777094,1,caught,1,decode
4381,random_bytes,4783965,7,caught,1,decode
4382,zeroed_run,401625,3063,caught,1,decode
4383,truncation,3851095,1493053,caught,1,decode
4384,header,190,1,caught,1,decode
4385,payload,1905343,1,caught,1,decode
4386,bit_flip,1295548,1,caught,1,decode
4387,random_bytes,3631473,10,caught,1,decode
4388,zeroed_run,4242059,3413,caught,1,decode
4389,truncation,2961610,2382538,caught,1,decode
4390,header,811,1,caught,1,decode
4391,payload,2197179,1,caught,1,decode
4392,bit_flip,2131220,1,caught,1,decode
4393,random_bytes,4728548,3,caught,1,decode
4394,zeroed_run,1392840,3342,caught,1,decode
4395,truncation,4825634,518514,caught,1,decode
4396,header,307,1,caught,1,decode
4397,payload,379808,1,caught,1,decode
4398,bit_flip,2050649,1,caught,1,decode
4399,random_bytes,2027521,6,caught,1,decode
4400,zeroed_run,2327983,384,caught,1,decode
4401,truncation,3258086,2086062,caught,1,decode
4402,header,857,1,caught,1,decode
4403,payload,2293853,1,caught,1,decode
4404,bit_flip,1093144,1,caught,1,decode
4405,random_bytes,3373513,7,caught,1,decode
4406,zeroed_run,3516190,4029,caught,1,decode
4407,truncation,2929914,2414234,caught,1,decode
4408,header,720,1,caught,1,decode
4409,payload,303027,1,caught,1,decode
4410,bit_flip,3795614,1,caught,1,decode
4411,random_bytes,3383494,12,caught,1,decode
4412,zeroed_run,3043429,2622,caught,1,decode
4413,truncation,1291914,4052234,caught,1,decode
4414,header,420,1,caught,1,decode
4415,payload,2302135,1,caught,1,decode
4416,bit_flip,1669769,1,caught,1,decode
4417,random_bytes,2047558,10,caught,1,decode
4418,zeroed_run,1274525,1027,caught,1,decode
4419,truncation,398899,4945249,caught,1,decode
4420,header,1,1,caught,1,decode
4421,payload,4882638,1,caught,1,decode
4422,bit_flip,4415608,1,caught,1,decode
4423,random_bytes,4106206,1,caught,1,decode
4424,zeroed_run,3430657,1833,caught,1,decode
4425,truncation,4232262,1111886,caught,1,decode
4426,header,357,1,caught,1,decode
4427,payload,5056986,1,caught,1,decode
4428,bit_flip,2589190,1,caught,1,decode
4429,random_bytes,2022442,9,caught,1,decode
4430,zeroed_run,421842,2479,caught,1,decode
4431,truncation,1666608,3677540,caught,1,decode
4432,header,947,1,caught,1,decode
4433,payload,961439,1,caught,1,decode
4434,bit_flip,1049564,1,caught,1,decode
4435,random_bytes,2382290,6,caught,1,decode
4436,zeroed_run,2034097,3793,caught,1,decode
4437,truncation,1302292,4041856,caught,1,decode
4438,header,826,1,caught,1,decode
4439,payload,2680576,1,caught,1,decode
4440,bit_flip,3116174,1,caught,1,decode
4441,random_bytes,4186605,11,caught,1,decode
4442,zeroed_run,550509,3855,caught,1,decode
4443,truncation,2217710,3126438,caught,1,decode
4444,header,800,1,caught,1,decode
4445,payload,3612716,1,caught,1,decode
4446,bit_flip,5307073,1,caught,1,decode
4447,random_bytes,3187587,5,caught,1,decode
4448,zeroed_run,2415015,3604,caught,1,decode
4449,truncation,5116331,227817,caught,1,decode
4450,header,490,1,caught,1,decode
4451,payload,4169192,1,caught,1,decode
4452,bit_flip,618362,1,caught,1,decode
4453,random_bytes,3362713,12,caught,1,decode
4454,zeroed_run,2148579,2293,caught,1,decode
4455,truncation,5132531,211617,caught,1,decode
4456,header,416,1,caught,1,decode
4457,payload,2714769,1,caught,1,decode
4458,bit_flip,3524769,1,caught,1,decode
4459,random_bytes,186803,9,caught,1,decode
4460,zeroed_run,1097098,1922,caught,1,decode
4461,truncation,4117839,1226309,caught,1,decode
4462,header,467,1,caught,1,decode
4463,payload,3671798,1,caught,1,decode
4464,bit_flip,714620,1,caught,1,decode
4465,random_bytes,2819837,12,caught,1,decode
4466,zeroed_run,2206560,3102,caught,1,decode
4467,truncation,1323889,4020259,caught,1,decode
4468,header,392,1,caught,1,decode
4469,payload,361397,1,caught,1,decode
4470,bit_flip,733571,1,caught,1,decode
4471,random_bytes,1781866,9,caught,1,decode
4472,zeroed_run,1145912,17,caught,1,decode
4473,truncation,3805882,1538266,caught,1,decode
4474,header,203,1,caught,1,decode
4475,payload,254893,1,caught,1,decode
4476,bit_flip,1805575,1,caught,1,decode
4477,random_bytes,685680,3,caught,1,decode
4478,zeroed_run,5035753,682,caught,1,decode
4479,truncation,1481995,3862153,caught,1,decode
4480,header,751,1,caught,1,decode
4481,payload,2072226,1,caught,1,decode
4482,bit_flip,5057334,1,caught,1,decode
4483,random_bytes,2275677,12,caught,1,decode
4484,zeroed_run,3764039,3033,caught,1,decode
4485,truncation,1239250,4104898,caught,1,decode
4486,header,463,1,caught,1,decode
4487,payload,1567732,1,caught,1,decode
4488,bit_flip,3272600,1,caught,1,decode
4489,random_bytes,751857,7,caught,1,decode
4490,zeroed_run,2703284,2792,caught,1,decode
4491,truncation,5130005,214143,caught,1,decode
4492,header,525,1,caught,1,decode
4493,payload,5158495,1,caught,1,decode
4494,bit_flip,4111289,1,caught,1,decode
4495,random_bytes,1660014,12,caught,1,decode
4496,zeroed_run,4953840,1056,caught,1,decode
4497,truncation,5341447,2701,caught,1,decode
4498,header,599,1,caught,1,decode
4499,payload,816185,1,caught,1,decode
4500,bit_flip,1251087,1,caught,1,decode
4501,random_bytes,3480955,5,caught,1,decode
4502,zeroed_run,2330782,856,caught,1,decode
4503,truncation,4681512,662636,caught,1,decode
4504,header,251,1,caught,1,decode
4505,payload,3046496,1,caught,1,decode
4506,bit_flip,4049266,1,caught,1,decode
4507,random_bytes,2618330,9,caught,1,decode
4508,zeroed_run,4897969,1004,caught,1,decode
4509,truncation,2079188,3264960,caught,1,decode
4510,header,400,1,caught,1,decode
4511,payload,399425,1,caught,1,decode
4512,bit_flip,2095104,1,caught,1,decode
4513,random_bytes,3093040,4,caught,1,decode
4514,zeroed_run,5140563,3880,caught,1,decode
4515,truncation,1705755,3638393,caught,1,decode
4516,header,176,1,caught,1,decode
4517,payload,4685117,1,caught,1,decode
4518,bit_flip,689887,1,caught,1,decode
4519,random_bytes,4701615,13,caught,1,decode
4520,zeroed_run,2948233,640,caught,1,decode
4521,truncation,3114543,2229605,caught,1,decode
4522,header,523,1,caught,1,decode
4523,payload,768593,1,caught,1,decode
4524,bit_flip,278379,1,caught,1,decode
4525,random_bytes,3591824,10,caught,1,decode
4526,zeroed_run,2360988,998,caught,1,decode
4527,truncation,3564361,1779787,caught,1,decode
4528,header,985,1,caught,1,decode
4529,payload,3641034,1,caught,1,decode
4530,bit_flip,5137659,1,caught,1,decode
4531,random_bytes,556797,9,caught,1,decode
4532,zeroed_run,454807,3517,caught,1,decode
4533,truncation,3250320,2093828,caught,1,decode
4534,header,293,1,caught,1,decode
4535,payload,4531188,1,caught,1,decode
4536,bit_flip,1234968,1,caught,1,decode
4537,random_bytes,3096154,6,caught,1,decode
4538,zeroed_run,2571239,849,caught,1,decode
4539,truncation,4429920,914228,caught,1,decode
4540,header,845,1,caught,1,decode
4541,payload,3085183,1,caught,1,decode
4542,bit_flip,502,1,caught,1,decode
4543,random_bytes,4362204,1,caught,1,decode
4544,zeroed_run,1882773,1360,caught,1,decode
4545,truncation,4413377,930771,caught,1,decode
4546,header,918,1,caught,1,decode
4547,payload,1090573,1,caught,1,decode
4548,bit_flip,2622126,1,caught,1,decode
4549,random_bytes,468745,13,caught,1,decode
4550,zeroed_run,5096486,1749,caught,1,decode
4551,truncation,2938356,2405792,caught,1,decode
4552,header,747,1,caught,1,decode
4553,payload,1613213,1,caught,1,decode
4554,bit_flip,4285052,1,caught,1,decode
4555,random_bytes,1931874,1,caught,1,decode
4556,zeroed_run,3156738,310,caught,1,decode
4557,truncation,1541667,3802481,caught,1,decode
4558,header,948,1,caught,1,decode
4559,payload,2198073,1,caught,1,decode
4560,bit_flip,4317642,1,harmless,0,decode
4561,random_bytes,233769,14,caught,1,decode
4562,zeroed_run,4470463,375,caught,1,decode
4563,truncation,4734200,609948,caught,1,decode
4564,header,564,1,caught,1,decode
4565,payload,2471660,1,caught,1,decode
4566,bit_flip,406694,1,caught,1,decode
4567,random_bytes,2920046,2,caught,1,decode
4568,zeroed_run,5058584,3979,caught,1,decode
4569,truncation,504426,4839722,caught,1,decode
4570,header,377,1,caught,1,decode
4571,payload,5116183,1,caught,1,decode
4572,bit_flip,3493902,1,caught,1,decode
4573,random_bytes,3001645,2,caught,1,decode
4574,zeroed_run,1724316,1627,caught,1,decode
4575,truncation,1640801,3703347,caught,1,decode
4576,header,438,1,caught,1,decode
4577,payload,3688413,1,caught,1,decode
4578,bit_flip,803451,1,caught,1,decode
4579,random_bytes,529174,4,caught,1,decode
4580,zeroed_run,4485719,2073,caught,1,decode
4581,truncation,4963582,380566,caught,1,decode
4582,header,887,1,caught,1,decode
4583,payload,3139651,1,caught,1,decode
4584,bit_flip,5000026,1,caught,1,decode
4585,random_bytes,89424,12,caught,1,decode
4586,zeroed_run,2257292,805,caught,1,decode
4587,truncation,3665456,1678692,caught,1,decode
4588,header,170,1,caught,1,decode
4589,payload,2546145,1,caught,1,decode
4590,bit_flip,813,1,caught,1,decode
4591,random_bytes,1846927,6,caught,1,decode
4592,zeroed_run,438551,1709,caught,1,decode
4593,truncation,310665,5033483,caught,1,decode
4594,header,815,1,caught,1,decode
4595,payload,1169086,1,caught,1,decode
4596,bit_flip,3640319,1,caught,1,decode
4597,random_bytes,984541,1,caught,1,decode
4598,zeroed_run,2657953,3429,caught,1,decode
4599,truncation,4731418,612730,caught,1,decode
4600,header,245,1,caught,1,decode
4601,payload,112144,1,caught,1,decode
4602,bit_flip,3159441,1,caught,1,decode
4603,random_bytes,4318384,7,caught,1,decode
4604,zeroed_run,2197574,1682,caught,1,decode
4605,truncation,5029349,314799,caught,1,decode
4606,header,452,1,caught,1,decode
4607,payload,3174179,1,caught,1,decode
4608,bit_flip,1853484,1,caught,1,decode
4609,random_bytes,435559,14,caught,1,decode
4610,zeroed_run,3472944,1465,caught,1,decode
4611,truncation,3679354,1664794,caught,1,decode
4612,header,835,1,caught,1,decode
4613,payload,4778943,1,caught,1,decode
4614,bit_flip,492454,1,caught,1,decode
4615,random_bytes,4774662,5,caught,1,decode
4616,zeroed_run,1647589,1548,caught,1,decode
4617,truncation,3326893,2017255,caught,1,decode
4618,header,754,1,caught,1,decode
4619,payload,2630216,1,caught,1,decode
4620,bit_flip,5003641,1,caught,1,decode
4621,random_bytes,1768378,11,caught,1,decode
4622,zeroed_run,2572886,2920,caught,1,decode
4623,truncation,764877,4579271,caught,1,decode
4624,header,91,1,caught,1,decode
4625,payload,2712098,1,caught,1,decode
4626,bit_flip,1379371,1,caught,1,decode
4627,random_bytes,3484317,15,caught,1,decode
4628,zeroed_run,936601,640,caught,1,decode
4629,truncation,3254592,2089556,caught,1,decode
4630,header,814,1,caught,1,decode
4631,payload,1083705,1,caught,1,decode
4632,bit_flip,1938137,1,caught,1,decode
4633,random_bytes,2455834,13,caught,1,decode
4634,zeroed_run,4782147,467,caught,1,decode
4635,truncation,4292280,1051868,caught,1,decode
4636,header,135,1,caught,1,decode
4637,payload,2401542,1,caught,1,decode
4638,bit_flip,870736,1,caught,1,decode
4639,random_bytes,1916106,10,caught,1,decode
4640,zeroed_run,5065857,1984,caught,1,decode
4641,truncation,652556,4691592,caught,1,decode
4642,header,259,1,caught,1,decode
4643,payload,1012539,1,caught,1,decode
4644,bit_flip,576521,1,caught,1,decode
4645,random_bytes,4134749,7,caught,1,decode
4646,zeroed_run,4876932,685,caught,1,decode
4647,truncation,585476,4758672,caught,1,decode
4648,header,966,1,caught,1,decode
4649,payload,5299502,1,caught,1,decode
4650,bit_flip,4590737,1,caught,1,decode
4651,random_bytes,2644600,1,caught,1,decode
4652,zeroed_run,323177,3735,caught,1,decode
4653,truncation,3378984,1965164,caught,1,decode
4654,header,563,1,caught,1,decode
4655,payload,870804,1,caught,1,decode
4656,bit_flip,5114069,1,caught,1,decode
4657,random_bytes,1171612,1,caught,1,decode
4658,zeroed_run,956472,2048,caught,1,decode
4659,truncation,1399993,3944155,caught,1,decode
4660,header,567,1,caught,1,decode
4661,payload,5072636,1,caught,1,decode
4662,bit_flip,365997,1,caught,1,decode
4663,random_bytes,4091522,15,caught,1,decode
4664,zeroed_run,1187930,701,caught,1,decode
4665,truncation,1681541,3662607,caught,1,decode
4666,header,30,1,caught,1,decode
4667,payload,4376302,1,caught,1,decode
4668,bit_flip,2360553,1,caught,1,decode
4669,random_bytes,4961027,10,caught,1,decode
4670,zeroed_run,726803,1599,caught,1,decode
4671,truncation,177001,5167147,caught,1,decode
4672,header,356,1,caught,1,decode
4673,payload,2174073,1,caught,1,decode
4674,bit_flip,3574888,1,caught,1,decode
4675,random_bytes,3528073,1,caught,1,decode
4676,zeroed_run,2951608,3024,caught,1,decode
4677,truncation,3041466,2302682,caught,1,decode
4678,header,533,1,caught,1,decode
4679,payload,4059665,1,caught,1,decode
4680,bit_flip,4002062,1,caught,1,decode
4681,random_bytes,3335571,9,caught,1,decode
4682,zeroed_run,3077069,2952,caught,1,decode
4683,truncation,302175,5041973,caught,1,decode
4684,header,649,1,caught,1,decode
4685,payload,2940518,1,caught,1,decode
4686,bit_flip,2942497,1,caught,1,decode
4687,random_bytes,110773,11,caught,1,decode
4688,zeroed_run,5257091,3894,caught,1,decode
4689,truncation,714146,4630002,caught,1,decode
4690,header,161,1,caught,1,decode
4691,payload,248133,1,caught,1,decode
4692,bit_flip,2022555,1,caught,1,decode
4693,random_bytes,20383,1,caught,1,decode
4694,zeroed_run,5249957,222,caught,1,decode
4695,truncation,3961071,1383077,caught,1,decode
4696,header,894,1,caught,1,decode
4697,payload,242485,1,caught,1,decode
4698,bit_flip,384045,1,caught,1,decode
4699,random_bytes,4478120,16,caught,1,decode
4700,zeroed_run,2460808,1638,caught,1,decode
4701,truncation,5120182,223966,caught,1,decode
4702,header,32,1,caught,1,decode
4703,payload,5241081,1,caught,1,decode
4704,bit_flip,305480,1,caught,1,decode
4705,random_bytes,3380241,5,caught,1,decode
4706,zeroed_run,1211232,1754,caught,1,decode
4707,truncation,2731624,2612524,caught,1,decode
4708,header,928,1,caught,1,decode
4709,payload,3274175,1,caught,1,decode
4710,bit_flip,3149291,1,caught,1,decode
4711,random_bytes,1281300,7,caught,1,decode
4712,zeroed_run,5113412,3221,caught,1,decode
4713,truncation,263954,5080194,caught,1,decode
4714,header,375,1,caught,1,decode
4715,payload,324923,1,caught,1,decode
4716,bit_flip,1651756,1,caught,1,decode
4717,random_bytes,4328412,16,caught,1,decode
4718,zeroed_run,872216,2553,caught,1,decode
4719,truncation,2190328,3153820,caught,1,decode
4720,header,539,1,caught,1,decode
4721,payload,3772011,1,caught,1,decode
4722,bit_flip,323771,1,caught,1,decode
4723,random_bytes,1499158,13,caught,1,decode
4724,zeroed_run,2108317,2041,caught,1,decode
4725,truncation,3086436,2257712,caught,1,decode
4726,header,180,1,caught,1,decode
4727,payload,2091995,1,caught,1,decode
4728,bit_flip,4483036,1,caught,1,decode
4729,random_bytes,3700386,9,caught,1,decode
4730,zeroed_run,5283604,3880,caught,1,decode
4731,truncation,4474060,870088,caught,1,decode
4732,header,430,1,caught,1,decode
4733,payload,1257863,1,caught,1,decode
4734,bit_flip,3390571,1,caught,1,decode
4735,random_bytes,4369079,11,caught,1,decode
4736,zeroed_run,2756050,1912,caught,1,decode
4737,truncation,3885052,1459096,caught,1,decode
4738,header,898,1,caught,1,decode
4739,payload,493589,1,caught,1,decode
4740,bit_flip,301899,1,caught,1,decode
4741,random_bytes,3390403,14,caught,1,decode
4742,zeroed_run,3153270,1682,caught,1,decode
4743,truncation,5332525,11623,caught,1,decode
4744,header,949,1,caught,1,decode
4745,payload,1020932,1,caught,1,decode
4746,bit_flip,615936,1,caught,1,decode
4747,random_bytes,1887144,10,caught,1,decode
4748,zeroed_run,2482147,3834,caught,1,decode
4749,truncation,3363419,1980729,caught,1,decode
4750,header,2,1,caught,1,decode
4751,payload,319757,1,caught,1,decode
4752,bit_flip,168491,1,caught,1,decode
4753,random_bytes,524198,13,caught,1,decode
4754,zeroed_run,1681414,1774,caught,1,decode
4755,truncation,965105,4379043,caught,1,decode
4756,header,973,1,caught,1,decode
4757,payload,2735969,1,caught,1,decode
4758,bit_flip,5175889,1,caught,1,decode
4759,random_bytes,2977701,12,caught,1,decode
4760,zeroed_run,4669,1221,caught,1,decode
4761,truncation,5339259,4889,caught,1,decode
4762,header,526,1,caught,1,decode
4763,payload,1307072,1,caught,1,decode
4764,bit_flip,3639322,1,caught,1,decode
4765,random_bytes,596222,12,caught,1,decode
4766,zeroed_run,1392167,2382,caught,1,decode
4767,truncation,663807,4680341,caught,1,decode
4768,header,970,1,caught,1,decode
4769,payload,4521929,1,caught,1,decode
4770,bit_flip,587635,1,caught,1,decode
4771,random_bytes,4226360,13,caught,1,decode
4772,zeroed_run,518113,3667,caught,1,decode
4773,truncation,3857287,1486861,caught,1,decode
4774,header,240,1,caught,1,decode
4775,payload,284131,1,caught,1,decode
4776,bit_flip,3209778,1,caught,1,decode
4777,random_bytes,4045825,7,caught,1,decode
4778,zeroed_run,743131,2373,caught,1,decode
4779,truncation,4491192,852956,caught,1,decode
4780,header,315,1,caught,1,decode
4781,payload,2194520,1,caught,1,decode
4782,bit_flip,1637405,1,caught,1,decode
4783,random_bytes,37802,8,caught,1,decode
4784,zeroed_run,1933127,1182,caught,1,decode
4785,truncation,4939062,405086,caught,1,decode
4786,header,420,1,caught,1,decode
4787,payload,1324611,1,caught,1,decode
4788,bit_flip,3098055,1,caught,1,decode
4789,random_bytes,1845662,3,caught,1,decode
4790,zeroed_run,3308413,1212,caught,1,decode
4791,truncation,591644,4752504,caught,1,decode
4792,header,244,1,caught,1,decode
4793,payload,4679066,1,caught,1,decode
4794,bit_flip,4249209,1,caught,1,decode
4795,random_bytes,2762865,2,caught,1,decode
4796,zeroed_run,476023,1463,caught,1,decode
4797,truncation,2999404,2344744,caught,1,decode
4798,header,377,1,caught,1,decode
4799,payload,4685003,1,caught,1,decode
4800,bit_flip,2259511,1,caught,1,decode
4801,random_bytes,3617894,7,caught,1,decode
4802,zeroed_run,4541803,984,caught,1,decode
4803,truncation,2289009,3055139,caught,1,decode
4804,header,396,1,caught,1,decode
4805,payload,4726051,1,caught,1,decode
4806,bit_flip,467216,1,caught,1,decode
4807,random_bytes,2410388,3,caught,1,decode
4808,zeroed_run,3361166,753,caught,1,decode
4809,truncation,4283417,1060731,caught,1,decode
4810,header,667,1,caught,1,decode
4811,payload,3716571,1,caught,1,decode
4812,bit_flip,66879,1,caught,1,decode
4813,random_bytes,2628228,10,caught,1,decode
4814,zeroed_run,799586,1844,caught,1,decode
4815,truncation,4167796,1176352,caught,1,decode
4816,header,492,1,caught,1,decode
4817,payload,4959521,1,caught,1,decode
4818,bit_flip,4402704,1,caught,1,decode
4819,random_bytes,4805553,2,caught,1,decode
4820,zeroed_run,4760266,3129,caught,1,decode
4821,truncation,362638,4981510,caught,1,decode
4822,header,310,1,caught,1,decode
4823,payload,613128,1,caught,1,decode
4824,bit_flip,1400803,1,caught,1,decode
4825,random_bytes,1829196,1,caught,1,decode
4826,zeroed_run,2572602,43,caught,1,decode
4827,truncation,890485,4453663,caught,1,decode
4828,header,332,1,caught,1,decode
4829,payload,2485930,1,caught,1,decode
4830,bit_flip,4336598,1,caught,1,decode
4831,random_bytes,2298563,4,caught,1,decode
4832,zeroed_run,5016724,3371,caught,1,decode
4833,truncation,4296650,1047498,caught,1,decode
4834,header,872,1,caught,1,decode
4835,payload,726219,1,caught,1,decode
4836,bit_flip,3412132,1,caught,1,decode
4837,random_bytes,892680,7,caught,1,decode
4838,zeroed_run,2101888,1849,caught,1,decode
4839,truncation,71243,5272905,caught,1,decode
4840,header,776,1,caught,1,decode
4841,payload,5310654,1,caught,1,decode
4842,bit_flip,3334160,1,caught,1,decode
4843,random_bytes,245379,8,caught,1,decode
4844,zeroed_run,2944640,3220,caught,1,decode
4845,truncation,4842298,501850,caught,1,decode
4846,header,481,1,caught,1,decode
4847,payload,2953452,1,caught,1,decode
4848,bit_flip,4481955,1,caught,1,decode
4849,random_bytes,3162931,3,caught,1,decode
4850,zeroed_run,1221127,2772,caught,1,decode
4851,truncation,1842409,3501739,caught,1,decode
4852,header,166,1,caught,1,decode
4853,payload,2159355,1,caught,1,decode
4854,bit_flip,4320072,1,caught,1,decode
4855,random_bytes,3621592,13,caught,1,decode
4856,zeroed_run,3061496,3096,caught,1,decode
4857,truncation,2462393,2881755,caught,1,decode
4858,header,312,1,caught,1,decode
4859,payload,3343332,1,caught,1,decode
4860,bit_flip,935625,1,caught,1,decode
4861,random_bytes,4191212,4,caught,1,decode
4862,zeroed_run,1578178,2295,caught,1,decode
4863,truncation,4388867,955281,caught,1,decode
4864,header,994,1,caught,1,decode
4865,payload,4124562,1,caught,1,decode
4866,bit_flip,3445393,1,caught,1,decode
4867,random_bytes,2300771,5,caught,1,decode
4868,zeroed_run,2412196,3158,caught,1,decode
4869,truncation,1539239,3804909,caught,1,decode
4870,header,27,1,caught,1,decode
4871,payload,1777036,1,caught,1,decode
4872,bit_flip,3448118,1,caught,1,decode
4873,random_bytes,1775055,10,caught,1,decode
4874,zeroed_run,3067122,525,caught,1,decode
4875,truncation,1148568,4195580,caught,1,decode
4876,header,164,1,caught,1,decode
4877,payload,526634,1,caught,1,decode
4878,bit_flip,4036088,1,caught,1,decode
4879,random_bytes,427123,2,caught,1,decode
4880,zeroed_run,3341015,299,caught,1,decode
4881,truncation,1830422,3513726,caught,1,decode
4882,header,157,1,caught,1,decode
4883,payload,975588,1,caught,1,decode
4884,bit_flip,727806,1,caught,1,decode
4885,random_bytes,585735,13,caught,1,decode
4886,zeroed_run,1782089,272,caught,1,decode
4887,truncation,2349768,2994380,caught,1,decode
4888,header,721,1,caught,1,decode
4889,payload,1955986,1,caught,1,decode
4890,bit_flip,208471,1,caught,1,decode
4891,random_bytes,4320964,9,caught,1,decode
4892,zeroed_run,467767,1020,caught,1,decode
4893,truncation,775172,4568976,caught,1,decode
4894,header,141,1,caught,1,decode
4895,payload,2655732,1,caught,1,decode
4896,bit_flip,4330483,1,caught,1,decode
4897,random_bytes,1384793,5,caught,1,decode
4898,zeroed_run,628302,3732,caught,1,decode
4899,truncation,4994135,350013,caught,1,decode
4900,header,643,1,caught,1,decode
4901,payload,2754417,1,caught,1,decode
4902,bit_flip,4014870,1,caught,1,decode
4903,random_bytes,1183589,1,caught,1,decode
4904,zeroed_run,3415982,2241,caught,1,decode
4905,truncation,2618675,2725473,caught,1,decode
4906,header,239,1,caught,1,decode
4907,payload,2272629,1,caught,1,decode
4908,bit_flip,5007025,1,caught,1,decode
4909,random_bytes,3606994,15,caught,1,decode
4910,zeroed_run,4087329,1665,caught,1,decode
4911,truncation,1002031,4342117,caught,1,decode
4912,header,276,1,caught,1,decode
4913,payload,5273636,1,caught,1,decode
4914,bit_flip,3720410,1,caught,1,decode
4915,random_bytes,4722737,1,caught,1,decode
4916,zeroed_run,2367307,703,caught,1,decode
4917,truncation,4752467,591681,caught,1,decode
4918,header,49,1,caught,1,decode
4919,payload,4303632,1,caught,1,decode
4920,bit_flip,3421453,1,caught,1,decode
4921,random_bytes,5085977,2,caught,1,decode
4922,zeroed_run,4495691,1722,caught,1,decode
4923,truncation,3719402,1624746,caught,1,decode
4924,header,161,1,caught,1,decode
4925,payload,3709710,1,caught,1,decode
4926,bit_flip,2563738,1,caught,1,decode
4927,random_bytes,3758694,16,caught,1,decode
4928,zeroed_run,3429544,2103,caught,1,decode
4929,truncation,2275458,3068690,caught,1,decode
4930,header,84,1,caught,1,decode
4931,payload,1614175,1,caught,1,decode
4932,bit_flip,2942179,1,caught,1,decode
4933,random_bytes,2975946,5,caught,1,decode
4934,zeroed_run,4828416,1878,caught,1,decode
4935,truncation,1751447,3592701,caught,1,decode
4936,header,57,1,caught,1,decode
4937,payload,3102527,1,caught,1,decode
4938,bit_flip,3697579,1,caught,1,decode
4939,random_bytes,3187960,1,caught,1,decode
4940,zeroed_run,3998557,2251,caught,1,decode
4941,truncation,2571786,2772362,caught,1,decode
4942,header,1006,1,caught,1,decode
4943,payload,3895758,1,caught,1,decode
4944,bit_flip,876681,1,caught,1,decode
4945,random_bytes,1232180,6,caught,1,decode
4946,zeroed_run,3173932,2768,caught,1,decode
4947,truncation,1653004,3691144,caught,1,decode
4948,header,568,1,caught,1,decode
4949,payload,1054064,1,caught,1,decode
4950,bit_flip,4056135,1,caught,1,decode
4951,random_bytes,5319727,8,caught,1,decode
4952,zeroed_run,3446521,3155,caught,1,decode
4953,truncation,3689858,1654290,caught,1,decode
4954,header,681,1,caught,1,decode
4955,payload,4984853,1,caught,1,decode
4956,bit_flip,1880388,1,caught,1,decode
4957,random_bytes,4285437,15,caught,1,decode
4958,zeroed_run,3396784,2660,caught,1,decode
4959,truncation,1808297,3535851,caught,1,decode
4960,header,948,1,caught,1,decode
4961,payload,1707398,1,caught,1,decode
4962,bit_flip,1302870,1,caught,1,decode
4963,random_bytes,3417991,10,caught,1,decode
4964,zeroed_run,1762590,288,caught,1,decode
4965,truncation,677461,4666687,caught,1,decode
4966,header,568,1,caught,1,decode
4967,payload,3836352,1,caught,1,decode
4968,bit_flip,2702975,1,caught,1,decode
4969,random_bytes,5190689,3,caught,1,decode
4970,zeroed_run,1601339,3496,caught,1,decode
4971,truncation,3758666,1585482,caught,1,decode
4972,header,87,1,caught,1,decode
4973,payload,1566520,1,caught,1,decode
4974,bit_flip,2196061,1,caught,1,decode
4975,random_bytes,635967,9,caught,1,decode
4976,zeroed_run,2254703,709,caught,1,decode
4977,truncation,2403322,2940826,caught,1,decode
4978,header,793,1,caught,1,decode
4979,payload,4097523,1,caught,1,decode
4980,bit_flip,1630960,1,caught,1,decode
4981,random_bytes,2924386,10,caught,1,decode
4982,zeroed_run,4420422,2916,caught,1,decode
4983,truncation,3418780,1925368,caught,1,decode
4984,header,509,1,caught,1,decode
4985,payload,395973,1,caught,1,decode
4986,bit_flip,1448127,1,caught,1,decode
4987,random_bytes,2805416,6,caught,1,decode
4988,zeroed_run,3586933,4002,caught,1,decode
4989,truncation,5054299,289849,caught,1,decode
4990,header,416,1,caught,1,decode
4991,payload,2136146,1,caught,1,decode
4992,bit_flip,5307627,1,caught,1,decode
4993,random_bytes,1782319,9,caught,1,decode
4994,zeroed_run,4380166,643,caught,1,decode
4995,truncation,3266098,2078050,caught,1,decode
4996,header,866,1,caught,1,decode
4997,payload,2522328,1,caught,1,decode
4998,bit_flip,1180514,1,caught,1,decode
4999,random_bytes,39479,9,caught,1,decode
5000,zeroed_run,918059,355,caught,1,decode
5001,truncation,682110,4662038,caught,1,decode
5002,header,988,1,caught,1,decode
5003,payload,2199072,1,caught,1,decode
5004,bit_flip,4992233,1,caught,1,decode
5005,random_bytes,5187913,2,caught,1,decode
5006,zeroed_run,4368582,3271,caught,1,decode
5007,truncation,5199253,144895,caught,1,decode
5008,header,460,1,caught,1,decode
5009,payload,193673,1,caught,1,decode
5010,bit_flip,2988230,1,caught,1,decode
5011,random_bytes,336437,16,caught,1,decode
5012,zeroed_run,5103376,3353,caught,1,decode
5013,truncation,1209148,4135000,caught,1,decode
5014,header,917,1,caught,1,decode
5015,payload,2989359,1,caught,1,decode
5016,bit_flip,3346430,1,caught,1,decode
5017,random_bytes,3587584,12,caught,1,decode
5018,zeroed_run,873080,3602,caught,1,decode
5019,truncation,2038441,3305707,caught,1,decode
5020,header,649,1,caught,1,decode
5021,payload,2751341,1,caught,1,decode
5022,bit_flip,2125821,1,caught,1,decode
5023,random_bytes,3762618,12,caught,1,decode
5024,zeroed_run,4060395,779,caught,1,decode
5025,truncation,1249055,4095093,caught,1,decode
5026,header,667,1,caught,1,decode
5027,payload,3743535,1,caught,1,decode
5028,bit_flip,3672060,1,caught,1,decode
5029,random_bytes,3375045,12,caught,1,decode
5030,zeroed_run,4192883,1104,caught,1,decode
5031,truncation,991819,4352329,caught,1,decode
5032,header,120,1,caught,1,decode
5033,payload,3292009,1,caught,1,decode
5034,bit_flip,1703948,1,caught,1,decode
5035,random_bytes,126135,7,caught,1,decode
5036,zeroed_run,3571552,3666,caught,1,decode
5037,truncation,5129966,214182,caught,1,decode
5038,header,531,1,caught,1,decode
5039,payload,1562533,1,caught,1,decode
5040,bit_flip,1110035,1,caught,1,decode
5041,random_bytes,445882,7,caught,1,decode
5042,zeroed_run,1036569,1669,caught,1,decode
5043,truncation,421485,4922663,caught,1,decode
5044,header,49,1,caught,1,decode
5045,payload,3129376,1,caught,1,decode
5046,bit_flip,362713,1,caught,1,decode
5047,random_bytes,4935767,3,caught,1,decode
5048,zeroed_run,1541602,2584,caught,1,decode
5049,truncation,948588,4395560,caught,1,decode
5050,header,537,1,caught,1,decode
5051,payload,835642,1,caught,1,decode
5052,bit_flip,3458136,1,caught,1,decode
5053,random_bytes,4945637,4,caught,1,decode
5054,zeroed_run,2291791,2610,caught,1,decode
5055,truncation,1657060,3687088,caught,1,decode
5056,header,641,1,caught,1,decode
5057,payload,3842108,1,caught,1,decode
5058,bit_flip,3129761,1,caught,1,decode
5059,random_bytes,1019714,14,caught,1,decode
5060,zeroed_run,4873131,3514,caught,1,decode
5061,truncation,2972453,2371695,caught,1,decode
5062,header,75,1,caught,1,decode
5063,payload,2857273,1,caught,1,decode
5064,bit_flip,2320913,1,caught,1,decode
5065,random_bytes,5197906,16,caught,1,decode
5066,zeroed_run,753167,1894,caught,1,decode
5067,truncation,4012995,1331153,caught,1,decode
5068,header,836,1,caught,1,decode
5069,payload,5051950,1,caught,1,decode
5070,bit_flip,852688,1,caught,1,decode
5071,random_bytes,3159880,12,caught,1,decode
5072,zeroed_run,4635752,3305,caught,1,decode
5073,truncation,4047351,1296797,caught,1,decode
5074,header,152,1,caught,1,decode
5075,payload,1904429,1,caught,1,decode
5076,bit_flip,711122,1,caught,1,decode
5077,random_bytes,4127714,15,caught,1,decode
5078,zeroed_run,4868361,2770,caught,1,decode
5079,truncation,3578852,1765296,caught,1,decode
5080,header,127,1,caught,1,decode
5081,payload,70069,1,caught,1,decode
5082,bit_flip,185166,1,caught,1,decode
5083,random_bytes,4107385,2,caught,1,decode
5084,zeroed_run,2467745,1688,caught,1,decode
5085,truncation,2905249,2438899,caught,1,decode
5086,header,854,1,caught,1,decode
5087,payload,3440486,1,caught,1,decode
5088,bit_flip,5237621,1,caught,1,decode
5089,random_bytes,733752,3,caught,1,decode
5090,zeroed_run,4197102,2464,caught,1,decode
5091,truncation,4930459,413689,caught,1,decode
5092,header,653,1,caught,1,decode
5093,payload,2514988,1,caught,1,decode
5094,bit_flip,4367523,1,caught,1,decode
5095,random_bytes,5303957,16,caught,1,decode
5096,zeroed_run,1575999,606,caught,1,decode
5097,truncation,3585209,1758939,caught,1,decode
5098,header,47,1,caught,1,decode
5099,payload,2755240,1,caught,1,decode
5100,bit_flip,3729386,1,caught,1,decode
5101,random_bytes,973758,3,caught,1,decode
5102,zeroed_run,1542820,3966,caught,1,decode
5103,truncation,4575055,769093,caught,1,decode
5104,header,642,1,caught,1,decode
5105,payload,1871794,1,caught,1,decode
5106,bit_flip,4302980,1,caught,1,decode
5107,random_bytes,1814207,9,caught,1,decode
5108,zeroed_run,1360722,761,caught,1,decode
5109,truncation,54728,5289420,caught,1,decode
5110,header,750,1,caught,1,decode
5111,payload,1778581,1,caught,1,decode
5112,bit_flip,4298083,1,caught,1,decode
5113,random_bytes,2466465,12,caught,1,decode
5114,zeroed_run,3260261,2779,caught,1,decode
5115,truncation,1883534,3460614,caught,1,decode
5116,header,8,1,harmless,0,decode
5117,payload,294319,1,caught,1,decode
5118,bit_flip,4445126,1,caught,1,decode
5119,random_bytes,2611187,16,caught,1,decode
5120,zeroed_run,5062846,1399,caught,1,decode
5121,truncation,1578018,3766130,caught,1,decode
5122,header,674,1,caught,1,decode
5123,payload,161985,1,caught,1,decode
5124,bit_flip,5163917,1,caught,1,decode
5125,random_bytes,610514,5,caught,1,decode
5126,zeroed_run,195399,3779,caught,1,decode
5127,truncation,2595180,2748968,caught,1,decode
5128,header,398,1,caught,1,decode
5129,payload,5148174,1,caught,1,decode
5130,bit_flip,1135161,1,caught,1,decode
5131,random_bytes,2039535,4,caught,1,decode
5132,zeroed_run,4087612,3896,caught,1,decode
5133,truncation,2517429,2826719,caught,1,decode
5134,header,187,1,caught,1,decode
5135,payload,1279294,1,caught,1,decode
5136,bit_flip,3976762,1,caught,1,decode
5137,random_bytes,4497828,8,caught,1,decode
5138,zeroed_run,656395,1630,caught,1,decode
5139,truncation,3791528,1552620,caught,1,decode
5140,header,495,1,caught,1,decode
5141,payload,1245155,1,caught,1,decode
5142,bit_flip,2783074,1,caught,1,decode
5143,random_bytes,2922290,9,caught,1,decode
5144,zeroed_run,2235306,3005,caught,1,decode
5145,truncation,2016560,3327588,caught,1,decode
5146,header,832,1,caught,1,decode
5147,payload,2164013,1,caught,1,decode
5148,bit_flip,3339028,1,caught,1,decode
5149,random_bytes,178761,12,caught,1,decode
5150,zeroed_run,127671,2734,caught,1,decode
5151,truncation,1049072,4295076,caught,1,decode
5152,header,488,1,caught,1,decode
5153,payload,3742206,1,caught,1,decode
5154,bit_flip,996745,1,caught,1,decode
5155,random_bytes,3314563,3,caught,1,decode
5156,zeroed_run,2084150,689,caught,1,decode
5157,truncation,4690629,653519,caught,1,decode
5158,header,221,1,caught,1,decode
5159,payload,4796598,1,caught,1,decode
5160,bit_flip,3343771,1,caught,1,decode
5161,random_bytes,145200,5,caught,1,decode
5162,zeroed_run,3113112,2242,caught,1,decode
5163,truncation,3210399,2133749,caught,1,decode
5164,header,904,1,caught,1,decode
5165,payload,5093414,1,caught,1,decode
5166,bit_flip,1449136,1,caught,1,decode
5167,random_bytes,2693517,12,caught,1,decode
5168,zeroed_run,2045310,1617,caught,1,decode
5169,truncation,4714557,629591,caught,1,decode
5170,header,561,1,caught,1,decode
5171,payload,4139494,1,caught,1,decode
5172,bit_flip,4098516,1,caught,1,decode
5173,random_bytes,2783042,6,caught,1,decode
5174,zeroed_run,2723611,93,caught,1,decode
5175,truncation,1674076,3670072,caught,1,decode
5176,header,7,1,harmless,0,decode
5177,payload,4777975,1,caught,1,decode
5178,bit_flip,3887148,1,caught,1,decode
5179,random_bytes,2339011,11,caught,1,decode
5180,zeroed_run,3502918,1022,caught,1,decode
5181,truncation,323202,5020946,caught,1,decode
5182,header,249,1,caught,1,decode
5183,payload,4329392,1,caught,1,decode
5184,bit_flip,1367119,1,caught,1,decode
5185,random_bytes,2885659,1,caught,1,decode
5186,zeroed_run,1453600,1029,caught,1,decode
5187,truncation,4153746,1190402,caught,1,decode
5188,header,443,1,caught,1,decode
5189,payload,4761398,1,caught,1,decode
5190,bit_flip,171207,1,caught,1,decode
5191,random_bytes,594367,6,caught,1,decode
5192,zeroed_run,1646616,2869,caught,1,decode
5193,truncation,4343020,1001128,caught,1,decode
5194,header,45,1,caught,1,decode
5195,payload,880648,1,caught,1,decode
5196,bit_flip,4248429,1,caught,1,decode
5197,random_bytes,123753,5,caught,1,decode
5198,zeroed_run,2558061,2876,caught,1,decode
5199,truncation,89564,5254584,caught,1,decode
5200,header,859,1,caught,1,decode
5201,payload,2078194,1,caught,1,decode
5202,bit_flip,4367941,1,caught,1,decode
5203,random_bytes,98451,11,caught,1,decode
5204,zeroed_run,963048,2316,caught,1,decode
5205,truncation,1958720,3385428,caught,1,decode
5206,header,620,1,caught,1,decode
5207,payload,4755962,1,caught,1,decode
5208,bit_flip,4769494,1,caught,1,decode
5209,random_bytes,1976754,7,caught,1,decode
5210,zeroed_run,1949844,2965,caught,1,decode
5211,truncation,2536348,2807800,caught,1,decode
5212,header,186,1,caught,1,decode
5213,payload,484608,1,caught,1,decode
5214,bit_flip,3160096,1,caught,1,decode
5215,random_bytes,3271211,11,caught,1,decode
5216,zeroed_run,2056869,562,caught,1,decode
5217,truncation,2507558,2836590,caught,1,decode
5218,header,749,1,caught,1,decode
5219,payload,4009801,1,caught,1,decode
5220,bit_flip,252846,1,caught,1,decode
5221,random_bytes,4141848,1,caught,1,decode
5222,zeroed_run,3126243,3192,caught,1,decode
5223,truncation,4720090,624058,caught,1,decode
5224,header,871,1,caught,1,decode
5225,payload,2940249,1,caught,1,decode
5226,bit_flip,5087386,1,caught,1,decode
5227,random_bytes,1001610,9,caught,1,decode
5228,zeroed_run,3468626,785,caught,1,decode
5229,truncation,1099931,4244217,caught,1,decode
5230,header,224,1,caught,1,decode
5231,payload,1707871,1,caught,1,decode
5232,bit_flip,741757,1,caught,1,decode
5233,random_bytes,4923833,1,caught,1,decode
5234,zeroed_run,777898,3317,caught,1,decode
5235,truncation,3158075,2186073,caught,1,decode
5236,header,831,1,caught,1,decode
5237,payload,4805962,1,caught,1,decode
5238,bit_flip,4448987,1,caught,1,decode
5239,random_bytes,1043110,12,caught,1,decode
5240,zeroed_run,2840379,2576,caught,1,decode
5241,truncation,3680719,1663429,caught,1,decode
5242,header,606,1,caught,1,decode
5243,payload,3632280,1,caught,1,decode
5244,bit_flip,3990010,1,caught,1,decode
5245,random_bytes,2350361,3,caught,1,decode
5246,zeroed_run,2834290,603,caught,1,decode
5247,truncation,5306650,37498,caught,1,decode
5248,header,221,1,caught,1,decode
5249,payload,337294,1,caught,1,decode
5250,bit_flip,3466035,1,caught,1,decode
5251,random_bytes,3077422,11,caught,1,decode
5252,zeroed_run,228662,1459,caught,1,decode
5253,truncation,938225,4405923,caught,1,decode
5254,header,246,1,caught,1,decode
5255,payload,1407080,1,caught,1,decode
5256,bit_flip,2502224,1,caught,1,decode
5257,random_bytes,2052990,8,caught,1,decode
5258,zeroed_run,2961174,3392,caught,1,decode
5259,truncation,1841538,3502610,caught,1,decode
5260,header,380,1,caught,1,decode
5261,payload,4594322,1,caught,1,decode
5262,bit_flip,513943,1,caught,1,decode
5263,random_bytes,4190020,8,caught,1,decode
5264,zeroed_run,3472763,2837,caught,1,decode
5265,truncation,3104739,2239409,caught,1,decode
5266,header,361,1,caught,1,decode
5267,payload,573777,1,caught,1,decode
5268,bit_flip,1383717,1,caught,1,decode
5269,random_bytes,3383967,11,caught,1,decode
5270,zeroed_run,5044231,1119,caught,1,decode
5271,truncation,770275,4573873,caught,1,decode
5272,header,604,1,caught,1,decode
5273,payload,1765132,1,caught,1,decode
5274,bit_flip,121454,1,caught,1,decode
5275,random_bytes,1231085,1,caught,1,decode
5276,zeroed_run,2812581,772,caught,1,decode
5277,truncation,787989,4556159,caught,1,decode
5278,header,999,1,caught,1,decode
5279,payload,1976808,1,caught,1,decode
5280,bit_flip,665084,1,caught,1,decode
5281,random_bytes,270386,12,caught,1,decode
5282,zeroed_run,1952874,1395,caught,1,decode
5283,truncation,3973867,1370281,caught,1,decode
5284,header,504,1,caught,1,decode
5285,payload,2870995,1,caught,1,decode
5286,bit_flip,371233,1,caught,1,decode
5287,random_bytes,2044051,5,caught,1,decode
5288,zeroed_run,373028,2262,caught,1,decode
5289,truncation,127789,5216359,caught,1,decode
5290,header,443,1,caught,1,decode
5291,payload,3656382,1,caught,1,decode
5292,bit_flip,2646013,1,caught,1,decode
5293,random_bytes,4334457,14,caught,1,decode
5294,zeroed_run,955271,1221,caught,1,decode
5295,truncation,1232385,4111763,caught,1,decode
5296,header,975,1,caught,1,decode
5297,payload,4098536,1,caught,1,decode
5298,bit_flip,2147887,1,caught,1,decode
5299,random_bytes,1234716,3,caught,1,decode
5300,zeroed_run,4022827,2849,caught,1,decode
5301,truncation,4686262,657886,caught,1,decode
5302,header,987,1,caught,1,decode
5303,payload,3342552,1,caught,1,decode
5304,bit_flip,596580,1,caught,1,decode
5305,random_bytes,2996841,2,caught,1,decode
5306,zeroed_run,4498701,2889,caught,1,decode
5307,truncation,1896104,3448044,caught,1,decode
5308,header,400,1,caught,1,decode
5309,payload,77595,1,caught,1,decode
5310,bit_flip,4808852,1,caught,1,decode
5311,random_bytes,1410495,16,caught,1,decode
5312,zeroed_run,969696,2490,caught,1,decode
5313,truncation,1161990,4182158,caught,1,decode
5314,header,490,1,caught,1,decode
5315,payload,3871788,1,caught,1,decode
5316,bit_flip,4090776,1,caught,1,decode
5317,random_bytes,4679397,15,caught,1,decode
5318,zeroed_run,5089881,1819,caught,1,decode
5319,truncation,5291912,52236,caught,1,decode
5320,header,595,1,caught,1,decode
5321,payload,2772311,1,caught,1,decode
5322,bit_flip,2407906,1,caught,1,decode
5323,random_bytes,2316918,9,caught,1,decode
5324,zeroed_run,1665913,3919,caught,1,decode
5325,truncation,4976312,367836,caught,1,decode
5326,header,873,1,caught,1,decode
5327,payload,4786808,1,caught,1,decode
5328,bit_flip,4014325,1,caught,1,decode
5329,random_bytes,2959311,2,caught,1,decode
5330,zeroed_run,4008048,3731,caught,1,decode
5331,truncation,4653948,690200,caught,1,decode
5332,header,917,1,caught,1,decode
5333,payload,4473697,1,caught,1,decode
5334,bit_flip,4722826,1,caught,1,decode
5335,random_bytes,5255314,3,caught,1,decode
5336,zeroed_run,175168,3195,caught,1,decode
5337,truncation,3579204,1764944,caught,1,decode
5338,header,157,1,caught,1,decode
5339,payload,1738242,1,caught,1,decode
5340,bit_flip,1145193,1,caught,1,decode
5341,random_bytes,3889842,7,caught,1,decode
5342,zeroed_run,2447539,393,caught,1,decode
5343,truncation,2419197,2924951,caught,1,decode
5344,header,1008,1,caught,1,decode
5345,payload,3938186,1,caught,1,decode
5346,bit_flip,271458,1,caught,1,decode
5347,random_bytes,1921746,14,caught,1,decode
5348,zeroed_run,3370014,3748,caught,1,decode
5349,truncation,4535205,808943,caught,1,decode
5350,header,700,1,caught,1,decode
5351,payload,3233328,1,caught,1,decode
5352,bit_flip,4386763,1,caught,1,decode
5353,random_bytes,3152746,3,caught,1,decode
5354,zeroed_run,3009968,2689,caught,1,decode
5355,truncation,1622391,3721757,caught,1,decode
5356,header,459,1,caught,1,decode
5357,payload,3442365,1,caught,1,decode
5358,bit_flip,3001084,1,caught,1,decode
5359,random_bytes,1340773,7,caught,1,decode
5360,zeroed_run,1488795,769,caught,1,decode
5361,truncation,2767766,2576382,caught,1,decode
5362,header,134,1,caught,1,decode
5363,payload,3764762,1,caught,1,decode
5364,bit_flip,140037,1,caught,1,decode
5365,random_bytes,2546777,13,caught,1,decode
5366,zeroed_run,1254332,684,caught,1,decode
5367,truncation,3495296,1848852,caught,1,decode
5368,header,999,1,caught,1,decode
5369,payload,3511922,1,caught,1,decode
5370,bit_flip,443329,1,caught,1,decode
5371,random_bytes,2454035,7,caught,1,decode
5372,zeroed_run,382227,466,caught,1,decode
5373,truncation,3531795,1812353,caught,1,decode
5374,header,403,1,caught,1,decode
5375,payload,4858211,1,caught,1,decode
5376,bit_flip,788859,1,caught,1,decode
5377,random_bytes,1237973,14,caught,1,decode
5378,zeroed_run,1391051,1080,caught,1,decode
5379,truncation,4233463,1110685,caught,1,decode
5380,header,606,1,caught,1,decode
5381,payload,3883174,1,caught,1,decode
5382,bit_flip,1877026,1,caught,1,decode
5383,random_bytes,3819362,15,caught,1,decode
5384,zeroed_run,4791649,1534,caught,1,decode
5385,truncation,4075126,1269022,caught,1,decode
5386,header,408,1,caught,1,decode
5387,payload,642448,1,caught,1,decode
5388,bit_flip,5276741,1,caught,1,decode
5389,random_bytes,2778696,10,caught,1,decode
5390,zeroed_run,4437205,3805,caught,1,decode
5391,truncation,2353064,2991084,caught,1,decode
5392,header,677,1,caught,1,decode
5393,payload,5035221,1,caught,1,decode
5394,bit_flip,4741056,1,caught,1,decode
5395,random_bytes,3689773,16,caught,1,decode
5396,zeroed_run,554595,3045,caught,1,decode
5397,truncation,1214493,4129655,caught,1,decode
5398,header,233,1,caught,1,decode
5399,payload,5238974,1,caught,1,decode
5400,bit_flip,4353572,1,caught,1,decode
5401,random_bytes,5318224,15,caught,1,decode
5402,zeroed_run,507741,602,caught,1,decode
5403,truncation,3081626,2262522,caught,1,decode
5404,header,484,1,caught,1,decode
5405,payload,3852983,1,caught,1,decode
5406,bit_flip,5110359,1,caught,1,decode
5407,random_bytes,4612986,1,caught,1,decode
5408,zeroed_run,1255089,3261,caught,1,decode
5409,truncation,1517518,3826630,caught,1,decode
5410,header,413,1,caught,1,decode
5411,payload,3141304,1,caught,1,decode
5412,bit_flip,1321378,1,caught,1,decode
5413,random_bytes,4083411,12,caught,1,decode
5414,zeroed_run,617898,868,caught,1,decode
5415,truncation,1819318,3524830,caught,1,decode
5416,header,873,1,caught,1,decode
5417,payload,1937889,1,caught,1,decode
5418,bit_flip,2216838,1,caught,1,decode
5419,random_bytes,2231722,3,caught,1,decode
5420,zeroed_run,4318838,4084,caught,1,decode
5421,truncation,1560587,3783561,caught,1,decode
5422,header,527,1,caught,1,decode
5423,payload,268568,1,caught,1,decode
5424,bit_flip,3887945,1,caught,1,decode
5425,random_bytes,3391044,11,caught,1,decode
5426,zeroed_run,4013228,2412,caught,1,decode
5427,truncation,1221379,4122769,caught,1,decode
5428,header,105,1,caught,1,decode
5429,payload,2983978,1,caught,1,decode
5430,bit_flip,2076704,1,caught,1,decode
5431,random_bytes,2143253,3,caught,1,decode
5432,zeroed_run,3575949,955,caught,1,decode
5433,truncation,287363,5056785,caught,1,decode
5434,header,204,1,caught,1,decode
5435,payload,828159,1,caught,1,decode
5436,bit_flip,5214432,1,caught,1,decode
5437,random_bytes,4965361,5,caught,1,decode
5438,zeroed_run,4498141,1389,caught,1,decode
5439,truncation,2849483,2494665,caught,1,decode
5440,header,204,1,caught,1,decode
5441,payload,3993958,1,caught,1,decode
5442,bit_flip,3481412,1,caught,1,decode
5443,random_bytes,2073637,3,caught,1,decode
5444,zeroed_run,4074112,3161,caught,1,decode
5445,truncation,4831222,512926,caught,1,decode
5446,header,204,1,caught,1,decode
5447,payload,1678566,1,caught,1,decode
5448,bit_flip,840130,1,caught,1,decode
5449,random_bytes,4676423,5,caught,1,decode
5450,zeroed_run,2398498,1238,caught,1,decode
5451,truncation,219717,5124431,caught,1,decode
5452,header,548,1,caught,1,decode
5453,payload,90133,1,caught,1,decode
5454,bit_flip,4933603,1,caught,1,decode
5455,random_bytes,4598819,12,caught,1,decode
5456,zeroed_run,4483137,143,caught,1,decode
5457,truncation,1727269,3616879,caught,1,decode
5458,header,798,1,caught,1,decode
5459,payload,4197153,1,caught,1,decode
5460,bit_flip,5756,1,caught,1,decode
5461,random_bytes,3019972,9,caught,1,decode
5462,zeroed_run,3019141,1745,caught,1,decode
5463,truncation,38591,5305557,caught,1,decode
5464,header,665,1,caught,1,decode
5465,payload,2146119,1,caught,1,decode
5466,bit_flip,1703898,1,caught,1,decode
5467,random_bytes,2993352,6,caught,1,decode
5468,zeroed_run,5151673,3054,caught,1,decode
5469,truncation,2611554,2732594,caught,1,decode
5470,header,561,1,caught,1,decode
5471,payload,1201328,1,caught,1,decode
5472,bit_flip,3954218,1,caught,1,decode
5473,random_bytes,1889172,1,caught,1,decode
5474,zeroed_run,3894982,1672,caught,1,decode
5475,truncation,1905535,3438613,caught,1,decode
5476,header,505,1,caught,1,decode
5477,payload,1432678,1,caught,1,decode
5478,bit_flip,2729082,1,caught,1,decode
5479,random_bytes,2437126,5,caught,1,decode
5480,zeroed_run,2696727,2143,caught,1,decode
5481,truncation,639467,4704681,caught,1,decode
5482,header,611,1,caught,1,decode
5483,payload,4131109,1,caught,1,decode
5484,bit_flip,1249339,1,caught,1,decode
5485,random_bytes,1738467,15,caught,1,decode
5486,zeroed_run,4745626,2630,caught,1,decode
5487,truncation,5091739,252409,caught,1,decode
5488,header,785,1,caught,1,decode
5489,payload,5230541,1,caught,1,decode
5490,bit_flip,886227,1,caught,1,decode
5491,random_bytes,4633298,14,caught,1,decode
5492,zeroed_run,1761260,3766,caught,1,decode
5493,truncation,4487009,857139,caught,1,decode
5494,header,154,1,caught,1,decode
5495,payload,4729423,1,caught,1,decode
5496,bit_flip,1954783,1,caught,1,decode
5497,random_bytes,3655317,4,caught,1,decode
5498,zeroed_run,4654886,666,caught,1,decode
5499,truncation,1134796,4209352,caught,1,decode
5500,header,209,1,caught,1,decode
5501,payload,2215171,1,caught,1,decode
5502,bit_flip,3765514,1,caught,1,decode
5503,random_bytes,1065433,2,caught,1,decode
5504,zeroed_run,4187667,3572,caught,1,decode
5505,truncation,4061070,1283078,caught,1,decode
5506,header,554,1,caught,1,decode
5507,payload,3444899,1,caught,1,decode
5508,bit_flip,4797095,1,caught,1,decode
5509,random_bytes,2865116,14,caught,1,decode
5510,zeroed_run,451637,2365,caught,1,decode
5511,truncation,1574856,3769292,caught,1,decode
5512,header,65,1,caught,1,decode
5513,payload,5236713,1,caught,1,decode
5514,bit_flip,374841,1,caught,1,decode
5515,random_bytes,5024250,7,caught,1,decode
5516,zeroed_run,3025125,2596,caught,1,decode
5517,truncation,238255,5105893,caught,1,decode
5518,header,641,1,caught,1,decode
5519,payload,786172,1,caught,1,decode
5520,bit_flip,1448988,1,caught,1,decode
5521,random_bytes,5236265,11,caught,1,decode
5522,zeroed_run,4668543,3213,caught,1,decode
5523,truncation,3603435,1740713,caught,1,decode
5524,header,143,1,caught,1,decode
5525,payload,2331633,1,caught,1,decode
5526,bit_flip,874684,1,caught,1,decode
5527,random_bytes,3446891,8,caught,1,decode
5528,zeroed_run,4104108,2124,caught,1,decode
5529,truncation,2832733,2511415,caught,1,decode
5530,header,1013,1,caught,1,decode
5531,payload,2788781,1,caught,1,decode
5532,bit_flip,3119473,1,caught,1,decode
5533,random_bytes,2524213,12,caught,1,decode
5534,zeroed_run,504708,837,caught,1,decode
5535,truncation,4969168,374980,caught,1,decode
5536,header,675,1,caught,1,decode
5537,payload,1248049,1,caught,1,decode
5538,bit_flip,1517291,1,caught,1,decode
5539,random_bytes,767331,15,caught,1,decode
5540,zeroed_run,3429227,1066,caught,1,decode
5541,truncation,1521669,3822479,caught,1,decode
5542,header,780,1,caught,1,decode
5543,payload,4817471,1,caught,1,decode
5544,bit_flip,3188327,1,caught,1,decode
5545,random_bytes,1272346,7,caught,1,decode
5546,zeroed_run,392848,3231,caught,1,decode
5547,truncation,870561,4473587,caught,1,decode
5548,header,383,1,caught,1,decode
5549,payload,374449,1,caught,1,decode
5550,bit_flip,1489769,1,caught,1,decode
5551,random_bytes,1904207,10,caught,1,decode
5552,zeroed_run,32359,169,caught,1,decode
5553,truncation,811326,4532822,caught,1,decode
5554,header,802,1,caught,1,decode
5555,payload,182956,1,caught,1,decode
5556,bit_flip,4359197,1,caught,1,decode
5557,random_bytes,1473420,10,caught,1,decode
5558,zeroed_run,3412333,2578,caught,1,decode
5559,truncation,229321,5114827,caught,1,decode
5560,header,268,1,caught,1,decode
5561,payload,1271238,1,caught,1,decode
5562,bit_flip,477255,1,caught,1,decode
5563,random_bytes,3541188,5,caught,1,decode
5564,zeroed_run,543952,2094,caught,1,decode
5565,truncation,4401323,942825,caught,1,decode
5566,header,802,1,caught,1,decode
5567,payload,2369982,1,caught,1,decode
5568,bit_flip,883163,1,caught,1,decode
5569,random_bytes,5054871,4,caught,1,decode
5570,zeroed_run,4431966,3854,caught,1,decode
5571,truncation,4063398,1280750,caught,1,decode
5572,header,627,1,caught,1,decode
5573,payload,142242,1,caught,1,decode
5574,bit_flip,4020485,1,caught,1,decode
5575,random_bytes,3890595,13,caught,1,decode
5576,zeroed_run,4072112,3539,caught,1,decode
5577,truncation,3408558,1935590,caught,1,decode
5578,header,629,1,caught,1,decode
5579,payload,2040977,1,caught,1,decode
5580,bit_flip,159860,1,caught,1,decode
5581,random_bytes,1275410,12,caught,1,decode
5582,zeroed_run,950783,1373,caught,1,decode
5583,truncation,5158769,185379,caught,1,decode
5584,header,120,1,caught,1,decode
5585,payload,1700508,1,caught,1,decode
5586,bit_flip,4993349,1,caught,1,decode
5587,random_bytes,585425,6,caught,1,decode
5588,zeroed_run,4098969,165,caught,1,decode
5589,truncation,3770292,1573856,caught,1,decode
5590,header,688,1,caught,1,decode
5591,payload,313830,1,caught,1,decode
5592,bit_flip,4990424,1,caught,1,decode
5593,random_bytes,1543080,13,caught,1,decode
5594,zeroed_run,112595,841,caught,1,decode
5595,truncation,287075,5057073,caught,1,decode
5596,header,581,1,caught,1,decode
5597,payload,5098609,1,caught,1,decode
5598,bit_flip,1268475,1,caught,1,decode
5599,random_bytes,1765342,11,caught,1,decode
5600,zeroed_run,3598836,3680,caught,1,decode
5601,truncation,4973202,370946,caught,1,decode
5602,header,907,1,caught,1,decode
5603,payload,2968642,1,caught,1,decode
5604,bit_flip,855589,1,caught,1,decode
5605,random_bytes,3948780,9,caught,1,decode
5606,zeroed_run,4827481,3188,caught,1,decode
5607,truncation,3070713,2273435,caught,1,decode
5608,header,111,1,caught,1,decode
5609,payload,1174566,1,caught,1,decode
5610,bit_flip,3273935,1,caught,1,decode
5611,random_bytes,1879914,7,caught,1,decode
5612,zeroed_run,1772475,3263,caught,1,decode
5613,truncation,541257,4802891,caught,1,decode
5614,header,749,1,caught,1,decode
5615,payload,2066958,1,caught,1,decode
5616,bit_flip,3583898,1,caught,1,decode
5617,random_bytes,3871174,12,caught,1,decode
5618,zeroed_run,3440484,2424,caught,1,decode
5619,truncation,2174425,3169723,caught,1,decode
5620,header,661,1,caught,1,decode
5621,payload,4927889,1,caught,1,decode
5622,bit_flip,3500692,1,caught,1,decode
5623,random_bytes,2419505,15,caught,1,decode
5624,zeroed_run,835023,277,caught,1,decode
5625,truncation,4971436,372712,caught,1,decode
5626,header,516,1,caught,1,decode
5627,payload,2045305,1,caught,1,decode
5628,bit_flip,2964513,1,caught,1,decode
5629,random_bytes,1918486,7,caught,1,decode
5630,zeroed_run,1521478,3976,caught,1,decode
5631,truncation,309779,5034369,caught,1,decode
5632,header,1001,1,caught,1,decode
5633,payload,470954,1,caught,1,decode
5634,bit_flip,4966349,1,caught,1,decode
5635,random_bytes,2953309,4,caught,1,decode
5636,zeroed_run,922775,4055,caught,1,decode
5637,truncation,2259305,3084843,caught,1,decode
5638,header,959,1,caught,1,decode
5639,payload,1873077,1,caught,1,decode
5640,bit_flip,652148,1,caught,1,decode
5641,random_bytes,362330,11,caught,1,decode
5642,zeroed_run,2722371,159,caught,1,decode
5643,truncation,1087589,4256559,caught,1,decode
5644,header,817,1,caught,1,decode
5645,payload,1256800,1,caught,1,decode
5646,bit_flip,3518442,1,caught,1,decode
5647,random_bytes,1020912,7,caught,1,decode
5648,zeroed_run,5218598,3095,caught,1,decode
5649,truncation,2457483,2886665,caught,1,decode
5650,header,14,1,harmless,0,decode
5651,payload,1018442,1,caught,1,decode
5652,bit_flip,1442439,1,caught,1,decode
5653,random_bytes,860977,9,caught,1,decode
5654,zeroed_run,619718,3334,caught,1,decode
5655,truncation,2798342,2545806,caught,1,decode
5656,header,789,1,caught,1,decode
5657,payload,2981882,1,caught,1,decode
5658,bit_flip,4232147,1,caught,1,decode
5659,random_bytes,2283086,2,caught,1,decode
5660,zeroed_run,741585,3462,caught,1,decode
5661,truncation,102164,5241984,caught,1,decode
5662,header,749,1,caught,1,decode
5663,payload,4973269,1,caught,1,decode
5664,bit_flip,1702322,1,caught,1,decode
5665,random_bytes,4698629,1,caught,1,decode
5666,zeroed_run,1835991,1618,caught,1,decode
5667,truncation,4418682,925466,caught,1,decode
5668,header,21,1,caught,1,decode
5669,payload,2017257,1,caught,1,decode
5670,bit_flip,1164047,1,caught,1,decode
5671,random_bytes,4086004,12,caught,1,decode
5672,zeroed_run,2865632,220,caught,1,decode
5673,truncation,3171992,2172156,caught,1,decode
5674,header,397,1,caught,1,decode
5675,payload,502115,1,caught,1,decode
5676,bit_flip,3921021,1,caught,1,decode
5677,random_bytes,1170098,4,caught,1,decode
5678,zeroed_run,2807712,2231,caught,1,decode
5679,truncation,5295549,48599,caught,1,decode
5680,header,909,1,caught,1,decode
5681,payload,1940996,1,caught,1,decode
5682,bit_flip,4394217,1,caught,1,decode
5683,random_bytes,4822787,6,caught,1,decode
5684,zeroed_run,2129675,503,caught,1,decode
5685,truncation,2018009,3326139,caught,1,decode
5686,header,1018,1,caught,1,decode
5687,payload,3638254,1,caught,1,decode
5688,bit_flip,1266475,1,caught,1,decode
5689,random_bytes,3254412,13,caught,1,decode
5690,zeroed_run,1418485,3708,caught,1,decode
5691,truncation,4693650,650498,caught,1,decode
5692,header,59,1,caught,1,decode
5693,payload,4456624,1,caught,1,decode
5694,bit_flip,2173440,1,caught,1,decode
5695,random_bytes,3651954,6,caught,1,decode
5696,zeroed_run,4959335,1893,caught,1,decode
5697,truncation,1526917,3817231,caught,1,decode
5698,header,73,1,caught,1,decode
5699,payload,3195714,1,caught,1,decode
5700,bit_flip,1640458,1,caught,1,decode
5701,random_bytes,4620470,8,caught,1,decode
5702,zeroed_run,4087729,3314,caught,1,decode
5703,truncation,2136704,3207444,caught,1,decode
5704,header,947,1,caught,1,decode
5705,payload,3890551,1,caught,1,decode
5706,bit_flip,105329,1,caught,1,decode
5707,random_bytes,1522384,6,caught,1,decode
5708,zeroed_run,983267,1222,caught,1,decode
5709,truncation,2188663,3155485,caught,1,decode
5710,header,971,1,caught,1,decode
5711,payload,1070058,1,caught,1,decode
5712,bit_flip,3074234,1,caught,1,decode
5713,random_bytes,1999748,11,caught,1,decode
5714,zeroed_run,824464,3407,caught,1,decode
5715,truncation,3749420,1594728,caught,1,decode
5716,header,992,1,caught,1,decode
5717,payload,4778298,1,caught,1,decode
5718,bit_flip,4690938,1,caught,1,decode
5719,random_bytes,1467245,16,caught,1,decode
5720,zeroed_run,4917316,258,caught,1,decode
5721,truncation,4140033,1204115,caught,1,decode
5722,header,40,1,caught,1,decode
5723,payload,3732624,1,caught,1,decode
5724,bit_flip,2827600,1,caught,1,decode
5725,random_bytes,3249680,10,caught,1,decode
5726,zeroed_run,978994,4061,caught,1,decode
5727,truncation,2567833,2776315,caught,1,decode
5728,header,1006,1,caught,1,decode
5729,payload,484706,1,caught,1,decode
5730,bit_flip,5121322,1,caught,1,decode
5731,random_bytes,2691345,3,caught,1,decode
5732,zeroed_run,2828785,2782,caught,1,decode
5733,truncation,4596516,747632,caught,1,decode
5734,header,383,1,caught,1,decode
5735,payload,4402726,1,caught,1,decode
5736,bit_flip,2966274,1,caught,1,decode
5737,random_bytes,4714973,10,caught,1,decode
5738,zeroed_run,3623957,2574,caught,1,decode
5739,truncation,3253751,2090397,caught,1,decode
5740,header,407,1,caught,1,decode
5741,payload,1782631,1,caught,1,decode
5742,bit_flip,4394965,1,caught,1,decode
5743,random_bytes,532037,9,caught,1,decode
5744,zeroed_run,3787634,3863,caught,1,decode
5745,truncation,1974157,3369991,caught,1,decode
5746,header,858,1,caught,1,decode
5747,payload,710609,1,caught,1,decode
5748,bit_flip,4339618,1,caught,1,decode
5749,random_bytes,531432,4,caught,1,decode
5750,zeroed_run,3328370,2974,caught,1,decode
5751,truncation,437922,4906226,caught,1,decode
5752,header,672,1,caught,1,decode
5753,payload,1104834,1,caught,1,decode
5754,bit_flip,4381565,1,caught,1,decode
5755,random_bytes,5236121,8,caught,1,decode
5756,zeroed_run,880623,1484,caught,1,decode
5757,truncation,1053395,4290753,caught,1,decode
5758,header,526,1,caught,1,decode
5759,payload,4679712,1,caught,1,decode
5760,bit_flip,2050669,1,caught,1,decode
5761,random_bytes,4488366,3,caught,1,decode
5762,zeroed_run,466581,54,caught,1,decode
5763,truncation,3917334,1426814,caught,1,decode
5764,header,434,1,caught,1,decode
5765,payload,4500291,1,caught,1,decode
5766,bit_flip,3145638,1,caught,1,decode
5767,random_bytes,4477251,8,caught,1,decode
5768,zeroed_run,1180242,1264,caught,1,decode
5769,truncation,2432420,2911728,caught,1,decode
5770,header,771,1,caught,1,decode
5771,payload,5199016,1,caught,1,decode
5772,bit_flip,1344710,1,caught,1,decode
5773,random_bytes,1264048,3,caught,1,decode
5774,zeroed_run,4162931,3355,caught,1,decode
5775,truncation,1335145,4009003,caught,1,decode
5776,header,43,1,caught,1,decode
5777,payload,2124401,1,caught,1,decode
5778,bit_flip,822955,1,caught,1,decode
5779,random_bytes,4360091,16,caught,1,decode
5780,zeroed_run,1090876,2154,caught,1,decode
5781,truncation,211065,5133083,caught,1,decode
5782,header,383,1,caught,1,decode
5783,payload,352293,1,caught,1,decode
5784,bit_flip,2781723,1,caught,1,decode
5785,random_bytes,2644613,1,caught,1,decode
5786,zeroed_run,2613515,3088,caught,1,decode
5787,truncation,3710423,1633725,caught,1,decode
5788,header,439,1,caught,1,decode
5789,payload,2925991,1,caught,1,decode
5790,bit_flip,2761192,1,caught,1,decode
5791,random_bytes,5022409,8,caught,1,decode
5792,zeroed_run,400155,1589,caught,1,decode
5793,truncation,2282742,3061406,caught,1,decode
5794,header,1000,1,caught,1,decode
5795,payload,2035065,1,caught,1,decode
5796,bit_flip,4446368,1,caught,1,decode
5797,random_bytes,2786897,3,caught,1,decode
5798,zeroed_run,4319036,1654,caught,1,decode
5799,truncation,592760,4751388,caught,1,decode
5800,header,741,1,caught,1,decode
5801,payload,4896712,1,caught,1,decode
5802,bit_flip,4739895,1,caught,1,decode
5803,random_bytes,1024206,3,caught,1,decode
5804,zeroed_run,1832895,562,caught,1,decode
5805,truncation,1578808,3765340,caught,1,decode
5806,header,771,1,caught,1,decode
5807,payload,1130338,1,caught,1,decode
5808,bit_flip,5225915,1,caught,1,decode
5809,random_bytes,1255266,11,caught,1,decode
5810,zeroed_run,730319,4020,caught,1,decode
5811,truncation,1096509,4247639,caught,1,decode
5812,header,156,1,caught,1,decode
5813,payload,3378772,1,caught,1,decode
5814,bit_flip,4496840,1,caught,1,decode
5815,random_bytes,2284057,5,caught,1,decode
5816,zeroed_run,4627083,157,caught,1,decode
5817,truncation,3913317,1430831,caught,1,decode
5818,header,952,1,caught,1,decode
5819,payload,2917167,1,caught,1,decode
5820,bit_flip,2145820,1,caught,1,decode
5821,random_bytes,2034973,6,caught,1,decode
5822,zeroed_run,540092,1751,caught,1,decode
5823,truncation,4267689,1076459,caught,1,decode
5824,header,73,1,caught,1,decode
5825,payload,3866731,1,caught,1,decode
5826,bit_flip,4721886,1,caught,1,decode
5827,random_bytes,5319601,16,caught,1,decode
5828,zeroed_run,3856782,3409,caught,1,decode
5829,truncation,3197298,2146850,caught,1,decode
5830,header,584,1,caught,1,decode
5831,payload,1199562,1,caught,1,decode
5832,bit_flip,289047,1,caught,1,decode
5833,random_bytes,5021376,8,caught,1,decode
5834,zeroed_run,3146066,508,caught,1,decode
5835,truncation,139924,5204224,caught,1,decode
5836,header,508,1,caught,1,decode
5837,payload,3121261,1,caught,1,decode
5838,bit_flip,1077723,1,caught,1,decode
5839,random_bytes,3704295,16,caught,1,decode
5840,zeroed_run,1978576,3802,caught,1,decode
5841,truncation,1087565,4256583,caught,1,decode
5842,header,806,1,caught,1,decode
5843,payload,1945692,1,caught,1,decode
5844,bit_flip,4002498,1,caught,1,decode
5845,random_bytes,4171799,1,caught,1,decode
5846,zeroed_run,953792,263,caught,1,decode
5847,truncation,3466677,1877471,caught,1,decode
5848,header,699,1,caught,1,decode
5849,payload,4945968,1,caught,1,decode
5850,bit_flip,4742495,1,caught,1,decode
5851,random_bytes,3358230,6,caught,1,decode
5852,zeroed_run,2258484,1557,caught,1,decode
5853,truncation,2314644,3029504,caught,1,decode
5854,header,944,1,caught,1,decode
5855,payload,808120,1,caught,1,decode
5856,bit_flip,784252,1,caught,1,decode
5857,random_bytes,3861990,13,caught,1,decode
5858,zeroed_run,3046604,2674,caught,1,decode
5859,truncation,338570,5005578,caught,1,decode
5860,header,682,1,caught,1,decode
5861,payload,3926946,1,caught,1,decode
5862,bit_flip,3985865,1,caught,1,decode
5863,random_bytes,1667258,8,caught,1,decode
5864,zeroed_run,3977212,383,caught,1,decode
5865,truncation,4915233,428915,caught,1,decode
5866,header,250,1,caught,1,decode
5867,payload,1274337,1,caught,1,decode
5868,bit_flip,2296874,1,caught,1,decode
5869,random_bytes,3269605,4,caught,1,decode
5870,zeroed_run,174196,1279,caught,1,decode
5871,truncation,2035755,3308393,caught,1,decode
5872,header,746,1,caught,1,decode
5873,payload,511287,1,caught,1,decode
5874,bit_flip,3857186,1,caught,1,decode
5875,random_bytes,5084400,11,caught,1,decode
5876,zeroed_run,5332816,3493,caught,1,decode
5877,truncation,3452861,1891287,caught,1,decode
5878,header,283,1,caught,1,decode
5879,payload,3387585,1,caught,1,decode
5880,bit_flip,3582715,1,caught,1,decode
5881,random_bytes,1306421,15,caught,1,decode
5882,zeroed_run,3762610,2415,caught,1,decode
5883,truncation,104703,5239445,caught,1,decode
5884,header,190,1,caught,1,decode
5885,payload,1671073,1,caught,1,decode
5886,bit_flip,1957909,1,caught,1,decode
5887,random_bytes,1850689,3,caught,1,decode
5888,zeroed_run,1974260,2787,caught,1,decode
5889,truncation,2575946,2768202,caught,1,decode
5890,header,54,1,caught,1,decode
5891,payload,5107262,1,caught,1,decode
5892,bit_flip,3536936,1,caught,1,decode
5893,random_bytes,966042,11,caught,1,decode
5894,zeroed_run,110530,1546,caught,1,decode
5895,truncation,3965124,1379024,caught,1,decode
5896,header,843,1,caught,1,decode
5897,payload,2174958,1,caught,1,decode
5898,bit_flip,2927044,1,caught,1,decode
5899,random_bytes,259654,13,caught,1,decode
5900,zeroed_run,3682497,3978,caught,1,decode
5901,truncation,5119091,225057,caught,1,decode
5902,header,633,1,caught,1,decode
5903,payload,1650563,1,caught,1,decode
5904,bit_flip,321294,1,caught,1,decode
5905,random_bytes,3722902,16,caught,1,decode
5906,zeroed_run,884406,4035,caught,1,decode
5907,truncation,2316050,3028098,caught,1,decode
5908,header,125,1,caught,1,decode
5909,payload,2257110,1,caught,1,decode
5910,bit_flip,3105070,1,caught,1,decode
5911,random_bytes,15116,11,caught,1,decode
5912,zeroed_run,3368170,3317,caught,1,decode
5913,truncation,4598704,745444,caught,1,decode
5914,header,808,1,caught,1,decode
5915,payload,2631574,1,caught,1,decode
5916,bit_flip,271958,1,caught,1,decode
5917,random_bytes,4266387,14,caught,1,decode
5918,zeroed_run,4203629,2823,caught,1,decode
5919,truncation,4157765,1186383,caught,1,decode
5920,header,138,1,caught,1,decode
5921,payload,3981362,1,caught,1,decode
5922,bit_flip,1192186,1,caught,1,decode
5923,random_bytes,4468338,6,caught,1,decode
5924,zeroed_run,2659741,3377,caught,1,decode
5925,truncation,3827754,1516394,caught,1,decode
5926,header,87,1,caught,1,decode
5927,payload,2773543,1,caught,1,decode
5928,bit_flip,3041038,1,caught,1,decode
5929,random_bytes,3506246,9,caught,1,decode
5930,zeroed_run,4063223,2951,caught,1,decode
5931,truncation,1221333,4122815,caught,1,decode
5932,header,441,1,caught,1,decode
5933,payload,5092998,1,caught,1,decode
5934,bit_flip,4848978,1,caught,1,decode
5935,random_bytes,2581927,9,caught,1,decode
5936,zeroed_run,4756986,44,caught,1,decode
5937,truncation,2620760,2723388,caught,1,decode
5938,header,702,1,caught,1,decode
5939,payload,3351386,1,caught,1,decode
5940,bit_flip,2893497,1,caught,1,decode
5941,random_bytes,4058498,14,caught,1,decode
5942,zeroed_run,5208789,1561,caught,1,decode
5943,truncation,333394,5010754,caught,1,decode
5944,header,39,1,caught,1,decode
5945,payload,1258376,1,caught,1,decode
5946,bit_flip,639111,1,caught,1,decode
5947,random_bytes,4531590,16,caught,1,decode
5948,zeroed_run,1295189,1453,caught,1,decode
5949,truncation,2842251,2501897,caught,1,decode
5950,header,642,1,caught,1,decode
5951,payload,5203680,1,caught,1,decode
5952,bit_flip,3461986,1,caught,1,decode
5953,random_bytes,4786038,14,caught,1,decode
5954,zeroed_run,9685,1475,caught,1,decode
5955,truncation,1927432,3416716,caught,1,decode
5956,header,771,1,caught,1,decode
5957,payload,2410019,1,caught,1,decode
5958,bit_flip,2427724,1,caught,1,decode
5959,random_bytes,2212703,15,caught,1,decode
5960,zeroed_run,2739998,1879,caught,1,decode
5961,truncation,4644890,699258,caught,1,decode
5962,header,920,1,caught,1,decode
5963,payload,390965,1,caught,1,decode
5964,bit_flip,4901613,1,caught,1,decode
5965,random_bytes,2022328,9,caught,1,decode
5966,zeroed_run,1947686,514,caught,1,decode
5967,truncation,4952662,391486,caught,1,decode
5968,header,846,1,caught,1,decode
5969,payload,3857911,1,caught,1,decode
5970,bit_flip,385046,1,caught,1,decode
5971,random_bytes,205029,8,caught,1,decode
5972,zeroed_run,357927,1630,caught,1,decode
5973,truncation,1461918,3882230,caught,1,decode
5974,header,770,1,caught,1,decode
5975,payload,2515411,1,caught,1,decode
5976,bit_flip,5001099,1,caught,1,decode
5977,random_bytes,4942487,10,caught,1,decode
5978,zeroed_run,4144162,2047,caught,1,decode
5979,truncation,287229,5056919,caught,1,decode
5980,header,34,1,caught,1,decode
5981,payload,1013529,1,caught,1,decode
5982,bit_flip,1141323,1,caught,1,decode
5983,random_bytes,3983610,2,caught,1,decode
5984,zeroed_run,1551670,3817,caught,1,decode
5985,truncation,2700858,2643290,caught,1,decode
5986,header,490,1,caught,1,decode
5987,payload,1526204,1,caught,1,decode
5988,bit_flip,1226963,1,caught,1,decode
5989,random_bytes,2517680,2,caught,1,decode
5990,zeroed_run,4408885,2945,caught,1,decode
5991,truncation,3127084,2217064,caught,1,decode
5992,header,236,1,caught,1,decode
5993,payload,148925,1,caught,1,decode
5994,bit_flip,1738001,1,caught,1,decode
5995,random_bytes,152714,16,caught,1,decode
5996,zeroed_run,2753156,2148,caught,1,decode
5997,truncation,3606805,1737343,caught,1,decode
5998,header,794,1,caught,1,decode
5999,payload,706368,1,caught,1,decode
6000,bit_flip,318910,1,caught,1,decode
6001,random_bytes,583111,9,caught,1,decode
6002,zeroed_run,33477,3414,caught,1,decode
6003,truncation,5160226,183922,caught,1,decode
6004,header,8,1,harmless,0,decode
6005,payload,3113188,1,caught,1,decode
6006,bit_flip,2393793,1,caught,1,decode
6007,random_bytes,1300087,16,caught,1,decode
6008,zeroed_run,3306679,3193,caught,1,decode
6009,truncation,3620434,1723714,caught,1,decode
6010,header,683,1,caught,1,decode
6011,payload,2235461,1,caught,1,decode
6012,bit_flip,1994296,1,caught,1,decode
6013,random_bytes,4439483,14,caught,1,decode
6014,zeroed_run,2053060,1763,caught,1,decode
6015,truncation,5017063,327085,caught,1,decode
6016,header,545,1,caught,1,decode
6017,payload,2461255,1,caught,1,decode
6018,bit_flip,3626533,1,caught,1,decode
6019,random_bytes,3079768,9,caught,1,decode
6020,zeroed_run,821448,1856,caught,1,decode
6021,truncation,4512352,831796,caught,1,decode
6022,header,111,1,caught,1,decode
6023,payload,209189,1,caught,1,decode
6024,bit_flip,3375739,1,caught,1,decode
6025,random_bytes,739786,11,caught,1,decode
6026,zeroed_run,2739875,3530,caught,1,decode
6027,truncation,3229523,2114625,caught,1,decode
6028,header,859,1,caught,1,decode
6029,payload,4388642,1,caught,1,decode
6030,bit_flip,3301795,1,caught,1,decode
6031,random_bytes,83055,15,caught,1,decode
6032,zeroed_run,1384148,2380,caught,1,decode
6033,truncation,4680906,663242,caught,1,decode
6034,header,850,1,caught,1,decode
6035,payload,2248896,1,caught,1,decode
6036,bit_flip,3158363,1,caught,1,decode
6037,random_bytes,806469,9,caught,1,decode
6038,zeroed_run,4795657,3737,caught,1,decode
6039,truncation,408314,4935834,caught,1,decode
6040,header,569,1,caught,1,decode
6041,payload,1557218,1,caught,1,decode
6042,bit_flip,3684944,1,caught,1,decode
6043,random_bytes,2260259,4,caught,1,decode
6044,zeroed_run,3038516,2120,caught,1,decode
6045,truncation,2216942,3127206,caught,1,decode
6046,header,591,1,caught,1,decode
6047,payload,4910628,1,caught,1,decode
6048,bit_flip,3322525,1,caught,1,decode
6049,random_bytes,2107662,16,caught,1,decode
6050,zeroed_run,1807864,2786,caught,1,decode
6051,truncation,1798262,3545886,caught,1,decode
6052,header,174,1,caught,1,decode
6053,payload,3022315,1,caught,1,decode
6054,bit_flip,1892490,1,caught,1,decode
6055,random_bytes,56270,2,caught,1,decode
6056,zeroed_run,723378,1753,caught,1,decode
6057,truncation,3053356,2290792,caught,1,decode
6058,header,386,1,caught,1,decode
6059,payload,3152211,1,caught,1,decode
6060,bit_flip,3884390,1,caught,1,decode
6061,random_bytes,5144656,6,caught,1,decode
6062,zeroed_run,221703,2856,caught,1,decode
6063,truncation,567087,4777061,caught,1,decode
6064,header,508,1,caught,1,decode
6065,payload,3513697,1,caught,1,decode
6066,bit_flip,4607860,1,caught,1,decode
6067,random_bytes,1425481,11,caught,1,decode
6068,zeroed_run,737303,977,caught,1,decode
6069,truncation,1981491,3362657,caught,1,decode
6070,header,279,1,caught,1,decode
6071,payload,4278464,1,caught,1,decode
6072,bit_flip,774770,1,caught,1,decode
6073,random_bytes,3458544,12,caught,1,decode
6074,zeroed_run,4800551,1366,caught,1,decode
6075,truncation,3956187,1387961,caught,1,decode
6076,header,215,1,caught,1,decode
6077,payload,4949430,1,caught,1,decode
6078,bit_flip,2180427,1,caught,1,decode
6079,random_bytes,3793327,3,caught,1,decode
6080,zeroed_run,4359691,1320,caught,1,decode
6081,truncation,2954,5341194,caught,1,decode
6082,header,464,1,caught,1,decode
6083,payload,3679534,1,caught,1,decode
6084,bit_flip,3463468,1,caught,1,decode
6085,random_bytes,3984381,12,caught,1,decode
6086,zeroed_run,2928773,2862,caught,1,decode
6087,truncation,3665171,1678977,caught,1,decode
6088,header,939,1,caught,1,decode
6089,payload,1974154,1,caught,1,decode
6090,bit_flip,5108822,1,caught,1,decode
6091,random_bytes,2237620,8,caught,1,decode
6092,zeroed_run,1625,2760,caught,1,decode
6093,truncation,3511062,1833086,caught,1,decode
6094,header,424,1,caught,1,decode
6095,payload,383656,1,caught,1,decode
6096,bit_flip,2004208,1,caught,1,decode
6097,random_bytes,3637024,16,caught,1,decode
6098,zeroed_run,5278431,2613,caught,1,decode
6099,truncation,1209962,4134186,caught,1,decode
6100,header,665,1,caught,1,decode
6101,payload,209620,1,caught,1,decode
6102,bit_flip,564955,1,caught,1,decode
6103,random_bytes,4149899,1,caught,1,decode
6104,zeroed_run,1680954,2143,caught,1,decode
6105,truncation,653500,4690648,caught,1,decode
6106,header,972,1,caught,1,decode
6107,payload,3203512,1,caught,1,decode
6108,bit_flip,1077195,1,caught,1,decode
6109,random_bytes,660702,12,caught,1,decode
6110,zeroed_run,3752309,683,caught,1,decode
6111,truncation,3121150,2222998,caught,1,decode
6112,header,184,1,caught,1,decode
6113,payload,1752987,1,caught,1,decode
6114,bit_flip,4337586,1,caught,1,decode
6115,random_bytes,5256827,16,caught,1,decode
6116,zeroed_run,1493128,393,caught,1,decode
6117,truncation,2105554,3238594,caught,1,decode
6118,header,201,1,caught,1,decode
6119,payload,4257693,1,caught,1,decode
6120,bit_flip,4518170,1,caught,1,decode
6121,random_bytes,3967355,8,caught,1,decode
6122,zeroed_run,395225,1983,caught,1,decode
6123,truncation,1750377,3593771,caught,1,decode
6124,header,329,1,caught,1,decode
6125,payload,3129205,1,caught,1,decode
6126,bit_flip,3028348,1,caught,1,decode
6127,random_bytes,1563047,7,caught,1,decode
6128,zeroed_run,686539,2445,caught,1,decode
6129,truncation,789456,4554692,caught,1,decode
6130,header,382,1,caught,1,decode
6131,payload,592921,1,caught,1,decode
6132,bit_flip,2548586,1,caught,1,decode
6133,random_bytes,5181984,12,caught,1,decode
6134,zeroed_run,1838638,378,caught,1,decode
6135,truncation,3157403,2186745,caught,1,decode
6136,header,973,1,caught,1,decode
6137,payload,1800768,1,caught,1,decode
6138,bit_flip,2286041,1,caught,1,decode
6139,random_bytes,4362111,5,caught,1,decode
6140,zeroed_run,894365,1224,caught,1,decode
6141,truncation,3744962,1599186,caught,1,decode
6142,header,423,1,caught,1,decode
6143,payload,3413048,1,caught,1,decode
6144,bit_flip,1774768,1,harmless,0,decode
6145,random_bytes,4403408,3,caught,1,decode
6146,zeroed_run,2328838,1479,caught,1,decode
6147,truncation,5261335,82813,caught,1,decode
6148,header,512,1,caught,1,decode
6149,payload,3914931,1,caught,1,decode
6150,bit_flip,4555779,1,caught,1,decode
6151,random_bytes,1218522,4,caught,1,decode
6152,zeroed_run,4740258,273,caught,1,decode
6153,truncation,3470599,1873549,caught,1,decode
6154,header,731,1,caught,1,decode
6155,payload,4167100,1,caught,1,decode
6156,bit_flip,4401299,1,caught,1,decode
6157,random_bytes,4378041,3,caught,1,decode
6158,zeroed_run,4000550,3500,caught,1,decode
6159,truncation,3371764,1972384,caught,1,decode
6160,header,95,1,caught,1,decode
6161,payload,2008086,1,caught,1,decode
6162,bit_flip,4095604,1,caught,1,decode
6163,random_bytes,731048,11,caught,1,decode
6164,zeroed_run,4450740,1309,caught,1,decode
6165,truncation,867416,4476732,caught,1,decode
6166,header,5,1,harmless,0,decode
6167,payload,5323756,1,caught,1,decode
6168,bit_flip,3879117,1,caught,1,decode
6169,random_bytes,1147595,15,caught,1,decode
6170,zeroed_run,73530,1039,caught,1,decode
6171,truncation,4639195,704953,caught,1,decode
6172,header,829,1,caught,1,decode
6173,payload,693500,1,caught,1,decode
6174,bit_flip,2026150,1,caught,1,decode
6175,random_bytes,4458391,6,caught,1,decode
6176,zeroed_run,2091789,2331,caught,1,decode
6177,truncation,1149041,4195107,caught,1,decode
6178,header,147,1,caught,1,decode
6179,payload,1873621,1,caught,1,decode
6180,bit_flip,5024841,1,caught,1,decode
6181,random_bytes,3590729,5,caught,1,decode
6182,zeroed_run,4065876,575,caught,1,decode
6183,truncation,1197771,4146377,caught,1,decode
6184,header,579,1,caught,1,decode
6185,payload,373353,1,caught,1,decode
6186,bit_flip,4346444,1,caught,1,decode
6187,random_bytes,2156886,3,caught,1,decode
6188,zeroed_run,2913955,156,caught,1,decode
6189,truncation,3075993,2268155,caught,1,decode
6190,header,993,1,caught,1,decode
6191,payload,526863,1,caught,1,decode
6192,bit_flip,1727349,1,caught,1,decode
6193,random_bytes,3789485,13,caught,1,decode
6194,zeroed_run,3594682,2320,caught,1,decode
6195,truncation,898623,4445525,caught,1,decode
6196,header,802,1,caught,1,decode
6197,payload,745395,1,caught,1,decode
6198,bit_flip,1190265,1,caught,1,decode
6199,random_bytes,2538836,7,caught,1,decode
6200,zeroed_run,4559773,3240,caught,1,decode
6201,truncation,2521946,2822202,caught,1,decode
6202,header,432,1,caught,1,decode
6203,payload,1180936,1,caught,1,decode
6204,bit_flip,2132947,1,caught,1,decode
6205,random_bytes,3410716,11,caught,1,decode
6206,zeroed_run,2880342,507,caught,1,decode
6207,truncation,4004539,1339609,caught,1,decode
6208,header,258,1,caught,1,decode
6209,payload,2760688,1,caught,1,decode
6210,bit_flip,4487462,1,caught,1,decode
6211,random_bytes,4247503,14,caught,1,decode
6212,zeroed_run,2848248,429,caught,1,decode
6213,truncation,599556,4744592,caught,1,decode
6214,header,425,1,caught,1,decode
6215,payload,3696759,1,caught,1,decode
6216,bit_flip,3646212,1,caught,1,decode
6217,random_bytes,2311678,4,caught,1,decode
6218,zeroed_run,4190026,1121,caught,1,decode
6219,truncation,4959523,384625,caught,1,decode
6220,header,796,1,caught,1,decode
6221,payload,1344254,1,caught,1,decode
6222,bit_flip,4136349,1,caught,1,decode
6223,random_bytes,3643931,10,caught,1,decode
6224,zeroed_run,7458,140,caught,1,decode
6225,truncation,776675,4567473,caught,1,decode
6226,header,391,1,caught,1,decode
6227,payload,3618410,1,caught,1,decode
6228,bit_flip,4813224,1,caught,1,decode
6229,random_bytes,203131,13,caught,1,decode
6230,zeroed_run,2687529,2517,caught,1,decode
6231,truncation,2419087,2925061,caught,1,decode
6232,header,852,1,caught,1,decode
6233,payload,725356,1,caught,1,decode
6234,bit_flip,3578090,1,caught,1,decode
6235,random_bytes,3274749,3,caught,1,decode
6236,zeroed_run,1395206,1721,caught,1,decode
6237,truncation,21720,5322428,caught,1,decode
6238,header,856,1,caught,1,decode
6239,payload,3812014,1,caught,1,decode
6240,bit_flip,985818,1,caught,1,decode
6241,random_bytes,4732167,14,caught,1,decode
6242,zeroed_run,490788,3128,caught,1,decode
6243,truncation,720724,4623424,caught,1,decode
6244,header,659,1,caught,1,decode
6245,payload,617102,1,caught,1,decode
6246,bit_flip,1738078,1,caught,1,decode
6247,random_bytes,5232218,12,caught,1,decode
6248,zeroed_run,4418301,255,caught,1,decode
6249,truncation,3568512,1775636,caught,1,decode
6250,header,593,1,caught,1,decode
6251,payload,3540553,1,caught,1,decode
6252,bit_flip,1018289,1,caught,1,decode
6253,random_bytes,3089651,5,caught,1,decode
6254,zeroed_run,770034,183,caught,1,decode
6255,truncation,4005884,1338264,caught,1,decode
6256,header,618,1,caught,1,decode
6257,payload,584985,1,caught,1,decode
6258,bit_flip,480389,1,caught,1,decode
6259,random_bytes,991432,16,caught,1,decode
6260,zeroed_run,4899278,1619,caught,1,decode
6261,truncation,4807245,536903,caught,1,decode
6262,header,298,1,caught,1,decode
6263,payload,3895823,1,caught,1,decode
6264,bit_flip,5150020,1,caught,1,decode
6265,random_bytes,3565564,11,caught,1,decode
6266,zeroed_run,2017125,2674,caught,1,decode
6267,truncation,855333,4488815,caught,1,decode
6268,header,716,1,caught,1,decode
6269,payload,309396,1,caught,1,decode
6270,bit_flip,3335220,1,caught,1,decode
6271,random_bytes,767358,5,caught,1,decode
6272,zeroed_run,4189991,2831,caught,1,decode
6273,truncation,4864571,479577,caught,1,decode
6274,header,287,1,caught,1,decode
6275,payload,1345855,1,caught,1,decode
6276,bit_flip,3976347,1,caught,1,decode
6277,random_bytes,1950135,14,caught,1,decode
6278,zeroed_run,2220154,2133,caught,1,decode
6279,truncation,1900242,3443906,caught,1,decode
6280,header,341,1,caught,1,decode
6281,payload,1443709,1,caught,1,decode
6282,bit_flip,3589727,1,caught,1,decode
6283,random_bytes,580335,11,caught,1,decode
6284,zeroed_run,2916191,2830,caught,1,decode
6285,truncation,2036365,3307783,caught,1,decode
6286,header,769,1,caught,1,decode
6287,payload,2067431,1,caught,1,decode
6288,bit_flip,3696446,1,caught,1,decode
6289,random_bytes,2217863,1,caught,1,decode
6290,zeroed_run,4629707,2767,caught,1,decode
6291,truncation,4907346,436802,caught,1,decode
6292,header,816,1,caught,1,decode
6293,payload,1835254,1,caught,1,decode
6294,bit_flip,3884885,1,caught,1,decode
6295,random_bytes,4466419,7,caught,1,decode
6296,zeroed_run,2324156,3244,caught,1,decode
6297,truncation,3474763,1869385,caught,1,decode
6298,header,490,1,caught,1,decode
6299,payload,938044,1,caught,1,decode
6300,bit_flip,1753413,1,caught,1,decode
6301,random_bytes,3825450,16,caught,1,decode
6302,zeroed_run,3572510,3720,caught,1,decode
6303,truncation,5073765,270383,caught,1,decode
6304,header,55,1,caught,1,decode
6305,payload,3686069,1,caught,1,decode
6306,bit_flip,2675982,1,caught,1,decode
6307,random_bytes,2461638,7,caught,1,decode
6308,zeroed_run,1718290,1632,caught,1,decode
6309,truncation,4362599,981549,caught,1,decode
6310,header,474,1,caught,1,decode
6311,payload,4087463,1,caught,1,decode
6312,bit_flip,2521866,1,caught,1,decode
6313,random_bytes,3308010,5,caught,1,decode
6314,zeroed_run,3652869,2984,caught,1,decode
6315,truncation,2964751,2379397,caught,1,decode
6316,header,790,1,caught,1,decode
6317,payload,1124093,1,caught,1,decode
6318,bit_flip,2886035,1,caught,1,decode
6319,random_bytes,3055821,14,caught,1,decode
6320,zeroed_run,3692426,3464,caught,1,decode
6321,truncation,4663919,680229,caught,1,decode
6322,header,809,1,caught,1,decode
6323,payload,2287263,1,caught,1,decode
6324,bit_flip,4259638,1,caught,1,decode
6325,random_bytes,2457870,7,caught,1,decode
6326,zeroed_run,3537316,3206,caught,1,decode
6327,truncation,2256150,3087998,caught,1,decode
6328,header,319,1,caught,1,decode
6329,payload,4231770,1,caught,1,decode
6330,bit_flip,4565755,1,caught,1,decode
6331,random_bytes,986586,16,caught,1,decode
6332,zeroed_run,1826986,1791,caught,1,decode
6333,truncation,491146,4853002,caught,1,decode
6334,header,338,1,caught,1,decode
6335,payload,2050297,1,caught,1,decode
6336,bit_flip,1620550,1,caught,1,decode
6337,random_bytes,5087949,9,caught,1,decode
6338,zeroed_run,4686798,1406,caught,1,decode
6339,truncation,4857902,486246,caught,1,decode
6340,header,685,1,caught,1,decode
6341,payload,498352,1,caught,1,decode
6342,bit_flip,882932,1,caught,1,decode
6343,random_bytes,2641288,10,caught,1,decode
6344,zeroed_run,3283999,693,caught,1,decode
6345,truncation,450408,4893740,caught,1,decode
6346,header,135,1,caught,1,decode
6347,payload,2157318,1,caught,1,decode
6348,bit_flip,3784066,1,caught,1,decode
6349,random_bytes,900703,14,caught,1,decode
6350,zeroed_run,1237223,822,caught,1,decode
6351,truncation,1731607,3612541,caught,1,decode
6352,header,220,1,caught,1,decode
6353,payload,468219,1,caught,1,decode
6354,bit_flip,4549281,1,caught,1,decode
6355,random_bytes,3938934,14,caught,1,decode
6356,zeroed_run,4383141,1349,caught,1,decode
6357,truncation,3231814,2112334,caught,1,decode
6358,header,977,1,caught,1,decode
6359,payload,2284550,1,caught,1,decode
6360,bit_flip,1907433,1,caught,1,decode
6361,random_bytes,2244983,4,caught,1,decode
6362,zeroed_run,2387940,3606,caught,1,decode
6363,truncation,1286713,4057435,caught,1,decode
6364,header,95,1,caught,1,decode
6365,payload,3966153,1,caught,1,decode
6366,bit_flip,2018144,1,caught,1,decode
6367,random_bytes,4943250,12,caught,1,decode
6368,zeroed_run,1728480,351,caught,1,decode
6369,truncation,1828057,3516091,caught,1,decode
6370,header,763,1,caught,1,decode
6371,payload,4901445,1,caught,1,decode
6372,bit_flip,4772734,1,caught,1,decode
6373,random_bytes,4548280,3,caught,1,decode
6374,zeroed_run,4213484,2264,caught,1,decode
6375,truncation,135646,5208502,caught,1,decode
6376,header,273,1,caught,1,decode
6377,payload,4586023,1,caught,1,decode
6378,bit_flip,3628989,1,caught,1,decode
6379,random_bytes,1183275,1,caught,1,decode
6380,zeroed_run,2916477,3079,caught,1,decode
6381,truncation,1908771,3435377,caught,1,decode
6382,header,690,1,caught,1,decode
6383,payload,2742701,1,caught,1,decode
6384,bit_flip,3300731,1,caught,1,decode
6385,random_bytes,5038665,10,caught,1,decode
6386,zeroed_run,1147385,1517,caught,1,decode
6387,truncation,5146391,197757,caught,1,decode
6388,header,315,1,caught,1,decode
6389,payload,4444059,1,caught,1,decode
6390,bit_flip,4885992,1,caught,1,decode
6391,random_bytes,2400766,11,caught,1,decode
6392,zeroed_run,3703163,2835,caught,1,decode
6393,truncation,773805,4570343,caught,1,decode
6394,header,450,1,caught,1,decode
6395,payload,3114663,1,caught,1,decode
6396,bit_flip,4843033,1,caught,1,decode
6397,random_bytes,5293793,6,caught,1,decode
6398,zeroed_run,4352810,3529,caught,1,decode
6399,truncation,2694357,2649791,caught,1,decode
6400,header,834,1,caught,1,decode
6401,payload,231372,1,caught,1,decode
6402,bit_flip,2384444,1,caught,1,decode
6403,random_bytes,1732283,8,caught,1,decode
6404,zeroed_run,3450336,223,caught,1,decode
6405,truncation,1086638,4257510,caught,1,decode
6406,header,167,1,caught,1,decode
6407,payload,3429346,1,caught,1,decode
6408,bit_flip,4317881,1,caught,1,decode
6409,random_bytes,3222729,12,caught,1,decode
6410,zeroed_run,1460760,2087,caught,1,decode
6411,truncation,553186,4790962,caught,1,decode
6412,header,54,1,caught,1,decode
6413,payload,1092867,1,caught,1,decode
6414,bit_flip,2032521,1,caught,1,decode
6415,random_bytes,5037964,9,caught,1,decode
6416,zeroed_run,3180459,1587,caught,1,decode
6417,truncation,230048,5114100,caught,1,decode
6418,header,664,1,caught,1,decode
6419,payload,3793701,1,caught,1,decode
6420,bit_flip,4596556,1,caught,1,decode
6421,random_bytes,1569573,2,caught,1,decode
6422,zeroed_run,4089540,2554,caught,1,decode
6423,truncation,3683298,1660850,caught,1,decode
6424,header,467,1,caught,1,decode
6425,payload,2209455,1,caught,1,decode
6426,bit_flip,1864581,1,caught,1,decode
6427,random_bytes,1613993,9,caught,1,decode
6428,zeroed_run,339861,3732,caught,1,decode
6429,truncation,920007,4424141,caught,1,decode
6430,header,152,1,caught,1,decode
6431,payload,600254,1,caught,1,decode
6432,bit_flip,4087238,1,caught,1,decode
6433,random_bytes,1589521,11,caught,1,decode
6434,zeroed_run,3785956,1178,caught,1,decode
6435,truncation,3558015,1786133,caught,1,decode
6436,header,213,1,caught,1,decode
6437,payload,696818,1,caught,1,decode
6438,bit_flip,1286196,1,caught,1,decode
6439,random_bytes,1289175,9,caught,1,decode
6440,zeroed_run,3655847,2892,caught,1,decode
6441,truncation,4674549,669599,caught,1,decode
6442,header,806,1,caught,1,decode
6443,payload,145615,1,caught,1,decode
6444,bit_flip,3813898,1,caught,1,decode
6445,random_bytes,5120749,9,caught,1,decode
6446,zeroed_run,5127781,4017,caught,1,decode
6447,truncation,1357725,3986423,caught,1,decode
6448,header,442,1,caught,1,decode
6449,payload,5191613,1,caught,1,decode
6450,bit_flip,1178141,1,caught,1,decode
6451,random_bytes,4209566,8,caught,1,decode
6452,zeroed_run,1069164,158,caught,1,decode
6453,truncation,4351823,992325,caught,1,decode
6454,header,313,1,caught,1,decode
6455,payload,4951753,1,caught,1,decode
6456,bit_flip,3424190,1,caught,1,decode
6457,random_bytes,2790939,4,caught,1,decode
6458,zeroed_run,3911975,2147,caught,1,decode
6459,truncation,2591465,2752683,caught,1,decode
6460,header,320,1,caught,1,decode
6461,payload,766510,1,caught,1,decode
6462,bit_flip,985663,1,caught,1,decode
6463,random_bytes,3279605,1,caught,1,decode
6464,zeroed_run,4610476,609,caught,1,decode
6465,truncation,1593449,3750699,caught,1,decode
6466,header,27,1,caught,1,decode
6467,payload,633743,1,caught,1,decode
6468,bit_flip,507369,1,caught,1,decode
6469,random_bytes,4290416,12,caught,1,decode
6470,zeroed_run,1492177,227,caught,1,decode
6471,truncation,61466,5282682,caught,1,decode
6472,header,98,1,caught,1,decode
6473,payload,941093,1,caught,1,decode
6474,bit_flip,1912359,1,caught,1,decode
6475,random_bytes,5249089,13,caught,1,decode
6476,zeroed_run,2114578,1364,caught,1,decode
6477,truncation,4446863,897285,caught,1,decode
6478,header,863,1,caught,1,decode
6479,payload,3764442,1,caught,1,decode
6480,bit_flip,3162782,1,caught,1,decode
6481,random_bytes,2940681,4,caught,1,decode
6482,zeroed_run,301414,3633,caught,1,decode
6483,truncation,758370,4585778,caught,1,decode
6484,header,676,1,caught,1,decode
6485,payload,367435,1,caught,1,decode
6486,bit_flip,2909586,1,caught,1,decode
6487,random_bytes,612102,15,caught,1,decode
6488,zeroed_run,4302432,2626,caught,1,decode
6489,truncation,321332,5022816,caught,1,decode
6490,header,19,1,caught,1,decode
6491,payload,1685642,1,caught,1,decode
6492,bit_flip,3176650,1,caught,1,decode
6493,random_bytes,1561714,9,caught,1,decode
6494,zeroed_run,2949864,3058,caught,1,decode
6495,truncation,4210742,1133406,caught,1,decode
6496,header,427,1,caught,1,decode
6497,payload,4621381,1,caught,1,decode
6498,bit_flip,1146827,1,caught,1,decode
6499,random_bytes,2206403,5,caught,1,decode
6500,zeroed_run,4659464,1656,caught,1,decode
6501,truncation,3627719,1716429,caught,1,decode
6502,header,216,1,caught,1,decode
6503,payload,5234189,1,caught,1,decode
6504,bit_flip,850046,1,caught,1,decode
6505,random_bytes,2547882,7,caught,1,decode
6506,zeroed_run,2702733,1237,caught,1,decode
6507,truncation,841798,4502350,caught,1,decode
6508,header,405,1,caught,1,decode
6509,payload,4408119,1,caught,1,decode
6510,bit_flip,1007505,1,caught,1,decode
6511,random_bytes,2068698,16,caught,1,decode
6512,zeroed_run,3025298,2347,caught,1,decode
6513,truncation,4157188,1186960,caught,1,decode
6514,header,851,1,caught,1,decode
6515,payload,2565102,1,caught,1,decode
6516,bit_flip,3305849,1,caught,1,decode
6517,random_bytes,2719979,10,caught,1,decode
6518,zeroed_run,4671600,2463,caught,1,decode
6519,truncation,3969134,1375014,caught,1,decode
6520,header,700,1,caught,1,decode
6521,payload,3944401,1,caught,1,decode
6522,bit_flip,285689,1,caught,1,decode
6523,random_bytes,2819195,15,caught,1,decode
6524,zeroed_run,4460315,1358,caught,1,decode
6525,truncation,922066,4422082,caught,1,decode
6526,header,505,1,caught,1,decode
6527,payload,934714,1,caught,1,decode
6528,bit_flip,337072,1,caught,1,decode
6529,random_bytes,4559041,9,caught,1,decode
6530,zeroed_run,4453416,1512,caught,1,decode
6531,truncation,4859505,484643,caught,1,decode
6532,header,745,1,caught,1,decode
6533,payload,3269051,1,caught,1,decode
6534,bit_flip,1431509,1,caught,1,decode
6535,random_bytes,2684332,1,caught,1,decode
6536,zeroed_run,3500619,3065,caught,1,decode
6537,truncation,4816434,527714,caught,1,decode
6538,header,333,1,caught,1,decode
6539,payload,4341785,1,caught,1,decode
6540,bit_flip,1576736,1,caught,1,decode
6541,random_bytes,3210742,12,caught,1,decode
6542,zeroed_run,1933044,3895,caught,1,decode
6543,truncation,1939220,3404928,caught,1,decode
6544,header,470,1,caught,1,decode
6545,payload,1848814,1,caught,1,decode
6546,bit_flip,3458445,1,caught,1,decode
6547,random_bytes,4935850,10,caught,1,decode
6548,zeroed_run,1982949,938,caught,1,decode
6549,truncation,805254,4538894,caught,1,decode
6550,header,513,1,caught,1,decode
6551,payload,4195772,1,caught,1,decode
6552,bit_flip,2122575,1,caught,1,decode
6553,random_bytes,1606167,13,caught,1,decode
6554,zeroed_run,660033,3436,caught,1,decode
6555,truncation,3776066,1568082,caught,1,decode
6556,header,490,1,caught,1,decode
6557,payload,3612521,1,caught,1,decode
6558,bit_flip,184217,1,caught,1,decode
6559,random_bytes,528853,2,caught,1,decode
6560,zeroed_run,318352,857,caught,1,decode
6561,truncation,4659620,684528,caught,1,decode
6562,header,1002,1,caught,1,decode
6563,payload,3150579,1,caught,1,decode
6564,bit_flip,2878500,1,caught,1,decode
6565,random_bytes,5016899,12,caught,1,decode
6566,zeroed_run,3903465,2678,caught,1,decode
6567,truncation,3871812,1472336,caught,1,decode
6568,header,832,1,caught,1,decode
6569,payload,3590309,1,caught,1,decode
6570,bit_flip,1851121,1,caught,1,decode
6571,random_bytes,790669,8,caught,1,decode
6572,zeroed_run,4900290,2886,caught,1,decode
6573,truncation,4790496,553652,caught,1,decode
6574,header,931,1,caught,1,decode
6575,payload,5342411,1,caught,1,decode
6576,bit_flip,1274876,1,caught,1,decode
6577,random_bytes,4861799,14,caught,1,decode
6578,zeroed_run,4727567,877,caught,1,decode
6579,truncation,1485570,3858578,caught,1,decode
6580,header,459,1,caught,1,decode
6581,payload,1467354,1,caught,1,decode
6582,bit_flip,4270678,1,caught,1,decode
6583,random_bytes,772160,3,caught,1,decode
6584,zeroed_run,1784750,1609,caught,1,decode
6585,truncation,246774,5097374,caught,1,decode
6586,header,437,1,caught,1,decode
6587,payload,660710,1,caught,1,decode
6588,bit_flip,2593273,1,caught,1,decode
6589,random_bytes,916385,8,caught,1,decode
6590,zeroed_run,2459673,1471,caught,1,decode
6591,truncation,2080716,3263432,caught,1,decode
6592,header,639,1,caught,1,decode
6593,payload,3678432,1,caught,1,decode
6594,bit_flip,4554600,1,caught,1,decode
6595,random_bytes,315638,7,caught,1,decode
6596,zeroed_run,746876,390,caught,1,decode
6597,truncation,3059454,2284694,caught,1,decode
6598,header,224,1,caught,1,decode
6599,payload,2867845,1,caught,1,decode
6600,bit_flip,3203523,1,caught,1,decode
6601,random_bytes,4044634,2,caught,1,decode
6602,zeroed_run,2074252,3556,caught,1,decode
6603,truncation,5295523,48625,caught,1,decode
6604,header,80,1,caught,1,decode
6605,payload,1093226,1,caught,1,decode
6606,bit_flip,4602779,1,caught,1,decode
6607,random_bytes,1427575,1,caught,1,decode
6608,zeroed_run,4424075,483,caught,1,decode
6609,truncation,4785686,558462,caught,1,decode
6610,header,265,1,caught,1,decode
6611,payload,4026867,1,caught,1,decode
6612,bit_flip,1403229,1,caught,1,decode
6613,random_bytes,2940408,3,caught,1,decode
6614,zeroed_run,4587964,2193,caught,1,decode
6615,truncation,2299904,3044244,caught,1,decode
6616,header,845,1,caught,1,decode
6617,payload,3398745,1,caught,1,decode
6618,bit_flip,3769809,1,caught,1,decode
6619,random_bytes,4689782,11,caught,1,decode
6620,zeroed_run,978250,2990,caught,1,decode
6621,truncation,1782330,3561818,caught,1,decode
6622,header,344,1,caught,1,decode
6623,payload,5236176,1,caught,1,decode
6624,bit_flip,341008,1,caught,1,decode
6625,random_bytes,672989,10,caught,1,decode
6626,zeroed_run,1220654,1420,caught,1,decode
6627,truncation,4797946,546202,caught,1,decode
6628,header,340,1,caught,1,decode
6629,payload,212539,1,caught,1,decode
6630,bit_flip,2738754,1,caught,1,decode
6631,random_bytes,1151765,2,caught,1,decode
6632,zeroed_run,1993460,2016,caught,1,decode
6633,truncation,3507177,1836971,caught,1,decode
6634,header,741,1,caught,1,decode
6635,payload,3092437,1,caught,1,decode
6636,bit_flip,157544,1,caught,1,decode
6637,random_bytes,4629712,12,caught,1,decode
6638,zeroed_run,4685078,3145,caught,1,decode
6639,truncation,4565702,778446,caught,1,decode
6640,header,489,1,caught,1,decode
6641,payload,4467021,1,caught,1,decode
6642,bit_flip,786906,1,caught,1,decode
6643,random_bytes,5197504,16,caught,1,decode
6644,zeroed_run,3922412,2015,caught,1,decode
6645,truncation,1026863,4317285,caught,1,decode
6646,header,228,1,caught,1,decode
6647,payload,1861229,1,caught,1,decode
6648,bit_flip,2659054,1,caught,1,decode
6649,random_bytes,228990,12,caught,1,decode
6650,zeroed_run,3871941,1136,caught,1,decode
6651,truncation,2905213,2438935,caught,1,decode
6652,header,371,1,caught,1,decode
6653,payload,3426760,1,caught,1,decode
6654,bit_flip,4204250,1,caught,1,decode
6655,random_bytes,1814178,9,caught,1,decode
6656,zeroed_run,962467,502,caught,1,decode
6657,truncation,2717924,2626224,caught,1,decode
6658,header,505,1,caught,1,decode
6659,payload,4913941,1,caught,1,decode
6660,bit_flip,4390372,1,caught,1,decode
6661,random_bytes,1718534,8,caught,1,decode
6662,zeroed_run,2243230,2797,caught,1,decode
6663,truncation,4145283,1198865,caught,1,decode
6664,header,374,1,caught,1,decode
6665,payload,891723,1,caught,1,decode
6666,bit_flip,755266,1,caught,1,decode
6667,random_bytes,5135685,2,caught,1,decode
6668,zeroed_run,4024107,3915,caught,1,decode
6669,truncation,2617264,2726884,caught,1,decode
6670,header,646,1,caught,1,decode
6671,payload,4962556,1,caught,1,decode
6672,bit_flip,3389820,1,caught,1,decode
6673,random_bytes,5256036,12,caught,1,decode
6674,zeroed_run,4180000,2097,caught,1,decode
6675,truncation,108180,5235968,caught,1,decode
6676,header,346,1,caught,1,decode
6677,payload,2909025,1,caught,1,decode
6678,bit_flip,4685464,1,caught,1,decode
6679,random_bytes,3388820,11,caught,1,decode
6680,zeroed_run,4395524,273,caught,1,decode
6681,truncation,5254204,89944,caught,1,decode
6682,header,913,1,caught,1,decode
6683,payload,4836333,1,caught,1,decode
6684,bit_flip,3362320,1,caught,1,decode
6685,random_bytes,4427238,4,caught,1,decode
6686,zeroed_run,5183329,397,caught,1,decode
6687,truncation,5129456,214692,caught,1,decode
6688,header,173,1,caught,1,decode
6689,payload,3403174,1,caught,1,decode
6690,bit_flip,1637910,1,caught,1,decode
6691,random_bytes,530383,1,caught,1,decode
6692,zeroed_run,538430,1029,caught,1,decode
6693,truncation,434888,4909260,caught,1,decode
6694,header,305,1,caught,1,decode
6695,payload,2769327,1,caught,1,decode
6696,bit_flip,3113489,1,caught,1,decode
6697,random_bytes,2336383,6,caught,1,decode
6698,zeroed_run,1481293,2368,caught,1,decode
6699,truncation,901255,4442893,caught,1,decode
6700,header,215,1,caught,1,decode
6701,payload,2492895,1,caught,1,decode
6702,bit_flip,3073960,1,caught,1,decode
6703,random_bytes,1880508,14,caught,1,decode
6704,zeroed_run,4903328,1902,caught,1,decode
6705,truncation,1546898,3797250,caught,1,decode
6706,header,249,1,caught,1,decode
6707,payload,1774702,1,caught,1,decode
6708,bit_flip,2091272,1,caught,1,decode
6709,random_bytes,2728997,9,caught,1,decode
6710,zeroed_run,1003696,1571,caught,1,decode
6711,truncation,3112665,2231483,caught,1,decode
6712,header,388,1,caught,1,decode
6713,payload,772412,1,caught,1,decode
6714,bit_flip,651713,1,caught,1,decode
6715,random_bytes,4543461,5,caught,1,decode
6716,zeroed_run,1228115,1797,caught,1,decode
6717,truncation,2121644,3222504,caught,1,decode
6718,header,1008,1,caught,1,decode
6719,payload,1363284,1,caught,1,decode
6720,bit_flip,3471319,1,caught,1,decode
6721,random_bytes,4758385,16,caught,1,decode
6722,zeroed_run,121575,1378,caught,1,decode
6723,truncation,3986825,1357323,caught,1,decode
6724,header,510,1,caught,1,decode
6725,payload,3293526,1,caught,1,decode
6726,bit_flip,1517127,1,caught,1,decode
6727,random_bytes,4575499,4,caught,1,decode
6728,zeroed_run,157091,3180,caught,1,decode
6729,truncation,3937634,1406514,caught,1,decode
6730,header,514,1,caught,1,decode
6731,payload,4838586,1,caught,1,decode
6732,bit_flip,4076752,1,caught,1,decode
6733,random_bytes,999711,15,caught,1,decode
6734,zeroed_run,3019371,3457,caught,1,decode
6735,truncation,2845185,2498963,caught,1,decode
6736,header,287,1,caught,1,decode
6737,payload,1864598,1,caught,1,decode
6738,bit_flip,3670667,1,caught,1,decode
6739,random_bytes,1048862,9,caught,1,decode
6740,zeroed_run,3268458,1215,caught,1,decode
6741,truncation,1121189,4222959,caught,1,decode
6742,header,921,1,caught,1,decode
6743,payload,4961358,1,caught,1,decode
6744,bit_flip,4211884,1,caught,1,decode
6745,random_bytes,4028480,16,caught,1,decode
6746,zeroed_run,4811242,245,caught,1,decode
6747,truncation,85439,5258709,caught,1,decode
6748,header,502,1,caught,1,decode
6749,payload,457050,1,caught,1,decode
6750,bit_flip,708022,1,caught,1,decode
6751,random_bytes,2355845,2,caught,1,decode
6752,zeroed_run,2462909,1410,caught,1,decode
6753,truncation,1127374,4216774,caught,1,decode
6754,header,366,1,caught,1,decode
6755,payload,1901235,1,caught,1,decode
6756,bit_flip,81888,1,caught,1,decode
6757,random_bytes,2806636,2,caught,1,decode
6758,zeroed_run,4524624,3101,caught,1,decode
6759,truncation,2973847,2370301,caught,1,decode
6760,header,580,1,caught,1,decode
6761,payload,4917846,1,caught,1,decode
6762,bit_flip,3554855,1,caught,1,decode
6763,random_bytes,2337217,11,caught,1,decode
6764,zeroed_run,3052517,3678,caught,1,decode
6765,truncation,5117429,226719,caught,1,decode
6766,header,152,1,caught,1,decode
6767,payload,5095494,1,caught,1,decode
6768,bit_flip,1378787,1,caught,1,decode
6769,random_bytes,3252131,7,caught,1,decode
6770,zeroed_run,837554,1262,caught,1,decode
6771,truncation,1236469,4107679,caught,1,decode
6772,header,465,1,caught,1,decode
6773,payload,1768169,1,caught,1,decode
6774,bit_flip,2834313,1,caught,1,decode
6775,random_bytes,1696844,15,caught,1,decode
6776,zeroed_run,4264716,3840,caught,1,decode
6777,truncation,3849893,1494255,caught,1,decode
6778,header,158,1,caught,1,decode
6779,payload,830040,1,caught,1,decode
6780,bit_flip,3037943,1,caught,1,decode
6781,random_bytes,3190235,9,caught,1,decode
6782,zeroed_run,1182689,2840,caught,1,decode
6783,truncation,1043823,4300325,caught,1,decode
6784,header,212,1,caught,1,decode
6785,payload,1654036,1,caught,1,decode
6786,bit_flip,2455057,1,caught,1,decode
6787,random_bytes,3510872,16,caught,1,decode
6788,zeroed_run,4682506,2110,caught,1,decode
6789,truncation,2455899,2888249,caught,1,decode
6790,header,118,1,caught,1,decode
6791,payload,5171481,1,caught,1,decode
6792,bit_flip,2653909,1,caught,1,decode
6793,random_bytes,3003387,4,caught,1,decode
6794,zeroed_run,3578326,2692,caught,1,decode
6795,truncation,4369238,974910,caught,1,decode
6796,header,896,1,caught,1,decode
6797,payload,4508502,1,caught,1,decode
6798,bit_flip,4770478,1,caught,1,decode
6799,random_bytes,3144795,16,caught,1,decode
6800,zeroed_run,2710599,2020,caught,1,decode
6801,truncation,2555981,2788167,caught,1,decode
6802,header,24,1,caught,1,decode
6803,payload,5089290,1,caught,1,decode
6804,bit_flip,454774,1,caught,1,decode
6805,random_bytes,2846210,16,caught,1,decode
6806,zeroed_run,892047,1156,caught,1,decode
6807,truncation,1616828,3727320,caught,1,decode
6808,header,733,1,caught,1,decode
6809,payload,3285908,1,caught,1,decode
6810,bit_flip,4114468,1,caught,1,decode
6811,random_bytes,1672580,13,caught,1,decode
6812,zeroed_run,3477218,3620,caught,1,decode
6813,truncation,2138167,3205981,caught,1,decode
6814,header,327,1,caught,1,decode
6815,payload,3563900,1,caught,1,decode
6816,bit_flip,2613453,1,caught,1,decode
6817,random_bytes,4754339,4,caught,1,decode
6818,zeroed_run,711118,2417,caught,1,decode
6819,truncation,3996391,1347757,caught,1,decode
6820,header,936,1,caught,1,decode
6821,payload,2101320,1,caught,1,decode
6822,bit_flip,748399,1,caught,1,decode
6823,random_bytes,2719790,6,caught,1,decode
6824,zeroed_run,1951574,1724,caught,1,decode
6825,truncation,2438132,2906016,caught,1,decode
6826,header,1017,1,caught,1,decode
6827,payload,1056463,1,caught,1,decode
6828,bit_flip,969578,1,caught,1,decode
6829,random_bytes,2875164,8,caught,1,decode
6830,zeroed_run,279151,1865,caught,1,decode
6831,truncation,5037016,307132,caught,1,decode
6832,header,926,1,caught,1,decode
6833,payload,4825207,1,caught,1,decode
6834,bit_flip,3605243,1,caught,1,decode
6835,random_bytes,4934584,7,caught,1,decode
6836,zeroed_run,2124169,1773,caught,1,decode
6837,truncation,1013,5343135,caught,1,decode
6838,header,620,1,caught,1,decode
6839,payload,1859132,1,caught,1,decode
6840,bit_flip,2160314,1,caught,1,decode
6841,random_bytes,4278296,4,caught,1,decode
6842,zeroed_run,4290174,2515,caught,1,decode
6843,truncation,488673,4855475,caught,1,decode
6844,header,245,1,caught,1,decode
6845,payload,370068,1,caught,1,decode
6846,bit_flip,1601103,1,caught,1,decode
6847,random_bytes,2979316,7,caught,1,decode
6848,zeroed_run,1288395,1113,caught,1,decode
6849,truncation,4879634,464514,caught,1,decode
6850,header,787,1,caught,1,decode
6851,payload,2663241,1,caught,1,decode
6852,bit_flip,5082939,1,caught,1,decode
6853,random_bytes,519135,10,caught,1,decode
6854,zeroed_run,3272291,2045,caught,1,decode
6855,truncation,4597265,746883,caught,1,decode
6856,header,39,1,caught,1,decode
6857,payload,442204,1,caught,1,decode
6858,bit_flip,3891324,1,caught,1,decode
6859,random_bytes,4266254,3,caught,1,decode
6860,zeroed_run,4005516,1078,caught,1,decode
6861,truncation,2684255,2659893,caught,1,decode
6862,header,20,1,caught,1,decode
6863,payload,5273203,1,caught,1,decode
6864,bit_flip,2244176,1,caught,1,decode
6865,random_bytes,4869050,16,caught,1,decode
6866,zeroed_run,3627670,2053,caught,1,decode
6867,truncation,3499227,1844921,caught,1,decode
6868,header,109,1,caught,1,decode
6869,payload,3085106,1,caught,1,decode
6870,bit_flip,2485628,1,caught,1,decode
6871,random_bytes,3271977,13,caught,1,decode
6872,zeroed_run,1961824,2189,caught,1,decode
6873,truncation,1027167,4316981,caught,1,decode
6874,header,735,1,caught,1,decode
6875,payload,3688575,1,caught,1,decode
6876,bit_flip,2591071,1,caught,1,decode
6877,random_bytes,1282004,9,caught,1,decode
6878,zeroed_run,460737,1005,caught,1,decode
6879,truncation,1967917,3376231,caught,1,decode
6880,header,1007,1,caught,1,decode
6881,payload,1911497,1,caught,1,decode
6882,bit_flip,4463535,1,caught,1,decode
6883,random_bytes,5259384,10,caught,1,decode
6884,zeroed_run,4629447,1615,caught,1,decode
6885,truncation,2756524,2587624,caught,1,decode
6886,header,571,1,caught,1,decode
6887,payload,4432738,1,caught,1,decode
6888,bit_flip,1373732,1,caught,1,decode
6889,random_bytes,5132324,8,caught,1,decode
6890,zeroed_run,4669820,2936,caught,1,decode
6891,truncation,2842708,2501440,caught,1,decode
6892,header,130,1,caught,1,decode
6893,payload,3537037,1,caught,1,decode
6894,bit_flip,3145192,1,caught,1,decode
6895,random_bytes,499733,8,caught,1,decode
6896,zeroed_run,2222232,2967,caught,1,decode
6897,truncation,3451468,1892680,caught,1,decode
6898,header,665,1,caught,1,decode
6899,payload,4606626,1,caught,1,decode
6900,bit_flip,769976,1,caught,1,decode
6901,random_bytes,4276324,16,caught,1,decode
6902,zeroed_run,2264539,258,caught,1,decode
6903,truncation,2135028,3209120,caught,1,decode
6904,header,454,1,caught,1,decode
6905,payload,1077608,1,caught,1,decode
6906,bit_flip,4593517,1,caught,1,decode
6907,random_bytes,4259657,14,caught,1,decode
6908,zeroed_run,3081638,2023,caught,1,decode
6909,truncation,4189630,1154518,caught,1,decode
6910,header,798,1,caught,1,decode
6911,payload,1717318,1,caught,1,decode
6912,bit_flip,3349633,1,caught,1,decode
6913,random_bytes,5168156,11,caught,1,decode
6914,zeroed_run,1494437,699,caught,1,decode
6915,truncation,5127155,216993,caught,1,decode
6916,header,971,1,caught,1,decode
6917,payload,2151984,1,caught,1,decode
6918,bit_flip,1430462,1,caught,1,decode
6919,random_bytes,2663949,6,caught,1,decode
6920,zeroed_run,3983559,2758,caught,1,decode
6921,truncation,4181100,1163048,caught,1,decode
6922,header,234,1,caught,1,decode
6923,payload,2416096,1,caught,1,decode
6924,bit_flip,2359403,1,caught,1,decode
6925,random_bytes,1250520,2,caught,1,decode
6926,zeroed_run,3933531,2695,caught,1,decode
6927,truncation,553197,4790951,caught,1,decode
6928,header,885,1,caught,1,decode
6929,payload,2222053,1,caught,1,decode
6930,bit_flip,1773258,1,caught,1,decode
6931,random_bytes,182168,15,caught,1,decode
6932,zeroed_run,3020700,2471,caught,1,decode
6933,truncation,3732392,1611756,caught,1,decode
6934,header,805,1,caught,1,decode
6935,payload,758447,1,caught,1,decode
6936,bit_flip,4430527,1,caught,1,decode
6937,random_bytes,81367,13,caught,1,decode
6938,zeroed_run,2063684,1009,caught,1,decode
6939,truncation,2427175,2916973,caught,1,decode
6940,header,204,1,caught,1,decode
6941,payload,2934845,1,caught,1,decode
6942,bit_flip,4362268,1,caught,1,decode
6943,random_bytes,2111378,8,caught,1,decode
6944,zeroed_run,4409698,2782,caught,1,decode
6945,truncation,979764,4364384,caught,1,decode
6946,header,928,1,caught,1,decode
6947,payload,4588034,1,caught,1,decode
6948,bit_flip,5285806,1,caught,1,decode
6949,random_bytes,4056777,6,caught,1,decode
6950,zeroed_run,843286,496,caught,1,decode
6951,truncation,3552682,1791466,caught,1,decode
6952,header,892,1,caught,1,decode
6953,payload,1399089,1,caught,1,decode
6954,bit_flip,3223899,1,caught,1,decode
6955,random_bytes,15947,2,caught,1,decode
6956,zeroed_run,413535,2856,caught,1,decode
6957,truncation,1527709,3816439,caught,1,decode
6958,header,879,1,caught,1,decode
6959,payload,3681985,1,caught,1,decode
6960,bit_flip,2983550,1,caught,1,decode
6961,random_bytes,3925703,4,caught,1,decode
6962,zeroed_run,1399307,2825,caught,1,decode
6963,truncation,2920795,2423353,caught,1,decode
6964,header,875,1,caught,1,decode
6965,payload,2200369,1,caught,1,decode
6966,bit_flip,257929,1,caught,1,decode
6967,random_bytes,4039742,13,caught,1,decode
6968,zeroed_run,2517449,3349,caught,1,decode
6969,truncation,645724,4698424,caught,1,decode
6970,header,507,1,caught,1,decode
6971,payload,3633599,1,caught,1,decode
6972,bit_flip,345019,1,caught,1,decode
6973,random_bytes,4107356,13,caught,1,decode
6974,zeroed_run,2513129,1879,caught,1,decode
6975,truncation,692268,4651880,caught,1,decode
6976,header,86,1,caught,1,decode
6977,payload,1265714,1,caught,1,decode
6978,bit_flip,144943,1,caught,1,decode
6979,random_bytes,3983374,2,caught,1,decode
6980,zeroed_run,5339620,850,caught,1,decode
6981,truncation,2881156,2462992,caught,1,decode
6982,header,621,1,caught,1,decode
6983,payload,3591769,1,caught,1,decode
6984,bit_flip,4215473,1,caught,1,decode
6985,random_bytes,4497232,15,caught,1,decode
6986,zeroed_run,1881990,1828,caught,1,decode
6987,truncation,984348,4359800,caught,1,decode
6988,header,908,1,caught,1,decode
6989,payload,4212385,1,caught,1,decode
6990,bit_flip,5092818,1,caught,1,decode
6991,random_bytes,3785027,2,caught,1,decode
6992,zeroed_run,3736810,228,caught,1,decode
6993,truncation,4007758,1336390,caught,1,decode
6994,header,334,1,caught,1,decode
6995,payload,5143343,1,caught,1,decode
6996,bit_flip,5255023,1,caught,1,decode
6997,random_bytes,4154553,9,caught,1,decode
6998,zeroed_run,2321460,3787,caught,1,decode
6999,truncation,1124236,4219912,caught,1,decode
7000,header,814,1,caught,1,decode
7001,payload,2207301,1,caught,1,decode
7002,bit_flip,3090921,1,caught,1,decode
7003,random_bytes,2449954,11,caught,1,decode
7004,zeroed_run,2779881,125,caught,1,decode
7005,truncation,2735534,2608614,caught,1,decode
7006,header,845,1,caught,1,decode
7007,payload,1796530,1,caught,1,decode
7008,bit_flip,4997204,1,caught,1,decode
7009,random_bytes,5154115,8,caught,1,decode
7010,zeroed_run,1783169,97,caught,1,decode
7011,truncation,769106,4575042,caught,1,decode
7012,header,720,1,caught,1,decode
7013,payload,4631794,1,caught,1,decode
7014,bit_flip,3586826,1,caught,1,decode
7015,random_bytes,4930501,12,caught,1,decode
7016,zeroed_run,2993590,963,caught,1,decode
7017,truncation,2113702,3230446,caught,1,decode
7018,header,365,1,caught,1,decode
7019,payload,4782812,1,caught,1,decode
7020,bit_flip,5123991,1,caught,1,decode
7021,random_bytes,3450109,10,caught,1,decode
7022,zeroed_run,99312,1146,caught,1,decode
7023,truncation,3306239,2037909,caught,1,decode
7024,header,992,1,caught,1,decode
7025,payload,3689611,1,caught,1,decode
7026,bit_flip,2913341,1,caught,1,decode
7027,random_bytes,4436588,16,caught,1,decode
7028,zeroed_run,493118,3366,caught,1,decode
7029,truncation,205431,5138717,caught,1,decode
7030,header,748,1,caught,1,decode
7031,payload,4020295,1,caught,1,decode
7032,bit_flip,3731449,1,caught,1,decode
7033,random_bytes,2718729,14,caught,1,decode
7034,zeroed_run,926070,1695,caught,1,decode
7035,truncation,4632087,712061,caught,1,decode
7036,header,426,1,caught,1,decode
7037,payload,2880082,1,caught,1,decode
7038,bit_flip,2499819,1,caught,1,decode
7039,random_bytes,4642745,5,caught,1,decode
7040,zeroed_run,1850553,2689,caught,1,decode
7041,truncation,4749483,594665,caught,1,decode
7042,header,692,1,caught,1,decode
7043,payload,5280814,1,caught,1,decode
7044,bit_flip,3356678,1,caught,1,decode
7045,random_bytes,1092747,16,caught,1,decode
7046,zeroed_run,2275312,3458,caught,1,decode
7047,truncation,1737633,3606515,caught,1,decode
7048,header,169,1,caught,1,decode
7049,payload,2579551,1,caught,1,decode
7050,bit_flip,2447537,1,caught,1,decode
7051,random_bytes,259794,12,caught,1,decode
7052,zeroed_run,4374274,1105,caught,1,decode
7053,truncation,161574,5182574,caught,1,decode
7054,header,275,1,caught,1,decode
7055,payload,1315715,1,caught,1,decode
7056,bit_flip,155594,1,caught,1,decode
7057,random_bytes,4993905,9,caught,1,decode
7058,zeroed_run,1355555,1028,caught,1,decode
7059,truncation,4666846,677302,caught,1,decode
7060,header,900,1,caught,1,decode
7061,payload,4609850,1,caught,1,decode
7062,bit_flip,5142105,1,caught,1,decode
7063,random_bytes,3391235,13,caught,1,decode
7064,zeroed_run,3651077,127,caught,1,decode
7065,truncation,281906,5062242,caught,1,decode
7066,header,162,1,caught,1,decode
7067,payload,4015269,1,caught,1,decode
7068,bit_flip,3958184,1,caught,1,decode
7069,random_bytes,4460211,2,caught,1,decode
7070,zeroed_run,4276182,3999,caught,1,decode
7071,truncation,4458097,886051,caught,1,decode
7072,header,996,1,caught,1,decode
7073,payload,3305884,1,caught,1,decode
7074,bit_flip,2637640,1,caught,1,decode
7075,random_bytes,2124755,2,caught,1,decode
7076,zeroed_run,4598754,2708,caught,1,decode
7077,truncation,408568,4935580,caught,1,decode
7078,header,85,1,caught,1,decode
7079,payload,3561983,1,caught,1,decode
7080,bit_flip,4474127,1,caught,1,decode
7081,random_bytes,4153992,12,caught,1,decode
7082,zeroed_run,5038533,3562,caught,1,decode
7083,truncation,1243614,4100534,caught,1,decode
7084,header,962,1,caught,1,decode
7085,payload,572547,1,caught,1,decode
7086,bit_flip,1984509,1,caught,1,decode
7087,random_bytes,1283313,13,caught,1,decode
7088,zeroed_run,2923381,406,caught,1,decode
7089,truncation,202084,5142064,caught,1,decode
7090,header,71,1,caught,1,decode
7091,payload,2842893,1,caught,1,decode
7092,bit_flip,69908,1,caught,1,decode
7093,random_bytes,2605032,4,caught,1,decode
7094,zeroed_run,3764142,3266,caught,1,decode
7095,truncation,3189168,2154980,caught,1,decode
7096,header,722,1,caught,1,decode
7097,payload,2590408,1,caught,1,decode
7098,bit_flip,2161260,1,caught,1,decode
7099,random_bytes,4379740,15,caught,1,decode
7100,zeroed_run,4491236,2035,caught,1,decode
7101,truncation,3249692,2094456,caught,1,decode
7102,header,380,1,caught,1,decode
7103,payload,894460,1,caught,1,decode
7104,bit_flip,4596398,1,caught,1,decode
7105,random_bytes,4719135,11,caught,1,decode
7106,zeroed_run,4315370,1508,caught,1,decode
7107,truncation,3766039,1578109,caught,1,decode
7108,header,324,1,caught,1,decode
7109,payload,3814850,1,caught,1,decode
7110,bit_flip,889330,1,caught,1,decode
7111,random_bytes,1383596,2,caught,1,decode
7112,zeroed_run,5173942,3049,caught,1,decode
7113,truncation,721432,4622716,caught,1,decode
7114,header,117,1,caught,1,decode
7115,payload,1478784,1,caught,1,decode
7116,bit_flip,327693,1,caught,1,decode
7117,random_bytes,2306451,6,caught,1,decode
7118,zeroed_run,3563437,2200,caught,1,decode
7119,truncation,4887450,456698,caught,1,decode
7120,header,154,1,caught,1,decode
7121,payload,2928980,1,caught,1,decode
7122,bit_flip,3403814,1,caught,1,decode
7123,random_bytes,3047065,5,caught,1,decode
7124,zeroed_run,5216417,3119,caught,1,decode
7125,truncation,1729481,3614667,caught,1,decode
7126,header,82,1,caught,1,decode
7127,payload,2501870,1,caught,1,decode
7128,bit_flip,4097922,1,caught,1,decode
7129,random_bytes,3423481,1,caught,1,decode
7130,zeroed_run,2838838,386,caught,1,decode
7131,truncation,1483204,3860944,caught,1,decode
7132,header,1007,1,caught,1,decode
7133,payload,388027,1,caught,1,decode
7134,bit_flip,548138,1,caught,1,decode
7135,random_bytes,1610181,12,caught,1,decode
7136,zeroed_run,1910815,4043,caught,1,decode
7137,truncation,78098,5266050,caught,1,decode
7138,header,727,1,caught,1,decode
7139,payload,246435,1,caught,1,decode
7140,bit_flip,4768272,1,caught,1,decode
7141,random_bytes,3641710,2,caught,1,decode
7142,zeroed_run,1043083,1380,caught,1,decode
7143,truncation,2669874,2674274,caught,1,decode
7144,header,118,1,caught,1,decode
7145,payload,2911853,1,caught,1,decode
7146,bit_flip,235825,1,caught,1,decode
7147,random_bytes,4432155,1,caught,1,decode
7148,zeroed_run,2101416,3057,caught,1,decode
7149,truncation,4596563,747585,caught,1,decode
7150,header,776,1,caught,1,decode
7151,payload,2375777,1,caught,1,decode
7152,bit_flip,1498049,1,caught,1,decode
7153,random_bytes,3078593,1,caught,1,decode
7154,zeroed_run,2647609,1079,caught,1,decode
7155,truncation,4726759,617389,caught,1,decode
7156,header,689,1,caught,1,decode
7157,payload,789257,1,caught,1,decode
7158,bit_flip,2044489,1,caught,1,decode
7159,random_bytes,716618,2,caught,1,decode
7160,zeroed_run,5032482,140,caught,1,decode
7161,truncation,1717576,3626572,caught,1,decode
7162,header,818,1,caught,1,decode
7163,payload,2329830,1,caught,1,decode
7164,bit_flip,2210755,1,caught,1,decode
7165,random_bytes,1708713,15,caught,1,decode
7166,zeroed_run,3556799,2590,caught,1,decode
7167,truncation,3441364,1902784,caught,1,decode
7168,header,615,1,caught,1,decode
7169,payload,4979112,1,caught,1,decode
7170,bit_flip,4880572,1,caught,1,decode
7171,random_bytes,485244,2,caught,1,decode
7172,zeroed_run,1032779,3881,caught,1,decode
7173,truncation,215177,5128971,caught,1,decode
7174,header,215,1,caught,1,decode
7175,payload,1963647,1,caught,1,decode
7176,bit_flip,19744,1,caught,1,decode
7177,random_bytes,2227881,16,caught,1,decode
7178,zeroed_run,862254,222,caught,1,decode
7179,truncation,659411,4684737,caught,1,decode
7180,header,1009,1,caught,1,decode
7181,payload,3326603,1,caught,1,decode
7182,bit_flip,4377722,1,caught,1,decode
7183,random_bytes,4119191,2,caught,1,decode
7184,zeroed_run,2287295,2616,caught,1,decode
7185,truncation,979079,4365069,caught,1,decode
7186,header,957,1,caught,1,decode
7187,payload,2099096,1,caught,1,decode
7188,bit_flip,2297097,1,caught,1,decode
7189,random_bytes,2807034,8,caught,1,decode
7190,zeroed_run,4183944,4077,caught,1,decode
7191,truncation,3964003,1380145,caught,1,decode
7192,header,383,1,caught,1,decode
7193,payload,1043838,1,caught,1,decode
7194,bit_flip,3214507,1,caught,1,decode
7195,random_bytes,5217332,3,caught,1,decode
7196,zeroed_run,4499454,2143,caught,1,decode
7197,truncation,4616999,727149,caught,1,decode
7198,header,846,1,caught,1,decode
7199,payload,2416940,1,caught,1,decode
7200,bit_flip,1990008,1,caught,1,decode
7201,random_bytes,2443028,16,caught,1,decode
7202,zeroed_run,1523522,2128,caught,1,decode
7203,truncation,4825703,518445,caught,1,decode
7204,header,823,1,caught,1,decode
7205,payload,4038451,1,caught,1,decode
7206,bit_flip,2426848,1,caught,1,decode
7207,random_bytes,4060382,7,caught,1,decode
7208,zeroed_run,1062455,998,caught,1,decode
7209,truncation,1866395,3477753,caught,1,decode
7210,header,679,1,caught,1,decode
7211,payload,1952438,1,caught,1,decode
7212,bit_flip,4542535,1,caught,1,decode
7213,random_bytes,3418730,14,caught,1,decode
7214,zeroed_run,4501657,1546,caught,1,decode
7215,truncation,3269849,2074299,caught,1,decode
7216,header,948,1,caught,1,decode
7217,payload,458482,1,caught,1,decode
7218,bit_flip,664908,1,caught,1,decode
7219,random_bytes,5018801,12,caught,1,decode
7220,zeroed_run,3928185,385,caught,1,decode
7221,truncation,4616808,727340,caught,1,decode
7222,header,311,1,caught,1,decode
7223,payload,4449870,1,caught,1,decode
7224,bit_flip,5163342,1,caught,1,decode
7225,random_bytes,325062,2,caught,1,decode
7226,zeroed_run,4202352,3475,caught,1,decode
7227,truncation,1994928,3349220,caught,1,decode
7228,header,578,1,caught,1,decode
7229,payload,3924690,1,caught,1,decode
7230,bit_flip,2181427,1,caught,1,decode
7231,random_bytes,3545837,5,caught,1,decode
7232,zeroed_run,2355367,1495,caught,1,decode
7233,truncation,3363677,1980471,caught,1,decode
7234,header,808,1,caught,1,decode
7235,payload,3161885,1,caught,1,decode
7236,bit_flip,4737900,1,caught,1,decode
7237,random_bytes,2498080,16,caught,1,decode
7238,zeroed_run,385799,3566,caught,1,decode
7239,truncation,584925,4759223,caught,1,decode
7240,header,689,1,caught,1,decode
7241,payload,5054844,1,caught,1,decode
7242,bit_flip,2851502,1,caught,1,decode
7243,random_bytes,3851927,2,caught,1,decode
7244,zeroed_run,2881346,400,caught,1,decode
7245,truncation,4825858,518290,caught,1,decode
7246,header,233,1,caught,1,decode
7247,payload,4184405,1,caught,1,decode
7248,bit_flip,4664725,1,caught,1,decode
7249,random_bytes,919189,12,caught,1,decode
7250,zeroed_run,679257,2248,caught,1,decode
7251,truncation,2584618,2759530,caught,1,decode
7252,header,1004,1,caught,1,decode
7253,payload,4702683,1,caught,1,decode
7254,bit_flip,3533057,1,caught,1,decode
7255,random_bytes,189877,13,caught,1,decode
7256,zeroed_run,4432972,752,caught,1,decode
7257,truncation,3347165,1996983,caught,1,decode
7258,header,479,1,caught,1,decode
7259,payload,3033680,1,caught,1,decode
7260,bit_flip,122113,1,caught,1,decode
7261,random_bytes,1565328,12,caught,1,decode
7262,zeroed_run,2659333,2636,caught,1,decode
7263,truncation,4321733,1022415,caught,1,decode
7264,header,705,1,caught,1,decode
7265,payload,3537996,1,caught,1,decode
7266,bit_flip,515979,1,caught,1,decode
7267,random_bytes,2334063,6,caught,1,decode
7268,zeroed_run,3472925,2011,caught,1,decode
7269,truncation,946664,4397484,caught,1,decode
7270,header,219,1,caught,1,decode
7271,payload,1698074,1,caught,1,decode
7272,bit_flip,5207742,1,caught,1,decode
7273,random_bytes,2498522,11,caught,1,decode
7274,zeroed_run,2137782,1836,caught,1,decode
7275,truncation,2451779,2892369,caught,1,decode
7276,header,454,1,caught,1,decode
7277,payload,4673227,1,caught,1,decode
7278,bit_flip,1436115,1,caught,1,decode
7279,random_bytes,3936256,5,caught,1,decode
7280,zeroed_run,2038543,740,caught,1,decode
7281,truncation,4626532,717616,caught,1,decode
7282,header,203,1,caught,1,decode
7283,payload,4807239,1,caught,1,decode
7284,bit_flip,1234213,1,caught,1,decode
7285,random_bytes,1594781,11,caught,1,decode
7286,zeroed_run,2582222,2849,caught,1,decode
7287,truncation,4628290,715858,caught,1,decode
7288,header,839,1,caught,1,decode
7289,payload,44397,1,caught,1,decode
7290,bit_flip,2249943,1,caught,1,decode
7291,random_bytes,1076129,12,caught,1,decode
7292,zeroed_run,320580,426,caught,1,decode
7293,truncation,2222412,3121736,caught,1,decode
7294,header,440,1,caught,1,decode
7295,payload,4693803,1,caught,1,decode
7296,bit_flip,353191,1,caught,1,decode
7297,random_bytes,1447636,10,caught,1,decode
7298,zeroed_run,2465995,1708,caught,1,decode
7299,truncation,2312206,3031942,caught,1,decode
7300,header,863,1,caught,1,decode
7301,payload,2989989,1,caught,1,decode
7302,bit_flip,756355,1,caught,1,decode
7303,random_bytes,1569089,1,caught,1,decode
7304,zeroed_run,4785944,819,caught,1,decode
7305,truncation,4125476,1218672,caught,1,decode
7306,header,691,1,caught,1,decode
7307,payload,4832007,1,caught,1,decode
7308,bit_flip,4328046,1,caught,1,decode
7309,random_bytes,3319137,3,caught,1,decode
7310,zeroed_run,3572612,2611,caught,1,decode
7311,truncation,1471001,3873147,caught,1,decode
7312,header,84,1,caught,1,decode
7313,payload,4386889,1,caught,1,decode
7314,bit_flip,3496631,1,caught,1,decode
7315,random_bytes,3527880,15,caught,1,decode
7316,zeroed_run,841074,2970,caught,1,decode
7317,truncation,4009554,1334594,caught,1,decode
7318,header,312,1,caught,1,decode
7319,payload,365301,1,caught,1,decode
7320,bit_flip,4850043,1,caught,1,decode
7321,random_bytes,1900862,14,caught,1,decode
7322,zeroed_run,1088547,2742,caught,1,decode
7323,truncation,16654,5327494,caught,1,decode
7324,header,514,1,caught,1,decode
7325,payload,4978730,1,caught,1,decode
7326,bit_flip,3708800,1,caught,1,decode
7327,random_bytes,1618610,13,caught,1,decode
7328,zeroed_run,2548686,2037,caught,1,decode
7329,truncation,2849145,2495003,caught,1,decode
7330,header,127,1,caught,1,decode
7331,payload,2474001,1,caught,1,decode
7332,bit_flip,2254388,1,caught,1,decode
7333,random_bytes,3546876,6,caught,1,decode
7334,zeroed_run,1250897,1326,caught,1,decode
7335,truncation,3425577,1918571,caught,1,decode
7336,header,812,1,caught,1,decode
7337,payload,3614628,1,caught,1,decode
7338,bit_flip,1179997,1,caught,1,decode
7339,random_bytes,1874410,9,caught,1,decode
7340,zeroed_run,1095808,2406,caught,1,decode
7341,truncation,440661,4903487,caught,1,decode
7342,header,817,1,caught,1,decode
7343,payload,501651,1,caught,1,decode
7344,bit_flip,1956148,1,caught,1,decode
7345,random_bytes,1997457,8,caught,1,decode
7346,zeroed_run,792478,2448,caught,1,decode
7347,truncation,4776402,567746,caught,1,decode
7348,header,776,1,caught,1,decode
7349,payload,1332183,1,caught,1,decode
7350,bit_flip,2920882,1,caught,1,decode
7351,random_bytes,2579473,11,caught,1,decode
7352,zeroed_run,2665324,3138,caught,1,decode
7353,truncation,3690495,1653653,caught,1,decode
7354,header,570,1,caught,1,decode
7355,payload,1250446,1,caught,1,decode
7356,bit_flip,1485684,1,caught,1,decode
7357,random_bytes,4734704,1,caught,1,decode
7358,zeroed_run,555917,673,caught,1,decode
7359,truncation,1270277,4073871,caught,1,decode
7360,header,246,1,caught,1,decode
7361,payload,3651802,1,caught,1,decode
7362,bit_flip,4315875,1,caught,1,decode
7363,random_bytes,2693021,2,caught,1,decode
7364,zeroed_run,5075427,1899,caught,1,decode
7365,truncation,2723068,2621080,caught,1,decode
7366,header,689,1,caught,1,decode
7367,payload,2718088,1,caught,1,decode
7368,bit_flip,493740,1,caught,1,decode
7369,random_bytes,3588643,8,caught,1,decode
7370,zeroed_run,4826049,3813,caught,1,decode
7371,truncation,2946689,2397459,caught,1,decode
7372,header,622,1,caught,1,decode
7373,payload,2441749,1,caught,1,decode
7374,bit_flip,1428702,1,caught,1,decode
7375,random_bytes,5105387,15,caught,1,decode
7376,zeroed_run,5045480,4078,caught,1,decode
7377,truncation,4433325,910823,caught,1,decode
7378,header,596,1,caught,1,decode
7379,payload,89920,1,caught,1,decode
7380,bit_flip,3116214,1,caught,1,decode
7381,random_bytes,476080,15,caught,1,decode
7382,zeroed_run,4242228,3412,caught,1,decode
7383,truncation,5181303,162845,caught,1,decode
7384,header,558,1,caught,1,decode
7385,payload,666286,1,caught,1,decode
7386,bit_flip,3761929,1,caught,1,decode
7387,random_bytes,2599222,3,caught,1,decode
7388,zeroed_run,4995264,3683,caught,1,decode
7389,truncation,3498435,1845713,caught,1,decode
7390,header,41,1,caught,1,decode
7391,payload,4768900,1,caught,1,decode
7392,bit_flip,809359,1,caught,1,decode
7393,random_bytes,3717362,7,caught,1,decode
7394,zeroed_run,5153386,445,caught,1,decode
7395,truncation,4319353,1024795,caught,1,decode
7396,header,385,1,caught,1,decode
7397,payload,4192343,1,caught,1,decode
7398,bit_flip,5596,1,caught,1,decode
7399,random_bytes,1760841,4,caught,1,decode
7400,zeroed_run,2633477,3756,caught,1,decode
7401,truncation,1024114,4320034,caught,1,decode
7402,header,212,1,caught,1,decode
7403,payload,2772221,1,caught,1,decode
7404,bit_flip,2006279,1,caught,1,decode
7405,random_bytes,2070865,5,caught,1,decode
7406,zeroed_run,2552106,22,caught,1,decode
7407,truncation,2484589,2859559,caught,1,decode
7408,header,219,1,caught,1,decode
7409,payload,2733307,1,caught,1,decode
7410,bit_flip,1995832,1,caught,1,decode
7411,random_bytes,2755449,5,caught,1,decode
7412,zeroed_run,235589,3150,caught,1,decode
7413,truncation,2132640,3211508,caught,1,decode
7414,header,598,1,caught,1,decode
7415,payload,2373232,1,caught,1,decode
7416,bit_flip,4442288,1,caught,1,decode
7417,random_bytes,2549144,7,caught,1,decode
7418,zeroed_run,3471263,2253,caught,1,decode
7419,truncation,2004319,3339829,caught,1,decode
7420,header,14,1,harmless,0,decode
7421,payload,4295026,1,caught,1,decode
7422,bit_flip,4526965,1,caught,1,decode
7423,random_bytes,5189341,9,caught,1,decode
7424,zeroed_run,285209,2685,caught,1,decode
7425,truncation,1088325,4255823,caught,1,decode
7426,header,125,1,caught,1,decode
7427,payload,189672,1,caught,1,decode
7428,bit_flip,5085738,1,caught,1,decode
7429,random_bytes,680975,15,caught,1,decode
7430,zeroed_run,4319181,2430,caught,1,decode
7431,truncation,3475727,1868421,caught,1,decode
7432,header,833,1,caught,1,decode
7433,payload,3980240,1,caught,1,decode
7434,bit_flip,4841944,1,caught,1,decode
7435,random_bytes,2637142,1,caught,1,decode
7436,zeroed_run,4412753,1070,caught,1,decode
7437,truncation,3423111,1921037,caught,1,decode
7438,header,744,1,caught,1,decode
7439,payload,2605861,1,caught,1,decode
7440,bit_flip,3364017,1,caught,1,decode
7441,random_bytes,552492,4,caught,1,decode
7442,zeroed_run,3191638,2731,caught,1,decode
7443,truncation,3564457,1779691,caught,1,decode
7444,header,185,1,caught,1,decode
7445,payload,4781494,1,caught,1,decode
7446,bit_flip,87416,1,caught,1,decode
7447,random_bytes,1208542,1,caught,1,decode
7448,zeroed_run,3419345,1541,caught,1,decode
7449,truncation,5108101,236047,caught,1,decode
7450,header,757,1,caught,1,decode
7451,payload,3120086,1,caught,1,decode
7452,bit_flip,1414932,1,caught,1,decode
7453,random_bytes,4874967,8,caught,1,decode
7454,zeroed_run,1459984,306,caught,1,decode
7455,truncation,4218449,1125699,caught,1,decode
7456,header,95,1,caught,1,decode
7457,payload,3016072,1,caught,1,decode
7458,bit_flip,13465,1,caught,1,decode
7459,random_bytes,1514387,1,caught,1,decode
7460,zeroed_run,3496051,2121,caught,1,decode
7461,truncation,2348388,2995760,caught,1,decode
7462,header,173,1,caught,1,decode
7463,payload,2801047,1,caught,1,decode
7464,bit_flip,3237860,1,caught,1,decode
7465,random_bytes,4695375,12,caught,1,decode
7466,zeroed_run,1430360,3910,caught,1,decode
7467,truncation,1517284,3826864,caught,1,decode
7468,header,124,1,caught,1,decode
7469,payload,100824,1,caught,1,decode
7470,bit_flip,272941,1,caught,1,decode
7471,random_bytes,558453,8,caught,1,decode
7472,zeroed_run,1959836,1587,caught,1,decode
7473,truncation,1279675,4064473,caught,1,decode
7474,header,378,1,caught,1,decode
7475,payload,1367264,1,caught,1,decode
7476,bit_flip,3720684,1,caught,1,decode
7477,random_bytes,1432324,5,caught,1,decode
7478,zeroed_run,1025985,2060,caught,1,decode
7479,truncation,3032209,2311939,caught,1,decode
7480,header,279,1,caught,1,decode
7481,payload,2731994,1,caught,1,decode
7482,bit_flip,3542707,1,caught,1,decode
7483,random_bytes,1745097,12,caught,1,decode
7484,zeroed_run,241690,1792,caught,1,decode
7485,truncation,3508171,1835977,caught,1,decode
7486,header,506,1,caught,1,decode
7487,payload,1101227,1,caught,1,decode
7488,bit_flip,3185670,1,caught,1,decode
7489,random_bytes,4929704,13,caught,1,decode
7490,zeroed_run,3901620,455,caught,1,decode
7491,truncation,1379782,3964366,caught,1,decode
7492,header,401,1,caught,1,decode
7493,payload,4201758,1,caught,1,decode
7494,bit_flip,1353617,1,caught,1,decode
7495,random_bytes,2652880,15,caught,1,decode
7496,zeroed_run,3393900,2385,caught,1,decode
7497,truncation,543400,4800748,caught,1,decode
7498,header,493,1,caught,1,decode
7499,payload,954354,1,caught,1,decode
7500,bit_flip,4093386,1,caught,1,decode
7501,random_bytes,4846037,11,caught,1,decode
7502,zeroed_run,1549546,1245,caught,1,decode
7503,truncation,3175683,2168465,caught,1,decode
7504,header,874,1,caught,1,decode
7505,payload,19694,1,caught,1,decode
7506,bit_flip,3650993,1,caught,1,decode
7507,random_bytes,1168697,3,caught,1,decode
7508,zeroed_run,1754274,3791,caught,1,decode
7509,truncation,5221248,122900,caught,1,decode
7510,header,967,1,caught,1,decode
7511,payload,4096574,1,caught,1,decode
7512,bit_flip,194530,1,caught,1,decode
7513,random_bytes,2163218,15,caught,1,decode
7514,zeroed_run,1650316,143,caught,1,decode
7515,truncation,1313160,4030988,caught,1,decode
7516,header,816,1,caught,1,decode
7517,payload,3380477,1,caught,1,decode
7518,bit_flip,34096,1,caught,1,decode
7519,random_bytes,198088,3,caught,1,decode
7520,zeroed_run,2526166,3136,caught,1,decode
7521,truncation,756377,4587771,caught,1,decode
7522,header,239,1,caught,1,decode
7523,payload,2495706,1,caught,1,decode
7524,bit_flip,3665605,1,caught,1,decode
7525,random_bytes,4446603,9,caught,1,decode
7526,zeroed_run,2840568,2791,caught,1,decode
7527,truncation,1393232,3950916,caught,1,decode
7528,header,769,1,caught,1,decode
7529,payload,1178336,1,caught,1,decode
7530,bit_flip,2508667,1,caught,1,decode
7531,random_bytes,301965,8,caught,1,decode
7532,zeroed_run,5242378,2956,caught,1,decode
7533,truncation,5115872,228276,caught,1,decode
7534,header,189,1,caught,1,decode
7535,payload,498690,1,caught,1,decode
7536,bit_flip,3259526,1,caught,1,decode
7537,random_bytes,3491038,1,caught,1,decode
7538,zeroed_run,2596516,3421,caught,1,decode
7539,truncation,982204,4361944,caught,1,decode
7540,header,361,1,caught,1,decode
7541,payload,5149891,1,caught,1,decode
7542,bit_flip,3300513,1,caught,1,decode
7543,random_bytes,5173035,14,caught,1,decode
7544,zeroed_run,5297461,2633,caught,1,decode
7545,truncation,3175780,2168368,caught,1,decode
7546,header,541,1,caught,1,decode
7547,payload,1641478,1,caught,1,decode
7548,bit_flip,3804038,1,caught,1,decode
7549,random_bytes,1773830,4,caught,1,decode
7550,zeroed_run,1867966,295,caught,1,decode
7551,truncation,5288922,55226,caught,1,decode
7552,header,498,1,caught,1,decode
7553,payload,4665563,1,caught,1,decode
7554,bit_flip,1453978,1,caught,1,decode
7555,random_bytes,3394978,8,caught,1,decode
7556,zeroed_run,454156,2307,caught,1,decode
7557,truncation,4235116,1109032,caught,1,decode
7558,header,517,1,caught,1,decode
7559,payload,3732938,1,caught,1,decode
7560,bit_flip,4626895,1,caught,1,decode
7561,random_bytes,2725136,6,caught,1,decode
7562,zeroed_run,3002515,3805,caught,1,decode
7563,truncation,50251,5293897,caught,1,decode
7564,header,898,1,caught,1,decode
7565,payload,957737,1,caught,1,decode
7566,bit_flip,4327632,1,caught,1,decode
7567,random_bytes,3540959,10,caught,1,decode
7568,zeroed_run,3436359,3869,caught,1,decode
7569,truncation,1804653,3539495,caught,1,decode
7570,header,378,1,caught,1,decode
7571,payload,3263261,1,caught,1,decode
7572,bit_flip,2455872,1,caught,1,decode
7573,random_bytes,1108644,13,caught,1,decode
7574,zeroed_run,4632781,2855,caught,1,decode
7575,truncation,1871805,3472343,caught,1,decode
7576,header,124,1,caught,1,decode
7577,payload,2550484,1,caught,1,decode
7578,bit_flip,5343684,1,caught,1,decode
7579,random_bytes,1010144,3,caught,1,decode
7580,zeroed_run,4232809,3578,caught,1,decode
7581,truncation,376519,4967629,caught,1,decode
7582,header,48,1,caught,1,decode
7583,payload,4201873,1,caught,1,decode
7584,bit_flip,1574108,1,caught,1,decode
7585,random_bytes,2140823,16,caught,1,decode
7586,zeroed_run,3432901,262,caught,1,decode
7587,truncation,3401235,1942913,caught,1,decode
7588,header,777,1,caught,1,decode
7589,payload,15928,1,caught,1,decode
7590,bit_flip,2942723,1,caught,1,decode
7591,random_bytes,2658983,11,caught,1,decode
7592,zeroed_run,2575891,4091,caught,1,decode
7593,truncation,2647583,2696565,caught,1,decode
7594,header,559,1,caught,1,decode
7595,payload,2753088,1,caught,1,decode
7596,bit_flip,3362553,1,caught,1,decode
7597,random_bytes,3475939,12,caught,1,decode
7598,zeroed_run,3312991,3822,caught,1,decode
7599,truncation,4516994,827154,caught,1,decode
7600,header,1021,1,caught,1,decode
7601,payload,1855202,1,caught,1,decode
7602,bit_flip,434194,1,caught,1,decode
7603,random_bytes,3746396,15,caught,1,decode
7604,zeroed_run,3138385,2871,caught,1,decode
7605,truncation,2239002,3105146,caught,1,decode
7606,header,937,1,caught,1,decode
7607,payload,2620667,1,caught,1,decode
7608,bit_flip,747667,1,caught,1,decode
7609,random_bytes,3132420,1,caught,1,decode
7610,zeroed_run,1776107,2330,caught,1,decode
7611,truncation,299602,5044546,caught,1,decode
7612,header,814,1,caught,1,decode
7613,payload,1618584,1,caught,1,decode
7614,bit_flip,3709611,1,caught,1,decode
7615,random_bytes,3425591,15,caught,1,decode
7616,zeroed_run,4254469,1798,caught,1,decode
7617,truncation,56774,5287374,caught,1,decode
7618,header,865,1,caught,1,decode
7619,payload,2872256,1,caught,1,decode
7620,bit_flip,3920355,1,caught,1,decode
7621,random_bytes,2874572,7,caught,1,decode
7622,zeroed_run,3460779,3554,caught,1,decode
7623,truncation,40499,5303649,caught,1,decode
7624,header,248,1,caught,1,decode
7625,payload,4893428,1,caught,1,decode
7626,bit_flip,1105594,1,caught,1,decode
7627,random_bytes,3235952,9,caught,1,decode
7628,zeroed_run,4993666,2773,caught,1,decode
7629,truncation,260544,5083604,caught,1,decode
7630,header,913,1,caught,1,decode
7631,payload,2377849,1,caught,1,decode
7632,bit_flip,1739485,1,caught,1,decode
7633,random_bytes,1254,8,caught,1,decode
7634,zeroed_run,1123094,3671,caught,1,decode
7635,truncation,1392586,3951562,caught,1,decode
7636,header,688,1,caught,1,decode
7637,payload,5168459,1,caught,1,decode
7638,bit_flip,1975896,1,caught,1,decode
7639,random_bytes,3105511,4,caught,1,decode
7640,zeroed_run,2266951,658,caught,1,decode
7641,truncation,4076171,1267977,caught,1,decode
7642,header,506,1,caught,1,decode
7643,payload,3163532,1,caught,1,decode
7644,bit_flip,841337,1,caught,1,decode
7645,random_bytes,5297374,3,caught,1,decode
7646,zeroed_run,831211,3537,caught,1,decode
7647,truncation,5092246,251902,caught,1,decode
7648,header,871,1,caught,1,decode
7649,payload,3608070,1,caught,1,decode
7650,bit_flip,198626,1,caught,1,decode
7651,random_bytes,2567531,9,caught,1,decode
7652,zeroed_run,1245034,1056,caught,1,decode
7653,truncation,435699,4908449,caught,1,decode
7654,header,527,1,caught,1,decode
7655,payload,2538201,1,caught,1,decode
7656,bit_flip,4531091,1,caught,1,decode
7657,random_bytes,61722,15,caught,1,decode
7658,zeroed_run,583375,1044,caught,1,decode
7659,truncation,3947869,1396279,caught,1,decode
7660,header,674,1,caught,1,decode
7661,payload,3033509,1,caught,1,decode
7662,bit_flip,1367502,1,caught,1,decode
7663,random_bytes,41616,8,caught,1,decode
7664,zeroed_run,1338907,683,caught,1,decode
7665,truncation,2722831,2621317,caught,1,decode
7666,header,242,1,caught,1,decode
7667,payload,87665,1,caught,1,decode
7668,bit_flip,3710686,1,caught,1,decode
7669,random_bytes,2487981,6,caught,1,decode
7670,zeroed_run,1071868,1195,caught,1,decode
7671,truncation,2686225,2657923,caught,1,decode
7672,header,737,1,caught,1,decode
7673,payload,1045596,1,caught,1,decode
7674,bit_flip,3791168,1,caught,1,decode
7675,random_bytes,1786511,3,caught,1,decode
7676,zeroed_run,648769,1146,caught,1,decode
7677,truncation,3473637,1870511,caught,1,decode
7678,header,973,1,caught,1,decode
7679,payload,4643006,1,caught,1,decode
7680,bit_flip,85019,1,caught,1,decode
7681,random_bytes,2391616,13,caught,1,decode
7682,zeroed_run,750277,3797,caught,1,decode
7683,truncation,2672921,2671227,caught,1,decode
7684,header,597,1,caught,1,decode
7685,payload,3752406,1,caught,1,decode
7686,bit_flip,4375074,1,caught,1,decode
7687,random_bytes,655784,1,caught,1,decode
7688,zeroed_run,3708744,601,caught,1,decode
7689,truncation,4025180,1318968,caught,1,decode
7690,header,166,1,caught,1,decode
7691,payload,1912558,1,caught,1,decode
7692,bit_flip,2269462,1,caught,1,decode
7693,random_bytes,3572292,7,caught,1,decode
7694,zeroed_run,813113,2120,caught,1,decode
7695,truncation,509320,4834828,caught,1,decode
7696,header,2,1,caught,1,decode
7697,payload,579542,1,caught,1,decode
7698,bit_flip,2801662,1,caught,1,decode
7699,random_bytes,1170278,16,caught,1,decode
7700,zeroed_run,4766093,83,caught,1,decode
7701,truncation,4136658,1207490,caught,1,decode
7702,header,985,1,caught,1,decode
7703,payload,305143,1,caught,1,decode
7704,bit_flip,2430357,1,caught,1,decode
7705,random_bytes,4609784,4,caught,1,decode
7706,zeroed_run,3619886,2852,caught,1,decode
7707,truncation,4004652,1339496,caught,1,decode
7708,header,923,1,caught,1,decode
7709,payload,1664324,1,caught,1,decode
7710,bit_flip,213256,1,caught,1,decode
7711,random_bytes,3922523,14,caught,1,decode
7712,zeroed_run,2545256,1818,caught,1,decode
7713,truncation,4837879,506269,caught,1,decode
7714,header,393,1,caught,1,decode
7715,payload,953513,1,caught,1,decode
7716,bit_flip,2556521,1,caught,1,decode
7717,random_bytes,3001052,10,caught,1,decode
7718,zeroed_run,5289196,109,caught,1,decode
7719,truncation,1715339,3628809,caught,1,decode
7720,header,716,1,caught,1,decode
7721,payload,2709801,1,caught,1,decode
7722,bit_flip,796340,1,caught,1,decode
7723,random_bytes,1682187,9,caught,1,decode
7724,zeroed_run,438403,1167,caught,1,decode
7725,truncation,3142638,2201510,caught,1,decode
7726,header,258,1,caught,1,decode
7727,payload,102437,1,caught,1,decode
7728,bit_flip,4498678,1,caught,1,decode
7729,random_bytes,586481,13,caught,1,decode
7730,zeroed_run,1468429,163,caught,1,decode
7731,truncation,1231409,4112739,caught,1,decode
7732,header,508,1,caught,1,decode
7733,payload,1070620,1,caught,1,decode
7734,bit_flip,3643965,1,caught,1,decode
7735,random_bytes,121695,1,caught,1,decode
7736,zeroed_run,562941,1895,caught,1,decode
7737,truncation,3226899,2117249,caught,1,decode
7738,header,762,1,caught,1,decode
7739,payload,497352,1,caught,1,decode
7740,bit_flip,1050485,1,caught,1,decode
7741,random_bytes,4300584,5,caught,1,decode
7742,zeroed_run,3001281,3380,caught,1,decode
7743,truncation,1898642,3445506,caught,1,decode
7744,header,523,1,caught,1,decode
7745,payload,45613,1,caught,1,decode
7746,bit_flip,1101433,1,caught,1,decode
7747,random_bytes,1423075,3,caught,1,decode
7748,zeroed_run,3765177,2452,caught,1,decode
7749,truncation,918143,4426005,caught,1,decode
7750,header,194,1,caught,1,decode
7751,payload,2701483,1,caught,1,decode
7752,bit_flip,2569645,1,caught,1,decode
7753,random_bytes,4259662,8,caught,1,decode
7754,zeroed_run,1926516,1849,caught,1,decode
7755,truncation,2219924,3124224,caught,1,decode
7756,header,328,1,caught,1,decode
7757,payload,3324113,1,caught,1,decode
7758,bit_flip,1666264,1,caught,1,decode
7759,random_bytes,3703410,5,caught,1,decode
7760,zeroed_run,1107279,413,caught,1,decode
7761,truncation,2971242,2372906,caught,1,decode
7762,header,317,1,caught,1,decode
7763,payload,1238441,1,caught,1,decode
7764,bit_flip,678369,1,caught,1,decode
7765,random_bytes,3335433,2,caught,1,decode
7766,zeroed_run,2551902,1501,caught,1,decode
7767,truncation,2882391,2461757,caught,1,decode
7768,header,581,1,caught,1,decode
7769,payload,500256,1,caught,1,decode
7770,bit_flip,847319,1,caught,1,decode
7771,random_bytes,2300632,15,caught,1,decode
7772,zeroed_run,1577971,2106,caught,1,decode
7773,truncation,1196413,4147735,caught,1,decode
7774,header,965,1,caught,1,decode
7775,payload,4615868,1,caught,1,decode
7776,bit_flip,3866839,1,caught,1,decode
7777,random_bytes,2293827,4,caught,1,decode
7778,zeroed_run,1133636,1373,caught,1,decode
7779,truncation,75270,5268878,caught,1,decode
7780,header,221,1,caught,1,decode
7781,payload,4585687,1,caught,1,decode
7782,bit_flip,2546545,1,caught,1,decode
7783,random_bytes,1506579,3,caught,1,decode
7784,zeroed_run,1712489,1321,caught,1,decode
7785,truncation,4259624,1084524,caught,1,decode
7786,header,750,1,caught,1,decode
7787,payload,4469057,1,caught,1,decode
7788,bit_flip,3712597,1,caught,1,decode
7789,random_bytes,1539985,8,caught,1,decode
7790,zeroed_run,638110,3117,caught,1,decode
7791,truncation,3403699,1940449,caught,1,decode
7792,header,74,1,caught,1,decode
7793,payload,3116781,1,caught,1,decode
7794,bit_flip,3831014,1,caught,1,decode
7795,random_bytes,239051,7,caught,1,decode
7796,zeroed_run,3490883,3403,caught,1,decode
7797,truncation,5314324,29824,caught,1,decode
7798,header,977,1,caught,1,decode
7799,payload,2978285,1,caught,1,decode
7800,bit_flip,4545627,1,caught,1,decode
7801,random_bytes,2076882,9,caught,1,decode
7802,zeroed_run,332373,2523,caught,1,decode
7803,truncation,780075,4564073,caught,1,decode
7804,header,613,1,caught,1,decode
7805,payload,2259907,1,caught,1,decode
7806,bit_flip,4464844,1,caught,1,decode
7807,random_bytes,1172042,10,caught,1,decode
7808,zeroed_run,464498,102,caught,1,decode
7809,truncation,174357,5169791,caught,1,decode
7810,header,439,1,caught,1,decode
7811,payload,1515066,1,caught,1,decode
7812,bit_flip,3080953,1,caught,1,decode
7813,random_bytes,4332276,3,caught,1,decode
7814,zeroed_run,1929665,753,caught,1,decode
7815,truncation,2888554,2455594,caught,1,decode
7816,header,135,1,caught,1,decode
7817,payload,5331068,1,caught,1,decode
7818,bit_flip,740130,1,caught,1,decode
7819,random_bytes,1852878,2,caught,1,decode
7820,zeroed_run,3180593,3854,caught,1,decode
7821,truncation,672550,4671598,caught,1,decode
7822,header,798,1,caught,1,decode
7823,payload,581036,1,caught,1,decode
7824,bit_flip,762683,1,caught,1,decode
7825,random_bytes,4773227,3,caught,1,decode
7826,zeroed_run,2362481,3089,caught,1,decode
7827,truncation,2968227,2375921,caught,1,decode
7828,header,682,1,caught,1,decode
7829,payload,2098832,1,caught,1,decode
7830,bit_flip,309913,1,caught,1,decode
7831,random_bytes,5035220,13,caught,1,decode
7832,zeroed_run,2159267,2251,caught,1,decode
7833,truncation,2794359,2549789,caught,1,decode
7834,header,547,1,caught,1,decode
7835,payload,1246881,1,caught,1,decode
7836,bit_flip,4247575,1,caught,1,decode
7837,random_bytes,922659,10,caught,1,decode
7838,zeroed_run,2035225,3641,caught,1,decode
7839,truncation,4276991,1067157,caught,1,decode
7840,header,210,1,caught,1,decode
7841,payload,2545386,1,caught,1,decode
7842,bit_flip,3960926,1,caught,1,decode
7843,random_bytes,4454148,9,caught,1,decode
7844,zeroed_run,2236338,3309,caught,1,decode
7845,truncation,984107,4360041,caught,1,decode
7846,header,627,1,caught,1,decode
7847,payload,5164971,1,caught,1,decode
7848,bit_flip,4895375,1,caught,1,decode
7849,random_bytes,4310851,1,caught,1,decode
7850,zeroed_run,1113003,1814,caught,1,decode
7851,truncation,44816,5299332,caught,1,decode
7852,header,417,1,caught,1,decode
7853,payload,4488519,1,caught,1,decode
7854,bit_flip,4851896,1,caught,1,decode
7855,random_bytes,2870402,15,caught,1,decode
7856,zeroed_run,2946116,2498,caught,1,decode
7857,truncation,2829283,2514865,caught,1,decode
7858,header,720,1,caught,1,decode
7859,payload,45193,1,caught,1,decode
7860,bit_flip,4240073,1,caught,1,decode
7861,random_bytes,394101,5,caught,1,decode
7862,zeroed_run,3290145,3637,caught,1,decode
7863,truncation,3189677,2154471,caught,1,decode
7864,header,484,1,caught,1,decode
7865,payload,4412020,1,caught,1,decode
7866,bit_flip,2941899,1,caught,1,decode
7867,random_bytes,1098995,7,caught,1,decode
7868,zeroed_run,5252034,1775,caught,1,decode
7869,truncation,3903217,1440931,caught,1,decode
7870,header,72,1,caught,1,decode
7871,payload,155981,1,caught,1,decode
7872,bit_flip,4767489,1,caught,1,decode
7873,random_bytes,2484531,16,caught,1,decode
7874,zeroed_run,1323473,3282,caught,1,decode
7875,truncation,2303910,3040238,caught,1,decode
7876,header,959,1,caught,1,decode
7877,payload,3670452,1,caught,1,decode
7878,bit_flip,918280,1,caught,1,decode
7879,random_bytes,357415,14,caught,1,decode
7880,zeroed_run,5296184,24,caught,1,decode
7881,truncation,895179,4448969,caught,1,decode
7882,header,546,1,caught,1,decode
7883,payload,3481297,1,caught,1,decode
7884,bit_flip,327727,1,caught,1,decode
7885,random_bytes,4994693,6,caught,1,decode
7886,zeroed_run,2602458,994,caught,1,decode
7887,truncation,2844698,2499450,caught,1,decode
7888,header,644,1,caught,1,decode
7889,payload,2400396,1,caught,1,decode
7890,bit_flip,3300868,1,caught,1,decode
7891,random_bytes,5251329,5,caught,1,decode
7892,zeroed_run,2870805,2016,caught,1,decode
7893,truncation,328569,5015579,caught,1,decode
7894,header,131,1,caught,1,decode
7895,payload,3187495,1,caught,1,decode
7896,bit_flip,2956240,1,caught,1,decode
7897,random_bytes,3169315,15,caught,1,decode
7898,zeroed_run,4570180,303,caught,1,decode
7899,truncation,4085785,1258363,caught,1,decode
7900,header,87,1,caught,1,decode
7901,payload,2519753,1,caught,1,decode
7902,bit_flip,273009,1,caught,1,decode
7903,random_bytes,5014660,12,caught,1,decode
7904,zeroed_run,5035249,768,caught,1,decode
7905,truncation,1901267,3442881,caught,1,decode
7906,header,149,1,caught,1,decode
7907,payload,4086340,1,caught,1,decode
7908,bit_flip,2066530,1,caught,1,decode
7909,random_bytes,121479,8,caught,1,decode
7910,zeroed_run,3030300,745,caught,1,decode
7911,truncation,5275669,68479,caught,1,decode
7912,header,932,1,caught,1,decode
7913,payload,4722778,1,caught,1,decode
7914,bit_flip,2921473,1,caught,1,decode
7915,random_bytes,4339431,8,caught,1,decode
7916,zeroed_run,4406650,315,caught,1,decode
7917,truncation,855843,4488305,caught,1,decode
7918,header,870,1,caught,1,decode
7919,payload,2378214,1,caught,1,decode
7920,bit_flip,219065,1,caught,1,decode
7921,random_bytes,3339303,6,caught,1,decode
7922,zeroed_run,2661782,3483,caught,1,decode
7923,truncation,674896,4669252,caught,1,decode
7924,header,186,1,caught,1,decode
7925,payload,2902092,1,caught,1,decode
7926,bit_flip,2120489,1,caught,1,decode
7927,random_bytes,2436544,9,caught,1,decode
7928,zeroed_run,2394912,3012,caught,1,decode
7929,truncation,4436592,907556,caught,1,decode
7930,header,461,1,caught,1,decode
7931,payload,1198560,1,caught,1,decode
7932,bit_flip,3772047,1,caught,1,decode
7933,random_bytes,4489045,7,caught,1,decode
7934,zeroed_run,4114008,3455,caught,1,decode
7935,truncation,3875147,1469001,caught,1,decode
7936,header,297,1,caught,1,decode
7937,payload,3842613,1,caught,1,decode
7938,bit_flip,2381437,1,caught,1,decode
7939,random_bytes,3294775,16,caught,1,decode
7940,zeroed_run,804625,2989,caught,1,decode
7941,truncation,433440,4910708,caught,1,decode
7942,header,739,1,caught,1,decode
7943,payload,368276,1,caught,1,decode
7944,bit_flip,5217288,1,caught,1,decode
7945,random_bytes,257069,14,caught,1,decode
7946,zeroed_run,2034051,2039,caught,1,decode
7947,truncation,1987623,3356525,caught,1,decode
7948,header,749,1,caught,1,decode
7949,payload,1281317,1,caught,1,decode
7950,bit_flip,3099282,1,caught,1,decode
7951,random_bytes,3273552,11,caught,1,decode
7952,zeroed_run,3001226,2232,caught,1,decode
7953,truncation,69377,5274771,caught,1,decode
7954,header,350,1,caught,1,decode
7955,payload,4958168,1,caught,1,decode
7956,bit_flip,1437788,1,caught,1,decode
7957,random_bytes,273763,9,caught,1,decode
7958,zeroed_run,5050439,438,caught,1,decode
7959,truncation,4659150,684998,caught,1,decode
7960,header,406,1,caught,1,decode
7961,payload,709600,1,caught,1,decode
7962,bit_flip,3611623,1,caught,1,decode
7963,random_bytes,4230367,2,caught,1,decode
7964,zeroed_run,1333550,2781,caught,1,decode
7965,truncation,1971101,3373047,caught,1,decode
7966,header,426,1,caught,1,decode
7967,payload,1738055,1,caught,1,decode
7968,bit_flip,3790748,1,caught,1,decode
7969,random_bytes,1920144,11,caught,1,decode
7970,zeroed_run,3493490,2641,caught,1,decode
7971,truncation,2237490,3106658,caught,1,decode
7972,header,364,1,caught,1,decode
7973,payload,4654222,1,caught,1,decode
7974,bit_flip,735114,1,caught,1,decode
7975,random_bytes,2263778,16,caught,1,decode
7976,zeroed_run,4250671,3806,caught,1,decode
7977,truncation,336703,5007445,caught,1,decode
7978,header,674,1,caught,1,decode
7979,payload,170786,1,caught,1,decode
7980,bit_flip,3582502,1,caught,1,decode
7981,random_bytes,48636,5,caught,1,decode
7982,zeroed_run,3553936,101,caught,1,decode
7983,truncation,2397545,2946603,caught,1,decode
7984,header,432,1,caught,1,decode
7985,payload,4598387,1,caught,1,decode
7986,bit_flip,4724749,1,caught,1,decode
7987,random_bytes,1951177,4,caught,1,decode
7988,zeroed_run,3364237,460,caught,1,decode
7989,truncation,484946,4859202,caught,1,decode
7990,header,729,1,caught,1,decode
7991,payload,2030956,1,caught,1,decode
7992,bit_flip,2812049,1,caught,1,decode
7993,random_bytes,4863717,2,caught,1,decode
7994,zeroed_run,279258,2177,caught,1,decode
7995,truncation,2417341,2926807,caught,1,decode
7996,header,489,1,caught,1,decode
7997,payload,3759255,1,caught,1,decode
7998,bit_flip,2818256,1,caught,1,decode
7999,random_bytes,5192246,5,caught,1,decode
8000,zeroed_run,2329551,1731,caught,1,decode
8001,truncation,2809881,2534267,caught,1,decode
8002,header,409,1,caught,1,decode
8003,payload,2061690,1,caught,1,decode
8004,bit_flip,4883583,1,caught,1,decode
8005,random_bytes,1631750,11,caught,1,decode
8006,zeroed_run,1982573,711,caught,1,decode
8007,truncation,3056136,2288012,caught,1,decode
8008,header,221,1,caught,1,decode
8009,payload,3812778,1,caught,1,decode
8010,bit_flip,4287202,1,caught,1,decode
8011,random_bytes,970385,15,caught,1,decode
8012,zeroed_run,1121454,2823,caught,1,decode
8013,truncation,615093,4729055,caught,1,decode
8014,header,487,1,caught,1,decode
8015,payload,2693208,1,caught,1,decode
8016,bit_flip,4569148,1,caught,1,decode
8017,random_bytes,2405021,7,caught,1,decode
8018,zeroed_run,4584052,3091,caught,1,decode
8019,truncation,1331610,4012538,caught,1,decode
8020,header,986,1,caught,1,decode
8021,payload,143355,1,caught,1,decode
8022,bit_flip,1537106,1,caught,1,decode
8023,random_bytes,1454275,8,caught,1,decode
8024,zeroed_run,4196323,110,caught,1,decode
8025,truncation,4225992,1118156,caught,1,decode
8026,header,983,1,caught,1,decode
8027,payload,1943892,1,caught,1,decode
8028,bit_flip,984735,1,caught,1,decode
8029,random_bytes,2368142,16,caught,1,decode
8030,zeroed_run,964708,3947,caught,1,decode
8031,truncation,364280,4979868,caught,1,decode
8032,header,56,1,caught,1,decode
8033,payload,2368233,1,caught,1,decode
8034,bit_flip,916984,1,caught,1,decode
8035,random_bytes,168445,11,caught,1,decode
8036,zeroed_run,3661555,2817,caught,1,decode
8037,truncation,4075480,1268668,caught,1,decode
8038,header,17,1,caught,1,decode
8039,payload,2424581,1,caught,1,decode
8040,bit_flip,3896215,1,caught,1,decode
8041,random_bytes,646087,15,caught,1,decode
8042,zeroed_run,1076075,3190,caught,1,decode
8043,truncation,3691432,1652716,caught,1,decode
8044,header,58,1,caught,1,decode
8045,payload,2872195,1,caught,1,decode
8046,bit_flip,1175355,1,caught,1,decode
8047,random_bytes,3759779,2,caught,1,decode
8048,zeroed_run,3102871,3337,caught,1,decode
8049,truncation,3971635,1372513,caught,1,decode
8050,header,630,1,caught,1,decode
8051,payload,2805261,1,caught,1,decode
8052,bit_flip,2905884,1,caught,1,decode
8053,random_bytes,3456702,9,caught,1,decode
8054,zeroed_run,3408973,1567,caught,1,decode
8055,truncation,4133155,1210993,caught,1,decode
8056,header,180,1,caught,1,decode
8057,payload,342323,1,caught,1,decode
8058,bit_flip,3663329,1,caught,1,decode
8059,random_bytes,3903489,7,caught,1,decode
8060,zeroed_run,2795939,1316,caught,1,decode
8061,truncation,4793243,550905,caught,1,decode
8062,header,579,1,caught,1,decode
8063,payload,4585453,1,caught,1,decode
8064,bit_flip,1472280,1,caught,1,decode
8065,random_bytes,2196510,15,caught,1,decode
8066,zeroed_run,913825,1262,caught,1,decode
8067,truncation,5155622,188526,caught,1,decode
8068,header,173,1,caught,1,decode
8069,payload,40934,1,caught,1,decode
8070,bit_flip,1154133,1,caught,1,decode
8071,random_bytes,4552749,2,caught,1,decode
8072,zeroed_run,2086732,750,caught,1,decode
8073,truncation,1830078,3514070,caught,1,decode
8074,header,122,1,caught,1,decode
8075,payload,74939,1,caught,1,decode
8076,bit_flip,1450034,1,caught,1,decode
8077,random_bytes,3475615,15,caught,1,decode
8078,zeroed_run,4518461,1026,caught,1,decode
8079,truncation,1806435,3537713,caught,1,decode
8080,header,324,1,caught,1,decode
8081,payload,745916,1,caught,1,decode
8082,bit_flip,1532021,1,caught,1,decode
8083,random_bytes,4475110,5,caught,1,decode
8084,zeroed_run,2851762,1385,caught,1,decode
8085,truncation,4939449,404699,caught,1,decode
8086,header,326,1,caught,1,decode
8087,payload,3830505,1,caught,1,decode
8088,bit_flip,2840464,1,caught,1,decode
8089,random_bytes,2891253,7,caught,1,decode
8090,zeroed_run,4247011,1121,caught,1,decode
8091,truncation,4958678,385470,caught,1,decode
8092,header,206,1,caught,1,decode
8093,payload,1288714,1,caught,1,decode
8094,bit_flip,3162393,1,caught,1,decode
8095,random_bytes,2901494,8,caught,1,decode
8096,zeroed_run,2750248,3021,caught,1,decode
8097,truncation,3643401,1700747,caught,1,decode
8098,header,513,1,caught,1,decode
8099,payload,965362,1,caught,1,decode
8100,bit_flip,353836,1,caught,1,decode
8101,random_bytes,3253526,13,caught,1,decode
8102,zeroed_run,4811471,292,caught,1,decode
8103,truncation,4755971,588177,caught,1,decode
8104,header,208,1,caught,1,decode
8105,payload,5319873,1,caught,1,decode
8106,bit_flip,4682510,1,caught,1,decode
8107,random_bytes,4496899,7,caught,1,decode
8108,zeroed_run,868187,338,caught,1,decode
8109,truncation,1982306,3361842,caught,1,decode
8110,header,878,1,caught,1,decode
8111,payload,1416497,1,caught,1,decode
8112,bit_flip,1892378,1,caught,1,decode
8113,random_bytes,1511110,9,caught,1,decode
8114,zeroed_run,3679077,173,caught,1,decode
8115,truncation,5084209,259939,caught,1,decode
8116,header,613,1,caught,1,decode
8117,payload,1044370,1,caught,1,decode
8118,bit_flip,4746573,1,caught,1,decode
8119,random_bytes,1191107,7,caught,1,decode
8120,zeroed_run,5218675,3278,caught,1,decode
8121,truncation,802149,4541999,caught,1,decode
8122,header,278,1,caught,1,decode
8123,payload,5260509,1,caught,1,decode
8124,bit_flip,1049120,1,caught,1,decode
8125,random_bytes,2865933,11,caught,1,decode
8126,zeroed_run,2314779,90,caught,1,decode
8127,truncation,2736891,2607257,caught,1,decode
8128,header,1015,1,caught,1,decode
8129,payload,900119,1,caught,1,decode
8130,bit_flip,2325718,1,caught,1,decode
8131,random_bytes,4307341,10,caught,1,decode
8132,zeroed_run,4865616,2077,caught,1,decode
8133,truncation,5145652,198496,caught,1,decode
8134,header,29,1,caught,1,decode
8135,payload,4557490,1,caught,1,decode
8136,bit_flip,879929,1,caught,1,decode
8137,random_bytes,2124280,3,caught,1,decode
8138,zeroed_run,4221306,2525,caught,1,decode
8139,truncation,1035468,4308680,caught,1,decode
8140,header,343,1,caught,1,decode
8141,payload,2582668,1,caught,1,decode
8142,bit_flip,4249581,1,caught,1,decode
8143,random_bytes,3722567,1,caught,1,decode
8144,zeroed_run,4811376,3325,caught,1,decode
8145,truncation,4478171,865977,caught,1,decode
8146,header,702,1,caught,1,decode
8147,payload,5125048,1,caught,1,decode
8148,bit_flip,2373040,1,caught,1,decode
8149,random_bytes,2823362,8,caught,1,decode
8150,zeroed_run,596916,3166,caught,1,decode
8151,truncation,3506496,1837652,caught,1,decode
8152,header,844,1,caught,1,decode
8153,payload,3296942,1,caught,1,decode
8154,bit_flip,4364182,1,caught,1,decode
8155,random_bytes,3190212,7,caught,1,decode
8156,zeroed_run,4813041,1929,caught,1,decode
8157,truncation,4801709,542439,caught,1,decode
8158,header,599,1,caught,1,decode
8159,payload,5095328,1,caught,1,decode
8160,bit_flip,2855669,1,caught,1,decode
8161,random_bytes,2255134,11,caught,1,decode
8162,zeroed_run,2448486,3057,caught,1,decode
8163,truncation,1289639,4054509,caught,1,decode
8164,header,512,1,caught,1,decode
8165,payload,3255975,1,caught,1,decode
8166,bit_flip,3502575,1,caught,1,decode
8167,random_bytes,4201328,12,caught,1,decode
8168,zeroed_run,2342372,443,caught,1,decode
8169,truncation,476804,4867344,caught,1,decode
8170,header,654,1,caught,1,decode
8171,payload,1458447,1,caught,1,decode
8172,bit_flip,2704814,1,caught,1,decode
8173,random_bytes,3769606,8,caught,1,decode
8174,zeroed_run,2773386,1671,caught,1,decode
8175,truncation,196650,5147498,caught,1,decode
8176,header,85,1,caught,1,decode
8177,payload,2009470,1,caught,1,decode
8178,bit_flip,5304089,1,caught,1,decode
8179,random_bytes,2179827,2,caught,1,decode
8180,zeroed_run,2543104,2623,caught,1,decode
8181,truncation,222366,5121782,caught,1,decode
8182,header,884,1,caught,1,decode
8183,payload,1962329,1,caught,1,decode
8184,bit_flip,3329020,1,caught,1,decode
8185,random_bytes,2397522,11,caught,1,decode
8186,zeroed_run,2004161,1005,caught,1,decode
8187,truncation,3393398,1950750,caught,1,decode
8188,header,451,1,caught,1,decode
8189,payload,1393646,1,caught,1,decode
8190,bit_flip,3543422,1,caught,1,decode
8191,random_bytes,1563193,15,caught,1,decode
8192,zeroed_run,3262697,472,caught,1,decode
8193,truncation,3295217,2048931,caught,1,decode
8194,header,510,1,caught,1,decode
8195,payload,3889618,1,caught,1,decode
8196,bit_flip,903382,1,caught,1,decode
8197,random_bytes,2698921,12,caught,1,decode
8198,zeroed_run,1040085,459,caught,1,decode
8199,truncation,3813815,1530333,caught,1,decode
8200,header,111,1,caught,1,decode
8201,payload,1380172,1,caught,1,decode
8202,bit_flip,2387863,1,caught,1,decode
8203,random_bytes,4588022,8,caught,1,decode
8204,zeroed_run,5075073,820,caught,1,decode
8205,truncation,3832788,1511360,caught,1,decode
8206,header,319,1,caught,1,decode
8207,payload,83798,1,caught,1,decode
8208,bit_flip,4438214,1,caught,1,decode
8209,random_bytes,76378,14,caught,1,decode
8210,zeroed_run,4181421,3092,caught,1,decode
8211,truncation,3485435,1858713,caught,1,decode
8212,header,306,1,caught,1,decode
8213,payload,4807123,1,caught,1,decode
8214,bit_flip,3281050,1,caught,1,decode
8215,random_bytes,4043927,12,caught,1,decode
8216,zeroed_run,2757373,3779,caught,1,decode
8217,truncation,328524,5015624,caught,1,decode
8218,header,669,1,caught,1,decode
8219,payload,4773040,1,caught,1,decode
8220,bit_flip,820827,1,caught,1,decode
8221,random_bytes,211023,16,caught,1,decode
8222,zeroed_run,858018,3439,caught,1,decode
8223,truncation,1672088,3672060,caught,1,decode
8224,header,836,1,caught,1,decode
8225,payload,3348809,1,caught,1,decode
8226,bit_flip,2159911,1,caught,1,decode
8227,random_bytes,3455003,2,caught,1,decode
8228,zeroed_run,4645991,3481,caught,1,decode
8229,truncation,4608303,735845,caught,1,decode
8230,header,462,1,caught,1,decode
8231,payload,3686662,1,caught,1,decode
8232,bit_flip,4803498,1,caught,1,decode
8233,random_bytes,37588,11,caught,1,decode
8234,zeroed_run,337395,2282,caught,1,decode
8235,truncation,2774557,2569591,caught,1,decode
8236,header,0,1,caught,1,decode
8237,payload,3113722,1,caught,1,decode
8238,bit_flip,4820607,1,caught,1,decode
8239,random_bytes,3832492,6,caught,1,decode
8240,zeroed_run,3719569,2152,caught,1,decode
8241,truncation,4082098,1262050,caught,1,decode
8242,header,276,1,caught,1,decode
8243,payload,5128396,1,caught,1,decode
8244,bit_flip,1371916,1,caught,1,decode
8245,random_bytes,3581916,8,caught,1,decode
8246,zeroed_run,4767634,3730,caught,1,decode
8247,truncation,2749223,2594925,caught,1,decode
8248,header,983,1,caught,1,decode
8249,payload,1984349,1,caught,1,decode
8250,bit_flip,555409,1,caught,1,decode
8251,random_bytes,4551545,8,caught,1,decode
8252,zeroed_run,5032047,328,caught,1,decode
8253,truncation,1390795,3953353,caught,1,decode
8254,header,850,1,caught,1,decode
8255,payload,106923,1,caught,1,decode
8256,bit_flip,1459223,1,caught,1,decode
8257,random_bytes,1346003,12,caught,1,decode
8258,zeroed_run,4226406,1103,caught,1,decode
8259,truncation,4914099,430049,caught,1,decode
8260,header,75,1,caught,1,decode
8261,payload,22942,1,caught,1,decode
8262,bit_flip,1961950,1,caught,1,decode
8263,random_bytes,5306978,4,caught,1,decode
8264,zeroed_run,582451,3994,caught,1,decode
8265,truncation,5134378,209770,caught,1,decode
8266,header,862,1,caught,1,decode
8267,payload,4416069,1,caught,1,decode
8268,bit_flip,4412283,1,caught,1,decode
8269,random_bytes,3180493,15,caught,1,decode
8270,zeroed_run,2320609,3154,caught,1,decode
8271,truncation,4744055,600093,caught,1,decode
8272,header,624,1,caught,1,decode
8273,payload,1371195,1,caught,1,decode
8274,bit_flip,4920196,1,caught,1,decode
8275,random_bytes,2791698,15,caught,1,decode
8276,zeroed_run,3058986,148,caught,1,decode
8277,truncation,5263283,80865,caught,1,decode
8278,header,104,1,caught,1,decode
8279,payload,2211552,1,caught,1,decode
8280,bit_flip,114401,1,caught,1,decode
8281,random_bytes,1349047,12,caught,1,decode
8282,zeroed_run,1120181,3921,caught,1,decode
8283,truncation,4726403,617745,caught,1,decode
8284,header,568,1,caught,1,decode
8285,payload,725757,1,caught,1,decode
8286,bit_flip,189519,1,caught,1,decode
8287,random_bytes,3350629,12,caught,1,decode
8288,zeroed_run,1771212,358,caught,1,decode
8289,truncation,2740422,2603726,caught,1,decode
8290,header,401,1,caught,1,decode
8291,payload,1217661,1,caught,1,decode
8292,bit_flip,3164154,1,caught,1,decode
8293,random_bytes,1607514,15,caught,1,decode
8294,zeroed_run,4519169,1188,caught,1,decode
8295,truncation,5125903,218245,caught,1,decode
8296,header,232,1,caught,1,decode
8297,payload,1025726,1,caught,1,decode
8298,bit_flip,4024236,1,caught,1,decode
8299,random_bytes,4588293,14,caught,1,decode
8300,zeroed_run,3963066,1158,caught,1,decode
8301,truncation,2528602,2815546,caught,1,decode
8302,header,465,1,caught,1,decode
8303,payload,1148607,1,caught,1,decode
8304,bit_flip,1171535,1,caught,1,decode
8305,random_bytes,2237292,4,caught,1,decode
8306,zeroed_run,422303,4043,caught,1,decode
8307,truncation,1046169,4297979,caught,1,decode
8308,header,237,1,caught,1,decode
8309,payload,4269584,1,caught,1,decode
8310,bit_flip,1032557,1,caught,1,decode
8311,random_bytes,1240085,9,caught,1,decode
8312,zeroed_run,4086339,2718,caught,1,decode
8313,truncation,4258073,1086075,caught,1,decode
8314,header,676,1,caught,1,decode
8315,payload,5075121,1,caught,1,decode
8316,bit_flip,2392247,1,caught,1,decode
8317,random_bytes,944920,15,caught,1,decode
8318,zeroed_run,284371,815,caught,1,decode
8319,truncation,276820,5067328,caught,1,decode
8320,header,939,1,caught,1,decode
8321,payload,108916,1,caught,1,decode
8322,bit_flip,3766871,1,caught,1,decode
8323,random_bytes,1258370,12,caught,1,decode
8324,zeroed_run,4552459,1362,caught,1,decode
8325,truncation,3397582,1946566,caught,1,decode
8326,header,994,1,caught,1,decode
8327,payload,1152363,1,caught,1,decode
8328,bit_flip,1323719,1,caught,1,decode
8329,random_bytes,2160799,5,caught,1,decode
8330,zeroed_run,1052075,1685,caught,1,decode
8331,truncation,1003005,4341143,caught,1,decode
8332,header,336,1,caught,1,decode
8333,payload,2704697,1,caught,1,decode
8334,bit_flip,5342938,1,caught,1,decode
8335,random_bytes,921505,3,caught,1,decode
8336,zeroed_run,432013,3391,caught,1,decode
8337,truncation,2954927,2389221,caught,1,decode
8338,header,149,1,caught,1,decode
8339,payload,3446937,1,caught,1,decode
8340,bit_flip,5274028,1,caught,1,decode
8341,random_bytes,3507516,12,caught,1,decode
8342,zeroed_run,1263660,2252,caught,1,decode
8343,truncation,272482,5071666,caught,1,decode
8344,header,753,1,caught,1,decode
8345,payload,978394,1,caught,1,decode
8346,bit_flip,42904,1,caught,1,decode
8347,random_bytes,4793230,9,caught,1,decode
8348,zeroed_run,2940632,2981,caught,1,decode
8349,truncation,4828597,515551,caught,1,decode
8350,header,385,1,caught,1,decode
8351,payload,3883368,1,caught,1,decode
8352,bit_flip,1521611,1,caught,1,decode
8353,random_bytes,1134900,16,caught,1,decode
8354,zeroed_run,3990519,375,caught,1,decode
8355,truncation,248627,5095521,caught,1,decode
8356,header,425,1,caught,1,decode
8357,payload,1602217,1,caught,1,decode
8358,bit_flip,5072269,1,caught,1,decode
8359,random_bytes,816411,8,caught,1,decode
8360,zeroed_run,5319362,2993,caught,1,decode
8361,truncation,3618989,1725159,caught,1,decode
8362,header,762,1,caught,1,decode
8363,payload,2591585,1,caught,1,decode
8364,bit_flip,2462144,1,caught,1,decode
8365,random_bytes,3819151,4,caught,1,decode
8366,zeroed_run,928436,835,caught,1,decode
8367,truncation,1428387,3915761,caught,1,decode
8368,header,433,1,caught,1,decode
8369,payload,789250,1,caught,1,decode
8370,bit_flip,4983354,1,caught,1,decode
8371,random_bytes,2395060,15,caught,1,decode
8372,zeroed_run,138936,2594,caught,1,decode
8373,truncation,1268513,4075635,caught,1,decode
8374,header,659,1,caught,1,decode
8375,payload,4578764,1,caught,1,decode
8376,bit_flip,1257434,1,caught,1,decode
8377,random_bytes,568037,15,caught,1,decode
8378,zeroed_run,3091982,2310,caught,1,decode
8379,truncation,2644837,2699311,caught,1,decode
8380,header,932,1,caught,1,decode
8381,payload,646701,1,caught,1,decode
8382,bit_flip,2893442,1,caught,1,decode
8383,random_bytes,482599,5,caught,1,decode
8384,zeroed_run,1237802,825,caught,1,decode
8385,truncation,772416,4571732,caught,1,decode
8386,header,476,1,caught,1,decode
8387,payload,1588130,1,caught,1,decode
8388,bit_flip,136055,1,caught,1,decode
8389,random_bytes,756377,14,caught,1,decode
8390,zeroed_run,5261967,3007,caught,1,decode
8391,truncation,2971894,2372254,caught,1,decode
8392,header,196,1,caught,1,decode
8393,payload,2991249,1,caught,1,decode
8394,bit_flip,4419668,1,caught,1,decode
8395,random_bytes,4750278,2,caught,1,decode
8396,zeroed_run,3655569,2698,caught,1,decode
8397,truncation,409815,4934333,caught,1,decode
8398,header,951,1,caught,1,decode
8399,payload,843264,1,caught,1,decode
8400,bit_flip,2590201,1,caught,1,decode
8401,random_bytes,939112,8,caught,1,decode
8402,zeroed_run,1437699,3120,caught,1,decode
8403,truncation,4113571,1230577,caught,1,decode
8404,header,1014,1,caught,1,decode
8405,payload,2873026,1,caught,1,decode
8406,bit_flip,2516073,1,caught,1,decode
8407,random_bytes,4146892,10,caught,1,decode
8408,zeroed_run,1399806,451,caught,1,decode
8409,truncation,4113431,1230717,caught,1,decode
8410,header,562,1,caught,1,decode
8411,payload,667808,1,caught,1,decode
8412,bit_flip,1085897,1,caught,1,decode
8413,random_bytes,1808131,12,caught,1,decode
8414,zeroed_run,3008726,1777,caught,1,decode
8415,truncation,37450,5306698,caught,1,decode
8416,header,814,1,caught,1,decode
8417,payload,1940409,1,caught,1,decode
8418,bit_flip,1380193,1,caught,1,decode
8419,random_bytes,1380677,4,caught,1,decode
8420,zeroed_run,4594984,415,caught,1,decode
8421,truncation,4610564,733584,caught,1,decode
8422,header,183,1,caught,1,decode
8423,payload,4960227,1,caught,1,decode
8424,bit_flip,2213231,1,caught,1,decode
8425,random_bytes,4644229,4,caught,1,decode
8426,zeroed_run,2395987,2250,caught,1,decode
8427,truncation,3286951,2057197,caught,1,decode
8428,header,888,1,caught,1,decode
8429,payload,3947889,1,caught,1,decode
8430,bit_flip,1487998,1,caught,1,decode
8431,random_bytes,1609930,16,caught,1,decode
8432,zeroed_run,284552,2451,caught,1,decode
8433,truncation,1697361,3646787,caught,1,decode
8434,header,36,1,caught,1,decode
8435,payload,4920471,1,caught,1,decode
8436,bit_flip,3362250,1,caught,1,decode
8437,random_bytes,4276215,15,caught,1,decode
8438,zeroed_run,4439925,3091,caught,1,decode
8439,truncation,5093579,250569,caught,1,decode
8440,header,219,1,caught,1,decode
8441,payload,2051767,1,caught,1,decode
8442,bit_flip,2589154,1,caught,1,decode
8443,random_bytes,5336619,6,caught,1,decode
8444,zeroed_run,2169411,2665,caught,1,decode
8445,truncation,971022,4373126,caught,1,decode
8446,header,494,1,caught,1,decode
8447,payload,415254,1,caught,1,decode
8448,bit_flip,2150195,1,caught,1,decode
8449,random_bytes,3478679,2,caught,1,decode
8450,zeroed_run,3300315,2439,caught,1,decode
8451,truncation,4308482,1035666,caught,1,decode
8452,header,350,1,caught,1,decode
8453,payload,4592052,1,caught,1,decode
8454,bit_flip,4605842,1,caught,1,decode
8455,random_bytes,881762,4,caught,1,decode
8456,zeroed_run,3095074,1569,caught,1,decode
8457,truncation,2132922,3211226,caught,1,decode
8458,header,813,1,caught,1,decode
8459,payload,713296,1,caught,1,decode
8460,bit_flip,4386663,1,caught,1,decode
8461,random_bytes,4766,2,caught,1,decode
8462,zeroed_run,4046153,350,caught,1,decode
8463,truncation,3519477,1824671,caught,1,decode
8464,header,322,1,caught,1,decode
8465,payload,5107406,1,caught,1,decode
8466,bit_flip,4886827,1,caught,1,decode
8467,random_bytes,4618644,8,caught,1,decode
8468,zeroed_run,971802,1209,caught,1,decode
8469,truncation,3573348,1770800,caught,1,decode
8470,header,995,1,caught,1,decode
8471,payload,506574,1,caught,1,decode
8472,bit_flip,3159103,1,caught,1,decode
8473,random_bytes,1383890,4,caught,1,decode
8474,zeroed_run,1243369,660,caught,1,decode
8475,truncation,3754831,1589317,caught,1,decode
8476,header,823,1,caught,1,decode
8477,payload,600884,1,caught,1,decode
8478,bit_flip,2786626,1,caught,1,decode
8479,random_bytes,1453969,3,caught,1,decode
8480,zeroed_run,2384250,3933,caught,1,decode
8481,truncation,784392,4559756,caught,1,decode
8482,header,872,1,caught,1,decode
8483,payload,4734149,1,caught,1,decode
8484,bit_flip,1624772,1,caught,1,decode
8485,random_bytes,1855605,10,caught,1,decode
8486,zeroed_run,4670809,2515,caught,1,decode
8487,truncation,2511579,2832569,caught,1,decode
8488,header,428,1,caught,1,decode
8489,payload,2497494,1,caught,1,decode
8490,bit_flip,3616754,1,caught,1,decode
8491,random_bytes,3428056,2,caught,1,decode
8492,zeroed_run,3828957,2989,caught,1,decode
8493,truncation,4563890,780258,caught,1,decode
8494,header,297,1,caught,1,decode
8495,payload,542723,1,caught,1,decode
8496,bit_flip,1453233,1,caught,1,decode
8497,random_bytes,3547694,6,caught,1,decode
8498,zeroed_run,1401515,2145,caught,1,decode
8499,truncation,5059543,284605,caught,1,decode
8500,header,530,1,caught,1,decode
8501,payload,4489898,1,caught,1,decode
8502,bit_flip,3417543,1,caught,1,decode
8503,random_bytes,4917987,15,caught,1,decode
8504,zeroed_run,1396594,3731,caught,1,decode
8505,truncation,3907859,1436289,caught,1,decode
8506,header,1013,1,caught,1,decode
8507,payload,3299777,1,caught,1,decode
8508,bit_flip,871252,1,caught,1,decode
8509,random_bytes,586125,5,caught,1,decode
8510,zeroed_run,3353623,4040,caught,1,decode
8511,truncation,1365247,3978901,caught,1,decode
8512,header,362,1,caught,1,decode
8513,payload,3916479,1,caught,1,decode
8514,bit_flip,4146064,1,caught,1,decode
8515,random_bytes,968526,10,caught,1,decode
8516,zeroed_run,3179452,3439,caught,1,decode
8517,truncation,1055167,4288981,caught,1,decode
8518,header,148,1,caught,1,decode
8519,payload,1708807,1,caught,1,decode
8520,bit_flip,3578774,1,caught,1,decode
8521,random_bytes,4456026,3,caught,1,decode
8522,zeroed_run,1779928,4033,caught,1,decode
8523,truncation,3918835,1425313,caught,1,decode
8524,header,221,1,caught,1,decode
8525,payload,742840,1,caught,1,decode
8526,bit_flip,1945445,1,caught,1,decode
8527,random_bytes,3086291,7,caught,1,decode
8528,zeroed_run,4836444,2250,caught,1,decode
8529,truncation,989432,4354716,caught,1,decode
8530,header,465,1,caught,1,decode
8531,payload,741760,1,caught,1,decode
8532,bit_flip,3367250,1,caught,1,decode
8533,random_bytes,4905659,8,caught,1,decode
8534,zeroed_run,5117176,847,caught,1,decode
8535,truncation,3790652,1553496,caught,1,decode
8536,header,660,1,caught,1,decode
8537,payload,1111170,1,caught,1,decode
8538,bit_flip,2192021,1,caught,1,decode
8539,random_bytes,768113,14,caught,1,decode
8540,zeroed_run,3954277,1876,caught,1,decode
8541,truncation,4199293,1144855,caught,1,decode
8542,header,116,1,caught,1,decode
8543,payload,2350845,1,caught,1,decode
8544,bit_flip,969783,1,caught,1,decode
8545,random_bytes,1461751,2,caught,1,decode
8546,zeroed_run,1413004,1090,caught,1,decode
8547,truncation,3513235,1830913,caught,1,decode
8548,header,687,1,caught,1,decode
8549,payload,1668555,1,caught,1,decode
8550,bit_flip,1884432,1,caught,1,decode
8551,random_bytes,1069074,15,caught,1,decode
8552,zeroed_run,516665,3629,caught,1,decode
8553,truncation,1112486,4231662,caught,1,decode
8554,header,730,1,caught,1,decode
8555,payload,4125341,1,caught,1,decode
8556,bit_flip,4257451,1,caught,1,decode
8557,random_bytes,216676,10,caught,1,decode
8558,zeroed_run,1645332,3746,caught,1,decode
8559,truncation,4275496,1068652,caught,1,decode
8560,header,719,1,caught,1,decode
8561,payload,4181611,1,caught,1,decode
8562,bit_flip,3344680,1,caught,1,decode
8563,random_bytes,2033138,4,caught,1,decode
8564,zeroed_run,4115106,508,caught,1,decode
8565,truncation,2562943,2781205,caught,1,decode
8566,header,527,1,caught,1,decode
8567,payload,1640058,1,caught,1,decode
8568,bit_flip,691509,1,caught,1,decode
8569,random_bytes,1132165,15,caught,1,decode
8570,zeroed_run,5301538,588,caught,1,decode
8571,truncation,2506769,2837379,caught,1,decode
8572,header,855,1,caught,1,decode
8573,payload,4966507,1,caught,1,decode
8574,bit_flip,310038,1,caught,1,decode
8575,random_bytes,268206,3,caught,1,decode
8576,zeroed_run,4684426,1099,caught,1,decode
8577,truncation,2359618,2984530,caught,1,decode
8578,header,503,1,caught,1,decode
8579,payload,5190530,1,caught,1,decode
8580,bit_flip,3323333,1,caught,1,decode
8581,random_bytes,2551256,1,caught,1,decode
8582,zeroed_run,3492392,944,caught,1,decode
8583,truncation,2558426,2785722,caught,1,decode
8584,header,163,1,caught,1,decode
8585,payload,2168697,1,caught,1,decode
8586,bit_flip,1040486,1,caught,1,decode
8587,random_bytes,3215772,10,caught,1,decode
8588,zeroed_run,205292,396,caught,1,decode
8589,truncation,4330565,1013583,caught,1,decode
8590,header,227,1,caught,1,decode
8591,payload,1860239,1,caught,1,decode
8592,bit_flip,3029734,1,caught,1,decode
8593,random_bytes,4648837,14,caught,1,decode
8594,zeroed_run,5220170,3176,caught,1,decode
8595,truncation,660261,4683887,caught,1,decode
8596,header,450,1,caught,1,decode
8597,payload,3856459,1,caught,1,decode
8598,bit_flip,1234358,1,caught,1,decode
8599,random_bytes,5050263,4,caught,1,decode
8600,zeroed_run,750895,1255,caught,1,decode
8601,truncation,1967639,3376509,caught,1,decode
8602,header,595,1,caught,1,decode
8603,payload,1697641,1,caught,1,decode
8604,bit_flip,466926,1,caught,1,decode
8605,random_bytes,3900155,1,caught,1,decode
8606,zeroed_run,104206,1460,caught,1,decode
8607,truncation,4783072,561076,caught,1,decode
8608,header,972,1,caught,1,decode
8609,payload,2297176,1,caught,1,decode
8610,bit_flip,4551884,1,caught,1,decode
8611,random_bytes,3034433,15,caught,1,decode
8612,zeroed_run,1485209,1987,caught,1,decode
8613,truncation,479415,4864733,caught,1,decode
8614,header,975,1,caught,1,decode
8615,payload,1389841,1,caught,1,decode
8616,bit_flip,5039037,1,caught,1,decode
8617,random_bytes,618128,2,caught,1,decode
8618,zeroed_run,3827963,3055,caught,1,decode
8619,truncation,3439633,1904515,caught,1,decode
8620,header,32,1,caught,1,decode
8621,payload,814730,1,caught,1,decode
8622,bit_flip,4983743,1,caught,1,decode
8623,random_bytes,1320060,16,caught,1,decode
8624,zeroed_run,4165800,1413,caught,1,decode
8625,truncation,5154339,189809,caught,1,decode
8626,header,580,1,caught,1,decode
8627,payload,1173642,1,caught,1,decode
8628,bit_flip,2318006,1,caught,1,decode
8629,random_bytes,3959799,1,caught,1,decode
8630,zeroed_run,3346258,945,caught,1,decode
8631,truncation,4383961,960187,caught,1,decode
8632,header,519,1,caught,1,decode
8633,payload,4329488,1,caught,1,decode
8634,bit_flip,4805087,1,caught,1,decode
8635,random_bytes,748203,7,caught,1,decode
8636,zeroed_run,4774726,3381,caught,1,decode
8637,truncation,1101992,4242156,caught,1,decode
8638,header,507,1,caught,1,decode
8639,payload,1369765,1,caught,1,decode
8640,bit_flip,2495297,1,caught,1,decode
8641,random_bytes,2597270,5,caught,1,decode
8642,zeroed_run,2920398,526,caught,1,decode
8643,truncation,734366,4609782,caught,1,decode
8644,header,795,1,caught,1,decode
8645,payload,3305626,1,caught,1,decode
8646,bit_flip,2830524,1,caught,1,decode
8647,random_bytes,2062346,13,caught,1,decode
8648,zeroed_run,4443949,3106,caught,1,decode
8649,truncation,1481054,3863094,caught,1,decode
8650,header,186,1,caught,1,decode
8651,payload,1492111,1,caught,1,decode
8652,bit_flip,3940906,1,caught,1,decode
8653,random_bytes,426151,13,caught,1,decode
8654,zeroed_run,1325287,3933,caught,1,decode
8655,truncation,183228,5160920,caught,1,decode
8656,header,744,1,caught,1,decode
8657,payload,1512561,1,caught,1,decode
8658,bit_flip,1418304,1,caught,1,decode
8659,random_bytes,2832051,7,caught,1,decode
8660,zeroed_run,1766432,2480,caught,1,decode
8661,truncation,3905166,1438982,caught,1,decode
8662,header,816,1,caught,1,decode
8663,payload,3893731,1,caught,1,decode
8664,bit_flip,4024015,1,caught,1,decode
8665,random_bytes,1080558,13,caught,1,decode
8666,zeroed_run,291601,2844,caught,1,decode
8667,truncation,1016012,4328136,caught,1,decode
8668,header,130,1,caught,1,decode
8669,payload,4839387,1,caught,1,decode
8670,bit_flip,4383051,1,caught,1,decode
8671,random_bytes,2947136,6,caught,1,decode
8672,zeroed_run,815729,3986,caught,1,decode
8673,truncation,842931,4501217,caught,1,decode
8674,header,871,1,caught,1,decode
8675,payload,4140646,1,caught,1,decode
8676,bit_flip,1464564,1,caught,1,decode
8677,random_bytes,4232050,13,caught,1,decode
8678,zeroed_run,3461025,2460,caught,1,decode
8679,truncation,1132960,4211188,caught,1,decode
8680,header,448,1,caught,1,decode
8681,payload,1733194,1,caught,1,decode
8682,bit_flip,4509483,1,caught,1,decode
8683,random_bytes,1089990,9,caught,1,decode
8684,zeroed_run,1869053,1515,caught,1,decode
8685,truncation,2559658,2784490,caught,1,decode
8686,header,595,1,caught,1,decode
8687,payload,4373328,1,caught,1,decode
8688,bit_flip,5337899,1,caught,1,decode
8689,random_bytes,468528,13,caught,1,decode
8690,zeroed_run,1206848,2967,caught,1,decode
8691,truncation,452282,4891866,caught,1,decode
8692,header,252,1,caught,1,decode
8693,payload,2542459,1,caught,1,decode
8694,bit_flip,1393523,1,caught,1,decode
8695,random_bytes,1252521,6,caught,1,decode
8696,zeroed_run,3538132,3072,caught,1,decode
8697,truncation,4646418,697730,caught,1,decode
8698,header,340,1,caught,1,decode
8699,payload,14163,1,caught,1,decode
8700,bit_flip,251323,1,caught,1,decode
8701,random_bytes,1738450,15,caught,1,decode
8702,zeroed_run,1902127,2222,caught,1,decode
8703,truncation,1512173,3831975,caught,1,decode
8704,header,515,1,caught,1,decode
8705,payload,3516839,1,caught,1,decode
8706,bit_flip,5081863,1,caught,1,decode
8707,random_bytes,1757812,9,caught,1,decode
8708,zeroed_run,3271638,1944,caught,1,decode
8709,truncation,3134008,2210140,caught,1,decode
8710,header,968,1,caught,1,decode
8711,payload,3922733,1,caught,1,decode
8712,bit_flip,3990740,1,caught,1,decode
8713,random_bytes,478290,12,caught,1,decode
8714,zeroed_run,3499939,915,caught,1,decode
8715,truncation,1115925,4228223,caught,1,decode
8716,header,70,1,caught,1,decode
8717,payload,1564157,1,caught,1,decode
8718,bit_flip,2949239,1,caught,1,decode
8719,random_bytes,837303,6,caught,1,decode
8720,zeroed_run,3795274,1283,caught,1,decode
8721,truncation,3509468,1834680,caught,1,decode
8722,header,834,1,caught,1,decode
8723,payload,639230,1,caught,1,decode
8724,bit_flip,4262683,1,caught,1,decode
8725,random_bytes,3039849,6,caught,1,decode
8726,zeroed_run,1059619,2193,caught,1,decode
8727,truncation,1565843,3778305,caught,1,decode
8728,header,849,1,caught,1,decode
8729,payload,2694916,1,caught,1,decode
8730,bit_flip,4471251,1,caught,1,decode
8731,random_bytes,5316158,12,caught,1,decode
8732,zeroed_run,3115122,3960,caught,1,decode
8733,truncation,2572783,2771365,caught,1,decode
8734,header,1022,1,caught,1,decode
8735,payload,3781814,1,caught,1,decode
8736,bit_flip,1805132,1,caught,1,decode
8737,random_bytes,5085906,5,caught,1,decode
8738,zeroed_run,469317,2404,caught,1,decode
8739,truncation,5243545,100603,caught,1,decode
8740,header,767,1,caught,1,decode
8741,payload,3204057,1,caught,1,decode
8742,bit_flip,2121248,1,caught,1,decode
8743,random_bytes,4368138,15,caught,1,decode
8744,zeroed_run,634529,1874,caught,1,decode
8745,truncation,1617820,3726328,caught,1,decode
8746,header,523,1,caught,1,decode
8747,payload,4658387,1,caught,1,decode
8748,bit_flip,1456789,1,caught,1,decode
8749,random_bytes,592516,10,caught,1,decode
8750,zeroed_run,295062,1424,caught,1,decode
8751,truncation,1444987,3899161,caught,1,decode
8752,header,759,1,caught,1,decode
8753,payload,2716677,1,caught,1,decode
8754,bit_flip,2365971,1,caught,1,decode
8755,random_bytes,505238,12,caught,1,decode
8756,zeroed_run,5036919,3653,caught,1,decode
8757,truncation,1973883,3370265,caught,1,decode
8758,header,206,1,caught,1,decode
8759,payload,5039835,1,caught,1,decode
8760,bit_flip,3048543,1,caught,1,decode
8761,random_bytes,837999,16,caught,1,decode
8762,zeroed_run,940858,2957,caught,1,decode
8763,truncation,3015925,2328223,caught,1,decode
8764,header,381,1,caught,1,decode
8765,payload,3348378,1,caught,1,decode
8766,bit_flip,5073513,1,caught,1,decode
8767,random_bytes,3437549,1,caught,1,decode
8768,zeroed_run,2312319,3030,caught,1,decode
8769,truncation,2380460,2963688,caught,1,decode
8770,header,177,1,caught,1,decode
8771,payload,2063600,1,caught,1,decode
8772,bit_flip,2093501,1,caught,1,decode
8773,random_bytes,4091703,9,caught,1,decode
8774,zeroed_run,4819412,3941,caught,1,decode
8775,truncation,1587568,3756580,caught,1,decode
8776,header,281,1,caught,1,decode
8777,payload,1951455,1,caught,1,decode
8778,bit_flip,3918787,1,caught,1,decode
8779,random_bytes,4219020,2,caught,1,decode
8780,zeroed_run,4836729,1373,caught,1,decode
8781,truncation,1557848,3786300,caught,1,decode
8782,header,606,1,caught,1,decode
8783,payload,5091913,1,caught,1,decode
8784,bit_flip,872111,1,caught,1,decode
8785,random_bytes,862238,5,caught,1,decode
8786,zeroed_run,3055025,905,caught,1,decode
8787,truncation,1433610,3910538,caught,1,decode
8788,header,90,1,caught,1,decode
8789,payload,1221753,1,caught,1,decode
8790,bit_flip,830794,1,caught,1,decode
8791,random_bytes,4502493,14,caught,1,decode
8792,zeroed_run,5325595,941,caught,1,decode
8793,truncation,4768785,575363,caught,1,decode
8794,header,98,1,caught,1,decode
8795,payload,4069830,1,caught,1,decode
8796,bit_flip,4124285,1,caught,1,decode
8797,random_bytes,1481954,6,caught,1,decode
8798,zeroed_run,4034972,4031,caught,1,decode
8799,truncation,730635,4613513,caught,1,decode
8800,header,947,1,caught,1,decode
8801,payload,5198592,1,caught,1,decode
8802,bit_flip,3855706,1,caught,1,decode
8803,random_bytes,232449,15,caught,1,decode
8804,zeroed_run,1842097,2414,caught,1,decode
8805,truncation,532068,4812080,caught,1,decode
8806,header,789,1,caught,1,decode
8807,payload,3183906,1,caught,1,decode
8808,bit_flip,3987863,1,caught,1,decode
8809,random_bytes,4598696,7,caught,1,decode
8810,zeroed_run,1035113,776,caught,1,decode
8811,truncation,4131424,1212724,caught,1,decode
8812,header,979,1,caught,1,decode
8813,payload,3078167,1,caught,1,decode
8814,bit_flip,4031577,1,caught,1,decode
8815,random_bytes,4437246,3,caught,1,decode
8816,zeroed_run,320966,273,caught,1,decode
8817,truncation,3968036,1376112,caught,1,decode
8818,header,655,1,caught,1,decode
8819,payload,258528,1,caught,1,decode
8820,bit_flip,4057455,1,caught,1,decode
8821,random_bytes,5253326,2,caught,1,decode
8822,zeroed_run,5249468,1562,caught,1,decode
8823,truncation,1433043,3911105,caught,1,decode
8824,header,358,1,caught,1,decode
8825,payload,4444595,1,caught,1,decode
8826,bit_flip,1854827,1,caught,1,decode
8827,random_bytes,73212,16,caught,1,decode
8828,zeroed_run,347797,2045,caught,1,decode
8829,truncation,389645,4954503,caught,1,decode
8830,header,121,1,caught,1,decode
8831,payload,768664,1,caught,1,decode
8832,bit_flip,2256650,1,caught,1,decode
8833,random_bytes,4069295,3,caught,1,decode
8834,zeroed_run,114769,1037,caught,1,decode
8835,truncation,3953254,1390894,caught,1,decode
8836,header,605,1,caught,1,decode
8837,payload,3976668,1,caught,1,decode
8838,bit_flip,573325,1,caught,1,decode
8839,random_bytes,3081439,9,caught,1,decode
8840,zeroed_run,1460055,466,caught,1,decode
8841,truncation,2457889,2886259,caught,1,decode
8842,header,255,1,caught,1,decode
8843,payload,4246615,1,caught,1,decode
8844,bit_flip,3654998,1,caught,1,decode
8845,random_bytes,4028409,9,caught,1,decode
8846,zeroed_run,300211,1671,caught,1,decode
8847,truncation,1089353,4254795,caught,1,decode
8848,header,597,1,caught,1,decode
8849,payload,3606091,1,caught,1,decode
8850,bit_flip,266830,1,caught,1,decode
8851,random_bytes,4364148,6,caught,1,decode
8852,zeroed_run,2173404,3005,caught,1,decode
8853,truncation,4860573,483575,caught,1,decode
8854,header,535,1,caught,1,decode
8855,payload,935152,1,caught,1,decode
8856,bit_flip,734368,1,caught,1,decode
8857,random_bytes,1506036,6,caught,1,decode
8858,zeroed_run,1087838,2348,caught,1,decode
8859,truncation,3475732,1868416,caught,1,decode
8860,header,701,1,caught,1,decode
8861,payload,4529830,1,caught,1,decode
8862,bit_flip,4781614,1,caught,1,decode
8863,random_bytes,2386530,5,caught,1,decode
8864,zeroed_run,1963366,1731,caught,1,decode
8865,truncation,2991306,2352842,caught,1,decode
8866,header,912,1,caught,1,decode
8867,payload,574115,1,caught,1,decode
8868,bit_flip,454180,1,caught,1,decode
8869,random_bytes,2254615,13,caught,1,decode
8870,zeroed_run,3088713,582,caught,1,decode
8871,truncation,3480904,1863244,caught,1,decode
8872,header,1013,1,caught,1,decode
8873,payload,2754638,1,caught,1,decode
8874,bit_flip,588842,1,caught,1,decode
8875,random_bytes,4965976,11,caught,1,decode
8876,zeroed_run,3239567,141,caught,1,decode
8877,truncation,1169623,4174525,caught,1,decode
8878,header,60,1,caught,1,decode
8879,payload,4485034,1,caught,1,decode
8880,bit_flip,4133212,1,caught,1,decode
8881,random_bytes,2149106,11,caught,1,decode
8882,zeroed_run,2706154,2355,caught,1,decode
8883,truncation,4236796,1107352,caught,1,decode
8884,header,524,1,caught,1,decode
8885,payload,1156279,1,caught,1,decode
8886,bit_flip,685543,1,caught,1,decode
8887,random_bytes,3957381,1,caught,1,decode
8888,zeroed_run,1212710,713,caught,1,decode
8889,truncation,1719293,3624855,caught,1,decode
8890,header,510,1,caught,1,decode
8891,payload,4059239,1,caught,1,decode
8892,bit_flip,3615089,1,caught,1,decode
8893,random_bytes,4580813,9,caught,1,decode
8894,zeroed_run,4768216,3958,caught,1,decode
8895,truncation,4674529,669619,caught,1,decode
8896,header,735,1,caught,1,decode
8897,payload,459998,1,caught,1,decode
8898,bit_flip,3015610,1,caught,1,decode
8899,random_bytes,3031426,1,caught,1,decode
8900,zeroed_run,432539,1875,caught,1,decode
8901,truncation,3607079,1737069,caught,1,decode
8902,header,1005,1,caught,1,decode
8903,payload,692939,1,caught,1,decode
8904,bit_flip,2838511,1,caught,1,decode
8905,random_bytes,439723,9,caught,1,decode
8906,zeroed_run,3695834,1457,caught,1,decode
8907,truncation,5214434,129714,caught,1,decode
8908,header,882,1,caught,1,decode
8909,payload,356272,1,caught,1,decode
8910,bit_flip,2693193,1,caught,1,decode
8911,random_bytes,4286446,12,caught,1,decode
8912,zeroed_run,2879576,1978,caught,1,decode
8913,truncation,3993512,1350636,caught,1,decode
8914,header,776,1,caught,1,decode
8915,payload,4509020,1,caught,1,decode
8916,bit_flip,2141521,1,caught,1,decode
8917,random_bytes,4296826,4,caught,1,decode
8918,zeroed_run,902831,3701,caught,1,decode
8919,truncation,435718,4908430,caught,1,decode
8920,header,636,1,caught,1,decode
8921,payload,2089063,1,caught,1,decode
8922,bit_flip,4667914,1,caught,1,decode
8923,random_bytes,5251334,13,caught,1,decode
8924,zeroed_run,3647175,800,caught,1,decode
8925,truncation,3399420,1944728,caught,1,decode
8926,header,390,1,caught,1,decode
8927,payload,4905200,1,caught,1,decode
8928,bit_flip,767844,1,caught,1,decode
8929,random_bytes,1610377,12,caught,1,decode
8930,zeroed_run,4754093,104,caught,1,decode
8931,truncation,2253247,3090901,caught,1,decode
8932,header,469,1,caught,1,decode
8933,payload,3317523,1,caught,1,decode
8934,bit_flip,3030730,1,caught,1,decode
8935,random_bytes,1580844,12,caught,1,decode
8936,zeroed_run,2386718,4023,caught,1,decode
8937,truncation,2118360,3225788,caught,1,decode
8938,header,693,1,caught,1,decode
8939,payload,533939,1,caught,1,decode
8940,bit_flip,1991534,1,caught,1,decode
8941,random_bytes,48731,1,caught,1,decode
8942,zeroed_run,5131952,251,caught,1,decode
8943,truncation,2228006,3116142,caught,1,decode
8944,header,303,1,caught,1,decode
8945,payload,4813004,1,caught,1,decode
8946,bit_flip,1624873,1,caught,1,decode
8947,random_bytes,2082488,5,caught,1,decode
8948,zeroed_run,1887473,2622,caught,1,decode
8949,truncation,4793701,550447,caught,1,decode
8950,header,138,1,caught,1,decode
8951,payload,4546385,1,caught,1,decode
8952,bit_flip,1543491,1,caught,1,decode
8953,random_bytes,4789042,1,caught,1,decode
8954,zeroed_run,3414024,3845,caught,1,decode
8955,truncation,4062544,1281604,caught,1,decode
8956,header,984,1,caught,1,decode
8957,payload,1651051,1,caught,1,decode
8958,bit_flip,1331583,1,caught,1,decode
8959,random_bytes,1273378,2,caught,1,decode
8960,zeroed_run,369022,3609,caught,1,decode
8961,truncation,4440175,903973,caught,1,decode
8962,header,736,1,caught,1,decode
8963,payload,2786387,1,caught,1,decode
8964,bit_flip,3684844,1,caught,1,decode
8965,random_bytes,479794,2,caught,1,decode
8966,zeroed_run,5221374,1401,caught,1,decode
8967,truncation,4745353,598795,caught,1,decode
8968,header,475,1,caught,1,decode
8969,payload,1815262,1,caught,1,decode
8970,bit_flip,1507900,1,caught,1,decode
8971,random_bytes,4672638,3,caught,1,decode
8972,zeroed_run,917865,3316,caught,1,decode
8973,truncation,2014658,3329490,caught,1,decode
8974,header,355,1,caught,1,decode
8975,payload,4825596,1,caught,1,decode
8976,bit_flip,4632594,1,caught,1,decode
8977,random_bytes,1397478,2,caught,1,decode
8978,zeroed_run,1637682,2046,caught,1,decode
8979,truncation,2271703,3072445,caught,1,decode
8980,header,653,1,caught,1,decode
8981,payload,3993613,1,caught,1,decode
8982,bit_flip,4193456,1,caught,1,decode
8983,random_bytes,4073490,15,caught,1,decode
8984,zeroed_run,4367540,2050,caught,1,decode
8985,truncation,4315304,1028844,caught,1,decode
8986,header,25,1,caught,1,decode
8987,payload,1727676,1,caught,1,decode
8988,bit_flip,120702,1,caught,1,decode
8989,random_bytes,2122350,2,caught,1,decode
8990,zeroed_run,3141595,3075,caught,1,decode
8991,truncation,4778034,566114,caught,1,decode
8992,header,191,1,caught,1,decode
8993,payload,1140114,1,caught,1,decode
8994,bit_flip,4456277,1,caught,1,decode
8995,random_bytes,4683787,8,caught,1,decode
8996,zeroed_run,4005076,3921,caught,1,decode
8997,truncation,2981587,2362561,caught,1,decode
8998,header,877,1,caught,1,decode
8999,payload,4737794,1,caught,1,decode
9000,bit_flip,963832,1,caught,1,decode
9001,random_bytes,2268660,8,caught,1,decode
9002,zeroed_run,594749,239,caught,1,decode
9003,truncation,3724119,1620029,caught,1,decode
9004,header,594,1,caught,1,decode
9005,payload,2225722,1,caught,1,decode
9006,bit_flip,4787033,1,caught,1,decode
9007,random_bytes,2473505,8,caught,1,decode
9008,zeroed_run,4709847,156,caught,1,decode
9009,truncation,540163,4803985,caught,1,decode
9010,header,917,1,caught,1,decode
9011,payload,2947815,1,caught,1,decode
9012,bit_flip,1915719,1,caught,1,decode
9013,random_bytes,3691068,13,caught,1,decode
9014,zeroed_run,2152458,674,caught,1,decode
9015,truncation,2286603,3057545,caught,1,decode
9016,header,812,1,caught,1,decode
9017,payload,2804302,1,caught,1,decode
9018,bit_flip,3642742,1,caught,1,decode
9019,random_bytes,936783,1,caught,1,decode
9020,zeroed_run,3680795,2494,caught,1,decode
9021,truncation,344248,4999900,caught,1,decode
9022,header,479,1,caught,1,decode
9023,payload,2226033,1,caught,1,decode
9024,bit_flip,1005095,1,caught,1,decode
9025,random_bytes,4546000,8,caught,1,decode
9026,zeroed_run,138670,2706,caught,1,decode
9027,truncation,1190946,4153202,caught,1,decode
9028,header,732,1,caught,1,decode
9029,payload,3055139,1,caught,1,decode
9030,bit_flip,3960335,1,caught,1,decode
9031,random_bytes,5095287,5,caught,1,decode
9032,zeroed_run,2250030,2252,caught,1,decode
9033,truncation,5187823,156325,caught,1,decode
9034,header,130,1,caught,1,decode
9035,payload,2676844,1,caught,1,decode
9036,bit_flip,5225042,1,caught,1,decode
9037,random_bytes,2059687,11,caught,1,decode
9038,zeroed_run,2335319,1233,caught,1,decode
9039,truncation,3656121,1688027,caught,1,decode
9040,header,2,1,caught,1,decode
9041,payload,4426576,1,caught,1,decode
9042,bit_flip,2081500,1,caught,1,decode
9043,random_bytes,1977027,16,caught,1,decode
9044,zeroed_run,1567394,1611,caught,1,decode
9045,truncation,2632068,2712080,caught,1,decode
9046,header,740,1,caught,1,decode
9047,payload,1400086,1,caught,1,decode
9048,bit_flip,4640303,1,caught,1,decode
9049,random_bytes,4566971,7,caught,1,decode
9050,zeroed_run,1047237,686,caught,1,decode
9051,truncation,2691742,2652406,caught,1,decode
9052,header,525,1,caught,1,decode
9053,payload,51950,1,caught,1,decode
9054,bit_flip,3907052,1,caught,1,decode
9055,random_bytes,73197,6,caught,1,decode
9056,zeroed_run,2875705,2254,caught,1,decode
9057,truncation,2066746,3277402,caught,1,decode
9058,header,291,1,caught,1,decode
9059,payload,5272363,1,caught,1,decode
9060,bit_flip,3778761,1,caught,1,decode
9061,random_bytes,4350575,9,caught,1,decode
9062,zeroed_run,5184466,1723,caught,1,decode
9063,truncation,2273881,3070267,caught,1,decode
9064,header,412,1,caught,1,decode
9065,payload,2440000,1,caught,1,decode
9066,bit_flip,1843479,1,caught,1,decode
9067,random_bytes,4575407,12,caught,1,decode
9068,zeroed_run,3198738,1626,caught,1,decode
9069,truncation,779456,4564692,caught,1,decode
9070,header,735,1,caught,1,decode
9071,payload,1345967,1,caught,1,decode
9072,bit_flip,2087958,1,caught,1,decode
9073,random_bytes,5054467,2,caught,1,decode
9074,zeroed_run,4761637,1126,caught,1,decode
9075,truncation,5210444,133704,caught,1,decode
9076,header,886,1,caught,1,decode
9077,payload,2504650,1,caught,1,decode
9078,bit_flip,1776750,1,caught,1,decode
9079,random_bytes,3789809,7,caught,1,decode
9080,zeroed_run,3415253,2770,caught,1,decode
9081,truncation,684972,4659176,caught,1,decode
9082,header,937,1,caught,1,decode
9083,payload,1139077,1,caught,1,decode
9084,bit_flip,2527270,1,caught,1,decode
9085,random_bytes,1375504,11,caught,1,decode
9086,zeroed_run,1739972,2447,caught,1,decode
9087,truncation,5279209,64939,caught,1,decode
9088,header,186,1,caught,1,decode
9089,payload,44898,1,caught,1,decode
9090,bit_flip,5118165,1,caught,1,decode
9091,random_bytes,2230973,9,caught,1,decode
9092,zeroed_run,4454233,372,caught,1,decode
9093,truncation,368474,4975674,caught,1,decode
9094,header,963,1,caught,1,decode
9095,payload,1553734,1,caught,1,decode
9096,bit_flip,3107953,1,caught,1,decode
9097,random_bytes,1670327,12,caught,1,decode
9098,zeroed_run,2869800,3092,caught,1,decode
9099,truncation,3515202,1828946,caught,1,decode
9100,header,713,1,caught,1,decode
9101,payload,1292939,1,caught,1,decode
9102,bit_flip,802820,1,caught,1,decode
9103,random_bytes,2762674,13,caught,1,decode
9104,zeroed_run,4790820,1289,caught,1,decode
9105,truncation,2665532,2678616,caught,1,decode
9106,header,708,1,caught,1,decode
9107,payload,4514516,1,caught,1,decode
9108,bit_flip,3116266,1,caught,1,decode
9109,random_bytes,1582599,8,caught,1,decode
9110,zeroed_run,1637678,2639,caught,1,decode
9111,truncation,4481933,862215,caught,1,decode
9112,header,121,1,caught,1,decode
9113,payload,4162683,1,caught,1,decode
9114,bit_flip,1552274,1,caught,1,decode
9115,random_bytes,5053156,9,caught,1,decode
9116,zeroed_run,717131,825,caught,1,decode
9117,truncation,2617916,2726232,caught,1,decode
9118,header,344,1,caught,1,decode
9119,payload,4959134,1,caught,1,decode
9120,bit_flip,4402103,1,caught,1,decode
9121,random_bytes,279307,9,caught,1,decode
9122,zeroed_run,428735,2778,caught,1,decode
9123,truncation,930112,4414036,caught,1,decode
9124,header,130,1,caught,1,decode
9125,payload,159264,1,caught,1,decode
9126,bit_flip,3989356,1,caught,1,decode
9127,random_bytes,436186,7,caught,1,decode
9128,zeroed_run,573469,4076,caught,1,decode
9129,truncation,2399832,2944316,caught,1,decode
9130,header,168,1,caught,1,decode
9131,payload,1186839,1,caught,1,decode
9132,bit_flip,4476510,1,caught,1,decode
9133,random_bytes,996171,7,caught,1,decode
9134,zeroed_run,3884662,285,caught,1,decode
9135,truncation,647619,4696529,caught,1,decode
9136,header,916,1,caught,1,decode
9137,payload,3223123,1,caught,1,decode
9138,bit_flip,3922004,1,caught,1,decode
9139,random_bytes,1549744,8,caught,1,decode
9140,zeroed_run,570183,1630,caught,1,decode
9141,truncation,1596432,3747716,caught,1,decode
9142,header,31,1,caught,1,decode
9143,payload,1960940,1,caught,1,decode
9144,bit_flip,5280977,1,caught,1,decode
9145,random_bytes,4362569,2,caught,1,decode
9146,zeroed_run,4271503,3397,caught,1,decode
9147,truncation,506039,4838109,caught,1,decode
9148,header,626,1,caught,1,decode
9149,payload,3801503,1,caught,1,decode
9150,bit_flip,771705,1,caught,1,decode
9151,random_bytes,3969000,13,caught,1,decode
9152,zeroed_run,3112768,1898,caught,1,decode
9153,truncation,941720,4402428,caught,1,decode
9154,header,492,1,caught,1,decode
9155,payload,5048547,1,caught,1,decode
9156,bit_flip,3059958,1,caught,1,decode
9157,random_bytes,3513204,11,caught,1,decode
9158,zeroed_run,978712,3601,caught,1,decode
9159,truncation,229680,5114468,caught,1,decode
9160,header,501,1,caught,1,decode
9161,payload,2317404,1,caught,1,decode
9162,bit_flip,1997288,1,caught,1,decode
9163,random_bytes,3740864,5,caught,1,decode
9164,zeroed_run,2797525,597,caught,1,decode
9165,truncation,634497,4709651,caught,1,decode
9166,header,824,1,caught,1,decode
9167,payload,4518327,1,caught,1,decode
9168,bit_flip,5331709,1,caught,1,decode
9169,random_bytes,2787155,8,caught,1,decode
9170,zeroed_run,151973,1225,caught,1,decode
9171,truncation,1006055,4338093,caught,1,decode
9172,header,25,1,caught,1,decode
9173,payload,5201658,1,caught,1,decode
9174,bit_flip,4871970,1,caught,1,decode
9175,random_bytes,3554282,12,caught,1,decode
9176,zeroed_run,3801663,897,caught,1,decode
9177,truncation,1553661,3790487,caught,1,decode
9178,header,340,1,caught,1,decode
9179,payload,3186836,1,caught,1,decode
9180,bit_flip,749490,1,caught,1,decode
9181,random_bytes,265884,12,caught,1,decode
9182,zeroed_run,3815838,1609,caught,1,decode
9183,truncation,4065545,1278603,caught,1,decode
9184,header,962,1,caught,1,decode
9185,payload,3834449,1,caught,1,decode
9186,bit_flip,2273794,1,caught,1,decode
9187,random_bytes,4721482,14,caught,1,decode
9188,zeroed_run,1325364,1848,caught,1,decode
9189,truncation,1170185,4173963,caught,1,decode
9190,header,492,1,caught,1,decode
9191,payload,647463,1,caught,1,decode
9192,bit_flip,3807998,1,caught,1,decode
9193,random_bytes,2239630,7,caught,1,decode
9194,zeroed_run,290436,1166,caught,1,decode
9195,truncation,732510,4611638,caught,1,decode
9196,header,681,1,caught,1,decode
9197,payload,1077089,1,caught,1,decode
9198,bit_flip,2497429,1,caught,1,decode
9199,random_bytes,2193562,9,caught,1,decode
9200,zeroed_run,2706265,4053,caught,1,decode
9201,truncation,2990152,2353996,caught,1,decode
9202,header,284,1,caught,1,decode
9203,payload,197905,1,caught,1,decode
9204,bit_flip,799521,1,caught,1,decode
9205,random_bytes,3405467,10,caught,1,decode
9206,zeroed_run,1958762,1718,caught,1,decode
9207,truncation,3694140,1650008,caught,1,decode
9208,header,82,1,caught,1,decode
9209,payload,3542241,1,caught,1,decode
9210,bit_flip,5209066,1,caught,1,decode
9211,random_bytes,2132931,14,caught,1,decode
9212,zeroed_run,4465893,1035,caught,1,decode
9213,truncation,4197217,1146931,caught,1,decode
9214,header,1002,1,caught,1,decode
9215,payload,2153721,1,caught,1,decode
9216,bit_flip,2318882,1,caught,1,decode
9217,random_bytes,1121197,7,caught,1,decode
9218,zeroed_run,3412001,751,caught,1,decode
9219,truncation,4227824,1116324,caught,1,decode
9220,header,691,1,caught,1,decode
9221,payload,5174708,1,caught,1,decode
9222,bit_flip,454542,1,caught,1,decode
9223,random_bytes,410012,15,caught,1,decode
9224,zeroed_run,3461317,229,caught,1,decode
9225,truncation,1372537,3971611,caught,1,decode
9226,header,440,1,caught,1,decode
9227,payload,4255252,1,caught,1,decode
9228,bit_flip,4064023,1,caught,1,decode
9229,random_bytes,5194429,3,caught,1,decode
9230,zeroed_run,4101903,3650,caught,1,decode
9231,truncation,3680833,1663315,caught,1,decode
9232,header,947,1,caught,1,decode
9233,payload,2019710,1,caught,1,decode
9234,bit_flip,1498813,1,caught,1,decode
9235,random_bytes,4928987,1,caught,1,decode
9236,zeroed_run,2727393,248,caught,1,decode
9237,truncation,4553977,790171,caught,1,decode
9238,header,331,1,caught,1,decode
9239,payload,2648311,1,caught,1,decode
9240,bit_flip,4956274,1,caught,1,decode
9241,random_bytes,4798941,13,caught,1,decode
9242,zeroed_run,1180410,4026,caught,1,decode
9243,truncation,2940054,2404094,caught,1,decode
9244,header,805,1,caught,1,decode
9245,payload,4586955,1,caught,1,decode
9246,bit_flip,4779810,1,caught,1,decode
9247,random_bytes,1933204,13,caught,1,decode
9248,zeroed_run,4888120,2679,caught,1,decode
9249,truncation,3442102,1902046,caught,1,decode
9250,header,825,1,caught,1,decode
9251,payload,5053258,1,caught,1,decode
9252,bit_flip,665475,1,caught,1,decode
9253,random_bytes,3318410,2,caught,1,decode
9254,zeroed_run,2446955,1449,caught,1,decode
9255,truncation,4183779,1160369,caught,1,decode
9256,header,270,1,caught,1,decode
9257,payload,417674,1,caught,1,decode
9258,bit_flip,865965,1,caught,1,decode
9259,random_bytes,3806758,3,caught,1,decode
9260,zeroed_run,2121081,482,caught,1,decode
9261,truncation,4355450,988698,caught,1,decode
9262,header,518,1,caught,1,decode
9263,payload,108751,1,caught,1,decode
9264,bit_flip,5223778,1,caught,1,decode
9265,random_bytes,3482250,16,caught,1,decode
9266,zeroed_run,2601979,3387,caught,1,decode
9267,truncation,2016170,3327978,caught,1,decode
9268,header,677,1,caught,1,decode
9269,payload,4383533,1,caught,1,decode
9270,bit_flip,682922,1,caught,1,decode
9271,random_bytes,2463404,8,caught,1,decode
9272,zeroed_run,1102477,3514,caught,1,decode
9273,truncation,3077567,2266581,caught,1,decode
9274,header,132,1,caught,1,decode
9275,payload,2237816,1,caught,1,decode
9276,bit_flip,2387116,1,caught,1,decode
9277,random_bytes,4835343,9,caught,1,decode
9278,zeroed_run,2514262,1682,caught,1,decode
9279,truncation,576373,4767775,caught,1,decode
9280,header,626,1,caught,1,decode
9281,payload,1441309,1,caught,1,decode
9282,bit_flip,3869020,1,caught,1,decode
9283,random_bytes,4042550,4,caught,1,decode
9284,zeroed_run,3523084,2734,caught,1,decode
9285,truncation,2421357,2922791,caught,1,decode
9286,header,962,1,caught,1,decode
9287,payload,967112,1,caught,1,decode
9288,bit_flip,3231406,1,caught,1,decode
9289,random_bytes,3658026,10,caught,1,decode
9290,zeroed_run,2146838,2003,caught,1,decode
9291,truncation,4232406,1111742,caught,1,decode
9292,header,582,1,caught,1,decode
9293,payload,2745950,1,caught,1,decode
9294,bit_flip,2730509,1,caught,1,decode
9295,random_bytes,2522264,9,caught,1,decode
9296,zeroed_run,3747117,3633,caught,1,decode
9297,truncation,2842107,2502041,caught,1,decode
9298,header,618,1,caught,1,decode
9299,payload,1475836,1,caught,1,decode
9300,bit_flip,1824987,1,caught,1,decode
9301,random_bytes,2153045,15,caught,1,decode
9302,zeroed_run,4354515,121,caught,1,decode
9303,truncation,5109939,234209,caught,1,decode
9304,header,256,1,caught,1,decode
9305,payload,2048598,1,caught,1,decode
9306,bit_flip,3287109,1,caught,1,decode
9307,random_bytes,4716064,11,caught,1,decode
9308,zeroed_run,1228450,2544,caught,1,decode
9309,truncation,3616859,1727289,caught,1,decode
9310,header,270,1,caught,1,decode
9311,payload,3095751,1,caught,1,decode
9312,bit_flip,2723250,1,caught,1,decode
9313,random_bytes,1706302,11,caught,1,decode
9314,zeroed_run,1132088,3497,caught,1,decode
9315,truncation,4668227,675921,caught,1,decode
9316,header,52,1,caught,1,decode
9317,payload,1280731,1,caught,1,decode
9318,bit_flip,3176548,1,caught,1,decode
9319,random_bytes,2418075,16,caught,1,decode
9320,zeroed_run,1850908,3508,caught,1,decode
9321,truncation,3554149,1789999,caught,1,decode
9322,header,690,1,caught,1,decode
9323,payload,3512641,1,caught,1,decode
9324,bit_flip,3235712,1,caught,1,decode
9325,random_bytes,5099789,13,caught,1,decode
9326,zeroed_run,3522161,1470,caught,1,decode
9327,truncation,4586043,758105,caught,1,decode
9328,header,856,1,caught,1,decode
9329,payload,4363178,1,caught,1,decode
9330,bit_flip,694569,1,caught,1,decode
9331,random_bytes,4233393,9,caught,1,decode
9332,zeroed_run,2785019,1264,caught,1,decode
9333,truncation,3426463,1917685,caught,1,decode
9334,header,50,1,caught,1,decode
9335,payload,2925793,1,caught,1,decode
9336,bit_flip,341116,1,caught,1,decode
9337,random_bytes,3325674,10,caught,1,decode
9338,zeroed_run,2292978,2600,caught,1,decode
9339,truncation,1029953,4314195,caught,1,decode
9340,header,712,1,caught,1,decode
9341,payload,4537998,1,caught,1,decode
9342,bit_flip,5223154,1,caught,1,decode
9343,random_bytes,2652023,10,caught,1,decode
9344,zeroed_run,2446728,496,caught,1,decode
9345,truncation,1185833,4158315,caught,1,decode
9346,header,324,1,caught,1,decode
9347,payload,2045953,1,caught,1,decode
9348,bit_flip,2435781,1,caught,1,decode
9349,random_bytes,1054276,10,caught,1,decode
9350,zeroed_run,2709660,3565,caught,1,decode
9351,truncation,270596,5073552,caught,1,decode
9352,header,170,1,caught,1,decode
9353,payload,3204307,1,caught,1,decode
9354,bit_flip,3038348,1,caught,1,decode
9355,random_bytes,4886890,15,caught,1,decode
9356,zeroed_run,2040744,958,caught,1,decode
9357,truncation,1315230,4028918,caught,1,decode
9358,header,680,1,caught,1,decode
9359,payload,881719,1,caught,1,decode
9360,bit_flip,896517,1,caught,1,decode
9361,random_bytes,3849635,4,caught,1,decode
9362,zeroed_run,1766364,1166,caught,1,decode
9363,truncation,3804639,1539509,caught,1,decode
9364,header,17,1,caught,1,decode
9365,payload,3191217,1,caught,1,decode
9366,bit_flip,4360192,1,caught,1,decode
9367,random_bytes,3245639,12,caught,1,decode
9368,zeroed_run,3543392,1431,caught,1,decode
9369,truncation,2042199,3301949,caught,1,decode
9370,header,951,1,caught,1,decode
9371,payload,4212480,1,caught,1,decode
9372,bit_flip,313222,1,caught,1,decode
9373,random_bytes,2525733,15,caught,1,decode
9374,zeroed_run,4385348,3022,caught,1,decode
9375,truncation,3609911,1734237,caught,1,decode
9376,header,467,1,caught,1,decode
9377,payload,1789250,1,caught,1,decode
9378,bit_flip,1241673,1,caught,1,decode
9379,random_bytes,854338,2,caught,1,decode
9380,zeroed_run,600922,3497,caught,1,decode
9381,truncation,4925635,418513,caught,1,decode
9382,header,965,1,caught,1,decode
9383,payload,3593342,1,caught,1,decode
9384,bit_flip,1678915,1,caught,1,decode
9385,random_bytes,4414260,14,caught,1,decode
9386,zeroed_run,476989,3258,caught,1,decode
9387,truncation,349373,4994775,caught,1,decode
9388,header,161,1,caught,1,decode
9389,payload,4455230,1,caught,1,decode
9390,bit_flip,1938474,1,caught,1,decode
9391,random_bytes,2709401,11,caught,1,decode
9392,zeroed_run,353665,2309,caught,1,decode
9393,truncation,335793,5008355,caught,1,decode
9394,header,673,1,caught,1,decode
9395,payload,108392,1,caught,1,decode
9396,bit_flip,2616338,1,caught,1,decode
9397,random_bytes,4791772,6,caught,1,decode
9398,zeroed_run,5069121,2444,caught,1,decode
9399,truncation,4688533,655615,caught,1,decode
9400,header,488,1,caught,1,decode
9401,payload,250613,1,caught,1,decode
9402,bit_flip,4103144,1,caught,1,decode
9403,random_bytes,5243273,10,caught,1,decode
9404,zeroed_run,1248800,720,caught,1,decode
9405,truncation,5182432,161716,caught,1,decode
9406,header,784,1,caught,1,decode
9407,payload,818014,1,caught,1,decode
9408,bit_flip,2909128,1,caught,1,decode
9409,random_bytes,2724019,2,caught,1,decode
9410,zeroed_run,557602,1792,caught,1,decode
9411,truncation,4653760,690388,caught,1,decode
9412,header,589,1,caught,1,decode
9413,payload,600124,1,caught,1,decode
9414,bit_flip,3603099,1,caught,1,decode
9415,random_bytes,4202244,11,caught,1,decode
9416,zeroed_run,2407330,3908,caught,1,decode
9417,truncation,1031713,4312435,caught,1,decode
9418,header,642,1,caught,1,decode
9419,payload,1636916,1,caught,1,decode
9420,bit_flip,1115705,1,caught,1,decode
9421,random_bytes,378147,10,caught,1,decode
9422,zeroed_run,5053099,183,caught,1,decode
9423,truncation,1411995,3932153,caught,1,decode
9424,header,458,1,caught,1,decode
9425,payload,4044830,1,caught,1,decode
9426,bit_flip,1455216,1,caught,1,decode
9427,random_bytes,1212428,16,caught,1,decode
9428,zeroed_run,895627,528,caught,1,decode
9429,truncation,2610931,2733217,caught,1,decode
9430,header,180,1,caught,1,decode
9431,payload,220026,1,caught,1,decode
9432,bit_flip,4619716,1,caught,1,decode
9433,random_bytes,2494566,12,caught,1,decode
9434,zeroed_run,5004756,3720,caught,1,decode
9435,truncation,3950724,1393424,caught,1,decode
9436,header,996,1,caught,1,decode
9437,payload,4812743,1,caught,1,decode
9438,bit_flip,3084945,1,caught,1,decode
9439,random_bytes,568093,16,caught,1,decode
9440,zeroed_run,961502,2617,caught,1,decode
9441,truncation,4235764,1108384,caught,1,decode
9442,header,693,1,caught,1,decode
9443,payload,1234058,1,caught,1,decode
9444,bit_flip,769274,1,caught,1,decode
9445,random_bytes,125084,13,caught,1,decode
9446,zeroed_run,4367947,2088,caught,1,decode
9447,truncation,2992595,2351553,caught,1,decode
9448,header,353,1,caught,1,decode
9449,payload,4407969,1,caught,1,decode
9450,bit_flip,2405473,1,caught,1,decode
9451,random_bytes,2620093,3,caught,1,decode
9452,zeroed_run,595196,775,caught,1,decode
9453,truncation,3942855,1401293,caught,1,decode
9454,header,253,1,caught,1,decode
9455,payload,184914,1,caught,1,decode
9456,bit_flip,263377,1,caught,1,decode
9457,random_bytes,5131643,7,caught,1,decode
9458,zeroed_run,1163197,1372,caught,1,decode
9459,truncation,4312185,1031963,caught,1,decode
9460,header,625,1,caught,1,decode
9461,payload,2500195,1,caught,1,decode
9462,bit_flip,1960356,1,caught,1,decode
9463,random_bytes,199959,7,caught,1,decode
9464,zeroed_run,5050249,2635,caught,1,decode
9465,truncation,4812543,531605,caught,1,decode
9466,header,316,1,caught,1,decode
9467,payload,3004404,1,caught,1,decode
9468,bit_flip,871078,1,caught,1,decode
9469,random_bytes,4491568,8,caught,1,decode
9470,zeroed_run,410481,586,caught,1,decode
9471,truncation,2182348,3161800,caught,1,decode
9472,header,322,1,caught,1,decode
9473,payload,2593476,1,caught,1,decode
9474,bit_flip,3667009,1,caught,1,decode
9475,random_bytes,1154261,7,caught,1,decode
9476,zeroed_run,1466822,2045,caught,1,decode
9477,truncation,2891391,2452757,caught,1,decode
9478,header,525,1,caught,1,decode
9479,payload,2950949,1,caught,1,decode
9480,bit_flip,1022071,1,caught,1,decode
9481,random_bytes,2824749,10,caught,1,decode
9482,zeroed_run,1368768,175,caught,1,decode
9483,truncation,2917512,2426636,caught,1,decode
9484,header,509,1,caught,1,decode
9485,payload,945950,1,caught,1,decode
9486,bit_flip,4754606,1,caught,1,decode
9487,random_bytes,833179,9,caught,1,decode
9488,zeroed_run,4618679,4059,caught,1,decode
9489,truncation,864234,4479914,caught,1,decode
9490,header,153,1,caught,1,decode
9491,payload,2376251,1,caught,1,decode
9492,bit_flip,238871,1,caught,1,decode
9493,random_bytes,3762477,1,caught,1,decode
9494,zeroed_run,2753275,1653,caught,1,decode
9495,truncation,1469603,3874545,caught,1,decode
9496,header,302,1,caught,1,decode
9497,payload,148064,1,caught,1,decode
9498,bit_flip,1984661,1,caught,1,decode
9499,random_bytes,1761230,13,caught,1,decode
9500,zeroed_run,1748879,3236,caught,1,decode
9501,truncation,2779354,2564794,caught,1,decode
9502,header,306,1,caught,1,decode
9503,payload,169649,1,caught,1,decode
9504,bit_flip,2309630,1,caught,1,decode
9505,random_bytes,2986860,11,caught,1,decode
9506,zeroed_run,531043,2797,caught,1,decode
9507,truncation,4830956,513192,caught,1,decode
9508,header,287,1,caught,1,decode
9509,payload,249362,1,caught,1,decode
9510,bit_flip,2263118,1,caught,1,decode
9511,random_bytes,2691846,3,caught,1,decode
9512,zeroed_run,4849209,2612,caught,1,decode
9513,truncation,366381,4977767,caught,1,decode
9514,header,739,1,caught,1,decode
9515,payload,3217966,1,caught,1,decode
9516,bit_flip,4964341,1,caught,1,decode
9517,random_bytes,1171754,4,caught,1,decode
9518,zeroed_run,5331682,1983,caught,1,decode
9519,truncation,3135459,2208689,caught,1,decode
9520,header,73,1,caught,1,decode
9521,payload,575004,1,caught,1,decode
9522,bit_flip,1180617,1,caught,1,decode
9523,random_bytes,4177250,3,caught,1,decode
9524,zeroed_run,316155,3145,caught,1,decode
9525,truncation,1595965,3748183,caught,1,decode
9526,header,762,1,caught,1,decode
9527,payload,1338336,1,caught,1,decode
9528,bit_flip,746585,1,caught,1,decode
9529,random_bytes,3106603,4,caught,1,decode
9530,zeroed_run,4714339,3767,caught,1,decode
9531,truncation,2845788,2498360,caught,1,decode
9532,header,475,1,caught,1,decode
9533,payload,4946576,1,caught,1,decode
9534,bit_flip,990984,1,caught,1,decode
9535,random_bytes,3721411,8,caught,1,decode
9536,zeroed_run,1284535,3388,caught,1,decode
9537,truncation,4349875,994273,caught,1,decode
9538,header,441,1,caught,1,decode
9539,payload,3055690,1,caught,1,decode
9540,bit_flip,2196902,1,caught,1,decode
9541,random_bytes,2167740,5,caught,1,decode
9542,zeroed_run,4113173,3506,caught,1,decode
9543,truncation,2975285,2368863,caught,1,decode
9544,header,408,1,caught,1,decode
9545,payload,3590138,1,caught,1,decode
9546,bit_flip,1840694,1,caught,1,decode
9547,random_bytes,250334,9,caught,1,decode
9548,zeroed_run,3963759,1834,caught,1,decode
9549,truncation,4747147,597001,caught,1,decode
9550,header,6,1,harmless,0,decode
9551,payload,4270090,1,caught,1,decode
9552,bit_flip,4324762,1,caught,1,decode
9553,random_bytes,2092049,3,caught,1,decode
9554,zeroed_run,3212706,293,caught,1,decode
9555,truncation,810168,4533980,caught,1,decode
9556,header,884,1,caught,1,decode
9557,payload,2368014,1,caught,1,decode
9558,bit_flip,2111250,1,caught,1,decode
9559,random_bytes,4005371,12,caught,1,decode
9560,zeroed_run,562134,3271,caught,1,decode
9561,truncation,2945030,2399118,caught,1,decode
9562,header,153,1,caught,1,decode
9563,payload,3165637,1,caught,1,decode
9564,bit_flip,1745525,1,caught,1,decode
9565,random_bytes,3867034,2,caught,1,decode
9566,zeroed_run,2971263,2062,caught,1,decode
9567,truncation,2280247,3063901,caught,1,decode
9568,header,541,1,caught,1,decode
9569,payload,3369453,1,caught,1,decode
9570,bit_flip,3591030,1,caught,1,decode
9571,random_bytes,3149208,16,caught,1,decode
9572,zeroed_run,3423753,310,caught,1,decode
9573,truncation,846065,4498083,caught,1,decode
9574,header,599,1,caught,1,decode
9575,payload,3357806,1,caught,1,decode
9576,bit_flip,1119039,1,caught,1,decode
9577,random_bytes,5298477,1,caught,1,decode
9578,zeroed_run,699240,170,caught,1,decode
9579,truncation,4910206,433942,caught,1,decode
9580,header,841,1,caught,1,decode
9581,payload,4529547,1,caught,1,decode
9582,bit_flip,1625395,1,caught,1,decode
9583,random_bytes,2651673,15,caught,1,decode
9584,zeroed_run,2510675,980,caught,1,decode
9585,truncation,1781741,3562407,caught,1,decode
9586,header,240,1,caught,1,decode
9587,payload,5217230,1,caught,1,decode
9588,bit_flip,3231116,1,caught,1,decode
9589,random_bytes,2592,4,caught,1,decode
9590,zeroed_run,4983405,4049,caught,1,decode
9591,truncation,3881803,1462345,caught,1,decode
9592,header,365,1,caught,1,decode
9593,payload,4690805,1,caught,1,decode
9594,bit_flip,1388908,1,caught,1,decode
9595,random_bytes,3902996,10,caught,1,decode
9596,zeroed_run,925421,3661,caught,1,decode
9597,truncation,1230434,4113714,caught,1,decode
9598,header,396,1,caught,1,decode
9599,payload,3983824,1,caught,1,decode
9600,bit_flip,63412,1,caught,1,decode
9601,random_bytes,3474006,2,caught,1,decode
9602,zeroed_run,1752525,3899,caught,1,decode
9603,truncation,3651622,1692526,caught,1,decode
9604,header,938,1,caught,1,decode
9605,payload,4036669,1,caught,1,decode
9606,bit_flip,3143996,1,caught,1,decode
9607,random_bytes,2450872,2,caught,1,decode
9608,zeroed_run,118103,3780,caught,1,decode
9609,truncation,340705,5003443,caught,1,decode
9610,header,883,1,caught,1,decode
9611,payload,5250376,1,caught,1,decode
9612,bit_flip,4260953,1,caught,1,decode
9613,random_bytes,1724427,8,caught,1,decode
9614,zeroed_run,3909281,3560,caught,1,decode
9615,truncation,1279306,4064842,caught,1,decode
9616,header,629,1,caught,1,decode
9617,payload,621938,1,caught,1,decode
9618,bit_flip,2068129,1,caught,1,decode
9619,random_bytes,256180,3,caught,1,decode
9620,zeroed_run,4477396,3997,caught,1,decode
9621,truncation,5202215,141933,caught,1,decode
9622,header,533,1,caught,1,decode
9623,payload,4106030,1,caught,1,decode
9624,bit_flip,3413358,1,caught,1,decode
9625,random_bytes,593897,16,caught,1,decode
9626,zeroed_run,978565,1681,caught,1,decode
9627,truncation,4142562,1201586,caught,1,decode
9628,header,179,1,caught,1,decode
9629,payload,3446416,1,caught,1,decode
9630,bit_flip,593095,1,caught,1,decode
9631,random_bytes,1524507,1,caught,1,decode
9632,zeroed_run,3364045,2370,caught,1,decode
9633,truncation,67310,5276838,caught,1,decode
9634,header,720,1,caught,1,decode
9635,payload,1466843,1,caught,1,decode
9636,bit_flip,1646782,1,caught,1,decode
9637,random_bytes,4654855,8,caught,1,decode
9638,zeroed_run,4164023,3176,caught,1,decode
9639,truncation,3817375,1526773,caught,1,decode
9640,header,518,1,caught,1,decode
9641,payload,3215163,1,caught,1,decode
9642,bit_flip,2510917,1,caught,1,decode
9643,random_bytes,4322403,7,caught,1,decode
9644,zeroed_run,5092115,41,caught,1,decode
9645,truncation,46986,5297162,caught,1,decode
9646,header,392,1,caught,1,decode
9647,payload,1116881,1,caught,1,decode
9648,bit_flip,1484535,1,caught,1,decode
9649,random_bytes,4778299,7,caught,1,decode
9650,zeroed_run,5299299,729,caught,1,decode
9651,truncation,3886862,1457286,caught,1,decode
9652,header,605,1,caught,1,decode
9653,payload,2811626,1,caught,1,decode
9654,bit_flip,2143083,1,caught,1,decode
9655,random_bytes,2133687,2,caught,1,decode
9656,zeroed_run,4919259,2581,caught,1,decode
9657,truncation,1913379,3430769,caught,1,decode
9658,header,515,1,caught,1,decode
9659,payload,4758937,1,caught,1,decode
9660,bit_flip,303837,1,caught,1,decode
9661,random_bytes,5220279,13,caught,1,decode
9662,zeroed_run,1334648,1775,caught,1,decode
9663,truncation,2042087,3302061,caught,1,decode
9664,header,443,1,caught,1,decode
9665,payload,5190636,1,caught,1,decode
9666,bit_flip,4685111,1,caught,1,decode
9667,random_bytes,1875483,7,caught,1,decode
9668,zeroed_run,3735622,2598,caught,1,decode
9669,truncation,1499883,3844265,caught,1,decode
9670,header,199,1,caught,1,decode
9671,payload,5210723,1,caught,1,decode
9672,bit_flip,2298814,1,caught,1,decode
9673,random_bytes,2267388,14,caught,1,decode
9674,zeroed_run,4854183,133,caught,1,decode
9675,truncation,109568,5234580,caught,1,decode
9676,header,745,1,caught,1,decode
9677,payload,3010266,1,caught,1,decode
9678,bit_flip,3217033,1,caught,1,decode
9679,random_bytes,681476,12,caught,1,decode
9680,zeroed_run,3805465,2185,caught,1,decode
9681,truncation,1219621,4124527,caught,1,decode
9682,header,332,1,caught,1,decode
9683,payload,1312850,1,caught,1,decode
9684,bit_flip,4269783,1,caught,1,decode
9685,random_bytes,1683814,9,caught,1,decode
9686,zeroed_run,2931896,781,caught,1,decode
9687,truncation,1578306,3765842,caught,1,decode
9688,header,980,1,caught,1,decode
9689,payload,3759204,1,caught,1,decode
9690,bit_flip,4772964,1,caught,1,decode
9691,random_bytes,156249,4,caught,1,decode
9692,zeroed_run,2767832,2174,caught,1,decode
9693,truncation,2609106,2735042,caught,1,decode
9694,header,785,1,caught,1,decode
9695,payload,669585,1,caught,1,decode
9696,bit_flip,922213,1,caught,1,decode
9697,random_bytes,4524760,6,caught,1,decode
9698,zeroed_run,4507657,578,caught,1,decode
9699,truncation,1080627,4263521,caught,1,decode
9700,header,417,1,caught,1,decode
9701,payload,2363199,1,caught,1,decode
9702,bit_flip,3965962,1,caught,1,decode
9703,random_bytes,2670711,11,caught,1,decode
9704,zeroed_run,1081666,859,caught,1,decode
9705,truncation,4427162,916986,caught,1,decode
9706,header,713,1,caught,1,decode
9707,payload,4827075,1,caught,1,decode
9708,bit_flip,2154490,1,caught,1,decode
9709,random_bytes,2003781,4,caught,1,decode
9710,zeroed_run,129196,3765,caught,1,decode
9711,truncation,3579135,1765013,caught,1,decode
9712,header,915,1,caught,1,decode
9713,payload,3349432,1,caught,1,decode
9714,bit_flip,4076617,1,caught,1,decode
9715,random_bytes,3874142,15,caught,1,decode
9716,zeroed_run,79429,3103,caught,1,decode
9717,truncation,2116450,3227698,caught,1,decode
9718,header,435,1,caught,1,decode
9719,payload,4157032,1,caught,1,decode
9720,bit_flip,3578596,1,caught,1,decode
9721,random_bytes,1425525,14,caught,1,decode
9722,zeroed_run,2184011,488,caught,1,decode
9723,truncation,4946041,398107,caught,1,decode
9724,header,202,1,caught,1,decode
9725,payload,4864584,1,caught,1,decode
9726,bit_flip,3699267,1,caught,1,decode
9727,random_bytes,3666244,11,caught,1,decode
9728,zeroed_run,1948318,2870,caught,1,decode
9729,truncation,238722,5105426,caught,1,decode
9730,header,362,1,caught,1,decode
9731,payload,2689859,1,caught,1,decode
9732,bit_flip,3421409,1,caught,1,decode
9733,random_bytes,3319840,15,caught,1,decode
9734,zeroed_run,2025878,149,caught,1,decode
9735,truncation,1918438,3425710,caught,1,decode
9736,header,105,1,caught,1,decode
9737,payload,1969848,1,caught,1,decode
9738,bit_flip,5208757,1,caught,1,decode
9739,random_bytes,794830,3,caught,1,decode
9740,zeroed_run,4621578,3131,caught,1,decode
9741,truncation,3129201,2214947,caught,1,decode
9742,header,429,1,caught,1,decode
9743,payload,4927998,1,caught,1,decode
9744,bit_flip,3935644,1,caught,1,decode
9745,random_bytes,695603,6,caught,1,decode
9746,zeroed_run,1293676,3200,caught,1,decode
9747,truncation,3395241,1948907,caught,1,decode
9748,header,333,1,caught,1,decode
9749,payload,3923497,1,caught,1,decode
9750,bit_flip,3036546,1,caught,1,decode
9751,random_bytes,166226,11,caught,1,decode
9752,zeroed_run,2972717,2989,caught,1,decode
9753,truncation,4957246,386902,caught,1,decode
9754,header,766,1,caught,1,decode
9755,payload,3049059,1,caught,1,decode
9756,bit_flip,3926779,1,caught,1,decode
9757,random_bytes,4116446,8,caught,1,decode
9758,zeroed_run,955791,3967,caught,1,decode
9759,truncation,2341536,3002612,caught,1,decode
9760,header,494,1,caught,1,decode
9761,payload,5102711,1,caught,1,decode
9762,bit_flip,4685070,1,caught,1,decode
9763,random_bytes,5083333,10,caught,1,decode
9764,zeroed_run,1893002,3032,caught,1,decode
9765,truncation,1282570,4061578,caught,1,decode
9766,header,644,1,caught,1,decode
9767,payload,4172589,1,caught,1,decode
9768,bit_flip,1952951,1,caught,1,decode
9769,random_bytes,4956403,9,caught,1,decode
9770,zeroed_run,1164647,1745,caught,1,decode
9771,truncation,2353689,2990459,caught,1,decode
9772,header,504,1,caught,1,decode
9773,payload,4963818,1,caught,1,decode
9774,bit_flip,4233117,1,caught,1,decode
9775,random_bytes,2093082,7,caught,1,decode
9776,zeroed_run,1523921,399,caught,1,decode
9777,truncation,4647683,696465,caught,1,decode
9778,header,952,1,caught,1,decode
9779,payload,1526279,1,caught,1,decode
9780,bit_flip,4664431,1,caught,1,decode
9781,random_bytes,3771192,2,caught,1,decode
9782,zeroed_run,768381,1085,caught,1,decode
9783,truncation,2717055,2627093,caught,1,decode
9784,header,761,1,caught,1,decode
9785,payload,3047190,1,caught,1,decode
9786,bit_flip,4976600,1,caught,1,decode
9787,random_bytes,4582594,10,caught,1,decode
9788,zeroed_run,2682550,3030,caught,1,decode
9789,truncation,5200284,143864,caught,1,decode
9790,header,40,1,caught,1,decode
9791,payload,1806019,1,caught,1,decode
9792,bit_flip,4716896,1,caught,1,decode
9793,random_bytes,503362,9,caught,1,decode
9794,zeroed_run,1367566,2197,caught,1,decode
9795,truncation,4218246,1125902,caught,1,decode
9796,header,11,1,caught,1,decode
9797,payload,2328911,1,harmless,0,decode
9798,bit_flip,2409298,1,caught,1,decode
9799,random_bytes,2250658,11,caught,1,decode
9800,zeroed_run,2238143,2308,caught,1,decode
9801,truncation,3860761,1483387,caught,1,decode
9802,header,1017,1,caught,1,decode
9803,payload,50506,1,caught,1,decode
9804,bit_flip,4793251,1,caught,1,decode
9805,random_bytes,3826214,12,caught,1,decode
9806,zeroed_run,5290745,486,caught,1,decode
9807,truncation,2760362,2583786,caught,1,decode
9808,header,416,1,caught,1,decode
9809,payload,879822,1,caught,1,decode
9810,bit_flip,4319131,1,caught,1,decode
9811,random_bytes,2798968,5,caught,1,decode
9812,zeroed_run,2428797,272,caught,1,decode
9813,truncation,2333495,3010653,caught,1,decode
9814,header,817,1,caught,1,decode
9815,payload,124197,1,caught,1,decode
9816,bit_flip,1657347,1,caught,1,decode
9817,random_bytes,4875819,12,caught,1,decode
9818,zeroed_run,2721508,3264,caught,1,decode
9819,truncation,4497928,846220,caught,1,decode
9820,header,725,1,caught,1,decode
9821,payload,3214056,1,caught,1,decode
9822,bit_flip,61907,1,caught,1,decode
9823,random_bytes,4971742,11,caught,1,decode
9824,zeroed_run,2948639,3864,caught,1,decode
9825,truncation,2620720,2723428,caught,1,decode
9826,header,233,1,caught,1,decode
9827,payload,3307520,1,caught,1,decode
9828,bit_flip,5018725,1,caught,1,decode
9829,random_bytes,234516,10,caught,1,decode
9830,zeroed_run,3156766,1862,caught,1,decode
9831,truncation,3138134,2206014,caught,1,decode
9832,header,760,1,caught,1,decode
9833,payload,347724,1,caught,1,decode
9834,bit_flip,3839508,1,caught,1,decode
9835,random_bytes,1087631,13,caught,1,decode
9836,zeroed_run,134177,3006,caught,1,decode
9837,truncation,4298499,1045649,caught,1,decode
9838,header,48,1,caught,1,decode
9839,payload,5237667,1,caught,1,decode
9840,bit_flip,1823226,1,caught,1,decode
9841,random_bytes,3314104,6,caught,1,decode
9842,zeroed_run,5145376,200,caught,1,decode
9843,truncation,237398,5106750,caught,1,decode
9844,header,841,1,caught,1,decode
9845,payload,2935459,1,caught,1,decode
9846,bit_flip,3537965,1,caught,1,decode
9847,random_bytes,704896,13,caught,1,decode
9848,zeroed_run,3931115,2243,caught,1,decode
9849,truncation,2446447,2897701,caught,1,decode
9850,header,966,1,caught,1,decode
9851,payload,475881,1,caught,1,decode
9852,bit_flip,1168454,1,caught,1,decode
9853,random_bytes,2916328,3,caught,1,decode
9854,zeroed_run,2075202,767,caught,1,decode
9855,truncation,2228433,3115715,caught,1,decode
9856,header,770,1,caught,1,decode
9857,payload,2453285,1,caught,1,decode
9858,bit_flip,4428245,1,caught,1,decode
9859,random_bytes,2093380,13,caught,1,decode
9860,zeroed_run,767530,3637,caught,1,decode
9861,truncation,4236183,1107965,caught,1,decode
9862,header,210,1,caught,1,decode
9863,payload,3387078,1,caught,1,decode
9864,bit_flip,2600163,1,caught,1,decode
9865,random_bytes,2241179,6,caught,1,decode
9866,zeroed_run,1323817,2134,caught,1,decode
9867,truncation,4484220,859928,caught,1,decode
9868,header,841,1,caught,1,decode
9869,payload,3047873,1,caught,1,decode
9870,bit_flip,3931799,1,caught,1,decode
9871,random_bytes,4008991,4,caught,1,decode
9872,zeroed_run,2325147,3266,caught,1,decode
9873,truncation,61648,5282500,caught,1,decode
9874,header,1,1,caught,1,decode
9875,payload,4591545,1,caught,1,decode
9876,bit_flip,37670,1,caught,1,decode
9877,random_bytes,1137174,13,caught,1,decode
9878,zeroed_run,2982877,992,caught,1,decode
9879,truncation,5313018,31130,caught,1,decode
9880,header,792,1,caught,1,decode
9881,payload,2786401,1,caught,1,decode
9882,bit_flip,2342854,1,caught,1,decode
9883,random_bytes,730394,13,caught,1,decode
9884,zeroed_run,1941772,3475,caught,1,decode
9885,truncation,2052983,3291165,caught,1,decode
9886,header,821,1,caught,1,decode
9887,payload,4233623,1,caught,1,decode
9888,bit_flip,2446872,1,caught,1,decode
9889,random_bytes,4709296,10,caught,1,decode
9890,zeroed_run,3060425,96,caught,1,decode
9891,truncation,113417,5230731,caught,1,decode
9892,header,600,1,caught,1,decode
9893,payload,3005510,1,caught,1,decode
9894,bit_flip,2309732,1,caught,1,decode
9895,random_bytes,2563483,10,caught,1,decode
9896,zeroed_run,4197379,611,caught,1,decode
9897,truncation,1472854,3871294,caught,1,decode
9898,header,95,1,caught,1,decode
9899,payload,4485349,1,caught,1,decode
9900,bit_flip,432157,1,caught,1,decode
9901,random_bytes,2868048,6,caught,1,decode
9902,zeroed_run,2400967,2691,caught,1,decode
9903,truncation,3725981,1618167,caught,1,decode
9904,header,664,1,caught,1,decode
9905,payload,2719807,1,caught,1,decode
9906,bit_flip,3990152,1,caught,1,decode
9907,random_bytes,8295,5,caught,1,decode
9908,zeroed_run,3676443,3825,caught,1,decode
9909,truncation,3887826,1456322,caught,1,decode
9910,header,724,1,caught,1,decode
9911,payload,254969,1,caught,1,decode
9912,bit_flip,5234591,1,caught,1,decode
9913,random_bytes,4850527,1,caught,1,decode
9914,zeroed_run,3002288,1263,caught,1,decode
9915,truncation,1304039,4040109,caught,1,decode
9916,header,101,1,caught,1,decode
9917,payload,2684831,1,caught,1,decode
9918,bit_flip,1418448,1,caught,1,decode
9919,random_bytes,4924008,6,caught,1,decode
9920,zeroed_run,1812151,2371,caught,1,decode
9921,truncation,2019777,3324371,caught,1,decode
9922,header,436,1,caught,1,decode
9923,payload,2445971,1,caught,1,decode
9924,bit_flip,1659784,1,caught,1,decode
9925,random_bytes,3016715,1,caught,1,decode
9926,zeroed_run,4917009,3833,caught,1,decode
9927,truncation,3687258,1656890,caught,1,decode
9928,header,360,1,caught,1,decode
9929,payload,4680698,1,caught,1,decode
9930,bit_flip,2006372,1,caught,1,decode
9931,random_bytes,5058382,13,caught,1,decode
9932,zeroed_run,3110799,527,caught,1,decode
9933,truncation,3050235,2293913,caught,1,decode
9934,header,933,1,caught,1,decode
9935,payload,4540828,1,caught,1,decode
9936,bit_flip,854451,1,caught,1,decode
9937,random_bytes,1454916,15,caught,1,decode
9938,zeroed_run,5226364,390,caught,1,decode
9939,truncation,4319218,1024930,caught,1,decode
9940,header,864,1,caught,1,decode
9941,payload,2467832,1,caught,1,decode
9942,bit_flip,409431,1,caught,1,decode
9943,random_bytes,3408206,2,caught,1,decode
9944,zeroed_run,1186925,1866,caught,1,decode
9945,truncation,1789837,3554311,caught,1,decode
9946,header,690,1,caught,1,decode
9947,payload,3962135,1,caught,1,decode
9948,bit_flip,47859,1,caught,1,decode
9949,random_bytes,2044258,10,caught,1,decode
9950,zeroed_run,3224922,3531,caught,1,decode
9951,truncation,198955,5145193,caught,1,decode
9952,header,1009,1,caught,1,decode
9953,payload,1674810,1,caught,1,decode
9954,bit_flip,5009623,1,caught,1,decode
9955,random_bytes,350337,6,caught,1,decode
9956,zeroed_run,2537619,3329,caught,1,decode
9957,truncation,1450536,3893612,caught,1,decode
9958,header,756,1,caught,1,decode
9959,payload,2125980,1,caught,1,decode
9960,bit_flip,665972,1,caught,1,decode
9961,random_bytes,4801839,8,caught,1,decode
9962,zeroed_run,3432577,1391,caught,1,decode
9963,truncation,189549,5154599,caught,1,decode
9964,header,328,1,caught,1,decode
9965,payload,1084938,1,caught,1,decode
9966,bit_flip,1953722,1,caught,1,decode
9967,random_bytes,1342457,6,caught,1,decode
9968,zeroed_run,1196152,3545,caught,1,decode
9969,truncation,3306822,2037326,caught,1,decode
9970,header,314,1,caught,1,decode
9971,payload,1174030,1,caught,1,decode
9972,bit_flip,4794670,1,caught,1,decode
9973,random_bytes,2435157,5,caught,1,decode
9974,zeroed_run,601268,1317,caught,1,decode
9975,truncation,4246591,1097557,caught,1,decode
9976,header,643,1,caught,1,decode
9977,payload,1838769,1,caught,1,decode
9978,bit_flip,3888093,1,caught,1,decode
9979,random_bytes,5038279,9,caught,1,decode
9980,zeroed_run,4450387,3831,caught,1,decode
9981,truncation,5263757,80391,caught,1,decode
9982,header,176,1,caught,1,decode
9983,payload,1354618,1,caught,1,decode
9984,bit_flip,4467101,1,caught,1,decode
9985,random_bytes,4342038,1,caught,1,decode
9986,zeroed_run,281721,768,caught,1,decode
9987,truncation,2262504,3081644,caught,1,decode
9988,header,245,1,caught,1,decode
9989,payload,2332639,1,caught,1,decode
9990,bit_flip,690316,1,caught,1,decode
9991,random_bytes,3488348,11,caught,1,decode
9992,zeroed_run,622227,3628,caught,1,decode
9993,truncation,2555690,2788458,caught,1,decode
9994,header,486,1,caught,1,decode
9995,payload,4063251,1,caught,1,decode
9996,bit_flip,2843554,1,caught,1,decode
9997,random_bytes,3478577,8,caught,1,decode
9998,zeroed_run,1925931,1604,caught,1,decode
9999,truncation,962433,4381715,caught,1,decode
