case,kind,offset,length,outcome,returncode,phase
0,bit_flip,1423830,1,caught,1,decode
1,random_bytes,3098194,11,caught,1,decode
2,zeroed_run,2341239,2888,caught,1,decode
3,truncation,630695,3755546,caught,1,decode
4,header,489,1,caught,1,decode
5,payload,2945834,1,caught,1,decode
6,bit_flip,1722875,1,SILENT,0,decode
7,random_bytes,1968802,16,caught,1,decode
8,zeroed_run,876839,3387,caught,1,decode
9,truncation,1168739,3217502,caught,1,decode
10,header,651,1,caught,1,decode
11,payload,3413800,1,caught,1,decode
12,bit_flip,2118439,1,caught,1,decode
13,random_bytes,16591,2,caught,1,decode
14,zeroed_run,3291132,374,caught,1,decode
15,truncation,3062963,1323278,caught,1,decode
16,header,523,1,caught,1,decode
17,payload,2243804,1,caught,1,decode
18,bit_flip,1857193,1,SILENT,0,decode
19,random_bytes,639094,4,caught,1,decode
20,zeroed_run,356728,151,caught,1,decode
21,truncation,3633338,752903,caught,1,decode
22,header,179,1,caught,1,decode
23,payload,771802,1,caught,1,decode
24,bit_flip,3793871,1,caught,1,decode
25,random_bytes,1242859,15,caught,1,decode
26,zeroed_run,293124,1656,caught,1,decode
27,truncation,947515,3438726,caught,1,decode
28,header,440,1,caught,1,decode
29,payload,4152376,1,caught,1,decode
30,bit_flip,2646554,1,caught,1,decode
31,random_bytes,1133750,12,caught,1,decode
32,zeroed_run,17106,1080,caught,1,decode
33,truncation,772735,3613506,caught,1,decode
34,header,818,1,caught,1,decode
35,payload,1637287,1,caught,1,decode
36,bit_flip,3132791,1,SILENT,0,decode
37,random_bytes,3599579,9,SILENT,0,decode
38,zeroed_run,3480762,1998,caught,1,decode
39,truncation,2066739,2319502,caught,1,decode
40,header,829,1,harmless,0,decode
41,payload,1709820,1,caught,1,decode
42,bit_flip,1841428,1,caught,1,decode
43,random_bytes,3254741,14,caught,1,decode
44,zeroed_run,1285750,1736,caught,1,decode
45,truncation,1266750,3119491,caught,1,decode
46,header,725,1,caught,1,decode
47,payload,1886442,1,caught,1,decode
48,bit_flip,821283,1,caught,1,decode
49,random_bytes,1358830,14,caught,1,decode
50,zeroed_run,4047896,2107,caught,1,decode
51,truncation,662686,3723555,caught,1,decode
52,header,142,1,caught,1,decode
53,payload,2260879,1,caught,1,decode
54,bit_flip,303803,1,caught,1,decode
55,random_bytes,1499996,13,caught,1,decode
56,zeroed_run,2319854,1811,caught,1,decode
57,truncation,4073835,312406,caught,1,decode
58,header,848,1,caught,1,decode
59,payload,1116377,1,caught,1,decode
60,bit_flip,1786384,1,caught,1,decode
61,random_bytes,312330,7,caught,1,decode
62,zeroed_run,1892353,3703,caught,1,decode
63,truncation,1081399,3304842,caught,1,decode
64,header,289,1,caught,1,decode
65,payload,4132127,1,caught,1,decode
66,bit_flip,880691,1,caught,1,decode
67,random_bytes,2285158,14,caught,1,decode
68,zeroed_run,4359671,1603,caught,1,decode
69,truncation,3075406,1310835,caught,1,decode
70,header,659,1,caught,1,decode
71,payload,1823263,1,SILENT,0,decode
72,bit_flip,1034883,1,caught,1,decode
73,random_bytes,2520180,2,caught,1,decode
74,zeroed_run,1646381,917,caught,1,decode
75,truncation,243813,4142428,caught,1,decode
76,header,146,1,caught,1,decode
77,payload,856265,1,caught,1,decode
78,bit_flip,3546418,1,caught,1,decode
79,random_bytes,2058908,15,caught,1,decode
80,zeroed_run,2765026,4044,caught,1,decode
81,truncation,1211634,3174607,caught,1,decode
82,header,837,1,SILENT,0,decode
83,payload,1443692,1,caught,1,decode
84,bit_flip,872233,1,caught,1,decode
85,random_bytes,103105,5,caught,1,decode
86,zeroed_run,3514074,2695,caught,1,decode
87,truncation,3387956,998285,caught,1,decode
88,header,807,1,caught,1,decode
89,payload,586908,1,caught,1,decode
90,bit_flip,3830912,1,caught,1,decode
91,random_bytes,2411381,3,caught,1,decode
92,zeroed_run,737012,3589,caught,1,decode
93,truncation,3486569,899672,caught,1,decode
94,header,69,1,SILENT,0,decode
95,payload,2615689,1,caught,1,decode
96,bit_flip,3327300,1,harmless,0,decode
97,random_bytes,2940256,4,caught,1,decode
98,zeroed_run,4115370,797,caught,1,decode
99,truncation,2829849,1556392,caught,1,decode
100,header,853,1,caught,1,decode
101,payload,1054206,1,caught,1,decode
102,bit_flip,118327,1,caught,1,decode
103,random_bytes,546974,3,caught,1,decode
104,zeroed_run,313669,1076,caught,1,decode
105,truncation,4018040,368201,caught,1,decode
106,header,597,1,caught,1,decode
107,payload,3105434,1,caught,1,decode
108,bit_flip,4292886,1,caught,1,decode
109,random_bytes,278568,14,caught,1,decode
110,zeroed_run,3371548,2783,caught,1,decode
111,truncation,953909,3432332,caught,1,decode
112,header,655,1,caught,1,decode
113,payload,3662653,1,caught,1,decode
114,bit_flip,241634,1,caught,1,decode
115,random_bytes,2223152,3,caught,1,decode
116,zeroed_run,166134,1433,caught,1,decode
117,truncation,4172455,213786,caught,1,decode
118,header,622,1,caught,1,decode
119,payload,2549704,1,caught,1,decode
120,bit_flip,3673884,1,caught,1,decode
121,random_bytes,1307000,15,caught,1,decode
122,zeroed_run,3164599,2343,caught,1,decode
123,truncation,801053,3585188,caught,1,decode
124,header,827,1,caught,1,decode
125,payload,434321,1,caught,1,decode
126,bit_flip,3918177,1,caught,1,decode
127,random_bytes,1737491,14,caught,1,decode
128,zeroed_run,2173229,3887,caught,1,decode
129,truncation,4171450,214791,caught,1,decode
130,header,658,1,caught,1,decode
131,payload,731301,1,caught,1,decode
132,bit_flip,1776150,1,caught,1,decode
133,random_bytes,1393790,3,caught,1,decode
134,zeroed_run,2519493,2203,caught,1,decode
135,truncation,3526188,860053,caught,1,decode
136,header,790,1,caught,1,decode
137,payload,1002857,1,caught,1,decode
138,bit_flip,402222,1,SILENT,0,decode
139,random_bytes,2667874,2,caught,1,decode
140,zeroed_run,2378136,3371,caught,1,decode
141,truncation,4296404,89837,caught,1,decode
142,header,501,1,caught,1,decode
143,payload,2126730,1,caught,1,decode
144,bit_flip,2503398,1,caught,1,decode
145,random_bytes,2032867,12,SILENT,0,decode
146,zeroed_run,935797,3468,caught,1,decode
147,truncation,14362,4371879,caught,1,decode
148,header,901,1,SILENT,0,decode
149,payload,1379628,1,caught,1,decode
150,bit_flip,1457706,1,caught,1,decode
151,random_bytes,609660,11,caught,1,decode
152,zeroed_run,875367,259,caught,1,decode
153,truncation,1973561,2412680,caught,1,decode
154,header,845,1,caught,1,decode
155,payload,476207,1,caught,1,decode
156,bit_flip,1127568,1,caught,1,decode
157,random_bytes,605870,11,caught,1,decode
158,zeroed_run,504563,2961,caught,1,decode
159,truncation,2928112,1458129,caught,1,decode
160,header,305,1,caught,1,decode
161,payload,3405590,1,caught,1,decode
162,bit_flip,3672675,1,caught,1,decode
163,random_bytes,3243985,7,caught,1,decode
164,zeroed_run,2913365,3017,caught,1,decode
165,truncation,3941830,444411,caught,1,decode
166,header,997,1,SILENT,0,decode
167,payload,3998421,1,caught,1,decode
168,bit_flip,3325447,1,SILENT,0,decode
169,random_bytes,2679715,16,caught,1,decode
170,zeroed_run,1146444,2038,caught,1,decode
171,truncation,2040747,2345494,caught,1,decode
172,header,974,1,caught,1,decode
173,payload,3689349,1,caught,1,decode
174,bit_flip,1372620,1,caught,1,decode
175,random_bytes,790694,13,caught,1,decode
176,zeroed_run,1108997,65,caught,1,decode
177,truncation,4156310,229931,caught,1,decode
178,header,121,1,caught,1,decode
179,payload,2270488,1,caught,1,decode
180,bit_flip,2501943,1,caught,1,decode
181,random_bytes,877728,6,caught,1,decode
182,zeroed_run,1469193,1445,caught,1,decode
183,truncation,2299682,2086559,caught,1,decode
184,header,336,1,caught,1,decode
185,payload,1489411,1,caught,1,decode
186,bit_flip,3580647,1,SILENT,0,decode
187,random_bytes,2096116,1,caught,1,decode
188,zeroed_run,670415,1317,caught,1,decode
189,truncation,1490738,2895503,caught,1,decode
190,header,440,1,caught,1,decode
191,payload,4147241,1,caught,1,decode
192,bit_flip,4317880,1,caught,1,decode
193,random_bytes,2610628,8,caught,1,decode
194,zeroed_run,3550847,3426,caught,1,decode
195,truncation,3288055,1098186,caught,1,decode
196,header,61,1,caught,1,decode
197,payload,3588152,1,SILENT,0,decode
198,bit_flip,4192461,1,caught,1,decode
199,random_bytes,3283302,13,caught,1,decode
200,zeroed_run,2607507,1914,caught,1,decode
201,truncation,941219,3445022,caught,1,decode
202,header,205,1,caught,1,decode
203,payload,719753,1,caught,1,decode
204,bit_flip,1127493,1,caught,1,decode
205,random_bytes,2232053,3,caught,1,decode
206,zeroed_run,218556,797,caught,1,decode
207,truncation,3550823,835418,caught,1,decode
208,header,121,1,caught,1,decode
209,payload,1214449,1,caught,1,decode
210,bit_flip,1966487,1,caught,1,decode
211,random_bytes,1584255,11,caught,1,decode
212,zeroed_run,3972782,3284,caught,1,decode
213,truncation,2722967,1663274,caught,1,decode
214,header,38,1,caught,1,decode
215,payload,2081349,1,caught,1,decode
216,bit_flip,3415171,1,caught,1,decode
217,random_bytes,3617670,16,caught,1,decode
218,zeroed_run,3947048,1064,caught,1,decode
219,truncation,3552779,833462,caught,1,decode
220,header,436,1,harmless,0,decode
221,payload,2140605,1,caught,1,decode
222,bit_flip,3706671,1,caught,1,decode
223,random_bytes,3791826,10,caught,1,decode
224,zeroed_run,2058356,2283,caught,1,decode
225,truncation,1492604,2893637,caught,1,decode
226,header,907,1,caught,1,decode
227,payload,930305,1,caught,1,decode
228,bit_flip,3995242,1,caught,1,decode
229,random_bytes,2178018,10,caught,1,decode
230,zeroed_run,1264115,3983,caught,1,decode
231,truncation,800408,3585833,caught,1,decode
232,header,327,1,caught,1,decode
233,payload,141243,1,caught,1,decode
234,bit_flip,1868394,1,caught,1,decode
235,random_bytes,2432314,16,SILENT,0,decode
236,zeroed_run,1405142,509,caught,1,decode
237,truncation,3905179,481062,caught,1,decode
238,header,434,1,caught,1,decode
239,payload,2795535,1,caught,1,decode
240,bit_flip,2997628,1,caught,1,decode
241,random_bytes,267883,12,caught,1,decode
242,zeroed_run,2276248,3521,caught,1,decode
243,truncation,1980245,2405996,caught,1,decode
244,header,10,1,caught,1,decode
245,payload,1672194,1,caught,1,decode
246,bit_flip,3377726,1,caught,1,decode
247,random_bytes,3756433,12,caught,1,decode
248,zeroed_run,2242288,3179,caught,1,decode
249,truncation,261010,4125231,caught,1,decode
250,header,886,1,caught,1,decode
251,payload,2604272,1,caught,1,decode
252,bit_flip,1373540,1,caught,1,decode
253,random_bytes,4212904,12,caught,1,decode
254,zeroed_run,3163467,663,caught,1,decode
255,truncation,4317453,68788,caught,1,decode
256,header,921,1,caught,1,decode
257,payload,3139821,1,SILENT,0,decode
258,bit_flip,2845794,1,caught,1,decode
259,random_bytes,474565,2,caught,1,decode
260,zeroed_run,4353114,2966,caught,1,decode
261,truncation,1790438,2595803,caught,1,decode
262,header,101,1,SILENT,0,decode
263,payload,4229596,1,caught,1,decode
264,bit_flip,663623,1,caught,1,decode
265,random_bytes,1752369,9,caught,1,decode
266,zeroed_run,2689826,1342,caught,1,decode
267,truncation,62512,4323729,caught,1,decode
268,header,611,1,caught,1,decode
269,payload,1808678,1,caught,1,decode
270,bit_flip,4133435,1,caught,1,decode
271,random_bytes,745957,9,caught,1,decode
272,zeroed_run,2216020,286,caught,1,decode
273,truncation,4099271,286970,caught,1,decode
274,header,551,1,caught,1,decode
275,payload,2142559,1,caught,1,decode
276,bit_flip,3372641,1,caught,1,decode
277,random_bytes,963023,11,SILENT,0,decode
278,zeroed_run,2266385,4078,caught,1,decode
279,truncation,1423534,2962707,caught,1,decode
280,header,861,1,SILENT,0,decode
281,payload,447994,1,caught,1,decode
282,bit_flip,698322,1,caught,1,decode
283,random_bytes,2555850,11,caught,1,decode
284,zeroed_run,1166465,3850,caught,1,decode
285,truncation,1997346,2388895,caught,1,decode
286,header,105,1,caught,1,decode
287,payload,2347347,1,caught,1,decode
288,bit_flip,481422,1,caught,1,decode
289,random_bytes,1035781,16,caught,1,decode
290,zeroed_run,171047,91,caught,1,decode
291,truncation,1643785,2742456,caught,1,decode
292,header,412,1,SILENT,0,decode
293,payload,642925,1,caught,1,decode
294,bit_flip,314608,1,caught,1,decode
295,random_bytes,2189026,8,caught,1,decode
296,zeroed_run,2745780,4033,caught,1,decode
297,truncation,863954,3522287,caught,1,decode
298,header,69,1,SILENT,0,decode
299,payload,2033657,1,SILENT,0,decode
300,bit_flip,106782,1,caught,1,decode
301,random_bytes,1325182,1,caught,1,decode
302,zeroed_run,1970695,1420,caught,1,decode
303,truncation,772879,3613362,caught,1,decode
304,header,784,1,caught,1,decode
305,payload,3141597,1,caught,1,decode
306,bit_flip,930386,1,caught,1,decode
307,random_bytes,2116990,2,caught,1,decode
308,zeroed_run,3048754,2954,caught,1,decode
309,truncation,3138943,1247298,caught,1,decode
310,header,347,1,caught,1,decode
311,payload,947066,1,caught,1,decode
312,bit_flip,2828674,1,caught,1,decode
313,random_bytes,494520,16,caught,1,decode
314,zeroed_run,1710443,2199,SILENT,0,decode
315,truncation,4162350,223891,caught,1,decode
316,header,678,1,harmless,0,decode
317,payload,4240339,1,caught,1,decode
318,bit_flip,3829623,1,caught,1,decode
319,random_bytes,4167846,11,caught,1,decode
320,zeroed_run,2660579,3887,caught,1,decode
321,truncation,3370116,1016125,caught,1,decode
322,header,721,1,caught,1,decode
323,payload,1447443,1,caught,1,decode
324,bit_flip,2106353,1,caught,1,decode
325,random_bytes,3388829,12,caught,1,decode
326,zeroed_run,1900408,3344,caught,1,decode
327,truncation,2442898,1943343,caught,1,decode
328,header,152,1,caught,1,decode
329,payload,2493835,1,caught,1,decode
330,bit_flip,4133659,1,caught,1,decode
331,random_bytes,2950740,2,caught,1,decode
332,zeroed_run,2888670,2588,caught,1,decode
333,truncation,3706485,679756,caught,1,decode
334,header,551,1,caught,1,decode
335,payload,3042191,1,caught,1,decode
336,bit_flip,2891440,1,caught,1,decode
337,random_bytes,1726314,12,SILENT,0,decode
338,zeroed_run,3191423,463,caught,1,decode
339,truncation,549520,3836721,caught,1,decode
340,header,604,1,SILENT,0,decode
341,payload,2499572,1,caught,1,decode
342,bit_flip,2813277,1,caught,1,decode
343,random_bytes,765682,15,caught,1,decode
344,zeroed_run,3277326,1006,caught,1,decode
345,truncation,2153021,2233220,caught,1,decode
346,header,151,1,caught,1,decode
347,payload,2443090,1,caught,1,decode
348,bit_flip,141273,1,caught,1,decode
349,random_bytes,3952988,5,caught,1,decode
350,zeroed_run,3574159,3006,caught,1,decode
351,truncation,2698513,1687728,caught,1,decode
352,header,692,1,harmless,0,decode
353,payload,3218046,1,caught,1,decode
354,bit_flip,853189,1,caught,1,decode
355,random_bytes,3751198,3,caught,1,decode
356,zeroed_run,3378211,3155,caught,1,decode
357,truncation,2405782,1980459,caught,1,decode
358,header,85,1,caught,1,decode
359,payload,2511764,1,caught,1,decode
360,bit_flip,1297895,1,caught,1,decode
361,random_bytes,796045,2,caught,1,decode
362,zeroed_run,872049,47,caught,1,decode
363,truncation,436657,3949584,caught,1,decode
364,header,776,1,caught,1,decode
365,payload,1629071,1,caught,1,decode
366,bit_flip,1342090,1,caught,1,decode
367,random_bytes,1882789,6,caught,1,decode
368,zeroed_run,2310036,3297,caught,1,decode
369,truncation,1278780,3107461,caught,1,decode
370,header,55,1,caught,1,decode
371,payload,2766862,1,caught,1,decode
372,bit_flip,332409,1,caught,1,decode
373,random_bytes,1742157,10,caught,1,decode
374,zeroed_run,166766,3698,caught,1,decode
375,truncation,1307004,3079237,caught,1,decode
376,header,233,1,caught,1,decode
377,payload,3322092,1,SILENT,0,decode
378,bit_flip,708734,1,caught,1,decode
379,random_bytes,2343061,13,caught,1,decode
380,zeroed_run,3199087,1792,caught,1,decode
381,truncation,324199,4062042,caught,1,decode
382,header,602,1,caught,1,decode
383,payload,2095657,1,caught,1,decode
384,bit_flip,131404,1,caught,1,decode
385,random_bytes,4250233,2,caught,1,decode
386,zeroed_run,2271503,917,caught,1,decode
387,truncation,1894442,2491799,caught,1,decode
388,header,731,1,caught,1,decode
389,payload,1716534,1,SILENT,0,decode
390,bit_flip,2001092,1,caught,1,decode
391,random_bytes,3199247,9,caught,1,decode
392,zeroed_run,510905,2052,caught,1,decode
393,truncation,2214666,2171575,caught,1,decode
394,header,1019,1,caught,1,decode
395,payload,1541819,1,caught,1,decode
396,bit_flip,1164792,1,caught,1,decode
397,random_bytes,3800190,15,caught,1,decode
398,zeroed_run,288877,2693,caught,1,decode
399,truncation,1929200,2457041,caught,1,decode
400,header,482,1,caught,1,decode
401,payload,2343025,1,caught,1,decode
402,bit_flip,2699647,1,caught,1,decode
403,random_bytes,1843838,13,caught,1,decode
404,zeroed_run,2448120,154,caught,1,decode
405,truncation,2511069,1875172,caught,1,decode
406,header,488,1,caught,1,decode
407,payload,3306131,1,caught,1,decode
408,bit_flip,3006526,1,caught,1,decode
409,random_bytes,985352,9,caught,1,decode
410,zeroed_run,2355790,2836,caught,1,decode
411,truncation,902187,3484054,caught,1,decode
412,header,113,1,caught,1,decode
413,payload,3767543,1,caught,1,decode
414,bit_flip,4037037,1,caught,1,decode
415,random_bytes,3114719,6,caught,1,decode
416,zeroed_run,1298787,1680,caught,1,decode
417,truncation,470104,3916137,caught,1,decode
418,header,994,1,caught,1,decode
419,payload,906607,1,caught,1,decode
420,bit_flip,2612134,1,caught,1,decode
421,random_bytes,3833305,7,caught,1,decode
422,zeroed_run,1395699,3630,caught,1,decode
423,truncation,3597641,788600,caught,1,decode
424,header,905,1,caught,1,decode
425,payload,2903813,1,caught,1,decode
426,bit_flip,1219487,1,caught,1,decode
427,random_bytes,3900759,10,caught,1,decode
428,zeroed_run,1955281,442,caught,1,decode
429,truncation,2822781,1563460,caught,1,decode
430,header,315,1,caught,1,decode
431,payload,1038974,1,caught,1,decode
432,bit_flip,951520,1,caught,1,decode
433,random_bytes,1948832,5,caught,1,decode
434,zeroed_run,1092367,1030,caught,1,decode
435,truncation,4140883,245358,caught,1,decode
436,header,539,1,caught,1,decode
437,payload,768189,1,caught,1,decode
438,bit_flip,3367339,1,caught,1,decode
439,random_bytes,4180462,2,caught,1,decode
440,zeroed_run,416175,2776,caught,1,decode
441,truncation,3920091,466150,caught,1,decode
442,header,868,1,SILENT,0,decode
443,payload,2075998,1,caught,1,decode
444,bit_flip,1442284,1,caught,1,decode
445,random_bytes,1239142,6,caught,1,decode
446,zeroed_run,1139357,3792,caught,1,decode
447,truncation,190543,4195698,caught,1,decode
448,header,884,1,caught,1,decode
449,payload,2780146,1,caught,1,decode
450,bit_flip,2432290,1,SILENT,0,decode
451,random_bytes,1251235,1,caught,1,decode
452,zeroed_run,3908890,1174,caught,1,decode
453,truncation,2711855,1674386,caught,1,decode
454,header,611,1,caught,1,decode
455,payload,1209994,1,caught,1,decode
456,bit_flip,4061614,1,caught,1,decode
457,random_bytes,2528826,3,caught,1,decode
458,zeroed_run,2224366,2781,caught,1,decode
459,truncation,1311034,3075207,caught,1,decode
460,header,447,1,caught,1,decode
461,payload,2545747,1,caught,1,decode
462,bit_flip,3494507,1,caught,1,decode
463,random_bytes,2588967,2,caught,1,decode
464,zeroed_run,3850180,2385,caught,1,decode
465,truncation,671332,3714909,caught,1,decode
466,header,350,1,caught,1,decode
467,payload,181249,1,SILENT,0,decode
468,bit_flip,1858004,1,SILENT,0,decode
469,random_bytes,3649160,12,caught,1,decode
470,zeroed_run,2025907,2249,SILENT,0,decode
471,truncation,1014526,3371715,caught,1,decode
472,header,974,1,caught,1,decode
473,payload,2268128,1,caught,1,decode
474,bit_flip,2300437,1,caught,1,decode
475,random_bytes,2571035,3,SILENT,0,decode
476,zeroed_run,1348382,72,caught,1,decode
477,truncation,380964,4005277,caught,1,decode
478,header,674,1,caught,1,decode
479,payload,3087992,1,caught,1,decode
480,bit_flip,464154,1,caught,1,decode
481,random_bytes,4251086,1,caught,1,decode
482,zeroed_run,1535073,2464,caught,1,decode
483,truncation,3556643,829598,caught,1,decode
484,header,201,1,caught,1,decode
485,payload,2223985,1,caught,1,decode
486,bit_flip,1072921,1,caught,1,decode
487,random_bytes,2265231,16,caught,1,decode
488,zeroed_run,36385,2527,caught,1,decode
489,truncation,2347823,2038418,caught,1,decode
490,header,463,1,caught,1,decode
491,payload,3736151,1,caught,1,decode
492,bit_flip,3439498,1,caught,1,decode
493,random_bytes,977347,4,SILENT,0,decode
494,zeroed_run,955785,916,caught,1,decode
495,truncation,1320857,3065384,caught,1,decode
496,header,288,1,caught,1,decode
497,payload,67965,1,caught,1,decode
498,bit_flip,1129730,1,caught,1,decode
499,random_bytes,2632389,9,caught,1,decode
500,zeroed_run,900019,1942,caught,1,decode
501,truncation,3558905,827336,caught,1,decode
502,header,741,1,SILENT,0,decode
503,payload,1719114,1,SILENT,0,decode
504,bit_flip,1073549,1,caught,1,decode
505,random_bytes,564803,11,caught,1,decode
506,zeroed_run,2180190,2900,caught,1,decode
507,truncation,643885,3742356,caught,1,decode
508,header,883,1,caught,1,decode
509,payload,3200613,1,caught,1,decode
510,bit_flip,4293555,1,caught,1,decode
511,random_bytes,1815827,13,SILENT,0,decode
512,zeroed_run,4175568,4039,caught,1,decode
513,truncation,1360033,3026208,caught,1,decode
514,header,134,1,SILENT,0,decode
515,payload,1467403,1,caught,1,decode
516,bit_flip,1835434,1,caught,1,decode
517,random_bytes,2906365,14,caught,1,decode
518,zeroed_run,2403978,2620,caught,1,decode
519,truncation,2215000,2171241,caught,1,decode
520,header,264,1,caught,1,decode
521,payload,698555,1,caught,1,decode
522,bit_flip,3235357,1,caught,1,decode
523,random_bytes,1497515,13,caught,1,decode
524,zeroed_run,3607788,1816,SILENT,0,decode
525,truncation,2357993,2028248,caught,1,decode
526,header,222,1,caught,1,decode
527,payload,3485170,1,caught,1,decode
528,bit_flip,4052511,1,caught,1,decode
529,random_bytes,4204246,15,caught,1,decode
530,zeroed_run,4318784,2947,caught,1,decode
531,truncation,11090,4375151,caught,1,decode
532,header,172,1,caught,1,decode
533,payload,235039,1,caught,1,decode
534,bit_flip,3550361,1,caught,1,decode
535,random_bytes,3312416,7,caught,1,decode
536,zeroed_run,3708427,272,caught,1,decode
537,truncation,984869,3401372,caught,1,decode
538,header,654,1,caught,1,decode
539,payload,1856256,1,SILENT,0,decode
540,bit_flip,1648822,1,caught,1,decode
541,random_bytes,905435,1,caught,1,decode
542,zeroed_run,2547734,1043,caught,1,decode
543,truncation,903861,3482380,caught,1,decode
544,header,765,1,harmless,0,decode
545,payload,467692,1,caught,1,decode
546,bit_flip,1323074,1,caught,1,decode
547,random_bytes,3978713,2,caught,1,decode
548,zeroed_run,809519,178,caught,1,decode
549,truncation,3119397,1266844,caught,1,decode
550,header,383,1,caught,1,decode
551,payload,3473785,1,caught,1,decode
552,bit_flip,3025313,1,caught,1,decode
553,random_bytes,3760340,3,caught,1,decode
554,zeroed_run,3686311,3772,caught,1,decode
555,truncation,594553,3791688,caught,1,decode
556,header,36,1,caught,1,decode
557,payload,3733366,1,caught,1,decode
558,bit_flip,575826,1,caught,1,decode
559,random_bytes,3060040,13,caught,1,decode
560,zeroed_run,1078371,1340,caught,1,decode
561,truncation,524384,3861857,caught,1,decode
562,header,209,1,caught,1,decode
563,payload,1262282,1,caught,1,decode
564,bit_flip,2807419,1,caught,1,decode
565,random_bytes,3775553,2,caught,1,decode
566,zeroed_run,1058024,3031,caught,1,decode
567,truncation,2668953,1717288,caught,1,decode
568,header,330,1,caught,1,decode
569,payload,2824692,1,caught,1,decode
570,bit_flip,1441974,1,caught,1,decode
571,random_bytes,2609847,2,caught,1,decode
572,zeroed_run,608081,2046,caught,1,decode
573,truncation,2094028,2292213,caught,1,decode
574,header,490,1,caught,1,decode
575,payload,2994894,1,caught,1,decode
576,bit_flip,1454606,1,caught,1,decode
577,random_bytes,1212583,1,caught,1,decode
578,zeroed_run,2607720,3982,caught,1,decode
579,truncation,1588787,2797454,caught,1,decode
580,header,835,1,caught,1,decode
581,payload,756576,1,caught,1,decode
582,bit_flip,800372,1,caught,1,decode
583,random_bytes,509484,3,caught,1,decode
584,zeroed_run,684729,2129,caught,1,decode
585,truncation,704592,3681649,caught,1,decode
586,header,771,1,caught,1,decode
587,payload,1968600,1,caught,1,decode
588,bit_flip,3961115,1,caught,1,decode
589,random_bytes,1916308,10,caught,1,decode
590,zeroed_run,728619,132,caught,1,decode
591,truncation,2708619,1677622,caught,1,decode
592,header,681,1,caught,1,decode
593,payload,537503,1,caught,1,decode
594,bit_flip,3526610,1,caught,1,decode
595,random_bytes,1289356,14,caught,1,decode
596,zeroed_run,1314800,294,caught,1,decode
597,truncation,1360719,3025522,caught,1,decode
598,header,792,1,caught,1,decode
599,payload,4121651,1,caught,1,decode
600,bit_flip,506105,1,caught,1,decode
601,random_bytes,423108,2,SILENT,0,decode
602,zeroed_run,3377451,3855,caught,1,decode
603,truncation,2968782,1417459,caught,1,decode
604,header,670,1,caught,1,decode
605,payload,4081619,1,SILENT,0,decode
606,bit_flip,629831,1,caught,1,decode
607,random_bytes,3824989,4,caught,1,decode
608,zeroed_run,3651690,2078,caught,1,decode
609,truncation,3442826,943415,caught,1,decode
610,header,2,1,caught,1,decode
611,payload,1232729,1,caught,1,decode
612,bit_flip,131622,1,caught,1,decode
613,random_bytes,2741575,10,caught,1,decode
614,zeroed_run,2040827,365,caught,1,decode
615,truncation,4339961,46280,caught,1,decode
616,header,413,1,SILENT,0,decode
617,payload,2075688,1,caught,1,decode
618,bit_flip,2207434,1,caught,1,decode
619,random_bytes,1329280,7,caught,1,decode
620,zeroed_run,3550577,3328,caught,1,decode
621,truncation,194701,4191540,caught,1,decode
622,header,854,1,caught,1,decode
623,payload,4144936,1,caught,1,decode
624,bit_flip,716854,1,caught,1,decode
625,random_bytes,3907226,1,caught,1,decode
626,zeroed_run,2568171,2623,SILENT,0,decode
627,truncation,3185281,1200960,caught,1,decode
628,header,70,1,SILENT,0,decode
629,payload,3385494,1,caught,1,decode
630,bit_flip,2710255,1,caught,1,decode
631,random_bytes,403903,8,SILENT,0,decode
632,zeroed_run,241076,1316,caught,1,decode
633,truncation,2449428,1936813,caught,1,decode
634,header,115,1,caught,1,decode
635,payload,791233,1,caught,1,decode
636,bit_flip,3335468,1,caught,1,decode
637,random_bytes,2789001,1,caught,1,decode
638,zeroed_run,777340,2285,caught,1,decode
639,truncation,2175869,2210372,caught,1,decode
640,header,492,1,harmless,0,decode
641,payload,3623591,1,caught,1,decode
642,bit_flip,857444,1,caught,1,decode
643,random_bytes,1399035,3,caught,1,decode
644,zeroed_run,1606718,1369,SILENT,0,decode
645,truncation,1459444,2926797,caught,1,decode
646,header,758,1,caught,1,decode
647,payload,1954903,1,caught,1,decode
648,bit_flip,1695444,1,caught,1,decode
649,random_bytes,769961,3,caught,1,decode
650,zeroed_run,2244695,1194,caught,1,decode
651,truncation,938403,3447838,caught,1,decode
652,header,725,1,caught,1,decode
653,payload,4061092,1,caught,1,decode
654,bit_flip,2124686,1,caught,1,decode
655,random_bytes,4371095,1,caught,1,decode
656,zeroed_run,207338,632,SILENT,0,decode
657,truncation,2621225,1765016,caught,1,decode
658,header,563,1,caught,1,decode
659,payload,1921703,1,caught,1,decode
660,bit_flip,2698027,1,caught,1,decode
661,random_bytes,3304781,4,caught,1,decode
662,zeroed_run,2594115,1170,caught,1,decode
663,truncation,3669189,717052,caught,1,decode
664,header,635,1,caught,1,decode
665,payload,3422634,1,caught,1,decode
666,bit_flip,2518115,1,caught,1,decode
667,random_bytes,3250048,5,caught,1,decode
668,zeroed_run,3821244,3939,caught,1,decode
669,truncation,1682660,2703581,caught,1,decode
670,header,96,1,caught,1,decode
671,payload,3725416,1,caught,1,decode
672,bit_flip,3980408,1,caught,1,decode
673,random_bytes,261999,15,caught,1,decode
674,zeroed_run,409855,2547,SILENT,0,decode
675,truncation,3443182,943059,caught,1,decode
676,header,806,1,SILENT,0,decode
677,payload,1104346,1,caught,1,decode
678,bit_flip,3376194,1,caught,1,decode
679,random_bytes,4302888,16,caught,1,decode
680,zeroed_run,1961986,3423,caught,1,decode
681,truncation,1071765,3314476,caught,1,decode
682,header,267,1,caught,1,decode
683,payload,3194516,1,caught,1,decode
684,bit_flip,3974889,1,caught,1,decode
685,random_bytes,770267,8,caught,1,decode
686,zeroed_run,234512,2125,caught,1,decode
687,truncation,2418209,1968032,caught,1,decode
688,header,496,1,caught,1,decode
689,payload,867164,1,caught,1,decode
690,bit_flip,3285902,1,caught,1,decode
691,random_bytes,3010473,15,caught,1,decode
692,zeroed_run,1276182,215,caught,1,decode
693,truncation,718875,3667366,caught,1,decode
694,header,206,1,caught,1,decode
695,payload,1524183,1,caught,1,decode
696,bit_flip,24588,1,caught,1,decode
697,random_bytes,3741858,15,caught,1,decode
698,zeroed_run,375927,4013,caught,1,decode
699,truncation,3913315,472926,caught,1,decode
700,header,367,1,caught,1,decode
701,payload,3741219,1,caught,1,decode
702,bit_flip,954424,1,caught,1,decode
703,random_bytes,1343675,10,caught,1,decode
704,zeroed_run,1882863,2303,caught,1,decode
705,truncation,647641,3738600,caught,1,decode
706,header,902,1,SILENT,0,decode
707,payload,1450449,1,caught,1,decode
708,bit_flip,1902307,1,caught,1,decode
709,random_bytes,3470979,1,caught,1,decode
710,zeroed_run,3774689,405,caught,1,decode
711,truncation,3534022,852219,caught,1,decode
712,header,822,1,caught,1,decode
713,payload,2333185,1,caught,1,decode
714,bit_flip,2717422,1,caught,1,decode
715,random_bytes,3144718,15,caught,1,decode
716,zeroed_run,313531,3524,caught,1,decode
717,truncation,2669640,1716601,caught,1,decode
718,header,177,1,caught,1,decode
719,payload,3611325,1,SILENT,0,decode
720,bit_flip,4311593,1,caught,1,decode
721,random_bytes,4304848,12,caught,1,decode
722,zeroed_run,1161332,367,caught,1,decode
723,truncation,3051038,1335203,caught,1,decode
724,header,901,1,SILENT,0,decode
725,payload,1526262,1,caught,1,decode
726,bit_flip,1184421,1,caught,1,decode
727,random_bytes,541364,12,caught,1,decode
728,zeroed_run,3150176,1172,caught,1,decode
729,truncation,713103,3673138,caught,1,decode
730,header,862,1,caught,1,decode
731,payload,96412,1,caught,1,decode
732,bit_flip,263570,1,caught,1,decode
733,random_bytes,331506,2,caught,1,decode
734,zeroed_run,1374679,3724,caught,1,decode
735,truncation,75963,4310278,caught,1,decode
736,header,97,1,caught,1,decode
737,payload,1294713,1,caught,1,decode
738,bit_flip,1155669,1,caught,1,decode
739,random_bytes,2773583,8,caught,1,decode
740,zeroed_run,1211812,3245,caught,1,decode
741,truncation,316379,4069862,caught,1,decode
742,header,192,1,caught,1,decode
743,payload,3284144,1,caught,1,decode
744,bit_flip,2734794,1,caught,1,decode
745,random_bytes,2362930,12,caught,1,decode
746,zeroed_run,4171231,3075,caught,1,decode
747,truncation,2590834,1795407,caught,1,decode
748,header,645,1,SILENT,0,decode
749,payload,3914255,1,caught,1,decode
750,bit_flip,762950,1,caught,1,decode
751,random_bytes,3374496,8,caught,1,decode
752,zeroed_run,3297788,2430,caught,1,decode
753,truncation,43208,4343033,caught,1,decode
754,header,142,1,caught,1,decode
755,payload,388939,1,caught,1,decode
756,bit_flip,1938999,1,caught,1,decode
757,random_bytes,1368239,4,caught,1,decode
758,zeroed_run,4201697,2183,caught,1,decode
759,truncation,1001245,3384996,caught,1,decode
760,header,417,1,caught,1,decode
761,payload,3157941,1,caught,1,decode
762,bit_flip,2106877,1,caught,1,decode
763,random_bytes,3159109,7,caught,1,decode
764,zeroed_run,1183580,2797,caught,1,decode
765,truncation,2445188,1941053,caught,1,decode
766,header,467,1,caught,1,decode
767,payload,2243441,1,caught,1,decode
768,bit_flip,3955189,1,caught,1,decode
769,random_bytes,3987723,15,caught,1,decode
770,zeroed_run,2476476,2632,caught,1,decode
771,truncation,2298256,2087985,caught,1,decode
772,header,143,1,caught,1,decode
773,payload,3483885,1,caught,1,decode
774,bit_flip,544971,1,caught,1,decode
775,random_bytes,3252722,8,caught,1,decode
776,zeroed_run,2227250,3908,caught,1,decode
777,truncation,3551659,834582,caught,1,decode
778,header,609,1,caught,1,decode
779,payload,3825637,1,caught,1,decode
780,bit_flip,2654603,1,caught,1,decode
781,random_bytes,2142948,3,caught,1,decode
782,zeroed_run,2649089,143,caught,1,decode
783,truncation,2923909,1462332,caught,1,decode
784,header,758,1,caught,1,decode
785,payload,2676936,1,caught,1,decode
786,bit_flip,2850563,1,caught,1,decode
787,random_bytes,1862112,15,SILENT,0,decode
788,zeroed_run,1045482,231,caught,1,decode
789,truncation,2825501,1560740,caught,1,decode
790,header,914,1,caught,1,decode
791,payload,933854,1,caught,1,decode
792,bit_flip,4098675,1,caught,1,decode
793,random_bytes,1647233,2,caught,1,decode
794,zeroed_run,2019432,1287,SILENT,0,decode
795,truncation,2672254,1713987,caught,1,decode
796,header,219,1,caught,1,decode
797,payload,3440091,1,caught,1,decode
798,bit_flip,1164056,1,caught,1,decode
799,random_bytes,606967,7,caught,1,decode
800,zeroed_run,2695553,2142,caught,1,decode
801,truncation,462494,3923747,caught,1,decode
802,header,1004,1,caught,1,decode
803,payload,3628354,1,caught,1,decode
804,bit_flip,13537,1,caught,1,decode
805,random_bytes,2611902,10,caught,1,decode
806,zeroed_run,3242778,3211,caught,1,decode
807,truncation,3030291,1355950,caught,1,decode
808,header,427,1,caught,1,decode
809,payload,3442588,1,caught,1,decode
810,bit_flip,1951794,1,caught,1,decode
811,random_bytes,2626639,13,caught,1,decode
812,zeroed_run,2585356,835,caught,1,decode
813,truncation,379791,4006450,caught,1,decode
814,header,677,1,SILENT,0,decode
815,payload,1267450,1,caught,1,decode
816,bit_flip,2127967,1,caught,1,decode
817,random_bytes,2194767,5,caught,1,decode
818,zeroed_run,3355448,1359,caught,1,decode
819,truncation,2034309,2351932,caught,1,decode
820,header,287,1,caught,1,decode
821,payload,2974648,1,caught,1,decode
822,bit_flip,3384671,1,caught,1,decode
823,random_bytes,3674249,8,caught,1,decode
824,zeroed_run,4234963,2527,caught,1,decode
825,truncation,3111779,1274462,caught,1,decode
826,header,17,1,caught,1,decode
827,payload,2074632,1,caught,1,decode
828,bit_flip,1275781,1,caught,1,decode
829,random_bytes,1335045,2,caught,1,decode
830,zeroed_run,4043056,3812,caught,1,decode
831,truncation,954507,3431734,caught,1,decode
832,header,552,1,caught,1,decode
833,payload,2595176,1,caught,1,decode
834,bit_flip,1315012,1,caught,1,decode
835,random_bytes,1716276,3,SILENT,0,decode
836,zeroed_run,132141,3045,caught,1,decode
837,truncation,1903124,2483117,caught,1,decode
838,header,851,1,caught,1,decode
839,payload,2310732,1,caught,1,decode
840,bit_flip,2197692,1,caught,1,decode
841,random_bytes,2788906,12,caught,1,decode
842,zeroed_run,3047078,2275,caught,1,decode
843,truncation,2710402,1675839,caught,1,decode
844,header,355,1,caught,1,decode
845,payload,2946127,1,caught,1,decode
846,bit_flip,1202816,1,SILENT,0,decode
847,random_bytes,3515459,11,caught,1,decode
848,zeroed_run,3352513,941,caught,1,decode
849,truncation,2558042,1828199,caught,1,decode
850,header,846,1,caught,1,decode
851,payload,1959095,1,caught,1,decode
852,bit_flip,431386,1,SILENT,0,decode
853,random_bytes,846494,16,caught,1,decode
854,zeroed_run,3543183,1228,caught,1,decode
855,truncation,2740777,1645464,caught,1,decode
856,header,247,1,caught,1,decode
857,payload,2018232,1,SILENT,0,decode
858,bit_flip,874927,1,caught,1,decode
859,random_bytes,2314904,3,caught,1,decode
860,zeroed_run,2560425,1101,caught,1,decode
861,truncation,4352099,34142,caught,1,decode
862,header,551,1,caught,1,decode
863,payload,4075487,1,SILENT,0,decode
864,bit_flip,3507638,1,caught,1,decode
865,random_bytes,3346489,12,caught,1,decode
866,zeroed_run,1230675,3831,caught,1,decode
867,truncation,476707,3909534,caught,1,decode
868,header,752,1,caught,1,decode
869,payload,459419,1,caught,1,decode
870,bit_flip,1324001,1,caught,1,decode
871,random_bytes,301810,7,caught,1,decode
872,zeroed_run,163340,3067,caught,1,decode
873,truncation,1806885,2579356,caught,1,decode
874,header,840,1,caught,1,decode
875,payload,3373290,1,caught,1,decode
876,bit_flip,4108452,1,caught,1,decode
877,random_bytes,3901019,4,caught,1,decode
878,zeroed_run,2494308,948,caught,1,decode
879,truncation,4259199,127042,caught,1,decode
880,header,311,1,caught,1,decode
881,payload,3733397,1,caught,1,decode
882,bit_flip,2696030,1,caught,1,decode
883,random_bytes,1359297,6,caught,1,decode
884,zeroed_run,1324473,119,caught,1,decode
885,truncation,2621972,1764269,caught,1,decode
886,header,934,1,SILENT,0,decode
887,payload,832154,1,caught,1,decode
888,bit_flip,4110070,1,caught,1,decode
889,random_bytes,1283433,2,caught,1,decode
890,zeroed_run,1361420,2213,caught,1,decode
891,truncation,506761,3879480,caught,1,decode
892,header,138,1,caught,1,decode
893,payload,3777831,1,caught,1,decode
894,bit_flip,416314,1,SILENT,0,decode
895,random_bytes,369535,12,caught,1,decode
896,zeroed_run,3977518,3688,caught,1,decode
897,truncation,1886315,2499926,caught,1,decode
898,header,585,1,caught,1,decode
899,payload,2232295,1,caught,1,decode
900,bit_flip,2613294,1,caught,1,decode
901,random_bytes,2736064,4,caught,1,decode
902,zeroed_run,2987191,2573,caught,1,decode
903,truncation,4183976,202265,caught,1,decode
904,header,176,1,caught,1,decode
905,payload,3196761,1,caught,1,decode
906,bit_flip,1658864,1,caught,1,decode
907,random_bytes,1654098,6,caught,1,decode
908,zeroed_run,963700,1927,SILENT,0,decode
909,truncation,3810677,575564,caught,1,decode
910,header,924,1,SILENT,0,decode
911,payload,665505,1,caught,1,decode
912,bit_flip,1223789,1,caught,1,decode
913,random_bytes,1920701,7,caught,1,decode
914,zeroed_run,1469501,1105,caught,1,decode
915,truncation,3205646,1180595,caught,1,decode
916,header,327,1,caught,1,decode
917,payload,157496,1,caught,1,decode
918,bit_flip,2019212,1,SILENT,0,decode
919,random_bytes,1502011,13,caught,1,decode
920,zeroed_run,1829344,165,SILENT,0,decode
921,truncation,1623784,2762457,caught,1,decode
922,header,774,1,SILENT,0,decode
923,payload,1330881,1,caught,1,decode
924,bit_flip,1689906,1,caught,1,decode
925,random_bytes,4150430,15,caught,1,decode
926,zeroed_run,2068464,1345,caught,1,decode
927,truncation,1802480,2583761,caught,1,decode
928,header,660,1,SILENT,0,decode
929,payload,2259958,1,caught,1,decode
930,bit_flip,1741734,1,caught,1,decode
931,random_bytes,54724,3,caught,1,decode
932,zeroed_run,2233233,2271,caught,1,decode
933,truncation,1212639,3173602,caught,1,decode
934,header,365,1,caught,1,decode
935,payload,1726852,1,caught,1,decode
936,bit_flip,101192,1,caught,1,decode
937,random_bytes,3977448,7,caught,1,decode
938,zeroed_run,3132084,174,SILENT,0,decode
939,truncation,3980387,405854,caught,1,decode
940,header,188,1,harmless,0,decode
941,payload,1647207,1,caught,1,decode
942,bit_flip,2327518,1,caught,1,decode
943,random_bytes,3830872,14,caught,1,decode
944,zeroed_run,133563,2274,caught,1,decode
945,truncation,3222824,1163417,caught,1,decode
946,header,675,1,caught,1,decode
947,payload,2817357,1,caught,1,decode
948,bit_flip,2048382,1,caught,1,decode
949,random_bytes,1498261,10,caught,1,decode
950,zeroed_run,2214767,2606,caught,1,decode
951,truncation,582787,3803454,caught,1,decode
952,header,80,1,caught,1,decode
953,payload,1357214,1,caught,1,decode
954,bit_flip,501661,1,caught,1,decode
955,random_bytes,1588382,7,caught,1,decode
956,zeroed_run,3684826,1294,caught,1,decode
957,truncation,4040641,345600,caught,1,decode
958,header,790,1,caught,1,decode
959,payload,4310656,1,caught,1,decode
960,bit_flip,1773275,1,caught,1,decode
961,random_bytes,1471696,7,caught,1,decode
962,zeroed_run,690923,3112,caught,1,decode
963,truncation,930261,3455980,caught,1,decode
964,header,974,1,caught,1,decode
965,payload,1613447,1,SILENT,0,decode
966,bit_flip,4305479,1,caught,1,decode
967,random_bytes,147961,13,caught,1,decode
968,zeroed_run,3507950,904,caught,1,decode
969,truncation,1624825,2761416,caught,1,decode
970,header,375,1,caught,1,decode
971,payload,1811446,1,caught,1,decode
972,bit_flip,2355622,1,caught,1,decode
973,random_bytes,2248762,11,caught,1,decode
974,zeroed_run,460430,2272,caught,1,decode
975,truncation,1388160,2998081,caught,1,decode
976,header,645,1,SILENT,0,decode
977,payload,371063,1,caught,1,decode
978,bit_flip,3182191,1,caught,1,decode
979,random_bytes,2934553,9,caught,1,decode
980,zeroed_run,3066744,502,caught,1,decode
981,truncation,903086,3483155,caught,1,decode
982,header,670,1,caught,1,decode
983,payload,3634199,1,caught,1,decode
984,bit_flip,3695668,1,caught,1,decode
985,random_bytes,2511140,7,caught,1,decode
986,zeroed_run,1034215,1509,caught,1,decode
987,truncation,3221442,1164799,caught,1,decode
988,header,220,1,SILENT,0,decode
989,payload,1933427,1,caught,1,decode
990,bit_flip,2274200,1,caught,1,decode
991,random_bytes,2548,5,caught,1,decode
992,zeroed_run,2285657,3568,caught,1,decode
993,truncation,3806870,579371,caught,1,decode
994,header,639,1,caught,1,decode
995,payload,2328196,1,caught,1,decode
996,bit_flip,3159305,1,caught,1,decode
997,random_bytes,537839,8,caught,1,decode
998,zeroed_run,962325,2417,caught,1,decode
999,truncation,1042582,3343659,caught,1,decode
1000,header,458,1,caught,1,decode
1001,payload,2937289,1,caught,1,decode
1002,bit_flip,3087403,1,caught,1,decode
1003,random_bytes,3454233,2,caught,1,decode
1004,zeroed_run,1944641,3007,caught,1,decode
1005,truncation,859823,3526418,caught,1,decode
1006,header,732,1,SILENT,0,decode
1007,payload,489064,1,caught,1,decode
1008,bit_flip,3790668,1,caught,1,decode
1009,random_bytes,1114495,8,caught,1,decode
1010,zeroed_run,3530547,3259,caught,1,decode
1011,truncation,6981,4379260,caught,1,decode
1012,header,572,1,SILENT,0,decode
1013,payload,3000104,1,caught,1,decode
1014,bit_flip,1445092,1,caught,1,decode
1015,random_bytes,186957,1,SILENT,0,decode
1016,zeroed_run,3285288,1083,caught,1,decode
1017,truncation,4215295,170946,caught,1,decode
1018,header,820,1,caught,1,decode
1019,payload,354484,1,caught,1,decode
1020,bit_flip,448652,1,caught,1,decode
1021,random_bytes,4109951,9,caught,1,decode
1022,zeroed_run,2047920,1016,caught,1,decode
1023,truncation,21222,4365019,caught,1,decode
1024,header,834,1,caught,1,decode
1025,payload,2344949,1,caught,1,decode
1026,bit_flip,2355467,1,caught,1,decode
1027,random_bytes,4166915,12,caught,1,decode
1028,zeroed_run,718311,3546,caught,1,decode
1029,truncation,1273680,3112561,caught,1,decode
1030,header,621,1,caught,1,decode
1031,payload,2286567,1,caught,1,decode
1032,bit_flip,1232396,1,caught,1,decode
1033,random_bytes,1621789,16,SILENT,0,decode
1034,zeroed_run,4076235,2951,SILENT,0,decode
1035,truncation,898707,3487534,caught,1,decode
1036,header,47,1,caught,1,decode
1037,payload,1453882,1,caught,1,decode
1038,bit_flip,1318868,1,caught,1,decode
1039,random_bytes,2092186,13,caught,1,decode
1040,zeroed_run,1359207,419,caught,1,decode
1041,truncation,1538303,2847938,caught,1,decode
1042,header,933,1,SILENT,0,decode
1043,payload,2434477,1,SILENT,0,decode
1044,bit_flip,2188384,1,caught,1,decode
1045,random_bytes,827889,3,caught,1,decode
1046,zeroed_run,1545905,803,caught,1,decode
1047,truncation,3753296,632945,caught,1,decode
1048,header,339,1,caught,1,decode
1049,payload,3868291,1,caught,1,decode
1050,bit_flip,3994039,1,caught,1,decode
1051,random_bytes,3739561,10,caught,1,decode
1052,zeroed_run,1202767,2169,SILENT,0,decode
1053,truncation,3334178,1052063,caught,1,decode
1054,header,74,1,caught,1,decode
1055,payload,1611868,1,SILENT,0,decode
1056,bit_flip,737462,1,caught,1,decode
1057,random_bytes,2209332,12,caught,1,decode
1058,zeroed_run,557184,3426,caught,1,decode
1059,truncation,1743337,2642904,caught,1,decode
1060,header,100,1,SILENT,0,decode
1061,payload,735826,1,caught,1,decode
1062,bit_flip,2416838,1,caught,1,decode
1063,random_bytes,560945,13,caught,1,decode
1064,zeroed_run,1035538,3452,caught,1,decode
1065,truncation,4316990,69251,caught,1,decode
1066,header,500,1,harmless,0,decode
1067,payload,2816741,1,caught,1,decode
1068,bit_flip,600276,1,caught,1,decode
1069,random_bytes,3529819,2,caught,1,decode
1070,zeroed_run,3626007,1834,caught,1,decode
1071,truncation,3105515,1280726,caught,1,decode
1072,header,559,1,caught,1,decode
1073,payload,3081450,1,caught,1,decode
1074,bit_flip,2584259,1,caught,1,decode
1075,random_bytes,1796927,1,caught,1,decode
1076,zeroed_run,820264,3270,caught,1,decode
1077,truncation,3010808,1375433,caught,1,decode
1078,header,337,1,caught,1,decode
1079,payload,3403965,1,caught,1,decode
1080,bit_flip,1734948,1,caught,1,decode
1081,random_bytes,4088952,5,caught,1,decode
1082,zeroed_run,4369509,778,caught,1,decode
1083,truncation,3984779,401462,caught,1,decode
1084,header,235,1,caught,1,decode
1085,payload,2325309,1,caught,1,decode
1086,bit_flip,1330461,1,caught,1,decode
1087,random_bytes,4368492,12,caught,1,decode
1088,zeroed_run,3231954,83,caught,1,decode
1089,truncation,3345793,1040448,caught,1,decode
1090,header,747,1,caught,1,decode
1091,payload,3863375,1,caught,1,decode
1092,bit_flip,3595340,1,caught,1,decode
1093,random_bytes,4016000,15,caught,1,decode
1094,zeroed_run,4293791,2301,caught,1,decode
1095,truncation,1485704,2900537,caught,1,decode
1096,header,379,1,caught,1,decode
1097,payload,2283142,1,caught,1,decode
1098,bit_flip,175114,1,caught,1,decode
1099,random_bytes,494692,15,caught,1,decode
1100,zeroed_run,2608348,2479,caught,1,decode
1101,truncation,1549909,2836332,caught,1,decode
1102,header,821,1,caught,1,decode
1103,payload,3637344,1,caught,1,decode
1104,bit_flip,272927,1,caught,1,decode
1105,random_bytes,2393862,16,caught,1,decode
1106,zeroed_run,3562231,1732,caught,1,decode
1107,truncation,3618327,767914,caught,1,decode
1108,header,539,1,caught,1,decode
1109,payload,611937,1,caught,1,decode
1110,bit_flip,4012587,1,caught,1,decode
1111,random_bytes,884979,8,caught,1,decode
1112,zeroed_run,4036747,3732,caught,1,decode
1113,truncation,3419181,967060,caught,1,decode
1114,header,761,1,caught,1,decode
1115,payload,1918863,1,caught,1,decode
1116,bit_flip,246037,1,caught,1,decode
1117,random_bytes,3534118,7,caught,1,decode
1118,zeroed_run,525333,1941,caught,1,decode
1119,truncation,1231493,3154748,caught,1,decode
1120,header,162,1,caught,1,decode
1121,payload,3296269,1,caught,1,decode
1122,bit_flip,1737149,1,caught,1,decode
1123,random_bytes,843399,11,caught,1,decode
1124,zeroed_run,522972,1549,caught,1,decode
1125,truncation,2924357,1461884,caught,1,decode
1126,header,116,1,harmless,0,decode
1127,payload,4260155,1,caught,1,decode
1128,bit_flip,1073014,1,caught,1,decode
1129,random_bytes,2743864,3,caught,1,decode
1130,zeroed_run,109373,515,caught,1,decode
1131,truncation,1270744,3115497,caught,1,decode
1132,header,208,1,caught,1,decode
1133,payload,1037080,1,caught,1,decode
1134,bit_flip,2439571,1,SILENT,0,decode
1135,random_bytes,835053,7,caught,1,decode
1136,zeroed_run,1676317,842,caught,1,decode
1137,truncation,757628,3628613,caught,1,decode
1138,header,380,1,harmless,0,decode
1139,payload,1572810,1,caught,1,decode
1140,bit_flip,4247761,1,caught,1,decode
1141,random_bytes,1646655,5,caught,1,decode
1142,zeroed_run,1366366,487,caught,1,decode
1143,truncation,3297174,1089067,caught,1,decode
1144,header,170,1,caught,1,decode
1145,payload,3673219,1,caught,1,decode
1146,bit_flip,4028436,1,SILENT,0,decode
1147,random_bytes,3996722,11,caught,1,decode
1148,zeroed_run,1860227,224,SILENT,0,decode
1149,truncation,1553658,2832583,caught,1,decode
1150,header,247,1,caught,1,decode
1151,payload,2445957,1,caught,1,decode
1152,bit_flip,1373995,1,caught,1,decode
1153,random_bytes,52294,1,caught,1,decode
1154,zeroed_run,4267018,172,caught,1,decode
1155,truncation,3732486,653755,caught,1,decode
1156,header,510,1,caught,1,decode
1157,payload,4013127,1,caught,1,decode
1158,bit_flip,2983821,1,caught,1,decode
1159,random_bytes,1781051,2,caught,1,decode
1160,zeroed_run,1635855,2618,caught,1,decode
1161,truncation,17870,4368371,caught,1,decode
1162,header,5,1,caught,1,decode
1163,payload,4180923,1,caught,1,decode
1164,bit_flip,3503834,1,caught,1,decode
1165,random_bytes,3810130,14,caught,1,decode
1166,zeroed_run,4005998,3601,caught,1,decode
1167,truncation,2135984,2250257,caught,1,decode
1168,header,178,1,caught,1,decode
1169,payload,3847216,1,caught,1,decode
1170,bit_flip,2589182,1,caught,1,decode
1171,random_bytes,2429486,6,SILENT,0,decode
1172,zeroed_run,3263503,3566,caught,1,decode
1173,truncation,653598,3732643,caught,1,decode
1174,header,276,1,SILENT,0,decode
1175,payload,4172337,1,caught,1,decode
1176,bit_flip,4375830,1,caught,1,decode
1177,random_bytes,2759640,11,caught,1,decode
1178,zeroed_run,3466118,2515,caught,1,decode
1179,truncation,2959189,1427052,caught,1,decode
1180,header,940,1,caught,1,decode
1181,payload,2220587,1,caught,1,decode
1182,bit_flip,1386255,1,caught,1,decode
1183,random_bytes,608263,5,caught,1,decode
1184,zeroed_run,2390913,1720,caught,1,decode
1185,truncation,2662192,1724049,caught,1,decode
1186,header,116,1,SILENT,0,decode
1187,payload,1372621,1,caught,1,decode
1188,bit_flip,3277482,1,caught,1,decode
1189,random_bytes,3504249,8,caught,1,decode
1190,zeroed_run,1606814,2976,SILENT,0,decode
1191,truncation,1966736,2419505,caught,1,decode
1192,header,859,1,caught,1,decode
1193,payload,827000,1,caught,1,decode
1194,bit_flip,917567,1,SILENT,0,decode
1195,random_bytes,2080751,6,caught,1,decode
1196,zeroed_run,1949267,23,caught,1,decode
1197,truncation,4022659,363582,caught,1,decode
1198,header,640,1,caught,1,decode
1199,payload,944003,1,caught,1,decode
1200,bit_flip,4213312,1,caught,1,decode
1201,random_bytes,2222516,11,caught,1,decode
1202,zeroed_run,1545450,688,caught,1,decode
1203,truncation,151358,4234883,caught,1,decode
1204,header,66,1,caught,1,decode
1205,payload,1165394,1,caught,1,decode
1206,bit_flip,4303424,1,caught,1,decode
1207,random_bytes,4310181,11,caught,1,decode
1208,zeroed_run,2824341,1753,caught,1,decode
1209,truncation,3630691,755550,caught,1,decode
1210,header,645,1,SILENT,0,decode
1211,payload,1640887,1,caught,1,decode
1212,bit_flip,4076314,1,SILENT,0,decode
1213,random_bytes,3242738,8,caught,1,decode
1214,zeroed_run,4029746,627,SILENT,0,decode
1215,truncation,3691479,694762,caught,1,decode
1216,header,954,1,caught,1,decode
1217,payload,3564114,1,caught,1,decode
1218,bit_flip,3740935,1,caught,1,decode
1219,random_bytes,158238,15,caught,1,decode
1220,zeroed_run,3935567,3516,caught,1,decode
1221,truncation,2594224,1792017,caught,1,decode
1222,header,923,1,caught,1,decode
1223,payload,2926198,1,caught,1,decode
1224,bit_flip,1323917,1,caught,1,decode
1225,random_bytes,2185321,15,caught,1,decode
1226,zeroed_run,353249,1788,caught,1,decode
1227,truncation,4253443,132798,caught,1,decode
1228,header,43,1,caught,1,decode
1229,payload,767293,1,caught,1,decode
1230,bit_flip,2271712,1,caught,1,decode
1231,random_bytes,4330286,16,caught,1,decode
1232,zeroed_run,34397,464,caught,1,decode
1233,truncation,4258806,127435,caught,1,decode
1234,header,60,1,caught,1,decode
1235,payload,828772,1,caught,1,decode
1236,bit_flip,313278,1,caught,1,decode
1237,random_bytes,491768,12,caught,1,decode
1238,zeroed_run,3758160,2319,caught,1,decode
1239,truncation,4343767,42474,caught,1,decode
1240,header,1019,1,caught,1,decode
1241,payload,2801016,1,caught,1,decode
1242,bit_flip,659030,1,caught,1,decode
1243,random_bytes,3220873,10,caught,1,decode
1244,zeroed_run,1461415,1016,caught,1,decode
1245,truncation,2717063,1669178,caught,1,decode
1246,header,205,1,caught,1,decode
1247,payload,1811376,1,caught,1,decode
1248,bit_flip,934779,1,caught,1,decode
1249,random_bytes,4336567,13,caught,1,decode
1250,zeroed_run,3250570,2126,caught,1,decode
1251,truncation,1698189,2688052,caught,1,decode
1252,header,2,1,caught,1,decode
1253,payload,1912638,1,caught,1,decode
1254,bit_flip,3626808,1,caught,1,decode
1255,random_bytes,4359800,15,caught,1,decode
1256,zeroed_run,103395,1210,caught,1,decode
1257,truncation,3366166,1020075,caught,1,decode
1258,header,418,1,caught,1,decode
1259,payload,4248651,1,caught,1,decode
1260,bit_flip,3954029,1,caught,1,decode
1261,random_bytes,3450185,8,caught,1,decode
1262,zeroed_run,4271762,1110,caught,1,decode
1263,truncation,4242632,143609,caught,1,decode
1264,header,949,1,caught,1,decode
1265,payload,1002117,1,caught,1,decode
1266,bit_flip,2487473,1,caught,1,decode
1267,random_bytes,336190,7,caught,1,decode
1268,zeroed_run,3481192,1150,caught,1,decode
1269,truncation,622241,3764000,caught,1,decode
1270,header,307,1,caught,1,decode
1271,payload,2728009,1,caught,1,decode
1272,bit_flip,2689950,1,caught,1,decode
1273,random_bytes,2562110,8,caught,1,decode
1274,zeroed_run,183217,1901,SILENT,0,decode
1275,truncation,445004,3941237,caught,1,decode
1276,header,657,1,caught,1,decode
1277,payload,1524575,1,caught,1,decode
1278,bit_flip,267184,1,caught,1,decode
1279,random_bytes,4045350,4,caught,1,decode
1280,zeroed_run,2440972,1287,caught,1,decode
1281,truncation,3127820,1258421,caught,1,decode
1282,header,907,1,caught,1,decode
1283,payload,2776091,1,caught,1,decode
1284,bit_flip,3176185,1,caught,1,decode
1285,random_bytes,1097182,1,caught,1,decode
1286,zeroed_run,1745872,2521,caught,1,decode
1287,truncation,2093595,2292646,caught,1,decode
1288,header,704,1,caught,1,decode
1289,payload,1451558,1,caught,1,decode
1290,bit_flip,2895382,1,caught,1,decode
1291,random_bytes,2036657,6,SILENT,0,decode
1292,zeroed_run,1260738,674,caught,1,decode
1293,truncation,1716150,2670091,caught,1,decode
1294,header,420,1,SILENT,0,decode
1295,payload,2974940,1,caught,1,decode
1296,bit_flip,3866012,1,caught,1,decode
1297,random_bytes,3942794,11,caught,1,decode
1298,zeroed_run,3491789,1089,caught,1,decode
1299,truncation,120855,4265386,caught,1,decode
1300,header,908,1,harmless,0,decode
1301,payload,3917048,1,caught,1,decode
1302,bit_flip,1536558,1,caught,1,decode
1303,random_bytes,864952,4,caught,1,decode
1304,zeroed_run,1658311,389,caught,1,decode
1305,truncation,393303,3992938,caught,1,decode
1306,header,855,1,caught,1,decode
1307,payload,2936502,1,caught,1,decode
1308,bit_flip,3641591,1,caught,1,decode
1309,random_bytes,1063256,15,caught,1,decode
1310,zeroed_run,591221,2625,caught,1,decode
1311,truncation,500705,3885536,caught,1,decode
1312,header,139,1,caught,1,decode
1313,payload,1526094,1,caught,1,decode
1314,bit_flip,1470493,1,caught,1,decode
1315,random_bytes,3104342,6,caught,1,decode
1316,zeroed_run,3032613,910,caught,1,decode
1317,truncation,2214235,2172006,caught,1,decode
1318,header,355,1,caught,1,decode
1319,payload,2792134,1,caught,1,decode
1320,bit_flip,2401412,1,caught,1,decode
1321,random_bytes,3991196,8,caught,1,decode
1322,zeroed_run,3824633,3909,caught,1,decode
1323,truncation,3667367,718874,caught,1,decode
1324,header,170,1,caught,1,decode
1325,payload,818467,1,caught,1,decode
1326,bit_flip,375643,1,caught,1,decode
1327,random_bytes,3980417,5,caught,1,decode
1328,zeroed_run,1006311,2188,caught,1,decode
1329,truncation,600433,3785808,caught,1,decode
1330,header,41,1,caught,1,decode
1331,payload,4363217,1,caught,1,decode
1332,bit_flip,2109885,1,caught,1,decode
1333,random_bytes,2081646,13,caught,1,decode
1334,zeroed_run,2088352,2994,caught,1,decode
1335,truncation,3454271,931970,caught,1,decode
1336,header,892,1,SILENT,0,decode
1337,payload,4194297,1,caught,1,decode
1338,bit_flip,2322629,1,caught,1,decode
1339,random_bytes,2064119,4,caught,1,decode
1340,zeroed_run,1064405,2810,caught,1,decode
1341,truncation,643570,3742671,caught,1,decode
1342,header,494,1,caught,1,decode
1343,payload,954521,1,caught,1,decode
1344,bit_flip,3260665,1,caught,1,decode
1345,random_bytes,1792487,10,caught,1,decode
1346,zeroed_run,448695,3551,caught,1,decode
1347,truncation,4109831,276410,caught,1,decode
1348,header,103,1,caught,1,decode
1349,payload,1633861,1,caught,1,decode
1350,bit_flip,3843964,1,caught,1,decode
1351,random_bytes,236934,14,caught,1,decode
1352,zeroed_run,970369,3395,SILENT,0,decode
1353,truncation,448011,3938230,caught,1,decode
1354,header,82,1,caught,1,decode
1355,payload,1527262,1,caught,1,decode
1356,bit_flip,1464335,1,caught,1,decode
1357,random_bytes,3310354,3,caught,1,decode
1358,zeroed_run,2053537,3357,caught,1,decode
1359,truncation,1759207,2627034,caught,1,decode
1360,header,570,1,caught,1,decode
1361,payload,2627628,1,caught,1,decode
1362,bit_flip,338220,1,caught,1,decode
1363,random_bytes,2346111,8,caught,1,decode
1364,zeroed_run,2158093,2994,caught,1,decode
1365,truncation,3466833,919408,caught,1,decode
1366,header,312,1,caught,1,decode
1367,payload,727751,1,caught,1,decode
1368,bit_flip,3097827,1,caught,1,decode
1369,random_bytes,1885853,8,caught,1,decode
1370,zeroed_run,3120576,1118,caught,1,decode
1371,truncation,994684,3391557,caught,1,decode
1372,header,672,1,caught,1,decode
1373,payload,4112231,1,caught,1,decode
1374,bit_flip,284475,1,caught,1,decode
1375,random_bytes,1565649,1,caught,1,decode
1376,zeroed_run,3140336,3004,caught,1,decode
1377,truncation,1392443,2993798,caught,1,decode
1378,header,813,1,caught,1,decode
1379,payload,2614086,1,caught,1,decode
1380,bit_flip,3125254,1,SILENT,0,decode
1381,random_bytes,3255821,7,caught,1,decode
1382,zeroed_run,2374712,3702,caught,1,decode
1383,truncation,9858,4376383,caught,1,decode
1384,header,997,1,SILENT,0,decode
1385,payload,1990100,1,caught,1,decode
1386,bit_flip,1056254,1,caught,1,decode
1387,random_bytes,3583383,4,SILENT,0,decode
1388,zeroed_run,3971935,3286,caught,1,decode
1389,truncation,708169,3678072,caught,1,decode
1390,header,310,1,caught,1,decode
1391,payload,3166459,1,caught,1,decode
1392,bit_flip,105359,1,caught,1,decode
1393,random_bytes,222293,4,caught,1,decode
1394,zeroed_run,2710653,3773,caught,1,decode
1395,truncation,1648099,2738142,caught,1,decode
1396,header,672,1,caught,1,decode
1397,payload,2266900,1,caught,1,decode
1398,bit_flip,1468057,1,caught,1,decode
1399,random_bytes,503168,16,caught,1,decode
1400,zeroed_run,3130284,1510,SILENT,0,decode
1401,truncation,2205099,2181142,caught,1,decode
1402,header,491,1,caught,1,decode
1403,payload,3462355,1,caught,1,decode
1404,bit_flip,1854516,1,SILENT,0,decode
1405,random_bytes,1429050,9,caught,1,decode
1406,zeroed_run,2683875,1217,caught,1,decode
1407,truncation,46431,4339810,caught,1,decode
1408,header,446,1,caught,1,decode
1409,payload,1148751,1,caught,1,decode
1410,bit_flip,488815,1,caught,1,decode
1411,random_bytes,2650598,3,caught,1,decode
1412,zeroed_run,3478190,641,caught,1,decode
1413,truncation,3717302,668939,caught,1,decode
1414,header,49,1,caught,1,decode
1415,payload,194221,1,caught,1,decode
1416,bit_flip,370063,1,caught,1,decode
1417,random_bytes,1544241,6,caught,1,decode
1418,zeroed_run,3809542,3195,caught,1,decode
1419,truncation,799165,3587076,caught,1,decode
1420,header,597,1,caught,1,decode
1421,payload,1075487,1,caught,1,decode
1422,bit_flip,1395853,1,caught,1,decode
1423,random_bytes,3463404,7,caught,1,decode
1424,zeroed_run,4088059,3164,caught,1,decode
1425,truncation,481691,3904550,caught,1,decode
1426,header,917,1,caught,1,decode
1427,payload,1275856,1,caught,1,decode
1428,bit_flip,4338661,1,caught,1,decode
1429,random_bytes,4377179,7,caught,1,decode
1430,zeroed_run,2640786,2162,caught,1,decode
1431,truncation,2354141,2032100,caught,1,decode
1432,header,673,1,caught,1,decode
1433,payload,1816162,1,SILENT,0,decode
1434,bit_flip,816358,1,caught,1,decode
1435,random_bytes,1613316,5,SILENT,0,decode
1436,zeroed_run,3707976,3091,caught,1,decode
1437,truncation,5360,4380881,caught,1,decode
1438,header,771,1,caught,1,decode
1439,payload,3226632,1,caught,1,decode
1440,bit_flip,3929738,1,caught,1,decode
1441,random_bytes,2260144,1,caught,1,decode
1442,zeroed_run,1004606,2496,caught,1,decode
1443,truncation,206178,4180063,caught,1,decode
1444,header,878,1,caught,1,decode
1445,payload,302369,1,caught,1,decode
1446,bit_flip,699772,1,caught,1,decode
1447,random_bytes,124741,9,caught,1,decode
1448,zeroed_run,1928206,3263,caught,1,decode
1449,truncation,1553945,2832296,caught,1,decode
1450,header,373,1,caught,1,decode
1451,payload,428404,1,SILENT,0,decode
1452,bit_flip,2433850,1,SILENT,0,decode
1453,random_bytes,2914988,4,caught,1,decode
1454,zeroed_run,200337,2374,SILENT,0,decode
1455,truncation,2297245,2088996,caught,1,decode
1456,header,152,1,caught,1,decode
1457,payload,1108496,1,caught,1,decode
1458,bit_flip,4311061,1,caught,1,decode
1459,random_bytes,287949,4,caught,1,decode
1460,zeroed_run,3037579,3934,caught,1,decode
1461,truncation,2186897,2199344,caught,1,decode
1462,header,778,1,caught,1,decode
1463,payload,454495,1,caught,1,decode
1464,bit_flip,1924874,1,caught,1,decode
1465,random_bytes,45573,16,caught,1,decode
1466,zeroed_run,2219879,1232,caught,1,decode
1467,truncation,964848,3421393,caught,1,decode
1468,header,1009,1,caught,1,decode
1469,payload,4259543,1,caught,1,decode
1470,bit_flip,813838,1,caught,1,decode
1471,random_bytes,2394648,16,caught,1,decode
1472,zeroed_run,2254121,2594,caught,1,decode
1473,truncation,2078200,2308041,caught,1,decode
1474,header,171,1,caught,1,decode
1475,payload,1233381,1,caught,1,decode
1476,bit_flip,3450793,1,caught,1,decode
1477,random_bytes,3296931,5,caught,1,decode
1478,zeroed_run,1575467,543,caught,1,decode
1479,truncation,389380,3996861,caught,1,decode
1480,header,279,1,caught,1,decode
1481,payload,3227166,1,caught,1,decode
1482,bit_flip,2925868,1,caught,1,decode
1483,random_bytes,2157936,8,caught,1,decode
1484,zeroed_run,1582175,2894,caught,1,decode
1485,truncation,1949758,2436483,caught,1,decode
1486,header,377,1,caught,1,decode
1487,payload,2454358,1,caught,1,decode
1488,bit_flip,1251549,1,caught,1,decode
1489,random_bytes,3021140,9,caught,1,decode
1490,zeroed_run,2090861,3308,caught,1,decode
1491,truncation,821081,3565160,caught,1,decode
1492,header,266,1,caught,1,decode
1493,payload,1120039,1,caught,1,decode
1494,bit_flip,1760321,1,caught,1,decode
1495,random_bytes,888470,13,caught,1,decode
1496,zeroed_run,4207755,3449,caught,1,decode
1497,truncation,3096606,1289635,caught,1,decode
1498,header,538,1,caught,1,decode
1499,payload,43445,1,caught,1,decode
1500,bit_flip,3330182,1,SILENT,0,decode
1501,random_bytes,3300758,15,caught,1,decode
1502,zeroed_run,4357078,1841,caught,1,decode
1503,truncation,580943,3805298,caught,1,decode
1504,header,340,1,harmless,0,decode
1505,payload,2559106,1,caught,1,decode
1506,bit_flip,1984422,1,caught,1,decode
1507,random_bytes,3868421,8,caught,1,decode
1508,zeroed_run,1743135,1198,caught,1,decode
1509,truncation,4166273,219968,caught,1,decode
1510,header,830,1,caught,1,decode
1511,payload,1884970,1,caught,1,decode
1512,bit_flip,3601113,1,SILENT,0,decode
1513,random_bytes,25268,14,caught,1,decode
1514,zeroed_run,1095438,136,caught,1,decode
1515,truncation,3709955,676286,caught,1,decode
1516,header,370,1,caught,1,decode
1517,payload,594755,1,caught,1,decode
1518,bit_flip,1290003,1,caught,1,decode
1519,random_bytes,4039259,12,caught,1,decode
1520,zeroed_run,2307651,1770,caught,1,decode
1521,truncation,1558044,2828197,caught,1,decode
1522,header,416,1,caught,1,decode
1523,payload,3756703,1,caught,1,decode
1524,bit_flip,2458634,1,caught,1,decode
1525,random_bytes,3881238,15,SILENT,0,decode
1526,zeroed_run,766184,415,caught,1,decode
1527,truncation,1837770,2548471,caught,1,decode
1528,header,885,1,caught,1,decode
1529,payload,1927737,1,caught,1,decode
1530,bit_flip,4313541,1,caught,1,decode
1531,random_bytes,2242051,3,caught,1,decode
1532,zeroed_run,1066378,154,caught,1,decode
1533,truncation,3709267,676974,caught,1,decode
1534,header,782,1,caught,1,decode
1535,payload,1623405,1,caught,1,decode
1536,bit_flip,2288538,1,caught,1,decode
1537,random_bytes,1796917,12,caught,1,decode
1538,zeroed_run,1551328,2348,caught,1,decode
1539,truncation,3998351,387890,caught,1,decode
1540,header,105,1,caught,1,decode
1541,payload,669536,1,caught,1,decode
1542,bit_flip,754620,1,caught,1,decode
1543,random_bytes,2553513,16,caught,1,decode
1544,zeroed_run,4103808,560,caught,1,decode
1545,truncation,972771,3413470,caught,1,decode
1546,header,469,1,caught,1,decode
1547,payload,1396030,1,caught,1,decode
1548,bit_flip,297573,1,caught,1,decode
1549,random_bytes,2923623,6,caught,1,decode
1550,zeroed_run,557056,375,caught,1,decode
1551,truncation,316375,4069866,caught,1,decode
1552,header,259,1,caught,1,decode
1553,payload,84755,1,caught,1,decode
1554,bit_flip,3720952,1,caught,1,decode
1555,random_bytes,1898557,6,caught,1,decode
1556,zeroed_run,760966,1119,caught,1,decode
1557,truncation,143772,4242469,caught,1,decode
1558,header,729,1,caught,1,decode
1559,payload,2439185,1,SILENT,0,decode
1560,bit_flip,2975971,1,caught,1,decode
1561,random_bytes,1250775,9,caught,1,decode
1562,zeroed_run,1397001,1047,caught,1,decode
1563,truncation,2740205,1646036,caught,1,decode
1564,header,280,1,caught,1,decode
1565,payload,889350,1,caught,1,decode
1566,bit_flip,3029054,1,caught,1,decode
1567,random_bytes,2212492,5,caught,1,decode
1568,zeroed_run,3400268,758,caught,1,decode
1569,truncation,3621808,764433,caught,1,decode
1570,header,194,1,caught,1,decode
1571,payload,2236561,1,caught,1,decode
1572,bit_flip,1925405,1,caught,1,decode
1573,random_bytes,1971273,10,caught,1,decode
1574,zeroed_run,3074343,1636,caught,1,decode
1575,truncation,1495731,2890510,caught,1,decode
1576,header,910,1,caught,1,decode
1577,payload,3153027,1,caught,1,decode
1578,bit_flip,3829841,1,caught,1,decode
1579,random_bytes,523299,9,caught,1,decode
1580,zeroed_run,2191514,3745,caught,1,decode
1581,truncation,2565776,1820465,caught,1,decode
1582,header,392,1,caught,1,decode
1583,payload,4360685,1,caught,1,decode
1584,bit_flip,2411609,1,caught,1,decode
1585,random_bytes,1659655,7,caught,1,decode
1586,zeroed_run,854812,2885,caught,1,decode
1587,truncation,2236635,2149606,caught,1,decode
1588,header,42,1,caught,1,decode
1589,payload,239054,1,caught,1,decode
1590,bit_flip,4103587,1,caught,1,decode
1591,random_bytes,3384816,2,caught,1,decode
1592,zeroed_run,686438,2773,caught,1,decode
1593,truncation,620333,3765908,caught,1,decode
1594,header,40,1,caught,1,decode
1595,payload,913927,1,SILENT,0,decode
1596,bit_flip,2580983,1,SILENT,0,decode
1597,random_bytes,3413859,15,caught,1,decode
1598,zeroed_run,3667088,1857,caught,1,decode
1599,truncation,1734993,2651248,caught,1,decode
1600,header,699,1,caught,1,decode
1601,payload,774994,1,caught,1,decode
1602,bit_flip,37299,1,caught,1,decode
1603,random_bytes,3108645,1,caught,1,decode
1604,zeroed_run,870204,1597,caught,1,decode
1605,truncation,910014,3476227,caught,1,decode
1606,header,381,1,harmless,0,decode
1607,payload,2863734,1,caught,1,decode
1608,bit_flip,504170,1,caught,1,decode
1609,random_bytes,1862901,15,SILENT,0,decode
1610,zeroed_run,2968408,3131,caught,1,decode
1611,truncation,4293526,92715,caught,1,decode
1612,header,101,1,SILENT,0,decode
1613,payload,1350995,1,caught,1,decode
1614,bit_flip,1979038,1,caught,1,decode
1615,random_bytes,94370,8,caught,1,decode
1616,zeroed_run,618507,3800,caught,1,decode
1617,truncation,4083854,302387,caught,1,decode
1618,header,531,1,caught,1,decode
1619,payload,75161,1,caught,1,decode
1620,bit_flip,565210,1,caught,1,decode
1621,random_bytes,822039,6,caught,1,decode
1622,zeroed_run,1768242,2395,caught,1,decode
1623,truncation,4328744,57497,caught,1,decode
1624,header,195,1,caught,1,decode
1625,payload,1493739,1,caught,1,decode
1626,bit_flip,4135181,1,caught,1,decode
1627,random_bytes,2787231,7,caught,1,decode
1628,zeroed_run,4094243,812,caught,1,decode
1629,truncation,61377,4324864,caught,1,decode
1630,header,715,1,caught,1,decode
1631,payload,657162,1,caught,1,decode
1632,bit_flip,3588714,1,SILENT,0,decode
1633,random_bytes,299657,9,caught,1,decode
1634,zeroed_run,1308651,2595,caught,1,decode
1635,truncation,479830,3906411,caught,1,decode
1636,header,710,1,SILENT,0,decode
1637,payload,3988572,1,caught,1,decode
1638,bit_flip,1064611,1,caught,1,decode
1639,random_bytes,78923,4,caught,1,decode
1640,zeroed_run,1162276,3308,caught,1,decode
1641,truncation,3442695,943546,caught,1,decode
1642,header,818,1,caught,1,decode
1643,payload,2593459,1,caught,1,decode
1644,bit_flip,1802296,1,caught,1,decode
1645,random_bytes,3041449,14,caught,1,decode
1646,zeroed_run,52148,3320,caught,1,decode
1647,truncation,3610490,775751,caught,1,decode
1648,header,999,1,caught,1,decode
1649,payload,837950,1,caught,1,decode
1650,bit_flip,3417374,1,caught,1,decode
1651,random_bytes,2081827,5,caught,1,decode
1652,zeroed_run,787266,2845,caught,1,decode
1653,truncation,3920581,465660,caught,1,decode
1654,header,93,1,SILENT,0,decode
1655,payload,511660,1,caught,1,decode
1656,bit_flip,3548718,1,caught,1,decode
1657,random_bytes,21653,13,caught,1,decode
1658,zeroed_run,1504258,3383,caught,1,decode
1659,truncation,1393821,2992420,caught,1,decode
1660,header,773,1,SILENT,0,decode
1661,payload,3703513,1,caught,1,decode
1662,bit_flip,4302532,1,caught,1,decode
1663,random_bytes,1525001,12,caught,1,decode
1664,zeroed_run,2012071,3755,SILENT,0,decode
1665,truncation,572753,3813488,caught,1,decode
1666,header,452,1,SILENT,0,decode
1667,payload,4172389,1,caught,1,decode
1668,bit_flip,2436449,1,SILENT,0,decode
1669,random_bytes,2619621,12,caught,1,decode
1670,zeroed_run,3052896,2682,caught,1,decode
1671,truncation,2675810,1710431,caught,1,decode
1672,header,435,1,caught,1,decode
1673,payload,4092444,1,caught,1,decode
1674,bit_flip,65395,1,caught,1,decode
1675,random_bytes,1345197,8,caught,1,decode
1676,zeroed_run,970961,19,SILENT,0,decode
1677,truncation,750896,3635345,caught,1,decode
1678,header,562,1,caught,1,decode
1679,payload,3196701,1,caught,1,decode
1680,bit_flip,3638466,1,caught,1,decode
1681,random_bytes,2841458,8,caught,1,decode
1682,zeroed_run,1365559,1124,caught,1,decode
1683,truncation,1723994,2662247,caught,1,decode
1684,header,639,1,caught,1,decode
1685,payload,507961,1,caught,1,decode
1686,bit_flip,2647793,1,caught,1,decode
1687,random_bytes,2709237,13,caught,1,decode
1688,zeroed_run,3063848,526,caught,1,decode
1689,truncation,1650648,2735593,caught,1,decode
1690,header,66,1,caught,1,decode
1691,payload,652049,1,caught,1,decode
1692,bit_flip,1893803,1,caught,1,decode
1693,random_bytes,1799910,14,caught,1,decode
1694,zeroed_run,579807,3962,caught,1,decode
1695,truncation,3202399,1183842,caught,1,decode
1696,header,903,1,caught,1,decode
1697,payload,3006359,1,caught,1,decode
1698,bit_flip,566247,1,caught,1,decode
1699,random_bytes,413126,7,SILENT,0,decode
1700,zeroed_run,1194005,1695,SILENT,0,decode
1701,truncation,1299486,3086755,caught,1,decode
1702,header,104,1,caught,1,decode
1703,payload,2864564,1,caught,1,decode
1704,bit_flip,2422116,1,caught,1,decode
1705,random_bytes,2428632,14,SILENT,0,decode
1706,zeroed_run,2111227,3453,caught,1,decode
1707,truncation,1480812,2905429,caught,1,decode
1708,header,58,1,caught,1,decode
1709,payload,2106881,1,caught,1,decode
1710,bit_flip,3044450,1,caught,1,decode
1711,random_bytes,1608610,12,SILENT,0,decode
1712,zeroed_run,1068704,1167,caught,1,decode
1713,truncation,1995163,2391078,caught,1,decode
1714,header,291,1,caught,1,decode
1715,payload,2415943,1,caught,1,decode
1716,bit_flip,3492293,1,caught,1,decode
1717,random_bytes,3779483,13,caught,1,decode
1718,zeroed_run,2720136,1854,caught,1,decode
1719,truncation,367835,4018406,caught,1,decode
1720,header,778,1,caught,1,decode
1721,payload,320450,1,caught,1,decode
1722,bit_flip,668965,1,caught,1,decode
1723,random_bytes,843824,3,caught,1,decode
1724,zeroed_run,4296759,791,caught,1,decode
1725,truncation,4312835,73406,caught,1,decode
1726,header,151,1,caught,1,decode
1727,payload,1157316,1,caught,1,decode
1728,bit_flip,2499721,1,caught,1,decode
1729,random_bytes,2415640,15,caught,1,decode
1730,zeroed_run,2217944,2779,caught,1,decode
1731,truncation,3254658,1131583,caught,1,decode
1732,header,414,1,caught,1,decode
1733,payload,3040114,1,caught,1,decode
1734,bit_flip,2472976,1,caught,1,decode
1735,random_bytes,4152610,6,caught,1,decode
1736,zeroed_run,1281165,2377,caught,1,decode
1737,truncation,2573024,1813217,caught,1,decode
1738,header,48,1,caught,1,decode
1739,payload,900228,1,caught,1,decode
1740,bit_flip,3364341,1,caught,1,decode
1741,random_bytes,3802478,5,caught,1,decode
1742,zeroed_run,3093960,652,caught,1,decode
1743,truncation,2823802,1562439,caught,1,decode
1744,header,171,1,caught,1,decode
1745,payload,4084217,1,SILENT,0,decode
1746,bit_flip,2839539,1,caught,1,decode
1747,random_bytes,2029307,8,SILENT,0,decode
1748,zeroed_run,3263802,289,caught,1,decode
1749,truncation,1192739,3193502,caught,1,decode
1750,header,309,1,caught,1,decode
1751,payload,2286583,1,caught,1,decode
1752,bit_flip,1313840,1,caught,1,decode
1753,random_bytes,4243390,3,caught,1,decode
1754,zeroed_run,1388388,558,caught,1,decode
1755,truncation,1469368,2916873,caught,1,decode
1756,header,993,1,caught,1,decode
1757,payload,2896885,1,caught,1,decode
1758,bit_flip,817374,1,caught,1,decode
1759,random_bytes,4248414,1,caught,1,decode
1760,zeroed_run,2681431,3663,caught,1,decode
1761,truncation,1186901,3199340,caught,1,decode
1762,header,114,1,caught,1,decode
1763,payload,2537938,1,caught,1,decode
1764,bit_flip,3765391,1,caught,1,decode
1765,random_bytes,2207350,10,caught,1,decode
1766,zeroed_run,939081,1806,caught,1,decode
1767,truncation,2411780,1974461,caught,1,decode
1768,header,426,1,caught,1,decode
1769,payload,644051,1,caught,1,decode
1770,bit_flip,3093359,1,caught,1,decode
1771,random_bytes,114857,9,caught,1,decode
1772,zeroed_run,141197,4048,caught,1,decode
1773,truncation,501501,3884740,caught,1,decode
1774,header,741,1,SILENT,0,decode
1775,payload,2214064,1,caught,1,decode
1776,bit_flip,2705110,1,caught,1,decode
1777,random_bytes,272403,3,caught,1,decode
1778,zeroed_run,1623559,1034,caught,1,decode
1779,truncation,326004,4060237,caught,1,decode
1780,header,998,1,SILENT,0,decode
1781,payload,3270094,1,caught,1,decode
1782,bit_flip,2903404,1,caught,1,decode
1783,random_bytes,3024182,6,caught,1,decode
1784,zeroed_run,461658,2499,caught,1,decode
1785,truncation,593613,3792628,caught,1,decode
1786,header,982,1,caught,1,decode
1787,payload,501864,1,caught,1,decode
1788,bit_flip,3497456,1,caught,1,decode
1789,random_bytes,2030121,3,SILENT,0,decode
1790,zeroed_run,3233008,951,caught,1,decode
1791,truncation,853357,3532884,caught,1,decode
1792,header,817,1,caught,1,decode
1793,payload,3475439,1,caught,1,decode
1794,bit_flip,462493,1,caught,1,decode
1795,random_bytes,184344,14,SILENT,0,decode
1796,zeroed_run,2999741,1753,caught,1,decode
1797,truncation,4287439,98802,caught,1,decode
1798,header,165,1,SILENT,0,decode
1799,payload,2562044,1,caught,1,decode
1800,bit_flip,3477311,1,caught,1,decode
1801,random_bytes,218719,3,caught,1,decode
1802,zeroed_run,3968377,1816,caught,1,decode
1803,truncation,2376747,2009494,caught,1,decode
1804,header,110,1,caught,1,decode
1805,payload,765335,1,caught,1,decode
1806,bit_flip,682374,1,caught,1,decode
1807,random_bytes,355743,15,caught,1,decode
1808,zeroed_run,1809184,652,caught,1,decode
1809,truncation,3082863,1303378,caught,1,decode
1810,header,110,1,caught,1,decode
1811,payload,2533179,1,caught,1,decode
1812,bit_flip,382987,1,caught,1,decode
1813,random_bytes,2782931,7,caught,1,decode
1814,zeroed_run,814674,1638,caught,1,decode
1815,truncation,1401646,2984595,caught,1,decode
1816,header,1000,1,caught,1,decode
1817,payload,3944960,1,caught,1,decode
1818,bit_flip,4359056,1,caught,1,decode
1819,random_bytes,2318840,1,caught,1,decode
1820,zeroed_run,1092093,3569,caught,1,decode
1821,truncation,4030333,355908,caught,1,decode
1822,header,408,1,caught,1,decode
1823,payload,2571430,1,SILENT,0,decode
1824,bit_flip,97827,1,caught,1,decode
1825,random_bytes,3318505,6,SILENT,0,decode
1826,zeroed_run,800432,1517,caught,1,decode
1827,truncation,1170280,3215961,caught,1,decode
1828,header,774,1,SILENT,0,decode
1829,payload,2737539,1,caught,1,decode
1830,bit_flip,1175516,1,caught,1,decode
1831,random_bytes,3065722,9,caught,1,decode
1832,zeroed_run,922817,932,SILENT,0,decode
1833,truncation,3567443,818798,caught,1,decode
1834,header,821,1,caught,1,decode
1835,payload,579361,1,caught,1,decode
1836,bit_flip,2781207,1,caught,1,decode
1837,random_bytes,1659322,4,caught,1,decode
1838,zeroed_run,4326544,267,caught,1,decode
1839,truncation,1403876,2982365,caught,1,decode
1840,header,75,1,caught,1,decode
1841,payload,529522,1,caught,1,decode
1842,bit_flip,1482611,1,caught,1,decode
1843,random_bytes,2590366,4,caught,1,decode
1844,zeroed_run,4302174,2676,caught,1,decode
1845,truncation,461073,3925168,caught,1,decode
1846,header,28,1,harmless,0,decode
1847,payload,2317496,1,caught,1,decode
1848,bit_flip,534799,1,caught,1,decode
1849,random_bytes,1996126,2,caught,1,decode
1850,zeroed_run,3178999,1580,caught,1,decode
1851,truncation,2053376,2332865,caught,1,decode
1852,header,525,1,caught,1,decode
1853,payload,1198474,1,SILENT,0,decode
1854,bit_flip,2140305,1,caught,1,decode
1855,random_bytes,203958,9,SILENT,0,decode
1856,zeroed_run,1300743,2135,caught,1,decode
1857,truncation,293565,4092676,caught,1,decode
1858,header,789,1,caught,1,decode
1859,payload,990091,1,caught,1,decode
1860,bit_flip,3517866,1,caught,1,decode
1861,random_bytes,1084929,12,caught,1,decode
1862,zeroed_run,3092908,3145,caught,1,decode
1863,truncation,3687122,699119,caught,1,decode
1864,header,4,1,caught,1,decode
1865,payload,4139550,1,caught,1,decode
1866,bit_flip,1889323,1,caught,1,decode
1867,random_bytes,2947862,11,caught,1,decode
1868,zeroed_run,330508,438,caught,1,decode
1869,truncation,289600,4096641,caught,1,decode
1870,header,39,1,caught,1,decode
1871,payload,2645858,1,caught,1,decode
1872,bit_flip,1690419,1,caught,1,decode
1873,random_bytes,895444,7,caught,1,decode
1874,zeroed_run,2111695,2614,caught,1,decode
1875,truncation,4108317,277924,caught,1,decode
1876,header,168,1,caught,1,decode
1877,payload,1216618,1,caught,1,decode
1878,bit_flip,2861808,1,caught,1,decode
1879,random_bytes,1108469,12,caught,1,decode
1880,zeroed_run,2891218,1971,caught,1,decode
1881,truncation,712709,3673532,caught,1,decode
1882,header,53,1,caught,1,decode
1883,payload,4255979,1,caught,1,decode
1884,bit_flip,2278077,1,caught,1,decode
1885,random_bytes,327292,15,caught,1,decode
1886,zeroed_run,1326173,3736,caught,1,decode
1887,truncation,885827,3500414,caught,1,decode
1888,header,770,1,caught,1,decode
1889,payload,2143954,1,caught,1,decode
1890,bit_flip,986471,1,caught,1,decode
1891,random_bytes,1034418,1,caught,1,decode
1892,zeroed_run,1540029,569,caught,1,decode
1893,truncation,124283,4261958,caught,1,decode
1894,header,975,1,caught,1,decode
1895,payload,265823,1,caught,1,decode
1896,bit_flip,1007777,1,caught,1,decode
1897,random_bytes,3243153,10,caught,1,decode
1898,zeroed_run,1649409,966,caught,1,decode
1899,truncation,177483,4208758,caught,1,decode
1900,header,285,1,SILENT,0,decode
1901,payload,2896699,1,caught,1,decode
1902,bit_flip,4280535,1,caught,1,decode
1903,random_bytes,2747538,15,caught,1,decode
1904,zeroed_run,624372,2786,caught,1,decode
1905,truncation,2017746,2368495,caught,1,decode
1906,header,137,1,caught,1,decode
1907,payload,2528922,1,caught,1,decode
1908,bit_flip,3634301,1,caught,1,decode
1909,random_bytes,1953048,1,caught,1,decode
1910,zeroed_run,1811902,3885,caught,1,decode
1911,truncation,1288809,3097432,caught,1,decode
1912,header,498,1,caught,1,decode
1913,payload,1798754,1,caught,1,decode
1914,bit_flip,3518854,1,caught,1,decode
1915,random_bytes,1621754,6,SILENT,0,decode
1916,zeroed_run,3740305,498,caught,1,decode
1917,truncation,2398028,1988213,caught,1,decode
1918,header,595,1,caught,1,decode
1919,payload,1415857,1,caught,1,decode
1920,bit_flip,3162117,1,caught,1,decode
1921,random_bytes,3574785,10,caught,1,decode
1922,zeroed_run,148431,2045,caught,1,decode
1923,truncation,874407,3511834,caught,1,decode
1924,header,59,1,caught,1,decode
1925,payload,3292937,1,caught,1,decode
1926,bit_flip,960267,1,caught,1,decode
1927,random_bytes,1209787,2,caught,1,decode
1928,zeroed_run,1835901,1874,caught,1,decode
1929,truncation,2622981,1763260,caught,1,decode
1930,header,786,1,caught,1,decode
1931,payload,2152325,1,caught,1,decode
1932,bit_flip,1419222,1,caught,1,decode
1933,random_bytes,2185449,16,caught,1,decode
1934,zeroed_run,3992124,2262,caught,1,decode
1935,truncation,999870,3386371,caught,1,decode
1936,header,946,1,caught,1,decode
1937,payload,4248845,1,caught,1,decode
1938,bit_flip,1349920,1,caught,1,decode
1939,random_bytes,3524236,9,caught,1,decode
1940,zeroed_run,2720411,1412,caught,1,decode
1941,truncation,3009871,1376370,caught,1,decode
1942,header,676,1,harmless,0,decode
1943,payload,1377510,1,caught,1,decode
1944,bit_flip,1388029,1,caught,1,decode
1945,random_bytes,2483843,3,caught,1,decode
1946,zeroed_run,328666,2064,caught,1,decode
1947,truncation,3788569,597672,caught,1,decode
1948,header,19,1,caught,1,decode
1949,payload,2114772,1,caught,1,decode
1950,bit_flip,2508617,1,caught,1,decode
1951,random_bytes,1102401,13,caught,1,decode
1952,zeroed_run,1023608,1149,caught,1,decode
1953,truncation,266432,4119809,caught,1,decode
1954,header,491,1,caught,1,decode
1955,payload,4094986,1,caught,1,decode
1956,bit_flip,1914928,1,caught,1,decode
1957,random_bytes,3853100,16,caught,1,decode
1958,zeroed_run,1465380,519,caught,1,decode
1959,truncation,1988438,2397803,caught,1,decode
1960,header,248,1,caught,1,decode
1961,payload,3363326,1,caught,1,decode
1962,bit_flip,3385828,1,caught,1,decode
1963,random_bytes,847776,4,caught,1,decode
1964,zeroed_run,1929065,1344,caught,1,decode
1965,truncation,714097,3672144,caught,1,decode
1966,header,307,1,caught,1,decode
1967,payload,2220411,1,caught,1,decode
1968,bit_flip,68005,1,caught,1,decode
1969,random_bytes,829351,8,caught,1,decode
1970,zeroed_run,4370136,1661,caught,1,decode
1971,truncation,2177148,2209093,caught,1,decode
1972,header,396,1,caught,1,decode
1973,payload,1835915,1,caught,1,decode
1974,bit_flip,1113990,1,caught,1,decode
1975,random_bytes,2915944,3,caught,1,decode
1976,zeroed_run,3179885,3179,caught,1,decode
1977,truncation,3466563,919678,caught,1,decode
1978,header,892,1,SILENT,0,decode
1979,payload,2437609,1,SILENT,0,decode
1980,bit_flip,1768196,1,caught,1,decode
1981,random_bytes,519125,13,caught,1,decode
1982,zeroed_run,3287017,3762,caught,1,decode
1983,truncation,467093,3919148,caught,1,decode
1984,header,240,1,caught,1,decode
1985,payload,2052649,1,caught,1,decode
1986,bit_flip,1228734,1,caught,1,decode
1987,random_bytes,1441233,16,caught,1,decode
1988,zeroed_run,1087911,2443,caught,1,decode
1989,truncation,842884,3543357,caught,1,decode
1990,header,789,1,caught,1,decode
1991,payload,3184687,1,caught,1,decode
1992,bit_flip,2068031,1,caught,1,decode
1993,random_bytes,789318,1,caught,1,decode
1994,zeroed_run,4224643,428,caught,1,decode
1995,truncation,3806566,579675,caught,1,decode
1996,header,524,1,caught,1,decode
1997,payload,80344,1,caught,1,decode
1998,bit_flip,3253145,1,caught,1,decode
1999,random_bytes,4079996,1,SILENT,0,decode
2000,zeroed_run,2608571,1433,caught,1,decode
2001,truncation,2118298,2267943,caught,1,decode
2002,header,724,1,SILENT,0,decode
2003,payload,9276,1,caught,1,decode
2004,bit_flip,2569830,1,SILENT,0,decode
2005,random_bytes,3035953,10,caught,1,decode
2006,zeroed_run,1847715,918,caught,1,decode
2007,truncation,1891447,2494794,caught,1,decode
2008,header,902,1,SILENT,0,decode
2009,payload,2638983,1,caught,1,decode
2010,bit_flip,2019773,1,SILENT,0,decode
2011,random_bytes,3879791,14,SILENT,0,decode
2012,zeroed_run,1898004,1681,caught,1,decode
2013,truncation,521847,3864394,caught,1,decode
2014,header,29,1,harmless,0,decode
2015,payload,1840610,1,caught,1,decode
2016,bit_flip,2956160,1,caught,1,decode
2017,random_bytes,4256360,7,caught,1,decode
2018,zeroed_run,6817,1407,caught,1,decode
2019,truncation,259796,4126445,caught,1,decode
2020,header,535,1,caught,1,decode
2021,payload,168016,1,caught,1,decode
2022,bit_flip,2636543,1,caught,1,decode
2023,random_bytes,1540379,16,caught,1,decode
2024,zeroed_run,599540,2287,caught,1,decode
2025,truncation,2658304,1727937,caught,1,decode
2026,header,800,1,caught,1,decode
2027,payload,779281,1,caught,1,decode
2028,bit_flip,4383338,1,caught,1,decode
2029,random_bytes,453609,9,caught,1,decode
2030,zeroed_run,652817,1967,caught,1,decode
2031,truncation,2024919,2361322,caught,1,decode
2032,header,72,1,caught,1,decode
2033,payload,1261600,1,caught,1,decode
2034,bit_flip,2132031,1,caught,1,decode
2035,random_bytes,3175045,14,caught,1,decode
2036,zeroed_run,1063749,1575,caught,1,decode
2037,truncation,2019498,2366743,caught,1,decode
2038,header,999,1,caught,1,decode
2039,payload,1515698,1,caught,1,decode
2040,bit_flip,2425681,1,SILENT,0,decode
2041,random_bytes,1068982,5,caught,1,decode
2042,zeroed_run,981938,979,caught,1,decode
2043,truncation,1216307,3169934,caught,1,decode
2044,header,554,1,caught,1,decode
2045,payload,981396,1,caught,1,decode
2046,bit_flip,3713409,1,caught,1,decode
2047,random_bytes,3194626,3,caught,1,decode
2048,zeroed_run,2443991,2001,caught,1,decode
2049,truncation,3742649,643592,caught,1,decode
2050,header,202,1,caught,1,decode
2051,payload,2413559,1,caught,1,decode
2052,bit_flip,1803863,1,caught,1,decode
2053,random_bytes,2380534,9,caught,1,decode
2054,zeroed_run,2319177,2393,caught,1,decode
2055,truncation,3205562,1180679,caught,1,decode
2056,header,545,1,caught,1,decode
2057,payload,1702747,1,caught,1,decode
2058,bit_flip,3359059,1,caught,1,decode
2059,random_bytes,3272633,5,caught,1,decode
2060,zeroed_run,3906172,3363,caught,1,decode
2061,truncation,1200373,3185868,caught,1,decode
2062,header,669,1,SILENT,0,decode
2063,payload,83946,1,caught,1,decode
2064,bit_flip,1844120,1,caught,1,decode
2065,random_bytes,484537,15,caught,1,decode
2066,zeroed_run,2986151,3512,caught,1,decode
2067,truncation,3076496,1309745,caught,1,decode
2068,header,76,1,SILENT,0,decode
2069,payload,1698269,1,caught,1,decode
2070,bit_flip,4341809,1,caught,1,decode
2071,random_bytes,893791,7,caught,1,decode
2072,zeroed_run,2454162,913,caught,1,decode
2073,truncation,2127189,2259052,caught,1,decode
2074,header,202,1,caught,1,decode
2075,payload,2446751,1,caught,1,decode
2076,bit_flip,3033203,1,caught,1,decode
2077,random_bytes,1452556,6,caught,1,decode
2078,zeroed_run,1380035,1313,caught,1,decode
2079,truncation,2479055,1907186,caught,1,decode
2080,header,829,1,harmless,0,decode
2081,payload,59358,1,caught,1,decode
2082,bit_flip,2727538,1,caught,1,decode
2083,random_bytes,4070881,16,SILENT,0,decode
2084,zeroed_run,496427,1824,caught,1,decode
2085,truncation,4144386,241855,caught,1,decode
2086,header,291,1,caught,1,decode
2087,payload,3635099,1,caught,1,decode
2088,bit_flip,3079925,1,caught,1,decode
2089,random_bytes,4246842,1,caught,1,decode
2090,zeroed_run,148897,1359,caught,1,decode
2091,truncation,2069875,2316366,caught,1,decode
2092,header,565,1,caught,1,decode
2093,payload,1540043,1,caught,1,decode
2094,bit_flip,1321325,1,caught,1,decode
2095,random_bytes,3331492,1,SILENT,0,decode
2096,zeroed_run,195790,405,SILENT,0,decode
2097,truncation,3494068,892173,caught,1,decode
2098,header,398,1,caught,1,decode
2099,payload,3790118,1,caught,1,decode
2100,bit_flip,1108233,1,caught,1,decode
2101,random_bytes,3476969,16,caught,1,decode
2102,zeroed_run,2412340,1201,caught,1,decode
2103,truncation,1845855,2540386,caught,1,decode
2104,header,1009,1,caught,1,decode
2105,payload,687735,1,caught,1,decode
2106,bit_flip,3323680,1,SILENT,0,decode
2107,random_bytes,2693085,9,caught,1,decode
2108,zeroed_run,1422358,674,caught,1,decode
2109,truncation,1243532,3142709,caught,1,decode
2110,header,1020,1,harmless,0,decode
2111,payload,3180949,1,caught,1,decode
2112,bit_flip,2106976,1,caught,1,decode
2113,random_bytes,2659723,10,caught,1,decode
2114,zeroed_run,922747,2444,SILENT,0,decode
2115,truncation,2658728,1727513,caught,1,decode
2116,header,802,1,caught,1,decode
2117,payload,3083939,1,caught,1,decode
2118,bit_flip,1675541,1,caught,1,decode
2119,random_bytes,3008090,11,caught,1,decode
2120,zeroed_run,3669178,3793,caught,1,decode
2121,truncation,1192623,3193618,caught,1,decode
2122,header,419,1,caught,1,decode
2123,payload,2047240,1,caught,1,decode
2124,bit_flip,1386935,1,caught,1,decode
2125,random_bytes,2169105,1,caught,1,decode
2126,zeroed_run,3598858,2646,SILENT,0,decode
2127,truncation,392762,3993479,caught,1,decode
2128,header,127,1,caught,1,decode
2129,payload,1161815,1,caught,1,decode
2130,bit_flip,70278,1,caught,1,decode
2131,random_bytes,1488060,10,caught,1,decode
2132,zeroed_run,3025967,3646,caught,1,decode
2133,truncation,894965,3491276,caught,1,decode
2134,header,952,1,caught,1,decode
2135,payload,3868708,1,caught,1,decode
2136,bit_flip,89428,1,caught,1,decode
2137,random_bytes,2361495,11,caught,1,decode
2138,zeroed_run,3504447,281,caught,1,decode
2139,truncation,109467,4276774,caught,1,decode
2140,header,171,1,caught,1,decode
2141,payload,4083327,1,SILENT,0,decode
2142,bit_flip,964358,1,SILENT,0,decode
2143,random_bytes,3639845,14,caught,1,decode
2144,zeroed_run,73557,1425,caught,1,decode
2145,truncation,415528,3970713,caught,1,decode
2146,header,75,1,caught,1,decode
2147,payload,2645709,1,caught,1,decode
2148,bit_flip,2069124,1,caught,1,decode
2149,random_bytes,2225102,10,caught,1,decode
2150,zeroed_run,1005696,1697,caught,1,decode
2151,truncation,1625960,2760281,caught,1,decode
2152,header,184,1,caught,1,decode
2153,payload,107745,1,caught,1,decode
2154,bit_flip,1952871,1,caught,1,decode
2155,random_bytes,3515000,8,caught,1,decode
2156,zeroed_run,348428,3892,caught,1,decode
2157,truncation,519102,3867139,caught,1,decode
2158,header,73,1,caught,1,decode
2159,payload,2143860,1,caught,1,decode
2160,bit_flip,698287,1,caught,1,decode
2161,random_bytes,2877647,10,caught,1,decode
2162,zeroed_run,890021,2407,caught,1,decode
2163,truncation,864613,3521628,caught,1,decode
2164,header,421,1,SILENT,0,decode
2165,payload,2805311,1,caught,1,decode
2166,bit_flip,46946,1,caught,1,decode
2167,random_bytes,3499254,4,caught,1,decode
2168,zeroed_run,2575124,120,SILENT,0,decode
2169,truncation,3655985,730256,caught,1,decode
2170,header,288,1,caught,1,decode
2171,payload,1081695,1,caught,1,decode
2172,bit_flip,1129619,1,caught,1,decode
2173,random_bytes,3840305,5,caught,1,decode
2174,zeroed_run,3040364,3659,caught,1,decode
2175,truncation,3195906,1190335,caught,1,decode
2176,header,417,1,caught,1,decode
2177,payload,2117161,1,caught,1,decode
2178,bit_flip,3431074,1,caught,1,decode
2179,random_bytes,546178,3,caught,1,decode
2180,zeroed_run,3111039,3396,caught,1,decode
2181,truncation,3434565,951676,caught,1,decode
2182,header,791,1,caught,1,decode
2183,payload,3910103,1,caught,1,decode
2184,bit_flip,1992721,1,caught,1,decode
2185,random_bytes,85237,10,caught,1,decode
2186,zeroed_run,2102924,2125,caught,1,decode
2187,truncation,705667,3680574,caught,1,decode
2188,header,734,1,caught,1,decode
2189,payload,4352940,1,caught,1,decode
2190,bit_flip,93962,1,caught,1,decode
2191,random_bytes,974504,5,SILENT,0,decode
2192,zeroed_run,1716523,194,SILENT,0,decode
2193,truncation,1607885,2778356,caught,1,decode
2194,header,916,1,SILENT,0,decode
2195,payload,3398775,1,caught,1,decode
2196,bit_flip,207671,1,SILENT,0,decode
2197,random_bytes,2922175,15,caught,1,decode
2198,zeroed_run,1719712,78,SILENT,0,decode
2199,truncation,3145895,1240346,caught,1,decode
2200,header,892,1,SILENT,0,decode
2201,payload,641230,1,caught,1,decode
2202,bit_flip,3844954,1,caught,1,decode
2203,random_bytes,1005184,10,caught,1,decode
2204,zeroed_run,1598106,1355,caught,1,decode
2205,truncation,2236433,2149808,caught,1,decode
2206,header,944,1,caught,1,decode
2207,payload,3847387,1,caught,1,decode
2208,bit_flip,562188,1,caught,1,decode
2209,random_bytes,3321547,16,SILENT,0,decode
2210,zeroed_run,2499394,1075,caught,1,decode
2211,truncation,1085387,3300854,caught,1,decode
2212,header,337,1,caught,1,decode
2213,payload,2408900,1,caught,1,decode
2214,bit_flip,1763721,1,caught,1,decode
2215,random_bytes,97586,5,caught,1,decode
2216,zeroed_run,49235,511,caught,1,decode
2217,truncation,2759507,1626734,caught,1,decode
2218,header,348,1,SILENT,0,decode
2219,payload,791118,1,caught,1,decode
2220,bit_flip,2651687,1,caught,1,decode
2221,random_bytes,537116,14,caught,1,decode
2222,zeroed_run,3801898,416,caught,1,decode
2223,truncation,3549724,836517,caught,1,decode
2224,header,480,1,caught,1,decode
2225,payload,3737461,1,caught,1,decode
2226,bit_flip,2886353,1,caught,1,decode
2227,random_bytes,905251,12,caught,1,decode
2228,zeroed_run,2281917,203,caught,1,decode
2229,truncation,2611977,1774264,caught,1,decode
2230,header,954,1,caught,1,decode
2231,payload,1226509,1,caught,1,decode
2232,bit_flip,1522829,1,caught,1,decode
2233,random_bytes,1187562,12,caught,1,decode
2234,zeroed_run,2951833,2258,caught,1,decode
2235,truncation,1749855,2636386,caught,1,decode
2236,header,101,1,SILENT,0,decode
2237,payload,1841580,1,caught,1,decode
2238,bit_flip,329321,1,caught,1,decode
2239,random_bytes,3111980,9,caught,1,decode
2240,zeroed_run,3877093,838,SILENT,0,decode
2241,truncation,3281574,1104667,caught,1,decode
2242,header,202,1,caught,1,decode
2243,payload,2194701,1,caught,1,decode
2244,bit_flip,2174405,1,caught,1,decode
2245,random_bytes,2205699,4,caught,1,decode
2246,zeroed_run,1136592,3267,caught,1,decode
2247,truncation,1083013,3303228,caught,1,decode
2248,header,354,1,caught,1,decode
2249,payload,4092798,1,caught,1,decode
2250,bit_flip,3954129,1,caught,1,decode
2251,random_bytes,3800696,10,caught,1,decode
2252,zeroed_run,1014146,3463,caught,1,decode
2253,truncation,1930347,2455894,caught,1,decode
2254,header,33,1,harmless,0,decode
2255,payload,1489245,1,caught,1,decode
2256,bit_flip,2680880,1,caught,1,decode
2257,random_bytes,1823689,12,SILENT,0,decode
2258,zeroed_run,2850941,41,caught,1,decode
2259,truncation,2504065,1882176,caught,1,decode
2260,header,461,1,caught,1,decode
2261,payload,2333086,1,caught,1,decode
2262,bit_flip,3549338,1,caught,1,decode
2263,random_bytes,2621489,16,caught,1,decode
2264,zeroed_run,2610917,3886,caught,1,decode
2265,truncation,4285120,101121,caught,1,decode
2266,header,864,1,caught,1,decode
2267,payload,1733801,1,caught,1,decode
2268,bit_flip,2983963,1,caught,1,decode
2269,random_bytes,3205406,4,caught,1,decode
2270,zeroed_run,2069028,2739,caught,1,decode
2271,truncation,2658591,1727650,caught,1,decode
2272,header,465,1,caught,1,decode
2273,payload,2766961,1,caught,1,decode
2274,bit_flip,2178878,1,caught,1,decode
2275,random_bytes,4279481,7,caught,1,decode
2276,zeroed_run,1187284,1388,caught,1,decode
2277,truncation,1934503,2451738,caught,1,decode
2278,header,72,1,caught,1,decode
2279,payload,512371,1,caught,1,decode
2280,bit_flip,1999086,1,caught,1,decode
2281,random_bytes,2518126,5,caught,1,decode
2282,zeroed_run,1379313,3631,caught,1,decode
2283,truncation,3217953,1168288,caught,1,decode
2284,header,99,1,caught,1,decode
2285,payload,599900,1,caught,1,decode
2286,bit_flip,861403,1,caught,1,decode
2287,random_bytes,4025455,1,SILENT,0,decode
2288,zeroed_run,117813,3418,caught,1,decode
2289,truncation,4272476,113765,caught,1,decode
2290,header,603,1,caught,1,decode
2291,payload,2671158,1,SILENT,0,decode
2292,bit_flip,3775441,1,caught,1,decode
2293,random_bytes,3405766,15,caught,1,decode
2294,zeroed_run,1925131,3205,caught,1,decode
2295,truncation,3895852,490389,caught,1,decode
2296,header,561,1,caught,1,decode
2297,payload,1597213,1,caught,1,decode
2298,bit_flip,2972140,1,caught,1,decode
2299,random_bytes,1289896,4,caught,1,decode
2300,zeroed_run,185769,4038,SILENT,0,decode
2301,truncation,3364807,1021434,caught,1,decode
2302,header,572,1,harmless,0,decode
2303,payload,1886,1,caught,1,decode
2304,bit_flip,3109710,1,caught,1,decode
2305,random_bytes,753142,7,caught,1,decode
2306,zeroed_run,1996546,1980,caught,1,decode
2307,truncation,1773289,2612952,caught,1,decode
2308,header,632,1,caught,1,decode
2309,payload,3097281,1,caught,1,decode
2310,bit_flip,4214466,1,caught,1,decode
2311,random_bytes,37210,8,caught,1,decode
2312,zeroed_run,3340572,3038,caught,1,decode
2313,truncation,2908263,1477978,caught,1,decode
2314,header,330,1,caught,1,decode
2315,payload,3573780,1,caught,1,decode
2316,bit_flip,2574081,1,SILENT,0,decode
2317,random_bytes,154819,9,caught,1,decode
2318,zeroed_run,3387439,748,caught,1,decode
2319,truncation,2792750,1593491,caught,1,decode
2320,header,21,1,SILENT,0,decode
2321,payload,2856353,1,caught,1,decode
2322,bit_flip,3980606,1,caught,1,decode
2323,random_bytes,3206325,4,caught,1,decode
2324,zeroed_run,1081243,1703,caught,1,decode
2325,truncation,3769230,617011,caught,1,decode
2326,header,389,1,SILENT,0,decode
2327,payload,3060325,1,caught,1,decode
2328,bit_flip,4049437,1,caught,1,decode
2329,random_bytes,3248980,5,caught,1,decode
2330,zeroed_run,3998802,665,caught,1,decode
2331,truncation,4083735,302506,caught,1,decode
2332,header,49,1,caught,1,decode
2333,payload,2859682,1,caught,1,decode
2334,bit_flip,861230,1,caught,1,decode
2335,random_bytes,3200474,4,caught,1,decode
2336,zeroed_run,3333854,2211,caught,1,decode
2337,truncation,1137387,3248854,caught,1,decode
2338,header,848,1,caught,1,decode
2339,payload,3598928,1,SILENT,0,decode
2340,bit_flip,3938933,1,caught,1,decode
2341,random_bytes,4188244,12,caught,1,decode
2342,zeroed_run,3114345,297,caught,1,decode
2343,truncation,3377065,1009176,caught,1,decode
2344,header,128,1,caught,1,decode
2345,payload,1797508,1,caught,1,decode
2346,bit_flip,3060156,1,caught,1,decode
2347,random_bytes,2766584,7,caught,1,decode
2348,zeroed_run,1388253,584,caught,1,decode
2349,truncation,3034273,1351968,caught,1,decode
2350,header,872,1,caught,1,decode
2351,payload,246370,1,caught,1,decode
2352,bit_flip,4272268,1,caught,1,decode
2353,random_bytes,3696815,11,caught,1,decode
2354,zeroed_run,2120401,2709,caught,1,decode
2355,truncation,455936,3930305,caught,1,decode
2356,header,298,1,caught,1,decode
2357,payload,3403175,1,caught,1,decode
2358,bit_flip,565479,1,caught,1,decode
2359,random_bytes,3176618,12,caught,1,decode
2360,zeroed_run,555375,3044,caught,1,decode
2361,truncation,1756753,2629488,caught,1,decode
2362,header,14,1,caught,1,decode
2363,payload,2642469,1,caught,1,decode
2364,bit_flip,3527290,1,caught,1,decode
2365,random_bytes,4085508,9,SILENT,0,decode
2366,zeroed_run,3243306,83,caught,1,decode
2367,truncation,2041809,2344432,caught,1,decode
2368,header,586,1,caught,1,decode
2369,payload,1140243,1,caught,1,decode
2370,bit_flip,4164557,1,caught,1,decode
2371,random_bytes,334839,9,caught,1,decode
2372,zeroed_run,2343471,3463,caught,1,decode
2373,truncation,33638,4352603,caught,1,decode
2374,header,347,1,caught,1,decode
2375,payload,2200053,1,caught,1,decode
2376,bit_flip,3473718,1,caught,1,decode
2377,random_bytes,4131986,2,caught,1,decode
2378,zeroed_run,1130471,2357,caught,1,decode
2379,truncation,3642720,743521,caught,1,decode
2380,header,69,1,SILENT,0,decode
2381,payload,2883234,1,caught,1,decode
2382,bit_flip,686255,1,caught,1,decode
2383,random_bytes,3419007,6,caught,1,decode
2384,zeroed_run,1128683,501,caught,1,decode
2385,truncation,3090407,1295834,caught,1,decode
2386,header,486,1,SILENT,0,decode
2387,payload,2311906,1,caught,1,decode
2388,bit_flip,3633687,1,caught,1,decode
2389,random_bytes,2284845,4,caught,1,decode
2390,zeroed_run,2397390,3964,caught,1,decode
2391,truncation,3605668,780573,caught,1,decode
2392,header,181,1,caught,1,decode
2393,payload,2180287,1,caught,1,decode
2394,bit_flip,4125455,1,caught,1,decode
2395,random_bytes,2464924,10,caught,1,decode
2396,zeroed_run,1163734,1968,caught,1,decode
2397,truncation,31711,4354530,caught,1,decode
2398,header,56,1,caught,1,decode
2399,payload,2323545,1,caught,1,decode
2400,bit_flip,285090,1,caught,1,decode
2401,random_bytes,3609864,7,SILENT,0,decode
2402,zeroed_run,4187079,3201,caught,1,decode
2403,truncation,3232095,1154146,caught,1,decode
2404,header,613,1,SILENT,0,decode
2405,payload,1756911,1,caught,1,decode
2406,bit_flip,2309329,1,caught,1,decode
2407,random_bytes,3327069,3,SILENT,0,decode
2408,zeroed_run,2299590,1040,caught,1,decode
2409,truncation,3146041,1240200,caught,1,decode
2410,header,96,1,caught,1,decode
2411,payload,1133992,1,caught,1,decode
2412,bit_flip,2694068,1,caught,1,decode
2413,random_bytes,2871064,4,caught,1,decode
2414,zeroed_run,3248646,3596,caught,1,decode
2415,truncation,481590,3904651,caught,1,decode
2416,header,390,1,SILENT,0,decode
2417,payload,32143,1,caught,1,decode
2418,bit_flip,1391465,1,caught,1,decode
2419,random_bytes,2434800,11,SILENT,0,decode
2420,zeroed_run,3300085,1533,caught,1,decode
2421,truncation,2091705,2294536,caught,1,decode
2422,header,420,1,SILENT,0,decode
2423,payload,4380013,1,caught,1,decode
2424,bit_flip,2860780,1,caught,1,decode
2425,random_bytes,1559045,13,caught,1,decode
2426,zeroed_run,3923219,3909,caught,1,decode
2427,truncation,1068384,3317857,caught,1,decode
2428,header,926,1,caught,1,decode
2429,payload,1310878,1,caught,1,decode
2430,bit_flip,3622712,1,caught,1,decode
2431,random_bytes,3711890,12,caught,1,decode
2432,zeroed_run,2545599,2002,caught,1,decode
2433,truncation,4082510,303731,caught,1,decode
2434,header,449,1,caught,1,decode
2435,payload,3083903,1,caught,1,decode
2436,bit_flip,2786007,1,caught,1,decode
2437,random_bytes,3365173,7,caught,1,decode
2438,zeroed_run,4245903,319,caught,1,decode
2439,truncation,2073836,2312405,caught,1,decode
2440,header,396,1,harmless,0,decode
2441,payload,135796,1,caught,1,decode
2442,bit_flip,3021051,1,caught,1,decode
2443,random_bytes,1138370,2,caught,1,decode
2444,zeroed_run,775530,404,caught,1,decode
2445,truncation,355809,4030432,caught,1,decode
2446,header,565,1,caught,1,decode
2447,payload,1406345,1,caught,1,decode
2448,bit_flip,1190729,1,SILENT,0,decode
2449,random_bytes,3479204,14,caught,1,decode
2450,zeroed_run,3886906,3856,SILENT,0,decode
2451,truncation,3025211,1361030,caught,1,decode
2452,header,436,1,caught,1,decode
2453,payload,998449,1,caught,1,decode
2454,bit_flip,743812,1,caught,1,decode
2455,random_bytes,2635613,13,caught,1,decode
2456,zeroed_run,2897960,3331,caught,1,decode
2457,truncation,1578263,2807978,caught,1,decode
2458,header,889,1,caught,1,decode
2459,payload,1783785,1,caught,1,decode
2460,bit_flip,1401857,1,caught,1,decode
2461,random_bytes,1160697,15,caught,1,decode
2462,zeroed_run,1663012,4092,caught,1,decode
2463,truncation,2781778,1604463,caught,1,decode
2464,header,976,1,caught,1,decode
2465,payload,1317325,1,caught,1,decode
2466,bit_flip,2408375,1,caught,1,decode
2467,random_bytes,1860026,15,SILENT,0,decode
2468,zeroed_run,3156908,41,caught,1,decode
2469,truncation,2860849,1525392,caught,1,decode
2470,header,625,1,caught,1,decode
2471,payload,3711392,1,caught,1,decode
2472,bit_flip,3190241,1,caught,1,decode
2473,random_bytes,1772091,2,caught,1,decode
2474,zeroed_run,1489095,3192,caught,1,decode
2475,truncation,3294325,1091916,caught,1,decode
2476,header,465,1,caught,1,decode
2477,payload,3679566,1,caught,1,decode
2478,bit_flip,4300272,1,caught,1,decode
2479,random_bytes,3285830,10,caught,1,decode
2480,zeroed_run,201356,3242,SILENT,0,decode
2481,truncation,2598825,1787416,caught,1,decode
2482,header,512,1,caught,1,decode
2483,payload,3404952,1,caught,1,decode
2484,bit_flip,2627666,1,caught,1,decode
2485,random_bytes,1576226,1,caught,1,decode
2486,zeroed_run,2192934,1803,caught,1,decode
2487,truncation,1117505,3268736,caught,1,decode
2488,header,639,1,caught,1,decode
2489,payload,793837,1,caught,1,decode
2490,bit_flip,1579471,1,caught,1,decode
2491,random_bytes,944308,13,caught,1,decode
2492,zeroed_run,2375518,807,caught,1,decode
2493,truncation,339613,4046628,caught,1,decode
2494,header,213,1,caught,1,decode
2495,payload,1337044,1,caught,1,decode
2496,bit_flip,2716084,1,caught,1,decode
2497,random_bytes,3171101,11,caught,1,decode
2498,zeroed_run,453706,3599,caught,1,decode
2499,truncation,2026385,2359856,caught,1,decode
2500,header,397,1,caught,1,decode
2501,payload,3061064,1,caught,1,decode
2502,bit_flip,4332448,1,caught,1,decode
2503,random_bytes,1540783,9,caught,1,decode
2504,zeroed_run,2293592,1783,caught,1,decode
2505,truncation,1437786,2948455,caught,1,decode
2506,header,426,1,caught,1,decode
2507,payload,346882,1,caught,1,decode
2508,bit_flip,4101581,1,caught,1,decode
2509,random_bytes,1734976,13,caught,1,decode
2510,zeroed_run,2135584,3851,caught,1,decode
2511,truncation,2381353,2004888,caught,1,decode
2512,header,946,1,caught,1,decode
2513,payload,4210960,1,caught,1,decode
2514,bit_flip,154288,1,caught,1,decode
2515,random_bytes,2153859,15,caught,1,decode
2516,zeroed_run,2471403,2307,caught,1,decode
2517,truncation,4052571,333670,caught,1,decode
2518,header,15,1,caught,1,decode
2519,payload,2484835,1,caught,1,decode
2520,bit_flip,310178,1,caught,1,decode
2521,random_bytes,522172,10,caught,1,decode
2522,zeroed_run,1914212,3608,caught,1,decode
2523,truncation,863146,3523095,caught,1,decode
2524,header,19,1,caught,1,decode
2525,payload,1290058,1,caught,1,decode
2526,bit_flip,1508311,1,caught,1,decode
2527,random_bytes,703457,7,caught,1,decode
2528,zeroed_run,689614,1917,caught,1,decode
2529,truncation,1648558,2737683,caught,1,decode
2530,header,72,1,caught,1,decode
2531,payload,3872421,1,caught,1,decode
2532,bit_flip,566909,1,caught,1,decode
2533,random_bytes,1353153,6,caught,1,decode
2534,zeroed_run,2996765,1990,caught,1,decode
2535,truncation,2238508,2147733,caught,1,decode
2536,header,565,1,caught,1,decode
2537,payload,2221740,1,caught,1,decode
2538,bit_flip,102962,1,caught,1,decode
2539,random_bytes,1427255,8,caught,1,decode
2540,zeroed_run,4332673,2984,caught,1,decode
2541,truncation,2972810,1413431,caught,1,decode
2542,header,950,1,caught,1,decode
2543,payload,1097159,1,caught,1,decode
2544,bit_flip,4373567,1,caught,1,decode
2545,random_bytes,3528889,9,caught,1,decode
2546,zeroed_run,3938901,2861,caught,1,decode
2547,truncation,443835,3942406,caught,1,decode
2548,header,78,1,caught,1,decode
2549,payload,2956532,1,caught,1,decode
2550,bit_flip,1618773,1,harmless,0,decode
2551,random_bytes,800339,12,caught,1,decode
2552,zeroed_run,822341,1060,caught,1,decode
2553,truncation,2867566,1518675,caught,1,decode
2554,header,146,1,caught,1,decode
2555,payload,1422698,1,caught,1,decode
2556,bit_flip,2224098,1,caught,1,decode
2557,random_bytes,3436973,11,caught,1,decode
2558,zeroed_run,2359283,1500,caught,1,decode
2559,truncation,936178,3450063,caught,1,decode
2560,header,613,1,SILENT,0,decode
2561,payload,726978,1,caught,1,decode
2562,bit_flip,2438238,1,SILENT,0,decode
2563,random_bytes,2209376,15,caught,1,decode
2564,zeroed_run,4022664,3766,SILENT,0,decode
2565,truncation,2379581,2006660,caught,1,decode
2566,header,439,1,caught,1,decode
2567,payload,989140,1,caught,1,decode
2568,bit_flip,1927452,1,caught,1,decode
2569,random_bytes,2625040,2,caught,1,decode
2570,zeroed_run,3236373,2385,caught,1,decode
2571,truncation,3917971,468270,caught,1,decode
2572,header,432,1,caught,1,decode
2573,payload,1484366,1,caught,1,decode
2574,bit_flip,1778132,1,caught,1,decode
2575,random_bytes,1312819,13,caught,1,decode
2576,zeroed_run,4005108,2022,caught,1,decode
2577,truncation,2058738,2327503,caught,1,decode
2578,header,288,1,caught,1,decode
2579,payload,1632217,1,caught,1,decode
2580,bit_flip,4274844,1,caught,1,decode
2581,random_bytes,2302340,15,caught,1,decode
2582,zeroed_run,80407,1196,caught,1,decode
2583,truncation,3329254,1056987,caught,1,decode
2584,header,109,1,caught,1,decode
2585,payload,623848,1,caught,1,decode
2586,bit_flip,4351611,1,caught,1,decode
2587,random_bytes,2726496,14,caught,1,decode
2588,zeroed_run,4061289,2890,caught,1,decode
2589,truncation,3297362,1088879,caught,1,decode
2590,header,452,1,SILENT,0,decode
2591,payload,1648350,1,caught,1,decode
2592,bit_flip,1115029,1,caught,1,decode
2593,random_bytes,2060222,2,caught,1,decode
2594,zeroed_run,2844594,3624,caught,1,decode
2595,truncation,143190,4243051,caught,1,decode
2596,header,113,1,caught,1,decode
2597,payload,2676045,1,caught,1,decode
2598,bit_flip,1478770,1,caught,1,decode
2599,random_bytes,1444292,15,caught,1,decode
2600,zeroed_run,1067700,599,caught,1,decode
2601,truncation,2078088,2308153,caught,1,decode
2602,header,943,1,caught,1,decode
2603,payload,860150,1,caught,1,decode
2604,bit_flip,1654456,1,caught,1,decode
2605,random_bytes,636762,13,caught,1,decode
2606,zeroed_run,995467,2741,caught,1,decode
2607,truncation,1797458,2588783,caught,1,decode
2608,header,205,1,caught,1,decode
2609,payload,4038889,1,caught,1,decode
2610,bit_flip,4211645,1,caught,1,decode
2611,random_bytes,1071451,10,caught,1,decode
2612,zeroed_run,2294195,668,caught,1,decode
2613,truncation,1348148,3038093,caught,1,decode
2614,header,938,1,caught,1,decode
2615,payload,2048629,1,caught,1,decode
2616,bit_flip,2040024,1,caught,1,decode
2617,random_bytes,3743908,13,caught,1,decode
2618,zeroed_run,66569,729,caught,1,decode
2619,truncation,332828,4053413,caught,1,decode
2620,header,974,1,caught,1,decode
2621,payload,1952670,1,caught,1,decode
2622,bit_flip,3687187,1,caught,1,decode
2623,random_bytes,3395995,2,caught,1,decode
2624,zeroed_run,4382882,2151,caught,1,decode
2625,truncation,163428,4222813,caught,1,decode
2626,header,236,1,caught,1,decode
2627,payload,1996926,1,caught,1,decode
2628,bit_flip,1510648,1,caught,1,decode
2629,random_bytes,2346043,10,caught,1,decode
2630,zeroed_run,4183029,2776,caught,1,decode
2631,truncation,3252084,1134157,caught,1,decode
2632,header,145,1,caught,1,decode
2633,payload,3005902,1,caught,1,decode
2634,bit_flip,721484,1,caught,1,decode
2635,random_bytes,2677578,11,caught,1,decode
2636,zeroed_run,2663437,1754,caught,1,decode
2637,truncation,1342185,3044056,caught,1,decode
2638,header,352,1,caught,1,decode
2639,payload,1549940,1,caught,1,decode
2640,bit_flip,40872,1,caught,1,decode
2641,random_bytes,2181860,9,caught,1,decode
2642,zeroed_run,1765178,874,caught,1,decode
2643,truncation,3229503,1156738,caught,1,decode
2644,header,234,1,caught,1,decode
2645,payload,1428884,1,caught,1,decode
2646,bit_flip,2201179,1,caught,1,decode
2647,random_bytes,3319102,12,SILENT,0,decode
2648,zeroed_run,1688863,101,caught,1,decode
2649,truncation,3872439,513802,caught,1,decode
2650,header,59,1,caught,1,decode
2651,payload,2614037,1,caught,1,decode
2652,bit_flip,1239547,1,caught,1,decode
2653,random_bytes,3908343,11,caught,1,decode
2654,zeroed_run,2246141,3998,caught,1,decode
2655,truncation,2845403,1540838,caught,1,decode
2656,header,895,1,caught,1,decode
2657,payload,503754,1,caught,1,decode
2658,bit_flip,1085360,1,caught,1,decode
2659,random_bytes,4311375,6,caught,1,decode
2660,zeroed_run,4375995,3248,caught,1,decode
2661,truncation,3810820,575421,caught,1,decode
2662,header,29,1,harmless,0,decode
2663,payload,869302,1,caught,1,decode
2664,bit_flip,2896094,1,caught,1,decode
2665,random_bytes,2220892,1,caught,1,decode
2666,zeroed_run,861152,175,caught,1,decode
2667,truncation,2928979,1457262,caught,1,decode
2668,header,909,1,caught,1,decode
2669,payload,1549640,1,caught,1,decode
2670,bit_flip,4045374,1,caught,1,decode
2671,random_bytes,1951807,8,caught,1,decode
2672,zeroed_run,281114,1950,caught,1,decode
2673,truncation,2516486,1869755,caught,1,decode
2674,header,221,1,SILENT,0,decode
2675,payload,3300648,1,caught,1,decode
2676,bit_flip,4217752,1,caught,1,decode
2677,random_bytes,1554081,3,caught,1,decode
2678,zeroed_run,1991340,3744,caught,1,decode
2679,truncation,2473444,1912797,caught,1,decode
2680,header,767,1,caught,1,decode
2681,payload,2878466,1,caught,1,decode
2682,bit_flip,1498171,1,caught,1,decode
2683,random_bytes,3307681,3,caught,1,decode
2684,zeroed_run,3902577,2317,caught,1,decode
2685,truncation,1317612,3068629,caught,1,decode
2686,header,284,1,SILENT,0,decode
2687,payload,3715043,1,caught,1,decode
2688,bit_flip,3177193,1,caught,1,decode
2689,random_bytes,225138,16,caught,1,decode
2690,zeroed_run,1420372,3705,caught,1,decode
2691,truncation,433193,3953048,caught,1,decode
2692,header,21,1,SILENT,0,decode
2693,payload,1279274,1,caught,1,decode
2694,bit_flip,1122666,1,caught,1,decode
2695,random_bytes,4167175,15,caught,1,decode
2696,zeroed_run,980202,977,caught,1,decode
2697,truncation,1233068,3153173,caught,1,decode
2698,header,480,1,caught,1,decode
2699,payload,3687736,1,caught,1,decode
2700,bit_flip,2776244,1,caught,1,decode
2701,random_bytes,1400319,12,caught,1,decode
2702,zeroed_run,74502,3950,caught,1,decode
2703,truncation,3878721,507520,caught,1,decode
2704,header,577,1,caught,1,decode
2705,payload,3897827,1,caught,1,decode
2706,bit_flip,407742,1,SILENT,0,decode
2707,random_bytes,1217846,14,caught,1,decode
2708,zeroed_run,2317061,1440,caught,1,decode
2709,truncation,3895331,490910,caught,1,decode
2710,header,293,1,SILENT,0,decode
2711,payload,2977106,1,caught,1,decode
2712,bit_flip,2538518,1,caught,1,decode
2713,random_bytes,2957818,11,caught,1,decode
2714,zeroed_run,3832913,1674,caught,1,decode
2715,truncation,3968609,417632,caught,1,decode
2716,header,792,1,caught,1,decode
2717,payload,936927,1,caught,1,decode
2718,bit_flip,1366867,1,caught,1,decode
2719,random_bytes,708794,15,caught,1,decode
2720,zeroed_run,1496442,701,caught,1,decode
2721,truncation,2984006,1402235,caught,1,decode
2722,header,385,1,caught,1,decode
2723,payload,3711315,1,caught,1,decode
2724,bit_flip,3716754,1,caught,1,decode
2725,random_bytes,724678,15,caught,1,decode
2726,zeroed_run,2942751,3147,caught,1,decode
2727,truncation,2497583,1888658,caught,1,decode
2728,header,359,1,caught,1,decode
2729,payload,3415949,1,caught,1,decode
2730,bit_flip,733126,1,caught,1,decode
2731,random_bytes,2807130,11,caught,1,decode
2732,zeroed_run,3405349,3949,caught,1,decode
2733,truncation,3160069,1226172,caught,1,decode
2734,header,372,1,harmless,0,decode
2735,payload,754851,1,caught,1,decode
2736,bit_flip,1070943,1,caught,1,decode
2737,random_bytes,1948005,11,caught,1,decode
2738,zeroed_run,1901253,2888,caught,1,decode
2739,truncation,3429652,956589,caught,1,decode
2740,header,1021,1,harmless,0,decode
2741,payload,1157271,1,caught,1,decode
2742,bit_flip,1143705,1,caught,1,decode
2743,random_bytes,3431398,4,caught,1,decode
2744,zeroed_run,3914039,1851,caught,1,decode
2745,truncation,553201,3833040,caught,1,decode
2746,header,2,1,caught,1,decode
2747,payload,3832796,1,caught,1,decode
2748,bit_flip,3689750,1,caught,1,decode
2749,random_bytes,2712448,9,caught,1,decode
2750,zeroed_run,1702042,3101,caught,1,decode
2751,truncation,3826450,559791,caught,1,decode
2752,header,403,1,caught,1,decode
2753,payload,3564122,1,caught,1,decode
2754,bit_flip,897213,1,caught,1,decode
2755,random_bytes,3764137,5,caught,1,decode
2756,zeroed_run,1620143,780,SILENT,0,decode
2757,truncation,2640586,1745655,caught,1,decode
2758,header,995,1,caught,1,decode
2759,payload,3832736,1,caught,1,decode
2760,bit_flip,1541444,1,caught,1,decode
2761,random_bytes,2877195,12,caught,1,decode
2762,zeroed_run,1814692,531,caught,1,decode
2763,truncation,3656095,730146,caught,1,decode
2764,header,595,1,caught,1,decode
2765,payload,748913,1,caught,1,decode
2766,bit_flip,2449781,1,caught,1,decode
2767,random_bytes,3491255,6,caught,1,decode
2768,zeroed_run,926952,1598,caught,1,decode
2769,truncation,512094,3874147,caught,1,decode
2770,header,615,1,caught,1,decode
2771,payload,2802807,1,caught,1,decode
2772,bit_flip,1098505,1,caught,1,decode
2773,random_bytes,1081585,4,caught,1,decode
2774,zeroed_run,1512311,3237,caught,1,decode
2775,truncation,1004694,3381547,caught,1,decode
2776,header,557,1,caught,1,decode
2777,payload,2368548,1,caught,1,decode
2778,bit_flip,542334,1,caught,1,decode
2779,random_bytes,3900917,16,caught,1,decode
2780,zeroed_run,1662792,797,caught,1,decode
2781,truncation,3038358,1347883,caught,1,decode
2782,header,262,1,SILENT,0,decode
2783,payload,2640309,1,caught,1,decode
2784,bit_flip,3410515,1,caught,1,decode
2785,random_bytes,3109699,13,caught,1,decode
2786,zeroed_run,1732227,4089,caught,1,decode
2787,truncation,1647704,2738537,caught,1,decode
2788,header,331,1,caught,1,decode
2789,payload,2462695,1,caught,1,decode
2790,bit_flip,906460,1,caught,1,decode
2791,random_bytes,864217,3,caught,1,decode
2792,zeroed_run,975342,523,SILENT,0,decode
2793,truncation,17020,4369221,caught,1,decode
2794,header,194,1,caught,1,decode
2795,payload,764764,1,caught,1,decode
2796,bit_flip,3689476,1,caught,1,decode
2797,random_bytes,4370218,1,caught,1,decode
2798,zeroed_run,853504,985,caught,1,decode
2799,truncation,4130533,255708,caught,1,decode
2800,header,618,1,caught,1,decode
2801,payload,2095989,1,caught,1,decode
2802,bit_flip,1240686,1,caught,1,decode
2803,random_bytes,3563192,2,caught,1,decode
2804,zeroed_run,2745689,1505,caught,1,decode
2805,truncation,1774426,2611815,caught,1,decode
2806,header,573,1,harmless,0,decode
2807,payload,3156048,1,caught,1,decode
2808,bit_flip,3376763,1,caught,1,decode
2809,random_bytes,1270034,13,caught,1,decode
2810,zeroed_run,1823388,1810,SILENT,0,decode
2811,truncation,227434,4158807,caught,1,decode
2812,header,829,1,harmless,0,decode
2813,payload,671440,1,caught,1,decode
2814,bit_flip,2174712,1,caught,1,decode
2815,random_bytes,3465076,11,caught,1,decode
2816,zeroed_run,2013969,1373,SILENT,0,decode
2817,truncation,1987395,2398846,caught,1,decode
2818,header,828,1,harmless,0,decode
2819,payload,213682,1,caught,1,decode
2820,bit_flip,211764,1,caught,1,decode
2821,random_bytes,3736917,7,caught,1,decode
2822,zeroed_run,3764061,2608,caught,1,decode
2823,truncation,1509481,2876760,caught,1,decode
2824,header,927,1,caught,1,decode
2825,payload,3371335,1,caught,1,decode
2826,bit_flip,3606067,1,harmless,0,decode
2827,random_bytes,3502533,3,caught,1,decode
2828,zeroed_run,1164122,184,caught,1,decode
2829,truncation,3108751,1277490,caught,1,decode
2830,header,835,1,caught,1,decode
2831,payload,1471964,1,caught,1,decode
2832,bit_flip,514074,1,caught,1,decode
2833,random_bytes,2825864,9,caught,1,decode
2834,zeroed_run,3245553,2574,caught,1,decode
2835,truncation,2441869,1944372,caught,1,decode
2836,header,341,1,caught,1,decode
2837,payload,3324025,1,SILENT,0,decode
2838,bit_flip,532140,1,caught,1,decode
2839,random_bytes,1661071,16,caught,1,decode
2840,zeroed_run,1717702,2637,SILENT,0,decode
2841,truncation,1779529,2606712,caught,1,decode
2842,header,833,1,caught,1,decode
2843,payload,595793,1,caught,1,decode
2844,bit_flip,1851893,1,SILENT,0,decode
2845,random_bytes,2633543,8,caught,1,decode
2846,zeroed_run,1573256,994,caught,1,decode
2847,truncation,740721,3645520,caught,1,decode
2848,header,641,1,caught,1,decode
2849,payload,2948272,1,caught,1,decode
2850,bit_flip,1684069,1,caught,1,decode
2851,random_bytes,4304567,14,caught,1,decode
2852,zeroed_run,2397378,2139,caught,1,decode
2853,truncation,773245,3612996,caught,1,decode
2854,header,569,1,caught,1,decode
2855,payload,4332532,1,caught,1,decode
2856,bit_flip,2600349,1,caught,1,decode
2857,random_bytes,2429608,11,SILENT,0,decode
2858,zeroed_run,1498456,578,caught,1,decode
2859,truncation,283095,4103146,caught,1,decode
2860,header,473,1,caught,1,decode
2861,payload,758046,1,caught,1,decode
2862,bit_flip,3948051,1,caught,1,decode
2863,random_bytes,3974924,10,caught,1,decode
2864,zeroed_run,3270288,857,caught,1,decode
2865,truncation,1462324,2923917,caught,1,decode
2866,header,466,1,caught,1,decode
2867,payload,958703,1,caught,1,decode
2868,bit_flip,540722,1,caught,1,decode
2869,random_bytes,4322383,9,caught,1,decode
2870,zeroed_run,1608961,1329,SILENT,0,decode
2871,truncation,3324911,1061330,caught,1,decode
2872,header,853,1,caught,1,decode
2873,payload,342832,1,caught,1,decode
2874,bit_flip,4310121,1,caught,1,decode
2875,random_bytes,2485021,14,caught,1,decode
2876,zeroed_run,3310466,3187,caught,1,decode
2877,truncation,1750034,2636207,caught,1,decode
2878,header,716,1,caught,1,decode
2879,payload,575247,1,caught,1,decode
2880,bit_flip,4104459,1,caught,1,decode
2881,random_bytes,344000,14,caught,1,decode
2882,zeroed_run,1238333,909,caught,1,decode
2883,truncation,1836140,2550101,caught,1,decode
2884,header,157,1,SILENT,0,decode
2885,payload,3912291,1,caught,1,decode
2886,bit_flip,143445,1,caught,1,decode
2887,random_bytes,749670,10,caught,1,decode
2888,zeroed_run,4071500,1814,SILENT,0,decode
2889,truncation,1561738,2824503,caught,1,decode
2890,header,719,1,caught,1,decode
2891,payload,4163643,1,caught,1,decode
2892,bit_flip,3611535,1,SILENT,0,decode
2893,random_bytes,288736,3,caught,1,decode
2894,zeroed_run,1290668,3263,caught,1,decode
2895,truncation,411163,3975078,caught,1,decode
2896,header,85,1,caught,1,decode
2897,payload,193999,1,caught,1,decode
2898,bit_flip,2725417,1,caught,1,decode
2899,random_bytes,3999078,3,caught,1,decode
2900,zeroed_run,3792998,1698,caught,1,decode
2901,truncation,5282,4380959,caught,1,decode
2902,header,902,1,SILENT,0,decode
2903,payload,3993192,1,caught,1,decode
2904,bit_flip,2728219,1,caught,1,decode
2905,random_bytes,4016356,15,caught,1,decode
2906,zeroed_run,4065321,909,caught,1,decode
2907,truncation,3622969,763272,caught,1,decode
2908,header,253,1,harmless,0,decode
2909,payload,2537283,1,caught,1,decode
2910,bit_flip,1347788,1,caught,1,decode
2911,random_bytes,3702571,4,caught,1,decode
2912,zeroed_run,505144,1454,caught,1,decode
2913,truncation,1424402,2961839,caught,1,decode
2914,header,289,1,caught,1,decode
2915,payload,2983386,1,caught,1,decode
2916,bit_flip,534716,1,caught,1,decode
2917,random_bytes,2052352,3,caught,1,decode
2918,zeroed_run,4039201,866,caught,1,decode
2919,truncation,3365343,1020898,caught,1,decode
2920,header,344,1,caught,1,decode
2921,payload,1134188,1,caught,1,decode
2922,bit_flip,2666243,1,caught,1,decode
2923,random_bytes,1928488,13,caught,1,decode
2924,zeroed_run,687727,3137,caught,1,decode
2925,truncation,2820310,1565931,caught,1,decode
2926,header,138,1,caught,1,decode
2927,payload,2848596,1,caught,1,decode
2928,bit_flip,594163,1,caught,1,decode
2929,random_bytes,1414326,15,caught,1,decode
2930,zeroed_run,1411662,623,caught,1,decode
2931,truncation,1981865,2404376,caught,1,decode
2932,header,321,1,caught,1,decode
2933,payload,3256646,1,caught,1,decode
2934,bit_flip,3271942,1,caught,1,decode
2935,random_bytes,940262,13,caught,1,decode
2936,zeroed_run,3957681,3829,caught,1,decode
2937,truncation,2061447,2324794,caught,1,decode
2938,header,746,1,caught,1,decode
2939,payload,11191,1,caught,1,decode
2940,bit_flip,932464,1,caught,1,decode
2941,random_bytes,2227258,6,caught,1,decode
2942,zeroed_run,3809566,50,caught,1,decode
2943,truncation,1414651,2971590,caught,1,decode
2944,header,652,1,harmless,0,decode
2945,payload,2482467,1,caught,1,decode
2946,bit_flip,3012051,1,caught,1,decode
2947,random_bytes,3948330,16,caught,1,decode
2948,zeroed_run,3671954,3978,caught,1,decode
2949,truncation,2310128,2076113,caught,1,decode
2950,header,94,1,caught,1,decode
2951,payload,147472,1,caught,1,decode
2952,bit_flip,1247725,1,caught,1,decode
2953,random_bytes,4040902,16,caught,1,decode
2954,zeroed_run,663600,2526,caught,1,decode
2955,truncation,3229734,1156507,caught,1,decode
2956,header,155,1,caught,1,decode
2957,payload,382474,1,caught,1,decode
2958,bit_flip,2666861,1,caught,1,decode
2959,random_bytes,3584870,11,SILENT,0,decode
2960,zeroed_run,449290,2412,caught,1,decode
2961,truncation,1951230,2435011,caught,1,decode
2962,header,233,1,caught,1,decode
2963,payload,3928827,1,caught,1,decode
2964,bit_flip,1093382,1,caught,1,decode
2965,random_bytes,558116,7,caught,1,decode
2966,zeroed_run,1690609,685,caught,1,decode
2967,truncation,3878663,507578,caught,1,decode
2968,header,814,1,caught,1,decode
2969,payload,828919,1,caught,1,decode
2970,bit_flip,4374147,1,caught,1,decode
2971,random_bytes,800337,9,caught,1,decode
2972,zeroed_run,716771,2075,caught,1,decode
2973,truncation,1920805,2465436,caught,1,decode
2974,header,906,1,caught,1,decode
2975,payload,1848441,1,caught,1,decode
2976,bit_flip,1727049,1,caught,1,decode
2977,random_bytes,3482948,6,caught,1,decode
2978,zeroed_run,2254671,2891,caught,1,decode
2979,truncation,3672182,714059,caught,1,decode
2980,header,278,1,caught,1,decode
2981,payload,3465551,1,caught,1,decode
2982,bit_flip,2023876,1,SILENT,0,decode
2983,random_bytes,2892673,8,caught,1,decode
2984,zeroed_run,3897626,1016,caught,1,decode
2985,truncation,4233020,153221,caught,1,decode
2986,header,358,1,harmless,0,decode
2987,payload,3417021,1,caught,1,decode
2988,bit_flip,2703431,1,caught,1,decode
2989,random_bytes,1314399,12,caught,1,decode
2990,zeroed_run,924775,2885,caught,1,decode
2991,truncation,1141239,3245002,caught,1,decode
2992,header,172,1,SILENT,0,decode
2993,payload,4353029,1,caught,1,decode
2994,bit_flip,2999663,1,caught,1,decode
2995,random_bytes,3364772,3,caught,1,decode
2996,zeroed_run,700208,180,caught,1,decode
2997,truncation,936381,3449860,caught,1,decode
2998,header,64,1,caught,1,decode
2999,payload,1832095,1,caught,1,decode
3000,bit_flip,4310623,1,caught,1,decode
3001,random_bytes,1884540,12,caught,1,decode
3002,zeroed_run,2437696,1180,SILENT,0,decode
3003,truncation,3270959,1115282,caught,1,decode
3004,header,556,1,harmless,0,decode
3005,payload,2204778,1,caught,1,decode
3006,bit_flip,1954505,1,caught,1,decode
3007,random_bytes,1689549,15,caught,1,decode
3008,zeroed_run,428133,690,SILENT,0,decode
3009,truncation,1916623,2469618,caught,1,decode
3010,header,211,1,caught,1,decode
3011,payload,4233661,1,caught,1,decode
3012,bit_flip,2586715,1,caught,1,decode
3013,random_bytes,1711198,13,SILENT,0,decode
3014,zeroed_run,2204256,2526,caught,1,decode
3015,truncation,1060005,3326236,caught,1,decode
3016,header,6,1,caught,1,decode
3017,payload,4016611,1,SILENT,0,decode
3018,bit_flip,3029163,1,caught,1,decode
3019,random_bytes,4342254,5,caught,1,decode
3020,zeroed_run,849886,1293,caught,1,decode
3021,truncation,2119790,2266451,caught,1,decode
3022,header,674,1,caught,1,decode
3023,payload,2915390,1,caught,1,decode
3024,bit_flip,218129,1,caught,1,decode
3025,random_bytes,1441360,6,caught,1,decode
3026,zeroed_run,4016380,3943,caught,1,decode
3027,truncation,3162829,1223412,caught,1,decode
3028,header,305,1,caught,1,decode
3029,payload,1119288,1,caught,1,decode
3030,bit_flip,2969668,1,caught,1,decode
3031,random_bytes,159851,7,caught,1,decode
3032,zeroed_run,3872427,1493,caught,1,decode
3033,truncation,1882295,2503946,caught,1,decode
3034,header,595,1,caught,1,decode
3035,payload,126723,1,caught,1,decode
3036,bit_flip,1500094,1,caught,1,decode
3037,random_bytes,3364194,14,caught,1,decode
3038,zeroed_run,1038703,2495,caught,1,decode
3039,truncation,2474634,1911607,caught,1,decode
3040,header,731,1,caught,1,decode
3041,payload,2107926,1,caught,1,decode
3042,bit_flip,2178488,1,caught,1,decode
3043,random_bytes,741996,6,caught,1,decode
3044,zeroed_run,2289470,3994,caught,1,decode
3045,truncation,1256392,3129849,caught,1,decode
3046,header,159,1,caught,1,decode
3047,payload,150658,1,caught,1,decode
3048,bit_flip,3888253,1,SILENT,0,decode
3049,random_bytes,1307954,4,caught,1,decode
3050,zeroed_run,524659,511,caught,1,decode
3051,truncation,590928,3795313,caught,1,decode
3052,header,946,1,caught,1,decode
3053,payload,4202764,1,caught,1,decode
3054,bit_flip,2833619,1,caught,1,decode
3055,random_bytes,185404,13,SILENT,0,decode
3056,zeroed_run,4268050,2366,caught,1,decode
3057,truncation,1318010,3068231,caught,1,decode
3058,header,429,1,caught,1,decode
3059,payload,463027,1,caught,1,decode
3060,bit_flip,2613062,1,caught,1,decode
3061,random_bytes,3143058,14,caught,1,decode
3062,zeroed_run,2559476,2166,caught,1,decode
3063,truncation,1090575,3295666,caught,1,decode
3064,header,678,1,SILENT,0,decode
3065,payload,2759505,1,caught,1,decode
3066,bit_flip,2642558,1,caught,1,decode
3067,random_bytes,41140,14,caught,1,decode
3068,zeroed_run,3295551,243,caught,1,decode
3069,truncation,3212497,1173744,caught,1,decode
3070,header,821,1,caught,1,decode
3071,payload,3076831,1,caught,1,decode
3072,bit_flip,3567491,1,caught,1,decode
3073,random_bytes,2278063,13,caught,1,decode
3074,zeroed_run,3497314,3036,caught,1,decode
3075,truncation,1578685,2807556,caught,1,decode
3076,header,958,1,caught,1,decode
3077,payload,2790286,1,caught,1,decode
3078,bit_flip,2463910,1,caught,1,decode
3079,random_bytes,1491659,9,caught,1,decode
3080,zeroed_run,4254272,1376,caught,1,decode
3081,truncation,3426348,959893,caught,1,decode
3082,header,935,1,caught,1,decode
3083,payload,1327128,1,caught,1,decode
3084,bit_flip,2072436,1,caught,1,decode
3085,random_bytes,447430,1,caught,1,decode
3086,zeroed_run,983289,1733,caught,1,decode
3087,truncation,1924386,2461855,caught,1,decode
3088,header,31,1,harmless,0,decode
3089,payload,4354691,1,caught,1,decode
3090,bit_flip,2264264,1,caught,1,decode
3091,random_bytes,3926950,6,caught,1,decode
3092,zeroed_run,2311555,3892,caught,1,decode
3093,truncation,1221978,3164263,caught,1,decode
3094,header,919,1,caught,1,decode
3095,payload,684192,1,caught,1,decode
3096,bit_flip,1295051,1,caught,1,decode
3097,random_bytes,902552,8,caught,1,decode
3098,zeroed_run,2018298,4007,SILENT,0,decode
3099,truncation,1222609,3163632,caught,1,decode
3100,header,648,1,caught,1,decode
3101,payload,4075186,1,SILENT,0,decode
3102,bit_flip,1426885,1,caught,1,decode
3103,random_bytes,200623,11,SILENT,0,decode
3104,zeroed_run,1037569,3267,caught,1,decode
3105,truncation,1319180,3067061,caught,1,decode
3106,header,858,1,caught,1,decode
3107,payload,1260577,1,caught,1,decode
3108,bit_flip,4217414,1,caught,1,decode
3109,random_bytes,4128487,10,caught,1,decode
3110,zeroed_run,3406822,1512,caught,1,decode
3111,truncation,95022,4291219,caught,1,decode
3112,header,695,1,caught,1,decode
3113,payload,2770678,1,caught,1,decode
3114,bit_flip,1294038,1,caught,1,decode
3115,random_bytes,2238476,10,caught,1,decode
3116,zeroed_run,453814,1428,caught,1,decode
3117,truncation,574690,3811551,caught,1,decode
3118,header,896,1,caught,1,decode
3119,payload,1557818,1,caught,1,decode
3120,bit_flip,3054754,1,caught,1,decode
3121,random_bytes,2440787,9,SILENT,0,decode
3122,zeroed_run,3643866,1022,caught,1,decode
3123,truncation,218235,4168006,caught,1,decode
3124,header,379,1,caught,1,decode
3125,payload,2754638,1,caught,1,decode
3126,bit_flip,3818505,1,caught,1,decode
3127,random_bytes,2766608,7,caught,1,decode
3128,zeroed_run,1378599,3483,caught,1,decode
3129,truncation,1449307,2936934,caught,1,decode
3130,header,100,1,SILENT,0,decode
3131,payload,635596,1,caught,1,decode
3132,bit_flip,2097170,1,caught,1,decode
3133,random_bytes,430711,6,SILENT,0,decode
3134,zeroed_run,1210479,3264,caught,1,decode
3135,truncation,3833587,552654,caught,1,decode
3136,header,324,1,SILENT,0,decode
3137,payload,2807905,1,caught,1,decode
3138,bit_flip,591185,1,caught,1,decode
3139,random_bytes,1064904,15,caught,1,decode
3140,zeroed_run,4012191,732,caught,1,decode
3141,truncation,310979,4075262,caught,1,decode
3142,header,735,1,caught,1,decode
3143,payload,1427145,1,caught,1,decode
3144,bit_flip,1612835,1,SILENT,0,decode
3145,random_bytes,1963578,12,caught,1,decode
3146,zeroed_run,2853943,3761,caught,1,decode
3147,truncation,3141416,1244825,caught,1,decode
3148,header,652,1,caught,1,decode
3149,payload,3196141,1,caught,1,decode
3150,bit_flip,435311,1,caught,1,decode
3151,random_bytes,611916,14,caught,1,decode
3152,zeroed_run,2925733,2879,caught,1,decode
3153,truncation,856689,3529552,caught,1,decode
3154,header,835,1,caught,1,decode
3155,payload,3435373,1,caught,1,decode
3156,bit_flip,2391801,1,caught,1,decode
3157,random_bytes,2271028,13,caught,1,decode
3158,zeroed_run,990204,561,caught,1,decode
3159,truncation,486322,3899919,caught,1,decode
3160,header,297,1,caught,1,decode
3161,payload,2861025,1,caught,1,decode
3162,bit_flip,3375565,1,caught,1,decode
3163,random_bytes,3576840,6,caught,1,decode
3164,zeroed_run,774592,277,caught,1,decode
3165,truncation,1574680,2811561,caught,1,decode
3166,header,242,1,caught,1,decode
3167,payload,564241,1,caught,1,decode
3168,bit_flip,1475817,1,caught,1,decode
3169,random_bytes,1061964,11,caught,1,decode
3170,zeroed_run,4031881,1409,caught,1,decode
3171,truncation,268118,4118123,caught,1,decode
3172,header,882,1,caught,1,decode
3173,payload,3455367,1,caught,1,decode
3174,bit_flip,2850047,1,caught,1,decode
3175,random_bytes,460242,10,caught,1,decode
3176,zeroed_run,2016427,1580,SILENT,0,decode
3177,truncation,3363212,1023029,caught,1,decode
3178,header,783,1,caught,1,decode
3179,payload,4247810,1,caught,1,decode
3180,bit_flip,973845,1,harmless,0,decode
3181,random_bytes,2637703,15,caught,1,decode
3182,zeroed_run,4104968,19,caught,1,decode
3183,truncation,2396746,1989495,caught,1,decode
3184,header,527,1,caught,1,decode
3185,payload,2896534,1,caught,1,decode
3186,bit_flip,2335736,1,caught,1,decode
3187,random_bytes,2151747,5,caught,1,decode
3188,zeroed_run,1767233,3184,caught,1,decode
3189,truncation,1132055,3254186,caught,1,decode
3190,header,536,1,caught,1,decode
3191,payload,488575,1,caught,1,decode
3192,bit_flip,1168876,1,caught,1,decode
3193,random_bytes,1412289,6,caught,1,decode
3194,zeroed_run,4152190,1151,caught,1,decode
3195,truncation,4230768,155473,caught,1,decode
3196,header,780,1,SILENT,0,decode
3197,payload,361970,1,caught,1,decode
3198,bit_flip,4026206,1,SILENT,0,decode
3199,random_bytes,2881955,9,caught,1,decode
3200,zeroed_run,1909534,1770,caught,1,decode
3201,truncation,2806965,1579276,caught,1,decode
3202,header,817,1,caught,1,decode
3203,payload,4111512,1,caught,1,decode
3204,bit_flip,3530367,1,caught,1,decode
3205,random_bytes,249894,10,caught,1,decode
3206,zeroed_run,4275034,3251,caught,1,decode
3207,truncation,533772,3852469,caught,1,decode
3208,header,925,1,SILENT,0,decode
3209,payload,4167808,1,caught,1,decode
3210,bit_flip,2436872,1,SILENT,0,decode
3211,random_bytes,3316793,7,caught,1,decode
3212,zeroed_run,1011792,3320,caught,1,decode
3213,truncation,48767,4337474,caught,1,decode
3214,header,156,1,SILENT,0,decode
3215,payload,1926622,1,caught,1,decode
3216,bit_flip,1691084,1,caught,1,decode
3217,random_bytes,3659488,5,caught,1,decode
3218,zeroed_run,2854273,2127,caught,1,decode
3219,truncation,3537579,848662,caught,1,decode
3220,header,434,1,caught,1,decode
3221,payload,1994,1,caught,1,decode
3222,bit_flip,1144652,1,caught,1,decode
3223,random_bytes,992331,14,caught,1,decode
3224,zeroed_run,4109446,638,caught,1,decode
3225,truncation,3533925,852316,caught,1,decode
3226,header,654,1,caught,1,decode
3227,payload,545166,1,caught,1,decode
3228,bit_flip,2412753,1,caught,1,decode
3229,random_bytes,1912971,6,caught,1,decode
3230,zeroed_run,4379760,850,caught,1,decode
3231,truncation,1457628,2928613,caught,1,decode
3232,header,316,1,harmless,0,decode
3233,payload,3444104,1,caught,1,decode
3234,bit_flip,1350423,1,caught,1,decode
3235,random_bytes,4376772,6,caught,1,decode
3236,zeroed_run,2390504,634,caught,1,decode
3237,truncation,832878,3553363,caught,1,decode
3238,header,524,1,harmless,0,decode
3239,payload,944148,1,caught,1,decode
3240,bit_flip,231998,1,caught,1,decode
3241,random_bytes,1365304,13,caught,1,decode
3242,zeroed_run,2729649,1522,caught,1,decode
3243,truncation,4018000,368241,caught,1,decode
3244,header,496,1,caught,1,decode
3245,payload,2895880,1,caught,1,decode
3246,bit_flip,801685,1,caught,1,decode
3247,random_bytes,2287074,15,caught,1,decode
3248,zeroed_run,2379959,1899,caught,1,decode
3249,truncation,41344,4344897,caught,1,decode
3250,header,822,1,caught,1,decode
3251,payload,1805549,1,caught,1,decode
3252,bit_flip,3482333,1,caught,1,decode
3253,random_bytes,665297,4,caught,1,decode
3254,zeroed_run,565280,2507,caught,1,decode
3255,truncation,4138476,247765,caught,1,decode
3256,header,436,1,caught,1,decode
3257,payload,3602020,1,SILENT,0,decode
3258,bit_flip,2107338,1,caught,1,decode
3259,random_bytes,119746,8,caught,1,decode
3260,zeroed_run,3114927,1361,caught,1,decode
3261,truncation,2583478,1802763,caught,1,decode
3262,header,934,1,SILENT,0,decode
3263,payload,3004052,1,caught,1,decode
3264,bit_flip,4351668,1,caught,1,decode
3265,random_bytes,3979309,13,caught,1,decode
3266,zeroed_run,3909569,3222,caught,1,decode
3267,truncation,2576483,1809758,caught,1,decode
3268,header,855,1,caught,1,decode
3269,payload,2360262,1,caught,1,decode
3270,bit_flip,1655520,1,caught,1,decode
3271,random_bytes,2788212,12,caught,1,decode
3272,zeroed_run,4239761,3835,caught,1,decode
3273,truncation,1129482,3256759,caught,1,decode
3274,header,285,1,SILENT,0,decode
3275,payload,3343474,1,caught,1,decode
3276,bit_flip,3341531,1,caught,1,decode
3277,random_bytes,1608901,4,SILENT,0,decode
3278,zeroed_run,723427,3179,caught,1,decode
3279,truncation,4342618,43623,caught,1,decode
3280,header,960,1,caught,1,decode
3281,payload,791026,1,caught,1,decode
3282,bit_flip,2267045,1,caught,1,decode
3283,random_bytes,1533066,13,caught,1,decode
3284,zeroed_run,3213707,3150,caught,1,decode
3285,truncation,3903339,482902,caught,1,decode
3286,header,933,1,SILENT,0,decode
3287,payload,2249023,1,caught,1,decode
3288,bit_flip,3418377,1,caught,1,decode
3289,random_bytes,3518073,4,caught,1,decode
3290,zeroed_run,3567788,1512,caught,1,decode
3291,truncation,3732196,654045,caught,1,decode
3292,header,543,1,caught,1,decode
3293,payload,3244332,1,caught,1,decode
3294,bit_flip,2719223,1,caught,1,decode
3295,random_bytes,2408717,1,caught,1,decode
3296,zeroed_run,835553,4093,caught,1,decode
3297,truncation,3983343,402898,caught,1,decode
3298,header,14,1,caught,1,decode
3299,payload,3062037,1,caught,1,decode
3300,bit_flip,1249286,1,caught,1,decode
3301,random_bytes,1455840,2,caught,1,decode
3302,zeroed_run,2610365,1454,caught,1,decode
3303,truncation,4313228,73013,caught,1,decode
3304,header,946,1,caught,1,decode
3305,payload,1847036,1,caught,1,decode
3306,bit_flip,1737724,1,caught,1,decode
3307,random_bytes,1548444,5,caught,1,decode
3308,zeroed_run,3757287,971,caught,1,decode
3309,truncation,92700,4293541,caught,1,decode
3310,header,997,1,SILENT,0,decode
3311,payload,458665,1,caught,1,decode
3312,bit_flip,2012424,1,SILENT,0,decode
3313,random_bytes,3741758,3,caught,1,decode
3314,zeroed_run,2634226,1629,caught,1,decode
3315,truncation,2244267,2141974,caught,1,decode
3316,header,62,1,caught,1,decode
3317,payload,522175,1,caught,1,decode
3318,bit_flip,248186,1,caught,1,decode
3319,random_bytes,3104629,11,caught,1,decode
3320,zeroed_run,3623541,3201,caught,1,decode
3321,truncation,1601562,2784679,caught,1,decode
3322,header,412,1,SILENT,0,decode
3323,payload,1333767,1,caught,1,decode
3324,bit_flip,460870,1,caught,1,decode
3325,random_bytes,3524868,14,caught,1,decode
3326,zeroed_run,1852133,2079,SILENT,0,decode
3327,truncation,53414,4332827,caught,1,decode
3328,header,242,1,caught,1,decode
3329,payload,1280581,1,caught,1,decode
3330,bit_flip,2920232,1,caught,1,decode
3331,random_bytes,4380010,16,caught,1,decode
3332,zeroed_run,4043379,3890,caught,1,decode
3333,truncation,2537201,1849040,caught,1,decode
3334,header,488,1,caught,1,decode
3335,payload,1652299,1,caught,1,decode
3336,bit_flip,4091112,1,caught,1,decode
3337,random_bytes,3894601,4,caught,1,decode
3338,zeroed_run,3935089,2708,caught,1,decode
3339,truncation,2708380,1677861,caught,1,decode
3340,header,12,1,caught,1,decode
3341,payload,442846,1,caught,1,decode
3342,bit_flip,4033265,1,caught,1,decode
3343,random_bytes,528216,10,caught,1,decode
3344,zeroed_run,2161263,2789,caught,1,decode
3345,truncation,4370225,16016,caught,1,decode
3346,header,644,1,SILENT,0,decode
3347,payload,1630148,1,caught,1,decode
3348,bit_flip,621359,1,caught,1,decode
3349,random_bytes,1416815,6,caught,1,decode
3350,zeroed_run,2935174,63,caught,1,decode
3351,truncation,1922374,2463867,caught,1,decode
3352,header,68,1,SILENT,0,decode
3353,payload,3932378,1,caught,1,decode
3354,bit_flip,2367172,1,caught,1,decode
3355,random_bytes,3468575,7,caught,1,decode
3356,zeroed_run,4277644,522,caught,1,decode
3357,truncation,150109,4236132,caught,1,decode
3358,header,543,1,caught,1,decode
3359,payload,822747,1,caught,1,decode
3360,bit_flip,491309,1,caught,1,decode
3361,random_bytes,379101,11,caught,1,decode
3362,zeroed_run,1121868,1791,caught,1,decode
3363,truncation,2455404,1930837,caught,1,decode
3364,header,820,1,harmless,0,decode
3365,payload,2462966,1,caught,1,decode
3366,bit_flip,2212064,1,caught,1,decode
3367,random_bytes,1200629,11,SILENT,0,decode
3368,zeroed_run,1511339,2905,caught,1,decode
3369,truncation,1684743,2701498,caught,1,decode
3370,header,100,1,harmless,0,decode
3371,payload,2145824,1,caught,1,decode
3372,bit_flip,2890630,1,caught,1,decode
3373,random_bytes,3016438,10,caught,1,decode
3374,zeroed_run,1142308,2790,caught,1,decode
3375,truncation,927441,3458800,caught,1,decode
3376,header,152,1,caught,1,decode
3377,payload,2650140,1,caught,1,decode
3378,bit_flip,2485877,1,caught,1,decode
3379,random_bytes,4320298,1,caught,1,decode
3380,zeroed_run,4189443,3557,caught,1,decode
3381,truncation,691690,3694551,caught,1,decode
3382,header,214,1,caught,1,decode
3383,payload,3795498,1,caught,1,decode
3384,bit_flip,4186224,1,caught,1,decode
3385,random_bytes,127199,11,caught,1,decode
3386,zeroed_run,1771610,95,caught,1,decode
3387,truncation,1797431,2588810,caught,1,decode
3388,header,198,1,SILENT,0,decode
3389,payload,1545694,1,caught,1,decode
3390,bit_flip,3104400,1,caught,1,decode
3391,random_bytes,1037942,8,caught,1,decode
3392,zeroed_run,2227680,2078,caught,1,decode
3393,truncation,3490107,896134,caught,1,decode
3394,header,903,1,caught,1,decode
3395,payload,3212421,1,caught,1,decode
3396,bit_flip,1008891,1,caught,1,decode
3397,random_bytes,2444579,3,caught,1,decode
3398,zeroed_run,3026908,2197,caught,1,decode
3399,truncation,4332176,54065,caught,1,decode
3400,header,412,1,SILENT,0,decode
3401,payload,2648857,1,caught,1,decode
3402,bit_flip,2480833,1,caught,1,decode
3403,random_bytes,250882,2,caught,1,decode
3404,zeroed_run,328240,2065,caught,1,decode
3405,truncation,1519126,2867115,caught,1,decode
3406,header,423,1,caught,1,decode
3407,payload,2162209,1,caught,1,decode
3408,bit_flip,226268,1,caught,1,decode
3409,random_bytes,4041942,5,caught,1,decode
3410,zeroed_run,756223,2957,caught,1,decode
3411,truncation,3925165,461076,caught,1,decode
3412,header,925,1,SILENT,0,decode
3413,payload,1965128,1,caught,1,decode
3414,bit_flip,435225,1,caught,1,decode
3415,random_bytes,2884643,2,caught,1,decode
3416,zeroed_run,3208668,3007,caught,1,decode
3417,truncation,3925036,461205,caught,1,decode
3418,header,158,1,caught,1,decode
3419,payload,2460902,1,caught,1,decode
3420,bit_flip,3628248,1,caught,1,decode
3421,random_bytes,3006265,5,caught,1,decode
3422,zeroed_run,736883,82,caught,1,decode
3423,truncation,1855990,2530251,caught,1,decode
3424,header,379,1,caught,1,decode
3425,payload,1196266,1,harmless,0,decode
3426,bit_flip,4244351,1,caught,1,decode
3427,random_bytes,1941269,1,caught,1,decode
3428,zeroed_run,757567,1390,caught,1,decode
3429,truncation,4036383,349858,caught,1,decode
3430,header,77,1,caught,1,decode
3431,payload,3377597,1,caught,1,decode
3432,bit_flip,1718535,1,SILENT,0,decode
3433,random_bytes,4032036,16,SILENT,0,decode
3434,zeroed_run,713295,4085,caught,1,decode
3435,truncation,833611,3552630,caught,1,decode
3436,header,925,1,SILENT,0,decode
3437,payload,1223391,1,caught,1,decode
3438,bit_flip,4125979,1,caught,1,decode
3439,random_bytes,491828,8,caught,1,decode
3440,zeroed_run,9485,3264,caught,1,decode
3441,truncation,1624167,2762074,caught,1,decode
3442,header,363,1,caught,1,decode
3443,payload,2591053,1,caught,1,decode
3444,bit_flip,3242163,1,caught,1,decode
3445,random_bytes,1240753,7,caught,1,decode
3446,zeroed_run,679645,4018,caught,1,decode
3447,truncation,1843095,2543146,caught,1,decode
3448,header,207,1,caught,1,decode
3449,payload,1576831,1,caught,1,decode
3450,bit_flip,3739084,1,caught,1,decode
3451,random_bytes,3860298,15,caught,1,decode
3452,zeroed_run,36913,1806,caught,1,decode
3453,truncation,1033179,3353062,caught,1,decode
3454,header,663,1,caught,1,decode
3455,payload,34301,1,caught,1,decode
3456,bit_flip,528530,1,caught,1,decode
3457,random_bytes,3406076,9,caught,1,decode
3458,zeroed_run,2284530,2768,caught,1,decode
3459,truncation,1400176,2986065,caught,1,decode
3460,header,663,1,caught,1,decode
3461,payload,1661346,1,caught,1,decode
3462,bit_flip,2887514,1,caught,1,decode
3463,random_bytes,2801350,14,caught,1,decode
3464,zeroed_run,3383934,2444,caught,1,decode
3465,truncation,1149899,3236342,caught,1,decode
3466,header,630,1,caught,1,decode
3467,payload,2896857,1,caught,1,decode
3468,bit_flip,1291023,1,caught,1,decode
3469,random_bytes,1845080,16,caught,1,decode
3470,zeroed_run,133677,3215,caught,1,decode
3471,truncation,387674,3998567,caught,1,decode
3472,header,613,1,SILENT,0,decode
3473,payload,1715346,1,SILENT,0,decode
3474,bit_flip,1583106,1,caught,1,decode
3475,random_bytes,2887785,7,caught,1,decode
3476,zeroed_run,891789,2521,caught,1,decode
3477,truncation,1178744,3207497,caught,1,decode
3478,header,189,1,harmless,0,decode
3479,payload,870500,1,caught,1,decode
3480,bit_flip,1461293,1,caught,1,decode
3481,random_bytes,2026964,11,SILENT,0,decode
3482,zeroed_run,684091,3657,caught,1,decode
3483,truncation,304986,4081255,caught,1,decode
3484,header,840,1,caught,1,decode
3485,payload,3014124,1,caught,1,decode
3486,bit_flip,2723142,1,caught,1,decode
3487,random_bytes,1473769,3,caught,1,decode
3488,zeroed_run,3081248,3157,caught,1,decode
3489,truncation,3622477,763764,caught,1,decode
3490,header,396,1,caught,1,decode
3491,payload,3734943,1,caught,1,decode
3492,bit_flip,3887108,1,SILENT,0,decode
3493,random_bytes,285679,14,caught,1,decode
3494,zeroed_run,889701,138,caught,1,decode
3495,truncation,2770837,1615404,caught,1,decode
3496,header,390,1,SILENT,0,decode
3497,payload,3029995,1,caught,1,decode
3498,bit_flip,2535381,1,caught,1,decode
3499,random_bytes,54405,5,caught,1,decode
3500,zeroed_run,615474,3091,caught,1,decode
3501,truncation,2205716,2180525,caught,1,decode
3502,header,869,1,harmless,0,decode
3503,payload,896731,1,caught,1,decode
3504,bit_flip,3036626,1,caught,1,decode
3505,random_bytes,594242,16,caught,1,decode
3506,zeroed_run,2961527,3191,caught,1,decode
3507,truncation,2832186,1554055,caught,1,decode
3508,header,92,1,SILENT,0,decode
3509,payload,17661,1,caught,1,decode
3510,bit_flip,1250322,1,caught,1,decode
3511,random_bytes,1144690,13,caught,1,decode
3512,zeroed_run,3977468,1072,caught,1,decode
3513,truncation,1435380,2950861,caught,1,decode
3514,header,874,1,caught,1,decode
3515,payload,2708770,1,caught,1,decode
3516,bit_flip,3209049,1,caught,1,decode
3517,random_bytes,2579918,11,SILENT,0,decode
3518,zeroed_run,1491898,2252,caught,1,decode
3519,truncation,2251620,2134621,caught,1,decode
3520,header,771,1,caught,1,decode
3521,payload,733182,1,caught,1,decode
3522,bit_flip,637103,1,caught,1,decode
3523,random_bytes,3364005,6,caught,1,decode
3524,zeroed_run,451920,303,caught,1,decode
3525,truncation,3903715,482526,caught,1,decode
3526,header,611,1,caught,1,decode
3527,payload,2540575,1,caught,1,decode
3528,bit_flip,1315948,1,caught,1,decode
3529,random_bytes,280942,13,caught,1,decode
3530,zeroed_run,3273603,986,caught,1,decode
3531,truncation,1969997,2416244,caught,1,decode
3532,header,67,1,caught,1,decode
3533,payload,2944431,1,caught,1,decode
3534,bit_flip,4203876,1,caught,1,decode
3535,random_bytes,3876774,12,SILENT,0,decode
3536,zeroed_run,2953660,3007,caught,1,decode
3537,truncation,2714515,1671726,caught,1,decode
3538,header,894,1,caught,1,decode
3539,payload,2145295,1,caught,1,decode
3540,bit_flip,4240275,1,caught,1,decode
3541,random_bytes,2578708,5,SILENT,0,decode
3542,zeroed_run,3458165,857,caught,1,decode
3543,truncation,816214,3570027,caught,1,decode
3544,header,533,1,caught,1,decode
3545,payload,842689,1,caught,1,decode
3546,bit_flip,2291082,1,caught,1,decode
3547,random_bytes,2729858,9,caught,1,decode
3548,zeroed_run,1307668,1618,caught,1,decode
3549,truncation,3714738,671503,caught,1,decode
3550,header,991,1,caught,1,decode
3551,payload,1307550,1,caught,1,decode
3552,bit_flip,1086933,1,caught,1,decode
3553,random_bytes,4000207,7,caught,1,decode
3554,zeroed_run,584742,2502,caught,1,decode
3555,truncation,3883427,502814,caught,1,decode
3556,header,858,1,caught,1,decode
3557,payload,2885581,1,caught,1,decode
3558,bit_flip,2407338,1,caught,1,decode
3559,random_bytes,1374805,15,caught,1,decode
3560,zeroed_run,4316067,3844,caught,1,decode
3561,truncation,1873781,2512460,caught,1,decode
3562,header,475,1,caught,1,decode
3563,payload,874274,1,caught,1,decode
3564,bit_flip,1571206,1,caught,1,decode
3565,random_bytes,1548559,7,caught,1,decode
3566,zeroed_run,2303498,2675,caught,1,decode
3567,truncation,818017,3568224,caught,1,decode
3568,header,376,1,caught,1,decode
3569,payload,404519,1,SILENT,0,decode
3570,bit_flip,3531371,1,caught,1,decode
3571,random_bytes,3450080,14,caught,1,decode
3572,zeroed_run,787892,2404,caught,1,decode
3573,truncation,1363800,3022441,caught,1,decode
3574,header,958,1,caught,1,decode
3575,payload,2324273,1,caught,1,decode
3576,bit_flip,1377135,1,caught,1,decode
3577,random_bytes,380767,1,caught,1,decode
3578,zeroed_run,427096,1760,SILENT,0,decode
3579,truncation,918665,3467576,caught,1,decode
3580,header,363,1,caught,1,decode
3581,payload,2499417,1,caught,1,decode
3582,bit_flip,1654333,1,caught,1,decode
3583,random_bytes,120786,15,caught,1,decode
3584,zeroed_run,1278510,2350,caught,1,decode
3585,truncation,1152454,3233787,caught,1,decode
3586,header,411,1,caught,1,decode
3587,payload,3591050,1,SILENT,0,decode
3588,bit_flip,2799767,1,caught,1,decode
3589,random_bytes,122022,9,caught,1,decode
3590,zeroed_run,1407106,1750,caught,1,decode
3591,truncation,1749652,2636589,caught,1,decode
3592,header,556,1,caught,1,decode
3593,payload,1734575,1,caught,1,decode
3594,bit_flip,3702031,1,caught,1,decode
3595,random_bytes,62940,2,caught,1,decode
3596,zeroed_run,2822479,470,caught,1,decode
3597,truncation,2603861,1782380,caught,1,decode
3598,header,491,1,caught,1,decode
3599,payload,3462217,1,caught,1,decode
3600,bit_flip,1033887,1,caught,1,decode
3601,random_bytes,2558217,6,caught,1,decode
3602,zeroed_run,1279065,3156,caught,1,decode
3603,truncation,1505310,2880931,caught,1,decode
3604,header,789,1,caught,1,decode
3605,payload,269404,1,caught,1,decode
3606,bit_flip,1963219,1,caught,1,decode
3607,random_bytes,2267523,15,caught,1,decode
3608,zeroed_run,2746102,3608,caught,1,decode
3609,truncation,2736444,1649797,caught,1,decode
3610,header,969,1,caught,1,decode
3611,payload,1304851,1,caught,1,decode
3612,bit_flip,2143085,1,caught,1,decode
3613,random_bytes,4250601,7,caught,1,decode
3614,zeroed_run,3984341,1047,caught,1,decode
3615,truncation,3704360,681881,caught,1,decode
3616,header,408,1,caught,1,decode
3617,payload,2675985,1,caught,1,decode
3618,bit_flip,2375531,1,caught,1,decode
3619,random_bytes,265785,4,caught,1,decode
3620,zeroed_run,1144451,743,caught,1,decode
3621,truncation,2692521,1693720,caught,1,decode
3622,header,717,1,caught,1,decode
3623,payload,3594759,1,harmless,0,decode
3624,bit_flip,511968,1,caught,1,decode
3625,random_bytes,2234334,3,caught,1,decode
3626,zeroed_run,553861,3072,caught,1,decode
3627,truncation,3627366,758875,caught,1,decode
3628,header,683,1,caught,1,decode
3629,payload,1978446,1,caught,1,decode
3630,bit_flip,84770,1,caught,1,decode
3631,random_bytes,1215516,7,caught,1,decode
3632,zeroed_run,772493,2753,caught,1,decode
3633,truncation,250089,4136152,caught,1,decode
3634,header,324,1,SILENT,0,decode
3635,payload,3917337,1,caught,1,decode
3636,bit_flip,159170,1,caught,1,decode
3637,random_bytes,3853511,13,caught,1,decode
3638,zeroed_run,1563506,3376,caught,1,decode
3639,truncation,3951956,434285,caught,1,decode
3640,header,69,1,SILENT,0,decode
3641,payload,2413824,1,caught,1,decode
3642,bit_flip,184327,1,SILENT,0,decode
3643,random_bytes,3458355,6,caught,1,decode
3644,zeroed_run,2663118,3454,caught,1,decode
3645,truncation,1663790,2722451,caught,1,decode
3646,header,787,1,caught,1,decode
3647,payload,684673,1,caught,1,decode
3648,bit_flip,3602130,1,SILENT,0,decode
3649,random_bytes,431109,7,SILENT,0,decode
3650,zeroed_run,668407,2963,caught,1,decode
3651,truncation,3226126,1160115,caught,1,decode
3652,header,573,1,harmless,0,decode
3653,payload,4319275,1,caught,1,decode
3654,bit_flip,3574813,1,caught,1,decode
3655,random_bytes,4162410,5,caught,1,decode
3656,zeroed_run,3859902,3784,caught,1,decode
3657,truncation,1331990,3054251,caught,1,decode
3658,header,987,1,caught,1,decode
3659,payload,187131,1,SILENT,0,decode
3660,bit_flip,764638,1,caught,1,decode
3661,random_bytes,3683248,6,caught,1,decode
3662,zeroed_run,1537287,256,caught,1,decode
3663,truncation,990721,3395520,caught,1,decode
3664,header,59,1,caught,1,decode
3665,payload,4060619,1,caught,1,decode
3666,bit_flip,370458,1,caught,1,decode
3667,random_bytes,600370,4,caught,1,decode
3668,zeroed_run,4378706,657,caught,1,decode
3669,truncation,2904489,1481752,caught,1,decode
3670,header,133,1,SILENT,0,decode
3671,payload,3992797,1,caught,1,decode
3672,bit_flip,1432564,1,caught,1,decode
3673,random_bytes,4297371,12,caught,1,decode
3674,zeroed_run,2700407,533,caught,1,decode
3675,truncation,3365640,1020601,caught,1,decode
3676,header,863,1,caught,1,decode
3677,payload,4222780,1,caught,1,decode
3678,bit_flip,1951898,1,caught,1,decode
3679,random_bytes,2769932,3,caught,1,decode
3680,zeroed_run,2961198,636,caught,1,decode
3681,truncation,215009,4171232,caught,1,decode
3682,header,862,1,caught,1,decode
3683,payload,3617016,1,caught,1,decode
3684,bit_flip,3940032,1,caught,1,decode
3685,random_bytes,317780,6,caught,1,decode
3686,zeroed_run,2951793,464,caught,1,decode
3687,truncation,1559252,2826989,caught,1,decode
3688,header,452,1,SILENT,0,decode
3689,payload,3738965,1,caught,1,decode
3690,bit_flip,438827,1,caught,1,decode
3691,random_bytes,4071748,15,SILENT,0,decode
3692,zeroed_run,3851746,3346,caught,1,decode
3693,truncation,1721818,2664423,caught,1,decode
3694,header,609,1,caught,1,decode
3695,payload,3238077,1,caught,1,decode
3696,bit_flip,2443033,1,caught,1,decode
3697,random_bytes,199116,12,SILENT,0,decode
3698,zeroed_run,2118200,3674,caught,1,decode
3699,truncation,1991609,2394632,caught,1,decode
3700,header,134,1,SILENT,0,decode
3701,payload,520826,1,caught,1,decode
3702,bit_flip,1969493,1,caught,1,decode
3703,random_bytes,3625662,10,caught,1,decode
3704,zeroed_run,1035199,2511,caught,1,decode
3705,truncation,1706459,2679782,caught,1,decode
3706,header,259,1,caught,1,decode
3707,payload,2482559,1,caught,1,decode
3708,bit_flip,369831,1,caught,1,decode
3709,random_bytes,1626549,11,caught,1,decode
3710,zeroed_run,1622488,845,caught,1,decode
3711,truncation,616787,3769454,caught,1,decode
3712,header,76,1,SILENT,0,decode
3713,payload,2308092,1,caught,1,decode
3714,bit_flip,1658361,1,caught,1,decode
3715,random_bytes,4104766,13,caught,1,decode
3716,zeroed_run,686088,2888,caught,1,decode
3717,truncation,2378043,2008198,caught,1,decode
3718,header,943,1,caught,1,decode
3719,payload,1485565,1,caught,1,decode
3720,bit_flip,1322645,1,caught,1,decode
3721,random_bytes,1238339,8,caught,1,decode
3722,zeroed_run,3617139,2642,caught,1,decode
3723,truncation,421188,3965053,caught,1,decode
3724,header,502,1,caught,1,decode
3725,payload,1480119,1,caught,1,decode
3726,bit_flip,25747,1,caught,1,decode
3727,random_bytes,1843452,13,caught,1,decode
3728,zeroed_run,882733,3237,caught,1,decode
3729,truncation,3645986,740255,caught,1,decode
3730,header,492,1,caught,1,decode
3731,payload,1881826,1,caught,1,decode
3732,bit_flip,365784,1,caught,1,decode
3733,random_bytes,1094368,14,caught,1,decode
3734,zeroed_run,925590,2653,caught,1,decode
3735,truncation,1076013,3310228,caught,1,decode
3736,header,72,1,caught,1,decode
3737,payload,2409375,1,caught,1,decode
3738,bit_flip,824249,1,caught,1,decode
3739,random_bytes,240815,4,caught,1,decode
3740,zeroed_run,1884240,3858,caught,1,decode
3741,truncation,4069779,316462,caught,1,decode
3742,header,498,1,caught,1,decode
3743,payload,346070,1,caught,1,decode
3744,bit_flip,2116589,1,caught,1,decode
3745,random_bytes,1331981,7,caught,1,decode
3746,zeroed_run,775316,2121,caught,1,decode
3747,truncation,336403,4049838,caught,1,decode
3748,header,380,1,harmless,0,decode
3749,payload,199101,1,SILENT,0,decode
3750,bit_flip,4018260,1,SILENT,0,decode
3751,random_bytes,245638,5,caught,1,decode
3752,zeroed_run,3708440,76,caught,1,decode
3753,truncation,3095383,1290858,caught,1,decode
3754,header,238,1,caught,1,decode
3755,payload,2990350,1,caught,1,decode
3756,bit_flip,1743919,1,caught,1,decode
3757,random_bytes,1378795,13,caught,1,decode
3758,zeroed_run,3459164,3428,caught,1,decode
3759,truncation,1256104,3130137,caught,1,decode
3760,header,136,1,caught,1,decode
3761,payload,45384,1,caught,1,decode
3762,bit_flip,2067972,1,caught,1,decode
3763,random_bytes,139552,13,caught,1,decode
3764,zeroed_run,4352385,3976,caught,1,decode
3765,truncation,1731205,2655036,caught,1,decode
3766,header,428,1,harmless,0,decode
3767,payload,4096617,1,caught,1,decode
3768,bit_flip,3197812,1,caught,1,decode
3769,random_bytes,1166914,13,caught,1,decode
3770,zeroed_run,1810834,1663,caught,1,decode
3771,truncation,1116558,3269683,caught,1,decode
3772,header,122,1,caught,1,decode
3773,payload,1514495,1,caught,1,decode
3774,bit_flip,4383894,1,caught,1,decode
3775,random_bytes,3823097,16,caught,1,decode
3776,zeroed_run,2543215,1364,caught,1,decode
3777,truncation,1807486,2578755,caught,1,decode
3778,header,986,1,caught,1,decode
3779,payload,1010184,1,caught,1,decode
3780,bit_flip,2577482,1,SILENT,0,decode
3781,random_bytes,2598310,6,caught,1,decode
3782,zeroed_run,1885995,3741,caught,1,decode
3783,truncation,3370390,1015851,caught,1,decode
3784,header,733,1,SILENT,0,decode
3785,payload,4174585,1,caught,1,decode
3786,bit_flip,4248604,1,caught,1,decode
3787,random_bytes,2174109,7,caught,1,decode
3788,zeroed_run,4247436,439,caught,1,decode
3789,truncation,1765281,2620960,caught,1,decode
3790,header,332,1,harmless,0,decode
3791,payload,1726556,1,SILENT,0,decode
3792,bit_flip,1588365,1,caught,1,decode
3793,random_bytes,3847860,4,caught,1,decode
3794,zeroed_run,297422,453,caught,1,decode
3795,truncation,326861,4059380,caught,1,decode
3796,header,72,1,caught,1,decode
3797,payload,2328122,1,caught,1,decode
3798,bit_flip,2046756,1,caught,1,decode
3799,random_bytes,1609745,5,SILENT,0,decode
3800,zeroed_run,1362649,1408,caught,1,decode
3801,truncation,2798225,1588016,caught,1,decode
3802,header,721,1,caught,1,decode
3803,payload,3381708,1,caught,1,decode
3804,bit_flip,912449,1,SILENT,0,decode
3805,random_bytes,2781707,13,caught,1,decode
3806,zeroed_run,575333,2757,caught,1,decode
3807,truncation,3706399,679842,caught,1,decode
3808,header,597,1,caught,1,decode
3809,payload,1498364,1,caught,1,decode
3810,bit_flip,135861,1,caught,1,decode
3811,random_bytes,1031459,1,caught,1,decode
3812,zeroed_run,1497939,2021,caught,1,decode
3813,truncation,3444593,941648,caught,1,decode
3814,header,814,1,caught,1,decode
3815,payload,2838504,1,caught,1,decode
3816,bit_flip,664539,1,caught,1,decode
3817,random_bytes,3690462,10,caught,1,decode
3818,zeroed_run,3621546,2365,caught,1,decode
3819,truncation,2024549,2361692,caught,1,decode
3820,header,118,1,caught,1,decode
3821,payload,1092231,1,caught,1,decode
3822,bit_flip,3457340,1,SILENT,0,decode
3823,random_bytes,440316,11,caught,1,decode
3824,zeroed_run,1592234,3894,caught,1,decode
3825,truncation,1919980,2466261,caught,1,decode
3826,header,983,1,caught,1,decode
3827,payload,204574,1,SILENT,0,decode
3828,bit_flip,4332406,1,caught,1,decode
3829,random_bytes,2364819,4,caught,1,decode
3830,zeroed_run,3956473,3374,caught,1,decode
3831,truncation,2256722,2129519,caught,1,decode
3832,header,440,1,caught,1,decode
3833,payload,1295807,1,caught,1,decode
3834,bit_flip,423573,1,SILENT,0,decode
3835,random_bytes,1215693,6,caught,1,decode
3836,zeroed_run,914760,1011,SILENT,0,decode
3837,truncation,1006427,3379814,caught,1,decode
3838,header,162,1,caught,1,decode
3839,payload,4214094,1,caught,1,decode
3840,bit_flip,3541265,1,caught,1,decode
3841,random_bytes,3898079,15,caught,1,decode
3842,zeroed_run,432385,2289,caught,1,decode
3843,truncation,130649,4255592,caught,1,decode
3844,header,14,1,caught,1,decode
3845,payload,395222,1,caught,1,decode
3846,bit_flip,3331539,1,SILENT,0,decode
3847,random_bytes,4363191,9,caught,1,decode
3848,zeroed_run,735833,2513,caught,1,decode
3849,truncation,1955265,2430976,caught,1,decode
3850,header,220,1,SILENT,0,decode
3851,payload,2803876,1,caught,1,decode
3852,bit_flip,2087496,1,caught,1,decode
3853,random_bytes,1579266,8,caught,1,decode
3854,zeroed_run,770190,3994,caught,1,decode
3855,truncation,1739768,2646473,caught,1,decode
3856,header,842,1,caught,1,decode
3857,payload,2661430,1,caught,1,decode
3858,bit_flip,4225745,1,caught,1,decode
3859,random_bytes,2694998,13,caught,1,decode
3860,zeroed_run,354207,3721,caught,1,decode
3861,truncation,2390276,1995965,caught,1,decode
3862,header,230,1,SILENT,0,decode
3863,payload,782806,1,caught,1,decode
3864,bit_flip,3579539,1,SILENT,0,decode
3865,random_bytes,2343642,12,caught,1,decode
3866,zeroed_run,3563923,3019,caught,1,decode
3867,truncation,2573596,1812645,caught,1,decode
3868,header,172,1,caught,1,decode
3869,payload,3649948,1,caught,1,decode
3870,bit_flip,528780,1,caught,1,decode
3871,random_bytes,1472690,14,caught,1,decode
3872,zeroed_run,3548747,4003,caught,1,decode
3873,truncation,1916126,2470115,caught,1,decode
3874,header,203,1,caught,1,decode
3875,payload,1458552,1,caught,1,decode
3876,bit_flip,857004,1,caught,1,decode
3877,random_bytes,3880800,2,SILENT,0,decode
3878,zeroed_run,57259,3033,caught,1,decode
3879,truncation,215192,4171049,caught,1,decode
3880,header,470,1,caught,1,decode
3881,payload,185194,1,SILENT,0,decode
3882,bit_flip,331278,1,caught,1,decode
3883,random_bytes,689726,15,caught,1,decode
3884,zeroed_run,3963446,1451,caught,1,decode
3885,truncation,107355,4278886,caught,1,decode
3886,header,11,1,caught,1,decode
3887,payload,1105950,1,caught,1,decode
3888,bit_flip,505227,1,caught,1,decode
3889,random_bytes,3489589,3,caught,1,decode
3890,zeroed_run,3989746,1730,caught,1,decode
3891,truncation,2110471,2275770,caught,1,decode
3892,header,763,1,caught,1,decode
3893,payload,2850830,1,caught,1,decode
3894,bit_flip,477187,1,caught,1,decode
3895,random_bytes,3535606,4,caught,1,decode
3896,zeroed_run,1031644,1538,caught,1,decode
3897,truncation,2611628,1774613,caught,1,decode
3898,header,61,1,caught,1,decode
3899,payload,949130,1,caught,1,decode
3900,bit_flip,3859354,1,caught,1,decode
3901,random_bytes,399912,3,caught,1,decode
3902,zeroed_run,1831769,1298,caught,1,decode
3903,truncation,2740840,1645401,caught,1,decode
3904,header,223,1,caught,1,decode
3905,payload,2864793,1,caught,1,decode
3906,bit_flip,3556405,1,caught,1,decode
3907,random_bytes,6319,2,caught,1,decode
3908,zeroed_run,3404906,1716,caught,1,decode
3909,truncation,3885336,500905,caught,1,decode
3910,header,277,1,caught,1,decode
3911,payload,503875,1,caught,1,decode
3912,bit_flip,3009738,1,caught,1,decode
3913,random_bytes,4265704,14,caught,1,decode
3914,zeroed_run,4198707,1617,caught,1,decode
3915,truncation,3765654,620587,caught,1,decode
3916,header,109,1,caught,1,decode
3917,payload,2615032,1,caught,1,decode
3918,bit_flip,1313035,1,caught,1,decode
3919,random_bytes,442321,1,caught,1,decode
3920,zeroed_run,2036955,563,SILENT,0,decode
3921,truncation,3100707,1285534,caught,1,decode
3922,header,931,1,caught,1,decode
3923,payload,3688075,1,caught,1,decode
3924,bit_flip,209854,1,SILENT,0,decode
3925,random_bytes,4337990,6,caught,1,decode
3926,zeroed_run,1420997,798,caught,1,decode
3927,truncation,1446260,2939981,caught,1,decode
3928,header,121,1,caught,1,decode
3929,payload,3271860,1,caught,1,decode
3930,bit_flip,797041,1,caught,1,decode
3931,random_bytes,2641095,6,caught,1,decode
3932,zeroed_run,4207829,611,caught,1,decode
3933,truncation,588809,3797432,caught,1,decode
3934,header,761,1,caught,1,decode
3935,payload,4007391,1,caught,1,decode
3936,bit_flip,4281877,1,caught,1,decode
3937,random_bytes,108462,6,caught,1,decode
3938,zeroed_run,1742271,815,caught,1,decode
3939,truncation,213594,4172647,caught,1,decode
3940,header,311,1,caught,1,decode
3941,payload,1318867,1,caught,1,decode
3942,bit_flip,2282317,1,caught,1,decode
3943,random_bytes,1296700,7,caught,1,decode
3944,zeroed_run,3685640,3753,caught,1,decode
3945,truncation,2713098,1673143,caught,1,decode
3946,header,386,1,caught,1,decode
3947,payload,627252,1,caught,1,decode
3948,bit_flip,3354077,1,caught,1,decode
3949,random_bytes,3824534,15,caught,1,decode
3950,zeroed_run,1276251,2058,caught,1,decode
3951,truncation,788025,3598216,caught,1,decode
3952,header,1001,1,caught,1,decode
3953,payload,2570820,1,SILENT,0,decode
3954,bit_flip,81925,1,caught,1,decode
3955,random_bytes,957024,8,caught,1,decode
3956,zeroed_run,3243590,3607,caught,1,decode
3957,truncation,494549,3891692,caught,1,decode
3958,header,415,1,caught,1,decode
3959,payload,2925662,1,caught,1,decode
3960,bit_flip,1954225,1,caught,1,decode
3961,random_bytes,4374458,11,caught,1,decode
3962,zeroed_run,715729,2025,caught,1,decode
3963,truncation,2082317,2303924,caught,1,decode
3964,header,423,1,caught,1,decode
3965,payload,1875358,1,caught,1,decode
3966,bit_flip,4049634,1,caught,1,decode
3967,random_bytes,1976037,9,caught,1,decode
3968,zeroed_run,2528481,3195,caught,1,decode
3969,truncation,2166690,2219551,caught,1,decode
3970,header,769,1,caught,1,decode
3971,payload,2906895,1,caught,1,decode
3972,bit_flip,195756,1,SILENT,0,decode
3973,random_bytes,1923634,15,caught,1,decode
3974,zeroed_run,3892479,614,caught,1,decode
3975,truncation,1479093,2907148,caught,1,decode
3976,header,931,1,caught,1,decode
3977,payload,1867166,1,caught,1,decode
3978,bit_flip,2645917,1,caught,1,decode
3979,random_bytes,2653207,4,caught,1,decode
3980,zeroed_run,1848047,987,caught,1,decode
3981,truncation,2977270,1408971,caught,1,decode
3982,header,105,1,caught,1,decode
3983,payload,1725305,1,SILENT,0,decode
3984,bit_flip,504806,1,caught,1,decode
3985,random_bytes,2094358,14,caught,1,decode
3986,zeroed_run,4178917,1331,caught,1,decode
3987,truncation,3512930,873311,caught,1,decode
3988,header,850,1,caught,1,decode
3989,payload,2907751,1,caught,1,decode
3990,bit_flip,4256497,1,caught,1,decode
3991,random_bytes,661710,2,caught,1,decode
3992,zeroed_run,2073514,3135,caught,1,decode
3993,truncation,3477292,908949,caught,1,decode
3994,header,891,1,caught,1,decode
3995,payload,1304879,1,caught,1,decode
3996,bit_flip,3292495,1,caught,1,decode
3997,random_bytes,2838124,14,caught,1,decode
3998,zeroed_run,1529923,69,caught,1,decode
3999,truncation,900103,3486138,caught,1,decode
4000,header,418,1,caught,1,decode
4001,payload,932733,1,caught,1,decode
4002,bit_flip,1453029,1,caught,1,decode
4003,random_bytes,725075,8,caught,1,decode
4004,zeroed_run,1568957,1281,caught,1,decode
4005,truncation,722891,3663350,caught,1,decode
4006,header,133,1,SILENT,0,decode
4007,payload,491977,1,caught,1,decode
4008,bit_flip,2363145,1,caught,1,decode
4009,random_bytes,3995089,13,caught,1,decode
4010,zeroed_run,2276694,877,caught,1,decode
4011,truncation,3251491,1134750,caught,1,decode
4012,header,225,1,caught,1,decode
4013,payload,1043669,1,caught,1,decode
4014,bit_flip,528318,1,caught,1,decode
4015,random_bytes,43043,14,caught,1,decode
4016,zeroed_run,989469,322,caught,1,decode
4017,truncation,1568562,2817679,caught,1,decode
4018,header,102,1,SILENT,0,decode
4019,payload,187613,1,SILENT,0,decode
4020,bit_flip,2522995,1,caught,1,decode
4021,random_bytes,2001266,4,caught,1,decode
4022,zeroed_run,4055552,2229,caught,1,decode
4023,truncation,3364188,1022053,caught,1,decode
4024,header,132,1,SILENT,0,decode
4025,payload,368879,1,caught,1,decode
4026,bit_flip,1860334,1,SILENT,0,decode
4027,random_bytes,421635,8,SILENT,0,decode
4028,zeroed_run,2029120,662,SILENT,0,decode
4029,truncation,323347,4062894,caught,1,decode
4030,header,678,1,harmless,0,decode
4031,payload,2801170,1,caught,1,decode
4032,bit_flip,2677902,1,caught,1,decode
4033,random_bytes,2954835,10,caught,1,decode
4034,zeroed_run,1689342,2641,caught,1,decode
4035,truncation,2398185,1988056,caught,1,decode
4036,header,974,1,caught,1,decode
4037,payload,2163866,1,caught,1,decode
4038,bit_flip,1673378,1,caught,1,decode
4039,random_bytes,3453376,16,caught,1,decode
4040,zeroed_run,1554787,3742,caught,1,decode
4041,truncation,3557808,828433,caught,1,decode
4042,header,749,1,caught,1,decode
4043,payload,2319658,1,caught,1,decode
4044,bit_flip,3284009,1,caught,1,decode
4045,random_bytes,3844375,3,caught,1,decode
4046,zeroed_run,772897,2683,caught,1,decode
4047,truncation,2492256,1893985,caught,1,decode
4048,header,896,1,caught,1,decode
4049,payload,3281089,1,caught,1,decode
4050,bit_flip,2079584,1,caught,1,decode
4051,random_bytes,1682140,2,caught,1,decode
4052,zeroed_run,2325969,3225,caught,1,decode
4053,truncation,985722,3400519,caught,1,decode
4054,header,852,1,SILENT,0,decode
4055,payload,1364490,1,caught,1,decode
4056,bit_flip,3390161,1,caught,1,decode
4057,random_bytes,3947237,14,caught,1,decode
4058,zeroed_run,4118604,3313,caught,1,decode
4059,truncation,768664,3617577,caught,1,decode
4060,header,464,1,caught,1,decode
4061,payload,3717780,1,caught,1,decode
4062,bit_flip,15612,1,caught,1,decode
4063,random_bytes,3541185,1,caught,1,decode
4064,zeroed_run,1397509,2148,caught,1,decode
4065,truncation,1326003,3060238,caught,1,decode
4066,header,445,1,harmless,0,decode
4067,payload,3549573,1,caught,1,decode
4068,bit_flip,6098,1,caught,1,decode
4069,random_bytes,1510909,8,caught,1,decode
4070,zeroed_run,1286739,2456,caught,1,decode
4071,truncation,769667,3616574,caught,1,decode
4072,header,844,1,caught,1,decode
4073,payload,4246678,1,caught,1,decode
4074,bit_flip,3847342,1,caught,1,decode
4075,random_bytes,889015,15,caught,1,decode
4076,zeroed_run,742847,1056,caught,1,decode
4077,truncation,1033028,3353213,caught,1,decode
4078,header,706,1,caught,1,decode
4079,payload,445671,1,caught,1,decode
4080,bit_flip,1639140,1,caught,1,decode
4081,random_bytes,1913856,1,caught,1,decode
4082,zeroed_run,678686,684,caught,1,decode
4083,truncation,1308867,3077374,caught,1,decode
4084,header,535,1,caught,1,decode
4085,payload,2254003,1,caught,1,decode
4086,bit_flip,4067795,1,caught,1,decode
4087,random_bytes,2738910,7,caught,1,decode
4088,zeroed_run,3212811,590,caught,1,decode
4089,truncation,3490125,896116,caught,1,decode
4090,header,538,1,caught,1,decode
4091,payload,3590789,1,SILENT,0,decode
4092,bit_flip,734198,1,caught,1,decode
4093,random_bytes,3311376,10,caught,1,decode
4094,zeroed_run,425485,1263,SILENT,0,decode
4095,truncation,4078098,308143,caught,1,decode
4096,header,567,1,caught,1,decode
4097,payload,3901909,1,caught,1,decode
4098,bit_flip,570949,1,caught,1,decode
4099,random_bytes,4110638,7,caught,1,decode
4100,zeroed_run,466559,3916,caught,1,decode
4101,truncation,854793,3531448,caught,1,decode
4102,header,25,1,caught,1,decode
4103,payload,3953831,1,caught,1,decode
4104,bit_flip,4239049,1,caught,1,decode
4105,random_bytes,3836606,16,caught,1,decode
4106,zeroed_run,150384,3573,caught,1,decode
4107,truncation,4371578,14663,caught,1,decode
4108,header,191,1,caught,1,decode
4109,payload,2886403,1,caught,1,decode
4110,bit_flip,1544384,1,caught,1,decode
4111,random_bytes,482080,7,caught,1,decode
4112,zeroed_run,4095736,2815,caught,1,decode
4113,truncation,794045,3592196,caught,1,decode
4114,header,388,1,SILENT,0,decode
4115,payload,1117113,1,caught,1,decode
4116,bit_flip,47287,1,caught,1,decode
4117,random_bytes,3301462,12,caught,1,decode
4118,zeroed_run,2448672,1992,caught,1,decode
4119,truncation,337636,4048605,caught,1,decode
4120,header,277,1,caught,1,decode
4121,payload,3595566,1,caught,1,decode
4122,bit_flip,1448794,1,caught,1,decode
4123,random_bytes,1933266,10,caught,1,decode
4124,zeroed_run,4277172,3613,caught,1,decode
4125,truncation,3599786,786455,caught,1,decode
4126,header,317,1,harmless,0,decode
4127,payload,3650125,1,caught,1,decode
4128,bit_flip,4151037,1,caught,1,decode
4129,random_bytes,2630115,9,caught,1,decode
4130,zeroed_run,1868110,2639,caught,1,decode
4131,truncation,544243,3841998,caught,1,decode
4132,header,271,1,caught,1,decode
4133,payload,3389430,1,caught,1,decode
4134,bit_flip,3241811,1,caught,1,decode
4135,random_bytes,3408505,4,caught,1,decode
4136,zeroed_run,2555490,848,caught,1,decode
4137,truncation,547828,3838413,caught,1,decode
4138,header,263,1,caught,1,decode
4139,payload,4258680,1,caught,1,decode
4140,bit_flip,2928874,1,caught,1,decode
4141,random_bytes,2630147,3,caught,1,decode
4142,zeroed_run,1039327,3389,caught,1,decode
4143,truncation,2641169,1745072,caught,1,decode
4144,header,992,1,caught,1,decode
4145,payload,4261840,1,caught,1,decode
4146,bit_flip,1659580,1,caught,1,decode
4147,random_bytes,899202,13,caught,1,decode
4148,zeroed_run,2610725,1670,caught,1,decode
4149,truncation,1038993,3347248,caught,1,decode
4150,header,234,1,caught,1,decode
4151,payload,3596676,1,SILENT,0,decode
4152,bit_flip,41950,1,caught,1,decode
4153,random_bytes,2617282,16,caught,1,decode
4154,zeroed_run,2674125,233,caught,1,decode
4155,truncation,1211552,3174689,caught,1,decode
4156,header,500,1,harmless,0,decode
4157,payload,1303950,1,caught,1,decode
4158,bit_flip,3647826,1,caught,1,decode
4159,random_bytes,4071713,13,SILENT,0,decode
4160,zeroed_run,557148,3430,caught,1,decode
4161,truncation,3382338,1003903,caught,1,decode
4162,header,428,1,harmless,0,decode
4163,payload,1925034,1,caught,1,decode
4164,bit_flip,4290766,1,caught,1,decode
4165,random_bytes,1742663,15,caught,1,decode
4166,zeroed_run,2215648,4029,caught,1,decode
4167,truncation,4194985,191256,caught,1,decode
4168,header,565,1,caught,1,decode
4169,payload,3511959,1,caught,1,decode
4170,bit_flip,1427735,1,caught,1,decode
4171,random_bytes,1143832,16,caught,1,decode
4172,zeroed_run,653096,491,caught,1,decode
4173,truncation,1289846,3096395,caught,1,decode
4174,header,723,1,caught,1,decode
4175,payload,1863037,1,SILENT,0,decode
4176,bit_flip,4252652,1,caught,1,decode
4177,random_bytes,2923341,6,caught,1,decode
4178,zeroed_run,1702789,2338,caught,1,decode
4179,truncation,2274550,2111691,caught,1,decode
4180,header,227,1,caught,1,decode
4181,payload,777592,1,caught,1,decode
4182,bit_flip,3372694,1,caught,1,decode
4183,random_bytes,3685958,6,caught,1,decode
4184,zeroed_run,918205,2087,SILENT,0,decode
4185,truncation,2821336,1564905,caught,1,decode
4186,header,625,1,caught,1,decode
4187,payload,1924823,1,caught,1,decode
4188,bit_flip,3956340,1,caught,1,decode
4189,random_bytes,3787969,10,caught,1,decode
4190,zeroed_run,3832475,3307,caught,1,decode
4191,truncation,2082327,2303914,caught,1,decode
4192,header,594,1,caught,1,decode
4193,payload,3336136,1,caught,1,decode
4194,bit_flip,405454,1,SILENT,0,decode
4195,random_bytes,3080296,10,caught,1,decode
4196,zeroed_run,3440856,3089,caught,1,decode
4197,truncation,295571,4090670,caught,1,decode
4198,header,699,1,caught,1,decode
4199,payload,1272631,1,caught,1,decode
4200,bit_flip,4377972,1,caught,1,decode
4201,random_bytes,957027,10,caught,1,decode
4202,zeroed_run,2574658,3950,SILENT,0,decode
4203,truncation,1284140,3102101,caught,1,decode
4204,header,433,1,caught,1,decode
4205,payload,837865,1,caught,1,decode
4206,bit_flip,427524,1,harmless,0,decode
4207,random_bytes,2019404,6,SILENT,0,decode
4208,zeroed_run,2312559,2551,caught,1,decode
4209,truncation,2691983,1694258,caught,1,decode
4210,header,288,1,caught,1,decode
4211,payload,2924902,1,caught,1,decode
4212,bit_flip,45566,1,caught,1,decode
4213,random_bytes,3057001,8,caught,1,decode
4214,zeroed_run,319063,43,caught,1,decode
4215,truncation,262009,4124232,caught,1,decode
4216,header,804,1,harmless,0,decode
4217,payload,3214909,1,caught,1,decode
4218,bit_flip,1066765,1,caught,1,decode
4219,random_bytes,1272974,11,caught,1,decode
4220,zeroed_run,566327,1864,caught,1,decode
4221,truncation,208989,4177252,caught,1,decode
4222,header,711,1,caught,1,decode
4223,payload,4209661,1,caught,1,decode
4224,bit_flip,3042138,1,caught,1,decode
4225,random_bytes,3581296,4,SILENT,0,decode
4226,zeroed_run,3625001,3744,caught,1,decode
4227,truncation,1695007,2691234,caught,1,decode
4228,header,369,1,caught,1,decode
4229,payload,36545,1,caught,1,decode
4230,bit_flip,2801797,1,caught,1,decode
4231,random_bytes,267026,14,caught,1,decode
4232,zeroed_run,2088621,2801,caught,1,decode
4233,truncation,25066,4361175,caught,1,decode
4234,header,288,1,caught,1,decode
4235,payload,2261194,1,caught,1,decode
4236,bit_flip,662388,1,caught,1,decode
4237,random_bytes,323656,9,caught,1,decode
4238,zeroed_run,1450246,3965,caught,1,decode
4239,truncation,3692922,693319,caught,1,decode
4240,header,366,1,caught,1,decode
4241,payload,2249501,1,caught,1,decode
4242,bit_flip,251950,1,caught,1,decode
4243,random_bytes,3572254,11,caught,1,decode
4244,zeroed_run,505701,2617,caught,1,decode
4245,truncation,3567024,819217,caught,1,decode
4246,header,36,1,caught,1,decode
4247,payload,2331432,1,caught,1,decode
4248,bit_flip,3051406,1,caught,1,decode
4249,random_bytes,1506795,8,caught,1,decode
4250,zeroed_run,1238005,3019,caught,1,decode
4251,truncation,3385354,1000887,caught,1,decode
4252,header,305,1,caught,1,decode
4253,payload,814760,1,caught,1,decode
4254,bit_flip,4086954,1,caught,1,decode
4255,random_bytes,2558250,5,caught,1,decode
4256,zeroed_run,184271,2190,SILENT,0,decode
4257,truncation,2973533,1412708,caught,1,decode
4258,header,148,1,SILENT,0,decode
4259,payload,1534279,1,caught,1,decode
4260,bit_flip,917837,1,SILENT,0,decode
4261,random_bytes,1214253,11,caught,1,decode
4262,zeroed_run,1593507,2940,caught,1,decode
4263,truncation,1751030,2635211,caught,1,decode
4264,header,541,1,SILENT,0,decode
4265,payload,1368790,1,caught,1,decode
4266,bit_flip,1129238,1,caught,1,decode
4267,random_bytes,1645194,8,caught,1,decode
4268,zeroed_run,1861532,2083,SILENT,0,decode
4269,truncation,1596541,2789700,caught,1,decode
4270,header,666,1,caught,1,decode
4271,payload,2082092,1,caught,1,decode
4272,bit_flip,3686250,1,caught,1,decode
4273,random_bytes,1729110,11,caught,1,decode
4274,zeroed_run,2374775,2590,caught,1,decode
4275,truncation,3123506,1262735,caught,1,decode
4276,header,214,1,caught,1,decode
4277,payload,1796562,1,caught,1,decode
4278,bit_flip,4238319,1,caught,1,decode
4279,random_bytes,1771654,5,caught,1,decode
4280,zeroed_run,1427620,3305,caught,1,decode
4281,truncation,1623258,2762983,caught,1,decode
4282,header,256,1,caught,1,decode
4283,payload,3114040,1,caught,1,decode
4284,bit_flip,2842486,1,caught,1,decode
4285,random_bytes,2113608,4,caught,1,decode
4286,zeroed_run,4044724,644,caught,1,decode
4287,truncation,752922,3633319,caught,1,decode
4288,header,838,1,SILENT,0,decode
4289,payload,3308342,1,caught,1,decode
4290,bit_flip,1079525,1,caught,1,decode
4291,random_bytes,973387,3,SILENT,0,decode
4292,zeroed_run,3818231,1271,caught,1,decode
4293,truncation,3410766,975475,caught,1,decode
4294,header,304,1,caught,1,decode
4295,payload,503160,1,caught,1,decode
4296,bit_flip,2116373,1,caught,1,decode
4297,random_bytes,2865292,11,caught,1,decode
4298,zeroed_run,1510813,1516,caught,1,decode
4299,truncation,2921734,1464507,caught,1,decode
4300,header,877,1,caught,1,decode
4301,payload,837355,1,caught,1,decode
4302,bit_flip,2169693,1,caught,1,decode
4303,random_bytes,297970,6,caught,1,decode
4304,zeroed_run,1402684,375,caught,1,decode
4305,truncation,4373630,12611,caught,1,decode
4306,header,958,1,caught,1,decode
4307,payload,341138,1,caught,1,decode
4308,bit_flip,591512,1,caught,1,decode
4309,random_bytes,2015042,12,SILENT,0,decode
4310,zeroed_run,2118225,1657,caught,1,decode
4311,truncation,3335830,1050411,caught,1,decode
4312,header,979,1,caught,1,decode
4313,payload,2132247,1,caught,1,decode
4314,bit_flip,2605204,1,caught,1,decode
4315,random_bytes,3609096,9,SILENT,0,decode
4316,zeroed_run,2580703,753,SILENT,0,decode
4317,truncation,955266,3430975,caught,1,decode
4318,header,560,1,caught,1,decode
4319,payload,3799938,1,caught,1,decode
4320,bit_flip,575446,1,caught,1,decode
4321,random_bytes,3342595,6,caught,1,decode
4322,zeroed_run,2347902,3248,caught,1,decode
4323,truncation,1107884,3278357,caught,1,decode
4324,header,528,1,caught,1,decode
4325,payload,2441656,1,caught,1,decode
4326,bit_flip,3587219,1,SILENT,0,decode
4327,random_bytes,3603622,15,SILENT,0,decode
4328,zeroed_run,1234683,4026,caught,1,decode
4329,truncation,4209741,176500,caught,1,decode
4330,header,312,1,caught,1,decode
4331,payload,2258813,1,caught,1,decode
4332,bit_flip,1506416,1,caught,1,decode
4333,random_bytes,49739,7,caught,1,decode
4334,zeroed_run,606126,962,caught,1,decode
4335,truncation,2431832,1954409,caught,1,decode
4336,header,632,1,caught,1,decode
4337,payload,1668103,1,caught,1,decode
4338,bit_flip,1176773,1,caught,1,decode
4339,random_bytes,1794998,10,caught,1,decode
4340,zeroed_run,2672432,563,caught,1,decode
4341,truncation,192389,4193852,caught,1,decode
4342,header,150,1,caught,1,decode
4343,payload,4355090,1,caught,1,decode
4344,bit_flip,2521183,1,caught,1,decode
4345,random_bytes,1345897,2,caught,1,decode
4346,zeroed_run,2565488,463,caught,1,decode
4347,truncation,1691046,2695195,caught,1,decode
4348,header,538,1,caught,1,decode
4349,payload,3127543,1,SILENT,0,decode
4350,bit_flip,1708931,1,caught,1,decode
4351,random_bytes,1368368,1,caught,1,decode
4352,zeroed_run,332734,2731,caught,1,decode
4353,truncation,361507,4024734,caught,1,decode
4354,header,312,1,caught,1,decode
4355,payload,2471600,1,caught,1,decode
4356,bit_flip,780763,1,caught,1,decode
4357,random_bytes,3017582,5,caught,1,decode
4358,zeroed_run,3196722,1641,caught,1,decode
4359,truncation,896765,3489476,caught,1,decode
4360,header,520,1,caught,1,decode
4361,payload,893868,1,caught,1,decode
4362,bit_flip,1789325,1,caught,1,decode
4363,random_bytes,1948675,15,caught,1,decode
4364,zeroed_run,3848190,2906,caught,1,decode
4365,truncation,2428900,1957341,caught,1,decode
4366,header,916,1,caught,1,decode
4367,payload,942788,1,caught,1,decode
4368,bit_flip,1991452,1,caught,1,decode
4369,random_bytes,2683877,12,caught,1,decode
4370,zeroed_run,2411334,1760,caught,1,decode
4371,truncation,1312529,3073712,caught,1,decode
4372,header,835,1,caught,1,decode
4373,payload,2510719,1,caught,1,decode
4374,bit_flip,577448,1,caught,1,decode
4375,random_bytes,2247641,5,caught,1,decode
4376,zeroed_run,1977669,1349,caught,1,decode
4377,truncation,3873082,513159,caught,1,decode
4378,header,881,1,caught,1,decode
4379,payload,2708395,1,caught,1,decode
4380,bit_flip,3100072,1,caught,1,decode
4381,random_bytes,3926466,7,caught,1,decode
4382,zeroed_run,329594,3063,caught,1,decode
4383,truncation,3160809,1225432,caught,1,decode
4384,header,190,1,caught,1,decode
4385,payload,1563939,1,caught,1,decode
4386,bit_flip,1063328,1,caught,1,decode
4387,random_bytes,2980551,10,caught,1,decode
4388,zeroed_run,3481209,3413,caught,1,decode
4389,truncation,2430759,1955482,caught,1,decode
4390,header,811,1,caught,1,decode
4391,payload,1803456,1,caught,1,decode
4392,bit_flip,1749211,1,caught,1,decode
4393,random_bytes,3880983,3,SILENT,0,decode
4394,zeroed_run,1143026,3342,caught,1,decode
4395,truncation,3960667,425574,caught,1,decode
4396,header,307,1,caught,1,decode
4397,payload,311900,1,caught,1,decode
4398,bit_flip,1683082,1,caught,1,decode
4399,random_bytes,1664100,6,caught,1,decode
4400,zeroed_run,1910676,384,caught,1,decode
4401,truncation,2674093,1712148,caught,1,decode
4402,header,857,1,caught,1,decode
4403,payload,1882798,1,caught,1,decode
4404,bit_flip,897204,1,caught,1,decode
4405,random_bytes,2768830,7,caught,1,decode
4406,zeroed_run,2885458,4029,caught,1,decode
4407,truncation,2404744,1981497,caught,1,decode
4408,header,720,1,caught,1,decode
4409,payload,248884,1,caught,1,decode
4410,bit_flip,3115273,1,caught,1,decode
4411,random_bytes,2777021,12,caught,1,decode
4412,zeroed_run,2497644,2622,caught,1,decode
4413,truncation,1060346,3325895,caught,1,decode
4414,header,420,1,SILENT,0,decode
4415,payload,1889595,1,caught,1,decode
4416,bit_flip,1370473,1,caught,1,decode
4417,random_bytes,1680544,10,caught,1,decode
4418,zeroed_run,1046030,1027,caught,1,decode
4419,truncation,327399,4058842,caught,1,decode
4420,header,1,1,caught,1,decode
4421,payload,4007470,1,caught,1,decode
4422,bit_flip,3624136,1,caught,1,decode
4423,random_bytes,3370193,1,caught,1,decode
4424,zeroed_run,2815521,1833,caught,1,decode
4425,truncation,3473654,912587,caught,1,decode
4426,header,357,1,harmless,0,decode
4427,payload,4150561,1,caught,1,decode
4428,bit_flip,2125093,1,caught,1,decode
4429,random_bytes,1659930,9,caught,1,decode
4430,zeroed_run,346194,2479,caught,1,decode
4431,truncation,1367878,3018363,caught,1,decode
4432,header,947,1,caught,1,decode
4433,payload,789257,1,caught,1,decode
4434,bit_flip,861435,1,caught,1,decode
4435,random_bytes,1955278,6,caught,1,decode
4436,zeroed_run,1669238,3793,caught,1,decode
4437,truncation,1068863,3317378,caught,1,decode
4438,header,826,1,caught,1,decode
4439,payload,2200190,1,caught,1,decode
4440,bit_flip,2557618,1,caught,1,decode
4441,random_bytes,3436179,11,caught,1,decode
4442,zeroed_run,451762,3855,caught,1,decode
4443,truncation,1820199,2566042,caught,1,decode
4444,header,800,1,caught,1,decode
4445,payload,2965217,1,caught,1,decode
4446,bit_flip,4355812,1,caught,1,decode
4447,random_bytes,2616231,5,caught,1,decode
4448,zeroed_run,1981846,3604,caught,1,decode
4449,truncation,4199259,186982,caught,1,decode
4450,header,490,1,caught,1,decode
4451,payload,3421929,1,caught,1,decode
4452,bit_flip,507525,1,caught,1,decode
4453,random_bytes,2759965,12,caught,1,decode
4454,zeroed_run,1763293,2293,caught,1,decode
4455,truncation,4212555,173686,caught,1,decode
4456,header,416,1,caught,1,decode
4457,payload,2228253,1,caught,1,decode
4458,bit_flip,2892975,1,caught,1,decode
4459,random_bytes,153319,9,caught,1,decode
4460,zeroed_run,900379,1922,caught,1,decode
4461,truncation,3379740,1006501,caught,1,decode
4462,header,467,1,caught,1,decode
4463,payload,3013707,1,caught,1,decode
4464,bit_flip,586528,1,caught,1,decode
4465,random_bytes,2314396,12,caught,1,decode
4466,zeroed_run,1810817,3102,caught,1,decode
4467,truncation,1086589,3299652,caught,1,decode
4468,header,392,1,caught,1,decode
4469,payload,296790,1,caught,1,decode
4470,bit_flip,602082,1,caught,1,decode
4471,random_bytes,1462476,9,caught,1,decode
4472,zeroed_run,940513,17,caught,1,decode
4473,truncation,3123700,1262541,caught,1,decode
4474,header,203,1,caught,1,decode
4475,payload,209379,1,SILENT,0,decode
4476,bit_flip,1481936,1,caught,1,decode
4477,random_bytes,562776,3,caught,1,decode
4478,zeroed_run,4133009,682,caught,1,decode
4479,truncation,1216356,3169885,caught,1,decode
4480,header,751,1,caught,1,decode
4481,payload,1700904,1,caught,1,decode
4482,bit_flip,4150836,1,caught,1,decode
4483,random_bytes,1867774,12,caught,1,decode
4484,zeroed_run,3088974,3033,caught,1,decode
4485,truncation,1017122,3369119,caught,1,decode
4486,header,463,1,caught,1,decode
4487,payload,1286855,1,caught,1,decode
4488,bit_flip,2686006,1,caught,1,decode
4489,random_bytes,617091,7,caught,1,decode
4490,zeroed_run,2218483,2792,caught,1,decode
4491,truncation,4210482,175759,caught,1,decode
4492,header,525,1,caught,1,decode
4493,payload,4233872,1,caught,1,decode
4494,bit_flip,3374365,1,caught,1,decode
4495,random_bytes,1362465,12,caught,1,decode
4496,zeroed_run,4065718,1056,caught,1,decode
4497,truncation,4384024,2217,caught,1,decode
4498,header,599,1,caught,1,decode
4499,payload,670044,1,caught,1,decode
4500,bit_flip,1026837,1,caught,1,decode
4501,random_bytes,2857014,5,caught,1,decode
4502,zeroed_run,1912936,856,caught,1,decode
4503,truncation,3842378,543863,caught,1,decode
4504,header,251,1,caught,1,decode
4505,payload,2500509,1,caught,1,decode
4506,bit_flip,3323459,1,SILENT,0,decode
4507,random_bytes,2149009,9,caught,1,decode
4508,zeroed_run,4019872,1004,SILENT,0,decode
4509,truncation,1706505,2679736,caught,1,decode
4510,header,400,1,caught,1,decode
4511,payload,328000,1,caught,1,decode
4512,bit_flip,1719569,1,SILENT,0,decode
4513,random_bytes,2538631,4,caught,1,decode
4514,zeroed_run,4218478,3880,caught,1,decode
4515,truncation,1400008,2986233,caught,1,decode
4516,header,176,1,caught,1,decode
4517,payload,3845360,1,caught,1,decode
4518,bit_flip,566229,1,caught,1,decode
4519,random_bytes,3858877,13,caught,1,decode
4520,zeroed_run,2419716,640,caught,1,decode
4521,truncation,2556280,1829961,caught,1,decode
4522,header,523,1,caught,1,decode
4523,payload,630984,1,caught,1,decode
4524,bit_flip,228481,1,caught,1,decode
4525,random_bytes,2948010,10,caught,1,decode
4526,zeroed_run,1937716,998,caught,1,decode
4527,truncation,2925471,1460770,caught,1,decode
4528,header,985,1,caught,1,decode
4529,payload,2988459,1,caught,1,decode
4530,bit_flip,4216764,1,caught,1,decode
4531,random_bytes,456994,9,caught,1,decode
4532,zeroed_run,373232,3517,caught,1,decode
4533,truncation,2667719,1718522,caught,1,decode
4534,header,293,1,SILENT,0,decode
4535,payload,3719027,1,caught,1,decode
4536,bit_flip,1013607,1,caught,1,decode
4537,random_bytes,2541186,6,caught,1,decode
4538,zeroed_run,2110286,849,caught,1,decode
4539,truncation,3635883,750358,caught,1,decode
4540,header,845,1,caught,1,decode
4541,payload,2532259,1,caught,1,decode
4542,bit_flip,412,1,SILENT,0,decode
4543,random_bytes,3580304,1,SILENT,0,decode
4544,zeroed_run,1545211,1360,caught,1,decode
4545,truncation,3622305,763936,caught,1,decode
4546,header,918,1,caught,1,decode
4547,payload,895240,1,caught,1,decode
4548,bit_flip,2152125,1,caught,1,decode
4549,random_bytes,384725,13,caught,1,decode
4550,zeroed_run,4182672,1749,caught,1,decode
4551,truncation,2411673,1974568,caught,1,decode
4552,header,747,1,caught,1,decode
4553,payload,1324182,1,caught,1,decode
4554,bit_flip,3516982,1,caught,1,decode
4555,random_bytes,1585597,1,caught,1,decode
4556,zeroed_run,2590879,310,caught,1,decode
4557,truncation,1265332,3120909,caught,1,decode
4558,header,948,1,caught,1,decode
4559,payload,1804189,1,caught,1,decode
4560,bit_flip,3543730,1,caught,1,decode
4561,random_bytes,191867,14,SILENT,0,decode
4562,zeroed_run,3669102,375,caught,1,decode
4563,truncation,3885622,500619,caught,1,decode
4564,header,564,1,harmless,0,decode
4565,payload,2028728,1,SILENT,0,decode
4566,bit_flip,333796,1,caught,1,decode
4567,random_bytes,2396645,2,caught,1,decode
4568,zeroed_run,4151187,3979,caught,1,decode
4569,truncation,414011,3972230,caught,1,decode
4570,header,377,1,caught,1,decode
4571,payload,4199145,1,caught,1,decode
4572,bit_flip,2867640,1,caught,1,decode
4573,random_bytes,2463617,2,caught,1,decode
4574,zeroed_run,1415148,1627,caught,1,decode
4575,truncation,1346697,3039544,caught,1,decode
4576,header,438,1,caught,1,decode
4577,payload,3027343,1,caught,1,decode
4578,bit_flip,659437,1,caught,1,decode
4579,random_bytes,434323,4,caught,1,decode
4580,zeroed_run,3681369,2073,caught,1,decode
4581,truncation,4073889,312352,caught,1,decode
4582,header,887,1,caught,1,decode
4583,payload,2576963,1,SILENT,0,decode
4584,bit_flip,4103801,1,caught,1,decode
4585,random_bytes,73395,12,caught,1,decode
4586,zeroed_run,1852625,805,SILENT,0,decode
4587,truncation,3008445,1377796,caught,1,decode
4588,header,170,1,caught,1,decode
4589,payload,2089860,1,caught,1,decode
4590,bit_flip,667,1,caught,1,decode
4591,random_bytes,1515876,6,caught,1,decode
4592,zeroed_run,359918,1709,caught,1,decode
4593,truncation,254980,4131261,caught,1,decode
4594,header,815,1,caught,1,decode
4595,payload,959678,1,caught,1,decode
4596,bit_flip,2987813,1,caught,1,decode
4597,random_bytes,808068,1,caught,1,decode
4598,zeroed_run,2181224,3429,caught,1,decode
4599,truncation,3883339,502902,caught,1,decode
4600,header,245,1,caught,1,decode
4601,payload,92222,1,caught,1,decode
4602,bit_flip,2593130,1,caught,1,decode
4603,random_bytes,3544338,7,caught,1,decode
4604,zeroed_run,1803548,1682,caught,1,decode
4605,truncation,4127868,258373,caught,1,decode
4606,header,452,1,SILENT,0,decode
4607,payload,2605300,1,caught,1,decode
4608,bit_flip,1521258,1,caught,1,decode
4609,random_bytes,357488,14,caught,1,decode
4610,zeroed_run,2850268,1465,caught,1,decode
4611,truncation,3019851,1366390,caught,1,decode
4612,header,835,1,caught,1,decode
4613,payload,3922365,1,caught,1,decode
4614,bit_flip,404185,1,SILENT,0,decode
4615,random_bytes,3918831,5,caught,1,decode
4616,zeroed_run,1352183,1548,caught,1,decode
4617,truncation,2730567,1655674,caught,1,decode
4618,header,754,1,caught,1,decode
4619,payload,2158858,1,caught,1,decode
4620,bit_flip,4106768,1,caught,1,decode
4621,random_bytes,1451406,11,caught,1,decode
4622,zeroed_run,2111459,2920,caught,1,decode
4623,truncation,627777,3758464,caught,1,decode
4624,header,91,1,caught,1,decode
4625,payload,2226061,1,caught,1,decode
4626,bit_flip,1132127,1,caught,1,decode
4627,random_bytes,2859772,15,caught,1,decode
4628,zeroed_run,768701,640,caught,1,decode
4629,truncation,2671226,1715015,caught,1,decode
4630,header,814,1,caught,1,decode
4631,payload,889604,1,caught,1,decode
4632,bit_flip,1590737,1,caught,1,decode
4633,random_bytes,2015639,13,SILENT,0,decode
4634,zeroed_run,3924900,467,caught,1,decode
4635,truncation,3522914,863327,caught,1,decode
4636,header,135,1,caught,1,decode
4637,payload,1971181,1,caught,1,decode
4638,bit_flip,714661,1,caught,1,decode
4639,random_bytes,1572655,10,caught,1,decode
4640,zeroed_run,4157495,1984,caught,1,decode
4641,truncation,535589,3850652,caught,1,decode
4642,header,259,1,caught,1,decode
4643,payload,831196,1,caught,1,decode
4644,bit_flip,473183,1,caught,1,decode
4645,random_bytes,3393619,7,caught,1,decode
4646,zeroed_run,4002659,685,caught,1,decode
4647,truncation,480533,3905708,caught,1,decode
4648,header,966,1,SILENT,0,decode
4649,payload,4349599,1,caught,1,decode
4650,bit_flip,3767875,1,caught,1,decode
4651,random_bytes,2170571,1,caught,1,decode
4652,zeroed_run,265209,3735,caught,1,decode
4653,truncation,2773321,1612920,caught,1,decode
4654,header,563,1,caught,1,decode
4655,payload,714871,1,caught,1,decode
4656,bit_flip,4197402,1,caught,1,decode
4657,random_bytes,961607,1,caught,1,decode
4658,zeroed_run,784964,2048,caught,1,decode
4659,truncation,1149053,3237188,caught,1,decode
4660,header,567,1,caught,1,decode
4661,payload,4163405,1,caught,1,decode
4662,bit_flip,300394,1,caught,1,decode
4663,random_bytes,3358139,15,caught,1,decode
4664,zeroed_run,974973,701,SILENT,0,decode
4665,truncation,1380135,3006106,caught,1,decode
4666,header,30,1,harmless,0,decode
4667,payload,3591909,1,SILENT,0,decode
4668,bit_flip,1937438,1,caught,1,decode
4669,random_bytes,4071790,10,SILENT,0,decode
4670,zeroed_run,596489,1599,caught,1,decode
4671,truncation,145274,4240967,caught,1,decode
4672,header,356,1,harmless,0,decode
4673,payload,1784492,1,caught,1,decode
4674,bit_flip,2934110,1,caught,1,decode
4675,random_bytes,2895686,1,caught,1,decode
4676,zeroed_run,2422250,3024,caught,1,decode
4677,truncation,2496301,1889940,caught,1,decode
4678,header,533,1,caught,1,decode
4679,payload,3332038,1,SILENT,0,decode
4680,bit_flip,3284716,1,caught,1,decode
4681,random_bytes,2737688,9,caught,1,decode
4682,zeroed_run,2525218,2952,caught,1,decode
4683,truncation,248012,4138229,caught,1,decode
4684,header,649,1,caught,1,decode
4685,payload,2413530,1,caught,1,decode
4686,bit_flip,2415071,1,caught,1,decode
4687,random_bytes,90917,11,caught,1,decode
4688,zeroed_run,4314102,3894,caught,1,decode
4689,truncation,586139,3800102,caught,1,decode
4690,header,161,1,caught,1,decode
4691,payload,203831,1,SILENT,0,decode
4692,bit_flip,1660024,1,caught,1,decode
4693,random_bytes,16729,1,caught,1,decode
4694,zeroed_run,4308894,222,caught,1,decode
4695,truncation,3251072,1135169,caught,1,decode
4696,header,894,1,caught,1,decode
4697,payload,199196,1,SILENT,0,decode
4698,bit_flip,315207,1,caught,1,decode
4699,random_bytes,3675441,16,caught,1,decode
4700,zeroed_run,2019588,1638,SILENT,0,decode
4701,truncation,4202419,183822,caught,1,decode
4702,header,32,1,harmless,0,decode
4703,payload,4301652,1,caught,1,decode
4704,bit_flip,250725,1,caught,1,decode
4705,random_bytes,2774352,5,caught,1,decode
4706,zeroed_run,994054,1754,caught,1,decode
4707,truncation,2241997,2144244,caught,1,decode
4708,header,928,1,caught,1,decode
4709,payload,2687369,1,caught,1,decode
4710,bit_flip,2584799,1,caught,1,decode
4711,random_bytes,1051634,7,caught,1,decode
4712,zeroed_run,4196310,3221,caught,1,decode
4713,truncation,216641,4169600,caught,1,decode
4714,header,375,1,caught,1,decode
4715,payload,266855,1,caught,1,decode
4716,bit_flip,1355688,1,caught,1,decode
4717,random_bytes,3552567,16,caught,1,decode
4718,zeroed_run,715801,2553,caught,1,decode
4719,truncation,1797725,2588516,caught,1,decode
4720,header,539,1,caught,1,decode
4721,payload,3095954,1,caught,1,decode
4722,bit_flip,265737,1,caught,1,decode
4723,random_bytes,1230442,13,caught,1,decode
4724,zeroed_run,1730269,2041,caught,1,decode
4725,truncation,2533210,1853031,caught,1,decode
4726,header,180,1,SILENT,0,decode
4727,payload,1717129,1,SILENT,0,decode
4728,bit_flip,3679478,1,caught,1,decode
4729,random_bytes,3037113,9,caught,1,decode
4730,zeroed_run,4335861,3880,caught,1,decode
4731,truncation,3672111,714130,caught,1,decode
4732,header,430,1,caught,1,decode
4733,payload,1032538,1,caught,1,decode
4734,bit_flip,2782831,1,caught,1,decode
4735,random_bytes,3585946,11,SILENT,0,decode
4736,zeroed_run,2261868,1912,caught,1,decode
4737,truncation,3188679,1197562,caught,1,decode
4738,header,898,1,caught,1,decode
4739,payload,405283,1,SILENT,0,decode
4740,bit_flip,247785,1,caught,1,decode
4741,random_bytes,2782692,14,caught,1,decode
4742,zeroed_run,2587887,1682,caught,1,decode
4743,truncation,4376702,9539,caught,1,decode
4744,header,949,1,caught,1,decode
4745,payload,838085,1,caught,1,decode
4746,bit_flip,505533,1,caught,1,decode
4747,random_bytes,1548884,10,caught,1,decode
4748,zeroed_run,2036917,3834,caught,1,decode
4749,truncation,2760546,1625695,caught,1,decode
4750,header,2,1,caught,1,decode
4751,payload,262615,1,caught,1,decode
4752,bit_flip,138290,1,caught,1,decode
4753,random_bytes,430238,13,SILENT,0,decode
4754,zeroed_run,1379931,1774,caught,1,decode
4755,truncation,792116,3594125,caught,1,decode
4756,header,973,1,caught,1,decode
4757,payload,2245652,1,caught,1,decode
4758,bit_flip,4248142,1,caught,1,decode
4759,random_bytes,2443965,12,caught,1,decode
4760,zeroed_run,3831,1221,caught,1,decode
4761,truncation,4382228,4013,caught,1,decode
4762,header,526,1,caught,1,decode
4763,payload,1072925,1,caught,1,decode
4764,bit_flip,2986995,1,caught,1,decode
4765,random_bytes,489352,12,caught,1,decode
4766,zeroed_run,1142518,2382,caught,1,decode
4767,truncation,544823,3841418,caught,1,decode
4768,header,970,1,caught,1,decode
4769,payload,3711428,1,caught,1,decode
4770,bit_flip,482305,1,caught,1,decode
4771,random_bytes,3468808,13,caught,1,decode
4772,zeroed_run,425180,3667,SILENT,0,decode
4773,truncation,3165891,1220350,caught,1,decode
4774,header,240,1,caught,1,decode
4775,payload,233376,1,caught,1,decode
4776,bit_flip,2634444,1,caught,1,decode
4777,random_bytes,3320634,7,SILENT,0,decode
4778,zeroed_run,609870,2373,caught,1,decode
4779,truncation,3686172,700069,caught,1,decode
4780,header,315,1,caught,1,decode
4781,payload,1801273,1,caught,1,decode
4782,bit_flip,1343910,1,caught,1,decode
4783,random_bytes,31026,8,caught,1,decode
4784,zeroed_run,1586549,1182,caught,1,decode
4785,truncation,4053765,332476,caught,1,decode
4786,header,420,1,SILENT,0,decode
4787,payload,1087320,1,caught,1,decode
4788,bit_flip,2542747,1,caught,1,decode
4789,random_bytes,1514838,3,caught,1,decode
4790,zeroed_run,2715265,1212,caught,1,decode
4791,truncation,485596,3900645,caught,1,decode
4792,header,244,1,SILENT,0,decode
4793,payload,3840394,1,caught,1,decode
4794,bit_flip,3487564,1,caught,1,decode
4795,random_bytes,2267638,2,caught,1,decode
4796,zeroed_run,390675,1463,caught,1,decode
4797,truncation,2461778,1924463,caught,1,decode
4798,header,377,1,caught,1,decode
4799,payload,3845266,1,caught,1,decode
4800,bit_flip,1854507,1,SILENT,0,decode
4801,random_bytes,2969407,7,caught,1,decode
4802,zeroed_run,3727561,984,caught,1,decode
4803,truncation,1878718,2507523,caught,1,decode
4804,header,396,1,harmless,0,decode
4805,payload,3878956,1,SILENT,0,decode
4806,bit_flip,383470,1,caught,1,decode
4807,random_bytes,1978340,3,caught,1,decode
4808,zeroed_run,2758612,753,caught,1,decode
4809,truncation,3515640,870601,caught,1,decode
4810,header,667,1,caught,1,decode
4811,payload,3050453,1,caught,1,decode
4812,bit_flip,54891,1,caught,1,decode
4813,random_bytes,2157132,10,caught,1,decode
4814,zeroed_run,656215,1844,caught,1,decode
4815,truncation,3420743,965498,caught,1,decode
4816,header,492,1,caught,1,decode
4817,payload,4070569,1,SILENT,0,decode
4818,bit_flip,3613545,1,caught,1,decode
4819,random_bytes,3944185,2,caught,1,decode
4820,zeroed_run,3906517,3129,caught,1,decode
4821,truncation,297637,4088604,caught,1,decode
4822,header,310,1,caught,1,decode
4823,payload,503391,1,caught,1,decode
4824,bit_flip,1149717,1,caught,1,decode
4825,random_bytes,1501324,1,caught,1,decode
4826,zeroed_run,2111475,43,caught,1,decode
4827,truncation,730871,3655370,caught,1,decode
4828,header,332,1,caught,1,decode
4829,payload,2040440,1,caught,1,decode
4830,bit_flip,3559289,1,caught,1,decode
4831,random_bytes,1886559,4,caught,1,decode
4832,zeroed_run,4116938,3371,caught,1,decode
4833,truncation,3526501,859740,caught,1,decode
4834,header,872,1,caught,1,decode
4835,payload,596207,1,caught,1,decode
4836,bit_flip,2800527,1,caught,1,decode
4837,random_bytes,732673,7,caught,1,decode
4838,zeroed_run,1725007,1849,caught,1,decode
4839,truncation,58473,4327768,caught,1,decode
4840,header,776,1,caught,1,decode
4841,payload,4358752,1,caught,1,decode
4842,bit_flip,2736531,1,caught,1,decode
4843,random_bytes,201396,8,SILENT,0,decode
4844,zeroed_run,2416512,3220,caught,1,decode
4845,truncation,3974345,411896,caught,1,decode
4846,header,481,1,caught,1,decode
4847,payload,2424145,1,caught,1,decode
4848,bit_flip,3678591,1,caught,1,decode
4849,random_bytes,2595994,3,caught,1,decode
4850,zeroed_run,1002133,2772,caught,1,decode
4851,truncation,1512168,2874073,caught,1,decode
4852,header,166,1,harmless,0,decode
4853,payload,1772412,1,caught,1,decode
4854,bit_flip,3545724,1,caught,1,decode
4855,random_bytes,2972441,13,caught,1,decode
4856,zeroed_run,2512423,3096,caught,1,decode
4857,truncation,2021023,2365218,caught,1,decode
4858,header,312,1,caught,1,decode
4859,payload,2744128,1,caught,1,decode
4860,bit_flip,767920,1,caught,1,decode
4861,random_bytes,3439962,4,caught,1,decode
4862,zeroed_run,1295178,2295,caught,1,decode
4863,truncation,3602188,784053,caught,1,decode
4864,header,994,1,caught,1,decode
4865,payload,3385300,1,caught,1,decode
4866,bit_flip,2827827,1,caught,1,decode
4867,random_bytes,1888371,5,caught,1,decode
4868,zeroed_run,1979568,3158,caught,1,decode
4869,truncation,1263339,3122902,caught,1,decode
4870,header,27,1,caught,1,decode
4871,payload,1458636,1,caught,1,decode
4872,bit_flip,2830063,1,caught,1,decode
4873,random_bytes,1456886,10,caught,1,decode
4874,zeroed_run,2517304,525,caught,1,decode
4875,truncation,942694,3443547,caught,1,decode
4876,header,164,1,harmless,0,decode
4877,payload,432403,1,SILENT,0,decode
4878,bit_flip,3312643,1,caught,1,decode
4879,random_bytes,350563,2,caught,1,decode
4880,zeroed_run,2742124,299,caught,1,decode
4881,truncation,1502330,2883911,caught,1,decode
4882,header,157,1,SILENT,0,decode
4883,payload,800870,1,caught,1,decode
4884,bit_flip,597351,1,caught,1,decode
4885,random_bytes,480745,13,caught,1,decode
4886,zeroed_run,1462644,272,caught,1,decode
4887,truncation,1928586,2457655,caught,1,decode
4888,header,721,1,caught,1,decode
4889,payload,1605503,1,caught,1,decode
4890,bit_flip,171103,1,caught,1,decode
4891,random_bytes,3546455,9,caught,1,decode
4892,zeroed_run,383907,1020,caught,1,decode
4893,truncation,636227,3750014,caught,1,decode
4894,header,141,1,caught,1,decode
4895,payload,2179800,1,caught,1,decode
4896,bit_flip,3554269,1,caught,1,decode
4897,random_bytes,1136576,5,caught,1,decode
4898,zeroed_run,515604,3732,caught,1,decode
4899,truncation,4098966,287275,caught,1,decode
4900,header,643,1,caught,1,decode
4901,payload,2260793,1,caught,1,decode
4902,bit_flip,3295228,1,caught,1,decode
4903,random_bytes,971438,1,SILENT,0,decode
4904,zeroed_run,2803431,2241,caught,1,decode
4905,truncation,2149293,2236948,caught,1,decode
4906,header,239,1,caught,1,decode
4907,payload,1865379,1,SILENT,0,decode
4908,bit_flip,4109546,1,caught,1,decode
4909,random_bytes,2960460,15,caught,1,decode
4910,zeroed_run,3354471,1665,caught,1,decode
4911,truncation,822423,3563818,caught,1,decode
4912,header,276,1,SILENT,0,decode
4913,payload,4328370,1,caught,1,decode
4914,bit_flip,3053548,1,caught,1,decode
4915,random_bytes,3876214,1,SILENT,0,decode
4916,zeroed_run,1942925,703,caught,1,decode
4917,truncation,3900615,485626,caught,1,decode
4918,header,49,1,caught,1,decode
4919,payload,3532267,1,caught,1,decode
4920,bit_flip,2808177,1,caught,1,decode
4921,random_bytes,4174346,2,caught,1,decode
4922,zeroed_run,3689605,1722,caught,1,decode
4923,truncation,3052721,1333520,caught,1,decode
4924,header,161,1,caught,1,decode
4925,payload,3044822,1,caught,1,decode
4926,bit_flip,2104203,1,caught,1,decode
4927,random_bytes,3084968,16,caught,1,decode
4928,zeroed_run,2814577,2103,caught,1,decode
4929,truncation,1867595,2518646,caught,1,decode
4930,header,84,1,caught,1,decode
4931,payload,1324972,1,caught,1,decode
4932,bit_flip,2414811,1,caught,1,decode
4933,random_bytes,2442525,5,caught,1,decode
4934,zeroed_run,3962647,1878,caught,1,decode
4935,truncation,1437511,2948730,caught,1,decode
4936,header,57,1,caught,1,decode
4937,payload,2546494,1,caught,1,decode
4938,bit_flip,3034810,1,caught,1,decode
4939,random_bytes,2616537,1,caught,1,decode
4940,zeroed_run,3281537,2251,caught,1,decode
4941,truncation,2110809,2275432,caught,1,decode
4942,header,1006,1,caught,1,decode
4943,payload,3197516,1,caught,1,decode
4944,bit_flip,719541,1,caught,1,decode
4945,random_bytes,1011319,6,caught,1,decode
4946,zeroed_run,2604729,2768,caught,1,decode
4947,truncation,1356712,3029529,caught,1,decode
4948,header,568,1,caught,1,decode
4949,payload,865276,1,caught,1,decode
4950,bit_flip,3329097,1,SILENT,0,decode
4951,random_bytes,4366196,8,caught,1,decode
4952,zeroed_run,2828387,3155,caught,1,decode
4953,truncation,3028472,1357769,caught,1,decode
4954,header,681,1,caught,1,decode
4955,payload,4091360,1,caught,1,decode
4956,bit_flip,1543339,1,caught,1,decode
4957,random_bytes,3517295,15,caught,1,decode
4958,zeroed_run,2787628,2660,caught,1,decode
4959,truncation,1484171,2902070,caught,1,decode
4960,header,948,1,caught,1,decode
4961,payload,1401482,1,caught,1,decode
4962,bit_flip,1069338,1,caught,1,decode
4963,random_bytes,2805335,10,caught,1,decode
4964,zeroed_run,1446639,288,caught,1,decode
4965,truncation,556030,3830211,caught,1,decode
4966,header,568,1,caught,1,decode
4967,payload,3148761,1,caught,1,decode
4968,bit_flip,2218483,1,caught,1,decode
4969,random_bytes,4260288,3,caught,1,decode
4970,zeroed_run,1314120,3496,caught,1,decode
4971,truncation,3084947,1301294,caught,1,decode
4972,header,87,1,caught,1,decode
4973,payload,1285860,1,caught,1,decode
4974,bit_flip,1802430,1,caught,1,decode
4975,random_bytes,521974,9,caught,1,decode
4976,zeroed_run,1850507,709,SILENT,0,decode
4977,truncation,1972541,2413700,caught,1,decode
4978,header,793,1,caught,1,decode
4979,payload,3363109,1,caught,1,decode
4980,bit_flip,1338620,1,caught,1,decode
4981,random_bytes,2400206,10,caught,1,decode
4982,zeroed_run,3627655,2916,caught,1,decode
4983,truncation,2805984,1580257,caught,1,decode
4984,header,509,1,harmless,0,decode
4985,payload,325167,1,caught,1,decode
4986,bit_flip,1188559,1,caught,1,decode
4987,random_bytes,2302561,6,caught,1,decode
4988,zeroed_run,2943514,4002,caught,1,decode
4989,truncation,4148346,237895,caught,1,decode
4990,header,416,1,caught,1,decode
4991,payload,1753365,1,caught,1,decode
4992,bit_flip,4356266,1,caught,1,decode
4993,random_bytes,1462848,9,caught,1,decode
4994,zeroed_run,3594953,643,caught,1,decode
4995,truncation,2680669,1705572,caught,1,decode
4996,header,866,1,caught,1,decode
4997,payload,2070313,1,caught,1,decode
4998,bit_flip,968914,1,SILENT,0,decode
4999,random_bytes,32403,9,caught,1,decode
5000,zeroed_run,753491,355,caught,1,decode
5001,truncation,559845,3826396,caught,1,decode
5002,header,988,1,SILENT,0,decode
5003,payload,1805009,1,caught,1,decode
5004,bit_flip,4097405,1,caught,1,decode
5005,random_bytes,4258010,2,caught,1,decode
5006,zeroed_run,3585060,3271,SILENT,0,decode
5007,truncation,4267318,118923,caught,1,decode
5008,header,460,1,harmless,0,decode
5009,payload,159135,1,caught,1,decode
5010,bit_flip,2452608,1,caught,1,decode
5011,random_bytes,276132,16,caught,1,decode
5012,zeroed_run,4188052,3353,caught,1,decode
5013,truncation,992415,3393826,caught,1,decode
5014,header,917,1,caught,1,decode
5015,payload,2453615,1,caught,1,decode
5016,bit_flip,2746602,1,caught,1,decode
5017,random_bytes,2944530,12,caught,1,decode
5018,zeroed_run,716480,3602,caught,1,decode
5019,truncation,1673063,2713178,caught,1,decode
5020,header,649,1,caught,1,decode
5021,payload,2258268,1,caught,1,decode
5022,bit_flip,1744780,1,caught,1,decode
5023,random_bytes,3088189,12,caught,1,decode
5024,zeroed_run,3332487,779,SILENT,0,decode
5025,truncation,1025169,3361072,caught,1,decode
5026,header,667,1,caught,1,decode
5027,payload,3072583,1,caught,1,decode
5028,bit_flip,3013865,1,caught,1,decode
5029,random_bytes,2770087,12,caught,1,decode
5030,zeroed_run,3441178,1104,caught,1,decode
5031,truncation,814041,3572200,caught,1,decode
5032,header,120,1,caught,1,decode
5033,payload,2702006,1,caught,1,decode
5034,bit_flip,1398526,1,caught,1,decode
5035,random_bytes,103526,7,caught,1,decode
5036,zeroed_run,2930933,3666,caught,1,decode
5037,truncation,4210449,175792,caught,1,decode
5038,header,531,1,caught,1,decode
5039,payload,1282588,1,caught,1,decode
5040,bit_flip,911068,1,SILENT,0,decode
5041,random_bytes,365960,7,caught,1,decode
5042,zeroed_run,850712,1669,caught,1,decode
5043,truncation,345936,4040305,caught,1,decode
5044,header,49,1,caught,1,decode
5045,payload,2568530,1,SILENT,0,decode
5046,bit_flip,297699,1,caught,1,decode
5047,random_bytes,4051059,3,caught,1,decode
5048,zeroed_run,1265145,2584,caught,1,decode
5049,truncation,778559,3607682,caught,1,decode
5050,header,537,1,caught,1,decode
5051,payload,686013,1,caught,1,decode
5052,bit_flip,2838285,1,caught,1,decode
5053,random_bytes,4059160,4,caught,1,decode
5054,zeroed_run,1880801,2610,caught,1,decode
5055,truncation,1360042,3026199,caught,1,decode
5056,header,641,1,caught,1,decode
5057,payload,3153485,1,caught,1,decode
5058,bit_flip,2568770,1,SILENT,0,decode
5059,random_bytes,836936,14,caught,1,decode
5060,zeroed_run,3999076,3514,caught,1,decode
5061,truncation,2439658,1946583,caught,1,decode
5062,header,75,1,caught,1,decode
5063,payload,2345209,1,caught,1,decode
5064,bit_flip,1904903,1,caught,1,decode
5065,random_bytes,4266209,16,caught,1,decode
5066,zeroed_run,618119,1894,caught,1,decode
5067,truncation,3293689,1092552,caught,1,decode
5068,header,836,1,SILENT,0,decode
5069,payload,4146427,1,caught,1,decode
5070,bit_flip,699849,1,caught,1,decode
5071,random_bytes,2593489,12,caught,1,decode
5072,zeroed_run,3804307,3305,caught,1,decode
5073,truncation,3321887,1064354,caught,1,decode
5074,header,152,1,caught,1,decode
5075,payload,1563189,1,caught,1,decode
5076,bit_flip,583658,1,caught,1,decode
5077,random_bytes,3387844,15,caught,1,decode
5078,zeroed_run,3995284,2770,caught,1,decode
5079,truncation,2937364,1448877,caught,1,decode
5080,header,127,1,caught,1,decode
5081,payload,57690,1,caught,1,decode
5082,bit_flip,151976,1,caught,1,decode
5083,random_bytes,3371160,2,caught,1,decode
5084,zeroed_run,2025277,1688,SILENT,0,decode
5085,truncation,2384500,2001741,caught,1,decode
5086,header,854,1,caught,1,decode
5087,payload,2823864,1,caught,1,decode
5088,bit_flip,4298809,1,caught,1,decode
5089,random_bytes,602232,3,caught,1,decode
5090,zeroed_run,3444449,2464,caught,1,decode
5091,truncation,4046703,339538,caught,1,decode
5092,header,653,1,caught,1,decode
5093,payload,2064289,1,caught,1,decode
5094,bit_flip,3584670,1,SILENT,0,decode
5095,random_bytes,4353251,16,caught,1,decode
5096,zeroed_run,1293479,606,caught,1,decode
5097,truncation,2942581,1443660,caught,1,decode
5098,header,47,1,caught,1,decode
5099,payload,2261468,1,caught,1,decode
5100,bit_flip,3060916,1,caught,1,decode
5101,random_bytes,799218,3,caught,1,decode
5102,zeroed_run,1266073,3966,caught,1,decode
5103,truncation,3755004,631237,caught,1,decode
5104,header,642,1,caught,1,decode
5105,payload,1536405,1,caught,1,decode
5106,bit_flip,3531696,1,caught,1,decode
5107,random_bytes,1489021,9,caught,1,decode
5108,zeroed_run,1116786,761,caught,1,decode
5109,truncation,44918,4341323,caught,1,decode
5110,header,750,1,caught,1,decode
5111,payload,1459903,1,caught,1,decode
5112,bit_flip,3527677,1,caught,1,decode
5113,random_bytes,2024365,12,SILENT,0,decode
5114,zeroed_run,2675575,2779,caught,1,decode
5115,truncation,1545921,2840320,caught,1,decode
5116,header,8,1,caught,1,decode
5117,payload,241738,1,caught,1,decode
5118,bit_flip,3648363,1,caught,1,decode
5119,random_bytes,2143146,16,caught,1,decode
5120,zeroed_run,4155123,1399,caught,1,decode
5121,truncation,1295168,3091073,caught,1,decode
5122,header,674,1,caught,1,decode
5123,payload,133128,1,caught,1,decode
5124,bit_flip,4238316,1,caught,1,decode
5125,random_bytes,501082,5,caught,1,decode
5126,zeroed_run,160350,3779,caught,1,decode
5127,truncation,2130010,2256231,caught,1,decode
5128,header,398,1,caught,1,decode
5129,payload,4225401,1,caught,1,decode
5130,bit_flip,931690,1,caught,1,decode
5131,random_bytes,1673960,4,caught,1,decode
5132,zeroed_run,3354397,3896,caught,1,decode
5133,truncation,2066194,2320047,caught,1,decode
5134,header,187,1,caught,1,decode
5135,payload,1050128,1,caught,1,decode
5136,bit_flip,3263951,1,caught,1,decode
5137,random_bytes,3691617,8,caught,1,decode
5138,zeroed_run,538704,1630,caught,1,decode
5139,truncation,3111919,1274322,caught,1,decode
5140,header,495,1,caught,1,decode
5141,payload,1022109,1,caught,1,decode
5142,bit_flip,2284224,1,caught,1,decode
5143,random_bytes,2398486,9,caught,1,decode
5144,zeroed_run,1834415,3005,caught,1,decode
5145,truncation,1655103,2731138,caught,1,decode
5146,header,832,1,caught,1,decode
5147,payload,1776236,1,caught,1,decode
5148,bit_flip,2740527,1,caught,1,decode
5149,random_bytes,146719,12,caught,1,decode
5150,zeroed_run,104775,2734,caught,1,decode
5151,truncation,861032,3525209,caught,1,decode
5152,header,488,1,caught,1,decode
5153,payload,3071493,1,caught,1,decode
5154,bit_flip,818084,1,caught,1,decode
5155,random_bytes,2720447,3,caught,1,decode
5156,zeroed_run,1710530,689,SILENT,0,decode
5157,truncation,3849861,536380,caught,1,decode
5158,header,221,1,SILENT,0,decode
5159,payload,3936855,1,caught,1,decode
5160,bit_flip,2744419,1,caught,1,decode
5161,random_bytes,119174,5,caught,1,decode
5162,zeroed_run,2554871,2242,caught,1,decode
5163,truncation,2634954,1751287,caught,1,decode
5164,header,904,1,caught,1,decode
5165,payload,4180459,1,caught,1,decode
5166,bit_flip,1189387,1,SILENT,0,decode
5167,random_bytes,2210719,12,caught,1,decode
5168,zeroed_run,1678590,1617,caught,1,decode
5169,truncation,3869500,516741,caught,1,decode
5170,header,561,1,caught,1,decode
5171,payload,3397555,1,caught,1,decode
5172,bit_flip,3363881,1,caught,1,decode
5173,random_bytes,2284198,6,caught,1,decode
5174,zeroed_run,2235412,93,caught,1,decode
5175,truncation,1374008,3012233,caught,1,decode
5176,header,7,1,caught,1,decode
5177,payload,3921571,1,caught,1,decode
5178,bit_flip,3190400,1,caught,1,decode
5179,random_bytes,1919756,11,caught,1,decode
5180,zeroed_run,2874921,1022,caught,1,decode
5181,truncation,265270,4120971,caught,1,decode
5182,header,249,1,caught,1,decode
5183,payload,3553408,1,caught,1,decode
5184,bit_flip,1122071,1,caught,1,decode
5185,random_bytes,2368422,1,caught,1,decode
5186,zeroed_run,1193000,1029,SILENT,0,decode
5187,truncation,3409212,977029,caught,1,decode
5188,header,443,1,caught,1,decode
5189,payload,3907965,1,caught,1,decode
5190,bit_flip,140519,1,caught,1,decode
5191,random_bytes,487830,6,caught,1,decode
5192,zeroed_run,1351311,2869,caught,1,decode
5193,truncation,3564559,821682,caught,1,decode
5194,header,45,1,caught,1,decode
5195,payload,722950,1,caught,1,decode
5196,bit_flip,3486923,1,caught,1,decode
5197,random_bytes,101571,5,caught,1,decode
5198,zeroed_run,2099297,2876,caught,1,decode
5199,truncation,73510,4312731,caught,1,decode
5200,header,859,1,caught,1,decode
5201,payload,1705802,1,caught,1,decode
5202,bit_flip,3585013,1,SILENT,0,decode
5203,random_bytes,80804,11,caught,1,decode
5204,zeroed_run,790353,2316,caught,1,decode
5205,truncation,1607631,2778610,caught,1,decode
5206,header,620,1,caught,1,decode
5207,payload,3903504,1,caught,1,decode
5208,bit_flip,3914590,1,caught,1,decode
5209,random_bytes,1622432,7,caught,1,decode
5210,zeroed_run,1600152,2965,caught,1,decode
5211,truncation,2081722,2304519,caught,1,decode
5212,header,186,1,caught,1,decode
5213,payload,397912,1,caught,1,decode
5214,bit_flip,2593667,1,caught,1,decode
5215,random_bytes,2684865,11,caught,1,decode
5216,zeroed_run,1688148,562,caught,1,decode
5217,truncation,2058093,2328148,caught,1,decode
5218,header,749,1,caught,1,decode
5219,payload,3291114,1,caught,1,decode
5220,bit_flip,207525,1,SILENT,0,decode
5221,random_bytes,3399446,1,caught,1,decode
5222,zeroed_run,2565548,3192,SILENT,0,decode
5223,truncation,3874041,512200,caught,1,decode
5224,header,871,1,caught,1,decode
5225,payload,2413309,1,caught,1,decode
5226,bit_flip,4175502,1,caught,1,decode
5227,random_bytes,822077,9,caught,1,decode
5228,zeroed_run,2846804,785,caught,1,decode
5229,truncation,902775,3483466,caught,1,decode
5230,header,224,1,caught,1,decode
5231,payload,1401870,1,caught,1,decode
5232,bit_flip,608802,1,caught,1,decode
5233,random_bytes,4041265,1,caught,1,decode
5234,zeroed_run,638378,3317,caught,1,decode
5235,truncation,2592009,1794232,caught,1,decode
5236,header,831,1,caught,1,decode
5237,payload,3944540,1,caught,1,decode
5238,bit_flip,3651532,1,caught,1,decode
5239,random_bytes,856138,12,caught,1,decode
5240,zeroed_run,2331012,2576,caught,1,decode
5241,truncation,3020972,1365269,caught,1,decode
5242,header,606,1,caught,1,decode
5243,payload,2981274,1,caught,1,decode
5244,bit_flip,3274824,1,caught,1,decode
5245,random_bytes,1929073,3,caught,1,decode
5246,zeroed_run,2326203,603,caught,1,decode
5247,truncation,4355465,30776,caught,1,decode
5248,header,221,1,SILENT,0,decode
5249,payload,277008,1,caught,1,decode
5250,bit_flip,2844768,1,caught,1,decode
5251,random_bytes,2525811,11,caught,1,decode
5252,zeroed_run,187665,1459,SILENT,0,decode
5253,truncation,770054,3616187,caught,1,decode
5254,header,246,1,caught,1,decode
5255,payload,1155005,1,caught,1,decode
5256,bit_flip,2053715,1,caught,1,decode
5257,random_bytes,1685003,8,caught,1,decode
5258,zeroed_run,2430064,3392,SILENT,0,decode
5259,truncation,1511453,2874788,caught,1,decode
5260,header,380,1,harmless,0,decode
5261,payload,3770843,1,caught,1,decode
5262,bit_flip,421822,1,SILENT,0,decode
5263,random_bytes,3438983,8,caught,1,decode
5264,zeroed_run,2849960,2837,caught,1,decode
5265,truncation,2548233,1838008,caught,1,decode
5266,header,361,1,caught,1,decode
5267,payload,471094,1,caught,1,decode
5268,bit_flip,1135694,1,caught,1,decode
5269,random_bytes,2777410,11,caught,1,decode
5270,zeroed_run,4139893,1119,caught,1,decode
5271,truncation,632207,3754034,caught,1,decode
5272,header,604,1,SILENT,0,decode
5273,payload,1448865,1,caught,1,decode
5274,bit_flip,99684,1,caught,1,decode
5275,random_bytes,1010420,1,caught,1,decode
5276,zeroed_run,2308370,772,caught,1,decode
5277,truncation,646746,3739495,caught,1,decode
5278,header,999,1,caught,1,decode
5279,payload,1622592,1,caught,1,decode
5280,bit_flip,545872,1,caught,1,decode
5281,random_bytes,221921,12,caught,1,decode
5282,zeroed_run,1602741,1395,caught,1,decode
5283,truncation,3261575,1124666,caught,1,decode
5284,header,504,1,caught,1,decode
5285,payload,2356471,1,caught,1,decode
5286,bit_flip,304691,1,caught,1,decode
5287,random_bytes,1677666,5,caught,1,decode
5288,zeroed_run,306136,2262,caught,1,decode
5289,truncation,104883,4281358,caught,1,decode
5290,header,443,1,caught,1,decode
5291,payload,3001055,1,caught,1,decode
5292,bit_flip,2171731,1,caught,1,decode
5293,random_bytes,3557529,14,caught,1,decode
5294,zeroed_run,784005,1221,caught,1,decode
5295,truncation,1011487,3374754,caught,1,decode
5296,header,975,1,caught,1,decode
5297,payload,3363940,1,caught,1,decode
5298,bit_flip,1762891,1,caught,1,decode
5299,random_bytes,1013400,3,caught,1,decode
5300,zeroed_run,3301374,2849,caught,1,decode
5301,truncation,3846277,539964,caught,1,decode
5302,header,987,1,caught,1,decode
5303,payload,2743488,1,caught,1,decode
5304,bit_flip,489647,1,caught,1,decode
5305,random_bytes,2459675,2,caught,1,decode
5306,zeroed_run,3691899,2889,caught,1,decode
5307,truncation,1556239,2830002,caught,1,decode
5308,header,400,1,caught,1,decode
5309,payload,63867,1,caught,1,decode
5310,bit_flip,3946893,1,caught,1,decode
5311,random_bytes,1157671,16,caught,1,decode
5312,zeroed_run,795802,2490,caught,1,decode
5313,truncation,953710,3432531,caught,1,decode
5314,header,490,1,caught,1,decode
5315,payload,3177844,1,caught,1,decode
5316,bit_flip,3357528,1,SILENT,0,decode
5317,random_bytes,3840640,15,caught,1,decode
5318,zeroed_run,4177239,1819,caught,1,decode
5319,truncation,4343368,42873,caught,1,decode
5320,header,595,1,caught,1,decode
5321,payload,2275478,1,SILENT,0,decode
5322,bit_flip,1976303,1,caught,1,decode
5323,random_bytes,1901623,9,caught,1,decode
5324,zeroed_run,1367089,3919,caught,1,decode
5325,truncation,4084338,301903,caught,1,decode
5326,header,873,1,caught,1,decode
5327,payload,3928820,1,caught,1,decode
5328,bit_flip,3294781,1,caught,1,decode
5329,random_bytes,2428872,2,SILENT,0,decode
5330,zeroed_run,3289127,3731,caught,1,decode
5331,truncation,3819755,566486,caught,1,decode
5332,header,917,1,caught,1,decode
5333,payload,3671843,1,caught,1,decode
5334,bit_flip,3876288,1,SILENT,0,decode
5335,random_bytes,4313329,3,caught,1,decode
5336,zeroed_run,143751,3195,caught,1,decode
5337,truncation,2937653,1448588,caught,1,decode
5338,header,157,1,SILENT,0,decode
5339,payload,1426797,1,caught,1,decode
5340,bit_flip,939924,1,caught,1,decode
5341,random_bytes,3192610,7,caught,1,decode
5342,zeroed_run,2008800,393,SILENT,0,decode
5343,truncation,1985570,2400671,caught,1,decode
5344,header,1008,1,caught,1,decode
5345,payload,3232338,1,caught,1,decode
5346,bit_flip,222801,1,caught,1,decode
5347,random_bytes,1577283,14,caught,1,decode
5348,zeroed_run,2765535,3748,caught,1,decode
5349,truncation,3722296,663945,caught,1,decode
5350,header,700,1,harmless,0,decode
5351,payload,2653845,1,caught,1,decode
5352,bit_flip,3600462,1,SILENT,0,decode
5353,random_bytes,2587635,3,caught,1,decode
5354,zeroed_run,2470177,2689,caught,1,decode
5355,truncation,1331587,3054654,caught,1,decode
5356,header,459,1,caught,1,decode
5357,payload,2825407,1,caught,1,decode
5358,bit_flip,2463157,1,caught,1,decode
5359,random_bytes,1100447,7,caught,1,decode
5360,zeroed_run,1221899,769,caught,1,decode
5361,truncation,2271660,2114581,caught,1,decode
5362,header,134,1,SILENT,0,decode
5363,payload,3090005,1,caught,1,decode
5364,bit_flip,114936,1,caught,1,decode
5365,random_bytes,2090282,13,caught,1,decode
5366,zeroed_run,1029472,684,caught,1,decode
5367,truncation,2868784,1517457,caught,1,decode
5368,header,999,1,caught,1,decode
5369,payload,2882493,1,caught,1,decode
5370,bit_flip,363865,1,caught,1,decode
5371,random_bytes,2014163,7,SILENT,0,decode
5372,zeroed_run,313709,466,caught,1,decode
5373,truncation,2898741,1487500,caught,1,decode
5374,header,403,1,caught,1,decode
5375,payload,3987422,1,caught,1,decode
5376,bit_flip,647460,1,caught,1,decode
5377,random_bytes,1016073,14,caught,1,decode
5378,zeroed_run,1141663,1080,caught,1,decode
5379,truncation,3474640,911601,caught,1,decode
5380,header,606,1,caught,1,decode
5381,payload,3187188,1,caught,1,decode
5382,bit_flip,1540580,1,caught,1,decode
5383,random_bytes,3134762,15,SILENT,0,decode
5384,zeroed_run,3932528,1534,caught,1,decode
5385,truncation,3344684,1041557,caught,1,decode
5386,header,408,1,caught,1,decode
5387,payload,527454,1,caught,1,decode
5388,bit_flip,4330916,1,caught,1,decode
5389,random_bytes,2280630,10,caught,1,decode
5390,zeroed_run,3641295,3805,caught,1,decode
5391,truncation,1931291,2454950,caught,1,decode
5392,header,677,1,SILENT,0,decode
5393,payload,4132698,1,caught,1,decode
5394,bit_flip,3891249,1,SILENT,0,decode
5395,random_bytes,3028401,16,caught,1,decode
5396,zeroed_run,455130,3045,caught,1,decode
5397,truncation,996802,3389439,caught,1,decode
5398,header,233,1,caught,1,decode
5399,payload,4299922,1,caught,1,decode
5400,bit_flip,3573220,1,caught,1,decode
5401,random_bytes,4364961,15,caught,1,decode
5402,zeroed_run,416721,602,caught,1,decode
5403,truncation,2529263,1856978,caught,1,decode
5404,header,484,1,SILENT,0,decode
5405,payload,3162410,1,caught,1,decode
5406,bit_flip,4194357,1,caught,1,decode
5407,random_bytes,3786135,1,caught,1,decode
5408,zeroed_run,1029984,3261,caught,1,decode
5409,truncation,1245512,3140729,caught,1,decode
5410,header,413,1,SILENT,0,decode
5411,payload,2578320,1,SILENT,0,decode
5412,bit_flip,1084529,1,caught,1,decode
5413,random_bytes,3351482,12,caught,1,decode
5414,zeroed_run,507125,868,caught,1,decode
5415,truncation,1493216,2893025,caught,1,decode
5416,header,873,1,caught,1,decode
5417,payload,1590651,1,caught,1,decode
5418,bit_flip,1819483,1,SILENT,0,decode
5419,random_bytes,1831699,3,caught,1,decode
5420,zeroed_run,3544120,4084,caught,1,decode
5421,truncation,1280861,3105380,caught,1,decode
5422,header,527,1,caught,1,decode
5423,payload,220603,1,caught,1,decode
5424,bit_flip,3191054,1,caught,1,decode
5425,random_bytes,2783218,11,caught,1,decode
5426,zeroed_run,3293555,2412,caught,1,decode
5427,truncation,1002454,3383787,caught,1,decode
5428,header,105,1,caught,1,decode
5429,payload,2449199,1,caught,1,decode
5430,bit_flip,1704467,1,caught,1,decode
5431,random_bytes,1759088,3,caught,1,decode
5432,zeroed_run,2934867,955,caught,1,decode
5433,truncation,235855,4150386,caught,1,decode
5434,header,204,1,caught,1,decode
5435,payload,679871,1,caught,1,decode
5436,bit_flip,4279776,1,caught,1,decode
5437,random_bytes,4075348,5,SILENT,0,decode
5438,zeroed_run,3691666,1389,caught,1,decode
5439,truncation,2338730,2047511,caught,1,decode
5440,header,204,1,SILENT,0,decode
5441,payload,3278111,1,caught,1,decode
5442,bit_flip,2857389,1,caught,1,decode
5443,random_bytes,1701950,3,caught,1,decode
5444,zeroed_run,3343419,3161,caught,1,decode
5445,truncation,3965253,420988,caught,1,decode
5446,header,204,1,caught,1,decode
5447,payload,1377819,1,caught,1,decode
5448,bit_flip,689541,1,caught,1,decode
5449,random_bytes,3838201,5,caught,1,decode
5450,zeroed_run,1968481,1238,caught,1,decode
5451,truncation,180334,4205907,caught,1,decode
5452,header,548,1,harmless,0,decode
5453,payload,74157,1,caught,1,decode
5454,bit_flip,4049284,1,caught,1,decode
5455,random_bytes,3774506,12,caught,1,decode
5456,zeroed_run,3679540,143,caught,1,decode
5457,truncation,1417666,2968575,caught,1,decode
5458,header,798,1,caught,1,decode
5459,payload,3444878,1,caught,1,decode
5460,bit_flip,4724,1,caught,1,decode
5461,random_bytes,2478659,9,caught,1,decode
5462,zeroed_run,2477801,1745,caught,1,decode
5463,truncation,31674,4354567,caught,1,decode
5464,header,665,1,caught,1,decode
5465,payload,1761549,1,caught,1,decode
5466,bit_flip,1398484,1,caught,1,decode
5467,random_bytes,2456810,6,caught,1,decode
5468,zeroed_run,4227738,3054,caught,1,decode
5469,truncation,2143448,2242793,caught,1,decode
5470,header,561,1,caught,1,decode
5471,payload,986140,1,caught,1,decode
5472,bit_flip,3245448,1,caught,1,decode
5473,random_bytes,1550549,1,caught,1,decode
5474,zeroed_run,3196611,1672,caught,1,decode
5475,truncation,1563979,2822262,caught,1,decode
5476,header,505,1,caught,1,decode
5477,payload,1176013,1,caught,1,decode
5478,bit_flip,2239910,1,caught,1,decode
5479,random_bytes,2000285,5,caught,1,decode
5480,zeroed_run,2213161,2143,caught,1,decode
5481,truncation,524846,3861395,caught,1,decode
5482,header,611,1,caught,1,decode
5483,payload,3390673,1,caught,1,decode
5484,bit_flip,1025403,1,caught,1,decode
5485,random_bytes,1426856,15,caught,1,decode
5486,zeroed_run,3894582,2630,caught,1,decode
5487,truncation,4179075,207166,caught,1,decode
5488,header,785,1,caught,1,decode
5489,payload,4293001,1,caught,1,decode
5490,bit_flip,727376,1,caught,1,decode
5491,random_bytes,3802805,14,caught,1,decode
5492,zeroed_run,1445342,3766,caught,1,decode
5493,truncation,3682739,703502,caught,1,decode
5494,header,154,1,caught,1,decode
5495,payload,3881723,1,SILENT,0,decode
5496,bit_flip,1604400,1,caught,1,decode
5497,random_bytes,3000122,4,caught,1,decode
5498,zeroed_run,3820422,666,caught,1,decode
5499,truncation,931390,3454851,caught,1,decode
5500,header,209,1,caught,1,decode
5501,payload,1818222,1,SILENT,0,decode
5502,bit_flip,3090568,1,caught,1,decode
5503,random_bytes,874460,2,caught,1,decode
5504,zeroed_run,3436550,3572,caught,1,decode
5505,truncation,3333147,1053094,caught,1,decode
5506,header,554,1,caught,1,decode
5507,payload,2827486,1,caught,1,decode
5508,bit_flip,3937244,1,caught,1,decode
5509,random_bytes,2351560,14,caught,1,decode
5510,zeroed_run,370648,2365,caught,1,decode
5511,truncation,1292572,3093669,caught,1,decode
5512,header,65,1,caught,1,decode
5513,payload,4298067,1,caught,1,decode
5514,bit_flip,307653,1,caught,1,decode
5515,random_bytes,4123682,7,caught,1,decode
5516,zeroed_run,2482626,2596,caught,1,decode
5517,truncation,195549,4190692,caught,1,decode
5518,header,641,1,caught,1,decode
5519,payload,645412,1,caught,1,decode
5520,bit_flip,1189266,1,SILENT,0,decode
5521,random_bytes,4297693,11,caught,1,decode
5522,zeroed_run,3831231,3213,caught,1,decode
5523,truncation,2957540,1428701,caught,1,decode
5524,header,143,1,caught,1,decode
5525,payload,1913805,1,caught,1,decode
5526,bit_flip,717902,1,caught,1,decode
5527,random_bytes,2829055,8,caught,1,decode
5528,zeroed_run,3368178,2124,caught,1,decode
5529,truncation,2324982,2061259,caught,1,decode
5530,header,1013,1,caught,1,decode
5531,payload,2288996,1,caught,1,decode
5532,bit_flip,2560326,1,caught,1,decode
5533,random_bytes,2071762,12,caught,1,decode
5534,zeroed_run,414228,837,SILENT,0,decode
5535,truncation,4078474,307767,caught,1,decode
5536,header,675,1,caught,1,decode
5537,payload,1024485,1,caught,1,decode
5538,bit_flip,1245325,1,caught,1,decode
5539,random_bytes,629791,15,caught,1,decode
5540,zeroed_run,2814436,1066,caught,1,decode
5541,truncation,1248919,3137322,caught,1,decode
5542,header,780,1,SILENT,0,decode
5543,payload,3953985,1,caught,1,decode
5544,bit_flip,2616838,1,caught,1,decode
5545,random_bytes,1044285,7,caught,1,decode
5546,zeroed_run,322390,3231,caught,1,decode
5547,truncation,714518,3671723,caught,1,decode
5548,header,383,1,caught,1,decode
5549,payload,307502,1,caught,1,decode
5550,bit_flip,1222737,1,caught,1,decode
5551,random_bytes,1562888,10,caught,1,decode
5552,zeroed_run,26558,169,caught,1,decode
5553,truncation,665900,3720341,caught,1,decode
5554,header,802,1,caught,1,decode
5555,payload,150340,1,caught,1,decode
5556,bit_flip,3577837,1,caught,1,decode
5557,random_bytes,1209318,10,caught,1,decode
5558,zeroed_run,2800398,2578,caught,1,decode
5559,truncation,188216,4198025,caught,1,decode
5560,header,268,1,caught,1,decode
5561,payload,1043516,1,caught,1,decode
5562,bit_flip,391710,1,caught,1,decode
5563,random_bytes,2906451,5,caught,1,decode
5564,zeroed_run,446413,2094,caught,1,decode
5565,truncation,3612412,773829,caught,1,decode
5566,header,802,1,caught,1,decode
5567,payload,1945279,1,caught,1,decode
5568,bit_flip,724861,1,caught,1,decode
5569,random_bytes,4148815,4,caught,1,decode
5570,zeroed_run,3636989,3854,caught,1,decode
5571,truncation,3335058,1051183,caught,1,decode
5572,header,627,1,caught,1,decode
5573,payload,116924,1,caught,1,decode
5574,bit_flip,3299837,1,caught,1,decode
5575,random_bytes,3193227,13,caught,1,decode
5576,zeroed_run,3341726,3539,caught,1,decode
5577,truncation,2797594,1588647,caught,1,decode
5578,header,629,1,caught,1,decode
5579,payload,1675258,1,caught,1,decode
5580,bit_flip,131206,1,caught,1,decode
5581,random_bytes,1046800,12,caught,1,decode
5582,zeroed_run,780317,1373,caught,1,decode
5583,truncation,4234090,152151,caught,1,decode
5584,header,120,1,caught,1,decode
5585,payload,1395827,1,caught,1,decode
5586,bit_flip,4098321,1,caught,1,decode
5587,random_bytes,480491,6,caught,1,decode
5588,zeroed_run,3364231,165,caught,1,decode
5589,truncation,3094489,1291752,caught,1,decode
5590,header,688,1,caught,1,decode
5591,payload,257750,1,caught,1,decode
5592,bit_flip,4095920,1,caught,1,decode
5593,random_bytes,1266491,13,caught,1,decode
5594,zeroed_run,92410,841,caught,1,decode
5595,truncation,235619,4150622,caught,1,decode
5596,header,581,1,SILENT,0,decode
5597,payload,4184722,1,caught,1,decode
5598,bit_flip,1041108,1,caught,1,decode
5599,random_bytes,1448914,11,caught,1,decode
5600,zeroed_run,2953321,3680,caught,1,decode
5601,truncation,4081785,304456,caught,1,decode
5602,header,907,1,caught,1,decode
5603,payload,2436612,1,SILENT,0,decode
5604,bit_flip,702230,1,caught,1,decode
5605,random_bytes,3240983,9,caught,1,decode
5606,zeroed_run,3961667,3188,caught,1,decode
5607,truncation,2520306,1865935,caught,1,decode
5608,header,111,1,caught,1,decode
5609,payload,964175,1,SILENT,0,decode
5610,bit_flip,2687101,1,caught,1,decode
5611,random_bytes,1542950,7,caught,1,decode
5612,zeroed_run,1454575,3263,caught,1,decode
5613,truncation,444240,3942001,caught,1,decode
5614,header,749,1,caught,1,decode
5615,payload,1696580,1,caught,1,decode
5616,bit_flip,2941505,1,caught,1,decode
5617,random_bytes,3177287,12,caught,1,decode
5618,zeroed_run,2823518,2424,caught,1,decode
5619,truncation,1784672,2601569,caught,1,decode
5620,header,661,1,caught,1,decode
5621,payload,4044608,1,caught,1,decode
5622,bit_flip,2873213,1,caught,1,decode
5623,random_bytes,1985822,15,caught,1,decode
5624,zeroed_run,685342,277,caught,1,decode
5625,truncation,4080335,305906,caught,1,decode
5626,header,516,1,SILENT,0,decode
5627,payload,1678809,1,caught,1,decode
5628,bit_flip,2433141,1,SILENT,0,decode
5629,random_bytes,1574609,7,caught,1,decode
5630,zeroed_run,1248559,3976,caught,1,decode
5631,truncation,254253,4131988,caught,1,decode
5632,header,1001,1,caught,1,decode
5633,payload,386706,1,caught,1,decode
5634,bit_flip,4076160,1,SILENT,0,decode
5635,random_bytes,2423945,4,caught,1,decode
5636,zeroed_run,757248,4055,caught,1,decode
5637,truncation,1854338,2531903,caught,1,decode
5638,header,959,1,caught,1,decode
5639,payload,1537458,1,caught,1,decode
5640,bit_flip,535255,1,caught,1,decode
5641,random_bytes,297384,11,caught,1,decode
5642,zeroed_run,2234387,159,caught,1,decode
5643,truncation,892645,3493596,caught,1,decode
5644,header,817,1,caught,1,decode
5645,payload,1031666,1,caught,1,decode
5646,bit_flip,2887782,1,caught,1,decode
5647,random_bytes,837919,7,caught,1,decode
5648,zeroed_run,4282653,3095,caught,1,decode
5649,truncation,2016993,2369248,caught,1,decode
5650,header,14,1,caught,1,decode
5651,payload,836040,1,caught,1,decode
5652,bit_flip,1183890,1,caught,1,decode
5653,random_bytes,706652,9,caught,1,decode
5654,zeroed_run,508567,3334,caught,1,decode
5655,truncation,2296756,2089485,caught,1,decode
5656,header,789,1,caught,1,decode
5657,payload,2447478,1,caught,1,decode
5658,bit_flip,3473559,1,caught,1,decode
5659,random_bytes,1873856,2,caught,1,decode
5660,zeroed_run,608574,3462,caught,1,decode
5661,truncation,83851,4302390,caught,1,decode
5662,header,749,1,caught,1,decode
5663,payload,4081852,1,harmless,0,decode
5664,bit_flip,1397191,1,caught,1,decode
5665,random_bytes,3856427,1,caught,1,decode
5666,zeroed_run,1506801,1618,caught,1,decode
5667,truncation,3626659,759582,caught,1,decode
5668,header,21,1,SILENT,0,decode
5669,payload,1655790,1,caught,1,decode
5670,bit_flip,955399,1,caught,1,decode
5671,random_bytes,3353611,12,caught,1,decode
5672,zeroed_run,2351963,220,caught,1,decode
5673,truncation,2603431,1782810,caught,1,decode
5674,header,397,1,caught,1,decode
5675,payload,412280,1,SILENT,0,decode
5676,bit_flip,3218201,1,caught,1,decode
5677,random_bytes,960365,4,caught,1,decode
5678,zeroed_run,2304236,2231,caught,1,decode
5679,truncation,4346353,39888,caught,1,decode
5680,header,909,1,caught,1,decode
5681,payload,1593201,1,caught,1,decode
5682,bit_flip,3606580,1,SILENT,0,decode
5683,random_bytes,3958330,6,caught,1,decode
5684,zeroed_run,1747908,503,caught,1,decode
5685,truncation,1656293,2729948,caught,1,decode
5686,header,1018,1,caught,1,decode
5687,payload,2986177,1,caught,1,decode
5688,bit_flip,1039467,1,caught,1,decode
5689,random_bytes,2671076,13,caught,1,decode
5690,zeroed_run,1164053,3708,caught,1,decode
5691,truncation,3852341,533900,caught,1,decode
5692,header,59,1,caught,1,decode
5693,payload,3657831,1,caught,1,decode
5694,bit_flip,1783864,1,caught,1,decode
5695,random_bytes,2997362,6,caught,1,decode
5696,zeroed_run,4070089,1893,SILENT,0,decode
5697,truncation,1253226,3133015,caught,1,decode
5698,header,73,1,caught,1,decode
5699,payload,2622975,1,caught,1,decode
5700,bit_flip,1346416,1,caught,1,decode
5701,random_bytes,3792277,8,caught,1,decode
5702,zeroed_run,3354573,3314,caught,1,decode
5703,truncation,1753712,2632529,caught,1,decode
5704,header,947,1,caught,1,decode
5705,payload,3193242,1,caught,1,decode
5706,bit_flip,86450,1,caught,1,decode
5707,random_bytes,1249506,6,caught,1,decode
5708,zeroed_run,806982,1222,caught,1,decode
5709,truncation,1796358,2589883,caught,1,decode
5710,header,971,1,caught,1,decode
5711,payload,878403,1,caught,1,decode
5712,bit_flip,2523196,1,caught,1,decode
5713,random_bytes,1641304,11,caught,1,decode
5714,zeroed_run,676589,3407,caught,1,decode
5715,truncation,3077359,1308882,caught,1,decode
5716,header,992,1,caught,1,decode
5717,payload,3921835,1,caught,1,decode
5718,bit_flip,3850115,1,caught,1,decode
5719,random_bytes,1204249,16,SILENT,0,decode
5720,zeroed_run,4035874,258,caught,1,decode
5721,truncation,3397957,988284,caught,1,decode
5722,header,40,1,caught,1,decode
5723,payload,3063629,1,caught,1,decode
5724,bit_flip,2320769,1,caught,1,decode
5725,random_bytes,2667193,10,caught,1,decode
5726,zeroed_run,803381,4061,caught,1,decode
5727,truncation,2107564,2278677,caught,1,decode
5728,header,1006,1,caught,1,decode
5729,payload,397992,1,caught,1,decode
5730,bit_flip,4203355,1,caught,1,decode
5731,random_bytes,2208937,3,caught,1,decode
5732,zeroed_run,2321478,2782,caught,1,decode
5733,truncation,3772617,613624,caught,1,decode
5734,header,383,1,caught,1,decode
5735,payload,3613596,1,caught,1,decode
5736,bit_flip,2434587,1,SILENT,0,decode
5737,random_bytes,3869840,10,caught,1,decode
5738,zeroed_run,2974071,2574,caught,1,decode
5739,truncation,2670536,1715705,caught,1,decode
5740,header,407,1,caught,1,decode
5741,payload,1463227,1,caught,1,decode
5742,bit_flip,3607193,1,SILENT,0,decode
5743,random_bytes,436672,9,caught,1,decode
5744,zeroed_run,3108232,3863,caught,1,decode
5745,truncation,1620301,2765940,caught,1,decode
5746,header,858,1,caught,1,decode
5747,payload,583396,1,caught,1,decode
5748,bit_flip,3561767,1,caught,1,decode
5749,random_bytes,436176,4,caught,1,decode
5750,zeroed_run,2731447,2974,caught,1,decode
5751,truncation,359427,4026814,caught,1,decode
5752,header,672,1,caught,1,decode
5753,payload,906944,1,caught,1,decode
5754,bit_flip,3596195,1,caught,1,decode
5755,random_bytes,4297576,8,caught,1,decode
5756,zeroed_run,722732,1484,caught,1,decode
5757,truncation,864580,3521661,caught,1,decode
5758,header,526,1,caught,1,decode
5759,payload,3840924,1,caught,1,decode
5760,bit_flip,1683098,1,caught,1,decode
5761,random_bytes,3683853,3,caught,1,decode
5762,zeroed_run,382948,54,caught,1,decode
5763,truncation,3215175,1171066,caught,1,decode
5764,header,434,1,caught,1,decode
5765,payload,3693669,1,caught,1,decode
5766,bit_flip,2581801,1,SILENT,0,decode
5767,random_bytes,3674729,8,caught,1,decode
5768,zeroed_run,968640,1264,SILENT,0,decode
5769,truncation,1996423,2389818,caught,1,decode
5770,header,771,1,caught,1,decode
5771,payload,4267128,1,caught,1,decode
5772,bit_flip,1103679,1,caught,1,decode
5773,random_bytes,1037475,3,caught,1,decode
5774,zeroed_run,3416282,3355,caught,1,decode
5775,truncation,1095828,3290413,caught,1,decode
5776,header,43,1,caught,1,decode
5777,payload,1743726,1,caught,1,decode
5778,bit_flip,675445,1,caught,1,decode
5779,random_bytes,3578568,16,caught,1,decode
5780,zeroed_run,895264,2154,caught,1,decode
5781,truncation,173233,4213008,caught,1,decode
5782,header,383,1,caught,1,decode
5783,payload,289318,1,caught,1,decode
5784,bit_flip,2283116,1,caught,1,decode
5785,random_bytes,2170581,1,caught,1,decode
5786,zeroed_run,2144787,3088,caught,1,decode
5787,truncation,3045352,1340889,caught,1,decode
5788,header,439,1,caught,1,decode
5789,payload,2401607,1,caught,1,decode
5790,bit_flip,2266265,1,caught,1,decode
5791,random_bytes,4122170,8,caught,1,decode
5792,zeroed_run,328408,1589,caught,1,decode
5793,truncation,1873574,2512667,caught,1,decode
5794,header,1000,1,caught,1,decode
5795,payload,1670405,1,caught,1,decode
5796,bit_flip,3649382,1,caught,1,decode
5797,random_bytes,2287362,3,caught,1,decode
5798,zeroed_run,3544635,1654,caught,1,decode
5799,truncation,486511,3899730,caught,1,decode
5800,header,741,1,SILENT,0,decode
5801,payload,4019020,1,SILENT,0,decode
5802,bit_flip,3890297,1,SILENT,0,decode
5803,random_bytes,840623,3,caught,1,decode
5804,zeroed_run,1504325,562,caught,1,decode
5805,truncation,1295816,3090425,caught,1,decode
5806,header,771,1,caught,1,decode
5807,payload,927877,1,caught,1,decode
5808,bit_flip,4289201,1,caught,1,decode
5809,random_bytes,1030266,11,caught,1,decode
5810,zeroed_run,599315,4020,caught,1,decode
5811,truncation,899967,3486274,caught,1,decode
5812,header,156,1,SILENT,0,decode
5813,payload,2773215,1,caught,1,decode
5814,bit_flip,3690808,1,caught,1,decode
5815,random_bytes,1874653,5,caught,1,decode
5816,zeroed_run,3797681,157,caught,1,decode
5817,truncation,3211878,1174363,caught,1,decode
5818,header,952,1,caught,1,decode
5819,payload,2394365,1,caught,1,decode
5820,bit_flip,1761194,1,caught,1,decode
5821,random_bytes,1670216,6,caught,1,decode
5822,zeroed_run,443252,1751,caught,1,decode
5823,truncation,3502731,883510,caught,1,decode
5824,header,73,1,caught,1,decode
5825,payload,3173693,1,caught,1,decode
5826,bit_flip,3875515,1,caught,1,decode
5827,random_bytes,4366091,16,caught,1,decode
5828,zeroed_run,3165035,3409,caught,1,decode
5829,truncation,2624201,1762040,caught,1,decode
5830,header,584,1,caught,1,decode
5831,payload,984690,1,caught,1,decode
5832,bit_flip,237237,1,caught,1,decode
5833,random_bytes,4121323,8,caught,1,decode
5834,zeroed_run,2582099,508,caught,1,decode
5835,truncation,114843,4271398,caught,1,decode
5836,header,508,1,SILENT,0,decode
5837,payload,2561869,1,caught,1,decode
5838,bit_flip,884548,1,caught,1,decode
5839,random_bytes,3040320,16,caught,1,decode
5840,zeroed_run,1623675,3802,caught,1,decode
5841,truncation,892625,3493616,caught,1,decode
5842,header,806,1,caught,1,decode
5843,payload,1597055,1,caught,1,decode
5844,bit_flip,3285074,1,caught,1,decode
5845,random_bytes,3424029,1,caught,1,decode
5846,zeroed_run,782822,263,caught,1,decode
5847,truncation,2845296,1540945,caught,1,decode
5848,header,699,1,caught,1,decode
5849,payload,4059446,1,caught,1,decode
5850,bit_flip,3892430,1,caught,1,decode
5851,random_bytes,2756286,6,caught,1,decode
5852,zeroed_run,1853546,1557,SILENT,0,decode
5853,truncation,1899758,2486483,caught,1,decode
5854,header,944,1,caught,1,decode
5855,payload,663425,1,caught,1,decode
5856,bit_flip,643680,1,caught,1,decode
5857,random_bytes,3169750,13,caught,1,decode
5858,zeroed_run,2500245,2674,caught,1,decode
5859,truncation,277884,4108357,caught,1,decode
5860,header,682,1,caught,1,decode
5861,payload,3223113,1,caught,1,decode
5862,bit_flip,3271422,1,caught,1,decode
5863,random_bytes,1368411,8,caught,1,decode
5864,zeroed_run,3264269,383,caught,1,decode
5865,truncation,4034206,352035,caught,1,decode
5866,header,250,1,caught,1,decode
5867,payload,1046059,1,caught,1,decode
5868,bit_flip,1885173,1,caught,1,decode
5869,random_bytes,2683547,4,caught,1,decode
5870,zeroed_run,142965,1279,caught,1,decode
5871,truncation,1670858,2715383,caught,1,decode
5872,header,746,1,caught,1,decode
5873,payload,419808,1,SILENT,0,decode
5874,bit_flip,3165808,1,caught,1,decode
5875,random_bytes,4173049,11,caught,1,decode
5876,zeroed_run,4376315,3493,caught,1,decode
5877,truncation,2833956,1552285,caught,1,decode
5878,header,283,1,caught,1,decode
5879,payload,2780447,1,caught,1,decode
5880,bit_flip,2940535,1,caught,1,decode
5881,random_bytes,1072252,15,caught,1,decode
5882,zeroed_run,3087879,2415,caught,1,decode
5883,truncation,85936,4300305,caught,1,decode
5884,header,190,1,caught,1,decode
5885,payload,1371669,1,caught,1,decode
5886,bit_flip,1606965,1,SILENT,0,decode
5887,random_bytes,1518963,3,caught,1,decode
5888,zeroed_run,1620201,2787,caught,1,decode
5889,truncation,2114223,2272018,caught,1,decode
5890,header,54,1,caught,1,decode
5891,payload,4191823,1,caught,1,decode
5892,bit_flip,2902961,1,caught,1,decode
5893,random_bytes,792884,11,caught,1,decode
5894,zeroed_run,90712,1546,caught,1,decode
5895,truncation,3254399,1131842,caught,1,decode
5896,header,843,1,caught,1,decode
5897,payload,1785218,1,caught,1,decode
5898,bit_flip,2402389,1,caught,1,decode
5899,random_bytes,213113,13,caught,1,decode
5900,zeroed_run,3021939,3978,caught,1,decode
5901,truncation,4201524,184717,caught,1,decode
5902,header,633,1,caught,1,decode
5903,payload,1354836,1,caught,1,decode
5904,bit_flip,263704,1,caught,1,decode
5905,random_bytes,3055592,16,caught,1,decode
5906,zeroed_run,725762,4035,caught,1,decode
5907,truncation,1900912,2485329,caught,1,decode
5908,header,125,1,harmless,0,decode
5909,payload,1852642,1,SILENT,0,decode
5910,bit_flip,2548505,1,caught,1,decode
5911,random_bytes,12407,11,caught,1,decode
5912,zeroed_run,2764071,3317,caught,1,decode
5913,truncation,3774413,611828,caught,1,decode
5914,header,808,1,caught,1,decode
5915,payload,2159973,1,caught,1,decode
5916,bit_flip,223211,1,caught,1,decode
5917,random_bytes,3501661,14,caught,1,decode
5918,zeroed_run,3449755,2823,caught,1,decode
5919,truncation,3412510,973731,caught,1,decode
5920,header,138,1,caught,1,decode
5921,payload,3267773,1,caught,1,decode
5922,bit_flip,978494,1,SILENT,0,decode
5923,random_bytes,3667414,6,caught,1,decode
5924,zeroed_run,2182697,3377,caught,1,decode
5925,truncation,3141651,1244590,caught,1,decode
5926,header,87,1,caught,1,decode
5927,payload,2276490,1,caught,1,decode
5928,bit_flip,2495950,1,caught,1,decode
5929,random_bytes,2877771,9,caught,1,decode
5930,zeroed_run,3334512,2951,caught,1,decode
5931,truncation,1002416,3383825,caught,1,decode
5932,header,441,1,caught,1,decode
5933,payload,4180117,1,caught,1,decode
5934,bit_flip,3979827,1,caught,1,decode
5935,random_bytes,2119131,9,caught,1,decode
5936,zeroed_run,3904317,44,caught,1,decode
5937,truncation,2151004,2235237,caught,1,decode
5938,header,702,1,caught,1,decode
5939,payload,2750738,1,caught,1,decode
5940,bit_flip,2374855,1,caught,1,decode
5941,random_bytes,3331034,14,SILENT,0,decode
5942,zeroed_run,4274872,1561,caught,1,decode
5943,truncation,273635,4112606,caught,1,decode
5944,header,39,1,caught,1,decode
5945,payload,1032960,1,caught,1,decode
5946,bit_flip,524554,1,caught,1,decode
5947,random_bytes,3719327,16,caught,1,decode
5948,zeroed_run,1062971,1453,caught,1,decode
5949,truncation,2332794,2053447,caught,1,decode
5950,header,642,1,caught,1,decode
5951,payload,4270956,1,caught,1,decode
5952,bit_flip,2841446,1,caught,1,decode
5953,random_bytes,3928167,14,caught,1,decode
5954,zeroed_run,7948,1475,caught,1,decode
5955,truncation,1581951,2804290,caught,1,decode
5956,header,771,1,caught,1,decode
5957,payload,1978138,1,caught,1,decode
5958,bit_flip,1992569,1,caught,1,decode
5959,random_bytes,1816088,15,SILENT,0,decode
5960,zeroed_run,2248697,1879,caught,1,decode
5961,truncation,3812321,573920,caught,1,decode
5962,header,920,1,caught,1,decode
5963,payload,321057,1,caught,1,decode
5964,bit_flip,4023028,1,SILENT,0,decode
5965,random_bytes,1659837,9,caught,1,decode
5966,zeroed_run,1598541,514,caught,1,decode
5967,truncation,4064926,321315,caught,1,decode
5968,header,846,1,caught,1,decode
5969,payload,3166454,1,caught,1,decode
5970,bit_flip,316029,1,caught,1,decode
5971,random_bytes,168278,8,caught,1,decode
5972,zeroed_run,293751,1630,caught,1,decode
5973,truncation,1199878,3186363,caught,1,decode
5974,header,770,1,caught,1,decode
5975,payload,2064635,1,caught,1,decode
5976,bit_flip,4104681,1,caught,1,decode
5977,random_bytes,4056574,10,caught,1,decode
5978,zeroed_run,3401061,2047,caught,1,decode
5979,truncation,235745,4150496,caught,1,decode
5980,header,34,1,harmless,0,decode
5981,payload,832009,1,caught,1,decode
5982,bit_flip,936747,1,caught,1,decode
5983,random_bytes,3269571,2,caught,1,decode
5984,zeroed_run,1273344,3817,caught,1,decode
5985,truncation,2216745,2169496,caught,1,decode
5986,header,490,1,caught,1,decode
5987,payload,1252772,1,caught,1,decode
5988,bit_flip,1007037,1,caught,1,decode
5989,random_bytes,2066400,2,caught,1,decode
5990,zeroed_run,3618183,2945,caught,1,decode
5991,truncation,2566573,1819668,caught,1,decode
5992,header,236,1,caught,1,decode
5993,payload,122410,1,caught,1,decode
5994,bit_flip,1426474,1,caught,1,decode
5995,random_bytes,125341,16,caught,1,decode
5996,zeroed_run,2259471,2148,caught,1,decode
5997,truncation,2960307,1425934,caught,1,decode
5998,header,794,1,caught,1,decode
5999,payload,579915,1,caught,1,decode
6000,bit_flip,261747,1,caught,1,decode
6001,random_bytes,478592,9,caught,1,decode
6002,zeroed_run,27473,3414,caught,1,decode
6003,truncation,4235286,150955,caught,1,decode
6004,header,8,1,caught,1,decode
6005,payload,2555244,1,caught,1,decode
6006,bit_flip,1964720,1,caught,1,decode
6007,random_bytes,1067054,16,caught,1,decode
6008,zeroed_run,2713622,3193,caught,1,decode
6009,truncation,2971492,1414749,caught,1,decode
6010,header,683,1,caught,1,decode
6011,payload,1834874,1,caught,1,decode
6012,bit_flip,1636830,1,caught,1,decode
6013,random_bytes,3643730,14,caught,1,decode
6014,zeroed_run,1684939,1763,caught,1,decode
6015,truncation,4117784,268457,caught,1,decode
6016,header,545,1,caught,1,decode
6017,payload,2020189,1,SILENT,0,decode
6018,bit_flip,2976499,1,caught,1,decode
6019,random_bytes,2527737,9,caught,1,decode
6020,zeroed_run,674157,1856,caught,1,decode
6021,truncation,3703540,682701,caught,1,decode
6022,header,111,1,caught,1,decode
6023,payload,171869,1,caught,1,decode
6024,bit_flip,2770658,1,caught,1,decode
6025,random_bytes,607183,11,caught,1,decode
6026,zeroed_run,2248444,3530,caught,1,decode
6027,truncation,2650650,1735591,caught,1,decode
6028,header,859,1,caught,1,decode
6029,payload,3602036,1,SILENT,0,decode
6030,bit_flip,2709967,1,caught,1,decode
6031,random_bytes,68168,15,caught,1,decode
6032,zeroed_run,1135937,2380,caught,1,decode
6033,truncation,3841881,544360,caught,1,decode
6034,header,850,1,caught,1,decode
6035,payload,1845901,1,caught,1,decode
6036,bit_flip,2592245,1,caught,1,decode
6037,random_bytes,661914,9,caught,1,decode
6038,zeroed_run,3935462,3737,caught,1,decode
6039,truncation,335126,4051115,caught,1,decode
6040,header,569,1,caught,1,decode
6041,payload,1278226,1,caught,1,decode
6042,bit_flip,3024440,1,caught,1,decode
6043,random_bytes,1855121,4,SILENT,0,decode
6044,zeroed_run,2493664,2120,caught,1,decode
6045,truncation,1819568,2566673,caught,1,decode
6046,header,591,1,caught,1,decode
6047,payload,4030442,1,SILENT,0,decode
6048,bit_flip,2726982,1,caught,1,decode
6049,random_bytes,1729875,16,caught,1,decode
6050,zeroed_run,1483646,2786,caught,1,decode
6051,truncation,1475934,2910307,caught,1,decode
6052,header,174,1,caught,1,decode
6053,payload,2480662,1,caught,1,decode
6054,bit_flip,1553272,1,caught,1,decode
6055,random_bytes,46184,2,caught,1,decode
6056,zeroed_run,593674,1753,caught,1,decode
6057,truncation,2506059,1880182,caught,1,decode
6058,header,386,1,caught,1,decode
6059,payload,2587271,1,caught,1,decode
6060,bit_flip,3188136,1,caught,1,decode
6061,random_bytes,4222506,6,caught,1,decode
6062,zeroed_run,181943,2856,SILENT,0,decode
6063,truncation,465440,3920801,caught,1,decode
6064,header,508,1,harmless,0,decode
6065,payload,2883951,1,caught,1,decode
6066,bit_flip,3781928,1,caught,1,decode
6067,random_bytes,1169971,11,caught,1,decode
6068,zeroed_run,605121,977,caught,1,decode
6069,truncation,1626320,2759921,caught,1,decode
6070,header,279,1,caught,1,decode
6071,payload,3511611,1,caught,1,decode
6072,bit_flip,635897,1,caught,1,decode
6073,random_bytes,2838619,12,caught,1,decode
6074,zeroed_run,3939861,1366,caught,1,decode
6075,truncation,3247064,1139177,caught,1,decode
6076,header,215,1,caught,1,decode
6077,payload,4062287,1,caught,1,decode
6078,bit_flip,1789598,1,caught,1,decode
6079,random_bytes,3113395,3,caught,1,decode
6080,zeroed_run,3578049,1320,caught,1,decode
6081,truncation,2425,4383816,caught,1,decode
6082,header,464,1,caught,1,decode
6083,payload,3020057,1,caught,1,decode
6084,bit_flip,2842662,1,caught,1,decode
6085,random_bytes,3270203,12,caught,1,decode
6086,zeroed_run,2403527,2862,caught,1,decode
6087,truncation,3008211,1378030,caught,1,decode
6088,header,939,1,caught,1,decode
6089,payload,1620414,1,SILENT,0,decode
6090,bit_flip,4193095,1,caught,1,decode
6091,random_bytes,1836539,8,caught,1,decode
6092,zeroed_run,1333,2760,caught,1,decode
6093,truncation,2881725,1504516,caught,1,decode
6094,header,424,1,caught,1,decode
6095,payload,315058,1,caught,1,decode
6096,bit_flip,1644966,1,caught,1,decode
6097,random_bytes,2985107,16,caught,1,decode
6098,zeroed_run,4331840,2613,caught,1,decode
6099,truncation,993084,3393157,caught,1,decode
6100,header,665,1,caught,1,decode
6101,payload,172223,1,caught,1,decode
6102,bit_flip,463690,1,caught,1,decode
6103,random_bytes,3406054,1,caught,1,decode
6104,zeroed_run,1379532,2143,caught,1,decode
6105,truncation,536364,3849877,caught,1,decode
6106,header,972,1,caught,1,decode
6107,payload,2629375,1,caught,1,decode
6108,bit_flip,884114,1,caught,1,decode
6109,random_bytes,542275,12,caught,1,decode
6110,zeroed_run,3079644,683,caught,1,decode
6111,truncation,2561702,1824539,caught,1,decode
6112,header,184,1,caught,1,decode
6113,payload,1438898,1,caught,1,decode
6114,bit_flip,3560099,1,caught,1,decode
6115,random_bytes,4314569,16,caught,1,decode
6116,zeroed_run,1225474,393,caught,1,decode
6117,truncation,1728146,2658095,caught,1,decode
6118,header,201,1,caught,1,decode
6119,payload,3494564,1,caught,1,decode
6120,bit_flip,3708315,1,caught,1,decode
6121,random_bytes,3256229,8,caught,1,decode
6122,zeroed_run,324357,1983,caught,1,decode
6123,truncation,1436633,2949608,caught,1,decode
6124,header,329,1,caught,1,decode
6125,payload,2568389,1,SILENT,0,decode
6126,bit_flip,2485534,1,caught,1,decode
6127,random_bytes,1282879,7,caught,1,decode
6128,zeroed_run,563425,2445,caught,1,decode
6129,truncation,647951,3738290,caught,1,decode
6130,header,382,1,caught,1,decode
6131,payload,486807,1,caught,1,decode
6132,bit_flip,2091767,1,caught,1,decode
6133,random_bytes,4253142,12,caught,1,decode
6134,zeroed_run,1509050,378,caught,1,decode
6135,truncation,2591457,1794784,caught,1,decode
6136,header,973,1,caught,1,decode
6137,payload,1478113,1,caught,1,decode
6138,bit_flip,1876281,1,caught,1,decode
6139,random_bytes,3580228,5,SILENT,0,decode
6140,zeroed_run,734019,1224,caught,1,decode
6141,truncation,3073699,1312542,caught,1,decode
6142,header,423,1,caught,1,decode
6143,payload,2801346,1,caught,1,decode
6144,bit_flip,1456651,1,caught,1,decode
6145,random_bytes,3614123,3,caught,1,decode
6146,zeroed_run,1911292,1479,caught,1,decode
6147,truncation,4318272,67969,caught,1,decode
6148,header,512,1,caught,1,decode
6149,payload,3213251,1,caught,1,decode
6150,bit_flip,3739182,1,caught,1,decode
6151,random_bytes,1000109,4,caught,1,decode
6152,zeroed_run,3890552,273,SILENT,0,decode
6153,truncation,2848515,1537726,caught,1,decode
6154,header,731,1,caught,1,decode
6155,payload,3420212,1,caught,1,decode
6156,bit_flip,3612392,1,SILENT,0,decode
6157,random_bytes,3593302,3,SILENT,0,decode
6158,zeroed_run,3283005,3500,caught,1,decode
6159,truncation,2767395,1618846,caught,1,decode
6160,header,95,1,caught,1,decode
6161,payload,1648263,1,caught,1,decode
6162,bit_flip,3361491,1,caught,1,decode
6163,random_bytes,600012,11,caught,1,decode
6164,zeroed_run,3652775,1309,caught,1,decode
6165,truncation,711937,3674304,caught,1,decode
6166,header,5,1,caught,1,decode
6167,payload,4369505,1,caught,1,decode
6168,bit_flip,3183808,1,caught,1,decode
6169,random_bytes,941894,15,caught,1,decode
6170,zeroed_run,60348,1039,caught,1,decode
6171,truncation,3807647,578594,caught,1,decode
6172,header,829,1,harmless,0,decode
6173,payload,569354,1,caught,1,decode
6174,bit_flip,1662974,1,caught,1,decode
6175,random_bytes,3659250,6,caught,1,decode
6176,zeroed_run,1716684,2331,SILENT,0,decode
6177,truncation,943082,3443159,caught,1,decode
6178,header,147,1,caught,1,decode
6179,payload,1537905,1,caught,1,decode
6180,bit_flip,4124168,1,caught,1,decode
6181,random_bytes,2947111,5,caught,1,decode
6182,zeroed_run,3337014,575,caught,1,decode
6183,truncation,983078,3403163,caught,1,decode
6184,header,579,1,caught,1,decode
6185,payload,306602,1,caught,1,decode
6186,bit_flip,3567370,1,caught,1,decode
6187,random_bytes,1770277,3,caught,1,decode
6188,zeroed_run,2391631,156,caught,1,decode
6189,truncation,2524639,1861602,caught,1,decode
6190,header,993,1,caught,1,decode
6191,payload,432591,1,SILENT,0,decode
6192,bit_flip,1417732,1,caught,1,decode
6193,random_bytes,3110241,13,caught,1,decode
6194,zeroed_run,2950077,2320,caught,1,decode
6195,truncation,737550,3648691,caught,1,decode
6196,header,802,1,caught,1,decode
6197,payload,611946,1,caught,1,decode
6198,bit_flip,976917,1,harmless,0,decode
6199,random_bytes,2083764,7,caught,1,decode
6200,zeroed_run,3741965,3240,caught,1,decode
6201,truncation,2069902,2316339,caught,1,decode
6202,header,432,1,caught,1,decode
6203,payload,969403,1,SILENT,0,decode
6204,bit_flip,1750628,1,caught,1,decode
6205,random_bytes,2799364,11,caught,1,decode
6206,zeroed_run,2364009,507,caught,1,decode
6207,truncation,3286749,1099492,caught,1,decode
6208,header,258,1,caught,1,decode
6209,payload,2265940,1,caught,1,decode
6210,bit_flip,3683111,1,caught,1,decode
6211,random_bytes,3486161,14,caught,1,decode
6212,zeroed_run,2337676,429,caught,1,decode
6213,truncation,492089,3894152,caught,1,decode
6214,header,425,1,caught,1,decode
6215,payload,3034194,1,caught,1,decode
6216,bit_flip,2992650,1,caught,1,decode
6217,random_bytes,1897323,4,caught,1,decode
6218,zeroed_run,3438831,1121,caught,1,decode
6219,truncation,4070558,315683,caught,1,decode
6220,header,796,1,SILENT,0,decode
6221,payload,1103441,1,caught,1,decode
6222,bit_flip,3394933,1,caught,1,decode
6223,random_bytes,2990776,10,caught,1,decode
6224,zeroed_run,6121,140,caught,1,decode
6225,truncation,637461,3748780,caught,1,decode
6226,header,391,1,caught,1,decode
6227,payload,2969891,1,caught,1,decode
6228,bit_flip,3950482,1,caught,1,decode
6229,random_bytes,166721,13,caught,1,decode
6230,zeroed_run,2205579,2517,caught,1,decode
6231,truncation,1985480,2400761,caught,1,decode
6232,header,852,1,caught,1,decode
6233,payload,595499,1,caught,1,decode
6234,bit_flip,2936739,1,caught,1,decode
6235,random_bytes,2687769,3,caught,1,decode
6236,zeroed_run,1145043,1721,caught,1,decode
6237,truncation,17826,4368415,caught,1,decode
6238,header,856,1,caught,1,decode
6239,payload,3128786,1,SILENT,0,decode
6240,bit_flip,809116,1,caught,1,decode
6241,random_bytes,3883952,14,SILENT,0,decode
6242,zeroed_run,402766,3128,SILENT,0,decode
6243,truncation,591539,3794702,caught,1,decode
6244,header,659,1,caught,1,decode
6245,payload,506652,1,caught,1,decode
6246,bit_flip,1426538,1,caught,1,decode
6247,random_bytes,4294371,12,caught,1,decode
6248,zeroed_run,3626309,255,caught,1,decode
6249,truncation,2928877,1457364,caught,1,decode
6250,header,593,1,caught,1,decode
6251,payload,2905992,1,caught,1,decode
6252,bit_flip,835767,1,caught,1,decode
6253,random_bytes,2535849,5,caught,1,decode
6254,zeroed_run,632005,183,caught,1,decode
6255,truncation,3287853,1098388,caught,1,decode
6256,header,618,1,caught,1,decode
6257,payload,480293,1,caught,1,decode
6258,bit_flip,394282,1,caught,1,decode
6259,random_bytes,813723,16,caught,1,decode
6260,zeroed_run,4020845,1619,SILENT,0,decode
6261,truncation,3945575,440666,caught,1,decode
6262,header,298,1,caught,1,decode
6263,payload,3197569,1,caught,1,decode
6264,bit_flip,4226909,1,caught,1,decode
6265,random_bytes,2926457,11,caught,1,decode
6266,zeroed_run,1655387,2674,caught,1,decode
6267,truncation,702019,3684222,caught,1,decode
6268,header,716,1,caught,1,decode
6269,payload,254112,1,caught,1,decode
6270,bit_flip,2737402,1,caught,1,decode
6271,random_bytes,629814,5,caught,1,decode
6272,zeroed_run,3438562,2831,caught,1,decode
6273,truncation,3992625,393616,caught,1,decode
6274,header,287,1,caught,1,decode
6275,payload,1104756,1,caught,1,decode
6276,bit_flip,3263610,1,caught,1,decode
6277,random_bytes,1600584,14,caught,1,decode
6278,zeroed_run,1822046,2133,SILENT,0,decode
6279,truncation,1559635,2826606,caught,1,decode
6280,header,341,1,caught,1,decode
6281,payload,1185067,1,caught,1,decode
6282,bit_flip,2946290,1,caught,1,decode
6283,random_bytes,476313,11,caught,1,decode
6284,zeroed_run,2393204,2830,caught,1,decode
6285,truncation,1671359,2714882,caught,1,decode
6286,header,769,1,caught,1,decode
6287,payload,1696968,1,caught,1,decode
6288,bit_flip,3033880,1,SILENT,0,decode
6289,random_bytes,1820324,1,SILENT,0,decode
6290,zeroed_run,3799430,2767,caught,1,decode
6291,truncation,4027733,358508,caught,1,decode
6292,header,816,1,caught,1,decode
6293,payload,1506416,1,caught,1,decode
6294,bit_flip,3188542,1,caught,1,decode
6295,random_bytes,3665839,7,caught,1,decode
6296,zeroed_run,1907312,3244,caught,1,decode
6297,truncation,2851933,1534308,caught,1,decode
6298,header,490,1,caught,1,decode
6299,payload,770056,1,caught,1,decode
6300,bit_flip,1439124,1,caught,1,decode
6301,random_bytes,3139759,16,SILENT,0,decode
6302,zeroed_run,2931713,3720,caught,1,decode
6303,truncation,4164322,221919,caught,1,decode
6304,header,55,1,caught,1,decode
6305,payload,3025419,1,caught,1,decode
6306,bit_flip,2196328,1,caught,1,decode
6307,random_bytes,2020403,7,SILENT,0,decode
6308,zeroed_run,1410202,1632,caught,1,decode
6309,truncation,3580629,805612,caught,1,decode
6310,header,474,1,caught,1,decode
6311,payload,3354853,1,SILENT,0,decode
6312,bit_flip,2069837,1,caught,1,decode
6313,random_bytes,2715068,5,caught,1,decode
6314,zeroed_run,2997748,2984,caught,1,decode
6315,truncation,2433337,1952904,caught,1,decode
6316,header,790,1,caught,1,decode
6317,payload,922751,1,SILENT,0,decode
6318,bit_flip,2368730,1,caught,1,decode
6319,random_bytes,2508082,14,caught,1,decode
6320,zeroed_run,3030151,3464,caught,1,decode
6321,truncation,3827939,558302,caught,1,decode
6322,header,809,1,caught,1,decode
6323,payload,1877390,1,caught,1,decode
6324,bit_flip,3496123,1,caught,1,decode
6325,random_bytes,2017311,7,SILENT,0,decode
6326,zeroed_run,2902892,3206,caught,1,decode
6327,truncation,1851748,2534493,caught,1,decode
6328,header,319,1,caught,1,decode
6329,payload,3473288,1,caught,1,decode
6330,bit_flip,3747370,1,caught,1,decode
6331,random_bytes,809746,16,caught,1,decode
6332,zeroed_run,1499400,1791,caught,1,decode
6333,truncation,403111,3983130,caught,1,decode
6334,header,338,1,caught,1,decode
6335,payload,1682906,1,caught,1,decode
6336,bit_flip,1330076,1,SILENT,0,decode
6337,random_bytes,4175963,9,caught,1,decode
6338,zeroed_run,3846496,1406,caught,1,decode
6339,truncation,3987151,399090,caught,1,decode
6340,header,685,1,caught,1,decode
6341,payload,409192,1,SILENT,0,decode
6342,bit_flip,724671,1,caught,1,decode
6343,random_bytes,2167852,10,caught,1,decode
6344,zeroed_run,2695286,693,caught,1,decode
6345,truncation,369675,4016566,caught,1,decode
6346,header,135,1,caught,1,decode
6347,payload,1770741,1,caught,1,decode
6348,bit_flip,3105795,1,caught,1,decode
6349,random_bytes,739257,14,caught,1,decode
6350,zeroed_run,1015424,822,caught,1,decode
6351,truncation,1421227,2965014,caught,1,decode
6352,header,220,1,SILENT,0,decode
6353,payload,384461,1,caught,1,decode
6354,bit_flip,3733849,1,caught,1,decode
6355,random_bytes,3232901,14,caught,1,decode
6356,zeroed_run,3597290,1349,SILENT,0,decode
6357,truncation,2652530,1733711,caught,1,decode
6358,header,977,1,caught,1,decode
6359,payload,1875163,1,caught,1,decode
6360,bit_flip,1565537,1,caught,1,decode
6361,random_bytes,1842583,4,caught,1,decode
6362,zeroed_run,1959627,3606,caught,1,decode
6363,truncation,1056077,3330164,caught,1,decode
6364,header,95,1,caught,1,decode
6365,payload,3255291,1,caught,1,decode
6366,bit_flip,1656404,1,caught,1,decode
6367,random_bytes,4057200,12,caught,1,decode
6368,zeroed_run,1418640,351,caught,1,decode
6369,truncation,1500388,2885853,caught,1,decode
6370,header,763,1,caught,1,decode
6371,payload,4022905,1,SILENT,0,decode
6372,bit_flip,3917250,1,caught,1,decode
6373,random_bytes,3733027,3,caught,1,decode
6374,zeroed_run,3457921,2264,caught,1,decode
6375,truncation,111333,4274908,caught,1,decode
6376,header,273,1,caught,1,decode
6377,payload,3764031,1,caught,1,decode
6378,bit_flip,2978514,1,caught,1,decode
6379,random_bytes,971179,1,SILENT,0,decode
6380,zeroed_run,2393415,3079,caught,1,decode
6381,truncation,1566635,2819606,caught,1,decode
6382,header,690,1,caught,1,decode
6383,payload,2251177,1,caught,1,decode
6384,bit_flip,2709094,1,caught,1,decode
6385,random_bytes,4135513,10,caught,1,decode
6386,zeroed_run,941664,1517,caught,1,decode
6387,truncation,4223930,162311,caught,1,decode
6388,header,315,1,caught,1,decode
6389,payload,3647518,1,caught,1,decode
6390,bit_flip,4010207,1,caught,1,decode
6391,random_bytes,1970442,11,caught,1,decode
6392,zeroed_run,3039040,2835,caught,1,decode
6393,truncation,635105,3751136,caught,1,decode
6394,header,450,1,caught,1,decode
6395,payload,2556455,1,caught,1,decode
6396,bit_flip,3974948,1,caught,1,decode
6397,random_bytes,4344911,6,caught,1,decode
6398,zeroed_run,3572079,3529,caught,1,decode
6399,truncation,2211409,2174832,caught,1,decode
6400,header,834,1,caught,1,decode
6401,payload,190076,1,SILENT,0,decode
6402,bit_flip,1957046,1,caught,1,decode
6403,random_bytes,1421781,8,caught,1,decode
6404,zeroed_run,2831858,223,caught,1,decode
6405,truncation,891864,3494377,caught,1,decode
6406,header,167,1,caught,1,decode
6407,payload,2814722,1,caught,1,decode
6408,bit_flip,3543926,1,caught,1,decode
6409,random_bytes,2645073,12,caught,1,decode
6410,zeroed_run,1198825,2087,SILENT,0,decode
6411,truncation,454030,3932211,caught,1,decode
6412,header,54,1,caught,1,decode
6413,payload,897123,1,caught,1,decode
6414,bit_flip,1668204,1,caught,1,decode
6415,random_bytes,4134937,9,caught,1,decode
6416,zeroed_run,2610211,1587,caught,1,decode
6417,truncation,188813,4197428,caught,1,decode
6418,header,664,1,caught,1,decode
6419,payload,3113756,1,caught,1,decode
6420,bit_flip,3772650,1,caught,1,decode
6421,random_bytes,1288236,2,caught,1,decode
6422,zeroed_run,3356164,2554,caught,1,decode
6423,truncation,3023089,1363152,caught,1,decode
6424,header,467,1,caught,1,decode
6425,payload,1813531,1,caught,1,decode
6426,bit_flip,1530366,1,caught,1,decode
6427,random_bytes,1324694,9,caught,1,decode
6428,zeroed_run,278900,3732,caught,1,decode
6429,truncation,755101,3631140,caught,1,decode
6430,header,152,1,caught,1,decode
6431,payload,492825,1,caught,1,decode
6432,bit_flip,3354625,1,caught,1,decode
6433,random_bytes,1304608,11,caught,1,decode
6434,zeroed_run,3107196,1178,caught,1,decode
6435,truncation,2920261,1465980,caught,1,decode
6436,header,213,1,caught,1,decode
6437,payload,572077,1,caught,1,decode
6438,bit_flip,1055652,1,caught,1,decode
6439,random_bytes,1058097,9,caught,1,decode
6440,zeroed_run,3000204,2892,caught,1,decode
6441,truncation,3836663,549578,caught,1,decode
6442,header,806,1,caught,1,decode
6443,payload,119693,1,caught,1,decode
6444,bit_flip,3130279,1,SILENT,0,decode
6445,random_bytes,4202884,9,caught,1,decode
6446,zeroed_run,4207965,4017,caught,1,decode
6447,truncation,1114360,3271881,caught,1,decode
6448,header,442,1,caught,1,decode
6449,payload,4261052,1,caught,1,decode
6450,bit_flip,966966,1,SILENT,0,decode
6451,random_bytes,3455025,8,caught,1,decode
6452,zeroed_run,877517,158,caught,1,decode
6453,truncation,3571784,814457,caught,1,decode
6454,header,313,1,caught,1,decode
6455,payload,4064193,1,caught,1,decode
6456,bit_flip,2810424,1,caught,1,decode
6457,random_bytes,2290679,4,caught,1,decode
6458,zeroed_run,3210495,2147,caught,1,decode
6459,truncation,2126960,2259281,caught,1,decode
6460,header,320,1,caught,1,decode
6461,payload,629275,1,caught,1,decode
6462,bit_flip,808989,1,caught,1,decode
6463,random_bytes,2691755,1,caught,1,decode
6464,zeroed_run,3783982,609,caught,1,decode
6465,truncation,1307832,3078409,caught,1,decode
6466,header,27,1,caught,1,decode
6467,payload,520310,1,caught,1,decode
6468,bit_flip,416426,1,SILENT,0,decode
6469,random_bytes,3521382,12,caught,1,decode
6470,zeroed_run,1224701,227,caught,1,decode
6471,truncation,50448,4335793,caught,1,decode
6472,header,98,1,caught,1,decode
6473,payload,772559,1,caught,1,decode
6474,bit_flip,1569580,1,caught,1,decode
6475,random_bytes,4308218,13,caught,1,decode
6476,zeroed_run,1735455,1364,caught,1,decode
6477,truncation,3649789,736452,caught,1,decode
6478,header,863,1,caught,1,decode
6479,payload,3089742,1,caught,1,decode
6480,bit_flip,2595872,1,caught,1,decode
6481,random_bytes,2413581,4,caught,1,decode
6482,zeroed_run,247351,3633,caught,1,decode
6483,truncation,622437,3763804,caught,1,decode
6484,header,676,1,harmless,0,decode
6485,payload,301745,1,caught,1,decode
6486,bit_flip,2388059,1,caught,1,decode
6487,random_bytes,502386,15,caught,1,decode
6488,zeroed_run,3530867,2626,caught,1,decode
6489,truncation,263735,4122506,caught,1,decode
6490,header,19,1,caught,1,decode
6491,payload,1383626,1,caught,1,decode
6492,bit_flip,2607254,1,caught,1,decode
6493,random_bytes,1281785,9,caught,1,decode
6494,zeroed_run,2420815,3058,caught,1,decode
6495,truncation,3455991,930250,caught,1,decode
6496,header,427,1,caught,1,decode
6497,payload,3793051,1,caught,1,decode
6498,bit_flip,941265,1,caught,1,decode
6499,random_bytes,1810918,5,caught,1,decode
6500,zeroed_run,3824024,1656,caught,1,decode
6501,truncation,2977472,1408769,caught,1,decode
6502,header,216,1,caught,1,decode
6503,payload,4295995,1,caught,1,decode
6504,bit_flip,697680,1,caught,1,decode
6505,random_bytes,2091189,7,caught,1,decode
6506,zeroed_run,2218172,1237,caught,1,decode
6507,truncation,690911,3695330,caught,1,decode
6508,header,405,1,caught,1,decode
6509,payload,3618022,1,caught,1,decode
6510,bit_flip,826916,1,caught,1,decode
6511,random_bytes,1697895,16,caught,1,decode
6512,zeroed_run,2482793,2347,caught,1,decode
6513,truncation,3412037,974204,caught,1,decode
6514,header,851,1,caught,1,decode
6515,payload,2105418,1,caught,1,decode
6516,bit_flip,2713295,1,caught,1,decode
6517,random_bytes,2232438,10,caught,1,decode
6518,zeroed_run,3833857,2463,caught,1,decode
6519,truncation,3257690,1128551,caught,1,decode
6520,header,700,1,harmless,0,decode
6521,payload,3237438,1,caught,1,decode
6522,bit_flip,234481,1,caught,1,decode
6523,random_bytes,2313869,15,caught,1,decode
6524,zeroed_run,3660627,1358,caught,1,decode
6525,truncation,756791,3629450,caught,1,decode
6526,header,505,1,caught,1,decode
6527,payload,767323,1,caught,1,decode
6528,bit_flip,276654,1,caught,1,decode
6529,random_bytes,3741858,9,caught,1,decode
6530,zeroed_run,3654942,1512,caught,1,decode
6531,truncation,3988467,397774,caught,1,decode
6532,header,745,1,caught,1,decode
6533,payload,2683164,1,caught,1,decode
6534,bit_flip,1174919,1,caught,1,decode
6535,random_bytes,2203181,1,caught,1,decode
6536,zeroed_run,2872794,3065,caught,1,decode
6537,truncation,3953116,433125,caught,1,decode
6538,header,333,1,caught,1,decode
6539,payload,3563580,1,caught,1,decode
6540,bit_flip,1294115,1,caught,1,decode
6541,random_bytes,2635234,12,caught,1,decode
6542,zeroed_run,1586305,3895,caught,1,decode
6543,truncation,1591626,2794615,caught,1,decode
6544,header,470,1,caught,1,decode
6545,payload,1517545,1,caught,1,decode
6546,bit_flip,2838539,1,caught,1,decode
6547,random_bytes,4051126,10,caught,1,decode
6548,zeroed_run,1627455,938,caught,1,decode
6549,truncation,660917,3725324,caught,1,decode
6550,header,513,1,caught,1,decode
6551,payload,3443744,1,caught,1,decode
6552,bit_flip,1742116,1,caught,1,decode
6553,random_bytes,1318270,13,caught,1,decode
6554,zeroed_run,541650,3436,caught,1,decode
6555,truncation,3099229,1287012,caught,1,decode
6556,header,490,1,caught,1,decode
6557,payload,2965057,1,caught,1,decode
6558,bit_flip,151197,1,caught,1,decode
6559,random_bytes,434059,2,SILENT,0,decode
6560,zeroed_run,261280,857,caught,1,decode
6561,truncation,3824410,561831,caught,1,decode
6562,header,1002,1,caught,1,decode
6563,payload,2585931,1,caught,1,decode
6564,bit_flip,2362546,1,caught,1,decode
6565,random_bytes,4117647,12,caught,1,decode
6566,zeroed_run,3203442,2678,caught,1,decode
6567,truncation,3177812,1208429,caught,1,decode
6568,header,832,1,caught,1,decode
6569,payload,2946827,1,caught,1,decode
6570,bit_flip,1519318,1,caught,1,decode
6571,random_bytes,648946,8,caught,1,decode
6572,zeroed_run,4021467,2886,SILENT,0,decode
6573,truncation,3931828,454413,caught,1,decode
6574,header,931,1,caught,1,decode
6575,payload,4384815,1,caught,1,decode
6576,bit_flip,1046362,1,caught,1,decode
6577,random_bytes,3990348,14,caught,1,decode
6578,zeroed_run,3880040,877,SILENT,0,decode
6579,truncation,1219290,3166951,caught,1,decode
6580,header,459,1,caught,1,decode
6581,payload,1204472,1,SILENT,0,decode
6582,bit_flip,3505184,1,caught,1,decode
6583,random_bytes,633754,3,caught,1,decode
6584,zeroed_run,1464747,1609,caught,1,decode
6585,truncation,202541,4183700,caught,1,decode
6586,header,437,1,caught,1,decode
6587,payload,542442,1,caught,1,decode
6588,bit_flip,2128444,1,caught,1,decode
6589,random_bytes,752128,8,caught,1,decode
6590,zeroed_run,2018670,1471,SILENT,0,decode
6591,truncation,1707760,2678481,caught,1,decode
6592,header,639,1,caught,1,decode
6593,payload,3019152,1,caught,1,decode
6594,bit_flip,3738215,1,caught,1,decode
6595,random_bytes,259062,7,caught,1,decode
6596,zeroed_run,612993,390,caught,1,decode
6597,truncation,2511065,1875176,caught,1,decode
6598,header,224,1,caught,1,decode
6599,payload,2353886,1,caught,1,decode
6600,bit_flip,2629310,1,caught,1,decode
6601,random_bytes,3319657,2,SILENT,0,decode
6602,zeroed_run,1702207,3556,caught,1,decode
6603,truncation,4346331,39910,caught,1,decode
6604,header,80,1,caught,1,decode
6605,payload,897418,1,caught,1,decode
6606,bit_flip,3777758,1,caught,1,decode
6607,random_bytes,1171691,1,caught,1,decode
6608,zeroed_run,3631014,483,caught,1,decode
6609,truncation,3927880,458361,caught,1,decode
6610,header,265,1,caught,1,decode
6611,payload,3305120,1,caught,1,decode
6612,bit_flip,1151708,1,caught,1,decode
6613,random_bytes,2413357,3,caught,1,decode
6614,zeroed_run,3765261,2193,caught,1,decode
6615,truncation,1887660,2498581,caught,1,decode
6616,header,845,1,caught,1,decode
6617,payload,2789607,1,caught,1,decode
6618,bit_flip,3094093,1,caught,1,decode
6619,random_bytes,3849165,11,caught,1,decode
6620,zeroed_run,802806,2990,caught,1,decode
6621,truncation,1462858,2923383,caught,1,decode
6622,header,344,1,caught,1,decode
6623,payload,4297626,1,caught,1,decode
6624,bit_flip,279884,1,caught,1,decode
6625,random_bytes,552360,10,caught,1,decode
6626,zeroed_run,1001801,1420,caught,1,decode
6627,truncation,3937942,448299,caught,1,decode
6628,header,340,1,harmless,0,decode
6629,payload,174619,1,caught,1,decode
6630,bit_flip,2247848,1,caught,1,decode
6631,random_bytes,945318,2,caught,1,decode
6632,zeroed_run,1636009,2016,caught,1,decode
6633,truncation,2878536,1507705,caught,1,decode
6634,header,741,1,SILENT,0,decode
6635,payload,2538213,1,caught,1,decode
6636,bit_flip,129305,1,caught,1,decode
6637,random_bytes,3799861,12,caught,1,decode
6638,zeroed_run,3844811,3145,caught,1,decode
6639,truncation,3747327,638914,caught,1,decode
6640,header,489,1,caught,1,decode
6641,payload,3666364,1,caught,1,decode
6642,bit_flip,645858,1,caught,1,decode
6643,random_bytes,4265880,16,caught,1,decode
6644,zeroed_run,3219078,2015,caught,1,decode
6645,truncation,842804,3543437,caught,1,decode
6646,header,228,1,SILENT,0,decode
6647,payload,1527735,1,caught,1,decode
6648,bit_flip,2182434,1,caught,1,decode
6649,random_bytes,187945,12,SILENT,0,decode
6650,zeroed_run,3177771,1136,caught,1,decode
6651,truncation,2384470,2001771,caught,1,decode
6652,header,371,1,caught,1,decode
6653,payload,2812600,1,caught,1,decode
6654,bit_flip,3450663,1,caught,1,decode
6655,random_bytes,1488996,9,caught,1,decode
6656,zeroed_run,789935,502,caught,1,decode
6657,truncation,2230752,2155489,caught,1,decode
6658,header,505,1,caught,1,decode
6659,payload,4033160,1,caught,1,decode
6660,bit_flip,3603424,1,SILENT,0,decode
6661,random_bytes,1410496,8,caught,1,decode
6662,zeroed_run,1840934,2797,caught,1,decode
6663,truncation,3402266,983975,caught,1,decode
6664,header,374,1,caught,1,decode
6665,payload,732040,1,caught,1,decode
6666,bit_flip,619889,1,caught,1,decode
6667,random_bytes,4215143,2,caught,1,decode
6668,zeroed_run,3302281,3915,caught,1,decode
6669,truncation,2148135,2238106,caught,1,decode
6670,header,646,1,SILENT,0,decode
6671,payload,4073060,1,SILENT,0,decode
6672,bit_flip,2782215,1,caught,1,decode
6673,random_bytes,4313921,12,caught,1,decode
6674,zeroed_run,3430465,2097,caught,1,decode
6675,truncation,88789,4297452,caught,1,decode
6676,header,346,1,caught,1,decode
6677,payload,2387683,1,caught,1,decode
6678,bit_flip,3845622,1,caught,1,decode
6679,random_bytes,2781393,11,caught,1,decode
6680,zeroed_run,3607612,273,SILENT,0,decode
6681,truncation,4312419,73822,caught,1,decode
6682,header,913,1,caught,1,decode
6683,payload,3969466,1,caught,1,decode
6684,bit_flip,2759644,1,caught,1,decode
6685,random_bytes,3633681,4,caught,1,decode
6686,zeroed_run,4254179,397,caught,1,decode
6687,truncation,4210031,176210,caught,1,decode
6688,header,173,1,caught,1,decode
6689,payload,2793242,1,caught,1,decode
6690,bit_flip,1344324,1,caught,1,decode
6691,random_bytes,435315,1,caught,1,decode
6692,zeroed_run,441901,1029,caught,1,decode
6693,truncation,356937,4029304,caught,1,decode
6694,header,305,1,caught,1,decode
6695,payload,2273030,1,caught,1,decode
6696,bit_flip,2555415,1,caught,1,decode
6697,random_bytes,1917599,6,caught,1,decode
6698,zeroed_run,1215662,2368,caught,1,decode
6699,truncation,739710,3646531,caught,1,decode
6700,header,215,1,caught,1,decode
6701,payload,2046156,1,caught,1,decode
6702,bit_flip,2522971,1,caught,1,decode
6703,random_bytes,1543437,14,caught,1,decode
6704,zeroed_run,4024123,1902,SILENT,0,decode
6705,truncation,1269626,3116615,caught,1,decode
6706,header,249,1,caught,1,decode
6707,payload,1456720,1,caught,1,decode
6708,bit_flip,1716424,1,SILENT,0,decode
6709,random_bytes,2239840,9,caught,1,decode
6710,zeroed_run,823736,1571,caught,1,decode
6711,truncation,2554738,1831503,caught,1,decode
6712,header,388,1,SILENT,0,decode
6713,payload,634119,1,caught,1,decode
6714,bit_flip,534897,1,caught,1,decode
6715,random_bytes,3729071,5,caught,1,decode
6716,zeroed_run,1007908,1797,caught,1,decode
6717,truncation,1741352,2644889,caught,1,decode
6718,header,1008,1,caught,1,decode
6719,payload,1119060,1,caught,1,decode
6720,bit_flip,2849106,1,caught,1,decode
6721,random_bytes,3905470,16,caught,1,decode
6722,zeroed_run,99778,1378,caught,1,decode
6723,truncation,3272210,1114031,caught,1,decode
6724,header,510,1,caught,1,decode
6725,payload,2703251,1,caught,1,decode
6726,bit_flip,1245191,1,caught,1,decode
6727,random_bytes,3755368,4,caught,1,decode
6728,zeroed_run,128916,3180,caught,1,decode
6729,truncation,3231836,1154405,caught,1,decode
6730,header,514,1,caught,1,decode
6731,payload,3971315,1,caught,1,decode
6732,bit_flip,3346018,1,caught,1,decode
6733,random_bytes,820518,15,caught,1,decode
6734,zeroed_run,2477816,3457,caught,1,decode
6735,truncation,2335202,2051039,caught,1,decode
6736,header,287,1,caught,1,decode
6737,payload,1530499,1,caught,1,decode
6738,bit_flip,3012722,1,caught,1,decode
6739,random_bytes,860860,9,caught,1,decode
6740,zeroed_run,2682473,1215,caught,1,decode
6741,truncation,920223,3466018,caught,1,decode
6742,header,921,1,caught,1,decode
6743,payload,4072077,1,SILENT,0,decode
6744,bit_flip,3456929,1,caught,1,decode
6745,random_bytes,3306397,16,caught,1,decode
6746,zeroed_run,3948815,245,caught,1,decode
6747,truncation,70125,4316116,caught,1,decode
6748,header,502,1,caught,1,decode
6749,payload,375294,1,caught,1,decode
6750,bit_flip,581113,1,caught,1,decode
6751,random_bytes,1933573,2,caught,1,decode
6752,zeroed_run,2021331,1410,caught,1,decode
6753,truncation,925299,3460942,caught,1,decode
6754,header,366,1,caught,1,decode
6755,payload,1560568,1,caught,1,decode
6756,bit_flip,67210,1,caught,1,decode
6757,random_bytes,2303563,2,caught,1,decode
6758,zeroed_run,3713141,3101,caught,1,decode
6759,truncation,2440803,1945438,caught,1,decode
6760,header,580,1,SILENT,0,decode
6761,payload,4036366,1,caught,1,decode
6762,bit_flip,2917668,1,caught,1,decode
6763,random_bytes,1918284,11,caught,1,decode
6764,zeroed_run,2504994,3678,caught,1,decode
6765,truncation,4200160,186081,caught,1,decode
6766,header,152,1,caught,1,decode
6767,payload,4182165,1,caught,1,decode
6768,bit_flip,1131648,1,caught,1,decode
6769,random_bytes,2669205,7,caught,1,decode
6770,zeroed_run,687392,1262,caught,1,decode
6771,truncation,1014839,3371402,caught,1,decode
6772,header,465,1,caught,1,decode
6773,payload,1451358,1,caught,1,decode
6774,bit_flip,2326279,1,caught,1,decode
6775,random_bytes,1392694,15,caught,1,decode
6776,zeroed_run,3499741,3840,caught,1,decode
6777,truncation,3159823,1226418,caught,1,decode
6778,header,158,1,caught,1,decode
6779,payload,681415,1,caught,1,decode
6780,bit_flip,2493409,1,caught,1,decode
6781,random_bytes,2618403,9,caught,1,decode
6782,zeroed_run,970586,2840,SILENT,0,decode
6783,truncation,856723,3529518,caught,1,decode
6784,header,212,1,caught,1,decode
6785,payload,1357686,1,caught,1,decode
6786,bit_flip,2015002,1,SILENT,0,decode
6787,random_bytes,2881567,16,caught,1,decode
6788,zeroed_run,3842863,2110,caught,1,decode
6789,truncation,2015694,2370547,caught,1,decode
6790,header,118,1,caught,1,decode
6791,payload,4244530,1,caught,1,decode
6792,bit_flip,2178211,1,caught,1,decode
6793,random_bytes,2465048,4,caught,1,decode
6794,zeroed_run,2936609,2692,caught,1,decode
6795,truncation,3586078,800163,caught,1,decode
6796,header,896,1,caught,1,decode
6797,payload,3700408,1,caught,1,decode
6798,bit_flip,3915398,1,caught,1,decode
6799,random_bytes,2581108,16,SILENT,0,decode
6800,zeroed_run,2224557,2020,caught,1,decode
6801,truncation,2097837,2288404,caught,1,decode
6802,header,24,1,caught,1,decode
6803,payload,4177074,1,caught,1,decode
6804,bit_flip,373259,1,caught,1,decode
6805,random_bytes,2336042,16,caught,1,decode
6806,zeroed_run,732118,1156,caught,1,decode
6807,truncation,1327021,3059220,caught,1,decode
6808,header,733,1,SILENT,0,decode
6809,payload,2696999,1,caught,1,decode
6810,bit_flip,3376974,1,caught,1,decode
6811,random_bytes,1372779,13,caught,1,decode
6812,zeroed_run,2853525,3620,caught,1,decode
6813,truncation,1754913,2631328,caught,1,decode
6814,header,327,1,caught,1,decode
6815,payload,2925153,1,caught,1,decode
6816,bit_flip,2145007,1,caught,1,decode
6817,random_bytes,3902151,4,caught,1,decode
6818,zeroed_run,583597,2417,caught,1,decode
6819,truncation,3280062,1106179,caught,1,decode
6820,header,936,1,caught,1,decode
6821,payload,1724782,1,SILENT,0,decode
6822,bit_flip,614253,1,caught,1,decode
6823,random_bytes,2232283,6,caught,1,decode
6824,zeroed_run,1601653,1724,caught,1,decode
6825,truncation,2001111,2385130,caught,1,decode
6826,header,1017,1,caught,1,decode
6827,payload,867245,1,caught,1,decode
6828,bit_flip,795787,1,caught,1,decode
6829,random_bytes,2359807,8,caught,1,decode
6830,zeroed_run,229097,1865,caught,1,decode
6831,truncation,4134161,252080,caught,1,decode
6832,header,926,1,SILENT,0,decode
6833,payload,3960335,1,caught,1,decode
6834,bit_flip,2959024,1,caught,1,decode
6835,random_bytes,4050088,7,caught,1,decode
6836,zeroed_run,1743298,1773,caught,1,decode
6837,truncation,831,4385410,caught,1,decode
6838,header,620,1,caught,1,decode
6839,payload,1526013,1,caught,1,decode
6840,bit_flip,1773090,1,caught,1,decode
6841,random_bytes,3511436,4,caught,1,decode
6842,zeroed_run,3520824,2515,caught,1,decode
6843,truncation,401081,3985160,caught,1,decode
6844,header,245,1,caught,1,decode
6845,payload,303906,1,caught,1,decode
6846,bit_flip,1314115,1,caught,1,decode
6847,random_bytes,2445291,7,caught,1,decode
6848,zeroed_run,1057410,1113,caught,1,decode
6849,truncation,4004988,381253,caught,1,decode
6850,header,787,1,caught,1,decode
6851,payload,2185963,1,caught,1,decode
6852,bit_flip,4171852,1,caught,1,decode
6853,random_bytes,426083,10,SILENT,0,decode
6854,zeroed_run,2685527,2045,caught,1,decode
6855,truncation,3773232,613009,caught,1,decode
6856,header,39,1,caught,1,decode
6857,payload,363110,1,caught,1,decode
6858,bit_flip,3193827,1,caught,1,decode
6859,random_bytes,3501553,3,caught,1,decode
6860,zeroed_run,3287406,1078,caught,1,decode
6861,truncation,2203118,2183123,caught,1,decode
6862,header,20,1,SILENT,0,decode
6863,payload,4328015,1,caught,1,decode
6864,bit_flip,1841921,1,caught,1,decode
6865,random_bytes,3996299,16,caught,1,decode
6866,zeroed_run,2977182,2053,caught,1,decode
6867,truncation,2872011,1514230,caught,1,decode
6868,header,109,1,caught,1,decode
6869,payload,2532196,1,caught,1,decode
6870,bit_flip,2040094,1,caught,1,decode
6871,random_bytes,2685493,13,caught,1,decode
6872,zeroed_run,1610034,2189,SILENT,0,decode
6873,truncation,843053,3543188,caught,1,decode
6874,header,735,1,caught,1,decode
6875,payload,3027476,1,caught,1,decode
6876,bit_flip,2126637,1,caught,1,decode
6877,random_bytes,1052212,9,caught,1,decode
6878,zeroed_run,378137,1005,caught,1,decode
6879,truncation,1615180,2771061,caught,1,decode
6880,header,1007,1,caught,1,decode
6881,payload,1568990,1,caught,1,decode
6882,bit_flip,3663473,1,caught,1,decode
6883,random_bytes,4316669,10,caught,1,decode
6884,zeroed_run,3799395,1615,caught,1,decode
6885,truncation,2262433,2123808,caught,1,decode
6886,header,571,1,caught,1,decode
6887,payload,3638227,1,caught,1,decode
6888,bit_flip,1127499,1,caught,1,decode
6889,random_bytes,4212384,8,caught,1,decode
6890,zeroed_run,3832323,2936,caught,1,decode
6891,truncation,2333169,2053072,caught,1,decode
6892,header,130,1,caught,1,decode
6893,payload,2903106,1,caught,1,decode
6894,bit_flip,2581435,1,SILENT,0,decode
6895,random_bytes,410158,8,SILENT,0,decode
6896,zeroed_run,1823688,2967,SILENT,0,decode
6897,truncation,2832812,1553429,caught,1,decode
6898,header,665,1,caught,1,decode
6899,payload,3780940,1,caught,1,decode
6900,bit_flip,631962,1,caught,1,decode
6901,random_bytes,3509816,16,caught,1,decode
6902,zeroed_run,1858614,258,SILENT,0,decode
6903,truncation,1752337,2633904,caught,1,decode
6904,header,454,1,SILENT,0,decode
6905,payload,884599,1,caught,1,decode
6906,bit_flip,3770156,1,caught,1,decode
6907,random_bytes,3496136,14,caught,1,decode
6908,zeroed_run,2529063,2023,caught,1,decode
6909,truncation,3438663,947578,caught,1,decode
6910,header,798,1,caught,1,decode
6911,payload,1409623,1,caught,1,decode
6912,bit_flip,2749231,1,caught,1,decode
6913,random_bytes,4241793,11,caught,1,decode
6914,zeroed_run,1226533,699,caught,1,decode
6915,truncation,4208142,178099,caught,1,decode
6916,header,971,1,caught,1,decode
6917,payload,1766363,1,caught,1,decode
6918,bit_flip,1174060,1,caught,1,decode
6919,random_bytes,2186451,6,caught,1,decode
6920,zeroed_run,3269161,2758,caught,1,decode
6921,truncation,3431662,954579,caught,1,decode
6922,header,234,1,caught,1,decode
6923,payload,1983126,1,caught,1,decode
6924,bit_flip,1936494,1,caught,1,decode
6925,random_bytes,1026371,2,caught,1,decode
6926,zeroed_run,3228113,2695,caught,1,decode
6927,truncation,454040,3932201,caught,1,decode
6928,header,885,1,caught,1,decode
6929,payload,1823871,1,SILENT,0,decode
6930,bit_flip,1455412,1,caught,1,decode
6931,random_bytes,149515,15,caught,1,decode
6932,zeroed_run,2479007,2471,caught,1,decode
6933,truncation,3063383,1322858,caught,1,decode
6934,header,805,1,SILENT,0,decode
6935,payload,622657,1,caught,1,decode
6936,bit_flip,3636381,1,caught,1,decode
6937,random_bytes,66783,13,caught,1,decode
6938,zeroed_run,1693711,1009,caught,1,decode
6939,truncation,1992118,2394123,caught,1,decode
6940,header,204,1,caught,1,decode
6941,payload,2408874,1,caught,1,decode
6942,bit_flip,3580357,1,SILENT,0,decode
6943,random_bytes,1732925,8,caught,1,decode
6944,zeroed_run,3618874,2782,caught,1,decode
6945,truncation,804147,3582094,caught,1,decode
6946,header,928,1,caught,1,decode
6947,payload,3765682,1,caught,1,decode
6948,bit_flip,4338357,1,caught,1,decode
6949,random_bytes,3329623,6,SILENT,0,decode
6950,zeroed_run,692118,496,caught,1,decode
6951,truncation,2915885,1470356,caught,1,decode
6952,header,892,1,SILENT,0,decode
6953,payload,1148446,1,caught,1,decode
6954,bit_flip,2646034,1,caught,1,decode
6955,random_bytes,13088,2,caught,1,decode
6956,zeroed_run,339372,2856,caught,1,decode
6957,truncation,1253876,3132365,caught,1,decode
6958,header,879,1,caught,1,decode
6959,payload,3022068,1,caught,1,decode
6960,bit_flip,2448766,1,caught,1,decode
6961,random_bytes,3222043,4,caught,1,decode
6962,zeroed_run,1148357,2825,caught,1,decode
6963,truncation,2397260,1988981,caught,1,decode
6964,header,875,1,caught,1,decode
6965,payload,1806073,1,caught,1,decode
6966,bit_flip,211697,1,caught,1,decode
6967,random_bytes,3315640,13,caught,1,decode
6968,zeroed_run,2065928,3349,caught,1,decode
6969,truncation,529981,3856260,caught,1,decode
6970,header,507,1,caught,1,decode
6971,payload,2982356,1,caught,1,decode
6972,bit_flip,283177,1,caught,1,decode
6973,random_bytes,3371135,13,caught,1,decode
6974,zeroed_run,2062507,1879,caught,1,decode
6975,truncation,568183,3818058,caught,1,decode
6976,header,86,1,caught,1,decode
6977,payload,1038982,1,caught,1,decode
6978,bit_flip,118963,1,caught,1,decode
6979,random_bytes,3269377,2,caught,1,decode
6980,zeroed_run,4382373,850,caught,1,decode
6981,truncation,2364726,2021515,caught,1,decode
6982,header,621,1,caught,1,decode
6983,payload,2948026,1,caught,1,decode
6984,bit_flip,3459874,1,caught,1,decode
6985,random_bytes,3691127,15,caught,1,decode
6986,zeroed_run,1544539,1828,caught,1,decode
6987,truncation,807909,3578332,caught,1,decode
6988,header,908,1,caught,1,decode
6989,payload,3457379,1,caught,1,decode
6990,bit_flip,4179960,1,caught,1,decode
6991,random_bytes,3106583,2,caught,1,decode
6992,zeroed_run,3066980,228,caught,1,decode
6993,truncation,3289391,1096850,caught,1,decode
6994,header,334,1,caught,1,decode
6995,payload,4221436,1,caught,1,decode
6996,bit_flip,4313091,1,caught,1,decode
6997,random_bytes,3409873,9,caught,1,decode
6998,zeroed_run,1905057,3787,caught,1,decode
6999,truncation,922723,3463518,caught,1,decode
7000,header,814,1,caught,1,decode
7001,payload,1811763,1,caught,1,decode
7002,bit_flip,2536892,1,caught,1,decode
7003,random_bytes,2010813,11,SILENT,0,decode
7004,zeroed_run,2281592,125,caught,1,decode
7005,truncation,2245205,2141036,caught,1,decode
7006,header,845,1,caught,1,decode
7007,payload,1474634,1,caught,1,decode
7008,bit_flip,4101485,1,SILENT,0,decode
7009,random_bytes,4230269,8,caught,1,decode
7010,zeroed_run,1463541,97,caught,1,decode
7011,truncation,631248,3754993,caught,1,decode
7012,header,720,1,caught,1,decode
7013,payload,3801597,1,caught,1,decode
7014,bit_flip,2943909,1,caught,1,decode
7015,random_bytes,4046736,12,caught,1,decode
7016,zeroed_run,2456910,963,caught,1,decode
7017,truncation,1734834,2651407,caught,1,decode
7018,header,365,1,caught,1,decode
7019,payload,3925540,1,caught,1,decode
7020,bit_flip,4205546,1,caught,1,decode
7021,random_bytes,2831696,10,caught,1,decode
7022,zeroed_run,81507,1146,caught,1,decode
7023,truncation,2713615,1672626,caught,1,decode
7024,header,992,1,caught,1,decode
7025,payload,3028327,1,caught,1,decode
7026,bit_flip,2391142,1,caught,1,decode
7027,random_bytes,3641353,16,caught,1,decode
7028,zeroed_run,404674,3366,SILENT,0,decode
7029,truncation,168609,4217632,caught,1,decode
7030,header,748,1,caught,1,decode
7031,payload,3299726,1,caught,1,decode
7032,bit_flip,3062609,1,caught,1,decode
7033,random_bytes,2231411,14,caught,1,decode
7034,zeroed_run,760024,1695,caught,1,decode
7035,truncation,3801812,584429,caught,1,decode
7036,header,426,1,caught,1,decode
7037,payload,2363929,1,caught,1,decode
7038,bit_flip,2051741,1,caught,1,decode
7039,random_bytes,3810559,5,caught,1,decode
7040,zeroed_run,1518685,2689,caught,1,decode
7041,truncation,3898166,488075,caught,1,decode
7042,header,692,1,harmless,0,decode
7043,payload,4334261,1,caught,1,decode
7044,bit_flip,2755013,1,caught,1,decode
7045,random_bytes,896878,16,caught,1,decode
7046,zeroed_run,1867212,3458,caught,1,decode
7047,truncation,1426173,2960068,caught,1,decode
7048,header,169,1,caught,1,decode
7049,payload,2117276,1,caught,1,decode
7050,bit_flip,2008830,1,SILENT,0,decode
7051,random_bytes,213228,12,caught,1,decode
7052,zeroed_run,3590049,1105,SILENT,0,decode
7053,truncation,132612,4253629,caught,1,decode
7054,header,275,1,caught,1,decode
7055,payload,1080020,1,caught,1,decode
7056,bit_flip,127705,1,caught,1,decode
7057,random_bytes,4098775,9,caught,1,decode
7058,zeroed_run,1112533,1028,caught,1,decode
7059,truncation,3830341,555900,caught,1,decode
7060,header,900,1,SILENT,0,decode
7061,payload,3783586,1,caught,1,decode
7062,bit_flip,4220413,1,caught,1,decode
7063,random_bytes,2783374,13,caught,1,decode
7064,zeroed_run,2996628,127,caught,1,decode
7065,truncation,231376,4154865,caught,1,decode
7066,header,162,1,caught,1,decode
7067,payload,3295601,1,caught,1,decode
7068,bit_flip,3248703,1,caught,1,decode
7069,random_bytes,3660744,2,caught,1,decode
7070,zeroed_run,3509128,3999,caught,1,decode
7071,truncation,3659009,727232,caught,1,decode
7072,header,996,1,SILENT,0,decode
7073,payload,2713393,1,caught,1,decode
7074,bit_flip,2164859,1,caught,1,decode
7075,random_bytes,1743905,2,caught,1,decode
7076,zeroed_run,3774036,2708,caught,1,decode
7077,truncation,335334,4050907,caught,1,decode
7078,header,85,1,caught,1,decode
7079,payload,2923580,1,caught,1,decode
7080,bit_flip,3672166,1,caught,1,decode
7081,random_bytes,3409412,12,caught,1,decode
7082,zeroed_run,4134803,3562,caught,1,decode
7083,truncation,1020703,3365538,caught,1,decode
7084,header,962,1,caught,1,decode
7085,payload,470085,1,caught,1,decode
7086,bit_flip,1628797,1,caught,1,decode
7087,random_bytes,1053286,13,caught,1,decode
7088,zeroed_run,2399342,406,caught,1,decode
7089,truncation,165862,4220379,caught,1,decode
7090,header,71,1,caught,1,decode
7091,payload,2333407,1,caught,1,decode
7092,bit_flip,57377,1,caught,1,decode
7093,random_bytes,2138095,4,caught,1,decode
7094,zeroed_run,3089030,3266,caught,1,decode
7095,truncation,2617528,1768713,caught,1,decode
7096,header,722,1,caught,1,decode
7097,payload,2126187,1,caught,1,decode
7098,bit_flip,1773867,1,caught,1,decode
7099,random_bytes,3594696,15,SILENT,0,decode
7100,zeroed_run,3685902,2035,caught,1,decode
7101,truncation,2667204,1719037,caught,1,decode
7102,header,380,1,harmless,0,decode
7103,payload,734286,1,caught,1,decode
7104,bit_flip,3772521,1,caught,1,decode
7105,random_bytes,3873256,11,caught,1,decode
7106,zeroed_run,3541647,1508,caught,1,decode
7107,truncation,3090999,1295242,caught,1,decode
7108,header,324,1,SILENT,0,decode
7109,payload,3131113,1,SILENT,0,decode
7110,bit_flip,729923,1,caught,1,decode
7111,random_bytes,1135594,2,caught,1,decode
7112,zeroed_run,4246014,3049,caught,1,decode
7113,truncation,592119,3794122,caught,1,decode
7114,header,117,1,caught,1,decode
7115,payload,1213853,1,caught,1,decode
7116,bit_flip,268956,1,caught,1,decode
7117,random_bytes,1893033,6,caught,1,decode
7118,zeroed_run,2924449,2200,caught,1,decode
7119,truncation,4011403,374838,caught,1,decode
7120,header,154,1,caught,1,decode
7121,payload,2404060,1,caught,1,decode
7122,bit_flip,2793700,1,caught,1,decode
7123,random_bytes,2500896,5,caught,1,decode
7124,zeroed_run,4280859,3119,caught,1,decode
7125,truncation,1419481,2966760,caught,1,decode
7126,header,82,1,caught,1,decode
7127,payload,2053522,1,caught,1,decode
7128,bit_flip,3363394,1,caught,1,decode
7129,random_bytes,2809842,1,caught,1,decode
7130,zeroed_run,2329956,386,caught,1,decode
7131,truncation,1217348,3168893,caught,1,decode
7132,header,1007,1,caught,1,decode
7133,payload,318646,1,caught,1,decode
7134,bit_flip,449887,1,caught,1,decode
7135,random_bytes,1321565,12,caught,1,decode
7136,zeroed_run,1568053,4043,caught,1,decode
7137,truncation,64099,4322142,caught,1,decode
7138,header,727,1,caught,1,decode
7139,payload,202438,1,SILENT,0,decode
7140,bit_flip,3913587,1,caught,1,decode
7141,random_bytes,2988954,2,caught,1,decode
7142,zeroed_run,856068,1380,caught,1,decode
7143,truncation,2191315,2194926,caught,1,decode
7144,header,118,1,caught,1,decode
7145,payload,2390004,1,caught,1,decode
7146,bit_flip,193555,1,SILENT,0,decode
7147,random_bytes,3637717,1,caught,1,decode
7148,zeroed_run,1724534,3057,caught,1,decode
7149,truncation,3772656,613585,caught,1,decode
7150,header,776,1,caught,1,decode
7151,payload,1950035,1,caught,1,decode
7152,bit_flip,1229532,1,caught,1,decode
7153,random_bytes,2526773,1,caught,1,decode
7154,zeroed_run,2172945,1079,caught,1,decode
7155,truncation,3879515,506726,caught,1,decode
7156,header,689,1,caught,1,decode
7157,payload,647944,1,caught,1,decode
7158,bit_flip,1678026,1,caught,1,decode
7159,random_bytes,588168,2,caught,1,decode
7160,zeroed_run,4130416,140,caught,1,decode
7161,truncation,1409710,2976531,caught,1,decode
7162,header,818,1,caught,1,decode
7163,payload,1912325,1,caught,1,decode
7164,bit_flip,1814490,1,caught,1,decode
7165,random_bytes,1402436,15,caught,1,decode
7166,zeroed_run,2918955,2590,caught,1,decode
7167,truncation,2824520,1561721,caught,1,decode
7168,header,615,1,caught,1,decode
7169,payload,4086648,1,caught,1,decode
7170,bit_flip,4005758,1,caught,1,decode
7171,random_bytes,398267,2,caught,1,decode
7172,zeroed_run,847525,3881,caught,1,decode
7173,truncation,176607,4209634,caught,1,decode
7174,header,215,1,caught,1,decode
7175,payload,1611791,1,SILENT,0,decode
7176,bit_flip,16205,1,caught,1,decode
7177,random_bytes,1828545,16,SILENT,0,decode
7178,zeroed_run,707693,222,caught,1,decode
7179,truncation,541215,3845026,caught,1,decode
7180,header,1009,1,caught,1,decode
7181,payload,2730398,1,caught,1,decode
7182,bit_flip,3593041,1,SILENT,0,decode
7183,random_bytes,3380850,2,caught,1,decode
7184,zeroed_run,1877110,2616,caught,1,decode
7185,truncation,803585,3582656,caught,1,decode
7186,header,957,1,harmless,0,decode
7187,payload,1722957,1,SILENT,0,decode
7188,bit_flip,1885355,1,caught,1,decode
7189,random_bytes,2303889,8,caught,1,decode
7190,zeroed_run,3433424,4077,caught,1,decode
7191,truncation,3253478,1132763,caught,1,decode
7192,header,383,1,caught,1,decode
7193,payload,856884,1,caught,1,decode
7194,bit_flip,2638325,1,caught,1,decode
7195,random_bytes,4282156,3,caught,1,decode
7196,zeroed_run,3692630,2143,caught,1,decode
7197,truncation,3789429,596812,caught,1,decode
7198,header,846,1,caught,1,decode
7199,payload,1983818,1,caught,1,decode
7200,bit_flip,1633311,1,caught,1,decode
7201,random_bytes,2005129,16,caught,1,decode
7202,zeroed_run,1250331,2128,caught,1,decode
7203,truncation,3960724,425517,caught,1,decode
7204,header,823,1,caught,1,decode
7205,payload,3314627,1,caught,1,decode
7206,bit_flip,1991850,1,caught,1,decode
7207,random_bytes,3332582,7,SILENT,0,decode
7208,zeroed_run,871981,998,caught,1,decode
7209,truncation,1531855,2854386,caught,1,decode
7210,header,679,1,caught,1,decode
7211,payload,1602591,1,caught,1,decode
7212,bit_flip,3728312,1,caught,1,decode
7213,random_bytes,2805942,14,caught,1,decode
7214,zeroed_run,3694528,1546,caught,1,decode
7215,truncation,2683747,1702494,caught,1,decode
7216,header,948,1,SILENT,0,decode
7217,payload,376470,1,caught,1,decode
7218,bit_flip,545727,1,caught,1,decode
7219,random_bytes,4119208,12,caught,1,decode
7220,zeroed_run,3224030,385,caught,1,decode
7221,truncation,3789272,596969,caught,1,decode
7222,header,311,1,caught,1,decode
7223,payload,3652287,1,caught,1,decode
7224,bit_flip,4237843,1,caught,1,decode
7225,random_bytes,266797,2,caught,1,decode
7226,zeroed_run,3448615,3475,caught,1,decode
7227,truncation,1637348,2748893,caught,1,decode
7228,header,578,1,caught,1,decode
7229,payload,3221261,1,caught,1,decode
7230,bit_flip,1790419,1,caught,1,decode
7231,random_bytes,2910266,5,caught,1,decode
7232,zeroed_run,1933063,1495,caught,1,decode
7233,truncation,2760758,1625483,caught,1,decode
7234,header,808,1,caught,1,decode
7235,payload,2595211,1,caught,1,decode
7236,bit_flip,3888659,1,SILENT,0,decode
7237,random_bytes,2050313,16,caught,1,decode
7238,zeroed_run,316600,3566,caught,1,decode
7239,truncation,480081,3906160,caught,1,decode
7240,header,689,1,caught,1,decode
7241,payload,4148803,1,caught,1,decode
7242,bit_flip,2340387,1,caught,1,decode
7243,random_bytes,3161492,2,caught,1,decode
7244,zeroed_run,2364843,400,caught,1,decode
7245,truncation,3960851,425390,caught,1,decode
7246,header,233,1,caught,1,decode
7247,payload,3434415,1,caught,1,decode
7248,bit_flip,3828601,1,caught,1,decode
7249,random_bytes,754429,12,caught,1,decode
7250,zeroed_run,557453,2248,caught,1,decode
7251,truncation,2121340,2264901,caught,1,decode
7252,header,1004,1,caught,1,decode
7253,payload,3859777,1,caught,1,decode
7254,bit_flip,2899777,1,caught,1,decode
7255,random_bytes,155843,13,caught,1,decode
7256,zeroed_run,3638276,752,caught,1,decode
7257,truncation,2747205,1639036,caught,1,decode
7258,header,479,1,caught,1,decode
7259,payload,2489990,1,caught,1,decode
7260,bit_flip,100224,1,caught,1,decode
7261,random_bytes,1284751,12,caught,1,decode
7262,zeroed_run,2182428,2636,caught,1,decode
7263,truncation,3547088,839153,caught,1,decode
7264,header,705,1,caught,1,decode
7265,payload,2903893,1,caught,1,decode
7266,bit_flip,423492,1,SILENT,0,decode
7267,random_bytes,1915696,6,caught,1,decode
7268,zeroed_run,2850190,2011,caught,1,decode
7269,truncation,776980,3609261,caught,1,decode
7270,header,219,1,caught,1,decode
7271,payload,1393830,1,caught,1,decode
7272,bit_flip,4274285,1,caught,1,decode
7273,random_bytes,2050676,11,caught,1,decode
7274,zeroed_run,1754465,1836,caught,1,decode
7275,truncation,2012312,2373929,caught,1,decode
7276,header,454,1,SILENT,0,decode
7277,payload,3835602,1,caught,1,decode
7278,bit_flip,1178700,1,caught,1,decode
7279,random_bytes,3230705,5,caught,1,decode
7280,zeroed_run,1673095,740,caught,1,decode
7281,truncation,3797253,588988,caught,1,decode
7282,header,203,1,caught,1,decode
7283,payload,3945588,1,caught,1,decode
7284,bit_flip,1012987,1,caught,1,decode
7285,random_bytes,1308925,11,caught,1,decode
7286,zeroed_run,2119127,2849,caught,1,decode
7287,truncation,3798696,587545,caught,1,decode
7288,header,839,1,caught,1,decode
7289,payload,36621,1,caught,1,decode
7290,bit_flip,1846654,1,caught,1,decode
7291,random_bytes,883238,12,caught,1,decode
7292,zeroed_run,263113,426,caught,1,decode
7293,truncation,1824058,2562183,caught,1,decode
7294,header,440,1,caught,1,decode
7295,payload,3852489,1,caught,1,decode
7296,bit_flip,289883,1,caught,1,decode
7297,random_bytes,1188155,10,caught,1,decode
7298,zeroed_run,2023838,1708,SILENT,0,decode
7299,truncation,1897756,2488485,caught,1,decode
7300,header,863,1,caught,1,decode
7301,payload,2454132,1,caught,1,decode
7302,bit_flip,620783,1,caught,1,decode
7303,random_bytes,1287839,1,caught,1,decode
7304,zeroed_run,3927960,819,caught,1,decode
7305,truncation,3386009,1000232,caught,1,decode
7306,header,691,1,caught,1,decode
7307,payload,3965915,1,caught,1,decode
7308,bit_flip,3552269,1,caught,1,decode
7309,random_bytes,2724201,3,caught,1,decode
7310,zeroed_run,2931930,2611,caught,1,decode
7311,truncation,1207332,3178909,caught,1,decode
7312,header,84,1,SILENT,0,decode
7313,payload,3600598,1,SILENT,0,decode
7314,bit_flip,2869880,1,caught,1,decode
7315,random_bytes,2895526,15,caught,1,decode
7316,zeroed_run,690232,2970,caught,1,decode
7317,truncation,3290865,1095376,caught,1,decode
7318,header,312,1,caught,1,decode
7319,payload,299994,1,caught,1,decode
7320,bit_flip,3980702,1,caught,1,decode
7321,random_bytes,1560143,14,caught,1,decode
7322,zeroed_run,893331,2742,caught,1,decode
7323,truncation,13669,4372572,caught,1,decode
7324,header,514,1,caught,1,decode
7325,payload,4086334,1,caught,1,decode
7326,bit_flip,3044019,1,caught,1,decode
7327,random_bytes,1328483,13,caught,1,decode
7328,zeroed_run,2091675,2037,caught,1,decode
7329,truncation,2338452,2047789,caught,1,decode
7330,header,127,1,caught,1,decode
7331,payload,2030649,1,SILENT,0,decode
7332,bit_flip,1850303,1,SILENT,0,decode
7333,random_bytes,2911119,6,caught,1,decode
7334,zeroed_run,1026625,1326,caught,1,decode
7335,truncation,2811563,1574678,caught,1,decode
7336,header,812,1,caught,1,decode
7337,payload,2966786,1,caught,1,decode
7338,bit_flip,968489,1,SILENT,0,decode
7339,random_bytes,1538433,9,caught,1,decode
7340,zeroed_run,899302,2406,caught,1,decode
7341,truncation,361675,4024566,caught,1,decode
7342,header,817,1,caught,1,decode
7343,payload,411899,1,SILENT,0,decode
7344,bit_flip,1605520,1,caught,1,decode
7345,random_bytes,1639424,8,caught,1,decode
7346,zeroed_run,650366,2448,caught,1,decode
7347,truncation,3920260,465981,caught,1,decode
7348,header,776,1,caught,1,decode
7349,payload,1093535,1,caught,1,decode
7350,bit_flip,2397331,1,caught,1,decode
7351,random_bytes,2117117,11,caught,1,decode
7352,zeroed_run,2187300,3138,caught,1,decode
7353,truncation,3028995,1357246,caught,1,decode
7354,header,570,1,caught,1,decode
7355,payload,1026451,1,caught,1,decode
7356,bit_flip,1219384,1,caught,1,decode
7357,random_bytes,3886036,1,SILENT,0,decode
7358,zeroed_run,456260,673,caught,1,decode
7359,truncation,1042587,3343654,caught,1,decode
7360,header,246,1,caught,1,decode
7361,payload,2997296,1,caught,1,decode
7362,bit_flip,3542280,1,caught,1,decode
7363,random_bytes,2210313,2,caught,1,decode
7364,zeroed_run,4165364,1899,caught,1,decode
7365,truncation,2234974,2151267,caught,1,decode
7366,header,689,1,caught,1,decode
7367,payload,2230977,1,caught,1,decode
7368,bit_flip,405240,1,SILENT,0,decode
7369,random_bytes,2945399,8,caught,1,decode
7370,zeroed_run,3960391,3813,caught,1,decode
7371,truncation,2418513,1967728,caught,1,decode
7372,header,622,1,caught,1,decode
7373,payload,2004180,1,caught,1,decode
7374,bit_flip,1172615,1,caught,1,decode
7375,random_bytes,4190274,15,caught,1,decode
7376,zeroed_run,4140417,4078,caught,1,decode
7377,truncation,3638678,747563,caught,1,decode
7378,header,596,1,caught,1,decode
7379,payload,73983,1,caught,1,decode
7380,bit_flip,2557651,1,caught,1,decode
7381,random_bytes,390745,15,caught,1,decode
7382,zeroed_run,3481348,3412,caught,1,decode
7383,truncation,4252585,133656,caught,1,decode
7384,header,558,1,caught,1,decode
7385,payload,547018,1,caught,1,decode
7386,bit_flip,3087625,1,caught,1,decode
7387,random_bytes,2133327,3,caught,1,decode
7388,zeroed_run,4099275,3683,caught,1,decode
7389,truncation,2871361,1514880,caught,1,decode
7390,header,41,1,caught,1,decode
7391,payload,3914123,1,caught,1,decode
7392,bit_flip,664286,1,caught,1,decode
7393,random_bytes,3051046,7,caught,1,decode
7394,zeroed_run,4229595,445,caught,1,decode
7395,truncation,3545134,841107,caught,1,decode
7396,header,385,1,caught,1,decode
7397,payload,3440930,1,caught,1,decode
7398,bit_flip,4593,1,caught,1,decode
7399,random_bytes,1445220,4,caught,1,decode
7400,zeroed_run,2161110,3756,caught,1,decode
7401,truncation,840547,3545694,caught,1,decode
7402,header,212,1,SILENT,0,decode
7403,payload,2275405,1,caught,1,decode
7404,bit_flip,1646666,1,caught,1,decode
7405,random_bytes,1699674,5,caught,1,decode
7406,zeroed_run,2094654,22,caught,1,decode
7407,truncation,2039241,2347000,caught,1,decode
7408,header,219,1,caught,1,decode
7409,payload,2243468,1,caught,1,decode
7410,bit_flip,1638091,1,caught,1,decode
7411,random_bytes,2261550,5,caught,1,decode
7412,zeroed_run,193336,3150,caught,1,decode
7413,truncation,1750377,2635864,caught,1,decode
7414,header,598,1,caught,1,decode
7415,payload,1947946,1,caught,1,decode
7416,bit_flip,3646034,1,caught,1,decode
7417,random_bytes,2092224,7,caught,1,decode
7418,zeroed_run,2848797,2253,caught,1,decode
7419,truncation,1645056,2741185,caught,1,decode
7420,header,14,1,caught,1,decode
7421,payload,3525204,1,caught,1,decode
7422,bit_flip,3715533,1,caught,1,decode
7423,random_bytes,4259181,9,caught,1,decode
7424,zeroed_run,234061,2685,caught,1,decode
7425,truncation,893249,3492992,caught,1,decode
7426,header,125,1,SILENT,0,decode
7427,payload,155852,1,caught,1,decode
7428,bit_flip,4174150,1,caught,1,decode
7429,random_bytes,558914,15,caught,1,decode
7430,zeroed_run,3544641,2430,caught,1,decode
7431,truncation,2852723,1533518,caught,1,decode
7432,header,833,1,caught,1,decode
7433,payload,3266852,1,caught,1,decode
7434,bit_flip,3974054,1,caught,1,decode
7435,random_bytes,2164450,1,caught,1,decode
7436,zeroed_run,3621635,1070,caught,1,decode
7437,truncation,2809539,1576702,caught,1,decode
7438,header,744,1,caught,1,decode
7439,payload,2138870,1,caught,1,decode
7440,bit_flip,2761037,1,caught,1,decode
7441,random_bytes,453461,4,caught,1,decode
7442,zeroed_run,2619263,2731,caught,1,decode
7443,truncation,2925549,1460692,caught,1,decode
7444,header,185,1,caught,1,decode
7445,payload,3924459,1,caught,1,decode
7446,bit_flip,71747,1,caught,1,decode
7447,random_bytes,991918,1,caught,1,decode
7448,zeroed_run,2806271,1541,caught,1,decode
7449,truncation,4192504,193737,caught,1,decode
7450,header,757,1,caught,1,decode
7451,payload,2560905,1,caught,1,decode
7452,bit_flip,1161314,1,caught,1,decode
7453,random_bytes,4001157,8,caught,1,decode
7454,zeroed_run,1198276,306,SILENT,0,decode
7455,truncation,3462317,923924,caught,1,decode
7456,header,95,1,caught,1,decode
7457,payload,2475539,1,caught,1,decode
7458,bit_flip,11052,1,caught,1,decode
7459,random_bytes,1242942,1,caught,1,decode
7460,zeroed_run,2869156,2121,caught,1,decode
7461,truncation,1927454,2458787,caught,1,decode
7462,header,173,1,caught,1,decode
7463,payload,2299063,1,caught,1,decode
7464,bit_flip,2657492,1,caught,1,decode
7465,random_bytes,3853755,12,caught,1,decode
7466,zeroed_run,1173789,3910,caught,1,decode
7467,truncation,1245320,3140921,caught,1,decode
7468,header,124,1,harmless,0,decode
7469,payload,82932,1,caught,1,decode
7470,bit_flip,224017,1,caught,1,decode
7471,random_bytes,458354,8,caught,1,decode
7472,zeroed_run,1608443,1587,SILENT,0,decode
7473,truncation,1050300,3335941,caught,1,decode
7474,header,378,1,caught,1,decode
7475,payload,1122326,1,caught,1,decode
7476,bit_flip,3053773,1,caught,1,decode
7477,random_bytes,1175588,5,caught,1,decode
7478,zeroed_run,842012,2060,caught,1,decode
7479,truncation,2488703,1897538,caught,1,decode
7480,header,279,1,caught,1,decode
7481,payload,2242389,1,caught,1,decode
7482,bit_flip,2907697,1,caught,1,decode
7483,random_bytes,1432298,12,caught,1,decode
7484,zeroed_run,198354,1792,SILENT,0,decode
7485,truncation,2879352,1506889,caught,1,decode
7486,header,506,1,caught,1,decode
7487,payload,903985,1,caught,1,decode
7488,bit_flip,2614658,1,caught,1,decode
7489,random_bytes,4046081,13,caught,1,decode
7490,zeroed_run,3202218,455,caught,1,decode
7491,truncation,1132464,3253777,caught,1,decode
7492,header,401,1,caught,1,decode
7493,payload,3448657,1,caught,1,decode
7494,bit_flip,1110989,1,caught,1,decode
7495,random_bytes,2177365,15,caught,1,decode
7496,zeroed_run,2785292,2385,caught,1,decode
7497,truncation,445999,3940242,caught,1,decode
7498,header,493,1,caught,1,decode
7499,payload,783442,1,caught,1,decode
7500,bit_flip,3359671,1,caught,1,decode
7501,random_bytes,3977412,11,caught,1,decode
7502,zeroed_run,1271734,1245,caught,1,decode
7503,truncation,2606461,1779780,caught,1,decode
7504,header,874,1,caught,1,decode
7505,payload,16347,1,caught,1,decode
7506,bit_flip,2996574,1,caught,1,decode
7507,random_bytes,959215,3,caught,1,decode
7508,zeroed_run,1439607,3791,caught,1,decode
7509,truncation,4285370,100871,caught,1,decode
7510,header,967,1,caught,1,decode
7511,payload,3362330,1,caught,1,decode
7512,bit_flip,159662,1,caught,1,decode
7513,random_bytes,1775473,15,caught,1,decode
7514,zeroed_run,1354499,143,caught,1,decode
7515,truncation,1077784,3308457,caught,1,decode
7516,header,816,1,caught,1,decode
7517,payload,2774614,1,caught,1,decode
7518,bit_flip,27985,1,caught,1,decode
7519,random_bytes,162582,3,caught,1,decode
7520,zeroed_run,2073100,3136,caught,1,decode
7521,truncation,620801,3765440,caught,1,decode
7522,header,239,1,caught,1,decode
7523,payload,2048463,1,caught,1,decode
7524,bit_flip,3008567,1,caught,1,decode
7525,random_bytes,3649574,9,caught,1,decode
7526,zeroed_run,2331147,2791,caught,1,decode
7527,truncation,1143504,3242737,caught,1,decode
7528,header,769,1,caught,1,decode
7529,payload,967269,1,SILENT,0,decode
7530,bit_flip,2059003,1,caught,1,decode
7531,random_bytes,247840,8,caught,1,decode
7532,zeroed_run,4302193,2956,caught,1,decode
7533,truncation,4198882,187359,caught,1,decode
7534,header,189,1,harmless,0,decode
7535,payload,409469,1,SILENT,0,decode
7536,bit_flip,2675275,1,caught,1,decode
7537,random_bytes,2865290,1,caught,1,decode
7538,zeroed_run,2130808,3421,caught,1,decode
7539,truncation,806149,3580092,caught,1,decode
7540,header,361,1,caught,1,decode
7541,payload,4226810,1,caught,1,decode
7542,bit_flip,2708915,1,caught,1,decode
7543,random_bytes,4245797,14,caught,1,decode
7544,zeroed_run,4347455,2633,caught,1,decode
7545,truncation,2606540,1779701,caught,1,decode
7546,header,541,1,SILENT,0,decode
7547,payload,1347380,1,caught,1,decode
7548,bit_flip,3122187,1,caught,1,decode
7549,random_bytes,1455881,4,caught,1,decode
7550,zeroed_run,1533126,295,caught,1,decode
7551,truncation,4340914,45327,caught,1,decode
7552,header,498,1,caught,1,decode
7553,payload,3829312,1,caught,1,decode
7554,bit_flip,1193361,1,SILENT,0,decode
7555,random_bytes,2786448,8,caught,1,decode
7556,zeroed_run,372716,2307,caught,1,decode
7557,truncation,3475996,910245,caught,1,decode
7558,header,517,1,SILENT,0,decode
7559,payload,3063886,1,caught,1,decode
7560,bit_flip,3797551,1,caught,1,decode
7561,random_bytes,2236671,6,caught,1,decode
7562,zeroed_run,2463948,3805,caught,1,decode
7563,truncation,41244,4344997,caught,1,decode
7564,header,898,1,caught,1,decode
7565,payload,786219,1,caught,1,decode
7566,bit_flip,3551929,1,caught,1,decode
7567,random_bytes,2906262,10,caught,1,decode
7568,zeroed_run,2819966,3869,caught,1,decode
7569,truncation,1481180,2905061,caught,1,decode
7570,header,378,1,caught,1,decode
7571,payload,2678412,1,caught,1,decode
7572,bit_flip,2015671,1,SILENT,0,decode
7573,random_bytes,909925,13,caught,1,decode
7574,zeroed_run,3801938,2855,caught,1,decode
7575,truncation,1536295,2849946,caught,1,decode
7576,header,124,1,SILENT,0,decode
7577,payload,2093421,1,caught,1,decode
7578,bit_flip,4385860,1,caught,1,decode
7579,random_bytes,829081,3,caught,1,decode
7580,zeroed_run,3473595,3578,caught,1,decode
7581,truncation,309030,4077211,caught,1,decode
7582,header,48,1,caught,1,decode
7583,payload,3448751,1,caught,1,decode
7584,bit_flip,1291958,1,caught,1,decode
7585,random_bytes,1757092,16,caught,1,decode
7586,zeroed_run,2817544,262,caught,1,decode
7587,truncation,2791584,1594657,caught,1,decode
7588,header,777,1,caught,1,decode
7589,payload,13256,1,caught,1,decode
7590,bit_flip,2415257,1,caught,1,decode
7591,random_bytes,2182375,11,caught,1,decode
7592,zeroed_run,2113824,4091,caught,1,decode
7593,truncation,2173019,2213222,caught,1,decode
7594,header,559,1,caught,1,decode
7595,payload,2259702,1,caught,1,decode
7596,bit_flip,2759835,1,caught,1,decode
7597,random_bytes,2852896,12,caught,1,decode
7598,zeroed_run,2718732,3822,caught,1,decode
7599,truncation,3707350,678891,caught,1,decode
7600,header,1021,1,caught,1,decode
7601,payload,1522788,1,caught,1,decode
7602,bit_flip,356367,1,caught,1,decode
7603,random_bytes,3074875,15,caught,1,decode
7604,zeroed_run,2575546,2871,SILENT,0,decode
7605,truncation,1837674,2548567,caught,1,decode
7606,header,937,1,caught,1,decode
7607,payload,2151021,1,caught,1,decode
7608,bit_flip,613652,1,caught,1,decode
7609,random_bytes,2570952,1,SILENT,0,decode
7610,zeroed_run,1457611,2330,caught,1,decode
7611,truncation,245900,4140341,caught,1,decode
7612,header,814,1,caught,1,decode
7613,payload,1328591,1,caught,1,decode
7614,bit_flip,3044685,1,caught,1,decode
7615,random_bytes,2811572,15,caught,1,decode
7616,zeroed_run,3491624,1798,caught,1,decode
7617,truncation,46598,4339643,caught,1,decode
7618,header,865,1,caught,1,decode
7619,payload,2357506,1,caught,1,decode
7620,bit_flip,3217655,1,caught,1,decode
7621,random_bytes,2359322,7,caught,1,decode
7622,zeroed_run,2840042,3554,caught,1,decode
7623,truncation,33240,4353001,caught,1,decode
7624,header,248,1,caught,1,decode
7625,payload,4016325,1,caught,1,decode
7626,bit_flip,907423,1,caught,1,decode
7627,random_bytes,2655926,9,caught,1,decode
7628,zeroed_run,4098117,2773,caught,1,decode
7629,truncation,213843,4172398,caught,1,decode
7630,header,913,1,caught,1,decode
7631,payload,1951735,1,caught,1,decode
7632,bit_flip,1427693,1,caught,1,decode
7633,random_bytes,1029,8,caught,1,decode
7634,zeroed_run,921648,3671,SILENT,0,decode
7635,truncation,1142973,3243268,caught,1,decode
7636,header,688,1,caught,1,decode
7637,payload,4242049,1,caught,1,decode
7638,bit_flip,1621728,1,SILENT,0,decode
7639,random_bytes,2548866,4,caught,1,decode
7640,zeroed_run,1860564,658,SILENT,0,decode
7641,truncation,3345541,1040700,caught,1,decode
7642,header,506,1,caught,1,decode
7643,payload,2596562,1,caught,1,decode
7644,bit_flip,690532,1,caught,1,decode
7645,random_bytes,4347850,3,caught,1,decode
7646,zeroed_run,682123,3537,caught,1,decode
7647,truncation,4179491,206750,caught,1,decode
7648,header,871,1,caught,1,decode
7649,payload,2961405,1,caught,1,decode
7650,bit_flip,163024,1,caught,1,decode
7651,random_bytes,2107316,9,caught,1,decode
7652,zeroed_run,1021825,1056,caught,1,decode
7653,truncation,357602,4028639,caught,1,decode
7654,header,527,1,caught,1,decode
7655,payload,2083340,1,caught,1,decode
7656,bit_flip,3718920,1,caught,1,decode
7657,random_bytes,50659,15,caught,1,decode
7658,zeroed_run,478788,1044,caught,1,decode
7659,truncation,3240237,1146004,caught,1,decode
7660,header,674,1,caught,1,decode
7661,payload,2489850,1,caught,1,decode
7662,bit_flip,1122385,1,caught,1,decode
7663,random_bytes,34156,8,caught,1,decode
7664,zeroed_run,1098885,683,caught,1,decode
7665,truncation,2234779,2151462,caught,1,decode
7666,header,242,1,caught,1,decode
7667,payload,72132,1,caught,1,decode
7668,bit_flip,3045568,1,caught,1,decode
7669,random_bytes,2042025,6,caught,1,decode
7670,zeroed_run,879699,1195,caught,1,decode
7671,truncation,2204735,2181506,caught,1,decode
7672,header,737,1,caught,1,decode
7673,payload,858327,1,caught,1,decode
7674,bit_flip,3111623,1,caught,1,decode
7675,random_bytes,1466289,3,caught,1,decode
7676,zeroed_run,532456,1146,caught,1,decode
7677,truncation,2851008,1535233,caught,1,decode
7678,header,973,1,caught,1,decode
7679,payload,3810799,1,caught,1,decode
7680,bit_flip,69780,1,caught,1,decode
7681,random_bytes,1962932,13,caught,1,decode
7682,zeroed_run,615699,3797,caught,1,decode
7683,truncation,2193816,2192425,caught,1,decode
7684,header,597,1,caught,1,decode
7685,payload,3079864,1,caught,1,decode
7686,bit_flip,3590868,1,SILENT,0,decode
7687,random_bytes,538239,1,caught,1,decode
7688,zeroed_run,3043899,601,caught,1,decode
7689,truncation,3303690,1082551,caught,1,decode
7690,header,166,1,SILENT,0,decode
7691,payload,1569861,1,caught,1,decode
7692,bit_flip,1862674,1,SILENT,0,decode
7693,random_bytes,2931979,7,caught,1,decode
7694,zeroed_run,667309,2120,caught,1,decode
7695,truncation,418027,3968214,caught,1,decode
7696,header,2,1,caught,1,decode
7697,payload,475826,1,caught,1,decode
7698,bit_flip,2299480,1,caught,1,decode
7699,random_bytes,960512,16,caught,1,decode
7700,zeroed_run,3911785,83,caught,1,decode
7701,truncation,3395187,991054,caught,1,decode
7702,header,985,1,caught,1,decode
7703,payload,250621,1,caught,1,decode
7704,bit_flip,1994729,1,caught,1,decode
7705,random_bytes,3783507,4,caught,1,decode
7706,zeroed_run,2970697,2852,caught,1,decode
7707,truncation,3286842,1099399,caught,1,decode
7708,header,923,1,caught,1,decode
7709,payload,1366130,1,caught,1,decode
7710,bit_flip,175031,1,caught,1,decode
7711,random_bytes,3219432,14,caught,1,decode
7712,zeroed_run,2088878,1818,caught,1,decode
7713,truncation,3970717,415524,caught,1,decode
7714,header,393,1,caught,1,decode
7715,payload,782752,1,caught,1,decode
7716,bit_flip,2098280,1,caught,1,decode
7717,random_bytes,2463130,10,caught,1,decode
7718,zeroed_run,4341119,109,caught,1,decode
7719,truncation,1407874,2978367,caught,1,decode
7720,header,716,1,harmless,0,decode
7721,payload,2224175,1,caught,1,decode
7722,bit_flip,653600,1,caught,1,decode
7723,random_bytes,1380665,9,caught,1,decode
7724,zeroed_run,359804,1167,caught,1,decode
7725,truncation,2579338,1806903,caught,1,decode
7726,header,258,1,caught,1,decode
7727,payload,84256,1,caught,1,decode
7728,bit_flip,3692317,1,caught,1,decode
7729,random_bytes,481358,13,caught,1,decode
7730,zeroed_run,1205214,163,SILENT,0,decode
7731,truncation,1010686,3375555,caught,1,decode
7732,header,508,1,harmless,0,decode
7733,payload,878865,1,caught,1,decode
7734,bit_flip,2990806,1,caught,1,decode
7735,random_bytes,99882,1,caught,1,decode
7736,zeroed_run,462001,1895,caught,1,decode
7737,truncation,2648496,1737745,caught,1,decode
7738,header,762,1,caught,1,decode
7739,payload,408371,1,SILENT,0,decode
7740,bit_flip,862192,1,caught,1,decode
7741,random_bytes,3529729,5,caught,1,decode
7742,zeroed_run,2462978,3380,caught,1,decode
7743,truncation,1558321,2827920,caught,1,decode
7744,header,523,1,caught,1,decode
7745,payload,37619,1,caught,1,decode
7746,bit_flip,904008,1,caught,1,decode
7747,random_bytes,1167997,3,caught,1,decode
7748,zeroed_run,3089981,2452,caught,1,decode
7749,truncation,753571,3632670,caught,1,decode
7750,header,194,1,caught,1,decode
7751,payload,2217349,1,caught,1,decode
7752,bit_flip,2109051,1,caught,1,decode
7753,random_bytes,3496142,8,caught,1,decode
7754,zeroed_run,1581079,1849,caught,1,decode
7755,truncation,1822015,2564226,caught,1,decode
7756,header,328,1,caught,1,decode
7757,payload,2728355,1,caught,1,decode
7758,bit_flip,1367596,1,caught,1,decode
7759,random_bytes,3039595,5,caught,1,decode
7760,zeroed_run,908790,413,caught,1,decode
7761,truncation,2438664,1947577,caught,1,decode
7762,header,317,1,harmless,0,decode
7763,payload,1016599,1,caught,1,decode
7764,bit_flip,556776,1,caught,1,decode
7765,random_bytes,2737576,2,caught,1,decode
7766,zeroed_run,2094360,1501,caught,1,decode
7767,truncation,2365739,2020502,caught,1,decode
7768,header,581,1,SILENT,0,decode
7769,payload,410755,1,SILENT,0,decode
7770,bit_flip,695442,1,caught,1,decode
7771,random_bytes,1888256,15,caught,1,decode
7772,zeroed_run,1295017,2106,caught,1,decode
7773,truncation,981963,3404278,caught,1,decode
7774,header,965,1,SILENT,0,decode
7775,payload,3788526,1,caught,1,decode
7776,bit_flip,3173731,1,caught,1,decode
7777,random_bytes,1882672,4,caught,1,decode
7778,zeroed_run,930386,1373,caught,1,decode
7779,truncation,61778,4324463,caught,1,decode
7780,header,221,1,SILENT,0,decode
7781,payload,3763755,1,caught,1,decode
7782,bit_flip,2090092,1,caught,1,decode
7783,random_bytes,1236534,3,caught,1,decode
7784,zeroed_run,1405459,1321,caught,1,decode
7785,truncation,3496111,890130,caught,1,decode
7786,header,750,1,caught,1,decode
7787,payload,3668035,1,caught,1,decode
7788,bit_flip,3047136,1,caught,1,decode
7789,random_bytes,1263951,8,caught,1,decode
7790,zeroed_run,523665,3117,caught,1,decode
7791,truncation,2793606,1592635,caught,1,decode
7792,header,74,1,caught,1,decode
7793,payload,2558193,1,caught,1,decode
7794,bit_flip,3144328,1,caught,1,decode
7795,random_bytes,196202,7,SILENT,0,decode
7796,zeroed_run,2864764,3403,caught,1,decode
7797,truncation,4361762,24479,caught,1,decode
7798,header,977,1,caught,1,decode
7799,payload,2444526,1,caught,1,decode
7800,bit_flip,3730850,1,caught,1,decode
7801,random_bytes,1704612,9,caught,1,decode
7802,zeroed_run,272769,2523,caught,1,decode
7803,truncation,640251,3745990,caught,1,decode
7804,header,613,1,SILENT,0,decode
7805,payload,1854938,1,SILENT,0,decode
7806,bit_flip,3664547,1,caught,1,decode
7807,random_bytes,961960,10,caught,1,decode
7808,zeroed_run,381237,102,caught,1,decode
7809,truncation,143104,4243137,caught,1,decode
7810,header,439,1,caught,1,decode
7811,payload,1243631,1,caught,1,decode
7812,bit_flip,2528710,1,caught,1,decode
7813,random_bytes,3555741,3,caught,1,decode
7814,zeroed_run,1583735,753,caught,1,decode
7815,truncation,2370798,2015443,caught,1,decode
7816,header,135,1,caught,1,decode
7817,payload,4375506,1,caught,1,decode
7818,bit_flip,607466,1,caught,1,decode
7819,random_bytes,1520761,2,caught,1,decode
7820,zeroed_run,2610079,3854,caught,1,decode
7821,truncation,551999,3834242,caught,1,decode
7822,header,798,1,caught,1,decode
7823,payload,477052,1,caught,1,decode
7824,bit_flip,625977,1,caught,1,decode
7825,random_bytes,3917654,3,caught,1,decode
7826,zeroed_run,1938775,3089,caught,1,decode
7827,truncation,2436190,1950051,caught,1,decode
7828,header,682,1,caught,1,decode
7829,payload,1722740,1,SILENT,0,decode
7830,bit_flip,254363,1,caught,1,decode
7831,random_bytes,4132685,13,caught,1,decode
7832,zeroed_run,1772068,2251,caught,1,decode
7833,truncation,2293487,2092754,caught,1,decode
7834,header,547,1,caught,1,decode
7835,payload,1023525,1,caught,1,decode
7836,bit_flip,3486222,1,caught,1,decode
7837,random_bytes,757277,10,caught,1,decode
7838,zeroed_run,1670174,3641,caught,1,decode
7839,truncation,3510366,875875,caught,1,decode
7840,header,210,1,caught,1,decode
7841,payload,2089237,1,caught,1,decode
7842,bit_flip,3250953,1,caught,1,decode
7843,random_bytes,3655767,9,caught,1,decode
7844,zeroed_run,1835239,3309,caught,1,decode
7845,truncation,807712,3578529,caught,1,decode
7846,header,627,1,caught,1,decode
7847,payload,4239187,1,caught,1,decode
7848,bit_flip,4017908,1,SILENT,0,decode
7849,random_bytes,3538156,1,caught,1,decode
7850,zeroed_run,913436,1814,SILENT,0,decode
7851,truncation,36783,4349458,caught,1,decode
7852,header,417,1,caught,1,decode
7853,payload,3684007,1,caught,1,decode
7854,bit_flip,3982222,1,caught,1,decode
7855,random_bytes,2355898,15,caught,1,decode
7856,zeroed_run,2417795,2498,caught,1,decode
7857,truncation,2322150,2064091,caught,1,decode
7858,header,720,1,caught,1,decode
7859,payload,37274,1,caught,1,decode
7860,bit_flip,3480065,1,caught,1,decode
7861,random_bytes,323460,5,caught,1,decode
7862,zeroed_run,2700004,3637,caught,1,decode
7863,truncation,2617946,1768295,caught,1,decode
7864,header,484,1,SILENT,0,decode
7865,payload,3621223,1,caught,1,decode
7866,bit_flip,2414581,1,caught,1,decode
7867,random_bytes,902006,7,caught,1,decode
7868,zeroed_run,4310325,1775,caught,1,decode
7869,truncation,3203588,1182653,caught,1,decode
7870,header,72,1,caught,1,decode
7871,payload,128200,1,caught,1,decode
7872,bit_flip,3912944,1,caught,1,decode
7873,random_bytes,2039192,16,SILENT,0,decode
7874,zeroed_run,1086103,3282,caught,1,decode
7875,truncation,1890948,2495293,caught,1,decode
7876,header,959,1,caught,1,decode
7877,payload,3012602,1,caught,1,decode
7878,bit_flip,753683,1,caught,1,decode
7879,random_bytes,293350,14,caught,1,decode
7880,zeroed_run,4346870,24,caught,1,decode
7881,truncation,734723,3651518,caught,1,decode
7882,header,546,1,caught,1,decode
7883,payload,2857359,1,caught,1,decode
7884,bit_flip,268984,1,caught,1,decode
7885,random_bytes,4099423,6,caught,1,decode
7886,zeroed_run,2135896,994,caught,1,decode
7887,truncation,2334802,2051439,caught,1,decode
7888,header,644,1,SILENT,0,decode
7889,payload,1970240,1,caught,1,decode
7890,bit_flip,2709207,1,caught,1,decode
7891,random_bytes,4310059,5,caught,1,decode
7892,zeroed_run,2356036,2016,caught,1,decode
7893,truncation,269675,4116566,caught,1,decode
7894,header,131,1,caught,1,decode
7895,payload,2616229,1,caught,1,decode
7896,bit_flip,2426351,1,SILENT,0,decode
7897,random_bytes,2601233,15,caught,1,decode
7898,zeroed_run,3750956,303,caught,1,decode
7899,truncation,3353432,1032809,caught,1,decode
7900,header,87,1,caught,1,decode
7901,payload,2068199,1,caught,1,decode
7902,bit_flip,224074,1,caught,1,decode
7903,random_bytes,4115810,12,caught,1,decode
7904,zeroed_run,4132581,768,caught,1,decode
7905,truncation,1560476,2825765,caught,1,decode
7906,header,149,1,caught,1,decode
7907,payload,3353931,1,caught,1,decode
7908,bit_flip,1696116,1,caught,1,decode
7909,random_bytes,99704,8,caught,1,decode
7910,zeroed_run,2487061,745,caught,1,decode
7911,truncation,4330037,56204,caught,1,decode
7912,header,932,1,harmless,0,decode
7913,payload,3876269,1,SILENT,0,decode
7914,bit_flip,2397816,1,caught,1,decode
7915,random_bytes,3561612,8,caught,1,decode
7916,zeroed_run,3616738,315,caught,1,decode
7917,truncation,702438,3683803,caught,1,decode
7918,header,870,1,caught,1,decode
7919,payload,1952035,1,caught,1,decode
7920,bit_flip,179799,1,SILENT,0,decode
7921,random_bytes,2740752,6,caught,1,decode
7922,zeroed_run,2184362,3483,caught,1,decode
7923,truncation,553925,3832316,caught,1,decode
7924,header,186,1,caught,1,decode
7925,payload,2381993,1,caught,1,decode
7926,bit_flip,1740404,1,caught,1,decode
7927,random_bytes,1999807,9,caught,1,decode
7928,zeroed_run,1965396,3012,caught,1,decode
7929,truncation,3641359,744882,caught,1,decode
7930,header,461,1,caught,1,decode
7931,payload,983868,1,caught,1,decode
7932,bit_flip,3095929,1,caught,1,decode
7933,random_bytes,3684409,7,caught,1,decode
7934,zeroed_run,3376119,3455,caught,1,decode
7935,truncation,3180550,1205691,caught,1,decode
7936,header,297,1,caught,1,decode
7937,payload,3153899,1,caught,1,decode
7938,bit_flip,1954578,1,caught,1,decode
7939,random_bytes,2704204,16,caught,1,decode
7940,zeroed_run,660320,2989,caught,1,decode
7941,truncation,355748,4030493,caught,1,decode
7942,header,739,1,caught,1,decode
7943,payload,302436,1,caught,1,decode
7944,bit_flip,4282120,1,caught,1,decode
7945,random_bytes,210991,14,caught,1,decode
7946,zeroed_run,1669320,2039,caught,1,decode
7947,truncation,1631353,2754888,caught,1,decode
7948,header,749,1,caught,1,decode
7949,payload,1051788,1,caught,1,decode
7950,bit_flip,2543754,1,caught,1,decode
7951,random_bytes,2686786,11,caught,1,decode
7952,zeroed_run,2463049,2232,caught,1,decode
7953,truncation,56941,4329300,caught,1,decode
7954,header,350,1,SILENT,0,decode
7955,payload,4069459,1,SILENT,0,decode
7956,bit_flip,1180073,1,caught,1,decode
7957,random_bytes,224693,9,caught,1,decode
7958,zeroed_run,4145104,438,caught,1,decode
7959,truncation,3824025,562216,caught,1,decode
7960,header,406,1,caught,1,decode
7961,payload,582567,1,caught,1,decode
7962,bit_flip,2964261,1,caught,1,decode
7963,random_bytes,3472098,2,caught,1,decode
7964,zeroed_run,1094395,2781,caught,1,decode
7965,truncation,1617793,2768448,caught,1,decode
7966,header,426,1,caught,1,decode
7967,payload,1426643,1,caught,1,decode
7968,bit_flip,3111279,1,caught,1,decode
7969,random_bytes,1575969,11,caught,1,decode
7970,zeroed_run,2866993,2641,caught,1,decode
7971,truncation,1836433,2549808,caught,1,decode
7972,header,364,1,caught,1,decode
7973,payload,3820004,1,caught,1,decode
7974,bit_flip,603349,1,caught,1,decode
7975,random_bytes,1858008,16,SILENT,0,decode
7976,zeroed_run,3488221,3806,caught,1,decode
7977,truncation,276351,4109890,caught,1,decode
7978,header,674,1,caught,1,decode
7979,payload,140351,1,caught,1,decode
7980,bit_flip,2940359,1,caught,1,decode
7981,random_bytes,39918,5,caught,1,decode
7982,zeroed_run,2916902,101,caught,1,decode
7983,truncation,1967799,2418442,caught,1,decode
7984,header,432,1,caught,1,decode
7985,payload,3774179,1,caught,1,decode
7986,bit_flip,3877865,1,SILENT,0,decode
7987,random_bytes,1601440,4,caught,1,decode
7988,zeroed_run,2761166,460,caught,1,decode
7989,truncation,398022,3988219,caught,1,decode
7990,header,729,1,caught,1,decode
7991,payload,1667033,1,caught,1,decode
7992,bit_flip,2308006,1,caught,1,decode
7993,random_bytes,3991924,2,caught,1,decode
7994,zeroed_run,229182,2177,caught,1,decode
7995,truncation,1984047,2402194,caught,1,decode
7996,header,489,1,caught,1,decode
7997,payload,3085485,1,caught,1,decode
7998,bit_flip,2313101,1,caught,1,decode
7999,random_bytes,4261566,5,caught,1,decode
8000,zeroed_run,1911857,1731,caught,1,decode
8001,truncation,2306227,2080014,caught,1,decode
8002,header,409,1,caught,1,decode
8003,payload,1692257,1,caught,1,decode
8004,bit_flip,4008229,1,caught,1,decode
8005,random_bytes,1339268,11,caught,1,decode
8006,zeroed_run,1627161,711,caught,1,decode
8007,truncation,2508342,1877899,caught,1,decode
8008,header,221,1,SILENT,0,decode
8009,payload,3129413,1,SILENT,0,decode
8010,bit_flip,3518746,1,caught,1,decode
8011,random_bytes,796449,15,caught,1,decode
8012,zeroed_run,920333,2823,SILENT,0,decode
8013,truncation,504841,3881400,caught,1,decode
8014,header,487,1,caught,1,decode
8015,payload,2210558,1,caught,1,decode
8016,bit_flip,3750155,1,caught,1,decode
8017,random_bytes,1973935,7,caught,1,decode
8018,zeroed_run,3761912,3091,caught,1,decode
8019,truncation,1092926,3293315,caught,1,decode
8020,header,986,1,caught,1,decode
8021,payload,117838,1,caught,1,decode
8022,bit_flip,1261589,1,caught,1,decode
8023,random_bytes,1193604,8,SILENT,0,decode
8024,zeroed_run,3444142,110,caught,1,decode
8025,truncation,3468507,917734,caught,1,decode
8026,header,983,1,caught,1,decode
8027,payload,1595578,1,caught,1,decode
8028,bit_flip,808227,1,caught,1,decode
8029,random_bytes,1943665,16,caught,1,decode
8030,zeroed_run,791662,3947,caught,1,decode
8031,truncation,298985,4087256,caught,1,decode
8032,header,56,1,caught,1,decode
8033,payload,1943843,1,caught,1,decode
8034,bit_flip,752620,1,caught,1,decode
8035,random_bytes,138252,11,caught,1,decode
8036,zeroed_run,3004897,2817,caught,1,decode
8037,truncation,3344974,1041267,caught,1,decode
8038,header,17,1,caught,1,decode
8039,payload,1990089,1,caught,1,decode
8040,bit_flip,3197842,1,caught,1,decode
8041,random_bytes,530280,15,caught,1,decode
8042,zeroed_run,883079,3190,caught,1,decode
8043,truncation,3029764,1356477,caught,1,decode
8044,header,58,1,caught,1,decode
8045,payload,2357456,1,caught,1,decode
8046,bit_flip,964679,1,SILENT,0,decode
8047,random_bytes,3085860,2,caught,1,decode
8048,zeroed_run,2546352,3337,caught,1,decode
8049,truncation,3259743,1126498,caught,1,decode
8050,header,630,1,caught,1,decode
8051,payload,2302522,1,caught,1,decode
8052,bit_flip,2385022,1,caught,1,decode
8053,random_bytes,2837108,9,caught,1,decode
8054,zeroed_run,2797755,1567,caught,1,decode
8055,truncation,3392311,993930,caught,1,decode
8056,header,180,1,SILENT,0,decode
8057,payload,281136,1,caught,1,decode
8058,bit_flip,3006699,1,caught,1,decode
8059,random_bytes,3203811,7,caught,1,decode
8060,zeroed_run,2294660,1316,caught,1,decode
8061,truncation,3934083,452158,caught,1,decode
8062,header,579,1,caught,1,decode
8063,payload,3763564,1,caught,1,decode
8064,bit_flip,1208382,1,caught,1,decode
8065,random_bytes,1802797,15,caught,1,decode
8066,zeroed_run,749988,1262,caught,1,decode
8067,truncation,4231507,154734,caught,1,decode
8068,header,173,1,caught,1,decode
8069,payload,33779,1,caught,1,decode
8070,bit_flip,947262,1,caught,1,decode
8071,random_bytes,3736695,2,caught,1,decode
8072,zeroed_run,1712645,750,SILENT,0,decode
8073,truncation,1502047,2884194,caught,1,decode
8074,header,122,1,caught,1,decode
8075,payload,61688,1,caught,1,decode
8076,bit_flip,1190124,1,SILENT,0,decode
8077,random_bytes,2852630,15,caught,1,decode
8078,zeroed_run,3708398,1026,caught,1,decode
8079,truncation,1482642,2903599,caught,1,decode
8080,header,324,1,SILENT,0,decode
8081,payload,612373,1,caught,1,decode
8082,bit_flip,1257415,1,caught,1,decode
8083,random_bytes,3672972,5,caught,1,decode
8084,zeroed_run,2340468,1385,caught,1,decode
8085,truncation,4054081,332160,caught,1,decode
8086,header,326,1,SILENT,0,decode
8087,payload,3143962,1,caught,1,decode
8088,bit_flip,2331327,1,caught,1,decode
8089,random_bytes,2373012,7,caught,1,decode
8090,zeroed_run,3485599,1121,caught,1,decode
8091,truncation,4069864,316377,caught,1,decode
8092,header,206,1,caught,1,decode
8093,payload,1057859,1,caught,1,decode
8094,bit_flip,2595553,1,caught,1,decode
8095,random_bytes,2381418,8,caught,1,decode
8096,zeroed_run,2257003,3021,caught,1,decode
8097,truncation,2990343,1395898,caught,1,decode
8098,header,513,1,caught,1,decode
8099,payload,792477,1,caught,1,decode
8100,bit_flip,290413,1,caught,1,decode
8101,random_bytes,2670349,13,caught,1,decode
8102,zeroed_run,3948996,292,caught,1,decode
8103,truncation,3903491,482750,caught,1,decode
8104,header,208,1,caught,1,decode
8105,payload,4366318,1,caught,1,decode
8106,bit_flip,3843198,1,caught,1,decode
8107,random_bytes,3690855,7,caught,1,decode
8108,zeroed_run,712560,338,caught,1,decode
8109,truncation,1626989,2759252,caught,1,decode
8110,header,878,1,caught,1,decode
8111,payload,1162733,1,caught,1,decode
8112,bit_flip,1553180,1,caught,1,decode
8113,random_bytes,1240252,9,caught,1,decode
8114,zeroed_run,3019603,173,caught,1,decode
8115,truncation,4172894,213347,caught,1,decode
8116,header,613,1,SILENT,0,decode
8117,payload,857320,1,caught,1,decode
8118,bit_flip,3895778,1,caught,1,decode
8119,random_bytes,977608,7,SILENT,0,decode
8120,zeroed_run,4282684,3278,caught,1,decode
8121,truncation,658368,3727873,caught,1,decode
8122,header,278,1,caught,1,decode
8123,payload,4317596,1,caught,1,decode
8124,bit_flip,861071,1,caught,1,decode
8125,random_bytes,2352230,11,caught,1,decode
8126,zeroed_run,1899861,90,caught,1,decode
8127,truncation,2246320,2139921,caught,1,decode
8128,header,1015,1,caught,1,decode
8129,payload,738930,1,caught,1,decode
8130,bit_flip,1908847,1,caught,1,decode
8131,random_bytes,3535274,10,caught,1,decode
8132,zeroed_run,3993144,2077,caught,1,decode
8133,truncation,4223325,162916,caught,1,decode
8134,header,29,1,harmless,0,decode
8135,payload,3740613,1,caught,1,decode
8136,bit_flip,722206,1,caught,1,decode
8137,random_bytes,1743515,3,caught,1,decode
8138,zeroed_run,3464304,2525,caught,1,decode
8139,truncation,849867,3536374,caught,1,decode
8140,header,343,1,caught,1,decode
8141,payload,2119835,1,caught,1,decode
8142,bit_flip,3487869,1,caught,1,decode
8143,random_bytes,3055319,1,caught,1,decode
8144,zeroed_run,3948429,3325,caught,1,decode
8145,truncation,3675485,710756,caught,1,decode
8146,header,702,1,caught,1,decode
8147,payload,4206421,1,caught,1,decode
8148,bit_flip,1947686,1,caught,1,decode
8149,random_bytes,2317290,8,caught,1,decode
8150,zeroed_run,489859,3166,caught,1,decode
8151,truncation,2877977,1508264,caught,1,decode
8152,header,844,1,SILENT,0,decode
8153,payload,2706055,1,caught,1,decode
8154,bit_flip,3581928,1,SILENT,0,decode
8155,random_bytes,2618385,7,caught,1,decode
8156,zeroed_run,3950021,1929,caught,1,decode
8157,truncation,3941031,445210,caught,1,decode
8158,header,599,1,caught,1,decode
8159,payload,4182029,1,caught,1,decode
8160,bit_flip,2343807,1,caught,1,decode
8161,random_bytes,1850914,11,SILENT,0,decode
8162,zeroed_run,2009358,3057,SILENT,0,decode
8163,truncation,1058479,3327762,caught,1,decode
8164,header,512,1,caught,1,decode
8165,payload,2672432,1,caught,1,decode
8166,bit_flip,2874759,1,caught,1,decode
8167,random_bytes,3448263,12,caught,1,decode
8168,zeroed_run,1922481,443,caught,1,decode
8169,truncation,391340,3994901,caught,1,decode
8170,header,654,1,caught,1,decode
8171,payload,1197162,1,SILENT,0,decode
8172,bit_flip,2219992,1,caught,1,decode
8173,random_bytes,3093926,8,caught,1,decode
8174,zeroed_run,2276118,1671,caught,1,decode
8175,truncation,161401,4224840,caught,1,decode
8176,header,85,1,caught,1,decode
8177,payload,1649399,1,caught,1,decode
8178,bit_flip,4353362,1,caught,1,decode
8179,random_bytes,1789105,2,caught,1,decode
8180,zeroed_run,2087044,2623,caught,1,decode
8181,truncation,182508,4203733,caught,1,decode
8182,header,884,1,SILENT,0,decode
8183,payload,1610709,1,SILENT,0,decode
8184,bit_flip,2732313,1,caught,1,decode
8185,random_bytes,1967780,11,caught,1,decode
8186,zeroed_run,1644859,1005,caught,1,decode
8187,truncation,2785151,1601090,caught,1,decode
8188,header,451,1,caught,1,decode
8189,payload,1143978,1,caught,1,decode
8190,bit_flip,2908284,1,caught,1,decode
8191,random_bytes,1282999,15,caught,1,decode
8192,zeroed_run,2677826,472,caught,1,decode
8193,truncation,2704569,1681672,caught,1,decode
8194,header,510,1,harmless,0,decode
8195,payload,3192477,1,caught,1,decode
8196,bit_flip,741456,1,caught,1,decode
8197,random_bytes,2215154,12,caught,1,decode
8198,zeroed_run,853640,459,caught,1,decode
8199,truncation,3130211,1256030,caught,1,decode
8200,header,111,1,caught,1,decode
8201,payload,1132920,1,caught,1,decode
8202,bit_flip,1959852,1,caught,1,decode
8203,random_bytes,3765645,8,caught,1,decode
8204,zeroed_run,4165256,820,caught,1,decode
8205,truncation,3145783,1240458,caught,1,decode
8206,header,319,1,caught,1,decode
8207,payload,68958,1,caught,1,decode
8208,bit_flip,3642691,1,caught,1,decode
8209,random_bytes,62688,14,caught,1,decode
8210,zeroed_run,3431492,3092,caught,1,decode
8211,truncation,2860691,1525550,caught,1,decode
8212,header,306,1,caught,1,decode
8213,payload,3945493,1,caught,1,decode
8214,bit_flip,2692941,1,caught,1,decode
8215,random_bytes,3319076,12,SILENT,0,decode
8216,zeroed_run,2262780,3779,caught,1,decode
8217,truncation,269638,4116603,caught,1,decode
8218,header,669,1,SILENT,0,decode
8219,payload,3917521,1,caught,1,decode
8220,bit_flip,673698,1,caught,1,decode
8221,random_bytes,173198,16,caught,1,decode
8222,zeroed_run,704124,3439,caught,1,decode
8223,truncation,1372376,3013865,caught,1,decode
8224,header,836,1,SILENT,0,decode
8225,payload,2748623,1,caught,1,decode
8226,bit_flip,1772759,1,caught,1,decode
8227,random_bytes,2835714,2,caught,1,decode
8228,zeroed_run,3812682,3481,caught,1,decode
8229,truncation,3782292,603949,caught,1,decode
8230,header,462,1,caught,1,decode
8231,payload,3025906,1,caught,1,decode
8232,bit_flip,3942499,1,caught,1,decode
8233,random_bytes,30850,11,caught,1,decode
8234,zeroed_run,276893,2282,caught,1,decode
8235,truncation,2277234,2109007,caught,1,decode
8236,header,0,1,caught,1,decode
8237,payload,2555683,1,caught,1,decode
8238,bit_flip,3956541,1,caught,1,decode
8239,random_bytes,3145539,6,caught,1,decode
8240,zeroed_run,3052589,2152,caught,1,decode
8241,truncation,3350406,1035835,caught,1,decode
8242,header,276,1,SILENT,0,decode
8243,payload,4209168,1,caught,1,decode
8244,bit_flip,1126008,1,caught,1,decode
8245,random_bytes,2939878,8,caught,1,decode
8246,zeroed_run,3912467,3730,caught,1,decode
8247,truncation,2256441,2129800,caught,1,decode
8248,header,983,1,caught,1,decode
8249,payload,1628782,1,caught,1,decode
8250,bit_flip,455855,1,caught,1,decode
8251,random_bytes,3735706,8,caught,1,decode
8252,zeroed_run,4130027,328,caught,1,decode
8253,truncation,1141503,3244738,caught,1,decode
8254,header,850,1,caught,1,decode
8255,payload,87937,1,caught,1,decode
8256,bit_flip,1197666,1,SILENT,0,decode
8257,random_bytes,1104739,12,caught,1,decode
8258,zeroed_run,3468692,1103,caught,1,decode
8259,truncation,4033275,352966,caught,1,decode
8260,header,75,1,caught,1,decode
8261,payload,19013,1,caught,1,decode
8262,bit_flip,1610282,1,SILENT,0,decode
8263,random_bytes,4355733,4,caught,1,decode
8264,zeroed_run,477972,3994,caught,1,decode
8265,truncation,4214071,172170,caught,1,decode
8266,header,862,1,SILENT,0,decode
8267,payload,3624546,1,caught,1,decode
8268,bit_flip,3621407,1,caught,1,decode
8269,random_bytes,2610407,15,caught,1,decode
8270,zeroed_run,1904408,3154,caught,1,decode
8271,truncation,3893711,492530,caught,1,decode
8272,header,624,1,caught,1,decode
8273,payload,1125553,1,caught,1,decode
8274,bit_flip,4038280,1,caught,1,decode
8275,random_bytes,2291301,15,caught,1,decode
8276,zeroed_run,2510665,148,caught,1,decode
8277,truncation,4319870,66371,caught,1,decode
8278,header,104,1,caught,1,decode
8279,payload,1815252,1,SILENT,0,decode
8280,bit_flip,93896,1,caught,1,decode
8281,random_bytes,1107238,12,caught,1,decode
8282,zeroed_run,919248,3921,SILENT,0,decode
8283,truncation,3879223,507018,caught,1,decode
8284,header,568,1,caught,1,decode
8285,payload,595828,1,caught,1,decode
8286,bit_flip,155549,1,caught,1,decode
8287,random_bytes,2750047,12,caught,1,decode
8288,zeroed_run,1453712,358,caught,1,decode
8289,truncation,2249217,2137024,caught,1,decode
8290,header,401,1,caught,1,decode
8291,payload,999544,1,caught,1,decode
8292,bit_flip,2596998,1,caught,1,decode
8293,random_bytes,1319376,15,caught,1,decode
8294,zeroed_run,3708955,1188,caught,1,decode
8295,truncation,4207115,179126,caught,1,decode
8296,header,232,1,caught,1,decode
8297,payload,842019,1,caught,1,decode
8298,bit_flip,3302915,1,caught,1,decode
8299,random_bytes,3765867,14,caught,1,decode
8300,zeroed_run,3252555,1158,caught,1,decode
8301,truncation,2075365,2310876,caught,1,decode
8302,header,465,1,caught,1,decode
8303,payload,942870,1,caught,1,decode
8304,bit_flip,961544,1,caught,1,decode
8305,random_bytes,1836270,4,caught,1,decode
8306,zeroed_run,346550,4043,caught,1,decode
8307,truncation,858650,3527591,caught,1,decode
8308,header,237,1,caught,1,decode
8309,payload,3504323,1,caught,1,decode
8310,bit_flip,847477,1,caught,1,decode
8311,random_bytes,1017806,9,caught,1,decode
8312,zeroed_run,3353514,2718,caught,1,decode
8313,truncation,3494838,891403,caught,1,decode
8314,header,676,1,harmless,0,decode
8315,payload,4165445,1,caught,1,decode
8316,bit_flip,1963451,1,caught,1,decode
8317,random_bytes,775549,15,caught,1,decode
8318,zeroed_run,233391,815,caught,1,decode
8319,truncation,227202,4159039,caught,1,decode
8320,header,939,1,caught,1,decode
8321,payload,89573,1,caught,1,decode
8322,bit_flip,3091681,1,caught,1,decode
8323,random_bytes,1032814,12,caught,1,decode
8324,zeroed_run,3736250,1362,caught,1,decode
8325,truncation,2788585,1597656,caught,1,decode
8326,header,994,1,caught,1,decode
8327,payload,945953,1,caught,1,decode
8328,bit_flip,1086450,1,caught,1,decode
8329,random_bytes,1773488,5,caught,1,decode
8330,zeroed_run,863437,1685,caught,1,decode
8331,truncation,823222,3563019,caught,1,decode
8332,header,336,1,caught,1,decode
8333,payload,2219986,1,caught,1,decode
8334,bit_flip,4385247,1,caught,1,decode
8335,random_bytes,756330,3,caught,1,decode
8336,zeroed_run,354528,3391,caught,1,decode
8337,truncation,2425273,1960968,caught,1,decode
8338,header,149,1,caught,1,decode
8339,payload,2829159,1,caught,1,decode
8340,bit_flip,4328690,1,caught,1,decode
8341,random_bytes,2878813,12,caught,1,decode
8342,zeroed_run,1037061,2252,caught,1,decode
8343,truncation,223641,4162600,caught,1,decode
8344,header,753,1,caught,1,decode
8345,payload,803172,1,caught,1,decode
8346,bit_flip,35213,1,caught,1,decode
8347,random_bytes,3934070,9,caught,1,decode
8348,zeroed_run,2413247,2981,caught,1,decode
8349,truncation,3963100,423141,caught,1,decode
8350,header,385,1,caught,1,decode
8351,payload,3187348,1,caught,1,decode
8352,bit_flip,1248871,1,caught,1,decode
8353,random_bytes,931475,16,caught,1,decode
8354,zeroed_run,3275192,375,caught,1,decode
8355,truncation,204062,4182179,caught,1,decode
8356,header,425,1,caught,1,decode
8357,payload,1315157,1,caught,1,decode
8358,bit_flip,4163095,1,caught,1,decode
8359,random_bytes,670074,8,caught,1,decode
8360,zeroed_run,4365364,2993,caught,1,decode
8361,truncation,2970306,1415935,caught,1,decode
8362,header,762,1,caught,1,decode
8363,payload,2127153,1,caught,1,decode
8364,bit_flip,2020819,1,SILENT,0,decode
8365,random_bytes,3134590,4,SILENT,0,decode
8366,zeroed_run,761994,835,caught,1,decode
8367,truncation,1172357,3213884,caught,1,decode
8368,header,433,1,caught,1,decode
8369,payload,647938,1,caught,1,decode
8370,bit_flip,4090117,1,caught,1,decode
8371,random_bytes,1965758,15,caught,1,decode
8372,zeroed_run,114020,2594,caught,1,decode
8373,truncation,1041139,3345102,caught,1,decode
8374,header,659,1,caught,1,decode
8375,payload,3758074,1,caught,1,decode
8376,bit_flip,1032046,1,caught,1,decode
8377,random_bytes,466219,15,caught,1,decode
8378,zeroed_run,2537523,2310,caught,1,decode
8379,truncation,2170766,2215475,caught,1,decode
8380,header,932,1,SILENT,0,decode
8381,payload,530945,1,caught,1,decode
8382,bit_flip,2374810,1,caught,1,decode
8383,random_bytes,396096,5,caught,1,decode
8384,zeroed_run,1015899,825,caught,1,decode
8385,truncation,633965,3752276,caught,1,decode
8386,header,476,1,SILENT,0,decode
8387,payload,1303596,1,caught,1,decode
8388,bit_flip,111668,1,caught,1,decode
8389,random_bytes,620800,14,caught,1,decode
8390,zeroed_run,4318259,3007,caught,1,decode
8391,truncation,2439199,1947042,caught,1,decode
8392,header,196,1,SILENT,0,decode
8393,payload,2455166,1,caught,1,decode
8394,bit_flip,3627469,1,caught,1,decode
8395,random_bytes,3898819,2,caught,1,decode
8396,zeroed_run,2999999,2698,caught,1,decode
8397,truncation,336358,4049883,caught,1,decode
8398,header,951,1,caught,1,decode
8399,payload,692268,1,caught,1,decode
8400,bit_flip,2125922,1,caught,1,decode
8401,random_bytes,770781,8,caught,1,decode
8402,zeroed_run,1179849,3120,caught,1,decode
8403,truncation,3376237,1010004,caught,1,decode
8404,header,1014,1,caught,1,decode
8405,payload,2358138,1,SILENT,0,decode
8406,bit_flip,2065082,1,caught,1,decode
8407,random_bytes,3403585,10,caught,1,decode
8408,zeroed_run,1148878,451,caught,1,decode
8409,truncation,3376122,1010119,caught,1,decode
8410,header,562,1,caught,1,decode
8411,payload,548268,1,caught,1,decode
8412,bit_flip,891257,1,caught,1,decode
8413,random_bytes,1484034,12,caught,1,decode
8414,zeroed_run,2469250,1777,caught,1,decode
8415,truncation,30738,4355503,caught,1,decode
8416,header,814,1,caught,1,decode
8417,payload,1592719,1,caught,1,decode
8418,bit_flip,1132801,1,caught,1,decode
8419,random_bytes,1133198,4,caught,1,decode
8420,zeroed_run,3771296,415,caught,1,decode
8421,truncation,3784147,602094,caught,1,decode
8422,header,183,1,caught,1,decode
8423,payload,4071148,1,SILENT,0,decode
8424,bit_flip,1816522,1,SILENT,0,decode
8425,random_bytes,3811778,4,caught,1,decode
8426,zeroed_run,1966339,2250,caught,1,decode
8427,truncation,2697784,1688457,caught,1,decode
8428,header,888,1,caught,1,decode
8429,payload,3240301,1,caught,1,decode
8430,bit_flip,1221283,1,caught,1,decode
8431,random_bytes,1321358,16,caught,1,decode
8432,zeroed_run,233524,2451,caught,1,decode
8433,truncation,1393119,2993122,caught,1,decode
8434,header,36,1,caught,1,decode
8435,payload,4038520,1,caught,1,decode
8436,bit_flip,2759586,1,caught,1,decode
8437,random_bytes,3509726,15,caught,1,decode
8438,zeroed_run,3643634,3091,caught,1,decode
8439,truncation,4180585,205656,caught,1,decode
8440,header,219,1,caught,1,decode
8441,payload,1684113,1,caught,1,decode
8442,bit_flip,2125063,1,caught,1,decode
8443,random_bytes,4380061,6,caught,1,decode
8444,zeroed_run,1780363,2665,caught,1,decode
8445,truncation,796972,3589269,caught,1,decode
8446,header,494,1,caught,1,decode
8447,payload,340992,1,caught,1,decode
8448,bit_flip,1764785,1,caught,1,decode
8449,random_bytes,2855146,2,caught,1,decode
8450,zeroed_run,2708483,2439,caught,1,decode
8451,truncation,3536212,850029,caught,1,decode
8452,header,350,1,caught,1,decode
8453,payload,3768980,1,caught,1,decode
8454,bit_flip,3780272,1,caught,1,decode
8455,random_bytes,723711,4,caught,1,decode
8456,zeroed_run,2540137,1569,caught,1,decode
8457,truncation,1750609,2635632,caught,1,decode
8458,header,813,1,caught,1,decode
8459,payload,585601,1,caught,1,decode
8460,bit_flip,3600379,1,SILENT,0,decode
8461,random_bytes,3912,2,caught,1,decode
8462,zeroed_run,3320856,350,SILENT,0,decode
8463,truncation,2888631,1497610,caught,1,decode
8464,header,322,1,caught,1,decode
8465,payload,4191942,1,caught,1,decode
8466,bit_flip,4010892,1,caught,1,decode
8467,random_bytes,3790778,8,caught,1,decode
8468,zeroed_run,797573,1209,caught,1,decode
8469,truncation,2932847,1453394,caught,1,decode
8470,header,995,1,caught,1,decode
8471,payload,415940,1,SILENT,0,decode
8472,bit_flip,2592852,1,caught,1,decode
8473,random_bytes,1135835,4,caught,1,decode
8474,zeroed_run,1020475,660,caught,1,decode
8475,truncation,3081799,1304442,caught,1,decode
8476,header,823,1,caught,1,decode
8477,payload,493342,1,caught,1,decode
8478,bit_flip,2287140,1,caught,1,decode
8479,random_bytes,1193354,3,SILENT,0,decode
8480,zeroed_run,1956573,3933,caught,1,decode
8481,truncation,643795,3742446,caught,1,decode
8482,header,872,1,caught,1,decode
8483,payload,3885601,1,SILENT,0,decode
8484,bit_flip,1333541,1,caught,1,decode
8485,random_bytes,1522998,10,caught,1,decode
8486,zeroed_run,3833200,2515,caught,1,decode
8487,truncation,2061393,2324848,caught,1,decode
8488,header,428,1,harmless,0,decode
8489,payload,2049931,1,caught,1,decode
8490,bit_flip,2968472,1,caught,1,decode
8491,random_bytes,2813597,2,caught,1,decode
8492,zeroed_run,3142255,2989,caught,1,decode
8493,truncation,3745840,640401,caught,1,decode
8494,header,297,1,caught,1,decode
8495,payload,445608,1,caught,1,decode
8496,bit_flip,1192749,1,SILENT,0,decode
8497,random_bytes,2911790,6,caught,1,decode
8498,zeroed_run,1150201,2145,caught,1,decode
8499,truncation,4152649,233592,caught,1,decode
8500,header,530,1,caught,1,decode
8501,payload,3685139,1,caught,1,decode
8502,bit_flip,2804969,1,caught,1,decode
8503,random_bytes,4036464,15,caught,1,decode
8504,zeroed_run,1146088,3731,caught,1,decode
8505,truncation,3207398,1178843,caught,1,decode
8506,header,1013,1,caught,1,decode
8507,payload,2708381,1,caught,1,decode
8508,bit_flip,715085,1,caught,1,decode
8509,random_bytes,481066,5,caught,1,decode
8510,zeroed_run,2752052,4040,caught,1,decode
8511,truncation,1120534,3265707,caught,1,decode
8512,header,362,1,caught,1,decode
8513,payload,3214523,1,caught,1,decode
8514,bit_flip,3402906,1,caught,1,decode
8515,random_bytes,794923,10,caught,1,decode
8516,zeroed_run,2609187,3439,caught,1,decode
8517,truncation,866035,3520206,caught,1,decode
8518,header,148,1,SILENT,0,decode
8519,payload,1402638,1,caught,1,decode
8520,bit_flip,2937300,1,caught,1,decode
8521,random_bytes,3657309,3,caught,1,decode
8522,zeroed_run,1460646,4033,caught,1,decode
8523,truncation,3216407,1169834,caught,1,decode
8524,header,221,1,SILENT,0,decode
8525,payload,609848,1,caught,1,decode
8526,bit_flip,1596736,1,caught,1,decode
8527,random_bytes,2533091,7,caught,1,decode
8528,zeroed_run,3969175,2250,caught,1,decode
8529,truncation,812082,3574159,caught,1,decode
8530,header,465,1,caught,1,decode
8531,payload,608962,1,caught,1,decode
8532,bit_flip,2763690,1,caught,1,decode
8533,random_bytes,4026348,8,SILENT,0,decode
8534,zeroed_run,4199807,847,caught,1,decode
8535,truncation,3111200,1275041,caught,1,decode
8536,header,660,1,SILENT,0,decode
8537,payload,912145,1,SILENT,0,decode
8538,bit_flip,1799114,1,caught,1,decode
8539,random_bytes,630433,14,caught,1,decode
8540,zeroed_run,3245248,1876,caught,1,decode
8541,truncation,3446594,939647,caught,1,decode
8542,header,116,1,harmless,0,decode
8543,payload,1929572,1,caught,1,decode
8544,bit_flip,795955,1,caught,1,decode
8545,random_bytes,1199740,2,SILENT,0,decode
8546,zeroed_run,1159679,1090,caught,1,decode
8547,truncation,2883509,1502732,caught,1,decode
8548,header,687,1,caught,1,decode
8549,payload,1369602,1,caught,1,decode
8550,bit_flip,1546659,1,caught,1,decode
8551,random_bytes,877448,15,caught,1,decode
8552,zeroed_run,423993,3629,SILENT,0,decode
8553,truncation,913079,3473162,caught,1,decode
8554,header,730,1,caught,1,decode
8555,payload,3385939,1,caught,1,decode
8556,bit_flip,3494328,1,caught,1,decode
8557,random_bytes,177838,10,SILENT,0,decode
8558,zeroed_run,1350209,3746,caught,1,decode
8559,truncation,3509139,877102,caught,1,decode
8560,header,719,1,caught,1,decode
8561,payload,3432122,1,caught,1,decode
8562,bit_flip,2745166,1,caught,1,decode
8563,random_bytes,1668710,4,caught,1,decode
8564,zeroed_run,3377427,508,caught,1,decode
8565,truncation,2103551,2282690,caught,1,decode
8566,header,527,1,caught,1,decode
8567,payload,1346215,1,caught,1,decode
8568,bit_flip,567560,1,caught,1,decode
8569,random_bytes,929230,15,caught,1,decode
8570,zeroed_run,4351164,588,caught,1,decode
8571,truncation,2057445,2328796,caught,1,decode
8572,header,855,1,caught,1,decode
8573,payload,4076303,1,SILENT,0,decode
8574,bit_flip,254465,1,caught,1,decode
8575,random_bytes,220131,3,caught,1,decode
8576,zeroed_run,3844598,1099,caught,1,decode
8577,truncation,1936670,2449571,caught,1,decode
8578,header,503,1,caught,1,decode
8579,payload,4260163,1,caught,1,decode
8580,bit_flip,2727645,1,caught,1,decode
8581,random_bytes,2093958,1,caught,1,decode
8582,zeroed_run,2866291,944,caught,1,decode
8583,truncation,2099843,2286398,caught,1,decode
8584,header,163,1,caught,1,decode
8585,payload,1780080,1,caught,1,decode
8586,bit_flip,853985,1,caught,1,decode
8587,random_bytes,2639363,10,caught,1,decode
8588,zeroed_run,168491,396,caught,1,decode
8589,truncation,3554337,831904,caught,1,decode
8590,header,227,1,caught,1,decode
8591,payload,1526922,1,caught,1,decode
8592,bit_flip,2486672,1,caught,1,decode
8593,random_bytes,3815558,14,caught,1,decode
8594,zeroed_run,4283929,3176,caught,1,decode
8595,truncation,541913,3844328,caught,1,decode
8596,header,450,1,caught,1,decode
8597,payload,3165263,1,caught,1,decode
8598,bit_flip,1013106,1,caught,1,decode
8599,random_bytes,4145033,4,caught,1,decode
8600,zeroed_run,616270,1255,caught,1,decode
8601,truncation,1614951,2771290,caught,1,decode
8602,header,595,1,caught,1,decode
8603,payload,1393474,1,caught,1,decode
8604,bit_flip,383232,1,caught,1,decode
8605,random_bytes,3201075,1,caught,1,decode
8606,zeroed_run,85523,1460,caught,1,decode
8607,truncation,3925734,460507,caught,1,decode
8608,header,972,1,caught,1,decode
8609,payload,1885525,1,caught,1,decode
8610,bit_flip,3735986,1,caught,1,decode
8611,random_bytes,2490528,15,caught,1,decode
8612,zeroed_run,1218895,1987,caught,1,decode
8613,truncation,393482,3992759,caught,1,decode
8614,header,975,1,caught,1,decode
8615,payload,1140856,1,caught,1,decode
8616,bit_flip,4135819,1,caught,1,decode
8617,random_bytes,507332,2,caught,1,decode
8618,zeroed_run,3141431,3055,caught,1,decode
8619,truncation,2823099,1563142,caught,1,decode
8620,header,32,1,harmless,0,decode
8621,payload,668850,1,caught,1,decode
8622,bit_flip,4090436,1,caught,1,decode
8623,random_bytes,1083447,16,caught,1,decode
8624,zeroed_run,3418908,1413,caught,1,decode
8625,truncation,4230454,155787,caught,1,decode
8626,header,580,1,SILENT,0,decode
8627,payload,963416,1,SILENT,0,decode
8628,bit_flip,1902517,1,caught,1,decode
8629,random_bytes,3250029,1,caught,1,decode
8630,zeroed_run,2746355,945,caught,1,decode
8631,truncation,3598162,788079,caught,1,decode
8632,header,519,1,caught,1,decode
8633,payload,3553488,1,caught,1,decode
8634,bit_flip,3943803,1,caught,1,decode
8635,random_bytes,614092,7,caught,1,decode
8636,zeroed_run,3918343,3381,caught,1,decode
8637,truncation,904466,3481775,caught,1,decode
8638,header,507,1,caught,1,decode
8639,payload,1124379,1,caught,1,decode
8640,bit_flip,2048029,1,caught,1,decode
8641,random_bytes,2131724,5,caught,1,decode
8642,zeroed_run,2396882,526,caught,1,decode
8643,truncation,602735,3783506,caught,1,decode
8644,header,795,1,caught,1,decode
8645,payload,2713182,1,caught,1,decode
8646,bit_flip,2323169,1,caught,1,decode
8647,random_bytes,1692681,13,caught,1,decode
8648,zeroed_run,3646934,3106,caught,1,decode
8649,truncation,1215584,3170657,caught,1,decode
8650,header,186,1,caught,1,decode
8651,payload,1224791,1,caught,1,decode
8652,bit_flip,3234522,1,caught,1,decode
8653,random_bytes,349766,13,caught,1,decode
8654,zeroed_run,1087562,3933,caught,1,decode
8655,truncation,150385,4235856,caught,1,decode
8656,header,744,1,caught,1,decode
8657,payload,1241575,1,caught,1,decode
8658,bit_flip,1164081,1,caught,1,decode
8659,random_bytes,2324422,7,caught,1,decode
8660,zeroed_run,1449663,2480,caught,1,decode
8661,truncation,3205188,1181053,caught,1,decode
8662,header,816,1,caught,1,decode
8663,payload,3195853,1,caught,1,decode
8664,bit_flip,3302734,1,caught,1,decode
8665,random_bytes,886874,13,caught,1,decode
8666,zeroed_run,239305,2844,caught,1,decode
8667,truncation,833898,3552343,caught,1,decode
8668,header,130,1,caught,1,decode
8669,payload,3971972,1,caught,1,decode
8670,bit_flip,3597415,1,SILENT,0,decode
8671,random_bytes,2418878,6,caught,1,decode
8672,zeroed_run,669405,3986,caught,1,decode
8673,truncation,691841,3694400,caught,1,decode
8674,header,871,1,caught,1,decode
8675,payload,3398501,1,caught,1,decode
8676,bit_flip,1202050,1,SILENT,0,decode
8677,random_bytes,3473478,13,caught,1,decode
8678,zeroed_run,2840371,2460,caught,1,decode
8679,truncation,929884,3456357,caught,1,decode
8680,header,448,1,caught,1,decode
8681,payload,1422654,1,caught,1,decode
8682,bit_flip,3701185,1,caught,1,decode
8683,random_bytes,894615,9,caught,1,decode
8684,zeroed_run,1533941,1515,caught,1,decode
8685,truncation,2100855,2285386,caught,1,decode
8686,header,595,1,caught,1,decode
8687,payload,3589468,1,SILENT,0,decode
8688,bit_flip,4381112,1,caught,1,decode
8689,random_bytes,384547,13,caught,1,decode
8690,zeroed_run,990407,2967,caught,1,decode
8691,truncation,371213,4015028,caught,1,decode
8692,header,252,1,SILENT,0,decode
8693,payload,2086835,1,caught,1,decode
8694,bit_flip,1143742,1,caught,1,decode
8695,random_bytes,1028014,6,caught,1,decode
8696,zeroed_run,2903578,3072,caught,1,decode
8697,truncation,3813575,572666,caught,1,decode
8698,header,340,1,harmless,0,decode
8699,payload,11808,1,caught,1,decode
8700,bit_flip,206275,1,SILENT,0,decode
8701,random_bytes,1426842,15,caught,1,decode
8702,zeroed_run,1561040,2222,caught,1,decode
8703,truncation,1241125,3145116,caught,1,decode
8704,header,515,1,caught,1,decode
8705,payload,2886529,1,caught,1,decode
8706,bit_flip,4170969,1,caught,1,decode
8707,random_bytes,1442734,9,caught,1,decode
8708,zeroed_run,2685003,1944,caught,1,decode
8709,truncation,2572256,1813985,caught,1,decode
8710,header,968,1,caught,1,decode
8711,payload,3219655,1,caught,1,decode
8712,bit_flip,3275423,1,caught,1,decode
8713,random_bytes,392559,12,caught,1,decode
8714,zeroed_run,2872488,915,caught,1,decode
8715,truncation,915902,3470339,caught,1,decode
8716,header,70,1,SILENT,0,decode
8717,payload,1283921,1,caught,1,decode
8718,bit_flip,2420605,1,caught,1,decode
8719,random_bytes,687221,6,caught,1,decode
8720,zeroed_run,3114830,1283,caught,1,decode
8721,truncation,2880417,1505824,caught,1,decode
8722,header,834,1,caught,1,decode
8723,payload,524813,1,caught,1,decode
8724,bit_flip,3498622,1,caught,1,decode
8725,random_bytes,2494974,6,caught,1,decode
8726,zeroed_run,869610,2193,caught,1,decode
8727,truncation,1285175,3101066,caught,1,decode
8728,header,849,1,caught,1,decode
8729,payload,2211959,1,caught,1,decode
8730,bit_flip,3669806,1,caught,1,decode
8731,random_bytes,4363266,12,caught,1,decode
8732,zeroed_run,2556341,3960,caught,1,decode
8733,truncation,2111627,2274614,caught,1,decode
8734,header,1022,1,caught,1,decode
8735,payload,3104000,1,caught,1,decode
8736,bit_flip,1481573,1,caught,1,decode
8737,random_bytes,4174286,5,caught,1,decode
8738,zeroed_run,385157,2404,caught,1,decode
8739,truncation,4303670,82571,caught,1,decode
8740,header,767,1,caught,1,decode
8741,payload,2629822,1,caught,1,decode
8742,bit_flip,1741027,1,caught,1,decode
8743,random_bytes,3585173,15,SILENT,0,decode
8744,zeroed_run,520753,1874,caught,1,decode
8745,truncation,1327835,3058406,caught,1,decode
8746,header,523,1,caught,1,decode
8747,payload,3823422,1,caught,1,decode
8748,bit_flip,1195668,1,SILENT,0,decode
8749,random_bytes,486311,10,caught,1,decode
8750,zeroed_run,242160,1424,caught,1,decode
8751,truncation,1185982,3200259,caught,1,decode
8752,header,759,1,caught,1,decode
8753,payload,2229819,1,caught,1,decode
8754,bit_flip,1941885,1,SILENT,0,decode
8755,random_bytes,414677,12,SILENT,0,decode
8756,zeroed_run,4133464,3653,caught,1,decode
8757,truncation,1620076,2766165,caught,1,decode
8758,header,206,1,caught,1,decode
8759,payload,4136484,1,caught,1,decode
8760,bit_flip,2502109,1,caught,1,decode
8761,random_bytes,687792,16,caught,1,decode
8762,zeroed_run,772121,2957,caught,1,decode
8763,truncation,2475338,1910903,caught,1,decode
8764,header,381,1,harmless,0,decode
8765,payload,2748269,1,caught,1,decode
8766,bit_flip,4164116,1,caught,1,decode
8767,random_bytes,2821389,1,caught,1,decode
8768,zeroed_run,1897614,3030,caught,1,decode
8769,truncation,1953777,2432464,caught,1,decode
8770,header,177,1,caught,1,decode
8771,payload,1693825,1,caught,1,decode
8772,bit_flip,1718254,1,SILENT,0,decode
8773,random_bytes,3358288,9,caught,1,decode
8774,zeroed_run,3954923,3941,caught,1,decode
8775,truncation,1303006,3083235,caught,1,decode
8776,header,281,1,caught,1,decode
8777,payload,1601785,1,caught,1,decode
8778,bit_flip,3216368,1,caught,1,decode
8779,random_bytes,3462786,2,caught,1,decode
8780,zeroed_run,3969551,1373,caught,1,decode
8781,truncation,1278613,3107628,caught,1,decode
8782,header,606,1,caught,1,decode
8783,payload,4179226,1,caught,1,decode
8784,bit_flip,715790,1,caught,1,decode
8785,random_bytes,707686,5,caught,1,decode
8786,zeroed_run,2507337,905,caught,1,decode
8787,truncation,1176644,3209597,caught,1,decode
8788,header,90,1,caught,1,decode
8789,payload,1002903,1,caught,1,decode
8790,bit_flip,681879,1,caught,1,decode
8791,random_bytes,3695445,14,caught,1,decode
8792,zeroed_run,4370846,941,caught,1,decode
8793,truncation,3914008,472233,caught,1,decode
8794,header,98,1,caught,1,decode
8795,payload,3340380,1,caught,1,decode
8796,bit_flip,3385031,1,caught,1,decode
8797,random_bytes,1216322,6,caught,1,decode
8798,zeroed_run,3311181,4031,caught,1,decode
8799,truncation,599673,3786568,caught,1,decode
8800,header,947,1,caught,1,decode
8801,payload,4266780,1,caught,1,decode
8802,bit_flip,3164593,1,caught,1,decode
8803,random_bytes,190784,15,SILENT,0,decode
8804,zeroed_run,1511763,2414,caught,1,decode
8805,truncation,436698,3949543,caught,1,decode
8806,header,789,1,caught,1,decode
8807,payload,2613284,1,caught,1,decode
8808,bit_flip,3273062,1,caught,1,decode
8809,random_bytes,3774406,7,caught,1,decode
8810,zeroed_run,849548,776,caught,1,decode
8811,truncation,3390890,995351,caught,1,decode
8812,header,979,1,caught,1,decode
8813,payload,2526501,1,caught,1,decode
8814,bit_flip,3308941,1,caught,1,decode
8815,random_bytes,3641895,3,caught,1,decode
8816,zeroed_run,263432,273,caught,1,decode
8817,truncation,3256789,1129452,caught,1,decode
8818,header,655,1,caught,1,decode
8819,payload,212363,1,caught,1,decode
8820,bit_flip,3330180,1,SILENT,0,decode
8821,random_bytes,4311698,2,caught,1,decode
8822,zeroed_run,4308257,1562,caught,1,decode
8823,truncation,1176178,3210063,caught,1,decode
8824,header,358,1,harmless,0,decode
8825,payload,3647959,1,caught,1,decode
8826,bit_flip,1522360,1,caught,1,decode
8827,random_bytes,60089,16,caught,1,decode
8828,zeroed_run,285432,2045,caught,1,decode
8829,truncation,319804,4066437,caught,1,decode
8830,header,121,1,caught,1,decode
8831,payload,631043,1,caught,1,decode
8832,bit_flip,1852159,1,SILENT,0,decode
8833,random_bytes,3339897,3,caught,1,decode
8834,zeroed_run,94193,1037,caught,1,decode
8835,truncation,3244656,1141585,caught,1,decode
8836,header,605,1,SILENT,0,decode
8837,payload,3263920,1,caught,1,decode
8838,bit_flip,470559,1,caught,1,decode
8839,random_bytes,2529108,9,caught,1,decode
8840,zeroed_run,1198326,466,SILENT,0,decode
8841,truncation,2017327,2368914,caught,1,decode
8842,header,255,1,caught,1,decode
8843,payload,3485472,1,caught,1,decode
8844,bit_flip,2999861,1,caught,1,decode
8845,random_bytes,3306339,9,caught,1,decode
8846,zeroed_run,246383,1671,caught,1,decode
8847,truncation,894093,3492148,caught,1,decode
8848,header,597,1,caught,1,decode
8849,payload,2959780,1,caught,1,decode
8850,bit_flip,219002,1,caught,1,decode
8851,random_bytes,3581899,6,SILENT,0,decode
8852,zeroed_run,1783615,3005,caught,1,decode
8853,truncation,3989344,396897,caught,1,decode
8854,header,535,1,caught,1,decode
8855,payload,767683,1,caught,1,decode
8856,bit_flip,602737,1,caught,1,decode
8857,random_bytes,1236087,6,caught,1,decode
8858,zeroed_run,892764,2348,caught,1,decode
8859,truncation,2852728,1533513,caught,1,decode
8860,header,701,1,harmless,0,decode
8861,payload,3717912,1,caught,1,decode
8862,bit_flip,3924538,1,caught,1,decode
8863,random_bytes,1958758,5,caught,1,decode
8864,zeroed_run,1611330,1731,SILENT,0,decode
8865,truncation,2455132,1931109,caught,1,decode
8866,header,912,1,caught,1,decode
8867,payload,471372,1,caught,1,decode
8868,bit_flip,372771,1,caught,1,decode
8869,random_bytes,1850488,13,SILENT,0,decode
8870,zeroed_run,2535019,582,caught,1,decode
8871,truncation,2856972,1529269,caught,1,decode
8872,header,1013,1,caught,1,decode
8873,payload,2260975,1,caught,1,decode
8874,bit_flip,483296,1,caught,1,decode
8875,random_bytes,4075853,11,SILENT,0,decode
8876,zeroed_run,2658878,141,caught,1,decode
8877,truncation,959975,3426266,caught,1,decode
8878,header,60,1,caught,1,decode
8879,payload,3681148,1,caught,1,decode
8880,bit_flip,3392358,1,caught,1,decode
8881,random_bytes,1763891,11,caught,1,decode
8882,zeroed_run,2220878,2355,caught,1,decode
8883,truncation,3477375,908866,caught,1,decode
8884,header,524,1,harmless,0,decode
8885,payload,949167,1,caught,1,decode
8886,bit_flip,562663,1,caught,1,decode
8887,random_bytes,3248044,1,caught,1,decode
8888,zeroed_run,995310,713,caught,1,decode
8889,truncation,1411120,2975121,caught,1,decode
8890,header,510,1,caught,1,decode
8891,payload,3331688,1,SILENT,0,decode
8892,bit_flip,2967105,1,caught,1,decode
8893,random_bytes,3759728,9,caught,1,decode
8894,zeroed_run,3912908,3958,caught,1,decode
8895,truncation,3836648,549593,caught,1,decode
8896,header,735,1,caught,1,decode
8897,payload,377714,1,caught,1,decode
8898,bit_flip,2475079,1,caught,1,decode
8899,random_bytes,2488061,1,caught,1,decode
8900,zeroed_run,354981,1875,caught,1,decode
8901,truncation,2960531,1425710,caught,1,decode
8902,header,1005,1,caught,1,decode
8903,payload,568894,1,caught,1,decode
8904,bit_flip,2329725,1,caught,1,decode
8905,random_bytes,360905,9,caught,1,decode
8906,zeroed_run,3033197,1457,caught,1,decode
8907,truncation,4279778,106463,caught,1,decode
8908,header,882,1,caught,1,decode
8909,payload,292584,1,caught,1,decode
8910,bit_flip,2210454,1,caught,1,decode
8911,random_bytes,3518125,12,caught,1,decode
8912,zeroed_run,2363238,1978,caught,1,decode
8913,truncation,3277698,1108543,caught,1,decode
8914,header,776,1,caught,1,decode
8915,payload,3700833,1,caught,1,decode
8916,bit_flip,1757666,1,caught,1,decode
8917,random_bytes,3526644,4,caught,1,decode
8918,zeroed_run,740891,3701,caught,1,decode
8919,truncation,357618,4028623,caught,1,decode
8920,header,636,1,harmless,0,decode
8921,payload,1714723,1,SILENT,0,decode
8922,bit_flip,3831218,1,caught,1,decode
8923,random_bytes,4310061,13,caught,1,decode
8924,zeroed_run,2993342,800,caught,1,decode
8925,truncation,2790094,1596147,caught,1,decode
8926,header,390,1,SILENT,0,decode
8927,payload,4025986,1,SILENT,0,decode
8928,bit_flip,630212,1,caught,1,decode
8929,random_bytes,1321726,12,caught,1,decode
8930,zeroed_run,3901933,104,caught,1,decode
8931,truncation,1849366,2536875,caught,1,decode
8932,header,469,1,caught,1,decode
8933,payload,2722946,1,caught,1,decode
8934,bit_flip,2487490,1,caught,1,decode
8935,random_bytes,1297487,12,caught,1,decode
8936,zeroed_run,1958591,4023,caught,1,decode
8937,truncation,1738656,2647585,caught,1,decode
8938,header,693,1,caught,1,decode
8939,payload,438399,1,caught,1,decode
8940,bit_flip,1634563,1,caught,1,decode
8941,random_bytes,39997,1,caught,1,decode
8942,zeroed_run,4212037,251,caught,1,decode
8943,truncation,1828649,2557592,caught,1,decode
8944,header,303,1,caught,1,decode
8945,payload,3950320,1,caught,1,decode
8946,bit_flip,1333624,1,caught,1,decode
8947,random_bytes,1709214,5,caught,1,decode
8948,zeroed_run,1548989,2622,caught,1,decode
8949,truncation,3934458,451783,caught,1,decode
8950,header,138,1,caught,1,decode
8951,payload,3731500,1,caught,1,decode
8952,bit_flip,1266830,1,caught,1,decode
8953,random_bytes,3930634,1,caught,1,decode
8954,zeroed_run,2801639,3845,caught,1,decode
8955,truncation,3334357,1051884,caught,1,decode
8956,header,984,1,caught,1,decode
8957,payload,1355237,1,caught,1,decode
8958,bit_flip,1092905,1,caught,1,decode
8959,random_bytes,1045132,2,caught,1,decode
8960,zeroed_run,302832,3609,caught,1,decode
8961,truncation,3644299,741942,caught,1,decode
8962,header,736,1,caught,1,decode
8963,payload,2287031,1,caught,1,decode
8964,bit_flip,3024358,1,caught,1,decode
8965,random_bytes,393794,2,caught,1,decode
8966,zeroed_run,4285228,1401,caught,1,decode
8967,truncation,3894776,491465,caught,1,decode
8968,header,475,1,caught,1,decode
8969,payload,1490008,1,caught,1,decode
8970,bit_flip,1237618,1,caught,1,decode
8971,random_bytes,3835095,3,caught,1,decode
8972,zeroed_run,753241,3316,caught,1,decode
8973,truncation,1653543,2732698,caught,1,decode
8974,header,355,1,caught,1,decode
8975,payload,3960654,1,caught,1,decode
8976,bit_flip,3802228,1,caught,1,decode
8977,random_bytes,1146988,2,caught,1,decode
8978,zeroed_run,1344025,2046,caught,1,decode
8979,truncation,1864513,2521728,caught,1,decode
8980,header,653,1,caught,1,decode
8981,payload,3277828,1,caught,1,decode
8982,bit_flip,3441803,1,caught,1,decode
8983,random_bytes,3343339,15,caught,1,decode
8984,zeroed_run,3584383,2050,SILENT,0,decode
8985,truncation,3541811,844430,caught,1,decode
8986,header,25,1,caught,1,decode
8987,payload,1418125,1,caught,1,decode
8988,bit_flip,99067,1,caught,1,decode
8989,random_bytes,1741931,2,caught,1,decode
8990,zeroed_run,2578159,3075,SILENT,0,decode
8991,truncation,3921600,464641,caught,1,decode
8992,header,191,1,caught,1,decode
8993,payload,935900,1,caught,1,decode
8994,bit_flip,3657515,1,caught,1,decode
8995,random_bytes,3844245,8,caught,1,decode
8996,zeroed_run,3286663,3921,caught,1,decode
8997,truncation,2447155,1939086,caught,1,decode
8998,header,877,1,caught,1,decode
8999,payload,3888593,1,SILENT,0,decode
9000,bit_flip,791070,1,caught,1,decode
9001,random_bytes,1862015,8,SILENT,0,decode
9002,zeroed_run,488139,239,caught,1,decode
9003,truncation,3056593,1329648,caught,1,decode
9004,header,594,1,caught,1,decode
9005,payload,1826882,1,SILENT,0,decode
9006,bit_flip,3928986,1,caught,1,decode
9007,random_bytes,2030143,8,SILENT,0,decode
9008,zeroed_run,3865610,156,caught,1,decode
9009,truncation,443342,3942899,caught,1,decode
9010,header,917,1,caught,1,decode
9011,payload,2419519,1,caught,1,decode
9012,bit_flip,1572338,1,caught,1,decode
9013,random_bytes,3029464,13,caught,1,decode
9014,zeroed_run,1766594,674,caught,1,decode
9015,truncation,1876743,2509498,caught,1,decode
9016,header,812,1,caught,1,decode
9017,payload,2301735,1,caught,1,decode
9018,bit_flip,2989802,1,caught,1,decode
9019,random_bytes,768870,1,caught,1,decode
9020,zeroed_run,3020726,2494,caught,1,decode
9021,truncation,282543,4103698,caught,1,decode
9022,header,479,1,caught,1,decode
9023,payload,1827137,1,SILENT,0,decode
9024,bit_flip,824937,1,caught,1,decode
9025,random_bytes,3731156,8,caught,1,decode
9026,zeroed_run,113802,2706,caught,1,decode
9027,truncation,977476,3408765,caught,1,decode
9028,header,732,1,SILENT,0,decode
9029,payload,2507602,1,caught,1,decode
9030,bit_flip,3250469,1,caught,1,decode
9031,random_bytes,4181986,5,caught,1,decode
9032,zeroed_run,1846555,2252,caught,1,decode
9033,truncation,4257936,128305,caught,1,decode
9034,header,130,1,caught,1,decode
9035,payload,2197127,1,caught,1,decode
9036,bit_flip,4288484,1,caught,1,decode
9037,random_bytes,1690499,11,caught,1,decode
9038,zeroed_run,1916630,1233,caught,1,decode
9039,truncation,3000783,1385458,caught,1,decode
9040,header,2,1,caught,1,decode
9041,payload,3633170,1,caught,1,decode
9042,bit_flip,1708403,1,caught,1,decode
9043,random_bytes,1622656,16,caught,1,decode
9044,zeroed_run,1286363,1611,caught,1,decode
9045,truncation,2160285,2225956,caught,1,decode
9046,header,740,1,harmless,0,decode
9047,payload,1149264,1,caught,1,decode
9048,bit_flip,3808556,1,caught,1,decode
9049,random_bytes,3748367,7,caught,1,decode
9050,zeroed_run,859501,686,caught,1,decode
9051,truncation,2209263,2176978,caught,1,decode
9052,header,525,1,caught,1,decode
9053,payload,42820,1,caught,1,decode
9054,bit_flip,3206736,1,caught,1,decode
9055,random_bytes,60077,6,caught,1,decode
9056,zeroed_run,2360034,2254,caught,1,decode
9057,truncation,1696294,2689947,caught,1,decode
9058,header,291,1,caught,1,decode
9059,payload,4327325,1,caught,1,decode
9060,bit_flip,3101441,1,caught,1,decode
9061,random_bytes,3570759,9,caught,1,decode
9062,zeroed_run,4254881,1723,caught,1,decode
9063,truncation,1866301,2519940,caught,1,decode
9064,header,412,1,SILENT,0,decode
9065,payload,2002744,1,caught,1,decode
9066,bit_flip,1513046,1,caught,1,decode
9067,random_bytes,3755291,12,caught,1,decode
9068,zeroed_run,2625209,1626,caught,1,decode
9069,truncation,639743,3746498,caught,1,decode
9070,header,735,1,caught,1,decode
9071,payload,1104848,1,caught,1,decode
9072,bit_flip,1713704,1,SILENT,0,decode
9073,random_bytes,4148484,2,caught,1,decode
9074,zeroed_run,3907962,1126,caught,1,decode
9075,truncation,4276502,109739,caught,1,decode
9076,header,886,1,caught,1,decode
9077,payload,2055803,1,caught,1,decode
9078,bit_flip,1458278,1,caught,1,decode
9079,random_bytes,3110507,7,caught,1,decode
9080,zeroed_run,2802771,2770,caught,1,decode
9081,truncation,562195,3824046,caught,1,decode
9082,header,937,1,caught,1,decode
9083,payload,935049,1,caught,1,decode
9084,bit_flip,2074272,1,caught,1,decode
9085,random_bytes,1128953,11,caught,1,decode
9086,zeroed_run,1427949,2447,caught,1,decode
9087,truncation,4332942,53299,caught,1,decode
9088,header,186,1,caught,1,decode
9089,payload,37032,1,caught,1,decode
9090,bit_flip,4200764,1,caught,1,decode
9091,random_bytes,1831084,9,SILENT,0,decode
9092,zeroed_run,3655783,372,caught,1,decode
9093,truncation,302427,4083814,caught,1,decode
9094,header,963,1,caught,1,decode
9095,payload,1275366,1,caught,1,decode
9096,bit_flip,2550871,1,caught,1,decode
9097,random_bytes,1370930,12,caught,1,decode
9098,zeroed_run,2355108,3092,caught,1,decode
9099,truncation,2885123,1501118,caught,1,decode
9100,header,713,1,caught,1,decode
9101,payload,1061327,1,caught,1,decode
9102,bit_flip,658919,1,caught,1,decode
9103,random_bytes,2267480,13,caught,1,decode
9104,zeroed_run,3931886,1289,caught,1,decode
9105,truncation,2187751,2198490,caught,1,decode
9106,header,708,1,SILENT,0,decode
9107,payload,3705344,1,caught,1,decode
9108,bit_flip,2557693,1,caught,1,decode
9109,random_bytes,1298927,8,caught,1,decode
9110,zeroed_run,1343989,2639,caught,1,decode
9111,truncation,3678573,707668,caught,1,decode
9112,header,121,1,caught,1,decode
9113,payload,3416587,1,caught,1,decode
9114,bit_flip,1274038,1,caught,1,decode
9115,random_bytes,4147406,9,caught,1,decode
9116,zeroed_run,588570,825,caught,1,decode
9117,truncation,2148670,2237571,caught,1,decode
9118,header,344,1,caught,1,decode
9119,payload,4070252,1,SILENT,0,decode
9120,bit_flip,3613052,1,caught,1,decode
9121,random_bytes,229243,9,caught,1,decode
9122,zeroed_run,351847,2778,caught,1,decode
9123,truncation,763394,3622847,caught,1,decode
9124,header,130,1,caught,1,decode
9125,payload,130895,1,caught,1,decode
9126,bit_flip,3274287,1,caught,1,decode
9127,random_bytes,358002,7,caught,1,decode
9128,zeroed_run,470599,4076,caught,1,decode
9129,truncation,1969677,2416564,caught,1,decode
9130,header,168,1,caught,1,decode
9131,payload,974248,1,SILENT,0,decode
9132,bit_flip,3674122,1,caught,1,decode
9133,random_bytes,817613,7,caught,1,decode
9134,zeroed_run,3188322,285,caught,1,decode
9135,truncation,531537,3854704,caught,1,decode
9136,header,916,1,SILENT,0,decode
9137,payload,2645470,1,caught,1,decode
9138,bit_flip,3219008,1,caught,1,decode
9139,random_bytes,1271961,8,caught,1,decode
9140,zeroed_run,467950,1630,caught,1,decode
9141,truncation,1310281,3075960,caught,1,decode
9142,header,31,1,harmless,0,decode
9143,payload,1609569,1,SILENT,0,decode
9144,bit_flip,4334393,1,caught,1,decode
9145,random_bytes,3580604,2,SILENT,0,decode
9146,zeroed_run,3505375,3397,caught,1,decode
9147,truncation,415334,3970907,caught,1,decode
9148,header,626,1,caught,1,decode
9149,payload,3120159,1,caught,1,decode
9150,bit_flip,633381,1,caught,1,decode
9151,random_bytes,3257579,13,caught,1,decode
9152,zeroed_run,2554624,1898,caught,1,decode
9153,truncation,772922,3613319,caught,1,decode
9154,header,492,1,caught,1,decode
9155,payload,4143635,1,caught,1,decode
9156,bit_flip,2511478,1,caught,1,decode
9157,random_bytes,2883482,11,caught,1,decode
9158,zeroed_run,803165,3601,caught,1,decode
9159,truncation,188511,4197730,caught,1,decode
9160,header,501,1,caught,1,decode
9161,payload,1902127,1,caught,1,decode
9162,bit_flip,1639286,1,caught,1,decode
9163,random_bytes,3070335,5,caught,1,decode
9164,zeroed_run,2296029,597,caught,1,decode
9165,truncation,520767,3865474,caught,1,decode
9166,header,824,1,caught,1,decode
9167,payload,3708472,1,caught,1,decode
9168,bit_flip,4376031,1,caught,1,decode
9169,random_bytes,2287573,8,caught,1,decode
9170,zeroed_run,124726,1225,caught,1,decode
9171,truncation,825726,3560515,caught,1,decode
9172,header,25,1,caught,1,decode
9173,payload,4269296,1,caught,1,decode
9174,bit_flip,3998698,1,caught,1,decode
9175,random_bytes,2917197,12,caught,1,decode
9176,zeroed_run,3120123,897,caught,1,decode
9177,truncation,1275177,3111064,caught,1,decode
9178,header,340,1,harmless,0,decode
9179,payload,2615688,1,caught,1,decode
9180,bit_flip,615148,1,caught,1,decode
9181,random_bytes,218226,12,caught,1,decode
9182,zeroed_run,3131665,1609,SILENT,0,decode
9183,truncation,3336820,1049421,caught,1,decode
9184,header,962,1,caught,1,decode
9185,payload,3147198,1,caught,1,decode
9186,bit_flip,1866230,1,SILENT,0,decode
9187,random_bytes,3875182,14,caught,1,decode
9188,zeroed_run,1087718,1848,caught,1,decode
9189,truncation,960437,3425804,caught,1,decode
9190,header,492,1,caught,1,decode
9191,payload,531570,1,caught,1,decode
9192,bit_flip,3125437,1,SILENT,0,decode
9193,random_bytes,1838189,7,caught,1,decode
9194,zeroed_run,238365,1166,caught,1,decode
9195,truncation,601212,3785029,caught,1,decode
9196,header,681,1,caught,1,decode
9197,payload,884174,1,caught,1,decode
9198,bit_flip,2049780,1,caught,1,decode
9199,random_bytes,1800379,9,caught,1,decode
9200,zeroed_run,2220815,4053,caught,1,decode
9201,truncation,2454185,1932056,caught,1,decode
9202,header,284,1,SILENT,0,decode
9203,payload,162608,1,caught,1,decode
9204,bit_flip,656211,1,caught,1,decode
9205,random_bytes,2795056,10,caught,1,decode
9206,zeroed_run,1607552,1718,SILENT,0,decode
9207,truncation,3031987,1354254,caught,1,decode
9208,header,82,1,caught,1,decode
9209,payload,2907377,1,caught,1,decode
9210,bit_flip,4275372,1,caught,1,decode
9211,random_bytes,1750615,14,caught,1,decode
9212,zeroed_run,3665253,1035,caught,1,decode
9213,truncation,3444891,941350,caught,1,decode
9214,header,1002,1,caught,1,decode
9215,payload,1767789,1,caught,1,decode
9216,bit_flip,1903236,1,caught,1,decode
9217,random_bytes,920229,7,SILENT,0,decode
9218,zeroed_run,2800334,751,caught,1,decode
9219,truncation,3470012,916229,caught,1,decode
9220,header,691,1,caught,1,decode
9221,payload,4247178,1,caught,1,decode
9222,bit_flip,373068,1,caught,1,decode
9223,random_bytes,336520,15,caught,1,decode
9224,zeroed_run,2840869,229,caught,1,decode
9225,truncation,1126518,3259723,caught,1,decode
9226,header,440,1,caught,1,decode
9227,payload,3492561,1,caught,1,decode
9228,bit_flip,3335571,1,caught,1,decode
9229,random_bytes,4263358,3,caught,1,decode
9230,zeroed_run,3366159,3650,caught,1,decode
9231,truncation,3021065,1365176,caught,1,decode
9232,header,947,1,caught,1,decode
9233,payload,1657803,1,caught,1,decode
9234,bit_flip,1230159,1,caught,1,decode
9235,random_bytes,4045495,1,caught,1,decode
9236,zeroed_run,2238501,248,caught,1,decode
9237,truncation,3737703,648538,caught,1,decode
9238,header,331,1,caught,1,decode
9239,payload,2173710,1,caught,1,decode
9240,bit_flip,4067891,1,caught,1,decode
9241,random_bytes,3938757,13,caught,1,decode
9242,zeroed_run,968669,4026,SILENT,0,decode
9243,truncation,2413067,1973174,caught,1,decode
9244,header,805,1,SILENT,0,decode
9245,payload,3764796,1,caught,1,decode
9246,bit_flip,3923057,1,caught,1,decode
9247,random_bytes,1586688,13,caught,1,decode
9248,zeroed_run,4011514,2679,caught,1,decode
9249,truncation,2825125,1561116,caught,1,decode
9250,header,825,1,caught,1,decode
9251,payload,4147501,1,caught,1,decode
9252,bit_flip,546193,1,caught,1,decode
9253,random_bytes,2723604,2,caught,1,decode
9254,zeroed_run,2008234,1449,SILENT,0,decode
9255,truncation,3433861,952380,caught,1,decode
9256,header,270,1,caught,1,decode
9257,payload,342978,1,caught,1,decode
9258,bit_flip,710746,1,caught,1,decode
9259,random_bytes,3124419,3,caught,1,decode
9260,zeroed_run,1740856,482,caught,1,decode
9261,truncation,3574762,811479,caught,1,decode
9262,header,518,1,SILENT,0,decode
9263,payload,89437,1,caught,1,decode
9264,bit_flip,4287447,1,caught,1,decode
9265,random_bytes,2858076,16,caught,1,decode
9266,zeroed_run,2135294,3387,caught,1,decode
9267,truncation,1654784,2731457,caught,1,decode
9268,header,677,1,SILENT,0,decode
9269,payload,3597844,1,SILENT,0,decode
9270,bit_flip,560513,1,caught,1,decode
9271,random_bytes,2021853,8,SILENT,0,decode
9272,zeroed_run,904734,3514,caught,1,decode
9273,truncation,2525931,1860310,caught,1,decode
9274,header,132,1,SILENT,0,decode
9275,payload,1836808,1,caught,1,decode
9276,bit_flip,1959239,1,caught,1,decode
9277,random_bytes,3968635,9,caught,1,decode
9278,zeroed_run,2063453,1682,caught,1,decode
9279,truncation,473062,3913179,caught,1,decode
9280,header,626,1,caught,1,decode
9281,payload,1183097,1,caught,1,decode
9282,bit_flip,3175521,1,caught,1,decode
9283,random_bytes,3317946,4,SILENT,0,decode
9284,zeroed_run,2891269,2734,caught,1,decode
9285,truncation,1987343,2398898,caught,1,decode
9286,header,962,1,caught,1,decode
9287,payload,793913,1,caught,1,decode
9288,bit_flip,2652195,1,caught,1,decode
9289,random_bytes,3002345,10,caught,1,decode
9290,zeroed_run,1761886,2003,caught,1,decode
9291,truncation,3473772,912469,caught,1,decode
9292,header,582,1,SILENT,0,decode
9293,payload,2253844,1,caught,1,decode
9294,bit_flip,2241081,1,caught,1,decode
9295,random_bytes,2070162,9,caught,1,decode
9296,zeroed_run,3075012,3633,caught,1,decode
9297,truncation,2332676,2053565,caught,1,decode
9298,header,618,1,caught,1,decode
9299,payload,1211434,1,caught,1,decode
9300,bit_flip,1497869,1,caught,1,decode
9301,random_bytes,1767123,15,caught,1,decode
9302,zeroed_run,3573976,121,caught,1,decode
9303,truncation,4194012,192229,caught,1,decode
9304,header,256,1,caught,1,decode
9305,payload,1681512,1,caught,1,decode
9306,bit_flip,2697914,1,caught,1,decode
9307,random_bytes,3870735,11,caught,1,decode
9308,zeroed_run,1008153,2544,caught,1,decode
9309,truncation,2968559,1417682,caught,1,decode
9310,header,270,1,caught,1,decode
9311,payload,2540933,1,caught,1,decode
9312,bit_flip,2235124,1,SILENT,0,decode
9313,random_bytes,1400457,11,caught,1,decode
9314,zeroed_run,929035,3497,caught,1,decode
9315,truncation,3831475,554766,caught,1,decode
9316,header,52,1,caught,1,decode
9317,payload,1051307,1,caught,1,decode
9318,bit_flip,2607170,1,caught,1,decode
9319,random_bytes,1984648,16,caught,1,decode
9320,zeroed_run,1518926,3508,caught,1,decode
9321,truncation,2917089,1469152,caught,1,decode
9322,header,690,1,caught,1,decode
9323,payload,2883084,1,caught,1,decode
9324,bit_flip,2655730,1,caught,1,decode
9325,random_bytes,4185679,13,caught,1,decode
9326,zeroed_run,2890661,1470,caught,1,decode
9327,truncation,3764022,622219,caught,1,decode
9328,header,856,1,caught,1,decode
9329,payload,3581137,1,SILENT,0,decode
9330,bit_flip,570071,1,caught,1,decode
9331,random_bytes,3474581,9,caught,1,decode
9332,zeroed_run,2285703,1264,caught,1,decode
9333,truncation,2812290,1573951,caught,1,decode
9334,header,50,1,caught,1,decode
9335,payload,2401445,1,caught,1,decode
9336,bit_flip,279973,1,caught,1,decode
9337,random_bytes,2729566,10,caught,1,decode
9338,zeroed_run,1881775,2600,caught,1,decode
9339,truncation,845340,3540901,caught,1,decode
9340,header,712,1,caught,1,decode
9341,payload,3724616,1,caught,1,decode
9342,bit_flip,4286935,1,caught,1,decode
9343,random_bytes,2176663,10,caught,1,decode
9344,zeroed_run,2008126,496,SILENT,0,decode
9345,truncation,973279,3412962,caught,1,decode
9346,header,324,1,SILENT,0,decode
9347,payload,1679341,1,caught,1,decode
9348,bit_flip,1999182,1,caught,1,decode
9349,random_bytes,865303,10,caught,1,decode
9350,zeroed_run,2223646,3565,caught,1,decode
9351,truncation,222093,4164148,caught,1,decode
9352,header,170,1,caught,1,decode
9353,payload,2630027,1,caught,1,decode
9354,bit_flip,2493742,1,caught,1,decode
9355,random_bytes,4010941,15,caught,1,decode
9356,zeroed_run,1674887,958,caught,1,decode
9357,truncation,1079482,3306759,caught,1,decode
9358,header,680,1,caught,1,decode
9359,payload,723829,1,caught,1,decode
9360,bit_flip,735822,1,caught,1,decode
9361,random_bytes,3159610,4,caught,1,decode
9362,zeroed_run,1449684,1166,caught,1,decode
9363,truncation,3122680,1263561,caught,1,decode
9364,header,17,1,caught,1,decode
9365,payload,2619284,1,caught,1,decode
9366,bit_flip,3578653,1,caught,1,decode
9367,random_bytes,2663876,12,caught,1,decode
9368,zeroed_run,2908090,1431,caught,1,decode
9369,truncation,1676146,2710095,caught,1,decode
9370,header,951,1,caught,1,decode
9371,payload,3457457,1,caught,1,decode
9372,bit_flip,257079,1,caught,1,decode
9373,random_bytes,2073009,15,caught,1,decode
9374,zeroed_run,3598856,3022,SILENT,0,decode
9375,truncation,2962856,1423385,caught,1,decode
9376,header,467,1,caught,1,decode
9377,payload,1468659,1,caught,1,decode
9378,bit_flip,1019110,1,caught,1,decode
9379,random_bytes,701203,2,caught,1,decode
9380,zeroed_run,493140,3497,caught,1,decode
9381,truncation,4042744,343497,caught,1,decode
9382,header,965,1,SILENT,0,decode
9383,payload,2949316,1,caught,1,decode
9384,bit_flip,1377980,1,caught,1,decode
9385,random_bytes,3623028,14,caught,1,decode
9386,zeroed_run,391439,3258,caught,1,decode
9387,truncation,286749,4099492,caught,1,decode
9388,header,161,1,caught,1,decode
9389,payload,3656687,1,caught,1,decode
9390,bit_flip,1591014,1,caught,1,decode
9391,random_bytes,2223756,11,caught,1,decode
9392,zeroed_run,290245,2309,caught,1,decode
9393,truncation,275604,4110637,caught,1,decode
9394,header,673,1,caught,1,decode
9395,payload,89144,1,caught,1,decode
9396,bit_flip,2147374,1,caught,1,decode
9397,random_bytes,3932875,6,caught,1,decode
9398,zeroed_run,4160095,2444,caught,1,decode
9399,truncation,3848141,538100,caught,1,decode
9400,header,488,1,caught,1,decode
9401,payload,205867,1,SILENT,0,decode
9402,bit_flip,3367680,1,caught,1,decode
9403,random_bytes,4303446,10,caught,1,decode
9404,zeroed_run,1024930,720,caught,1,decode
9405,truncation,4253512,132729,caught,1,decode
9406,header,784,1,caught,1,decode
9407,payload,671546,1,caught,1,decode
9408,bit_flip,2387684,1,caught,1,decode
9409,random_bytes,2235755,2,caught,1,decode
9410,zeroed_run,457622,1792,caught,1,decode
9411,truncation,3819601,566640,caught,1,decode
9412,header,589,1,caught,1,decode
9413,payload,492718,1,caught,1,decode
9414,bit_flip,2957265,1,caught,1,decode
9415,random_bytes,3449015,11,caught,1,decode
9416,zeroed_run,1975515,3908,caught,1,decode
9417,truncation,846785,3539456,caught,1,decode
9418,header,642,1,caught,1,decode
9419,payload,1343635,1,caught,1,decode
9420,bit_flip,915721,1,SILENT,0,decode
9421,random_bytes,310366,10,caught,1,decode
9422,zeroed_run,4147330,183,caught,1,decode
9423,truncation,1158903,3227338,caught,1,decode
9424,header,458,1,caught,1,decode
9425,payload,3319862,1,SILENT,0,decode
9426,bit_flip,1194377,1,SILENT,0,decode
9427,random_bytes,995107,16,caught,1,decode
9428,zeroed_run,735075,528,caught,1,decode
9429,truncation,2142937,2243304,caught,1,decode
9430,header,180,1,caught,1,decode
9431,payload,180763,1,SILENT,0,decode
9432,bit_flip,3791659,1,caught,1,decode
9433,random_bytes,2047429,12,caught,1,decode
9434,zeroed_run,4107058,3720,caught,1,decode
9435,truncation,3242580,1143661,caught,1,decode
9436,header,996,1,harmless,0,decode
9437,payload,3950106,1,caught,1,decode
9438,bit_flip,2531986,1,caught,1,decode
9439,random_bytes,466265,16,caught,1,decode
9440,zeroed_run,789074,2617,caught,1,decode
9441,truncation,3476528,909713,caught,1,decode
9442,header,693,1,caught,1,decode
9443,payload,1013002,1,caught,1,decode
9444,bit_flip,631386,1,caught,1,decode
9445,random_bytes,102663,13,caught,1,decode
9446,zeroed_run,3584712,2088,SILENT,0,decode
9447,truncation,2456190,1930051,caught,1,decode
9448,header,353,1,caught,1,decode
9449,payload,3617899,1,caught,1,decode
9450,bit_flip,1974306,1,caught,1,decode
9451,random_bytes,2150457,3,caught,1,decode
9452,zeroed_run,488495,775,caught,1,decode
9453,truncation,3236122,1150119,caught,1,decode
9454,header,253,1,harmless,0,decode
9455,payload,151946,1,caught,1,decode
9456,bit_flip,216168,1,caught,1,decode
9457,random_bytes,4211825,7,caught,1,decode
9458,zeroed_run,954647,1372,caught,1,decode
9459,truncation,3539251,846990,caught,1,decode
9460,header,625,1,caught,1,decode
9461,payload,2052147,1,caught,1,decode
9462,bit_flip,1608974,1,SILENT,0,decode
9463,random_bytes,164118,7,caught,1,decode
9464,zeroed_run,4144575,2635,caught,1,decode
9465,truncation,3949923,436318,caught,1,decode
9466,header,316,1,harmless,0,decode
9467,payload,2465962,1,caught,1,decode
9468,bit_flip,714942,1,caught,1,decode
9469,random_bytes,3686480,8,caught,1,decode
9470,zeroed_run,336896,586,caught,1,decode
9471,truncation,1791175,2595066,caught,1,decode
9472,header,322,1,caught,1,decode
9473,payload,2128705,1,caught,1,decode
9474,bit_flip,3009719,1,caught,1,decode
9475,random_bytes,947366,7,caught,1,decode
9476,zeroed_run,1203802,2045,caught,1,decode
9477,truncation,2373126,2013115,caught,1,decode
9478,header,525,1,caught,1,decode
9479,payload,2422091,1,caught,1,decode
9480,bit_flip,838871,1,caught,1,decode
9481,random_bytes,2318428,10,caught,1,decode
9482,zeroed_run,1123417,175,caught,1,decode
9483,truncation,2394565,1991676,caught,1,decode
9484,header,509,1,harmless,0,decode
9485,payload,776545,1,caught,1,decode
9486,bit_flip,3902371,1,caught,1,decode
9487,random_bytes,683836,9,caught,1,decode
9488,zeroed_run,3790179,4059,caught,1,decode
9489,truncation,709325,3676916,caught,1,decode
9490,header,153,1,caught,1,decode
9491,payload,1950424,1,caught,1,decode
9492,bit_flip,196054,1,SILENT,0,decode
9493,random_bytes,3088075,1,caught,1,decode
9494,zeroed_run,2259614,1653,caught,1,decode
9495,truncation,1206186,3180055,caught,1,decode
9496,header,302,1,caught,1,decode
9497,payload,121703,1,caught,1,decode
9498,bit_flip,1628922,1,caught,1,decode
9499,random_bytes,1445539,13,caught,1,decode
9500,zeroed_run,1435213,3236,caught,1,decode
9501,truncation,2281171,2105070,caught,1,decode
9502,header,306,1,caught,1,decode
9503,payload,139418,1,caught,1,decode
9504,bit_flip,1895642,1,caught,1,decode
9505,random_bytes,2451482,11,caught,1,decode
9506,zeroed_run,435807,2797,caught,1,decode
9507,truncation,3965035,421206,caught,1,decode
9508,header,287,1,caught,1,decode
9509,payload,204840,1,SILENT,0,decode
9510,bit_flip,1857468,1,SILENT,0,decode
9511,random_bytes,2209348,3,caught,1,decode
9512,zeroed_run,3979592,2612,caught,1,decode
9513,truncation,300709,4085532,caught,1,decode
9514,header,739,1,caught,1,decode
9515,payload,2641238,1,caught,1,decode
9516,bit_flip,4074512,1,SILENT,0,decode
9517,random_bytes,961724,4,caught,1,decode
9518,zeroed_run,4375655,1983,caught,1,decode
9519,truncation,2573446,1812795,caught,1,decode
9520,header,73,1,caught,1,decode
9521,payload,472101,1,caught,1,decode
9522,bit_flip,968999,1,SILENT,0,decode
9523,random_bytes,3428502,3,caught,1,decode
9524,zeroed_run,259453,3145,caught,1,decode
9525,truncation,1309898,3076343,caught,1,decode
9526,header,762,1,caught,1,decode
9527,payload,1098585,1,caught,1,decode
9528,bit_flip,612764,1,caught,1,decode
9529,random_bytes,2549762,4,caught,1,decode
9530,zeroed_run,3868725,3767,caught,1,decode
9531,truncation,2335697,2050544,caught,1,decode
9532,header,475,1,caught,1,decode
9533,payload,4059945,1,caught,1,decode
9534,bit_flip,813356,1,caught,1,decode
9535,random_bytes,3054369,8,caught,1,decode
9536,zeroed_run,1054143,3388,caught,1,decode
9537,truncation,3570185,816056,caught,1,decode
9538,header,441,1,caught,1,decode
9539,payload,2508054,1,caught,1,decode
9540,bit_flip,1803120,1,caught,1,decode
9541,random_bytes,1779185,5,caught,1,decode
9542,zeroed_run,3375427,3506,caught,1,decode
9543,truncation,2441983,1944258,caught,1,decode
9544,header,408,1,caught,1,decode
9545,payload,2946687,1,caught,1,decode
9546,bit_flip,1510760,1,caught,1,decode
9547,random_bytes,205463,9,SILENT,0,decode
9548,zeroed_run,3253035,1834,caught,1,decode
9549,truncation,3896249,489992,caught,1,decode
9550,header,6,1,caught,1,decode
9551,payload,3504739,1,caught,1,decode
9552,bit_flip,3549574,1,caught,1,decode
9553,random_bytes,1717061,3,SILENT,0,decode
9554,zeroed_run,2636815,293,caught,1,decode
9555,truncation,664950,3721291,caught,1,decode
9556,header,884,1,caught,1,decode
9557,payload,1943664,1,caught,1,decode
9558,bit_flip,1732820,1,caught,1,decode
9559,random_bytes,3287430,12,caught,1,decode
9560,zeroed_run,461313,3271,caught,1,decode
9561,truncation,2417151,1969090,caught,1,decode
9562,header,153,1,caught,1,decode
9563,payload,2598290,1,caught,1,decode
9564,bit_flip,1432650,1,caught,1,decode
9565,random_bytes,3173891,2,caught,1,decode
9566,zeroed_run,2438476,2062,SILENT,0,decode
9567,truncation,1871526,2514715,caught,1,decode
9568,header,541,1,SILENT,0,decode
9569,payload,2765566,1,caught,1,decode
9570,bit_flip,2947359,1,caught,1,decode
9571,random_bytes,2584729,16,caught,1,decode
9572,zeroed_run,2810030,310,caught,1,decode
9573,truncation,694413,3691828,caught,1,decode
9574,header,599,1,caught,1,decode
9575,payload,2756007,1,caught,1,decode
9576,bit_flip,918458,1,SILENT,0,decode
9577,random_bytes,4348756,1,caught,1,decode
9578,zeroed_run,573901,170,caught,1,decode
9579,truncation,4030081,356160,caught,1,decode
9580,header,841,1,caught,1,decode
9581,payload,3717681,1,caught,1,decode
9582,bit_flip,1334052,1,caught,1,decode
9583,random_bytes,2176375,15,caught,1,decode
9584,zeroed_run,2060569,980,caught,1,decode
9585,truncation,1462374,2923867,caught,1,decode
9586,header,240,1,caught,1,decode
9587,payload,4282077,1,caught,1,decode
9588,bit_flip,2651957,1,caught,1,decode
9589,random_bytes,2127,4,caught,1,decode
9590,zeroed_run,4089482,4049,caught,1,decode
9591,truncation,3186013,1200228,caught,1,decode
9592,header,365,1,caught,1,decode
9593,payload,3850028,1,caught,1,decode
9594,bit_flip,1139954,1,caught,1,decode
9595,random_bytes,3203406,10,caught,1,decode
9596,zeroed_run,759431,3661,caught,1,decode
9597,truncation,1009886,3376355,caught,1,decode
9598,header,396,1,caught,1,decode
9599,payload,3269794,1,caught,1,decode
9600,bit_flip,52046,1,caught,1,decode
9601,random_bytes,2851311,2,caught,1,decode
9602,zeroed_run,1438166,3899,caught,1,decode
9603,truncation,2997090,1389151,caught,1,decode
9604,header,938,1,caught,1,decode
9605,payload,3313165,1,caught,1,decode
9606,bit_flip,2580453,1,SILENT,0,decode
9607,random_bytes,2011567,2,SILENT,0,decode
9608,zeroed_run,96919,3780,caught,1,decode
9609,truncation,279635,4106606,caught,1,decode
9610,header,883,1,caught,1,decode
9611,payload,4309280,1,caught,1,decode
9612,bit_flip,3497202,1,caught,1,decode
9613,random_bytes,1415333,8,caught,1,decode
9614,zeroed_run,3208099,3560,caught,1,decode
9615,truncation,1049998,3336243,caught,1,decode
9616,header,629,1,caught,1,decode
9617,payload,510621,1,caught,1,decode
9618,bit_flip,1697429,1,caught,1,decode
9619,random_bytes,210261,3,SILENT,0,decode
9620,zeroed_run,3674249,3997,caught,1,decode
9621,truncation,4269749,116492,caught,1,decode
9622,header,533,1,caught,1,decode
9623,payload,3370091,1,caught,1,decode
9624,bit_flip,2801534,1,caught,1,decode
9625,random_bytes,487444,16,caught,1,decode
9626,zeroed_run,803108,1681,caught,1,decode
9627,truncation,3400032,986209,caught,1,decode
9628,header,179,1,caught,1,decode
9629,payload,2828731,1,caught,1,decode
9630,bit_flip,486786,1,caught,1,decode
9631,random_bytes,1251248,1,caught,1,decode
9632,zeroed_run,2760792,2370,caught,1,decode
9633,truncation,55245,4330996,caught,1,decode
9634,header,720,1,caught,1,decode
9635,payload,1204053,1,SILENT,0,decode
9636,bit_flip,1351606,1,caught,1,decode
9637,random_bytes,3820499,8,caught,1,decode
9638,zeroed_run,3417203,3176,caught,1,decode
9639,truncation,3133133,1253108,caught,1,decode
9640,header,518,1,SILENT,0,decode
9641,payload,2638937,1,caught,1,decode
9642,bit_flip,2060850,1,caught,1,decode
9643,random_bytes,3547637,7,caught,1,decode
9644,zeroed_run,4179376,41,caught,1,decode
9645,truncation,38564,4347677,caught,1,decode
9646,header,392,1,caught,1,decode
9647,payload,916832,1,SILENT,0,decode
9648,bit_flip,1218441,1,caught,1,decode
9649,random_bytes,3921816,7,caught,1,decode
9650,zeroed_run,4349301,729,caught,1,decode
9651,truncation,3190165,1196076,caught,1,decode
9652,header,605,1,SILENT,0,decode
9653,payload,2307746,1,caught,1,decode
9654,bit_flip,1758948,1,caught,1,decode
9655,random_bytes,1751236,2,caught,1,decode
9656,zeroed_run,4037085,2581,caught,1,decode
9657,truncation,1570417,2815824,caught,1,decode
9658,header,515,1,caught,1,decode
9659,payload,3905945,1,caught,1,decode
9660,bit_flip,249376,1,caught,1,decode
9661,random_bytes,4284573,13,caught,1,decode
9662,zeroed_run,1095341,1775,caught,1,decode
9663,truncation,1676055,2710186,caught,1,decode
9664,header,443,1,caught,1,decode
9665,payload,4260251,1,caught,1,decode
9666,bit_flip,3845333,1,caught,1,decode
9667,random_bytes,1539313,7,caught,1,decode
9668,zeroed_run,3065708,2598,caught,1,decode
9669,truncation,1231038,3155203,caught,1,decode
9670,header,199,1,caught,1,decode
9671,payload,4276736,1,caught,1,decode
9672,bit_flip,1886765,1,caught,1,decode
9673,random_bytes,1860971,14,SILENT,0,decode
9674,zeroed_run,3984077,133,caught,1,decode
9675,truncation,89928,4296313,caught,1,decode
9676,header,745,1,caught,1,decode
9677,payload,2470774,1,caught,1,decode
9678,bit_flip,2640399,1,caught,1,decode
9679,random_bytes,559325,12,caught,1,decode
9680,zeroed_run,3123079,2185,caught,1,decode
9681,truncation,1001011,3385230,caught,1,decode
9682,header,332,1,caught,1,decode
9683,payload,1077668,1,SILENT,0,decode
9684,bit_flip,3504449,1,caught,1,decode
9685,random_bytes,1382000,9,caught,1,decode
9686,zeroed_run,2406294,781,caught,1,decode
9687,truncation,1295404,3090837,caught,1,decode
9688,header,980,1,SILENT,0,decode
9689,payload,3085444,1,caught,1,decode
9690,bit_flip,3917439,1,caught,1,decode
9691,random_bytes,128242,4,caught,1,decode
9692,zeroed_run,2271512,2174,caught,1,decode
9693,truncation,2141439,2244802,caught,1,decode
9694,header,785,1,caught,1,decode
9695,payload,549727,1,caught,1,decode
9696,bit_flip,756912,1,caught,1,decode
9697,random_bytes,3713723,6,caught,1,decode
9698,zeroed_run,3699599,578,caught,1,decode
9699,truncation,886931,3499310,caught,1,decode
9700,header,417,1,caught,1,decode
9701,payload,1939712,1,caught,1,decode
9702,bit_flip,3255086,1,caught,1,decode
9703,random_bytes,2192001,11,caught,1,decode
9704,zeroed_run,887752,859,caught,1,decode
9705,truncation,3633619,752622,caught,1,decode
9706,header,713,1,caught,1,decode
9707,payload,3961868,1,SILENT,0,decode
9708,bit_flip,1768310,1,caught,1,decode
9709,random_bytes,1644615,4,caught,1,decode
9710,zeroed_run,106022,3765,caught,1,decode
9711,truncation,2937596,1448645,caught,1,decode
9712,header,915,1,caught,1,decode
9713,payload,2749134,1,caught,1,decode
9714,bit_flip,3345908,1,caught,1,decode
9715,random_bytes,3179723,15,caught,1,decode
9716,zeroed_run,65183,3103,caught,1,decode
9717,truncation,1737089,2649152,caught,1,decode
9718,header,435,1,caught,1,decode
9719,payload,3411949,1,caught,1,decode
9720,bit_flip,2937154,1,caught,1,decode
9721,random_bytes,1170007,14,caught,1,decode
9722,zeroed_run,1792504,488,caught,1,decode
9723,truncation,4059492,326749,caught,1,decode
9724,header,202,1,caught,1,decode
9725,payload,3992652,1,caught,1,decode
9726,bit_flip,3036195,1,caught,1,decode
9727,random_bytes,3009090,11,caught,1,decode
9728,zeroed_run,1598906,2870,caught,1,decode
9729,truncation,195932,4190309,caught,1,decode
9730,header,362,1,caught,1,decode
9731,payload,2207809,1,caught,1,decode
9732,bit_flip,2808142,1,caught,1,decode
9733,random_bytes,2724777,15,caught,1,decode
9734,zeroed_run,1662742,149,caught,1,decode
9735,truncation,1574569,2811672,caught,1,decode
9736,header,105,1,caught,1,decode
9737,payload,1616881,1,SILENT,0,decode
9738,bit_flip,4275118,1,caught,1,decode
9739,random_bytes,652361,3,caught,1,decode
9740,zeroed_run,3792702,3131,caught,1,decode
9741,truncation,2568310,1817931,caught,1,decode
9742,header,429,1,caught,1,decode
9743,payload,4044698,1,caught,1,decode
9744,bit_flip,3230203,1,caught,1,decode
9745,random_bytes,570920,6,caught,1,decode
9746,zeroed_run,1061653,3200,caught,1,decode
9747,truncation,2786664,1599577,caught,1,decode
9748,header,333,1,caught,1,decode
9749,payload,3220282,1,caught,1,decode
9750,bit_flip,2492263,1,caught,1,decode
9751,random_bytes,136431,11,caught,1,decode
9752,zeroed_run,2439577,2989,caught,1,decode
9753,truncation,4068689,317552,caught,1,decode
9754,header,766,1,caught,1,decode
9755,payload,2502612,1,caught,1,decode
9756,bit_flip,3222927,1,caught,1,decode
9757,random_bytes,3378596,8,caught,1,decode
9758,zeroed_run,784344,3967,caught,1,decode
9759,truncation,1921829,2464412,caught,1,decode
9760,header,494,1,caught,1,decode
9761,payload,4188089,1,caught,1,decode
9762,bit_flip,3845299,1,caught,1,decode
9763,random_bytes,4172174,10,caught,1,decode
9764,zeroed_run,1553500,3032,caught,1,decode
9765,truncation,1052677,3333564,caught,1,decode
9766,header,644,1,SILENT,0,decode
9767,payload,3424717,1,caught,1,decode
9768,bit_flip,1602896,1,caught,1,decode
9769,random_bytes,4067996,9,caught,1,decode
9770,zeroed_run,955823,1745,caught,1,decode
9771,truncation,1931804,2454437,caught,1,decode
9772,header,504,1,caught,1,decode
9773,payload,4074096,1,SILENT,0,decode
9774,bit_flip,3474355,1,caught,1,decode
9775,random_bytes,1717909,7,SILENT,0,decode
9776,zeroed_run,1250747,399,caught,1,decode
9777,truncation,3814613,571628,caught,1,decode
9778,header,952,1,caught,1,decode
9779,payload,1252833,1,caught,1,decode
9780,bit_flip,3828359,1,caught,1,decode
9781,random_bytes,3095228,2,caught,1,decode
9782,zeroed_run,630625,1085,caught,1,decode
9783,truncation,2230039,2156202,caught,1,decode
9784,header,761,1,caught,1,decode
9785,payload,2501078,1,caught,1,decode
9786,bit_flip,4084574,1,SILENT,0,decode
9787,random_bytes,3761190,10,caught,1,decode
9788,zeroed_run,2201446,3030,caught,1,decode
9789,truncation,4268164,118077,caught,1,decode
9790,header,40,1,caught,1,decode
9791,payload,1482422,1,caught,1,decode
9792,bit_flip,3871420,1,caught,1,decode
9793,random_bytes,413137,9,SILENT,0,decode
9794,zeroed_run,1122337,2197,caught,1,decode
9795,truncation,3462150,924091,caught,1,decode
9796,header,11,1,caught,1,decode
9797,payload,1911571,1,caught,1,decode
9798,bit_flip,1977446,1,caught,1,decode
9799,random_bytes,1847240,11,caught,1,decode
9800,zeroed_run,1836796,2308,caught,1,decode
9801,truncation,3168742,1217499,caught,1,decode
9802,header,1017,1,caught,1,decode
9803,payload,41635,1,caught,1,decode
9804,bit_flip,3934089,1,caught,1,decode
9805,random_bytes,3140386,12,SILENT,0,decode
9806,zeroed_run,4342324,486,caught,1,decode
9807,truncation,2265584,2120657,caught,1,decode
9808,header,416,1,caught,1,decode
9809,payload,722273,1,caught,1,decode
9810,bit_flip,3544952,1,caught,1,decode
9811,random_bytes,2297269,5,caught,1,decode
9812,zeroed_run,1993427,272,caught,1,decode
9813,truncation,1915230,2471011,caught,1,decode
9814,header,817,1,caught,1,decode
9815,payload,102115,1,caught,1,decode
9816,bit_flip,1360277,1,caught,1,decode
9817,random_bytes,4001856,12,caught,1,decode
9818,zeroed_run,2233396,3264,caught,1,decode
9819,truncation,3691701,694540,caught,1,decode
9820,header,725,1,caught,1,decode
9821,payload,2638029,1,caught,1,decode
9822,bit_flip,50810,1,caught,1,decode
9823,random_bytes,4080585,11,SILENT,0,decode
9824,zeroed_run,2419730,3864,caught,1,decode
9825,truncation,2150971,2235270,caught,1,decode
9826,header,233,1,caught,1,decode
9827,payload,2714737,1,caught,1,decode
9828,bit_flip,4119148,1,caught,1,decode
9829,random_bytes,192480,10,SILENT,0,decode
9830,zeroed_run,2590737,1862,caught,1,decode
9831,truncation,2575642,1810599,caught,1,decode
9832,header,760,1,caught,1,decode
9833,payload,285568,1,caught,1,decode
9834,bit_flip,3151299,1,caught,1,decode
9835,random_bytes,892679,13,caught,1,decode
9836,zeroed_run,110113,3006,caught,1,decode
9837,truncation,3528019,858222,caught,1,decode
9838,header,48,1,caught,1,decode
9839,payload,4298850,1,caught,1,decode
9840,bit_flip,1496423,1,caught,1,decode
9841,random_bytes,2720069,6,caught,1,decode
9842,zeroed_run,4223063,200,caught,1,decode
9843,truncation,194846,4191395,caught,1,decode
9844,header,841,1,caught,1,decode
9845,payload,2409378,1,caught,1,decode
9846,bit_flip,2903805,1,caught,1,decode
9847,random_bytes,578547,13,caught,1,decode
9848,zeroed_run,3226190,2243,caught,1,decode
9849,truncation,2007936,2378305,caught,1,decode
9850,header,966,1,SILENT,0,decode
9851,payload,390749,1,caught,1,decode
9852,bit_flip,959015,1,caught,1,decode
9853,random_bytes,2393593,3,caught,1,decode
9854,zeroed_run,1703181,767,caught,1,decode
9855,truncation,1828999,2557242,caught,1,decode
9856,header,770,1,caught,1,decode
9857,payload,2013647,1,SILENT,0,decode
9858,bit_flip,3634508,1,caught,1,decode
9859,random_bytes,1718153,13,SILENT,0,decode
9860,zeroed_run,629861,3637,caught,1,decode
9861,truncation,3476872,909369,caught,1,decode
9862,header,210,1,caught,1,decode
9863,payload,2780032,1,caught,1,decode
9864,bit_flip,2134099,1,caught,1,decode
9865,random_bytes,1839461,6,caught,1,decode
9866,zeroed_run,1086436,2134,caught,1,decode
9867,truncation,3680450,705791,caught,1,decode
9868,header,841,1,caught,1,decode
9869,payload,2501639,1,caught,1,decode
9870,bit_flip,3227047,1,caught,1,decode
9871,random_bytes,3290403,4,caught,1,decode
9872,zeroed_run,1908124,3266,caught,1,decode
9873,truncation,50598,4335643,caught,1,decode
9874,header,1,1,caught,1,decode
9875,payload,3768564,1,caught,1,decode
9876,bit_flip,30918,1,caught,1,decode
9877,random_bytes,933342,13,caught,1,decode
9878,zeroed_run,2448114,992,caught,1,decode
9879,truncation,4360691,25550,caught,1,decode
9880,header,792,1,caught,1,decode
9881,payload,2287043,1,caught,1,decode
9882,bit_flip,1922911,1,caught,1,decode
9883,random_bytes,599475,13,caught,1,decode
9884,zeroed_run,1593494,3475,caught,1,decode
9885,truncation,1684998,2701243,caught,1,decode
9886,header,821,1,caught,1,decode
9887,payload,3474809,1,caught,1,decode
9888,bit_flip,2008284,1,SILENT,0,decode
9889,random_bytes,3865181,10,caught,1,decode
9890,zeroed_run,2511852,96,caught,1,decode
9891,truncation,93088,4293153,caught,1,decode
9892,header,600,1,caught,1,decode
9893,payload,2466870,1,caught,1,decode
9894,bit_flip,1895726,1,caught,1,decode
9895,random_bytes,2103993,10,caught,1,decode
9896,zeroed_run,3444938,611,caught,1,decode
9897,truncation,1208853,3177388,caught,1,decode
9898,header,95,1,caught,1,decode
9899,payload,3681406,1,caught,1,decode
9900,bit_flip,354695,1,caught,1,decode
9901,random_bytes,2353967,6,caught,1,decode
9902,zeroed_run,1970391,2691,caught,1,decode
9903,truncation,3058121,1328120,caught,1,decode
9904,header,664,1,caught,1,decode
9905,payload,2232388,1,caught,1,decode
9906,bit_flip,3274941,1,caught,1,decode
9907,random_bytes,6808,5,caught,1,decode
9908,zeroed_run,3016990,3825,caught,1,decode
9909,truncation,3190956,1195285,caught,1,decode
9910,header,724,1,SILENT,0,decode
9911,payload,209442,1,SILENT,0,decode
9912,bit_flip,4296321,1,caught,1,decode
9913,random_bytes,3981099,1,caught,1,decode
9914,zeroed_run,2464018,1263,caught,1,decode
9915,truncation,1070298,3315943,caught,1,decode
9916,header,101,1,SILENT,0,decode
9917,payload,2203682,1,caught,1,decode
9918,bit_flip,1164199,1,caught,1,decode
9919,random_bytes,4041407,6,caught,1,decode
9920,zeroed_run,1487189,2371,caught,1,decode
9921,truncation,1657743,2728498,caught,1,decode
9922,header,436,1,harmless,0,decode
9923,payload,2007644,1,SILENT,0,decode
9924,bit_flip,1362278,1,caught,1,decode
9925,random_bytes,2475986,1,caught,1,decode
9926,zeroed_run,4035032,3833,caught,1,decode
9927,truncation,3026339,1359902,caught,1,decode
9928,header,360,1,caught,1,decode
9929,payload,3841733,1,caught,1,decode
9930,bit_flip,1646742,1,caught,1,decode
9931,random_bytes,4151695,13,caught,1,decode
9932,zeroed_run,2553152,527,caught,1,decode
9933,truncation,2503498,1882743,caught,1,decode
9934,header,933,1,SILENT,0,decode
9935,payload,3726939,1,caught,1,decode
9936,bit_flip,701295,1,caught,1,decode
9937,random_bytes,1194130,15,SILENT,0,decode
9938,zeroed_run,4289501,390,caught,1,decode
9939,truncation,3545024,841217,caught,1,decode
9940,header,864,1,caught,1,decode
9941,payload,2025587,1,SILENT,0,decode
9942,bit_flip,336043,1,caught,1,decode
9943,random_bytes,2797305,2,caught,1,decode
9944,zeroed_run,974101,1866,SILENT,0,decode
9945,truncation,1469019,2917222,caught,1,decode
9946,header,690,1,caught,1,decode
9947,payload,3251993,1,caught,1,decode
9948,bit_flip,39280,1,caught,1,decode
9949,random_bytes,1677836,10,caught,1,decode
9950,zeroed_run,2646492,3531,caught,1,decode
9951,truncation,163294,4222947,caught,1,decode
9952,header,1009,1,caught,1,decode
9953,payload,1374737,1,caught,1,decode
9954,bit_flip,4111677,1,caught,1,decode
9955,random_bytes,287541,6,caught,1,decode
9956,zeroed_run,2082482,3329,caught,1,decode
9957,truncation,1190536,3195705,caught,1,decode
9958,header,756,1,caught,1,decode
9959,payload,1745021,1,caught,1,decode
9960,bit_flip,546600,1,caught,1,decode
9961,random_bytes,3941137,8,caught,1,decode
9962,zeroed_run,2817147,1391,caught,1,decode
9963,truncation,155574,4230667,caught,1,decode
9964,header,328,1,caught,1,decode
9965,payload,890615,1,caught,1,decode
9966,bit_flip,1603528,1,caught,1,decode
9967,random_bytes,1101829,6,caught,1,decode
9968,zeroed_run,981606,3545,caught,1,decode
9969,truncation,2714094,1672147,caught,1,decode
9970,header,314,1,caught,1,decode
9971,payload,963735,1,SILENT,0,decode
9972,bit_flip,3935254,1,caught,1,decode
9973,random_bytes,1998669,5,caught,1,decode
9974,zeroed_run,493468,1317,caught,1,decode
9975,truncation,3485415,900826,caught,1,decode
9976,header,643,1,caught,1,decode
9977,payload,1509301,1,caught,1,decode
9978,bit_flip,3191175,1,caught,1,decode
9979,random_bytes,4135196,9,caught,1,decode
9980,zeroed_run,3652109,3831,caught,1,decode
9981,truncation,4320260,65981,caught,1,decode
9982,header,176,1,caught,1,decode
9983,payload,1111948,1,caught,1,decode
9984,bit_flip,3666399,1,caught,1,decode
9985,random_bytes,3563753,1,caught,1,decode
9986,zeroed_run,231217,768,caught,1,decode
9987,truncation,1856963,2529278,caught,1,decode
9988,header,245,1,caught,1,decode
9989,payload,1914630,1,caught,1,decode
9990,bit_flip,566580,1,caught,1,decode
9991,random_bytes,2863081,11,caught,1,decode
9992,zeroed_run,510621,3628,caught,1,decode
9993,truncation,2097598,2288643,caught,1,decode
9994,header,486,1,SILENT,0,decode
9995,payload,3334981,1,caught,1,decode
9996,bit_flip,2333864,1,caught,1,decode
9997,random_bytes,2855061,8,caught,1,decode
9998,zeroed_run,1580616,1604,caught,1,decode
9999,truncation,789922,3596319,caught,1,decode
